Chord Rotation [rads],Moment [kN-mm]
0,0
-7.673700e-06,-4.783300e+02
4.732700e-06,2.950100e+02
-1.184100e-05,-7.380900e+02
1.666900e-06,1.039000e+02
3.446800e-07,2.148500e+01
-6.603000e-06,-4.115900e+02
1.278800e-05,7.971200e+02
8.181600e-06,5.099900e+02
2.198600e-08,1.370500e+00
-1.286700e-06,-8.020500e+01
2.024500e-06,1.261900e+02
-2.008100e-06,-1.251700e+02
1.345800e-05,8.388900e+02
4.704900e-06,2.932700e+02
6.838500e-06,4.262700e+02
4.933200e-07,3.075000e+01
9.101800e-06,5.673500e+02
1.603900e-06,9.997700e+01
-1.493900e-06,-9.312000e+01
-5.251800e-06,-3.273600e+02
-2.494600e-07,-1.555000e+01
4.921100e-06,3.067500e+02
2.913500e-06,1.816100e+02
4.704900e-06,2.932700e+02
1.058700e-06,6.599300e+01
-6.819200e-06,-4.250700e+02
-2.252100e-06,-1.403800e+02
-7.663700e-06,-4.777100e+02
2.547500e-06,1.588000e+02
5.431800e-06,3.385800e+02
4.284300e-07,2.670600e+01
-6.580300e-06,-4.101700e+02
-8.898700e-06,-5.546900e+02
-8.860100e-07,-5.522800e+01
-1.166200e-05,-7.269400e+02
-1.313700e-06,-8.188800e+01
1.306600e-06,8.144500e+01
1.975500e-06,1.231400e+02
2.119800e-05,1.321400e+03
-7.887100e-06,-4.916300e+02
-1.818900e-06,-1.133800e+02
2.406900e-06,1.500300e+02
6.788700e-06,4.231700e+02
-5.875700e-06,-3.662500e+02
4.992300e-06,3.111900e+02
-5.113300e-07,-3.187300e+01
1.071200e-06,6.677200e+01
-1.244600e-06,-7.758100e+01
-1.533200e-06,-9.557000e+01
-1.477900e-05,-9.212300e+02
1.975700e-06,1.231500e+02
-2.158500e-06,-1.345500e+02
-3.529500e-06,-2.200100e+02
-2.851500e-06,-1.777400e+02
-1.300500e-06,-8.106500e+01
7.646500e-06,4.766400e+02
1.143800e-05,7.129700e+02
1.304600e-05,8.132100e+02
2.137800e-06,1.332600e+02
-5.486300e-06,-3.419800e+02
4.273400e-06,2.663800e+02
3.611900e-06,2.251400e+02
1.314900e-06,8.196300e+01
-5.988900e-06,-3.733100e+02
1.465900e-05,9.137500e+02
4.784700e-07,2.982500e+01
-8.753400e-06,-5.456300e+02
1.165400e-05,7.264400e+02
-2.754900e-06,-1.717200e+02
-6.309200e-07,-3.932800e+01
2.592400e-06,1.615900e+02
-1.220000e-05,-7.604700e+02
3.206700e-06,1.998900e+02
8.205800e-06,5.115000e+02
-1.761000e-05,-1.097700e+03
7.589800e-07,4.731000e+01
4.222000e-06,2.631700e+02
-2.906300e-06,-1.811600e+02
1.419800e-05,8.850100e+02
7.893300e-06,4.920200e+02
-1.703900e-05,-1.062100e+03
-1.062200e-05,-6.621100e+02
3.403800e-06,2.121700e+02
3.168100e-06,1.974800e+02
-1.504700e-06,-9.379400e+01
1.216700e-06,7.584100e+01
7.971600e-06,4.969000e+02
-3.024200e-06,-1.885100e+02
2.788100e-06,1.737900e+02
-2.803000e-06,-1.747200e+02
-1.436500e-05,-8.954200e+02
1.411800e-06,8.800300e+01
1.737800e-05,1.083200e+03
2.240400e-06,1.396500e+02
3.168000e-06,1.974700e+02
2.510700e-06,1.565000e+02
-1.058600e-05,-6.598700e+02
-2.080100e-06,-1.296600e+02
6.524100e-06,4.066700e+02
3.432800e-07,2.139800e+01
-7.341100e-07,-4.576000e+01
4.497900e-06,2.803700e+02
-2.411700e-06,-1.503300e+02
3.099400e-06,1.932000e+02
-1.291700e-05,-8.051700e+02
9.968900e-07,6.214000e+01
-6.990100e-07,-4.357200e+01
-1.335600e-06,-8.325300e+01
7.513300e-06,4.683300e+02
1.205400e-05,7.513700e+02
-6.198000e-06,-3.863400e+02
-1.802200e-06,-1.123400e+02
3.164300e-05,1.972400e+03
5.513400e-06,3.436700e+02
1.140700e-05,7.110400e+02
1.055100e-05,6.576800e+02
4.090600e-06,2.549800e+02
5.235300e-06,3.263400e+02
7.075000e-06,4.410100e+02
1.558200e-05,9.712800e+02
9.197200e-06,5.733000e+02
1.015100e-05,6.327500e+02
6.501500e-06,4.052600e+02
1.989100e-05,1.239900e+03
6.265100e-06,3.905300e+02
1.748400e-05,1.089800e+03
8.231500e-06,5.131000e+02
2.408200e-05,1.501100e+03
1.566000e-05,9.761500e+02
1.579600e-05,9.846200e+02
3.054400e-05,1.903900e+03
1.641100e-05,1.023000e+03
2.453200e-05,1.529200e+03
2.027900e-05,1.264100e+03
1.809200e-05,1.127700e+03
1.612600e-05,1.005200e+03
1.338100e-05,8.340900e+02
2.473600e-05,1.541900e+03
2.498500e-05,1.557400e+03
7.849900e-06,4.893100e+02
2.694100e-05,1.679300e+03
2.169100e-05,1.352100e+03
3.075700e-05,1.917200e+03
1.855900e-05,1.156900e+03
1.132200e-05,7.057400e+02
2.122900e-05,1.323300e+03
2.082900e-05,1.298300e+03
3.023600e-05,1.884700e+03
2.816500e-05,1.755600e+03
3.659400e-05,2281
4.116000e-05,2.565700e+03
3.205300e-05,1998
2.247700e-05,1.401100e+03
2.827500e-05,1.762500e+03
2.840000e-05,1.770300e+03
2.539200e-05,1.582800e+03
2.485900e-05,1.549600e+03
3.094700e-05,1929
3.252900e-05,2.027700e+03
3.137100e-05,1.955500e+03
3.102500e-05,1.933900e+03
3.310800e-05,2.063700e+03
2.505200e-05,1.561600e+03
3.362000e-05,2.095700e+03
4.640400e-05,2.892500e+03
5.068400e-05,3.159300e+03
3.896300e-05,2.428700e+03
5.213500e-05,3.249800e+03
4.442600e-05,2.769200e+03
4.062900e-05,2.532600e+03
2.983300e-05,1.859600e+03
5.090400e-05,3173
3.803000e-05,2.370600e+03
2.743300e-05,1710
4.081200e-05,2544
4.499800e-05,2.804900e+03
3.740100e-05,2.331300e+03
4.531900e-05,2.824900e+03
5.113600e-05,3.187500e+03
4.856800e-05,3.027400e+03
5.004400e-05,3.119400e+03
5.086400e-05,3.170500e+03
4.498300e-05,2804
3.921100e-05,2.444200e+03
4.010600e-05,2500
4.268700e-05,2.660800e+03
4.098800e-05,2.554900e+03
3.364000e-05,2.096900e+03
4.956700e-05,3.089700e+03
3.631700e-05,2.263800e+03
3.939300e-05,2.455500e+03
3.752500e-05,2.339100e+03
4.458500e-05,2.779200e+03
7.225800e-05,4.504100e+03
4.926400e-05,3.070800e+03
4.997400e-05,3.115100e+03
4.441600e-05,2.768600e+03
4.341500e-05,2.706200e+03
3.472000e-05,2.164200e+03
3.932300e-05,2.451200e+03
4.688900e-05,2.922800e+03
3.581900e-05,2.232700e+03
4.159700e-05,2.592900e+03
3.641000e-05,2.269600e+03
4.994000e-05,3.112900e+03
2.391500e-05,1.490700e+03
5.450300e-05,3.397400e+03
4.990200e-05,3.110600e+03
4.988300e-05,3.109400e+03
4.848300e-05,3.022100e+03
4.173700e-05,2.601600e+03
3.921500e-05,2.444400e+03
3.706600e-05,2.310500e+03
4.679300e-05,2.916800e+03
4.160100e-05,2.593100e+03
3.444400e-05,2147
4.164300e-05,2.595800e+03
5.061800e-05,3.155200e+03
4.271400e-05,2.662500e+03
5.335000e-05,3.325500e+03
5.278800e-05,3.290500e+03
5.251500e-05,3.273500e+03
4.499400e-05,2.804600e+03
4.927400e-05,3.071400e+03
4.691600e-05,2.924500e+03
4.394700e-05,2.739400e+03
4.826600e-05,3.008600e+03
5.135400e-05,3.201100e+03
5.989800e-05,3.733700e+03
4.842800e-05,3.018700e+03
4.086200e-05,2.547100e+03
5.673200e-05,3.536300e+03
4.685100e-05,2.920400e+03
4.973900e-05,3.100400e+03
5.134500e-05,3.200500e+03
5.146900e-05,3.208300e+03
3.945000e-05,2.459100e+03
5.042200e-05,3143
4.869200e-05,3.035200e+03
4.326400e-05,2.696800e+03
4.682100e-05,2.918500e+03
4.653900e-05,2901
4.587700e-05,2.859700e+03
3.930800e-05,2.450200e+03
4.498400e-05,2804
5.215600e-05,3.251100e+03
3.861200e-05,2.406800e+03
3.973100e-05,2.476600e+03
4.200600e-05,2.618400e+03
5.016000e-05,3.126700e+03
3.619000e-05,2.255900e+03
3.769900e-05,2.349900e+03
3.977800e-05,2.479500e+03
3.596500e-05,2.241800e+03
5.060200e-05,3.154200e+03
4.403200e-05,2.744700e+03
4.442500e-05,2.769200e+03
4.975400e-05,3.101400e+03
5.273100e-05,3.286900e+03
5.551200e-05,3.460300e+03
4.393400e-05,2.738600e+03
5.487800e-05,3.420800e+03
5.105900e-05,3.182700e+03
4.522200e-05,2.818900e+03
5.302600e-05,3.305300e+03
3.670600e-05,2288
5.479400e-05,3.415500e+03
3.191700e-05,1.989500e+03
4.720600e-05,2.942500e+03
4.906300e-05,3.058300e+03
4.341800e-05,2.706400e+03
3.537900e-05,2.205300e+03
4.798200e-05,2.990900e+03
4.735200e-05,2.951600e+03
4.261600e-05,2.656400e+03
4.322000e-05,2.694100e+03
4.807000e-05,2.996400e+03
5.108500e-05,3.184300e+03
3.920200e-05,2.443600e+03
3.321800e-05,2.070600e+03
3.888000e-05,2.423500e+03
3.918500e-05,2.442500e+03
3.556200e-05,2.216700e+03
3.425500e-05,2.135200e+03
5.201200e-05,3.242100e+03
3.967900e-05,2.473300e+03
3.192200e-05,1.989800e+03
3.873200e-05,2.414300e+03
4.928500e-05,3.072100e+03
4.885100e-05,3.045100e+03
4.873900e-05,3.038100e+03
4.103600e-05,2.557900e+03
4.120800e-05,2.568600e+03
5.144200e-05,3.206600e+03
4.917800e-05,3.065400e+03
5.992400e-05,3.735300e+03
3.881900e-05,2.419700e+03
3.842500e-05,2.395200e+03
4.677800e-05,2.915800e+03
3.990300e-05,2.487300e+03
4.742800e-05,2.956400e+03
3.659000e-05,2.280800e+03
4.077000e-05,2.541300e+03
3.897600e-05,2.429500e+03
4.225600e-05,2634
4.787300e-05,2.984100e+03
3.208100e-05,1.999700e+03
4.515200e-05,2.814500e+03
4.665300e-05,2.908100e+03
3.169500e-05,1.975700e+03
4.286000e-05,2.671600e+03
5.293200e-05,3.299500e+03
4.157700e-05,2.591700e+03
3.983400e-05,2483
4.341400e-05,2.706200e+03
5.177800e-05,3.227500e+03
3.790800e-05,2.362900e+03
4.397900e-05,2.741400e+03
4.685800e-05,2.920800e+03
4.914400e-05,3.063300e+03
4.588600e-05,2.860200e+03
3.578800e-05,2.230800e+03
4.771700e-05,2.974400e+03
3.533700e-05,2.202700e+03
6.041700e-05,3766
4.494800e-05,2.801800e+03
2.606000e-05,1.624400e+03
4.016500e-05,2.503600e+03
4.051000e-05,2.525100e+03
2.676500e-05,1.668400e+03
3.372000e-05,2.101900e+03
5.997900e-05,3.738700e+03
5.240600e-05,3.266700e+03
3.984000e-05,2.483400e+03
4.309400e-05,2.686200e+03
4.689400e-05,2.923100e+03
5.349800e-05,3.334700e+03
4.236700e-05,2.640900e+03
3.285300e-05,2.047900e+03
5.734400e-05,3.574500e+03
5.416200e-05,3.376100e+03
4.894500e-05,3.050900e+03
3.907100e-05,2.435400e+03
3.627000e-05,2.260800e+03
2.460200e-05,1.533500e+03
4.368900e-05,2.723300e+03
5.211300e-05,3.248400e+03
4.547000e-05,2.834300e+03
4.390300e-05,2.736600e+03
3.826300e-05,2.385100e+03
5.216000e-05,3.251300e+03
4.751900e-05,2962
2.869700e-05,1.788800e+03
4.665900e-05,2.908400e+03
5.130100e-05,3.197800e+03
4.297100e-05,2.678500e+03
3.673400e-05,2.289800e+03
4.981000e-05,3.104800e+03
3.408200e-05,2.124500e+03
3.630800e-05,2.263200e+03
4.620600e-05,2.880200e+03
5.781200e-05,3.603600e+03
4.468500e-05,2.785400e+03
5.566400e-05,3.469700e+03
4.254300e-05,2.651900e+03
4.440200e-05,2.767700e+03
3.439300e-05,2.143800e+03
3.056800e-05,1.905400e+03
4.152800e-05,2.588600e+03
3.897500e-05,2.429500e+03
3.447500e-05,2149
2.060800e-05,1.284600e+03
1.078400e-05,6.722100e+02
2.821100e-05,1.758500e+03
2.847800e-05,1.775100e+03
6.239800e-06,3.889500e+02
1.313400e-05,8.186900e+02
5.639000e-06,3.515000e+02
1.455400e-05,9.072100e+02
1.755900e-05,1.094500e+03
1.577600e-05,9.833800e+02
9.860500e-06,6.146400e+02
3.048900e-05,1.900500e+03
2.124300e-05,1.324200e+03
2.554600e-05,1.592400e+03
5.004100e-06,3.119200e+02
1.657000e-05,1.032900e+03
5.865800e-05,3.656400e+03
5.683300e-05,3.542600e+03
4.977500e-05,3.102700e+03
1.043200e-04,6.502700e+03
1.293100e-04,8.060400e+03
1.499300e-04,9.345700e+03
2.495900e-04,15558
2.647900e-04,16505
3.518000e-04,21929
3.981400e-04,24818
4.606900e-04,28717
5.480800e-04,34164
5.643700e-04,35179
6.007000e-04,37626
7.186100e-04,44621
7.869700e-04,47836
8.156300e-04,49569
9.175800e-04,54955
9.127300e-04,56556
9.458800e-04,58647
1.017400e-03,63208
1.075100e-03,6.476300e+04
1.076600e-03,66576
1.123600e-03,67302
1.135900e-03,69494
1.179000e-03,73483
1.215700e-03,74260
1.229800e-03,74776
1.255100e-03,77942
1.320800e-03,79282
1.341400e-03,81200
1.357600e-03,85060
1.430100e-03,88402
1.450100e-03,90019
1.555400e-03,94611
1.547900e-03,95428
1.648600e-03,98372
1.713000e-03,104120
1.776800e-03,106120
1.759000e-03,107030
1.887100e-03,114040
1.909800e-03,113640
1.949200e-03,116610
2.022600e-03,120310
2.098000e-03,122860
2.111000e-03,124670
2.192400e-03,128500
2.190200e-03,130220
2.235700e-03,132710
2.322800e-03,136860
2.341200e-03,138730
2.360500e-03,138740
2.450100e-03,142600
2.451100e-03,143880
2.466200e-03,146710
2.549000e-03,149030
2.556000e-03,149900
2.574000e-03,154380
2.608800e-03,153730
2.656100e-03,156600
2.692100e-03,159590
2.772400e-03,163190
2.835900e-03,163840
2.864700e-03,166950
2.917200e-03,169350
2.937800e-03,171800
3.030100e-03,176820
3.089400e-03,178070
3.121400e-03,179450
3.202500e-03,183150
3.212100e-03,184380
3.287800e-03,186940
3.374700e-03,191180
3.430600e-03,192960
3.453300e-03,193740
3.526600e-03,196760
3.528000e-03,198510
3.578000e-03,199190
3.687000e-03,203730
3.691200e-03,203460
3.741900e-03,208260
3.780500e-03,206760
3.796800e-03,208770
3.834400e-03,211660
3.908300e-03,213510
3.944200e-03,214170
3.952900e-03,217740
4.030400e-03,217670
4.056700e-03,219980
4.137800e-03,224400
4.173800e-03,225630
4.221400e-03,226340
4.352600e-03,230030
4.356300e-03,229740
4.386900e-03,232630
4.511500e-03,237200
4.546900e-03,239440
4.552700e-03,238060
4.631800e-03,242790
4.672600e-03,241480
4.687000e-03,243760
4.773800e-03,248920
4.829200e-03,249170
4.834400e-03,250200
4.949000e-03,253090
4.952400e-03,253600
4.993500e-03,255230
5.073800e-03,2.595200e+05
5.128900e-03,260190
5.131700e-03,2.611700e+05
5.220100e-03,263550
5.232400e-03,265420
5.274600e-03,265630
5.342300e-03,268700
5.367800e-03,269140
5.457500e-03,273370
5.484700e-03,272110
5.507200e-03,273830
5.621400e-03,279860
5.640800e-03,279570
5.665700e-03,278880
5.766600e-03,284080
5.801100e-03,282670
5.834600e-03,284510
5.908300e-03,290240
5.996500e-03,291570
5.976500e-03,291910
6.098500e-03,295040
6.136600e-03,296100
6.150300e-03,297220
6.258000e-03,300920
6.311400e-03,302050
6.330100e-03,302820
6.411800e-03,305490
6.445600e-03,306960
6.507800e-03,310020
6.557700e-03,310470
6.573700e-03,311210
6.647100e-03,313630
6.680700e-03,313560
6.705700e-03,315360
6.807500e-03,318980
6.831400e-03,319160
6.851100e-03,319560
6.936500e-03,323660
6.978700e-03,322510
7.025800e-03,324430
7.126100e-03,329690
7.164300e-03,331300
7.177300e-03,330680
7.259800e-03,333870
7.274500e-03,332130
7.327900e-03,333840
7.409400e-03,339710
7.483500e-03,341680
7.491200e-03,339370
7.597000e-03,344990
7.605100e-03,343140
7.641100e-03,344200
7.762000e-03,348490
7.791900e-03,349650
7.804600e-03,350610
7.877800e-03,351950
7.910000e-03,353690
7.945500e-03,355700
8.053100e-03,357380
8.069900e-03,357560
8.076200e-03,357850
8.154600e-03,360780
8.186900e-03,361450
8.259000e-03,363880
8.320500e-03,366270
8.364500e-03,365390
8.431400e-03,369110
8.470700e-03,368200
8.512400e-03,369260
8.598300e-03,375240
8.649300e-03,376270
8.689000e-03,374810
8.773800e-03,380140
8.802700e-03,378400
8.840600e-03,378350
8.938300e-03,383390
8.978800e-03,384850
9.006000e-03,383600
9.083400e-03,385800
9.087800e-03,387180
9.167200e-03,389150
9.261700e-03,392010
9.295000e-03,391050
9.290600e-03,391550
9.385800e-03,394040
9.410500e-03,395230
9.496200e-03,399050
9.540900e-03,397100
9.587300e-03,397540
9.672200e-03,401550
9.678800e-03,400880
9.735200e-03,401370
9.805300e-03,406660
9.866200e-03,407370
9.908700e-03,406050
9.985600e-03,410500
1.002500e-02,409460
1.003600e-02,409810
1.007400e-02,412010
1.016600e-02,413980
1.018600e-02,413650
1.027400e-02,416910
1.030200e-02,416150
1.034300e-02,416680
1.041500e-02,420400
1.047200e-02,421230
1.052000e-02,420160
1.056800e-02,423080
1.060800e-02,423420
1.065800e-02,423460
1.074300e-02,426330
1.080100e-02,426200
1.080500e-02,426850
1.087700e-02,427410
1.094100e-02,428950
1.097000e-02,430230
1.107900e-02,432190
1.112800e-02,432310
1.116800e-02,432920
1.123400e-02,434750
1.126200e-02,435220
1.130100e-02,436220
1.139200e-02,437460
1.141400e-02,436070
1.150900e-02,440280
1.152100e-02,438730
1.158600e-02,438860
1.167800e-02,442980
1.170800e-02,443890
1.172900e-02,443390
1.184900e-02,445710
1.185300e-02,446180
1.189300e-02,446710
1.198700e-02,449320
1.202900e-02,448140
1.205900e-02,448970
1.216300e-02,452070
1.218100e-02,451630
1.223800e-02,452720
1.234100e-02,454700
1.235300e-02,453520
1.240100e-02,455120
1.247000e-02,455400
1.250800e-02,456520
1.260300e-02,460460
1.265200e-02,460190
1.271400e-02,459720
1.277200e-02,462210
1.278800e-02,461620
1.284400e-02,460840
1.295300e-02,465310
1.300300e-02,463490
1.303100e-02,462310
1.306400e-02,464930
1.311900e-02,463630
1.316000e-02,464770
1.323000e-02,468880
1.328200e-02,469340
1.330400e-02,467090
1.340600e-02,469740
1.343500e-02,468460
1.348800e-02,468860
1.359000e-02,474080
1.359900e-02,472730
1.364100e-02,471260
1.376200e-02,475310
1.378400e-02,475450
1.383100e-02,475600
1.390800e-02,477140
1.392800e-02,476380
1.400300e-02,479160
1.405000e-02,478140
1.410100e-02,478830
1.417800e-02,481580
1.424600e-02,482360
1.429800e-02,481060
1.436100e-02,482490
1.440700e-02,482010
1.446300e-02,482730
1.455900e-02,485070
1.460300e-02,485380
1.463000e-02,484140
1.471100e-02,485550
1.474000e-02,485180
1.480400e-02,485620
1.489500e-02,489290
1.491500e-02,487900
1.494500e-02,487130
1.506200e-02,489950
1.507700e-02,490040
1.510300e-02,488560
1.520000e-02,492740
1.525200e-02,490600
1.528300e-02,492550
1.535800e-02,491660
1.539500e-02,492680
1.550500e-02,496450
1.553100e-02,495560
1.559000e-02,494290
1.560100e-02,495180
1.569100e-02,495170
1.571700e-02,495270
1.576700e-02,499020
1.583900e-02,499580
1.587600e-02,497630
1.592000e-02,499200
1.599000e-02,498340
1.605400e-02,500790
1.609500e-02,501930
1.618800e-02,504090
1.620700e-02,501600
1.629500e-02,504080
1.630600e-02,501840
1.637400e-02,502690
1.642800e-02,506790
1.648800e-02,505940
1.652200e-02,506350
1.662200e-02,507550
1.663600e-02,507720
1.667100e-02,508140
1.678200e-02,509480
1.677700e-02,509420
1.679900e-02,509680
1.678300e-02,509490
1.678500e-02,509510
1.679000e-02,509570
1.680100e-02,509700
1.680400e-02,509740
1.679100e-02,509580
1.679300e-02,509610
1.680100e-02,509700
1.679300e-02,509610
1.681000e-02,509810
1.679300e-02,509610
1.680800e-02,509790
1.680200e-02,509720
1.680000e-02,509690
1.681300e-02,509850
1.680100e-02,509700
1.680200e-02,509720
1.680500e-02,509750
1.680400e-02,509740
1.680200e-02,509720
1.681100e-02,509830
1.680400e-02,509740
1.680200e-02,509720
1.680100e-02,509700
1.678800e-02,509550
1.681500e-02,509870
1.680300e-02,509730
1.680700e-02,509780
1.680000e-02,509690
1.680500e-02,509750
1.680300e-02,509730
1.680500e-02,509750
1.681800e-02,509910
1.681100e-02,509830
1.682500e-02,509990
1.684700e-02,510260
1.683100e-02,510070
1.684200e-02,510200
1.685600e-02,510370
1.686400e-02,510460
1.688300e-02,510690
1.688200e-02,510680
1.686400e-02,510460
1.690400e-02,510940
1.690900e-02,511000
1.690300e-02,510930
1.692600e-02,511210
1.692100e-02,511150
1.693000e-02,511260
1.694000e-02,511380
1.694900e-02,511490
1.695000e-02,511500
1.693900e-02,509580
1.695300e-02,510530
1.692600e-02,508700
1.686600e-02,504620
1.686100e-02,504280
1.681900e-02,501430
1.677200e-02,498240
1.676600e-02,497830
1.675700e-02,497220
1.669000e-02,492680
1.666900e-02,491250
1.659100e-02,485950
1.655600e-02,483580
1.652800e-02,481680
1.647800e-02,478280
1.643800e-02,475570
1.643100e-02,475090
1.637500e-02,471290
1.631600e-02,467290
1.630000e-02,466200
1.626800e-02,464030
1.623900e-02,462060
1.617900e-02,457990
1.614500e-02,455680
1.608500e-02,451610
1.606000e-02,449910
1.596800e-02,443660
1.595300e-02,442650
1.591400e-02,440000
1.582900e-02,434230
1.579800e-02,432120
1.576300e-02,429750
1.571200e-02,426290
1.567000e-02,423440
1.562800e-02,420590
1.554900e-02,415220
1.551200e-02,412710
1.549300e-02,411420
1.541900e-02,406400
1.540500e-02,405450
1.533900e-02,400970
1.528800e-02,397510
1.527400e-02,396560
1.520300e-02,391740
1.520100e-02,391600
1.512700e-02,386580
1.506800e-02,382570
1.503000e-02,379990
1.501000e-02,378630
1.493700e-02,373680
1.491500e-02,371470
1.489200e-02,370590
1.483600e-02,366640
1.475900e-02,363590
1.476200e-02,362570
1.468700e-02,357980
1.465900e-02,356030
1.462400e-02,353700
1.453100e-02,348680
1.450400e-02,346530
1.449400e-02,345160
1.442300e-02,341970
1.438700e-02,340200
1.436400e-02,337820
1.426000e-02,332890
1.423700e-02,331870
1.420800e-02,329560
1.414000e-02,326160
1.410900e-02,323550
1.406300e-02,321080
1.399900e-02,316700
1.396200e-02,315690
1.389400e-02,311190
1.388500e-02,310790
1.383600e-02,307460
1.378900e-02,304140
1.370800e-02,301070
1.368500e-02,300200
1.362500e-02,294550
1.360900e-02,293600
1.353400e-02,291580
1.346000e-02,287320
1.344800e-02,285630
1.342800e-02,283600
1.334400e-02,280470
1.331400e-02,277220
1.324200e-02,274520
1.316700e-02,270310
1.313900e-02,269040
1.312600e-02,267210
1.302000e-02,263700
1.298800e-02,261260
1.290500e-02,2.562200e+05
1.288400e-02,254060
1.283300e-02,252550
1.278700e-02,249180
1.276900e-02,248100
1.272300e-02,245070
1.265700e-02,241690
1.255500e-02,237960
1.256500e-02,237150
1.246600e-02,232920
1.245600e-02,231390
1.243700e-02,229110
1.233100e-02,225240
1.231300e-02,223600
1.226700e-02,222170
1.221700e-02,218300
1.218600e-02,216710
1.214600e-02,214600
1.205400e-02,208570
1.201600e-02,206880
1.199900e-02,205470
1.190600e-02,201110
1.189300e-02,199350
1.187600e-02,198300
1.177500e-02,192330
1.173600e-02,191490
1.171600e-02,189440
1.163400e-02,186000
1.162500e-02,183420
1.156600e-02,180920
1.146300e-02,177290
1.144000e-02,175970
1.142300e-02,173070
1.135100e-02,171620
1.131400e-02,168250
1.124100e-02,163930
1.121100e-02,161870
1.118600e-02,160130
1.110100e-02,154730
1.105700e-02,153820
1.101700e-02,152400
1.091700e-02,146700
1.088200e-02,144930
1.087800e-02,143930
1.082300e-02,140310
1.080100e-02,139240
1.076300e-02,136690
1.065300e-02,133340
1.063800e-02,132400
1.061500e-02,1.287000e+05
1.053400e-02,127460
1.052800e-02,125050
1.050100e-02,122170
1.041000e-02,118700
1.038100e-02,117590
1.036200e-02,114350
1.029200e-02,113410
1.026000e-02,110180
1.022000e-02,106780
1.015400e-02,103650
1.013600e-02,102110
1.003300e-02,97118
1.000600e-02,96424
9.985400e-03,93316
9.903300e-03,87998
9.835600e-03,85276
9.827200e-03,85901
9.733200e-03,81175
9.690800e-03,79552
9.645300e-03,75712
9.607900e-03,72270
9.538100e-03,68641
9.513400e-03,68044
9.432700e-03,62975
9.410400e-03,61970
9.395000e-03,59659
9.317100e-03,54996
9.286400e-03,53704
9.245200e-03,51859
9.195100e-03,49334
9.145400e-03,47251
9.109500e-03,44924
9.073100e-03,41151
9.037600e-03,39587
8.968700e-03,36809
8.910700e-03,35104
8.885000e-03,31957
8.831800e-03,28025
8.773400e-03,24444
8.739200e-03,23203
8.675000e-03,20020
8.605400e-03,17225
8.557300e-03,14089
8.483100e-03,8.686500e+03
8.431500e-03,6439
8.420400e-03,5.240400e+03
8.318600e-03,3.889600e+02
8.311500e-03,-7.109100e+02
8.257100e-03,-2.136600e+03
8.207300e-03,-7.883600e+03
8.121800e-03,-9.583900e+03
8.126000e-03,-11182
8.043400e-03,-13885
8.020000e-03,-16108
7.975500e-03,-19352
7.880300e-03,-21619
7.869400e-03,-23453
7.821900e-03,-27575
7.765500e-03,-28386
7.736000e-03,-31232
7.680100e-03,-34936
7.627900e-03,-37240
7.597800e-03,-37801
7.566300e-03,-41802
7.470500e-03,-44283
7.445700e-03,-46906
7.404900e-03,-51233
7.342100e-03,-54915
7.293100e-03,-55950
7.232900e-03,-59392
7.225800e-03,-59200
7.158100e-03,-62249
7.142500e-03,-65695
7.032700e-03,-70902
7.015200e-03,-70576
6.952300e-03,-75307
6.886500e-03,-76758
6.865500e-03,-80051
6.777800e-03,-85015
6.719900e-03,-86648
6.709500e-03,-88024
6.634600e-03,-90742
6.614900e-03,-92896
6.575600e-03,-95534
6.471300e-03,-99123
6.449100e-03,-100890
6.440800e-03,-101230
6.355300e-03,-105380
6.344200e-03,-107050
6.313400e-03,-110380
6.201700e-03,-113860
6.196400e-03,-115100
6.126700e-03,-120000
6.069300e-03,-120670
6.025600e-03,-122950
5.968900e-03,-126760
5.884300e-03,-131470
5.833300e-03,-132790
5.804300e-03,-135700
5.701400e-03,-139030
5.685800e-03,-141030
5.603000e-03,-145930
5.535700e-03,-148040
5.483800e-03,-149850
5.403000e-03,-153960
5.390100e-03,-155680
5.341300e-03,-157540
5.256300e-03,-162550
5.222900e-03,-163850
5.224100e-03,-164290
5.112600e-03,-168170
5.112500e-03,-169470
5.067000e-03,-171630
5.006200e-03,-175230
4.983900e-03,-175400
4.914200e-03,-179580
4.882800e-03,-179760
4.870600e-03,-182650
4.825100e-03,-186070
4.738900e-03,-189000
4.701100e-03,-189180
4.684500e-03,-193560
4.570700e-03,-194750
4.551900e-03,-198130
4.526000e-03,-199640
4.435700e-03,-204650
4.396100e-03,-204250
4.333000e-03,-209930
4.238200e-03,-210960
4.207100e-03,-214640
4.120200e-03,-219820
4.065600e-03,-221970
4.024900e-03,-221770
3.931600e-03,-227060
3.897200e-03,-227440
3.832100e-03,-230700
3.777400e-03,-234250
3.738300e-03,-234960
3.710900e-03,-237160
3.624200e-03,-238990
3.621600e-03,-240640
3.607400e-03,-242100
3.505700e-03,-244670
3.473900e-03,-245960
3.460800e-03,-247690
3.422300e-03,-250320
3.392100e-03,-252220
3.345600e-03,-255950
3.275000e-03,-2.568400e+05
3.258000e-03,-2.581500e+05
3.153100e-03,-263520
3.116800e-03,-264140
3.084000e-03,-265940
2.991300e-03,-273030
2.893500e-03,-276520
2.844300e-03,-277030
2.774400e-03,-281790
2.702700e-03,-283480
2.651300e-03,-286060
2.542200e-03,-290930
2.479800e-03,-292640
2.460900e-03,-293220
2.389300e-03,-296130
2.364400e-03,-297120
2.327000e-03,-297780
2.275800e-03,-301640
2.238400e-03,-302120
2.219800e-03,-303700
2.176300e-03,-305160
2.154800e-03,-305500
2.073000e-03,-308830
2.043800e-03,-309880
2.003800e-03,-310930
1.964600e-03,-314530
1.944800e-03,-314660
1.892500e-03,-315490
1.868800e-03,-318180
1.763600e-03,-322770
1.742700e-03,-323750
1.685200e-03,-324890
1.579000e-03,-329010
1.521900e-03,-331980
1.437000e-03,-336360
1.390900e-03,-337970
1.347100e-03,-338110
1.254200e-03,-342820
1.223700e-03,-341480
1.158800e-03,-344190
1.089800e-03,-347830
1.032300e-03,-349130
1.035500e-03,-348450
9.615900e-04,-353150
9.380700e-04,-353000
8.765400e-04,-354330
8.226600e-04,-357070
7.483500e-04,-357780
7.407600e-04,-358390
6.829900e-04,-360040
6.736400e-04,-361920
6.132900e-04,-363830
5.178400e-04,-366770
4.985800e-04,-366850
4.646200e-04,-367320
3.549200e-04,-370280
3.415800e-04,-372130
2.786600e-04,-373730
1.731800e-04,-377010
1.212100e-04,-376370
4.535500e-05,-380800
2.859700e-05,-379290
-4.558600e-05,-380970
-1.259600e-04,-384490
-2.163500e-04,-385710
-2.118100e-04,-384820
-3.120400e-04,-389270
-3.418300e-04,-388560
-3.391700e-04,-389740
-4.472500e-04,-391510
-4.714500e-04,-392920
-5.077200e-04,-393580
-5.822700e-04,-395020
-6.138900e-04,-395780
-6.512000e-04,-398310
-7.492200e-04,-400060
-7.511200e-04,-399390
-7.669300e-04,-399440
-8.824400e-04,-401360
-8.940600e-04,-402060
-9.791400e-04,-405520
-1.035500e-03,-404410
-1.107200e-03,-406000
-1.116400e-03,-406620
-1.191500e-03,-408190
-1.216600e-03,-409830
-1.248000e-03,-410100
-1.344200e-03,-413470
-1.381300e-03,-412880
-1.417500e-03,-413350
-1.490100e-03,-414710
-1.524100e-03,-414310
-1.618100e-03,-418390
-1.638900e-03,-417600
-1.658200e-03,-417650
-1.741800e-03,-420010
-1.758000e-03,-419210
-1.836300e-03,-419520
-1.920600e-03,-422930
-1.952700e-03,-422350
-1.961900e-03,-421750
-2.053300e-03,-423610
-2.073400e-03,-424830
-2.128000e-03,-424380
-2.224000e-03,-426870
-2.264600e-03,-425410
-2.285200e-03,-426040
-2.386200e-03,-426580
-2.418900e-03,-428130
-2.449200e-03,-428340
-2.541900e-03,-429640
-2.583400e-03,-429570
-2.631200e-03,-429410
-2.689700e-03,-429750
-2.707800e-03,-431120
-2.771300e-03,-431500
-2.856400e-03,-432720
-2.886700e-03,-430480
-2.986100e-03,-434250
-2.988700e-03,-432700
-3.027000e-03,-433920
-3.129800e-03,-435360
-3.159900e-03,-435390
-3.192700e-03,-434600
-3.258700e-03,-435510
-3.298900e-03,-436250
-3.377400e-03,-436040
-3.470200e-03,-437630
-3.500400e-03,-437600
-3.532500e-03,-437550
-3.597800e-03,-438330
-3.631100e-03,-437840
-3.691200e-03,-438600
-3.786600e-03,-440940
-3.789900e-03,-439580
-3.844100e-03,-438840
-3.938900e-03,-439910
-3.960700e-03,-440520
-4.020600e-03,-441380
-4.104400e-03,-442170
-4.134500e-03,-441120
-4.200100e-03,-443440
-4.245000e-03,-442480
-4.276800e-03,-442010
-4.364800e-03,-444390
-4.411100e-03,-444920
-4.459800e-03,-443210
-4.537000e-03,-444510
-4.595600e-03,-442990
-4.652700e-03,-443260
-4.707100e-03,-445310
-4.769400e-03,-444170
-4.794600e-03,-443140
-4.875300e-03,-443650
-4.904500e-03,-443800
-4.954100e-03,-443270
-5.046900e-03,-446460
-5.063300e-03,-444130
-5.097900e-03,-444100
-5.231500e-03,-445280
-5.253100e-03,-445000
-5.300500e-03,-445170
-5.394600e-03,-446290
-5.416500e-03,-445340
-5.491900e-03,-447170
-5.557000e-03,-446320
-5.589800e-03,-445780
-5.648200e-03,-448160
-5.743600e-03,-447790
-5.768800e-03,-446150
-5.811200e-03,-448110
-5.876900e-03,-447520
-5.971500e-03,-448590
-6.021900e-03,-450090
-6.085800e-03,-448740
-6.097300e-03,-447730
-6.198000e-03,-449190
-6.237400e-03,-449860
-6.271700e-03,-449410
-6.366500e-03,-452660
-6.408900e-03,-450340
-6.446500e-03,-450610
-6.533700e-03,-452460
-6.547700e-03,-451960
-6.606000e-03,-452900
-6.700000e-03,-453350
-6.718900e-03,-452950
-6.762400e-03,-451890
-6.836700e-03,-451960
-6.849600e-03,-453030
-6.916200e-03,-453460
-6.987200e-03,-454040
-7.036300e-03,-453060
-7.075300e-03,-452230
-7.153000e-03,-452800
-7.187900e-03,-452410
-7.243300e-03,-452800
-7.355400e-03,-453980
-7.373000e-03,-452110
-7.463100e-03,-453470
-7.490500e-03,-449340
-7.562800e-03,-449310
-7.635700e-03,-449790
-7.688700e-03,-449180
-7.743800e-03,-447190
-7.790700e-03,-448930
-7.836000e-03,-448820
-7.897200e-03,-449150
-7.995900e-03,-451930
-7.999200e-03,-450690
-8.034300e-03,-450910
-8.101900e-03,-451080
-8.149300e-03,-451490
-8.200400e-03,-452040
-8.295900e-03,-453200
-8.339500e-03,-452710
-8.348300e-03,-452630
-8.459300e-03,-453310
-8.474300e-03,-453480
-8.529600e-03,-454760
-8.591600e-03,-455220
-8.620800e-03,-453030
-8.694500e-03,-456660
-8.723500e-03,-454010
-8.797000e-03,-455950
-8.858100e-03,-456770
-8.908100e-03,-457420
-8.993100e-03,-455110
-9.033800e-03,-456870
-9.084800e-03,-455610
-9.130500e-03,-455320
-9.186400e-03,-457860
-9.270400e-03,-456780
-9.302900e-03,-456230
-9.372500e-03,-457440
-9.420400e-03,-456800
-9.474500e-03,-457550
-9.531400e-03,-458470
-9.600300e-03,-457140
-9.637300e-03,-456850
-9.700500e-03,-457200
-9.719000e-03,-456520
-9.789400e-03,-456830
-9.893100e-03,-458760
-9.931100e-03,-457450
-9.938900e-03,-457110
-1.004000e-02,-457230
-1.008500e-02,-456990
-1.012600e-02,-458750
-1.024600e-02,-459720
-1.031100e-02,-458060
-1.032100e-02,-456970
-1.042300e-02,-457250
-1.045800e-02,-456200
-1.052100e-02,-456710
-1.058800e-02,-457690
-1.060900e-02,-454690
-1.070800e-02,-457610
-1.075600e-02,-455180
-1.080200e-02,-455670
-1.088300e-02,-459690
-1.092100e-02,-459490
-1.095600e-02,-457000
-1.103800e-02,-459550
-1.109200e-02,-458040
-1.114100e-02,-459090
-1.123600e-02,-460560
-1.128100e-02,-460040
-1.129900e-02,-459160
-1.139700e-02,-459770
-1.142100e-02,-459490
-1.147800e-02,-458890
-1.156000e-02,-461330
-1.162200e-02,-460430
-1.164600e-02,-460590
-1.176700e-02,-460730
-1.176200e-02,-461520
-1.184600e-02,-463000
-1.188800e-02,-462380
-1.194100e-02,-460530
-1.202700e-02,-462710
-1.206100e-02,-460690
-1.211400e-02,-460440
-1.219800e-02,-464040
-1.222100e-02,-462720
-1.226800e-02,-460940
-1.235900e-02,-463170
-1.239400e-02,-462080
-1.244600e-02,-462540
-1.252300e-02,-464870
-1.260500e-02,-463610
-1.262300e-02,-462930
-1.272200e-02,-463150
-1.274700e-02,-463010
-1.276400e-02,-460950
-1.284900e-02,-464510
-1.292500e-02,-463970
-1.294600e-02,-462530
-1.304500e-02,-466230
-1.308300e-02,-464950
-1.314000e-02,-465030
-1.323700e-02,-466510
-1.327600e-02,-465430
-1.334000e-02,-465870
-1.342600e-02,-465300
-1.346100e-02,-465350
-1.351100e-02,-466140
-1.359300e-02,-466230
-1.362700e-02,-464750
-1.365400e-02,-464950
-1.373200e-02,-464830
-1.377300e-02,-465300
-1.386300e-02,-467430
-1.391000e-02,-466840
-1.395300e-02,-464310
-1.403300e-02,-466970
-1.404200e-02,-465080
-1.410100e-02,-464590
-1.416100e-02,-467760
-1.426500e-02,-467130
-1.427400e-02,-465140
-1.437900e-02,-468340
-1.439800e-02,-466670
-1.445800e-02,-466310
-1.455400e-02,-468920
-1.459300e-02,-467410
-1.462800e-02,-467720
-1.471900e-02,-467290
-1.475200e-02,-467380
-1.482000e-02,-469150
-1.489400e-02,-469400
-1.494500e-02,-467500
-1.498700e-02,-467350
-1.505000e-02,-468630
-1.507700e-02,-468050
-1.513100e-02,-468660
-1.522600e-02,-469630
-1.524900e-02,-467430
-1.534800e-02,-469400
-1.536500e-02,-466710
-1.542800e-02,-468180
-1.551300e-02,-470790
-1.556200e-02,-470130
-1.557500e-02,-467880
-1.566100e-02,-470600
-1.573200e-02,-469070
-1.575800e-02,-468840
-1.584700e-02,-471110
-1.587500e-02,-470390
-1.590500e-02,-468620
-1.602400e-02,-471780
-1.605500e-02,-470420
-1.612600e-02,-470320
-1.619300e-02,-471850
-1.627700e-02,-470150
-1.627700e-02,-469540
-1.639800e-02,-471470
-1.641200e-02,-470010
-1.648700e-02,-471950
-1.655300e-02,-472000
-1.661100e-02,-470990
-1.667200e-02,-472640
-1.672200e-02,-470560
-1.677500e-02,-470880
-1.684400e-02,-472200
-1.692200e-02,-473430
-1.696000e-02,-471270
-1.703400e-02,-471710
-1.706800e-02,-471560
-1.711500e-02,-470890
-1.721300e-02,-473510
-1.726400e-02,-472030
-1.729200e-02,-470830
-1.738100e-02,-472630
-1.743100e-02,-472410
-1.751300e-02,-473170
-1.760300e-02,-473960
-1.764800e-02,-472720
-1.766900e-02,-472590
-1.773000e-02,-474100
-1.778400e-02,-474190
-1.785200e-02,-474330
-1.794600e-02,-474530
-1.795100e-02,-474540
-1.800600e-02,-474650
-1.806800e-02,-474780
-1.808000e-02,-474810
-1.809500e-02,-474840
-1.809500e-02,-474840
-1.808300e-02,-474810
-1.809700e-02,-474840
-1.809600e-02,-474840
-1.809600e-02,-474840
-1.810100e-02,-474850
-1.809800e-02,-474850
-1.810200e-02,-474850
-1.810300e-02,-474860
-1.811000e-02,-474870
-1.812300e-02,-474900
-1.811600e-02,-474880
-1.811600e-02,-474880
-1.811300e-02,-474880
-1.813700e-02,-474930
-1.811800e-02,-474890
-1.812500e-02,-474900
-1.812100e-02,-474890
-1.812800e-02,-474910
-1.811800e-02,-474890
-1.812200e-02,-474900
-1.812000e-02,-474890
-1.811600e-02,-474880
-1.811500e-02,-474880
-1.812400e-02,-474900
-1.812400e-02,-474900
-1.812600e-02,-474900
-1.811800e-02,-474890
-1.811500e-02,-474880
-1.812900e-02,-474910
-1.813200e-02,-474920
-1.812700e-02,-474910
-1.812500e-02,-474900
-1.811900e-02,-474890
-1.811600e-02,-474880
-1.813300e-02,-474920
-1.813900e-02,-474930
-1.811700e-02,-474890
-1.812800e-02,-474910
-1.812600e-02,-474900
-1.812600e-02,-474900
-1.812600e-02,-474900
-1.812600e-02,-474900
-1.812900e-02,-474910
-1.812800e-02,-474910
-1.811500e-02,-474880
-1.813600e-02,-474930
-1.812000e-02,-474890
-1.811800e-02,-474890
-1.811700e-02,-474890
-1.812200e-02,-474900
-1.813000e-02,-474910
-1.812800e-02,-474910
-1.811900e-02,-474890
-1.812500e-02,-474900
-1.811400e-02,-474880
-1.813300e-02,-474920
-1.813200e-02,-474920
-1.812400e-02,-474900
-1.815000e-02,-474950
-1.814800e-02,-474950
-1.816600e-02,-474990
-1.817700e-02,-475010
-1.817400e-02,-475010
-1.819000e-02,-475040
-1.817400e-02,-475010
-1.818800e-02,-475030
-1.818800e-02,-475030
-1.820900e-02,-475080
-1.821100e-02,-475080
-1.821900e-02,-475100
-1.821900e-02,-475100
-1.822500e-02,-475110
-1.823300e-02,-475130
-1.823400e-02,-475130
-1.822300e-02,-474150
-1.818300e-02,-472040
-1.818100e-02,-471930
-1.816900e-02,-471300
-1.811900e-02,-468670
-1.809100e-02,-467190
-1.805900e-02,-465510
-1.801100e-02,-462980
-1.801000e-02,-462930
-1.794800e-02,-459660
-1.791700e-02,-458030
-1.789100e-02,-456660
-1.783400e-02,-453650
-1.780100e-02,-451920
-1.778800e-02,-451230
-1.771300e-02,-447280
-1.766500e-02,-444750
-1.765200e-02,-444070
-1.758000e-02,-440270
-1.753100e-02,-437690
-1.749000e-02,-435530
-1.744100e-02,-432950
-1.738800e-02,-430160
-1.737500e-02,-429470
-1.728200e-02,-424580
-1.726400e-02,-423630
-1.718800e-02,-419620
-1.710700e-02,-415360
-1.706000e-02,-412880
-1.703800e-02,-411720
-1.699600e-02,-409510
-1.695700e-02,-407450
-1.687700e-02,-403240
-1.684600e-02,-401610
-1.680400e-02,-399390
-1.670100e-02,-393970
-1.668400e-02,-393070
-1.664400e-02,-390970
-1.658400e-02,-387810
-1.652300e-02,-384590
-1.649700e-02,-383540
-1.639800e-02,-378650
-1.638900e-02,-376570
-1.636400e-02,-374220
-1.628300e-02,-370480
-1.624300e-02,-370130
-1.621800e-02,-367370
-1.613900e-02,-363820
-1.612500e-02,-362240
-1.606200e-02,-358020
-1.599800e-02,-354730
-1.593800e-02,-353230
-1.592800e-02,-350910
-1.587300e-02,-349080
-1.583200e-02,-346590
-1.580900e-02,-342280
-1.571300e-02,-338200
-1.569100e-02,-337960
-1.561900e-02,-333390
-1.558100e-02,-332170
-1.555100e-02,-329330
-1.543600e-02,-325090
-1.541000e-02,-323540
-1.539500e-02,-321960
-1.531500e-02,-318510
-1.530000e-02,-316560
-1.525900e-02,-313650
-1.517400e-02,-310690
-1.512100e-02,-308660
-1.510000e-02,-306160
-1.502100e-02,-303100
-1.498200e-02,-300420
-1.497400e-02,-296450
-1.488700e-02,-294800
-1.484100e-02,-292990
-1.482900e-02,-291030
-1.476500e-02,-286290
-1.471600e-02,-284720
-1.470500e-02,-281840
-1.463000e-02,-277920
-1.459400e-02,-276480
-1.454000e-02,-272790
-1.448800e-02,-270450
-1.445700e-02,-269820
-1.442300e-02,-265990
-1.436300e-02,-2.620400e+05
-1.431100e-02,-2.620400e+05
-1.426100e-02,-2.572100e+05
-1.422300e-02,-256070
-1.418900e-02,-254330
-1.411900e-02,-249090
-1.403200e-02,-246380
-1.403600e-02,-245760
-1.397600e-02,-242110
-1.396500e-02,-240510
-1.391300e-02,-238840
-1.380700e-02,-232700
-1.378100e-02,-231610
-1.375500e-02,-230760
-1.368800e-02,-226940
-1.364600e-02,-224760
-1.362200e-02,-221900
-1.353300e-02,-217440
-1.350800e-02,-216480
-1.345500e-02,-213140
-1.341300e-02,-211780
-1.338300e-02,-208890
-1.335400e-02,-206710
-1.325400e-02,-201540
-1.324800e-02,-202220
-1.318400e-02,-198290
-1.313200e-02,-196190
-1.309800e-02,-194290
-1.304400e-02,-188400
-1.299400e-02,-186020
-1.297000e-02,-185910
-1.285400e-02,-182030
-1.284200e-02,-180360
-1.278000e-02,-177860
-1.269200e-02,-172360
-1.264700e-02,-170330
-1.264200e-02,-168670
-1.255800e-02,-165460
-1.254200e-02,-163250
-1.247500e-02,-160670
-1.241200e-02,-157220
-1.236500e-02,-155720
-1.235000e-02,-153460
-1.228500e-02,-151130
-1.227100e-02,-148620
-1.221600e-02,-146080
-1.211800e-02,-141890
-1.208700e-02,-140370
-1.206900e-02,-139030
-1.198800e-02,-134690
-1.194900e-02,-132980
-1.190900e-02,-129870
-1.182700e-02,-127340
-1.180600e-02,-125810
-1.174500e-02,-122020
-1.171700e-02,-121490
-1.167300e-02,-119800
-1.158700e-02,-113920
-1.153700e-02,-111990
-1.151100e-02,-112560
-1.148700e-02,-110130
-1.145800e-02,-108450
-1.143100e-02,-105940
-1.133400e-02,-101340
-1.131300e-02,-99689
-1.126900e-02,-97760
-1.120700e-02,-95537
-1.119100e-02,-92229
-1.112600e-02,-90998
-1.105300e-02,-86249
-1.099500e-02,-85223
-1.098300e-02,-83908
-1.091200e-02,-79464
-1.088300e-02,-77648
-1.088000e-02,-75317
-1.076100e-02,-71147
-1.072200e-02,-70588
-1.067300e-02,-65742
-1.064000e-02,-65779
-1.060000e-02,-63558
-1.052300e-02,-57444
-1.045500e-02,-55044
-1.041000e-02,-55595
-1.036300e-02,-50329
-1.032500e-02,-50328
-1.030600e-02,-46901
-1.019600e-02,-42019
-1.017000e-02,-40920
-1.015900e-02,-39188
-1.007300e-02,-36015
-1.006600e-02,-34016
-1.001100e-02,-3.232200e+04
-9.926000e-03,-26803
-9.886500e-03,-24799
-9.858600e-03,-23256
-9.804100e-03,-20710
-9.796300e-03,-18852
-9.727200e-03,-17510
-9.661800e-03,-11721
-9.607100e-03,-10918
-9.602300e-03,-9.257500e+03
-9.512800e-03,-5.570600e+03
-9.503000e-03,-3.381100e+03
-9.441000e-03,-8.801200e+02
-9.362500e-03,2.144600e+03
-9.307200e-03,4.429300e+03
-9.306500e-03,6.610100e+03
-9.218100e-03,10162
-9.203900e-03,12667
-9.141100e-03,14227
-9.083500e-03,18318
-9.025900e-03,19209
-8.951300e-03,24045
-8.925400e-03,24279
-8.886800e-03,26909
-8.837200e-03,32156
-8.772500e-03,33259
-8.741700e-03,34411
-8.661900e-03,38991
-8.631900e-03,39813
-8.585200e-03,42891
-8.496600e-03,45768
-8.470400e-03,48091
-8.460400e-03,50039
-8.381300e-03,53278
-8.348000e-03,54920
-8.308000e-03,58009
-8.211500e-03,60914
-8.186400e-03,62228
-8.160600e-03,6.426100e+04
-8.084400e-03,68051
-8.054900e-03,70924
-7.963900e-03,73690
-7.929400e-03,76081
-7.893100e-03,76932
-7.823400e-03,81124
-7.804100e-03,81159
-7.735600e-03,84721
-7.674100e-03,89605
-7.639700e-03,91397
-7.602900e-03,92237
-7.531300e-03,96019
-7.507900e-03,97583
-7.466200e-03,100140
-7.382200e-03,104170
-7.335700e-03,106820
-7.324300e-03,107340
-7.236000e-03,109560
-7.228100e-03,110600
-7.184500e-03,112540
-7.099100e-03,118620
-7.087200e-03,119900
-7.041000e-03,120910
-6.954400e-03,124500
-6.942500e-03,126840
-6.909200e-03,1.289500e+05
-6.813100e-03,132940
-6.772300e-03,133790
-6.764300e-03,136570
-6.672600e-03,139420
-6.667100e-03,141500
-6.604900e-03,143910
-6.515200e-03,147860
-6.507500e-03,147900
-6.466600e-03,150070
-6.390700e-03,152500
-6.367800e-03,154770
-6.275400e-03,158900
-6.250500e-03,160960
-6.213300e-03,160160
-6.141400e-03,165360
-6.120600e-03,165730
-6.062600e-03,167660
-6.003900e-03,173720
-5.943300e-03,174850
-5.928000e-03,174410
-5.839900e-03,180590
-5.825400e-03,181510
-5.787300e-03,183840
-5.716400e-03,187770
-5.656400e-03,189890
-5.646500e-03,191770
-5.569200e-03,194160
-5.526200e-03,196170
-5.489600e-03,197740
-5.396100e-03,202320
-5.387600e-03,203410
-5.349200e-03,204810
-5.299400e-03,207930
-5.253600e-03,209580
-5.190900e-03,212960
-5.129200e-03,215170
-5.105300e-03,216510
-5.013800e-03,219730
-5.000400e-03,220470
-4.953600e-03,221950
-4.843600e-03,227340
-4.829500e-03,228260
-4.830100e-03,228840
-4.719300e-03,233370
-4.686600e-03,235480
-4.657300e-03,234970
-4.584600e-03,240970
-4.570400e-03,241820
-4.536400e-03,241430
-4.436700e-03,246100
-4.433500e-03,246000
-4.407100e-03,248080
-4.306100e-03,252840
-4.259500e-03,254390
-4.272400e-03,254480
-4.183300e-03,257890
-4.176100e-03,259950
-4.159400e-03,259890
-4.051800e-03,264350
-4.023200e-03,265540
-3.943400e-03,269100
-3.931000e-03,269200
-3.845200e-03,271460
-3.790400e-03,276820
-3.770800e-03,277220
-3.709000e-03,279370
-3.637300e-03,282120
-3.624600e-03,284550
-3.531900e-03,287380
-3.449700e-03,290750
-3.406300e-03,292360
-3.385000e-03,290940
-3.291900e-03,295930
-3.273200e-03,295840
-3.232100e-03,298550
-3.156500e-03,302640
-3.082200e-03,304700
-3.080700e-03,305310
-3.021900e-03,306730
-3.008500e-03,308550
-2.956200e-03,310840
-2.906200e-03,312140
-2.855600e-03,313620
-2.799600e-03,316740
-2.726800e-03,317160
-2.734200e-03,319650
-2.618100e-03,323520
-2.603600e-03,324850
-2.569200e-03,324290
-2.540800e-03,327810
-2.477500e-03,328290
-2.395600e-03,332010
-2.321400e-03,336920
-2.270500e-03,339820
-2.240800e-03,338730
-2.126400e-03,344080
-2.090000e-03,344090
-2.052700e-03,344560
-1.935200e-03,350420
-1.924900e-03,351910
-1.914100e-03,351920
-1.835800e-03,354900
-1.804600e-03,354650
-1.796100e-03,356270
-1.711600e-03,358270
-1.717100e-03,358770
-1.701900e-03,359710
-1.640600e-03,360950
-1.631000e-03,361530
-1.606900e-03,362790
-1.510800e-03,364940
-1.490800e-03,365700
-1.486400e-03,366890
-1.403600e-03,368330
-1.372100e-03,369940
-1.298500e-03,375070
-1.233400e-03,376790
-1.157400e-03,379390
-1.090500e-03,382710
-1.035900e-03,383230
-9.927500e-04,384310
-9.287200e-04,388650
-8.154600e-04,392190
-7.498800e-04,391760
-7.080800e-04,395950
-6.787300e-04,395420
-6.183700e-04,397350
-5.202300e-04,399800
-5.010000e-04,400280
-4.774700e-04,399960
-4.065000e-04,401150
-3.984900e-04,402710
-3.811500e-04,403750
-2.951600e-04,404980
-2.842100e-04,405610
-2.679200e-04,406060
-1.659500e-04,408100
-1.642000e-04,409290
-1.526700e-04,411650
-3.582400e-05,414640
-3.170400e-05,413850
8.056300e-05,418130
1.204500e-04,416870
1.748800e-04,419160
2.281300e-04,423490
3.166000e-04,425620
3.421100e-04,423860
4.346900e-04,429420
4.822200e-04,427720
5.421200e-04,428380
6.577400e-04,433440
6.817700e-04,434510
6.961500e-04,434670
7.880000e-04,437780
7.962000e-04,436500
8.564400e-04,438630
9.348300e-04,441360
9.477300e-04,442680
9.715800e-04,440910
1.070100e-03,444330
1.093200e-03,443700
1.102700e-03,444490
1.218300e-03,446220
1.222800e-03,446710
1.245900e-03,448260
1.337400e-03,448240
1.353100e-03,450490
1.413200e-03,452270
1.487500e-03,454030
1.560900e-03,454050
1.559500e-03,455950
1.658600e-03,457600
1.687100e-03,459240
1.775500e-03,462890
1.809200e-03,462990
1.863300e-03,463000
1.924600e-03,465910
1.946300e-03,465110
2.015100e-03,465430
2.128600e-03,470610
2.214700e-03,471430
2.214200e-03,470540
2.298900e-03,473280
2.307800e-03,472500
2.354800e-03,472150
2.482100e-03,476960
2.510300e-03,475450
2.527100e-03,475660
2.603200e-03,475780
2.635600e-03,477480
2.679200e-03,477440
2.732300e-03,479400
2.795700e-03,478560
2.814200e-03,479730
2.913000e-03,480930
2.936100e-03,481110
3.029300e-03,484330
3.062200e-03,484410
3.084500e-03,482050
3.174000e-03,486230
3.215400e-03,483000
3.236300e-03,483460
3.374800e-03,487030
3.403600e-03,487280
3.434500e-03,484050
3.464100e-03,485200
3.555100e-03,485430
3.629200e-03,485600
3.691300e-03,489590
3.728100e-03,489120
3.746500e-03,487040
3.850600e-03,490160
3.861600e-03,487660
3.935400e-03,488020
4.043500e-03,490890
4.075500e-03,489590
4.092600e-03,486390
4.175200e-03,489360
4.186900e-03,488990
4.230300e-03,487610
4.315700e-03,489610
4.324100e-03,489150
4.374100e-03,489580
4.447600e-03,489610
4.481600e-03,489620
4.545900e-03,491370
4.655500e-03,491480
4.704100e-03,490310
4.713000e-03,491900
4.789500e-03,491670
4.842700e-03,491860
4.895600e-03,494140
4.993900e-03,495180
5.022000e-03,493510
5.144100e-03,495520
5.165900e-03,493340
5.203300e-03,493190
5.318600e-03,497530
5.352600e-03,496530
5.372100e-03,494490
5.466600e-03,496140
5.500000e-03,495450
5.549400e-03,495380
5.627100e-03,495950
5.662200e-03,495160
5.711600e-03,495010
5.765800e-03,494830
5.797000e-03,493890
5.868300e-03,496440
5.922900e-03,496590
5.980400e-03,495680
6.011500e-03,495440
6.090300e-03,496430
6.135900e-03,495730
6.221400e-03,499240
6.261300e-03,499630
6.317300e-03,497120
6.409700e-03,500720
6.423600e-03,497440
6.499000e-03,497720
6.547600e-03,499450
6.637900e-03,500810
6.682800e-03,498370
6.738800e-03,501270
6.789400e-03,500020
6.834100e-03,498810
6.932100e-03,502780
6.984600e-03,501370
7.019300e-03,500020
7.085100e-03,501210
7.118900e-03,499870
7.179400e-03,499110
7.265200e-03,500620
7.317200e-03,500110
7.331800e-03,498460
7.435700e-03,501340
7.439300e-03,499780
7.496600e-03,499580
7.596100e-03,501390
7.633700e-03,499890
7.673000e-03,503010
7.736200e-03,501070
7.815200e-03,501160
7.855900e-03,503120
7.929200e-03,503180
7.995600e-03,501460
8.019400e-03,503130
8.141300e-03,503850
8.167400e-03,502450
8.232600e-03,505170
8.284300e-03,505430
8.351600e-03,502560
8.425700e-03,505040
8.445800e-03,503090
8.494900e-03,502380
8.603800e-03,505140
8.636600e-03,505540
8.668600e-03,503030
8.761000e-03,505370
8.774400e-03,504490
8.826700e-03,504090
8.945100e-03,505060
8.975500e-03,504910
9.022900e-03,506430
9.055700e-03,505080
9.139100e-03,505080
9.160400e-03,506390
9.234400e-03,507000
9.306800e-03,506650
9.321500e-03,507120
9.410300e-03,507600
9.441000e-03,506640
9.464000e-03,506180
9.587500e-03,508690
9.590600e-03,507990
9.688500e-03,509640
9.706400e-03,507220
9.765200e-03,506550
9.849300e-03,509920
9.885000e-03,508920
9.947900e-03,506570
1.000300e-02,509360
1.005500e-02,508370
1.010000e-02,508540
1.017400e-02,510540
1.023300e-02,509330
1.025100e-02,507390
1.034000e-02,509490
1.034800e-02,508540
1.042000e-02,508830
1.053800e-02,512860
1.055900e-02,511030
1.059400e-02,509880
1.068200e-02,510560
1.070700e-02,510700
1.076800e-02,509320
1.083900e-02,512120
1.089500e-02,509680
1.095000e-02,5.127100e+05
1.101400e-02,510800
1.104800e-02,509370
1.113400e-02,513630
1.118300e-02,5.123000e+05
1.124400e-02,510750
1.128800e-02,511860
1.134800e-02,511210
1.140700e-02,510420
1.151600e-02,512780
1.154500e-02,5.126700e+05
1.159200e-02,509460
1.166000e-02,512000
1.167300e-02,509550
1.174900e-02,509120
1.185400e-02,513370
1.187100e-02,512390
1.193100e-02,509780
1.202800e-02,512880
1.205600e-02,5.123100e+05
1.210300e-02,512600
1.219800e-02,5.133300e+05
1.225000e-02,5.120500e+05
1.227200e-02,513610
1.237800e-02,5.135600e+05
1.239800e-02,511940
1.248300e-02,5.160900e+05
1.254500e-02,513890
1.258900e-02,511700
1.262000e-02,512270
1.271000e-02,512470
1.276700e-02,511790
1.277900e-02,5.134300e+05
1.286400e-02,513360
1.293000e-02,5.123000e+05
1.299200e-02,5.159300e+05
1.302200e-02,5.136900e+05
1.309200e-02,513030
1.312900e-02,514980
1.321100e-02,5.152000e+05
1.325500e-02,5.124500e+05
1.332600e-02,516280
1.336200e-02,5.126900e+05
1.340400e-02,514010
1.350400e-02,516030
1.357800e-02,5.161900e+05
1.357200e-02,5.144300e+05
1.366700e-02,514650
1.369500e-02,5.152100e+05
1.375300e-02,515860
1.386400e-02,518230
1.391100e-02,516730
1.394400e-02,516610
1.401100e-02,5.174500e+05
1.407000e-02,516530
1.416100e-02,5.176700e+05
1.421700e-02,5.152000e+05
1.427800e-02,5.128300e+05
1.435300e-02,515390
1.437900e-02,5.129400e+05
1.445300e-02,5.130600e+05
1.449800e-02,5.149600e+05
1.457800e-02,5.154300e+05
1.460000e-02,5.133300e+05
1.467700e-02,516390
1.475500e-02,514380
1.479500e-02,514100
1.489500e-02,517600
1.493100e-02,515720
1.496600e-02,5.139300e+05
1.504200e-02,5.151600e+05
1.505600e-02,5.164100e+05
1.512900e-02,516390
1.524100e-02,5.169100e+05
1.526600e-02,5.146900e+05
1.529400e-02,5.133200e+05
1.536400e-02,5.160900e+05
1.539700e-02,5.156800e+05
1.547900e-02,515730
1.554900e-02,517260
1.559000e-02,5.151800e+05
1.560000e-02,513490
1.569900e-02,515390
1.572300e-02,516620
1.577100e-02,517500
1.591100e-02,5.188300e+05
1.596500e-02,516510
1.596900e-02,5.166600e+05
1.606000e-02,516400
1.607500e-02,5.159600e+05
1.611200e-02,516230
1.619600e-02,516770
1.622100e-02,515380
1.632000e-02,5.146600e+05
1.633000e-02,5.146700e+05
1.639500e-02,5.146700e+05
1.650200e-02,5.146900e+05
1.652800e-02,5.146900e+05
1.653800e-02,5.146900e+05
1.655200e-02,5.146900e+05
1.656600e-02,5.146900e+05
1.655500e-02,5.146900e+05
1.655400e-02,5.146900e+05
1.655500e-02,5.146900e+05
1.655500e-02,5.146900e+05
1.655900e-02,5.146900e+05
1.656000e-02,5.146900e+05
1.655200e-02,5.146900e+05
1.656500e-02,5.146900e+05
1.656800e-02,5.147000e+05
1.657000e-02,5.147000e+05
1.657200e-02,5.147000e+05
1.655600e-02,5.146900e+05
1.657800e-02,5.147000e+05
1.656500e-02,5.146900e+05
1.655800e-02,5.146900e+05
1.656000e-02,5.146900e+05
1.657300e-02,5.147000e+05
1.655700e-02,5.146900e+05
1.655700e-02,5.146900e+05
1.657100e-02,5.147000e+05
1.657300e-02,5.147000e+05
1.656500e-02,5.146900e+05
1.655900e-02,5.146900e+05
1.654200e-02,5.146900e+05
1.655800e-02,5.146900e+05
1.655800e-02,5.146900e+05
1.657300e-02,5.147000e+05
1.656700e-02,5.146900e+05
1.656400e-02,5.146900e+05
1.656600e-02,5.146900e+05
1.657800e-02,5.147000e+05
1.656600e-02,5.146900e+05
1.657000e-02,5.147000e+05
1.657900e-02,5.147000e+05
1.656900e-02,5.147000e+05
1.657200e-02,5.147000e+05
1.657100e-02,5.147000e+05
1.656000e-02,5.146900e+05
1.656700e-02,5.146900e+05
1.657300e-02,5.147000e+05
1.656400e-02,5.146900e+05
1.658200e-02,5.147000e+05
1.656900e-02,5.147000e+05
1.657600e-02,5.147000e+05
1.657500e-02,5.147000e+05
1.657300e-02,5.147000e+05
1.658600e-02,5.147000e+05
1.658700e-02,5.147000e+05
1.659000e-02,5.147000e+05
1.658900e-02,5.147000e+05
1.659000e-02,5.147000e+05
1.658500e-02,5.147000e+05
1.659300e-02,5.147000e+05
1.658400e-02,5.147000e+05
1.661000e-02,5.147000e+05
1.661400e-02,5.147000e+05
1.661900e-02,5.147000e+05
1.662600e-02,5.147000e+05
1.663800e-02,5.147000e+05
1.664000e-02,5.147000e+05
1.665800e-02,5.147100e+05
1.666000e-02,5.147100e+05
1.666000e-02,5.147100e+05
1.665200e-02,5.147100e+05
1.667100e-02,5.147100e+05
1.669700e-02,5.147100e+05
1.669000e-02,5.147100e+05
1.670200e-02,5.147100e+05
1.672000e-02,5.147100e+05
1.672500e-02,514510
1.672100e-02,5.143000e+05
1.670900e-02,5.136700e+05
1.666300e-02,511280
1.666100e-02,511170
1.660700e-02,508360
1.661400e-02,508720
1.657100e-02,506480
1.653800e-02,504760
1.647300e-02,501370
1.647400e-02,501430
1.642000e-02,498610
1.639800e-02,497470
1.634100e-02,494490
1.628800e-02,491730
1.627200e-02,490900
1.624000e-02,489230
1.617200e-02,485690
1.618200e-02,486210
1.610100e-02,481990
1.609500e-02,481680
1.605800e-02,479750
1.603200e-02,478390
1.598300e-02,475840
1.595800e-02,474540
1.589200e-02,471100
1.584200e-02,468490
1.579900e-02,466250
1.574200e-02,463280
1.573100e-02,462710
1.564700e-02,458330
1.558700e-02,455200
1.555100e-02,453330
1.552800e-02,452130
1.545700e-02,448430
1.543400e-02,447230
1.539500e-02,445200
1.530100e-02,440300
1.529500e-02,439980
1.522900e-02,436550
1.517300e-02,433630
1.518100e-02,434040
1.510400e-02,430030
1.505300e-02,427370
1.503400e-02,426380
1.496400e-02,422740
1.491800e-02,420340
1.489000e-02,418880
1.481900e-02,415180
1.479400e-02,413880
1.476100e-02,412160
1.469400e-02,408670
1.467400e-02,407620
1.465700e-02,406740
1.461000e-02,404290
1.452600e-02,399910
1.451800e-02,399490
1.444400e-02,395640
1.441600e-02,394180
1.435800e-02,391160
1.429100e-02,387110
1.425100e-02,384350
1.424100e-02,383850
1.414600e-02,380110
1.413100e-02,378040
1.407400e-02,376520
1.399400e-02,371730
1.396800e-02,370860
1.395700e-02,368310
1.388300e-02,365140
1.384200e-02,362410
1.381800e-02,359840
1.371400e-02,355740
1.371200e-02,355100
1.364000e-02,350830
1.360700e-02,350510
1.356500e-02,348250
1.352900e-02,344110
1.345300e-02,340850
1.343100e-02,339610
1.336200e-02,334960
1.333400e-02,333800
1.330000e-02,330730
1.322700e-02,326260
1.316300e-02,324370
1.313900e-02,322690
1.306400e-02,319610
1.305300e-02,316210
1.301600e-02,313030
1.293200e-02,309810
1.288200e-02,308340
1.287700e-02,306460
1.279000e-02,303180
1.276800e-02,300860
1.268600e-02,295980
1.264700e-02,293460
1.263100e-02,291760
1.254000e-02,288060
1.252700e-02,286690
1.247800e-02,283960
1.244800e-02,280520
1.237900e-02,278410
1.234000e-02,277220
1.231300e-02,272280
1.221000e-02,270650
1.218800e-02,268360
1.208500e-02,263970
1.207900e-02,262530
1.204100e-02,261620
1.194400e-02,257750
1.193300e-02,256800
1.191200e-02,254280
1.181800e-02,248530
1.175600e-02,246740
1.172300e-02,245620
1.167700e-02,241690
1.165500e-02,239970
1.161600e-02,238640
1.149300e-02,233040
1.148900e-02,231800
1.146400e-02,230260
1.136200e-02,226800
1.135400e-02,224690
1.134100e-02,223260
1.124000e-02,218050
1.119700e-02,217410
1.117200e-02,214250
1.112500e-02,212940
1.107600e-02,209310
1.101400e-02,204550
1.094800e-02,202570
1.093100e-02,201220
1.084600e-02,196060
1.083500e-02,196280
1.078000e-02,192350
1.069100e-02,187250
1.064400e-02,184180
1.059700e-02,184120
1.055100e-02,179400
1.051300e-02,178300
1.048600e-02,175930
1.038600e-02,172620
1.035300e-02,172230
1.034900e-02,168770
1.025900e-02,166200
1.025900e-02,163880
1.021300e-02,161490
1.014400e-02,159120
1.011800e-02,158520
1.010700e-02,156310
1.000900e-02,155210
9.989800e-03,152620
9.956500e-03,149540
9.891100e-03,146230
9.869000e-03,145240
9.779500e-03,140390
9.746000e-03,139700
9.719800e-03,136380
9.627000e-03,131660
9.588800e-03,128380
9.544400e-03,1.289200e+05
9.512300e-03,126380
9.451900e-03,123760
9.414100e-03,120090
9.360800e-03,116990
9.296700e-03,113120
9.255200e-03,112440
9.197400e-03,109120
9.163300e-03,107770
9.147600e-03,105380
9.064300e-03,99844
8.999300e-03,98275
8.996400e-03,96748
8.973600e-03,94601
8.924500e-03,92617
8.912200e-03,90244
8.787800e-03,87012
8.773000e-03,85442
8.755700e-03,83006
8.676500e-03,80911
8.649900e-03,78671
8.567700e-03,74129
8.505000e-03,69946
8.459000e-03,68852
8.449700e-03,66122
8.345100e-03,63336
8.317200e-03,61329
8.232100e-03,55138
8.203000e-03,52072
8.180500e-03,50802
8.102200e-03,47223
8.062800e-03,46202
8.011200e-03,45796
7.930500e-03,39174
7.857800e-03,37074
7.867500e-03,35769
7.763200e-03,32594
7.759000e-03,30721
7.736500e-03,27692
7.644200e-03,26253
7.595800e-03,24068
7.557300e-03,20960
7.519900e-03,19744
7.483400e-03,16693
7.426400e-03,12748
7.349800e-03,10605
7.326900e-03,10359
7.298600e-03,7.982900e+03
7.221100e-03,4796
7.184200e-03,2.234400e+03
7.140000e-03,-1.049700e+03
7.046700e-03,-5.705800e+03
7.040800e-03,-6.916100e+03
6.937700e-03,-9.566200e+03
6.925400e-03,-10296
6.881300e-03,-12795
6.860900e-03,-1.612700e+04
6.724400e-03,-21848
6.707600e-03,-21202
6.650800e-03,-25083
6.582300e-03,-27137
6.576600e-03,-30368
6.484000e-03,-35257
6.437400e-03,-37307
6.425500e-03,-38490
6.340800e-03,-41587
6.323200e-03,-43101
6.266800e-03,-44622
6.204700e-03,-48955
6.159500e-03,-51014
6.152200e-03,-51326
6.101100e-03,-55066
6.081700e-03,-56680
6.042200e-03,-59658
5.900600e-03,-62697
5.859200e-03,-6.462600e+04
5.804900e-03,-68127
5.759000e-03,-69277
5.733500e-03,-71312
5.675200e-03,-75054
5.577100e-03,-79284
5.547700e-03,-80760
5.505800e-03,-83089
5.410400e-03,-86878
5.414500e-03,-88637
5.315400e-03,-92388
5.237600e-03,-96204
5.226400e-03,-97486
5.109000e-03,-100690
5.106700e-03,-102230
5.053900e-03,-105080
4.959300e-03,-109010
4.947100e-03,-110890
4.924500e-03,-110980
4.832700e-03,-114420
4.821500e-03,-115590
4.795700e-03,-117350
4.692300e-03,-120380
4.690200e-03,-120880
4.633500e-03,-125500
4.614600e-03,-125510
4.579200e-03,-128250
4.564000e-03,-131240
4.443500e-03,-134850
4.417900e-03,-134960
4.368500e-03,-137660
4.265400e-03,-139460
4.266200e-03,-142520
4.237200e-03,-144640
4.150100e-03,-149000
4.127900e-03,-148740
4.020400e-03,-154020
3.981300e-03,-154650
3.935600e-03,-156720
3.856500e-03,-161950
3.781800e-03,-165090
3.753500e-03,-165050
3.684400e-03,-169630
3.623200e-03,-170710
3.608500e-03,-173030
3.512000e-03,-177340
3.492400e-03,-177520
3.475700e-03,-178760
3.379000e-03,-180800
3.359100e-03,-181850
3.347100e-03,-183170
3.296700e-03,-186130
3.268000e-03,-186420
3.243600e-03,-187770
3.139300e-03,-191170
3.136600e-03,-192270
3.047500e-03,-196360
3.006400e-03,-198100
2.950500e-03,-198190
2.877400e-03,-203270
2.828800e-03,-204640
2.787400e-03,-206380
2.692800e-03,-212500
2.596900e-03,-216330
2.572700e-03,-216610
2.522500e-03,-220050
2.410500e-03,-222820
2.363400e-03,-224940
2.268800e-03,-229790
2.226900e-03,-232200
2.173700e-03,-231690
2.118300e-03,-234780
2.087300e-03,-235750
2.041000e-03,-236920
1.961300e-03,-240160
1.943600e-03,-240510
1.942800e-03,-241700
1.884100e-03,-243220
1.843700e-03,-244330
1.797700e-03,-247130
1.787900e-03,-248150
1.756900e-03,-247440
1.705500e-03,-251610
1.647900e-03,-251870
1.604400e-03,-253830
1.582800e-03,-255010
1.487300e-03,-259990
1.458200e-03,-260610
1.440800e-03,-261380
1.308500e-03,-266450
1.256800e-03,-268860
1.164600e-03,-273220
1.095400e-03,-274390
1.036100e-03,-274640
9.511800e-04,-280380
9.348700e-04,-279170
8.734600e-04,-280680
8.311600e-04,-285050
7.551700e-04,-286750
7.405700e-04,-286240
6.765900e-04,-290710
6.336600e-04,-291400
5.897800e-04,-292170
5.259300e-04,-295570
4.957200e-04,-294930
4.541400e-04,-296450
3.856900e-04,-298790
3.602300e-04,-300440
3.157900e-04,-302900
2.269500e-04,-305930
2.235000e-04,-305390
1.824400e-04,-306210
5.002500e-05,-309710
3.105200e-05,-311730
-1.605300e-05,-314410
-9.365500e-05,-317690
-1.535800e-04,-317620
-2.215900e-04,-321720
-2.412800e-04,-321280
-3.163400e-04,-323330
-3.951200e-04,-326950
-4.535500e-04,-328840
-4.592300e-04,-327650
-5.721900e-04,-331980
-5.853200e-04,-332380
-6.339800e-04,-332240
-7.149200e-04,-335860
-7.308900e-04,-336860
-7.630900e-04,-337440
-8.310400e-04,-338340
-8.564300e-04,-340540
-9.178200e-04,-343050
-9.925400e-04,-345760
-1.019700e-03,-345320
-1.039700e-03,-346360
-1.131600e-03,-348300
-1.153500e-03,-349730
-1.234200e-03,-353980
-1.285900e-03,-353560
-1.317600e-03,-354030
-1.339400e-03,-355660
-1.411600e-03,-357850
-1.455800e-03,-359600
-1.514700e-03,-361230
-1.586400e-03,-364570
-1.661900e-03,-363140
-1.669700e-03,-364910
-1.731500e-03,-367090
-1.748800e-03,-368020
-1.845200e-03,-371850
-1.882100e-03,-371690
-1.899700e-03,-372360
-1.985900e-03,-375480
-1.989900e-03,-374890
-2.029400e-03,-376410
-2.129000e-03,-379810
-2.190200e-03,-380280
-2.187900e-03,-380260
-2.289000e-03,-383540
-2.309200e-03,-384660
-2.345200e-03,-384540
-2.462200e-03,-388290
-2.483600e-03,-387540
-2.497500e-03,-388380
-2.602900e-03,-390190
-2.623900e-03,-391670
-2.674100e-03,-392880
-2.783000e-03,-396310
-2.828500e-03,-395010
-2.858500e-03,-396570
-2.924600e-03,-396930
-2.948600e-03,-399400
-3.017900e-03,-401130
-3.096700e-03,-403270
-3.103800e-03,-401440
-3.203800e-03,-405450
-3.208700e-03,-404630
-3.237000e-03,-405520
-3.353900e-03,-408800
-3.397500e-03,-409040
-3.432500e-03,-408630
-3.515900e-03,-410820
-3.534700e-03,-411690
-3.580100e-03,-412920
-3.686000e-03,-415200
-3.726700e-03,-415950
-3.745600e-03,-415430
-3.822400e-03,-416310
-3.884900e-03,-417780
-3.908100e-03,-418690
-3.996200e-03,-421800
-4.029900e-03,-420470
-4.035000e-03,-420580
-4.143500e-03,-421950
-4.185500e-03,-422900
-4.225800e-03,-424120
-4.333100e-03,-426250
-4.359900e-03,-426310
-4.391500e-03,-427750
-4.467500e-03,-428130
-4.508000e-03,-427780
-4.571300e-03,-429850
-4.655600e-03,-431590
-4.699900e-03,-429560
-4.761100e-03,-432550
-4.802800e-03,-431570
-4.854200e-03,-432340
-4.912700e-03,-435390
-4.990400e-03,-434620
-5.012000e-03,-434120
-5.104000e-03,-436690
-5.108500e-03,-436880
-5.165300e-03,-436610
-5.257300e-03,-440420
-5.320100e-03,-439070
-5.352200e-03,-437820
-5.427100e-03,-439680
-5.467800e-03,-439600
-5.520800e-03,-439900
-5.600400e-03,-440980
-5.667600e-03,-439250
-5.723700e-03,-441090
-5.750200e-03,-440120
-5.806400e-03,-440420
-5.901500e-03,-443030
-5.942300e-03,-442640
-5.974900e-03,-440960
-6.035000e-03,-441840
-6.093900e-03,-440620
-6.134600e-03,-442300
-6.242200e-03,-444810
-6.301400e-03,-443610
-6.316800e-03,-441550
-6.386700e-03,-443360
-6.414800e-03,-443340
-6.463300e-03,-443310
-6.558800e-03,-445950
-6.587500e-03,-443950
-6.615100e-03,-442870
-6.725600e-03,-445690
-6.785500e-03,-444860
-6.825600e-03,-445880
-6.889800e-03,-446500
-6.915800e-03,-444340
-6.969200e-03,-442960
-7.045400e-03,-444330
-7.040800e-03,-444390
-7.095100e-03,-444940
-7.192600e-03,-446770
-7.225200e-03,-445810
-7.267200e-03,-444780
-7.384300e-03,-446670
-7.413500e-03,-446310
-7.449900e-03,-446470
-7.539900e-03,-447900
-7.572100e-03,-445820
-7.631200e-03,-449180
-7.671600e-03,-446180
-7.731800e-03,-446610
-7.773000e-03,-448600
-7.885400e-03,-449870
-7.900600e-03,-447630
-7.953300e-03,-448500
-7.997400e-03,-447640
-8.046800e-03,-447990
-8.127500e-03,-450990
-8.172800e-03,-449500
-8.196500e-03,-447950
-8.284200e-03,-448960
-8.309400e-03,-449450
-8.391900e-03,-449940
-8.441900e-03,-451020
-8.506300e-03,-450340
-8.529400e-03,-449410
-8.615800e-03,-449360
-8.649000e-03,-449100
-8.709500e-03,-449540
-8.774500e-03,-449410
-8.824400e-03,-447550
-8.892800e-03,-449870
-8.931400e-03,-447350
-8.990600e-03,-448220
-9.004400e-03,-449920
-9.114300e-03,-451380
-9.127600e-03,-449220
-9.206500e-03,-451430
-9.260300e-03,-450350
-9.301400e-03,-450200
-9.396900e-03,-452680
-9.438500e-03,-451700
-9.455000e-03,-451450
-9.539900e-03,-452260
-9.602100e-03,-451490
-9.654700e-03,-452070
-9.740900e-03,-453070
-9.792900e-03,-452390
-9.817800e-03,-451810
-9.902800e-03,-452330
-9.911700e-03,-451510
-9.955300e-03,-451910
-1.005000e-02,-454310
-1.012800e-02,-453140
-1.013400e-02,-452720
-1.020800e-02,-452720
-1.024800e-02,-452690
-1.030300e-02,-453910
-1.039800e-02,-455300
-1.046800e-02,-453880
-1.049700e-02,-452770
-1.059600e-02,-453770
-1.060700e-02,-453700
-1.067500e-02,-453910
-1.076300e-02,-455500
-1.080800e-02,-452990
-1.087200e-02,-455340
-1.094300e-02,-452880
-1.097800e-02,-453160
-1.108200e-02,-456430
-1.111800e-02,-455130
-1.115800e-02,-453130
-1.124500e-02,-455420
-1.130600e-02,-454450
-1.134700e-02,-454000
-1.142100e-02,-455700
-1.146300e-02,-454560
-1.148200e-02,-453450
-1.160700e-02,-454430
-1.162300e-02,-453670
-1.166200e-02,-452470
-1.177400e-02,-455470
-1.181700e-02,-454600
-1.184700e-02,-454550
-1.193600e-02,-455480
-1.196200e-02,-455520
-1.206100e-02,-457210
-1.210600e-02,-456520
-1.214200e-02,-454560
-1.222500e-02,-457210
-1.226400e-02,-454780
-1.231700e-02,-455100
-1.240000e-02,-457810
-1.243000e-02,-456830
-1.246200e-02,-454700
-1.256700e-02,-456900
-1.260000e-02,-454990
-1.265900e-02,-454620
-1.273300e-02,-457090
-1.280000e-02,-456100
-1.284500e-02,-455860
-1.291000e-02,-455980
-1.294200e-02,-455950
-1.297900e-02,-454430
-1.303500e-02,-456980
-1.313300e-02,-456090
-1.314500e-02,-455320
-1.323400e-02,-458580
-1.327600e-02,-456980
-1.330800e-02,-456960
-1.343000e-02,-458650
-1.345200e-02,-457260
-1.349400e-02,-457330
-1.357400e-02,-456360
-1.361800e-02,-456250
-1.367700e-02,-457430
-1.375700e-02,-457500
-1.379800e-02,-456170
-1.383700e-02,-456540
-1.393700e-02,-456120
-1.396000e-02,-456560
-1.404900e-02,-458370
-1.409300e-02,-456630
-1.414200e-02,-454020
-1.422800e-02,-455990
-1.424700e-02,-454920
-1.431800e-02,-455550
-1.436800e-02,-457440
-1.444800e-02,-457160
-1.446000e-02,-455760
-1.455700e-02,-458490
-1.458500e-02,-456580
-1.463300e-02,-456670
-1.474300e-02,-458670
-1.480500e-02,-457410
-1.485600e-02,-456740
-1.490800e-02,-456590
-1.494600e-02,-457270
-1.501100e-02,-458040
-1.507400e-02,-458090
-1.514000e-02,-456130
-1.516900e-02,-455270
-1.524800e-02,-457370
-1.527100e-02,-456160
-1.534400e-02,-456840
-1.541600e-02,-457750
-1.547400e-02,-454350
-1.553500e-02,-456920
-1.555900e-02,-454280
-1.561000e-02,-454480
-1.568200e-02,-457130
-1.577300e-02,-456550
-1.576900e-02,-454050
-1.585800e-02,-457730
-1.588800e-02,-455850
-1.593400e-02,-456860
-1.602800e-02,-459200
-1.605800e-02,-458400
-1.609100e-02,-456590
-1.619600e-02,-457670
-1.624900e-02,-458090
-1.629700e-02,-458050
-1.640000e-02,-458350
-1.642400e-02,-456350
-1.643100e-02,-455470
-1.656200e-02,-456500
-1.658900e-02,-455080
-1.663700e-02,-457190
-1.672800e-02,-456940
-1.676300e-02,-456110
-1.685400e-02,-457610
-1.689200e-02,-455860
-1.696200e-02,-455910
-1.701300e-02,-457130
-1.710800e-02,-458260
-1.716600e-02,-455820
-1.720900e-02,-456550
-1.726500e-02,-455420
-1.730200e-02,-454690
-1.739800e-02,-457360
-1.747900e-02,-455830
-1.749100e-02,-455470
-1.758200e-02,-456740
-1.763000e-02,-455330
-1.769900e-02,-454740
-1.780700e-02,-454530
-1.785400e-02,-453270
-1.788500e-02,-452540
-1.794300e-02,-454170
-1.798400e-02,-454150
-1.803800e-02,-454120
-1.811800e-02,-454070
-1.817400e-02,-454040
-1.823900e-02,-454000
-1.828800e-02,-453970
-1.828500e-02,-453970
-1.829500e-02,-453970
-1.830400e-02,-453960
-1.830000e-02,-453960
-1.829100e-02,-453970
-1.831000e-02,-453960
-1.829500e-02,-453970
-1.830700e-02,-453960
-1.831200e-02,-453960
-1.830600e-02,-453960
-1.831400e-02,-453950
-1.832600e-02,-453950
-1.831700e-02,-453950
-1.831500e-02,-453950
-1.832400e-02,-453950
-1.830900e-02,-453960
-1.830600e-02,-453960
-1.831000e-02,-453960
-1.831000e-02,-453960
-1.830700e-02,-453960
-1.829900e-02,-453960
-1.830300e-02,-453960
-1.830300e-02,-453960
-1.831400e-02,-453950
-1.830800e-02,-453960
-1.830800e-02,-453960
-1.832100e-02,-453950
-1.831900e-02,-453950
-1.832300e-02,-453950
-1.831400e-02,-453950
-1.830900e-02,-453960
-1.831400e-02,-453950
-1.829700e-02,-453960
-1.831500e-02,-453950
-1.831000e-02,-453960
-1.831300e-02,-453960
-1.832600e-02,-453950
-1.831100e-02,-453960
-1.831700e-02,-453950
-1.831800e-02,-453950
-1.832300e-02,-453950
-1.831400e-02,-453950
-1.833100e-02,-453940
-1.832400e-02,-453950
-1.831900e-02,-453950
-1.831400e-02,-453950
-1.832700e-02,-453950
-1.833500e-02,-453940
-1.833500e-02,-453940
-1.833900e-02,-453940
-1.835700e-02,-453930
-1.835800e-02,-453930
-1.837400e-02,-453920
-1.837400e-02,-453920
-1.837200e-02,-453920
-1.838100e-02,-453920
-1.840300e-02,-453900
-1.840300e-02,-453900
-1.841800e-02,-453890
-1.840000e-02,-452710
-1.840900e-02,-453170
-1.839300e-02,-452350
-1.839000e-02,-452190
-1.839900e-02,-452650
-1.837100e-02,-451210
-1.837000e-02,-451160
-1.834800e-02,-450030
-1.827100e-02,-446060
-1.825400e-02,-445190
-1.825900e-02,-445440
-1.817100e-02,-440910
-1.815400e-02,-440040
-1.813000e-02,-438800
-1.805900e-02,-435140
-1.805900e-02,-435140
-1.796500e-02,-430300
-1.793900e-02,-428960
-1.792700e-02,-428350
-1.787300e-02,-425570
-1.782400e-02,-423040
-1.776500e-02,-420000
-1.774500e-02,-418970
-1.771000e-02,-417170
-1.768700e-02,-415990
-1.762800e-02,-412950
-1.758400e-02,-410680
-1.752900e-02,-407850
-1.744800e-02,-403680
-1.743100e-02,-402800
-1.738800e-02,-400590
-1.730500e-02,-396310
-1.726900e-02,-394460
-1.725900e-02,-393940
-1.714300e-02,-387970
-1.711200e-02,-386370
-1.706900e-02,-384160
-1.699400e-02,-380290
-1.698000e-02,-379570
-1.691200e-02,-376070
-1.686800e-02,-373810
-1.680400e-02,-370510
-1.677200e-02,-368860
-1.668600e-02,-364430
-1.664000e-02,-362060
-1.661800e-02,-360350
-1.655900e-02,-358450
-1.655600e-02,-356950
-1.643800e-02,-351750
-1.641500e-02,-349870
-1.641000e-02,-349200
-1.631800e-02,-344910
-1.629400e-02,-343050
-1.626500e-02,-341400
-1.615900e-02,-335990
-1.610700e-02,-333970
-1.609600e-02,-332430
-1.601600e-02,-329650
-1.597300e-02,-328020
-1.596100e-02,-324940
-1.586900e-02,-320850
-1.584200e-02,-320150
-1.576900e-02,-314960
-1.572800e-02,-313770
-1.569100e-02,-311640
-1.562800e-02,-308530
-1.557300e-02,-304970
-1.554400e-02,-303240
-1.548000e-02,-299940
-1.544300e-02,-298020
-1.540400e-02,-295360
-1.532200e-02,-291460
-1.528000e-02,-289370
-1.524500e-02,-287690
-1.515500e-02,-283550
-1.513100e-02,-281840
-1.512200e-02,-280180
-1.501200e-02,-276270
-1.500300e-02,-273240
-1.497500e-02,-272220
-1.489900e-02,-268220
-1.489100e-02,-267230
-1.486200e-02,-264510
-1.476100e-02,-2.604700e+05
-1.473800e-02,-2.585300e+05
-1.471700e-02,-256550
-1.463400e-02,-253540
-1.460600e-02,-251210
-1.458000e-02,-248810
-1.450400e-02,-244550
-1.446800e-02,-244890
-1.443300e-02,-241410
-1.436200e-02,-238770
-1.434300e-02,-236800
-1.429800e-02,-234800
-1.420600e-02,-230160
-1.417100e-02,-229540
-1.411800e-02,-224680
-1.408600e-02,-223780
-1.405600e-02,-222020
-1.397500e-02,-216270
-1.394200e-02,-214280
-1.391400e-02,-212950
-1.386100e-02,-208170
-1.382100e-02,-207340
-1.379500e-02,-205040
-1.369200e-02,-201330
-1.365100e-02,-199570
-1.362600e-02,-197870
-1.354400e-02,-195580
-1.353400e-02,-192310
-1.348700e-02,-190600
-1.341600e-02,-186020
-1.338500e-02,-185230
-1.335100e-02,-181740
-1.327100e-02,-180110
-1.324700e-02,-177680
-1.318200e-02,-172390
-1.313100e-02,-170390
-1.308500e-02,-169050
-1.304000e-02,-165900
-1.299700e-02,-165450
-1.297900e-02,-162000
-1.287400e-02,-157300
-1.281100e-02,-153870
-1.281000e-02,-153820
-1.273100e-02,-149520
-1.269800e-02,-148840
-1.266700e-02,-146080
-1.256800e-02,-142120
-1.255100e-02,-140690
-1.252900e-02,-138710
-1.246700e-02,-135020
-1.244300e-02,-134130
-1.238500e-02,-131600
-1.231200e-02,-127260
-1.227300e-02,-125450
-1.223500e-02,-123960
-1.216400e-02,-119650
-1.212100e-02,-118960
-1.207800e-02,-116150
-1.200800e-02,-113200
-1.198000e-02,-112470
-1.197400e-02,-110070
-1.189000e-02,-108630
-1.186900e-02,-105960
-1.182100e-02,-102310
-1.175100e-02,-100080
-1.173600e-02,-98972
-1.168700e-02,-96454
-1.159900e-02,-94608
-1.158500e-02,-92485
-1.154600e-02,-88578
-1.145400e-02,-84967
-1.143400e-02,-83699
-1.136300e-02,-79560
-1.134300e-02,-79017
-1.128400e-02,-76536
-1.122400e-02,-71960
-1.114000e-02,-70462
-1.112600e-02,-70605
-1.104800e-02,-6.475400e+04
-1.102500e-02,-63500
-1.100800e-02,-62097
-1.090600e-02,-57923
-1.088000e-02,-57121
-1.084900e-02,-53512
-1.076600e-02,-51937
-1.072500e-02,-48746
-1.068500e-02,-45131
-1.060200e-02,-43598
-1.055400e-02,-41720
-1.054300e-02,-38179
-1.046200e-02,-36360
-1.042800e-02,-33021
-1.034300e-02,-27803
-1.031200e-02,-26239
-1.027700e-02,-26064
-1.018900e-02,-21696
-1.018200e-02,-21810
-1.013800e-02,-18612
-1.006300e-02,-13006
-1.000200e-02,-11198
-9.982500e-03,-11147
-9.916800e-03,-7.135100e+03
-9.889400e-03,-6.804200e+03
-9.856500e-03,-4.340600e+03
-9.817400e-03,-3.644400e+02
-9.730100e-03,1.781900e+03
-9.715800e-03,2.190500e+03
-9.615200e-03,7.806300e+03
-9.616700e-03,8.092100e+03
-9.590500e-03,11068
-9.491400e-03,15315
-9.464900e-03,18113
-9.431800e-03,18316
-9.334700e-03,22947
-9.312900e-03,24207
-9.282700e-03,26490
-9.203300e-03,29929
-9.151200e-03,31794
-9.128800e-03,34237
-9.058300e-03,35994
-9.012500e-03,38289
-8.960000e-03,41615
-8.879400e-03,44973
-8.857200e-03,46676
-8.819000e-03,49570
-8.765800e-03,51456
-8.724200e-03,54070
-8.669100e-03,57826
-8.602400e-03,60293
-8.579200e-03,60706
-8.499900e-03,6.495400e+04
-8.472000e-03,66087
-8.451100e-03,68250
-8.337500e-03,72742
-8.307000e-03,73915
-8.296000e-03,73786
-8.186600e-03,79178
-8.166700e-03,80900
-8.123600e-03,83735
-8.053000e-03,86352
-8.011700e-03,88247
-7.963700e-03,91292
-7.910300e-03,92348
-7.858900e-03,96623
-7.828900e-03,98666
-7.739400e-03,101630
-7.724800e-03,103230
-7.682900e-03,105110
-7.616900e-03,107530
-7.580800e-03,110410
-7.512400e-03,114220
-7.473000e-03,116850
-7.441200e-03,116770
-7.367900e-03,120090
-7.367700e-03,120480
-7.309400e-03,122180
-7.225000e-03,1.282100e+05
-7.207900e-03,1.292300e+05
-7.164900e-03,129970
-7.110200e-03,135070
-7.047500e-03,135010
-7.020600e-03,137560
-6.927300e-03,142320
-6.900400e-03,144390
-6.877000e-03,144510
-6.817100e-03,148460
-6.789600e-03,149690
-6.739600e-03,151430
-6.652800e-03,157290
-6.619800e-03,158340
-6.600800e-03,159100
-6.514900e-03,161650
-6.506500e-03,163420
-6.442200e-03,168320
-6.382600e-03,168740
-6.325100e-03,170210
-6.226500e-03,174940
-6.204100e-03,174440
-6.159500e-03,176440
-6.085000e-03,181830
-6.056700e-03,183860
-6.026200e-03,184790
-5.959700e-03,188490
-5.904800e-03,190240
-5.888400e-03,191280
-5.773300e-03,196330
-5.765700e-03,198700
-5.730400e-03,198220
-5.641400e-03,201990
-5.656400e-03,203300
-5.573900e-03,206260
-5.509000e-03,210190
-5.480300e-03,211280
-5.473300e-03,212410
-5.372800e-03,216310
-5.364900e-03,217320
-5.309000e-03,219880
-5.208400e-03,223110
-5.178600e-03,223470
-5.114000e-03,228030
-5.108200e-03,228230
-5.040800e-03,230770
-4.948300e-03,236060
-4.916500e-03,237590
-4.891600e-03,238210
-4.809200e-03,241520
-4.790100e-03,242880
-4.763400e-03,243450
-4.731000e-03,245460
-4.645900e-03,248680
-4.606500e-03,249860
-4.507000e-03,254990
-4.488400e-03,253520
-4.484200e-03,2.562100e+05
-4.389000e-03,261820
-4.353500e-03,263030
-4.329800e-03,2.617900e+05
-4.242000e-03,266910
-4.246600e-03,266610
-4.208600e-03,267600
-4.125200e-03,273430
-4.114400e-03,273780
-4.111700e-03,274000
-3.984200e-03,276830
-3.967700e-03,278560
-3.907100e-03,281440
-3.835900e-03,285850
-3.813700e-03,287500
-3.767900e-03,288520
-3.689500e-03,290640
-3.640500e-03,292840
-3.574400e-03,298550
-3.463500e-03,299350
-3.443600e-03,298630
-3.341100e-03,305780
-3.345000e-03,304610
-3.309000e-03,304930
-3.232000e-03,311520
-3.184700e-03,312850
-3.153200e-03,312220
-3.097300e-03,314790
-3.098300e-03,314980
-3.080000e-03,317220
-2.978200e-03,320570
-2.963200e-03,321510
-2.935400e-03,322300
-2.861000e-03,324090
-2.859600e-03,325930
-2.789600e-03,328890
-2.720300e-03,330640
-2.648500e-03,331090
-2.642600e-03,333310
-2.564200e-03,336460
-2.518200e-03,339480
-2.476200e-03,342370
-2.352600e-03,346460
-2.336900e-03,347070
-2.213300e-03,352600
-2.196500e-03,352470
-2.133800e-03,354090
-2.043400e-03,359410
-2.044900e-03,358970
-1.980500e-03,359720
-1.958900e-03,362230
-1.908100e-03,362720
-1.887400e-03,363370
-1.842700e-03,366390
-1.812900e-03,366520
-1.803300e-03,367090
-1.743200e-03,368380
-1.734400e-03,368880
-1.721600e-03,370360
-1.646700e-03,372870
-1.611100e-03,373850
-1.592500e-03,374340
-1.500900e-03,376660
-1.493700e-03,378740
-1.467700e-03,379790
-1.327100e-03,383480
-1.295000e-03,385300
-1.246300e-03,387540
-1.141600e-03,389600
-1.082300e-03,392770
-1.039200e-03,395170
-9.121800e-04,399230
-8.921100e-04,399640
-8.259900e-04,401140
-7.515900e-04,402170
-7.176300e-04,403950
-6.475100e-04,408140
-6.008400e-04,408480
-5.370400e-04,407520
-5.064300e-04,410260
-4.805100e-04,410290
-4.625800e-04,412390
-3.712900e-04,414830
-3.483700e-04,415050
-3.374300e-04,415710
-2.626700e-04,417640
-2.564500e-04,416980
-2.547800e-04,418800
-1.293300e-04,421240
-5.606700e-05,422350
-4.595700e-05,423270
8.867600e-06,425380
8.978800e-05,427900
1.465200e-04,430750
2.398600e-04,432590
2.734000e-04,432880
3.244000e-04,435380
4.222700e-04,436360
4.543200e-04,437990
5.346800e-04,443130
5.774200e-04,443430
6.309600e-04,442250
6.417200e-04,443770
7.424900e-04,444130
7.656900e-04,445900
8.528100e-04,450180
8.818500e-04,449420
9.294600e-04,448560
9.551500e-04,451740
9.991900e-04,452090
1.011300e-03,452890
1.103700e-03,456230
1.127600e-03,456320
1.167800e-03,454720
1.262500e-03,458140
1.269400e-03,458660
1.304900e-03,459730
1.391200e-03,463940
1.428000e-03,464310
1.440200e-03,464760
1.538000e-03,466870
1.570700e-03,468390
1.643900e-03,469880
1.738100e-03,471330
1.740100e-03,471870
1.853000e-03,475060
1.895600e-03,474010
1.946800e-03,474690
2.018000e-03,479290
2.086200e-03,479440
2.127900e-03,478690
2.190200e-03,481140
2.232000e-03,480270
2.304700e-03,481400
2.333500e-03,484520
2.425000e-03,485560
2.431300e-03,484940
2.548800e-03,485480
2.552300e-03,485580
2.584300e-03,486410
2.669700e-03,489350
2.716100e-03,489650
2.733200e-03,488230
2.809100e-03,490390
2.811600e-03,490640
2.875100e-03,491500
3.004000e-03,492680
3.016800e-03,492220
3.066800e-03,493820
3.118500e-03,493420
3.145200e-03,494110
3.242800e-03,497470
3.315700e-03,495950
3.374300e-03,494990
3.394600e-03,494610
3.455000e-03,497230
3.503800e-03,498660
3.556100e-03,499540
3.637400e-03,499040
3.695500e-03,498490
3.780400e-03,502050
3.818600e-03,498940
3.846600e-03,498970
3.920600e-03,500880
3.983300e-03,500590
4.054200e-03,500000
4.083100e-03,503280
4.130400e-03,500510
4.156800e-03,500770
4.205800e-03,503950
4.283200e-03,503280
4.279600e-03,501470
4.389000e-03,502570
4.405200e-03,502340
4.487300e-03,502220
4.563200e-03,503330
4.607900e-03,503080
4.633500e-03,503070
4.748800e-03,503970
4.751500e-03,503380
4.816400e-03,503490
4.924100e-03,504210
4.962300e-03,503240
5.056300e-03,506440
5.098000e-03,503900
5.158400e-03,501830
5.207500e-03,505600
5.301100e-03,505970
5.339600e-03,503650
5.415600e-03,506350
5.451000e-03,504080
5.481300e-03,504600
5.575200e-03,505520
5.600300e-03,504800
5.633900e-03,504310
5.698300e-03,504140
5.740000e-03,503790
5.785300e-03,503920
5.879200e-03,505200
5.926500e-03,503890
5.929300e-03,503480
6.007800e-03,504000
6.057100e-03,505130
6.155200e-03,506450
6.192500e-03,504930
6.280000e-03,503760
6.339900e-03,507410
6.381600e-03,504770
6.430400e-03,504900
6.488700e-03,505260
6.591900e-03,508320
6.653500e-03,506590
6.671800e-03,505470
6.772900e-03,506940
6.789200e-03,506000
6.862400e-03,507860
6.931600e-03,505880
6.988800e-03,504830
7.043200e-03,506980
7.074600e-03,504420
7.139400e-03,505070
7.227200e-03,507790
7.260000e-03,507600
7.274400e-03,504800
7.368900e-03,508130
7.428600e-03,505020
7.450700e-03,505230
7.564400e-03,507980
7.599500e-03,507060
7.602500e-03,506650
7.724700e-03,506700
7.762100e-03,506110
7.807800e-03,506310
7.919500e-03,508150
7.983500e-03,506800
7.993500e-03,504900
8.105600e-03,507480
8.121800e-03,506830
8.169000e-03,506460
8.264400e-03,505810
8.319500e-03,504860
8.422200e-03,507110
8.431700e-03,504080
8.486000e-03,503280
8.583600e-03,507170
8.618700e-03,506340
8.661000e-03,502710
8.724700e-03,506810
8.764500e-03,504380
8.799200e-03,502650
8.923000e-03,505330
8.978600e-03,505780
8.972800e-03,504460
9.065900e-03,506060
9.075700e-03,505820
9.142400e-03,505840
9.249100e-03,507630
9.301100e-03,506790
9.303600e-03,504730
9.409400e-03,506490
9.419600e-03,505610
9.450100e-03,505220
9.567500e-03,508480
9.589000e-03,507910
9.642100e-03,507840
9.734100e-03,507070
9.750400e-03,505780
9.824300e-03,508300
9.880200e-03,508480
9.917000e-03,507790
9.959000e-03,507360
1.005000e-02,506890
1.008900e-02,506790
1.012200e-02,507150
1.020200e-02,507300
1.024300e-02,504520
1.036800e-02,506810
1.038500e-02,503760
1.042000e-02,502460
1.050400e-02,507080
1.058000e-02,506060
1.059200e-02,503370
1.070200e-02,505500
1.070600e-02,503300
1.077200e-02,502500
1.087400e-02,507070
1.090400e-02,505240
1.091900e-02,503970
1.103400e-02,506550
1.103500e-02,504990
1.109200e-02,504700
1.120800e-02,506120
1.128700e-02,504330
1.129800e-02,503250
1.136600e-02,504330
1.140100e-02,504240
1.149300e-02,507490
1.154000e-02,505390
1.159600e-02,504590
1.170300e-02,506750
1.172100e-02,503700
1.177400e-02,501590
1.187400e-02,505900
1.189800e-02,504830
1.195800e-02,502390
1.204600e-02,504180
1.207800e-02,503210
1.211400e-02,502320
1.222800e-02,505150
1.227700e-02,504970
1.230300e-02,502480
1.241000e-02,502510
1.240800e-02,503060
1.249100e-02,503370
1.260500e-02,502950
1.263500e-02,502450
1.264100e-02,500650
1.273600e-02,502570
1.274700e-02,502970
1.281800e-02,501920
1.292000e-02,503800
1.296200e-02,503200
1.298300e-02,502920
1.307900e-02,502660
1.311000e-02,503190
1.317900e-02,503070
1.327700e-02,503730
1.328800e-02,502430
1.334100e-02,502490
1.340100e-02,501730
1.343100e-02,502000
1.355100e-02,502950
1.360300e-02,502010
1.364000e-02,499920
1.370800e-02,501350
1.373800e-02,500420
1.379800e-02,500720
1.390500e-02,502030
1.396200e-02,501950
1.399700e-02,500940
1.409500e-02,501760
1.412600e-02,500770
1.418600e-02,500860
1.427200e-02,501030
1.431700e-02,500090
1.436100e-02,499160
1.444100e-02,499360
1.446800e-02,498760
1.451800e-02,498570
1.462300e-02,499450
1.464600e-02,497380
1.470000e-02,498670
1.480300e-02,497940
1.483200e-02,497510
1.490900e-02,499530
1.497200e-02,498560
1.500900e-02,497750
1.510100e-02,499770
1.512900e-02,497990
1.519600e-02,497830
1.530600e-02,500130
1.532000e-02,498140
1.534200e-02,496150
1.543600e-02,497420
1.547500e-02,495820
1.549900e-02,495940
1.559000e-02,498400
1.563300e-02,496240
1.567000e-02,494330
1.579200e-02,496190
1.582900e-02,495370
1.586100e-02,494610
1.597100e-02,498470
1.602000e-02,496160
1.604400e-02,493830
1.614700e-02,494060
1.617500e-02,494050
1.618300e-02,493470
1.627200e-02,495390
1.631600e-02,496040
1.635700e-02,494710
1.643200e-02,493140
1.647000e-02,493550
1.654000e-02,496800
1.662300e-02,496500
1.668000e-02,493440
1.673100e-02,494940
1.678700e-02,493000
1.683700e-02,492650
1.695800e-02,495240
1.698100e-02,493360
1.704400e-02,491210
1.711900e-02,492820
1.714400e-02,488910
1.716400e-02,488840
1.725700e-02,492400
1.733100e-02,491560
1.736100e-02,490380
1.744400e-02,491450
1.749500e-02,491640
1.752600e-02,490410
1.764700e-02,491680
1.768100e-02,489710
1.774100e-02,489980
1.777100e-02,486800
1.784600e-02,486890
1.792600e-02,488960
1.793400e-02,488200
1.799500e-02,487020
1.808000e-02,488770
1.814100e-02,487470
1.816900e-02,487770
1.824000e-02,490260
1.833700e-02,490700
1.842000e-02,489190
1.849600e-02,490190
1.854800e-02,488030
1.857400e-02,486990
1.865600e-02,489100
1.869900e-02,488490
1.872900e-02,486760
1.880000e-02,487580
1.885400e-02,485270
1.887900e-02,484990
1.894200e-02,487470
1.897500e-02,487560
1.901100e-02,484740
1.913700e-02,487210
1.917000e-02,485800
1.919400e-02,484790
1.932600e-02,487820
1.938400e-02,487550
1.938900e-02,486440
1.951100e-02,487720
1.953600e-02,487520
1.961300e-02,486660
1.964800e-02,486330
1.968300e-02,485190
1.971200e-02,484680
1.979500e-02,483280
1.983700e-02,484250
1.989600e-02,486140
2.001400e-02,486250
2.005100e-02,484370
2.011300e-02,486030
2.020600e-02,485090
2.025700e-02,483740
2.032700e-02,485510
2.040900e-02,485120
2.043200e-02,482640
2.052500e-02,482340
2.054100e-02,479540
2.060200e-02,479480
2.071100e-02,482100
2.074700e-02,480660
2.075700e-02,480010
2.089000e-02,482240
2.089600e-02,481600
2.093400e-02,481120
2.104300e-02,482540
2.111100e-02,480910
2.112400e-02,481180
2.121400e-02,479460
2.126200e-02,479720
2.128900e-02,480250
2.140700e-02,481250
2.145300e-02,478180
2.148200e-02,480160
2.154400e-02,478710
2.160000e-02,479070
2.170500e-02,482650
2.172400e-02,482190
2.179600e-02,479990
2.186800e-02,480990
2.190600e-02,478760
2.194800e-02,478850
2.204800e-02,481440
2.209900e-02,479900
2.213300e-02,478120
2.218400e-02,479500
2.227900e-02,477390
2.230900e-02,477230
2.239600e-02,477800
2.245100e-02,476380
2.248500e-02,475820
2.255200e-02,476260
2.260000e-02,475700
2.265700e-02,475580
2.280800e-02,478390
2.284100e-02,476350
2.286600e-02,474050
2.297900e-02,476210
2.298900e-02,475230
2.305000e-02,475360
2.310200e-02,473560
2.316900e-02,472790
2.321000e-02,475510
2.328900e-02,472640
2.332200e-02,472820
2.339200e-02,476410
2.345600e-02,474940
2.351700e-02,472680
2.354600e-02,474260
2.363000e-02,472770
2.366600e-02,473180
2.376300e-02,476630
2.382500e-02,476180
2.384400e-02,474660
2.391800e-02,474400
2.393100e-02,474080
2.402600e-02,474030
2.414300e-02,474700
2.422100e-02,471640
2.423200e-02,469030
2.430600e-02,469800
2.433400e-02,468770
2.438600e-02,469250
2.449700e-02,469450
2.455500e-02,467930
2.462300e-02,470730
2.466900e-02,467730
2.470900e-02,468200
2.478600e-02,470700
2.481500e-02,468780
2.488100e-02,468370
2.491500e-02,470480
2.496600e-02,468810
2.502800e-02,468920
2.504000e-02,470760
2.515100e-02,470860
2.517300e-02,468760
2.527600e-02,471540
2.533300e-02,468530
2.537000e-02,467920
2.543700e-02,470580
2.550500e-02,470130
2.558100e-02,467800
2.565700e-02,470320
2.568500e-02,467500
2.573300e-02,467620
2.579200e-02,470540
2.584200e-02,469430
2.589100e-02,467030
2.601500e-02,468920
2.602300e-02,466590
2.607700e-02,466550
2.615500e-02,467340
2.623400e-02,466220
2.625500e-02,464510
2.635200e-02,464620
2.636900e-02,464820
2.639900e-02,464540
2.648400e-02,465370
2.652400e-02,463890
2.660400e-02,465770
2.666100e-02,463550
2.669400e-02,462890
2.676600e-02,464620
2.683200e-02,463530
2.688400e-02,461220
2.694000e-02,463110
2.700700e-02,460860
2.705500e-02,460210
2.714800e-02,462370
2.717200e-02,462800
2.719700e-02,459340
2.727000e-02,460710
2.730900e-02,458850
2.733900e-02,460200
2.746400e-02,461130
2.749200e-02,460640
2.750400e-02,459690
2.759600e-02,462230
2.760700e-02,461680
2.769700e-02,464290
2.775600e-02,462740
2.781600e-02,461110
2.790200e-02,463320
2.791800e-02,459970
2.796800e-02,458920
2.800200e-02,459320
2.806700e-02,459580
2.811700e-02,459710
2.812900e-02,458970
2.822500e-02,459750
2.827900e-02,459750
2.836600e-02,461350
2.842000e-02,460830
2.848700e-02,458100
2.857700e-02,460100
2.860800e-02,457670
2.866600e-02,456740
2.879100e-02,459180
2.883600e-02,458830
2.886300e-02,454930
2.892700e-02,457950
2.896000e-02,454980
2.902000e-02,455360
2.909000e-02,457170
2.915900e-02,456680
2.920900e-02,454170
2.928300e-02,453060
2.933700e-02,453970
2.941600e-02,453110
2.950400e-02,453530
2.953300e-02,451350
2.956700e-02,451650
2.967400e-02,451360
2.972000e-02,452210
2.974600e-02,452730
2.984900e-02,453520
2.986400e-02,451550
2.993200e-02,453590
2.999000e-02,450910
3.002100e-02,451490
3.013200e-02,454480
3.017500e-02,453990
3.020700e-02,450650
3.029300e-02,454710
3.032800e-02,452560
3.036700e-02,452480
3.049900e-02,453950
3.052100e-02,453900
3.055600e-02,453000
3.062500e-02,452990
3.068400e-02,452230
3.073900e-02,452140
3.082600e-02,452570
3.089900e-02,451330
3.090900e-02,449440
3.100600e-02,450100
3.104900e-02,450090
3.108700e-02,450520
3.119600e-02,451150
3.120200e-02,450020
3.124600e-02,450500
3.135100e-02,449810
3.140200e-02,450300
3.145800e-02,451740
3.152600e-02,451150
3.158000e-02,450250
3.157400e-02,449510
3.168700e-02,450060
3.171700e-02,449620
3.179400e-02,451110
3.191400e-02,452210
3.195800e-02,449210
3.204400e-02,451200
3.205300e-02,447850
3.211600e-02,447250
3.219700e-02,451300
3.226800e-02,450650
3.230500e-02,447250
3.236700e-02,449060
3.240700e-02,446360
3.244100e-02,446680
3.252300e-02,448390
3.256800e-02,446750
3.261700e-02,446870
3.266600e-02,445660
3.273000e-02,446370
3.277200e-02,446860
3.286400e-02,446260
3.290500e-02,444880
3.292400e-02,444640
3.301000e-02,444700
3.304500e-02,444130
3.311800e-02,446640
3.317200e-02,444660
3.320700e-02,442970
3.330600e-02,445360
3.332300e-02,442660
3.332800e-02,442750
3.343900e-02,446700
3.351200e-02,446010
3.353700e-02,443110
3.365100e-02,445790
3.365500e-02,442960
3.370400e-02,442480
3.379300e-02,444930
3.385500e-02,444350
3.387900e-02,444440
3.398800e-02,443980
3.399400e-02,444200
3.407800e-02,444640
3.413300e-02,444040
3.421100e-02,442560
3.424500e-02,440990
3.432600e-02,442470
3.435800e-02,441500
3.442000e-02,441130
3.451700e-02,442590
3.455400e-02,441220
3.458600e-02,441700
3.465400e-02,440470
3.467700e-02,439970
3.477700e-02,440650
3.487100e-02,441000
3.493800e-02,439430
3.496300e-02,439960
3.504500e-02,439630
3.507500e-02,439360
3.518300e-02,440880
3.521600e-02,440650
3.528700e-02,437600
3.537700e-02,439030
3.537700e-02,437370
3.540700e-02,437050
3.552600e-02,440080
3.555900e-02,439250
3.561000e-02,436670
3.567500e-02,438350
3.572800e-02,438160
3.575700e-02,436420
3.588200e-02,439290
3.591700e-02,439130
3.592800e-02,440000
3.601900e-02,439240
3.606100e-02,439560
3.610800e-02,439210
3.622200e-02,439630
3.623600e-02,437090
3.629600e-02,437480
3.640300e-02,436860
3.643500e-02,436950
3.647100e-02,437540
3.655600e-02,437500
3.660800e-02,434930
3.669500e-02,436380
3.671600e-02,434600
3.677100e-02,434260
3.687600e-02,436860
3.690900e-02,435190
3.693200e-02,433210
3.702100e-02,435920
3.705500e-02,434280
3.709600e-02,433860
3.719100e-02,435730
3.723900e-02,435140
3.726200e-02,435740
3.733700e-02,434980
3.736800e-02,432980
3.743200e-02,433650
3.759100e-02,436030
3.762800e-02,434840
3.764000e-02,433280
3.773200e-02,436350
3.778800e-02,435760
3.782600e-02,434500
3.792800e-02,435670
3.798600e-02,434530
3.803300e-02,435420
3.814600e-02,433620
3.815600e-02,434800
3.822700e-02,437070
3.831800e-02,436090
3.834300e-02,434400
3.837500e-02,435120
3.847100e-02,433920
3.849800e-02,433920
3.860400e-02,435380
3.867100e-02,434750
3.869900e-02,432590
3.879700e-02,432670
3.885100e-02,431430
3.889200e-02,431370
3.898400e-02,433570
3.903400e-02,432560
3.907400e-02,430590
3.917600e-02,431760
3.920000e-02,430970
3.927400e-02,431970
3.936500e-02,431260
3.941400e-02,430120
3.947700e-02,431120
3.955000e-02,429790
3.957300e-02,429520
3.968200e-02,431550
3.972300e-02,430290
3.979600e-02,429030
3.980300e-02,429210
3.988400e-02,428630
3.991100e-02,428200
3.995900e-02,430090
4.007800e-02,430190
4.010600e-02,427620
4.018000e-02,429300
4.021100e-02,427820
4.026100e-02,427580
4.038900e-02,430880
4.042500e-02,430480
4.046500e-02,428720
4.056800e-02,430070
4.057100e-02,428510
4.061600e-02,427670
4.073000e-02,430130
4.077200e-02,427690
4.081100e-02,424690
4.092800e-02,426720
4.095600e-02,425680
4.101100e-02,425930
4.110300e-02,426730
4.115500e-02,426810
4.117500e-02,424660
4.127500e-02,426150
4.129800e-02,425960
4.135700e-02,427740
4.146500e-02,426860
4.148800e-02,425200
4.156800e-02,427730
4.159500e-02,424850
4.166600e-02,424680
4.175000e-02,426520
4.179500e-02,426600
4.182700e-02,425090
4.189700e-02,426760
4.199400e-02,425220
4.202200e-02,425190
4.207800e-02,427310
4.215400e-02,426280
4.217400e-02,423380
4.231300e-02,424320
4.232700e-02,423550
4.236900e-02,423830
4.249600e-02,425240
4.253800e-02,424620
4.254200e-02,421860
4.264100e-02,423300
4.264900e-02,423590
4.277100e-02,423270
4.283300e-02,423760
4.287300e-02,422480
4.295400e-02,423500
4.300700e-02,422200
4.307100e-02,421320
4.313300e-02,422750
4.318000e-02,423050
4.321400e-02,421800
4.328300e-02,423270
4.332500e-02,421060
4.337700e-02,421730
4.343600e-02,424420
4.349100e-02,424120
4.351700e-02,421620
4.360900e-02,423250
4.361800e-02,422040
4.365000e-02,420710
4.377000e-02,424340
4.384800e-02,424660
4.388600e-02,421400
4.398000e-02,422600
4.398600e-02,420540
4.404400e-02,420320
4.413900e-02,422240
4.418800e-02,421910
4.422500e-02,419490
4.430000e-02,419840
4.433700e-02,420560
4.437400e-02,419930
4.450900e-02,422010
4.452600e-02,420540
4.459200e-02,419630
4.468100e-02,420190
4.470700e-02,419420
4.480800e-02,422020
4.484500e-02,420810
4.487800e-02,419070
4.497800e-02,420200
4.497200e-02,418790
4.506400e-02,418290
4.516800e-02,419760
4.521000e-02,418560
4.522400e-02,416840
4.530900e-02,418590
4.536900e-02,416360
4.540700e-02,416500
4.548900e-02,418440
4.552500e-02,418240
4.558700e-02,416390
4.568300e-02,416750
4.569200e-02,417060
4.575000e-02,416340
4.585700e-02,418640
4.590300e-02,416730
4.592500e-02,416220
4.603700e-02,416750
4.604500e-02,416430
4.612400e-02,418820
4.615900e-02,417250
4.622000e-02,416460
4.628000e-02,417840
4.633400e-02,416210
4.637400e-02,416120
4.650400e-02,418170
4.657500e-02,418000
4.659100e-02,414670
4.665700e-02,417060
4.666000e-02,416360
4.672100e-02,415650
4.683000e-02,417540
4.687900e-02,415480
4.693200e-02,415300
4.704400e-02,416000
4.705100e-02,414800
4.712100e-02,414870
4.719300e-02,416970
4.723600e-02,416500
4.727600e-02,414820
4.735700e-02,416290
4.737000e-02,415010
4.742900e-02,414620
4.757500e-02,417900
4.759000e-02,417450
4.760700e-02,416230
4.768600e-02,415840
4.770000e-02,416510
4.776900e-02,417690
4.789900e-02,417500
4.796000e-02,415500
4.798900e-02,414890
4.804800e-02,414490
4.812800e-02,414900
4.813400e-02,414850
4.823500e-02,416120
4.825600e-02,414470
4.838300e-02,416520
4.839400e-02,413610
4.845900e-02,413800
4.853800e-02,415760
4.860800e-02,416500
4.864500e-02,413970
4.869700e-02,416340
4.872900e-02,413400
4.877900e-02,414580
4.887900e-02,415970
4.894300e-02,414570
4.897300e-02,413490
4.909100e-02,413950
4.910600e-02,413480
4.914800e-02,414160
4.923900e-02,414610
4.929300e-02,413220
4.932800e-02,413150
4.945200e-02,413200
4.949600e-02,412840
4.956600e-02,414790
4.960200e-02,414050
4.966700e-02,411780
4.974700e-02,413310
4.976400e-02,410600
4.981500e-02,410840
4.990300e-02,414670
4.998400e-02,413970
5.001100e-02,410820
5.004600e-02,411130
5.013500e-02,410280
5.019500e-02,410770
5.032800e-02,408980
5.041700e-02,404500
5.046000e-02,398620
5.055000e-02,399380
5.056300e-02,396300
5.058200e-02,397150
5.070700e-02,402340
5.073800e-02,403920
5.078200e-02,401560
5.086300e-02,405430
5.087100e-02,405280
5.092100e-02,406610
5.101000e-02,409020
5.106500e-02,409000
5.108000e-02,408940
5.117700e-02,409150
5.120200e-02,408460
5.122800e-02,408120
5.138400e-02,410010
5.138200e-02,409030
5.141300e-02,408570
5.152000e-02,409010
5.155000e-02,408620
5.160700e-02,409770
5.172500e-02,411010
5.173600e-02,407760
5.183000e-02,409420
5.185100e-02,407360
5.191300e-02,407060
5.202700e-02,409420
5.208100e-02,408250
5.209400e-02,406280
5.218100e-02,408090
5.221000e-02,407200
5.228700e-02,407440
5.237700e-02,408530
5.240200e-02,407630
5.246400e-02,407070
5.253800e-02,407210
5.256300e-02,408030
5.261800e-02,407660
5.270800e-02,409530
5.274700e-02,407660
5.281100e-02,407530
5.290700e-02,406200
5.293700e-02,405500
5.297600e-02,406400
5.309400e-02,407600
5.312600e-02,405640
5.317600e-02,407200
5.325200e-02,405000
5.329700e-02,405040
5.337100e-02,407580
5.342500e-02,407040
5.347200e-02,404540
5.350100e-02,405690
5.358900e-02,405920
5.361500e-02,405290
5.368600e-02,407520
5.375100e-02,407720
5.377500e-02,406250
5.386600e-02,406940
5.387200e-02,405540
5.397300e-02,405650
5.407500e-02,408080
5.409500e-02,407240
5.414000e-02,405030
5.422200e-02,406900
5.425900e-02,406100
5.429300e-02,405230
5.442100e-02,407280
5.445800e-02,405210
5.452800e-02,406650
5.456100e-02,403880
5.462700e-02,403200
5.475000e-02,407170
5.481900e-02,406610
5.485600e-02,404160
5.487200e-02,404030
5.498400e-02,403530
5.500800e-02,402740
5.511000e-02,405580
5.514800e-02,404990
5.517400e-02,403610
5.529200e-02,404190
5.530300e-02,403570
5.535600e-02,403060
5.545500e-02,405070
5.549400e-02,404870
5.554100e-02,403630
5.564700e-02,403850
5.566400e-02,403200
5.572100e-02,402200
5.579800e-02,402900
5.585200e-02,401430
5.589000e-02,402360
5.597200e-02,401990
5.600800e-02,402150
5.610400e-02,404610
5.618900e-02,404250
5.622700e-02,402310
5.623600e-02,401490
5.632200e-02,402180
5.634200e-02,402040
5.638800e-02,401800
5.648700e-02,403780
5.653900e-02,402290
5.658600e-02,404180
5.665400e-02,401960
5.666600e-02,401620
5.672600e-02,402920
5.687700e-02,404040
5.688800e-02,402110
5.694700e-02,403110
5.700400e-02,402040
5.703100e-02,401510
5.714300e-02,403610
5.721500e-02,401650
5.721500e-02,400150
5.733000e-02,402990
5.734000e-02,401870
5.736500e-02,402100
5.754800e-02,404820
5.756200e-02,403470
5.759900e-02,401720
5.765400e-02,402870
5.772100e-02,401930
5.779300e-02,402650
5.788800e-02,402480
5.792400e-02,400100
5.798800e-02,402180
5.805000e-02,400550
5.807800e-02,399790
5.814100e-02,401000
5.823900e-02,402410
5.828400e-02,402390
5.833300e-02,402370
5.841300e-02,402340
5.843300e-02,402330
5.847100e-02,402320
5.845900e-02,402320
5.848600e-02,402310
5.848200e-02,402310
5.849100e-02,402310
5.848800e-02,402310
5.849100e-02,402310
5.847800e-02,402320
5.849600e-02,402310
5.848400e-02,402310
5.848200e-02,402310
5.848300e-02,402310
5.848700e-02,402310
5.850100e-02,402310
5.850100e-02,402310
5.848400e-02,402310
5.849900e-02,402310
5.847300e-02,402320
5.848000e-02,402320
5.848000e-02,402320
5.848600e-02,402310
5.849400e-02,402310
5.847600e-02,402320
5.848000e-02,402320
5.848000e-02,402320
5.847800e-02,402320
5.848300e-02,402310
5.848300e-02,402310
5.848500e-02,402310
5.849200e-02,402310
5.849100e-02,402310
5.847300e-02,402320
5.847800e-02,402320
5.847400e-02,402320
5.847500e-02,402320
5.847700e-02,402320
5.847900e-02,402320
5.848100e-02,402310
5.847400e-02,402320
5.850000e-02,402310
5.848800e-02,402310
5.848000e-02,402320
5.848200e-02,402310
5.849000e-02,402310
5.848000e-02,402320
5.848500e-02,402310
5.849000e-02,402310
5.848800e-02,402310
5.848400e-02,402310
5.847900e-02,402320
5.849000e-02,402310
5.850100e-02,402310
5.849500e-02,402310
5.848000e-02,402320
5.848300e-02,402310
5.849500e-02,402310
5.848800e-02,402310
5.848700e-02,402310
5.849100e-02,402310
5.848800e-02,402310
5.849300e-02,402310
5.848900e-02,402310
5.848000e-02,402320
5.847100e-02,402320
5.847500e-02,402320
5.848500e-02,402310
5.848300e-02,402310
5.849400e-02,402310
5.848800e-02,402310
5.849500e-02,402310
5.847200e-02,402320
5.848300e-02,402310
5.848200e-02,402310
5.849000e-02,402310
5.847900e-02,402320
5.848800e-02,402310
5.849100e-02,402310
5.847900e-02,402320
5.848000e-02,402320
5.847700e-02,402320
5.848500e-02,402310
5.849700e-02,402310
5.848200e-02,402310
5.848100e-02,402310
5.846900e-02,402320
5.848200e-02,402310
5.848800e-02,402310
5.847700e-02,402320
5.848200e-02,402310
5.847600e-02,402320
5.849100e-02,402310
5.848800e-02,402310
5.848100e-02,402310
5.848100e-02,402310
5.848400e-02,402310
5.848700e-02,402310
5.848400e-02,402310
5.849000e-02,402310
5.848500e-02,402310
5.849500e-02,402310
5.848700e-02,402310
5.848200e-02,402310
5.848100e-02,402310
5.850400e-02,402310
5.848700e-02,402310
5.849600e-02,402310
5.849900e-02,402310
5.848500e-02,402310
5.850000e-02,402310
5.853100e-02,402300
5.853700e-02,402290
5.856500e-02,402280
5.858100e-02,402280
5.858600e-02,402280
5.860900e-02,402270
5.862800e-02,402260
5.864500e-02,402250
5.865300e-02,402250
5.861400e-02,397930
5.860500e-02,397260
5.859300e-02,396360
5.853100e-02,391750
5.844600e-02,385430
5.838600e-02,380910
5.831000e-02,373910
5.822500e-02,365500
5.819900e-02,360980
5.811000e-02,354990
5.798800e-02,346320
5.793500e-02,341370
5.782800e-02,334460
5.773200e-02,327000
5.765100e-02,322320
5.758600e-02,317860
5.746100e-02,311880
5.736800e-02,307510
5.728900e-02,303260
5.716200e-02,297780
5.708100e-02,293640
5.698900e-02,288220
5.685800e-02,282550
5.678600e-02,276920
5.667600e-02,270740
5.660800e-02,267190
5.650400e-02,263240
5.638500e-02,256120
5.630400e-02,253150
5.621700e-02,247200
5.612000e-02,241190
5.604200e-02,237530
5.598300e-02,233010
5.587700e-02,225950
5.578800e-02,222170
5.570300e-02,218790
5.555900e-02,212070
5.547100e-02,207960
5.534000e-02,204090
5.522300e-02,196810
5.513600e-02,193750
5.503300e-02,189210
5.494600e-02,183270
5.484300e-02,178600
5.477500e-02,174520
5.465700e-02,168820
5.456500e-02,164600
5.444000e-02,157840
5.422800e-02,153540
5.413300e-02,149160
5.402300e-02,142730
5.393000e-02,139770
5.383200e-02,134640
5.371500e-02,1.285500e+05
5.363900e-02,124470
5.355100e-02,120120
5.347100e-02,113570
5.339000e-02,111840
5.330000e-02,106760
5.319900e-02,99638
5.307900e-02,94606
5.303800e-02,92136
5.287300e-02,83874
5.276400e-02,80910
5.265300e-02,76730
5.253100e-02,69556
5.244200e-02,64675
5.238100e-02,61870
5.224800e-02,56917
5.213400e-02,50674
5.205800e-02,46787
5.192700e-02,41856
5.185200e-02,37208
5.177100e-02,31412
5.160700e-02,28476
5.149800e-02,23124
5.140200e-02,17234
5.130600e-02,14321
5.123900e-02,10117
5.111800e-02,3.837500e+03
5.096800e-02,1.293900e+03
5.089400e-02,-4.587900e+03
5.076700e-02,-10630
5.068500e-02,-13857
5.059100e-02,-17871
5.044600e-02,-24146
5.037100e-02,-27138
5.027800e-02,-30756
5.017600e-02,-37129
5.012600e-02,-41356
5.002600e-02,-44919
4.985500e-02,-52057
4.976800e-02,-54521
4.966400e-02,-58244
4.951500e-02,-6.412300e+04
4.941900e-02,-68737
4.934700e-02,-71032
4.920100e-02,-77191
4.913400e-02,-80647
4.893000e-02,-85723
4.881300e-02,-87635
4.870900e-02,-94457
4.862100e-02,-98691
4.849100e-02,-102620
4.839200e-02,-107910
4.827800e-02,-113210
4.816900e-02,-115600
4.805400e-02,-120410
4.791800e-02,-126120
4.786700e-02,-127990
4.773900e-02,-132620
4.758000e-02,-138790
4.749300e-02,-143000
4.739200e-02,-146960
4.725100e-02,-152220
4.718500e-02,-154420
4.703300e-02,-158570
4.691700e-02,-164230
4.684100e-02,-167420
4.673700e-02,-169600
4.660300e-02,-175740
4.649900e-02,-180320
4.641900e-02,-183070
4.627600e-02,-187380
4.618000e-02,-191160
4.611600e-02,-194240
4.599800e-02,-199330
4.587400e-02,-202990
4.577100e-02,-207410
4.568900e-02,-209640
4.559500e-02,-213620
4.548300e-02,-219530
4.533200e-02,-221360
4.523100e-02,-225890
4.513100e-02,-230800
4.500900e-02,-232650
4.491300e-02,-236260
4.479800e-02,-241270
4.469700e-02,-243040
4.460200e-02,-246860
4.447000e-02,-251580
4.444400e-02,-252810
4.432300e-02,-257390
4.417700e-02,-262920
4.411400e-02,-264450
4.399700e-02,-268250
4.386100e-02,-273040
4.379500e-02,-276380
4.368600e-02,-278230
4.356500e-02,-283260
4.346700e-02,-286520
4.338300e-02,-287450
4.324400e-02,-292010
4.312000e-02,-295350
4.304200e-02,-298720
4.290000e-02,-301870
4.279800e-02,-305030
4.273100e-02,-307440
4.262000e-02,-310610
4.249300e-02,-313930
4.240900e-02,-318450
4.229500e-02,-319940
4.217800e-02,-323940
4.205600e-02,-327900
4.197800e-02,-328880
4.180800e-02,-332130
4.167800e-02,-336150
4.160000e-02,-336280
4.148900e-02,-339820
4.134300e-02,-344140
4.128300e-02,-345040
4.118000e-02,-347670
4.102900e-02,-351260
4.092500e-02,-353320
4.082900e-02,-355780
4.072400e-02,-359170
4.061000e-02,-362230
4.053200e-02,-363120
4.036900e-02,-366380
4.026800e-02,-369620
4.017600e-02,-370660
4.004300e-02,-373350
3.994200e-02,-375280
3.987900e-02,-376920
3.973500e-02,-380410
3.962900e-02,-382400
3.952300e-02,-385290
3.938100e-02,-386490
3.926300e-02,-387950
3.914100e-02,-391750
3.906200e-02,-391270
3.895300e-02,-393770
3.883000e-02,-396910
3.871900e-02,-399490
3.863100e-02,-399380
3.849000e-02,-402240
3.839100e-02,-401210
3.825700e-02,-403920
3.813600e-02,-407250
3.806200e-02,-409580
3.794700e-02,-409140
3.781600e-02,-412190
3.772400e-02,-412170
3.762500e-02,-413760
3.748200e-02,-416230
3.738600e-02,-417340
3.730800e-02,-418210
3.714900e-02,-420140
3.705100e-02,-421490
3.697300e-02,-421270
3.681100e-02,-422780
3.670000e-02,-423280
3.658500e-02,-426120
3.646500e-02,-425050
3.635800e-02,-427110
3.622500e-02,-429950
3.610800e-02,-427190
3.600200e-02,-428150
3.588500e-02,-431060
3.576000e-02,-429500
3.564600e-02,-429810
3.552200e-02,-432460
3.542000e-02,-431000
3.531400e-02,-431250
3.517000e-02,-432440
3.508900e-02,-430250
3.496100e-02,-430990
3.484900e-02,-433200
3.472500e-02,-432850
3.461800e-02,-431320
3.446100e-02,-432370
3.435500e-02,-432260
3.426500e-02,-431390
3.413900e-02,-431260
3.400100e-02,-430890
3.392800e-02,-430950
3.378200e-02,-431550
3.365600e-02,-430930
3.354500e-02,-431580
3.345000e-02,-429540
3.337000e-02,-430220
3.322600e-02,-431640
3.310600e-02,-430090
3.297400e-02,-431230
3.284000e-02,-433220
3.273200e-02,-431490
3.260700e-02,-431370
3.250300e-02,-431850
3.242000e-02,-429210
3.231700e-02,-430980
3.217700e-02,-432280
3.206500e-02,-429960
3.197100e-02,-429590
3.184600e-02,-431510
3.172900e-02,-429220
3.157800e-02,-428940
3.146100e-02,-430370
3.133700e-02,-430340
3.124000e-02,-428890
3.107900e-02,-429360
3.098600e-02,-431840
3.087200e-02,-429430
3.073900e-02,-430170
3.061600e-02,-429980
3.051800e-02,-430150
3.038900e-02,-429650
3.024800e-02,-430500
3.010600e-02,-430930
3.003900e-02,-428210
2.992200e-02,-429440
2.977600e-02,-430700
2.967800e-02,-426640
2.954700e-02,-428330
2.944400e-02,-429880
2.933300e-02,-425470
2.922000e-02,-425730
2.908800e-02,-427630
2.899100e-02,-424650
2.886900e-02,-426230
2.873900e-02,-428620
2.862400e-02,-426490
2.852600e-02,-424800
2.837700e-02,-427500
2.829200e-02,-425260
2.819100e-02,-425820
2.802500e-02,-427050
2.789700e-02,-426100
2.779300e-02,-423690
2.765000e-02,-425670
2.752000e-02,-423610
2.745600e-02,-421720
2.732900e-02,-421380
2.719300e-02,-422250
2.709800e-02,-423270
2.695000e-02,-422150
2.680000e-02,-421910
2.673500e-02,-421420
2.660700e-02,-419860
2.648800e-02,-419530
2.635700e-02,-420920
2.624100e-02,-418780
2.611700e-02,-419510
2.600800e-02,-420420
2.591900e-02,-418440
2.581200e-02,-417080
2.568300e-02,-419330
2.560000e-02,-417530
2.548800e-02,-418250
2.533500e-02,-419470
2.523500e-02,-418740
2.511200e-02,-416780
2.497400e-02,-418340
2.487300e-02,-416220
2.478400e-02,-415770
2.466500e-02,-417050
2.454200e-02,-417630
2.442800e-02,-415620
2.425500e-02,-416730
2.414600e-02,-415680
2.404600e-02,-414510
2.392400e-02,-413460
2.383300e-02,-414110
2.373600e-02,-414600
2.353400e-02,-414500
2.341600e-02,-414020
2.329500e-02,-414770
2.323500e-02,-412390
2.311400e-02,-411590
2.302900e-02,-413250
2.290200e-02,-411910
2.277500e-02,-414440
2.262200e-02,-415190
2.251700e-02,-411670
2.245600e-02,-408720
2.228700e-02,-407930
2.222400e-02,-405180
2.212600e-02,-405120
2.195700e-02,-407940
2.185100e-02,-407870
2.172700e-02,-409550
2.157300e-02,-410340
2.152100e-02,-406510
2.142200e-02,-406530
2.126200e-02,-409630
2.115100e-02,-409480
2.107000e-02,-408270
2.090400e-02,-410400
2.077900e-02,-408710
2.071300e-02,-408150
2.059400e-02,-406790
2.048100e-02,-406900
2.037700e-02,-408950
2.023100e-02,-407780
2.011900e-02,-408090
2.003400e-02,-408270
1.989600e-02,-406140
1.979500e-02,-406420
1.970800e-02,-407210
1.959100e-02,-405760
1.947500e-02,-406760
1.933600e-02,-407790
1.926000e-02,-405640
1.912800e-02,-405900
1.897800e-02,-407010
1.891200e-02,-404910
1.880500e-02,-404840
1.865200e-02,-407550
1.853000e-02,-406670
1.840600e-02,-405310
1.825300e-02,-406710
1.814700e-02,-405630
1.802300e-02,-404350
1.790900e-02,-405040
1.779400e-02,-404070
1.772500e-02,-403060
1.756300e-02,-403930
1.746100e-02,-402970
1.735400e-02,-403100
1.722200e-02,-401210
1.710900e-02,-401790
1.703600e-02,-401640
1.689000e-02,-401330
1.684800e-02,-401240
1.681300e-02,-401170
1.679500e-02,-401130
1.677400e-02,-401080
1.678100e-02,-401100
1.677700e-02,-401090
1.678400e-02,-401110
1.677800e-02,-401090
1.677200e-02,-401080
1.676400e-02,-401060
1.678100e-02,-401100
1.677800e-02,-401090
1.676800e-02,-401070
1.675700e-02,-401050
1.677300e-02,-401080
1.676800e-02,-401070
1.676800e-02,-401070
1.676700e-02,-401070
1.675900e-02,-401050
1.676500e-02,-401060
1.676000e-02,-401050
1.677800e-02,-401090
1.676300e-02,-401060
1.676900e-02,-401070
1.676300e-02,-401060
1.675700e-02,-401050
1.676200e-02,-401060
1.676700e-02,-401070
1.677100e-02,-401080
1.676300e-02,-401060
1.676800e-02,-401070
1.675700e-02,-401050
1.675700e-02,-401050
1.673100e-02,-400990
1.673500e-02,-401000
1.671200e-02,-400950
1.671000e-02,-400950
1.669300e-02,-400910
1.666700e-02,-400860
1.666800e-02,-400860
1.667200e-02,-400870
1.671300e-02,-398300
1.678200e-02,-395170
1.686000e-02,-391630
1.693000e-02,-388460
1.703800e-02,-383560
1.710900e-02,-380340
1.719000e-02,-376670
1.730900e-02,-371270
1.740200e-02,-367050
1.748400e-02,-363330
1.759500e-02,-358300
1.767700e-02,-354580
1.774800e-02,-351360
1.788600e-02,-345100
1.798300e-02,-340700
1.808200e-02,-336210
1.818500e-02,-331540
1.829400e-02,-326600
1.838300e-02,-322560
1.848200e-02,-318070
1.860000e-02,-313390
1.871800e-02,-309140
1.882300e-02,-303990
1.893300e-02,-298470
1.902100e-02,-294210
1.909500e-02,-290180
1.919100e-02,-285110
1.932400e-02,-278170
1.942800e-02,-275550
1.954600e-02,-268750
1.966600e-02,-263170
1.974000e-02,-259050
1.980600e-02,-2.571500e+05
1.995800e-02,-250460
2.004000e-02,-245930
2.015800e-02,-241580
2.027100e-02,-235190
2.037600e-02,-231250
2.045100e-02,-227940
2.056100e-02,-222740
2.065700e-02,-218560
2.072700e-02,-214150
2.087200e-02,-207990
2.101800e-02,-202260
2.110300e-02,-197680
2.119600e-02,-194500
2.129500e-02,-190620
2.133100e-02,-186610
2.145400e-02,-182670
2.157900e-02,-176170
2.166600e-02,-170880
2.179200e-02,-166580
2.188700e-02,-161730
2.200100e-02,-157420
2.207400e-02,-154020
2.218000e-02,-148970
2.230700e-02,-142250
2.241000e-02,-138590
2.252500e-02,-132700
2.263200e-02,-127650
2.275800e-02,-123030
2.281700e-02,-120740
2.296700e-02,-115430
2.302100e-02,-111550
2.315500e-02,-106110
2.331100e-02,-99899
2.341300e-02,-95662
2.345700e-02,-91963
2.359000e-02,-88121
2.365900e-02,-83736
2.376900e-02,-78170
2.388400e-02,-73159
2.399400e-02,-69242
2.411000e-02,-6.436700e+04
2.420900e-02,-60295
2.430100e-02,-55192
2.439000e-02,-50351
2.449000e-02,-47043
2.459800e-02,-42577
2.469800e-02,-37180
2.483200e-02,-33009
2.495000e-02,-28275
2.506100e-02,-23596
2.511400e-02,-19759
2.521700e-02,-15068
2.535200e-02,-9.477100e+03
2.542800e-02,-6.286600e+03
2.555100e-02,-1.490900e+03
2.566300e-02,4.566400e+03
2.576900e-02,8.245700e+03
2.582400e-02,10852
2.595700e-02,16985
2.605200e-02,21403
2.609900e-02,24655
2.627900e-02,29353
2.638600e-02,33434
2.644800e-02,37785
2.656100e-02,42240
2.666700e-02,45823
2.671800e-02,49478
2.685200e-02,55144
2.699100e-02,59063
2.703200e-02,63503
2.718400e-02,66458
2.726200e-02,71926
2.733200e-02,76531
2.746800e-02,79938
2.756800e-02,85027
2.767800e-02,90732
2.776800e-02,93606
2.785200e-02,97947
2.796400e-02,102760
2.802900e-02,105850
2.812500e-02,109140
2.823300e-02,113260
2.832000e-02,116080
2.841200e-02,120210
2.853900e-02,125550
2.864700e-02,1.289900e+05
2.869900e-02,131510
2.881200e-02,137270
2.893100e-02,140840
2.900700e-02,144070
2.914400e-02,148630
2.923300e-02,152010
2.929600e-02,155730
2.939900e-02,159690
2.950300e-02,163550
2.959500e-02,167580
2.971300e-02,171530
2.985000e-02,175190
2.996400e-02,181060
3.003900e-02,182710
3.016400e-02,183840
3.026500e-02,191180
3.034400e-02,194330
3.046400e-02,198240
3.060500e-02,205000
3.065700e-02,206290
3.079700e-02,210570
3.093600e-02,215090
3.101900e-02,218940
3.112900e-02,220580
3.125300e-02,225130
3.129500e-02,228200
3.140000e-02,231440
3.154200e-02,236330
3.163500e-02,239130
3.168600e-02,241590
3.181400e-02,246030
3.192200e-02,249830
3.202300e-02,252020
3.215000e-02,255630
3.225400e-02,2.586600e+05
3.236500e-02,2.620300e+05
3.251400e-02,265910
3.260300e-02,268540
3.267300e-02,271500
3.281400e-02,274870
3.291500e-02,277390
3.302000e-02,282260
3.314100e-02,283610
3.323400e-02,287320
3.333700e-02,292160
3.342200e-02,293780
3.353200e-02,296660
3.366400e-02,300950
3.375500e-02,302560
3.388000e-02,305270
3.399900e-02,308690
3.410900e-02,312610
3.421200e-02,312870
3.433500e-02,317200
3.444200e-02,320450
3.454500e-02,321480
3.467300e-02,324410
3.478400e-02,327530
3.486500e-02,329470
3.499400e-02,332230
3.510700e-02,335050
3.518900e-02,336110
3.530600e-02,339830
3.544400e-02,342270
3.550500e-02,343980
3.567100e-02,346080
3.576700e-02,348490
3.590500e-02,351590
3.603200e-02,350320
3.611800e-02,352130
3.624300e-02,357330
3.633100e-02,355970
3.645700e-02,358740
3.659000e-02,361740
3.666100e-02,362760
3.677700e-02,364620
3.694200e-02,367700
3.698900e-02,368530
3.713000e-02,370420
3.727700e-02,372380
3.740600e-02,373960
3.746600e-02,373330
3.762700e-02,375350
3.772200e-02,378250
3.782200e-02,377020
3.798000e-02,379010
3.808500e-02,379930
3.814300e-02,380010
3.828200e-02,381890
3.840900e-02,384540
3.848500e-02,382610
3.862700e-02,384800
3.874300e-02,385840
3.885200e-02,388440
3.895200e-02,387710
3.907900e-02,387620
3.921200e-02,389900
3.932900e-02,388500
3.942200e-02,388170
3.959000e-02,390230
3.965100e-02,388160
3.977900e-02,389150
3.993500e-02,390570
3.999300e-02,390920
4.012400e-02,391510
4.029000e-02,392350
4.038100e-02,389560
4.051300e-02,387320
4.064500e-02,387730
4.074400e-02,387350
4.082800e-02,387390
4.097400e-02,390220
4.109500e-02,390900
4.115800e-02,388760
4.131400e-02,391030
4.143000e-02,391400
4.150500e-02,390470
4.165500e-02,391200
4.175600e-02,390740
4.185200e-02,391510
4.195500e-02,390590
4.209700e-02,391780
4.217500e-02,392740
4.231200e-02,392160
4.244700e-02,392550
4.255700e-02,393700
4.263200e-02,391230
4.280200e-02,391350
4.291800e-02,393170
4.300700e-02,391830
4.312200e-02,392430
4.325400e-02,393900
4.338300e-02,393930
4.346500e-02,391680
4.360100e-02,394320
4.367500e-02,394970
4.378500e-02,392790
4.394800e-02,394240
4.403800e-02,393460
4.410000e-02,391720
4.425700e-02,395430
4.440000e-02,395500
4.448200e-02,393500
4.466800e-02,393070
4.481300e-02,390780
4.484400e-02,388080
4.499900e-02,389730
4.510900e-02,391930
4.521600e-02,395720
4.533900e-02,395860
4.544500e-02,396080
4.554900e-02,397390
4.565500e-02,394940
4.576200e-02,394630
4.593500e-02,396520
4.599900e-02,394160
4.611500e-02,394770
4.631700e-02,396270
4.634700e-02,394010
4.646000e-02,394540
4.663400e-02,395530
4.675900e-02,393760
4.684500e-02,393720
4.700700e-02,393640
4.702600e-02,393630
4.703300e-02,393620
4.702900e-02,393620
4.704100e-02,393620
4.703700e-02,393620
4.705300e-02,393610
4.704100e-02,393620
4.705100e-02,393610
4.703700e-02,393620
4.704500e-02,393620
4.703700e-02,393620
4.704700e-02,393610
4.704600e-02,393620
4.704300e-02,393620
4.704800e-02,393610
4.705700e-02,393610
4.703900e-02,393620
4.704600e-02,393620
4.703700e-02,393620
4.705200e-02,393610
4.704200e-02,393620
4.704200e-02,393620
4.703800e-02,393620
4.705200e-02,393610
4.704500e-02,393620
4.705000e-02,393610
4.705500e-02,393610
4.703900e-02,393620
4.705900e-02,393610
4.704000e-02,393620
4.705500e-02,393610
4.704100e-02,393620
4.705300e-02,393610
4.706200e-02,393610
4.705200e-02,393610
4.705700e-02,393610
4.704900e-02,393610
4.703300e-02,393620
4.705100e-02,393610
4.706400e-02,393610
4.705600e-02,393610
4.705100e-02,393610
4.705500e-02,393610
4.708600e-02,393590
4.710400e-02,393590
4.712100e-02,393580
4.714500e-02,393560
4.715200e-02,393560
4.718200e-02,393540
4.718800e-02,393540
4.719500e-02,393540
4.720500e-02,393170
4.714400e-02,388820
4.706000e-02,382840
4.702400e-02,380270
4.692100e-02,372930
4.686100e-02,368650
4.678400e-02,363160
4.668500e-02,356100
4.660300e-02,350260
4.652600e-02,344770
4.647900e-02,341420
4.639900e-02,335710
4.627600e-02,326950
4.617900e-02,320030
4.608300e-02,313190
4.595900e-02,304350
4.593800e-02,302850
4.584500e-02,296220
4.574600e-02,289160
4.567600e-02,284170
4.562600e-02,279780
4.551100e-02,273000
4.543000e-02,268530
4.535300e-02,264470
4.522800e-02,2.588500e+05
4.513900e-02,254770
4.509600e-02,251650
4.498500e-02,245310
4.488400e-02,241100
4.478900e-02,235590
4.470400e-02,231910
4.461500e-02,226520
4.450900e-02,220530
4.440700e-02,217120
4.430800e-02,211950
4.422100e-02,206420
4.408800e-02,202530
4.402500e-02,198140
4.387900e-02,191930
4.383700e-02,189240
4.371500e-02,184380
4.359600e-02,178080
4.354200e-02,175220
4.343600e-02,170220
4.331300e-02,163830
4.326600e-02,160860
4.314500e-02,156450
4.300600e-02,150630
4.282900e-02,145820
4.275400e-02,142840
4.263500e-02,136570
4.255500e-02,131520
4.249600e-02,128590
4.234900e-02,122530
4.223500e-02,118060
4.213900e-02,112650
4.199100e-02,107600
4.192100e-02,102940
4.181500e-02,98749
4.170400e-02,94641
4.157100e-02,89701
4.147300e-02,84826
4.137700e-02,81097
4.126400e-02,75729
4.116700e-02,70148
4.109600e-02,66986
4.096100e-02,62006
4.084500e-02,55967
4.077000e-02,53411
4.066200e-02,48545
4.053000e-02,42878
4.045300e-02,39676
4.033500e-02,35563
4.021700e-02,29590
4.012500e-02,26319
4.004400e-02,22269
3.991500e-02,16810
3.979700e-02,12663
3.974600e-02,9.218700e+03
3.960800e-02,3.687300e+03
3.951700e-02,-1.851400e+03
3.943300e-02,-5.430700e+03
3.930000e-02,-10021
3.921100e-02,-14492
3.914800e-02,-18649
3.902600e-02,-23993
3.891100e-02,-28056
3.880700e-02,-33072
3.867700e-02,-36741
3.857500e-02,-40606
3.842200e-02,-46400
3.834700e-02,-48133
3.820800e-02,-52384
3.810000e-02,-58530
3.801900e-02,-62680
3.794900e-02,-65515
3.784000e-02,-71281
3.775600e-02,-73609
3.763100e-02,-78407
3.753000e-02,-84077
3.741900e-02,-88451
3.732400e-02,-91144
3.717900e-02,-95852
3.710900e-02,-99137
3.698600e-02,-102800
3.685900e-02,-107930
3.676100e-02,-112090
3.669500e-02,-116450
3.654600e-02,-121300
3.642800e-02,-125640
3.635200e-02,-128430
3.623200e-02,-131190
3.613600e-02,-136100
3.601600e-02,-143530
3.592400e-02,-146710
3.582300e-02,-151100
3.568000e-02,-156860
3.556000e-02,-157940
3.546700e-02,-161950
3.532400e-02,-167580
3.521700e-02,-169740
3.510200e-02,-173350
3.496700e-02,-178420
3.489900e-02,-181060
3.481700e-02,-184980
3.468000e-02,-190150
3.461700e-02,-193020
3.449700e-02,-197130
3.437000e-02,-202710
3.425600e-02,-205920
3.416200e-02,-208240
3.402800e-02,-214130
3.391700e-02,-216810
3.382700e-02,-217950
3.367800e-02,-222020
3.357800e-02,-225710
3.350000e-02,-229260
3.335100e-02,-233790
3.326100e-02,-237650
3.317100e-02,-241370
3.306800e-02,-243370
3.297500e-02,-246720
3.285600e-02,-251130
3.275200e-02,-254140
3.263000e-02,-258180
3.250400e-02,-262920
3.240600e-02,-265090
3.227000e-02,-268040
3.215500e-02,-271810
3.208400e-02,-272730
3.196700e-02,-277300
3.184600e-02,-281950
3.174800e-02,-284980
3.162600e-02,-287830
3.149700e-02,-292550
3.138700e-02,-293110
3.127200e-02,-296670
3.116200e-02,-301040
3.100300e-02,-304250
3.090800e-02,-305630
3.079600e-02,-309810
3.067900e-02,-313750
3.058000e-02,-315720
3.045500e-02,-318380
3.037300e-02,-321150
3.027500e-02,-324670
3.014200e-02,-327060
3.001200e-02,-331230
2.987400e-02,-334380
2.977800e-02,-335130
2.967300e-02,-337710
2.954600e-02,-342340
2.946700e-02,-342080
2.931100e-02,-346220
2.917500e-02,-349890
2.907800e-02,-350320
2.898500e-02,-352560
2.885500e-02,-356450
2.876800e-02,-356550
2.864200e-02,-360080
2.850400e-02,-364320
2.839300e-02,-365700
2.827600e-02,-366680
2.814600e-02,-370070
2.806000e-02,-370410
2.796500e-02,-371120
2.781900e-02,-374480
2.771700e-02,-375790
2.760400e-02,-376640
2.746600e-02,-379150
2.736700e-02,-380860
2.727300e-02,-380280
2.714200e-02,-380780
2.702400e-02,-382300
2.691500e-02,-384340
2.676900e-02,-384080
2.664200e-02,-385260
2.654700e-02,-385970
2.644900e-02,-385380
2.631900e-02,-385780
2.622400e-02,-387450
2.611000e-02,-385400
2.599100e-02,-386880
2.587500e-02,-388900
2.574600e-02,-387270
2.564000e-02,-386000
2.552900e-02,-388070
2.543300e-02,-386170
2.533400e-02,-387380
2.516900e-02,-389090
2.506100e-02,-388120
2.497300e-02,-386060
2.480600e-02,-388010
2.470600e-02,-386110
2.461700e-02,-385600
2.445800e-02,-387250
2.432700e-02,-387560
2.425000e-02,-386540
2.404500e-02,-387200
2.394600e-02,-386720
2.387000e-02,-385950
2.375500e-02,-384300
2.362600e-02,-385250
2.352300e-02,-386110
2.337800e-02,-385510
2.323500e-02,-385930
2.311000e-02,-386220
2.304700e-02,-384000
2.294500e-02,-382470
2.283700e-02,-384680
2.272700e-02,-383210
2.257600e-02,-385770
2.242600e-02,-386760
2.231700e-02,-384250
2.220900e-02,-383630
2.207800e-02,-384770
2.203800e-02,-382300
2.191700e-02,-382940
2.178500e-02,-384170
2.166100e-02,-384160
2.156100e-02,-382520
2.139400e-02,-382680
2.135700e-02,-381650
2.124700e-02,-380800
2.110000e-02,-382520
2.098500e-02,-382850
2.091000e-02,-381230
2.071900e-02,-381970
2.063200e-02,-381060
2.055400e-02,-381030
2.041100e-02,-378990
2.031900e-02,-379220
2.020500e-02,-381930
2.004300e-02,-379570
1.992900e-02,-379690
1.983600e-02,-380390
1.972600e-02,-377180
1.962400e-02,-378120
1.951700e-02,-379080
1.940800e-02,-377700
1.929700e-02,-379150
1.912400e-02,-380190
1.907500e-02,-378130
1.894800e-02,-378040
1.881500e-02,-379130
1.873800e-02,-377370
1.859900e-02,-377700
1.848300e-02,-378400
1.835400e-02,-377420
1.822600e-02,-376380
1.809400e-02,-377540
1.798100e-02,-376170
1.789800e-02,-375060
1.775500e-02,-375890
1.765000e-02,-376330
1.755800e-02,-376330
1.739500e-02,-376350
1.729600e-02,-375720
1.719000e-02,-376610
1.706100e-02,-374240
1.697300e-02,-375450
1.692200e-02,-374580
1.676900e-02,-375140
1.665400e-02,-375350
1.655500e-02,-375990
1.644900e-02,-374860
1.634600e-02,-375400
1.622100e-02,-377410
1.613400e-02,-375160
1.600500e-02,-376280
1.588400e-02,-376140
1.577800e-02,-376030
1.567400e-02,-375910
1.567200e-02,-375910
1.565400e-02,-375890
1.566600e-02,-375900
1.563900e-02,-375870
1.563800e-02,-375870
1.563800e-02,-375870
1.563100e-02,-375870
1.563600e-02,-375870
1.563200e-02,-375870
1.562900e-02,-375860
1.561600e-02,-375850
1.562300e-02,-375860
1.563500e-02,-375870
1.562200e-02,-375860
1.562200e-02,-375860
1.561500e-02,-375850
1.562900e-02,-375860
1.561800e-02,-375850
1.563300e-02,-375870
1.563000e-02,-375870
1.561000e-02,-375840
1.562100e-02,-375860
1.561900e-02,-375850
1.562600e-02,-375860
1.563200e-02,-375870
1.563300e-02,-375870
1.560300e-02,-375840
1.561600e-02,-375850
1.562200e-02,-375860
1.561500e-02,-375850
1.562100e-02,-375860
1.562000e-02,-375850
1.562600e-02,-375860
1.562000e-02,-375850
1.561300e-02,-375850
1.562100e-02,-375860
1.560900e-02,-375840
1.561700e-02,-375850
1.562100e-02,-375860
1.562900e-02,-375860
1.560900e-02,-375840
1.559100e-02,-375820
1.556900e-02,-375800
1.556800e-02,-375800
1.554800e-02,-375780
1.553500e-02,-375760
1.551900e-02,-375740
1.551000e-02,-375730
1.552200e-02,-374880
1.555100e-02,-373530
1.559800e-02,-371330
1.567100e-02,-367910
1.571500e-02,-365850
1.580200e-02,-361780
1.589800e-02,-357290
1.599100e-02,-352940
1.605600e-02,-349890
1.616200e-02,-344930
1.624300e-02,-341140
1.636100e-02,-335620
1.644700e-02,-331600
1.651400e-02,-328460
1.666900e-02,-321210
1.674200e-02,-317790
1.685800e-02,-312360
1.699800e-02,-305810
1.709200e-02,-301410
1.716700e-02,-297900
1.729700e-02,-291820
1.737800e-02,-288030
1.745300e-02,-284520
1.759700e-02,-277780
1.770500e-02,-272720
1.781700e-02,-267940
1.790300e-02,-264900
1.802600e-02,-260430
1.807400e-02,-255780
1.819600e-02,-252640
1.830600e-02,-247650
1.838400e-02,-242930
1.853000e-02,-237950
1.864400e-02,-233060
1.871300e-02,-228570
1.882500e-02,-225170
1.892100e-02,-219970
1.908200e-02,-213210
1.916700e-02,-210130
1.930100e-02,-204820
1.941100e-02,-199680
1.946300e-02,-196530
1.953200e-02,-194180
1.965500e-02,-187480
1.975900e-02,-183530
1.987500e-02,-179020
2.003900e-02,-172680
2.012100e-02,-169020
2.018400e-02,-165850
2.030600e-02,-161360
2.040700e-02,-157070
2.049700e-02,-153180
2.062500e-02,-147160
2.077000e-02,-142220
2.085500e-02,-138180
2.093400e-02,-135530
2.101600e-02,-1.310500e+05
2.109400e-02,-127220
2.121100e-02,-123690
2.132800e-02,-117520
2.143200e-02,-112730
2.155100e-02,-107850
2.164600e-02,-103560
2.175700e-02,-99176
2.184100e-02,-96637
2.192800e-02,-91642
2.207500e-02,-85199
2.217300e-02,-82122
2.230100e-02,-76221
2.242100e-02,-71386
2.249900e-02,-67610
2.257600e-02,-6.508500e+04
2.271700e-02,-59517
2.276400e-02,-56140
2.290100e-02,-51409
2.304100e-02,-45459
2.315400e-02,-41321
2.324300e-02,-38131
2.337900e-02,-34400
2.347500e-02,-29773
2.355300e-02,-25289
2.368200e-02,-20219
2.378700e-02,-16609
2.385100e-02,-12445
2.395200e-02,-8.283400e+03
2.406900e-02,-3.686500e+03
2.417400e-02,3.675000e+02
2.428800e-02,4.027100e+03
2.437000e-02,8.044300e+03
2.448100e-02,12823
2.460700e-02,17014
2.472700e-02,20345
2.484000e-02,25991
2.492100e-02,29230
2.499900e-02,32939
2.515800e-02,38786
2.520000e-02,41415
2.531100e-02,46006
2.546800e-02,51504
2.553800e-02,55615
2.559800e-02,57769
2.575600e-02,63167
2.584000e-02,67065
2.590900e-02,69906
2.604600e-02,74360
2.618200e-02,76564
2.621700e-02,81894
2.635800e-02,85567
2.643800e-02,89216
2.648400e-02,92033
2.658500e-02,95826
2.669800e-02,99246
2.674100e-02,103220
2.690700e-02,106950
2.697500e-02,110310
2.706500e-02,114640
2.716400e-02,117690
2.727400e-02,122390
2.739800e-02,1.285100e+05
2.749500e-02,130620
2.756200e-02,134630
2.770600e-02,139990
2.776000e-02,142220
2.787000e-02,145830
2.799100e-02,150570
2.806600e-02,153290
2.816600e-02,157830
2.828000e-02,162340
2.839300e-02,166390
2.847000e-02,168100
2.859400e-02,173270
2.869400e-02,177360
2.879200e-02,179970
2.893300e-02,184060
2.903100e-02,186850
2.908500e-02,189720
2.919200e-02,194120
2.930900e-02,197390
2.939000e-02,200800
2.952600e-02,204420
2.962800e-02,207580
2.973800e-02,212780
2.984600e-02,214460
2.995300e-02,217120
3.006300e-02,222610
3.017700e-02,224930
3.027500e-02,228470
3.043700e-02,234180
3.051900e-02,234930
3.066200e-02,238530
3.077600e-02,242790
3.084700e-02,246120
3.098100e-02,247920
3.110100e-02,252570
3.118600e-02,255120
3.129200e-02,2.575200e+05
3.145600e-02,261870
3.156000e-02,264440
3.161600e-02,266730
3.178600e-02,271070
3.187800e-02,274370
3.196100e-02,275380
3.207300e-02,278950
3.218100e-02,281210
3.226200e-02,283890
3.240300e-02,287590
3.251000e-02,289750
3.257700e-02,291800
3.272400e-02,295800
3.282900e-02,297420
3.292800e-02,300510
3.304000e-02,302230
3.313600e-02,305210
3.323500e-02,310330
3.333200e-02,311540
3.340300e-02,313720
3.357100e-02,317700
3.364500e-02,318620
3.375400e-02,320810
3.390100e-02,323740
3.401300e-02,326640
3.411000e-02,326790
3.422500e-02,330750
3.432400e-02,332680
3.442700e-02,333430
3.455900e-02,336120
3.468800e-02,338730
3.474700e-02,339730
3.489600e-02,342540
3.498000e-02,344160
3.508300e-02,344580
3.521800e-02,347150
3.532400e-02,348120
3.541700e-02,349070
3.555500e-02,350470
3.566900e-02,352220
3.579400e-02,354220
3.589500e-02,353010
3.601800e-02,353310
3.614800e-02,357660
3.623400e-02,355340
3.637600e-02,356990
3.652000e-02,359450
3.660900e-02,358060
3.672900e-02,358800
3.689600e-02,361120
3.697400e-02,358660
3.709900e-02,359930
3.723800e-02,361710
3.734500e-02,362080
3.743900e-02,360880
3.760800e-02,362060
3.772800e-02,362600
3.780800e-02,361500
3.794200e-02,362910
3.806000e-02,362430
3.813600e-02,361350
3.830600e-02,363250
3.838800e-02,364750
3.846800e-02,363430
3.862500e-02,365190
3.874100e-02,364180
3.884400e-02,364000
3.897600e-02,362790
3.912300e-02,361820
3.925300e-02,363560
3.933100e-02,361610
3.945600e-02,361920
3.958000e-02,363530
3.966800e-02,362850
3.978900e-02,364330
3.994700e-02,365430
4.001900e-02,364560
4.013000e-02,364360
4.028500e-02,365670
4.035400e-02,363640
4.049200e-02,363360
4.059500e-02,364640
4.072800e-02,365480
4.082300e-02,364160
4.095400e-02,365450
4.106600e-02,364690
4.116900e-02,361100
4.130800e-02,361450
4.142000e-02,363330
4.153900e-02,358970
4.169400e-02,356030
4.184700e-02,353640
4.191800e-02,352090
4.204000e-02,352570
4.216800e-02,354280
4.224700e-02,356390
4.236600e-02,358280
4.246900e-02,360540
4.256700e-02,361730
4.270300e-02,360160
4.281400e-02,359730
4.294800e-02,361060
4.303100e-02,360030
4.314200e-02,361260
4.326200e-02,362510
4.335700e-02,362380
4.345900e-02,361650
4.362000e-02,363480
4.369800e-02,362960
4.381000e-02,362840
4.396100e-02,363900
4.410000e-02,363360
4.417100e-02,360330
4.432300e-02,362970
4.443200e-02,362280
4.455000e-02,361260
4.467700e-02,362580
4.478900e-02,362660
4.483900e-02,361570
4.501100e-02,362250
4.514100e-02,361420
4.522200e-02,361140
4.534700e-02,360350
4.550100e-02,359260
4.561500e-02,360960
4.567700e-02,358940
4.582600e-02,358790
4.591700e-02,359840
4.601700e-02,358150
4.616900e-02,358770
4.629700e-02,361210
4.639000e-02,359190
4.651300e-02,359290
4.666100e-02,359780
4.675800e-02,359620
4.686100e-02,358510
4.701300e-02,360360
4.708600e-02,359440
4.717900e-02,359660
4.730700e-02,361040
4.740700e-02,361220
4.751500e-02,359300
4.764400e-02,361350
4.776200e-02,361450
4.786500e-02,359570
4.802200e-02,360990
4.813900e-02,360550
4.825000e-02,360850
4.839800e-02,360860
4.853200e-02,359760
4.860700e-02,358660
4.875100e-02,358330
4.885600e-02,357660
4.896900e-02,359190
4.910600e-02,358850
4.921000e-02,358660
4.935600e-02,359780
4.944600e-02,357750
4.956500e-02,358990
4.971600e-02,360160
4.980700e-02,358520
4.991800e-02,358820
5.006700e-02,359670
5.015400e-02,359640
5.029300e-02,358260
5.048900e-02,360600
5.054400e-02,357960
5.066000e-02,358340
5.083300e-02,358100
5.095100e-02,357080
5.104400e-02,353650
5.117800e-02,354900
5.126100e-02,355090
5.138900e-02,354500
5.154200e-02,356240
5.165100e-02,356360
5.174000e-02,355300
5.188600e-02,356850
5.201700e-02,356990
5.207700e-02,356510
5.221900e-02,356150
5.233000e-02,355050
5.246900e-02,356720
5.254600e-02,354000
5.270100e-02,354390
5.281000e-02,356460
5.289800e-02,355580
5.301100e-02,356120
5.318300e-02,358340
5.324600e-02,356500
5.335800e-02,357440
5.353400e-02,357760
5.360600e-02,356230
5.373600e-02,355830
5.388400e-02,355810
5.395300e-02,354550
5.409000e-02,355300
5.424000e-02,356620
5.434900e-02,356540
5.444100e-02,355360
5.464200e-02,357510
5.471000e-02,357410
5.479100e-02,355920
5.495200e-02,357050
5.506400e-02,356640
5.517100e-02,357130
5.535100e-02,355610
5.546800e-02,354970
5.557900e-02,355990
5.567700e-02,355090
5.580900e-02,354690
5.590100e-02,355790
5.604200e-02,355010
5.614300e-02,355420
5.628600e-02,356540
5.635000e-02,355000
5.649100e-02,355030
5.665200e-02,355320
5.673000e-02,355250
5.685500e-02,355130
5.688800e-02,355100
5.689700e-02,355090
5.688900e-02,355100
5.689200e-02,355090
5.691600e-02,355070
5.691400e-02,355070
5.689100e-02,355090
5.690500e-02,355080
5.691200e-02,355070
5.690900e-02,355080
5.692400e-02,355060
5.691000e-02,355080
5.691400e-02,355070
5.691200e-02,355070
5.691000e-02,355080
5.692500e-02,355060
5.692000e-02,355070
5.692600e-02,355060
5.692000e-02,355070
5.691800e-02,355070
5.691100e-02,355070
5.690300e-02,355080
5.690600e-02,355080
5.690900e-02,355080
5.691500e-02,355070
5.691700e-02,355070
5.691500e-02,355070
5.692400e-02,355060
5.692300e-02,355060
5.690700e-02,355080
5.690700e-02,355080
5.691500e-02,355070
5.691600e-02,355070
5.691600e-02,355070
5.691500e-02,355070
5.692000e-02,355070
5.691700e-02,355070
5.692600e-02,355060
5.693500e-02,355050
5.696600e-02,355020
5.698800e-02,355000
5.699600e-02,354990
5.704700e-02,354950
5.703500e-02,354960
5.705300e-02,354940
5.707100e-02,354920
5.705800e-02,354370
5.705000e-02,354030
5.695400e-02,349950
5.692400e-02,348680
5.684100e-02,345150
5.674900e-02,341240
5.668800e-02,338650
5.658200e-02,334150
5.653800e-02,332280
5.647900e-02,329770
5.633800e-02,323780
5.628900e-02,321700
5.620900e-02,318300
5.609000e-02,313240
5.602700e-02,310560
5.593100e-02,307780
5.579300e-02,301160
5.571000e-02,296660
5.567400e-02,294000
5.551300e-02,289510
5.545100e-02,284330
5.538000e-02,280020
5.524100e-02,275240
5.515700e-02,269710
5.507800e-02,265130
5.497300e-02,260310
5.484100e-02,254690
5.477700e-02,250280
5.466400e-02,245690
5.455900e-02,241420
5.446700e-02,235360
5.434900e-02,230910
5.427100e-02,226760
5.414900e-02,220720
5.406500e-02,217580
5.395900e-02,212880
5.378200e-02,206850
5.368700e-02,202200
5.361900e-02,200120
5.347300e-02,192910
5.338500e-02,188910
5.331400e-02,185880
5.317000e-02,180620
5.306600e-02,176270
5.301600e-02,172400
5.288900e-02,165180
5.278800e-02,160410
5.265900e-02,157280
5.257400e-02,152540
5.247000e-02,148240
5.239300e-02,143560
5.224000e-02,139060
5.216000e-02,133800
5.210200e-02,1.288000e+05
5.200500e-02,124930
5.190400e-02,119920
5.181000e-02,113640
5.173200e-02,111120
5.163600e-02,106630
5.150400e-02,100590
5.145500e-02,96235
5.135900e-02,92443
5.123200e-02,86180
5.114300e-02,83243
5.100900e-02,78972
5.092900e-02,73601
5.081700e-02,69018
5.075100e-02,66090
5.056800e-02,60072
5.045600e-02,55706
5.038600e-02,53929
5.027700e-02,48218
5.015700e-02,43747
5.006300e-02,40285
4.987000e-02,33793
4.976400e-02,30354
4.971500e-02,27189
4.962200e-02,23634
4.948800e-02,18612
4.940100e-02,13201
4.920300e-02,10078
4.908700e-02,4.571700e+03
4.898000e-02,-1.688700e+03
4.891100e-02,-4.407700e+03
4.879800e-02,-9.280200e+03
4.865600e-02,-15209
4.857100e-02,-18020
4.844600e-02,-21910
4.831600e-02,-27886
4.823600e-02,-31777
4.813500e-02,-34758
4.802800e-02,-41182
4.793800e-02,-44328
4.784500e-02,-47595
4.771100e-02,-53494
4.757900e-02,-57701
4.747900e-02,-61331
4.735200e-02,-65916
4.726100e-02,-69692
4.715100e-02,-72828
4.701600e-02,-78037
4.690300e-02,-81584
4.682100e-02,-85216
4.671000e-02,-89882
4.658700e-02,-94135
4.651300e-02,-98572
4.639600e-02,-101610
4.634000e-02,-105660
4.623300e-02,-109630
4.608500e-02,-113550
4.597700e-02,-117990
4.587900e-02,-122930
4.580300e-02,-125500
4.566400e-02,-1.294500e+05
4.553900e-02,-134920
4.545000e-02,-137020
4.530700e-02,-141070
4.520500e-02,-146660
4.512000e-02,-150460
4.503200e-02,-152600
4.488400e-02,-158620
4.481500e-02,-160780
4.469600e-02,-163690
4.455900e-02,-168980
4.447500e-02,-172200
4.434500e-02,-174330
4.422100e-02,-179150
4.411300e-02,-182760
4.404700e-02,-184940
4.389600e-02,-188760
4.379100e-02,-192710
4.369800e-02,-195290
4.355000e-02,-200420
4.345600e-02,-203970
4.341200e-02,-207490
4.325300e-02,-210920
4.317100e-02,-214810
4.302600e-02,-219750
4.292600e-02,-221510
4.279900e-02,-225090
4.266600e-02,-229530
4.258400e-02,-231220
4.247200e-02,-234000
4.232200e-02,-238870
4.225100e-02,-240620
4.214600e-02,-243920
4.201700e-02,-248560
4.191900e-02,-251940
4.181500e-02,-253840
4.168300e-02,-258510
4.163300e-02,-259430
4.154800e-02,-262820
4.137700e-02,-268120
4.127200e-02,-271540
4.121600e-02,-271990
4.108000e-02,-275830
4.095100e-02,-279180
4.083100e-02,-280420
4.072500e-02,-282720
4.060400e-02,-285750
4.052200e-02,-289390
4.036300e-02,-290710
4.026500e-02,-293610
4.015700e-02,-296710
4.005000e-02,-298690
3.995700e-02,-301570
3.983700e-02,-305270
3.974900e-02,-306570
3.963500e-02,-310130
3.952700e-02,-313840
3.942200e-02,-315300
3.932000e-02,-316740
3.918100e-02,-320020
3.908500e-02,-321120
3.897100e-02,-323040
3.884900e-02,-326590
3.871500e-02,-328620
3.864800e-02,-328810
3.851800e-02,-332880
3.841000e-02,-333750
3.832800e-02,-335100
3.818800e-02,-337370
3.807500e-02,-338810
3.797100e-02,-340150
3.782700e-02,-341550
3.772300e-02,-343930
3.764900e-02,-343950
3.754600e-02,-345510
3.740200e-02,-346150
3.728700e-02,-348050
3.714100e-02,-348520
3.701200e-02,-350530
3.691600e-02,-352040
3.679700e-02,-351550
3.671000e-02,-352250
3.652700e-02,-355080
3.644200e-02,-353430
3.632800e-02,-354800
3.614300e-02,-356950
3.605900e-02,-356200
3.594500e-02,-355100
3.580900e-02,-357510
3.571600e-02,-356790
3.561100e-02,-354770
3.546100e-02,-357820
3.536900e-02,-358040
3.528100e-02,-356920
3.512200e-02,-358450
3.500800e-02,-358460
3.493700e-02,-357280
3.480300e-02,-358020
3.464000e-02,-358390
3.457100e-02,-357520
3.440100e-02,-357890
3.430800e-02,-357220
3.423800e-02,-358160
3.409000e-02,-356140
3.395900e-02,-356630
3.386900e-02,-357060
3.374300e-02,-354720
3.362600e-02,-355300
3.348000e-02,-357790
3.340000e-02,-357430
3.329600e-02,-356920
3.318100e-02,-359370
3.306000e-02,-357590
3.294600e-02,-358140
3.282800e-02,-359680
3.270200e-02,-359320
3.262800e-02,-356650
3.247100e-02,-357800
3.242000e-02,-356470
3.229400e-02,-357450
3.216100e-02,-359140
3.205100e-02,-359100
3.192900e-02,-356990
3.181200e-02,-357950
3.170500e-02,-358450
3.159800e-02,-357410
3.145000e-02,-358130
3.133500e-02,-357520
3.123800e-02,-358290
3.108000e-02,-356660
3.096900e-02,-358360
3.083200e-02,-360440
3.074400e-02,-357350
3.062700e-02,-357460
3.048300e-02,-359770
3.039000e-02,-358090
3.024500e-02,-360100
3.012500e-02,-359910
3.001500e-02,-358470
2.990100e-02,-357700
2.973900e-02,-359080
2.968100e-02,-358550
2.953500e-02,-358540
2.940300e-02,-358890
2.928900e-02,-358550
2.918000e-02,-358100
2.904300e-02,-359960
2.894600e-02,-357220
2.881300e-02,-357090
2.864700e-02,-360030
2.852400e-02,-359920
2.844800e-02,-360140
2.828400e-02,-359650
2.820100e-02,-359410
2.811600e-02,-358560
2.796500e-02,-358300
2.784300e-02,-357320
2.772200e-02,-358200
2.758200e-02,-357870
2.748000e-02,-359310
2.735800e-02,-359980
2.726400e-02,-358360
2.714100e-02,-357990
2.701700e-02,-360790
2.689000e-02,-358240
2.675700e-02,-358780
2.662400e-02,-359520
2.652200e-02,-358530
2.642100e-02,-357950
2.626800e-02,-359830
2.617800e-02,-357860
2.605900e-02,-358800
2.589600e-02,-360140
2.578600e-02,-359350
2.569800e-02,-357190
2.554300e-02,-359550
2.546300e-02,-359280
2.535100e-02,-359330
2.519100e-02,-360370
2.505600e-02,-360970
2.499800e-02,-358240
2.484000e-02,-358720
2.475100e-02,-359300
2.466600e-02,-359090
2.452000e-02,-358850
2.438300e-02,-358330
2.426300e-02,-359730
2.411200e-02,-357540
2.402100e-02,-357760
2.391900e-02,-358330
2.380500e-02,-357020
2.369400e-02,-357650
2.355000e-02,-360060
2.343700e-02,-358960
2.333300e-02,-359580
2.320700e-02,-359620
2.309800e-02,-360610
2.299600e-02,-358360
2.289100e-02,-360510
2.280000e-02,-359800
2.265000e-02,-361740
2.249600e-02,-361460
2.238800e-02,-361140
2.230500e-02,-360170
2.216400e-02,-361110
2.209800e-02,-360370
2.198600e-02,-360030
2.183100e-02,-362050
2.171400e-02,-361950
2.159200e-02,-360580
2.148200e-02,-358310
2.139300e-02,-359370
2.131400e-02,-358360
2.117700e-02,-358780
2.106800e-02,-358320
2.096400e-02,-360020
2.079600e-02,-359380
2.066800e-02,-360350
2.056300e-02,-361460
2.047800e-02,-358800
2.035500e-02,-358470
2.021900e-02,-361640
2.009600e-02,-359710
1.997500e-02,-358930
1.984300e-02,-360720
1.979100e-02,-358350
1.965700e-02,-357760
1.951700e-02,-359490
1.942600e-02,-358010
1.931600e-02,-358970
1.918200e-02,-360580
1.910000e-02,-360080
1.898000e-02,-359220
1.882700e-02,-361210
1.873300e-02,-360730
1.863200e-02,-360260
1.848400e-02,-361680
1.836500e-02,-361490
1.827700e-02,-360990
1.810700e-02,-360840
1.801500e-02,-359890
1.791800e-02,-358960
1.778500e-02,-357890
1.767100e-02,-358820
1.756600e-02,-359160
1.741500e-02,-355560
1.730600e-02,-355350
1.719800e-02,-355780
1.710900e-02,-353330
1.701000e-02,-354410
1.690300e-02,-354230
1.679000e-02,-354030
1.674200e-02,-353940
1.670100e-02,-353870
1.669500e-02,-353860
1.668000e-02,-353830
1.667300e-02,-353820
1.667900e-02,-353830
1.666500e-02,-353810
1.668700e-02,-353850
1.667600e-02,-353830
1.666200e-02,-353800
1.667300e-02,-353820
1.668700e-02,-353850
1.667000e-02,-353820
1.666600e-02,-353810
1.666600e-02,-353810
1.666100e-02,-353800
1.665800e-02,-353790
1.666900e-02,-353810
1.666200e-02,-353800
1.667300e-02,-353820
1.666200e-02,-353800
1.665700e-02,-353790
1.665600e-02,-353790
1.666300e-02,-353800
1.666200e-02,-353800
1.666400e-02,-353800
1.666600e-02,-353810
1.667000e-02,-353820
1.665900e-02,-353800
1.666100e-02,-353800
1.666700e-02,-353810
1.666600e-02,-353810
1.666800e-02,-353810
1.664900e-02,-353780
1.666000e-02,-353800
1.667100e-02,-353820
1.665400e-02,-353790
1.665700e-02,-353790
1.662500e-02,-353740
1.662600e-02,-353740
1.660500e-02,-353700
1.660400e-02,-353700
1.658300e-02,-353660
1.657000e-02,-353640
1.659700e-02,-352300
1.661500e-02,-351430
1.667800e-02,-348410
1.675800e-02,-344580
1.683500e-02,-340880
1.688300e-02,-338580
1.700200e-02,-332880
1.709200e-02,-328560
1.715200e-02,-325680
1.726600e-02,-320220
1.732600e-02,-317340
1.742400e-02,-312640
1.750600e-02,-308710
1.761000e-02,-303720
1.771600e-02,-298640
1.783800e-02,-292790
1.793300e-02,-288230
1.806100e-02,-282100
1.810800e-02,-279840
1.823600e-02,-273710
1.836700e-02,-267420
1.842500e-02,-264640
1.855100e-02,-2.584000e+05
1.869500e-02,-251700
1.876200e-02,-250010
1.887400e-02,-245320
1.901100e-02,-239510
1.910800e-02,-234750
1.917900e-02,-232010
1.936100e-02,-224680
1.945100e-02,-219830
1.952300e-02,-216570
1.963700e-02,-212490
1.971900e-02,-209720
1.977600e-02,-205880
1.991600e-02,-199950
2.006100e-02,-195550
2.014700e-02,-189790
2.026100e-02,-186180
2.036400e-02,-182210
2.047700e-02,-177390
2.052100e-02,-174890
2.062900e-02,-170420
2.075100e-02,-164960
2.085700e-02,-159940
2.097000e-02,-155510
2.111000e-02,-150310
2.116600e-02,-148120
2.126900e-02,-143940
2.137400e-02,-139810
2.144300e-02,-137040
2.157200e-02,-131890
2.170900e-02,-125650
2.181100e-02,-121950
2.192200e-02,-117690
2.200900e-02,-113890
2.209400e-02,-109790
2.218900e-02,-106350
2.234400e-02,-99961
2.243700e-02,-97846
2.252900e-02,-92526
2.264500e-02,-87257
2.272800e-02,-84687
2.281800e-02,-79582
2.293600e-02,-76653
2.306900e-02,-71054
2.317900e-02,-65895
2.330700e-02,-61602
2.341900e-02,-57375
2.351500e-02,-52313
2.358400e-02,-50615
2.369600e-02,-45733
2.380500e-02,-40349
2.391700e-02,-36236
2.402500e-02,-32616
2.417100e-02,-27480
2.423200e-02,-24760
2.436100e-02,-21271
2.446600e-02,-1.608800e+04
2.455000e-02,-12667
2.464800e-02,-8.702600e+03
2.481700e-02,-2.483500e+03
2.490900e-02,-6.217400e+02
2.497900e-02,3.219800e+03
2.509900e-02,7.988300e+03
2.517900e-02,11755
2.527600e-02,15580
2.541200e-02,20868
2.553500e-02,25566
2.560800e-02,28742
2.571300e-02,33500
2.579000e-02,35558
2.588600e-02,40666
2.601500e-02,43926
2.612600e-02,48133
2.627700e-02,53488
2.634900e-02,56065
2.642900e-02,60284
2.658500e-02,65731
2.662300e-02,68130
2.673400e-02,72857
2.685500e-02,77305
2.694400e-02,80046
2.703900e-02,82359
2.718200e-02,88763
2.723300e-02,91805
2.732300e-02,95206
2.745300e-02,99547
2.755300e-02,104240
2.763500e-02,106580
2.778600e-02,111840
2.786300e-02,115560
2.795000e-02,117180
2.801100e-02,119930
2.809900e-02,123910
2.816300e-02,127290
2.828900e-02,1.308600e+05
2.839400e-02,134940
2.847800e-02,139490
2.856000e-02,141060
2.866000e-02,143600
2.879200e-02,150560
2.885500e-02,151620
2.897300e-02,156280
2.910800e-02,161330
2.916300e-02,163650
2.930400e-02,167310
2.939400e-02,171500
2.947400e-02,172930
2.957300e-02,177190
2.974000e-02,182210
2.981800e-02,185310
2.992300e-02,188660
3.011200e-02,193100
3.016200e-02,195340
3.026800e-02,198310
3.041800e-02,203180
3.055000e-02,206880
3.063900e-02,209330
3.080400e-02,213900
3.090900e-02,217820
3.098300e-02,218240
3.108900e-02,222440
3.120100e-02,224540
3.131000e-02,229730
3.142900e-02,232370
3.155200e-02,236190
3.169200e-02,241040
3.176200e-02,242300
3.188900e-02,245350
3.199800e-02,249670
3.208000e-02,250660
3.220800e-02,254430
3.234200e-02,259310
3.240000e-02,259370
3.250700e-02,262420
3.266400e-02,267000
3.274600e-02,267600
3.283800e-02,270620
3.300500e-02,276090
3.309200e-02,278730
3.319600e-02,278710
3.332800e-02,283940
3.337000e-02,285780
3.348600e-02,286770
3.363600e-02,291830
3.374300e-02,293680
3.382500e-02,294770
3.395700e-02,299720
3.407700e-02,302360
3.417500e-02,304290
3.429300e-02,305420
3.441900e-02,305540
3.447900e-02,309440
3.462600e-02,312210
3.472300e-02,314980
3.486100e-02,319790
3.492300e-02,319780
3.507000e-02,321350
3.520900e-02,323110
3.526200e-02,324000
3.538600e-02,326840
3.547600e-02,331140
3.556900e-02,332250
3.570600e-02,334310
3.584500e-02,337650
3.593100e-02,337570
3.604300e-02,339030
3.621100e-02,341160
3.633700e-02,341830
3.638700e-02,341910
3.654000e-02,345750
3.665200e-02,346250
3.676500e-02,346700
3.689200e-02,349410
3.702300e-02,349880
3.713200e-02,348590
3.729100e-02,350040
3.739200e-02,350010
3.746900e-02,351730
3.760300e-02,353530
3.770700e-02,354520
3.783500e-02,358300
3.792500e-02,356670
3.804500e-02,357060
3.816400e-02,360670
3.825500e-02,359640
3.834700e-02,359530
3.849000e-02,362110
3.859400e-02,360890
3.874400e-02,359670
3.886200e-02,365070
3.893100e-02,364350
3.904600e-02,366280
3.919500e-02,368500
3.927500e-02,366510
3.940400e-02,366220
3.954100e-02,367090
3.966000e-02,366730
3.977800e-02,364470
3.992100e-02,365470
4.000500e-02,365760
4.009500e-02,364780
4.021500e-02,369030
4.032800e-02,369120
4.042000e-02,369610
4.054300e-02,370060
4.068600e-02,368520
4.077500e-02,368170
4.089800e-02,367150
4.103000e-02,366830
4.117300e-02,368790
4.128400e-02,366800
4.138000e-02,366300
4.146300e-02,367030
4.159800e-02,366140
4.172300e-02,365520
4.188300e-02,368390
4.196300e-02,366020
4.206600e-02,366720
4.221700e-02,369010
4.228300e-02,366930
4.242100e-02,368360
4.256400e-02,369560
4.265600e-02,368170
4.275700e-02,366220
4.288500e-02,369640
4.301800e-02,371490
4.308700e-02,369630
4.323900e-02,371040
4.338400e-02,371060
4.346200e-02,368840
4.362700e-02,369650
4.375100e-02,369470
4.383600e-02,368900
4.396000e-02,369150
4.408000e-02,368860
4.419100e-02,368280
4.429400e-02,366860
4.443600e-02,366520
4.456000e-02,366560
4.468600e-02,366290
4.479700e-02,366480
4.495600e-02,369070
4.502000e-02,366770
4.512600e-02,367420
4.525000e-02,370520
4.534600e-02,369650
4.547500e-02,370630
4.565600e-02,371600
4.569400e-02,371210
4.582300e-02,370560
4.596100e-02,371940
4.604000e-02,370500
4.615500e-02,370480
4.630700e-02,370460
4.633800e-02,370460
4.635200e-02,370450
4.635600e-02,370450
4.636200e-02,370450
4.637600e-02,370450
4.636900e-02,370450
4.636600e-02,370450
4.636100e-02,370450
4.635100e-02,370450
4.637100e-02,370450
4.636200e-02,370450
4.636000e-02,370450
4.638100e-02,370450
4.635900e-02,370450
4.636400e-02,370450
4.637000e-02,370450
4.636300e-02,370450
4.636300e-02,370450
4.637700e-02,370450
4.637100e-02,370450
4.637600e-02,370450
4.636100e-02,370450
4.636500e-02,370450
4.637000e-02,370450
4.637800e-02,370450
4.637600e-02,370450
4.636500e-02,370450
4.635700e-02,370450
4.635400e-02,370450
4.637000e-02,370450
4.636500e-02,370450
4.637300e-02,370450
4.637100e-02,370450
4.637200e-02,370450
4.638500e-02,370450
4.641900e-02,370450
4.642100e-02,370450
4.644700e-02,370440
4.646900e-02,370440
4.646500e-02,370440
4.651400e-02,370430
4.652200e-02,370430
4.650700e-02,369040
4.643500e-02,363770
4.638200e-02,359890
4.629500e-02,353520
4.619500e-02,346210
4.613200e-02,341600
4.599700e-02,331710
4.596100e-02,329080
4.589700e-02,324400
4.582300e-02,318980
4.574700e-02,313420
4.567800e-02,308370
4.556500e-02,300100
4.552200e-02,296950
4.544400e-02,291240
4.533200e-02,282170
4.523700e-02,277720
4.520200e-02,274550
4.503600e-02,268650
4.497400e-02,263980
4.490100e-02,262310
4.479400e-02,255440
4.469000e-02,251620
4.458200e-02,246140
4.449400e-02,241820
4.438100e-02,237420
4.426500e-02,232560
4.419400e-02,229130
4.407100e-02,224440
4.398100e-02,219120
4.393100e-02,216680
4.378700e-02,212400
4.365700e-02,206880
4.363700e-02,204290
4.352600e-02,199740
4.334500e-02,193420
4.330000e-02,190700
4.321300e-02,186180
4.307900e-02,180340
4.298400e-02,176030
4.290400e-02,173060
4.277300e-02,166620
4.267000e-02,163030
4.256700e-02,159930
4.243800e-02,154060
4.233400e-02,149920
4.225500e-02,146060
4.211600e-02,141080
4.204300e-02,136670
4.194500e-02,133110
4.183900e-02,128350
4.173100e-02,123440
4.166000e-02,118670
4.152800e-02,114800
4.141400e-02,110220
4.128600e-02,105060
4.122400e-02,102330
4.109100e-02,97275
4.097100e-02,91504
4.091000e-02,89214
4.082400e-02,84382
4.070200e-02,79063
4.062300e-02,77700
4.050500e-02,73218
4.038600e-02,67574
4.031600e-02,6.423300e+04
4.018800e-02,60493
4.005700e-02,54510
3.997000e-02,51335
3.988900e-02,48264
3.974400e-02,42707
3.965200e-02,37341
3.956900e-02,34137
3.944200e-02,28759
3.933600e-02,25861
3.926400e-02,22176
3.912900e-02,17390
3.901300e-02,13799
3.891900e-02,9.408300e+03
3.881200e-02,5.886500e+03
3.870400e-02,1.549400e+03
3.859100e-02,-4646
3.852000e-02,-6.504400e+03
3.841400e-02,-11134
3.828600e-02,-16685
3.820800e-02,-20317
3.811000e-02,-22880
3.800100e-02,-27630
3.791600e-02,-28908
3.776800e-02,-34547
3.766500e-02,-39419
3.756900e-02,-43368
3.747100e-02,-46655
3.732600e-02,-52568
3.727700e-02,-54542
3.719600e-02,-58632
3.703400e-02,-63822
3.695100e-02,-67990
3.684200e-02,-70970
3.669300e-02,-75740
3.660400e-02,-79774
3.651200e-02,-82446
3.635800e-02,-86152
3.624800e-02,-88290
3.612900e-02,-93742
3.597900e-02,-95741
3.587700e-02,-100100
3.576500e-02,-106040
3.566400e-02,-108490
3.556200e-02,-111950
3.545700e-02,-117630
3.536100e-02,-120110
3.524300e-02,-123590
3.511100e-02,-128970
3.505700e-02,-129690
3.495700e-02,-134190
3.480500e-02,-139640
3.473000e-02,-141610
3.462200e-02,-144890
3.449400e-02,-150040
3.440800e-02,-153440
3.428800e-02,-156000
3.415800e-02,-161140
3.407000e-02,-164240
3.397100e-02,-166320
3.383300e-02,-170390
3.371700e-02,-173970
3.364600e-02,-176060
3.348900e-02,-180600
3.337700e-02,-184270
3.329100e-02,-187860
3.322500e-02,-189560
3.312400e-02,-192770
3.302300e-02,-197320
3.289700e-02,-201060
3.280300e-02,-204110
3.268400e-02,-208440
3.256500e-02,-210970
3.247100e-02,-214090
3.232100e-02,-217380
3.224800e-02,-218150
3.211700e-02,-221350
3.200500e-02,-226170
3.188900e-02,-228470
3.177700e-02,-229740
3.165400e-02,-235750
3.157600e-02,-237540
3.146000e-02,-240650
3.129500e-02,-244820
3.119800e-02,-247700
3.107100e-02,-248850
3.095300e-02,-252070
3.084600e-02,-255520
3.073400e-02,-2.577700e+05
3.059700e-02,-2.602900e+05
3.049700e-02,-263550
3.038800e-02,-266040
3.028600e-02,-268250
3.013100e-02,-272580
3.002200e-02,-276050
2.994200e-02,-276840
2.984200e-02,-278910
2.971900e-02,-283630
2.961800e-02,-283410
2.949600e-02,-286900
2.934200e-02,-291840
2.926100e-02,-290920
2.913800e-02,-293020
2.901300e-02,-296640
2.891400e-02,-296400
2.877900e-02,-299860
2.866300e-02,-303900
2.855400e-02,-305180
2.844100e-02,-306670
2.828600e-02,-309960
2.822700e-02,-310320
2.810800e-02,-311730
2.797800e-02,-315630
2.783700e-02,-318160
2.778900e-02,-318160
2.760600e-02,-321630
2.749900e-02,-322500
2.739900e-02,-321770
2.728500e-02,-320970
2.715600e-02,-322210
2.706300e-02,-322410
2.691400e-02,-322940
2.680300e-02,-323920
2.671800e-02,-325820
2.659700e-02,-326120
2.647400e-02,-327490
2.637100e-02,-329080
2.624000e-02,-328250
2.611800e-02,-331080
2.597800e-02,-332610
2.587100e-02,-331110
2.576400e-02,-331000
2.563900e-02,-333190
2.554400e-02,-330560
2.541300e-02,-331740
2.526100e-02,-333600
2.515900e-02,-333710
2.506500e-02,-331670
2.493000e-02,-334120
2.483800e-02,-332490
2.470900e-02,-332660
2.457800e-02,-334600
2.444200e-02,-335690
2.435800e-02,-334040
2.416400e-02,-335190
2.405300e-02,-334440
2.397600e-02,-334000
2.385900e-02,-332800
2.373700e-02,-333450
2.365600e-02,-333650
2.351000e-02,-333430
2.336100e-02,-333610
2.324200e-02,-334390
2.313800e-02,-332490
2.306800e-02,-330700
2.295600e-02,-331600
2.284800e-02,-330090
2.269400e-02,-333780
2.253300e-02,-334390
2.243200e-02,-332060
2.234200e-02,-331770
2.221200e-02,-333700
2.213900e-02,-332040
2.202400e-02,-333240
2.187600e-02,-335600
2.175600e-02,-334900
2.163100e-02,-334100
2.150400e-02,-334900
2.147100e-02,-330850
2.135300e-02,-331790
2.121600e-02,-333730
2.110100e-02,-334030
2.099300e-02,-333240
2.082800e-02,-335100
2.072900e-02,-333560
2.064200e-02,-332820
2.051800e-02,-330460
2.042200e-02,-328440
2.030400e-02,-330410
2.016700e-02,-329010
2.004500e-02,-329580
1.993300e-02,-330340
1.983000e-02,-328250
1.970800e-02,-328390
1.962400e-02,-329680
1.948700e-02,-328830
1.936700e-02,-329850
1.924300e-02,-332020
1.916100e-02,-329100
1.903300e-02,-329710
1.889300e-02,-331660
1.879900e-02,-329250
1.868600e-02,-329830
1.854100e-02,-331450
1.842500e-02,-331310
1.829900e-02,-329900
1.815900e-02,-330420
1.804400e-02,-329500
1.795500e-02,-328640
1.779300e-02,-329290
1.770300e-02,-328970
1.762400e-02,-329480
1.744100e-02,-330250
1.732600e-02,-329890
1.725100e-02,-330330
1.712600e-02,-328750
1.700600e-02,-329960
1.696800e-02,-329950
1.681300e-02,-329930
1.675200e-02,-329920
1.674200e-02,-329920
1.672100e-02,-329920
1.670800e-02,-329920
1.669300e-02,-329920
1.670300e-02,-329920
1.668800e-02,-329920
1.668500e-02,-329920
1.669700e-02,-329920
1.668800e-02,-329920
1.668900e-02,-329920
1.667600e-02,-329920
1.668600e-02,-329920
1.668200e-02,-329920
1.668200e-02,-329920
1.668300e-02,-329920
1.668600e-02,-329920
1.669100e-02,-329920
1.668100e-02,-329920
1.668300e-02,-329920
1.667400e-02,-329910
1.666300e-02,-329910
1.668200e-02,-329920
1.667700e-02,-329920
1.668900e-02,-329920
1.668400e-02,-329920
1.668800e-02,-329920
1.667200e-02,-329910
1.668000e-02,-329920
1.667700e-02,-329920
1.668700e-02,-329920
1.667300e-02,-329910
1.668400e-02,-329920
1.667600e-02,-329920
1.668700e-02,-329920
1.667900e-02,-329920
1.668700e-02,-329920
1.669000e-02,-329920
1.669000e-02,-329920
1.667700e-02,-329920
1.665300e-02,-329910
1.664700e-02,-329910
1.662400e-02,-329910
1.660400e-02,-329910
1.658400e-02,-329900
1.661300e-02,-328840
1.667500e-02,-326560
1.674300e-02,-324060
1.682000e-02,-321230
1.690700e-02,-318030
1.703500e-02,-313330
1.715800e-02,-308810
1.728800e-02,-304030
1.737800e-02,-300730
1.748400e-02,-296830
1.759400e-02,-292790
1.771700e-02,-288270
1.787000e-02,-282650
1.798500e-02,-278420
1.813900e-02,-272760
1.826300e-02,-268200
1.839900e-02,-263210
1.852100e-02,-2.587200e+05
1.864600e-02,-254130
1.880000e-02,-248470
1.891000e-02,-244250
1.908400e-02,-238030
1.917800e-02,-233860
1.934900e-02,-226050
1.949900e-02,-219950
1.959500e-02,-214410
1.969700e-02,-210060
1.981000e-02,-206570
1.996800e-02,-199880
2.011800e-02,-193620
2.028200e-02,-186920
2.038300e-02,-182890
2.050400e-02,-177340
2.062400e-02,-172680
2.073100e-02,-168230
2.088900e-02,-161320
2.102900e-02,-155600
2.118300e-02,-149760
2.129500e-02,-145530
2.139400e-02,-140670
2.150800e-02,-135930
2.163900e-02,-1.305500e+05
2.183800e-02,-123800
2.193100e-02,-118020
2.207700e-02,-113350
2.217800e-02,-108940
2.230100e-02,-101960
2.244000e-02,-96867
2.259200e-02,-91326
2.272800e-02,-85984
2.284000e-02,-81654
2.299100e-02,-76685
2.312400e-02,-70834
2.328000e-02,-63334
2.344800e-02,-58174
2.351600e-02,-54143
2.364000e-02,-50033
2.377400e-02,-44701
2.393100e-02,-37940
2.407600e-02,-33750
2.421000e-02,-27214
2.431700e-02,-22904
2.444700e-02,-17968
2.456900e-02,-13203
2.472000e-02,-8.250100e+03
2.489500e-02,-2.989300e+03
2.501200e-02,2.609500e+03
2.514800e-02,8.345700e+03
2.526900e-02,12131
2.539500e-02,19142
2.551900e-02,22517
2.563600e-02,28182
2.578000e-02,33341
2.589200e-02,38071
2.605800e-02,44106
2.618500e-02,48659
2.632200e-02,55550
2.644500e-02,60480
2.654600e-02,63461
2.668600e-02,67615
2.680800e-02,72314
2.695200e-02,78360
2.710700e-02,82106
2.720800e-02,87828
2.730900e-02,91780
2.743800e-02,96024
2.755600e-02,100190
2.769300e-02,105720
2.780300e-02,110330
2.791700e-02,113360
2.803900e-02,119520
2.815300e-02,124060
2.824900e-02,127080
2.837400e-02,131460
2.848400e-02,136910
2.864000e-02,141660
2.876500e-02,145760
2.889900e-02,151240
2.903400e-02,156870
2.917500e-02,161770
2.927100e-02,164540
2.941400e-02,168410
2.955700e-02,173650
2.968400e-02,177010
2.984500e-02,182540
2.998100e-02,187540
3.011100e-02,192600
3.025700e-02,195550
3.037300e-02,199380
3.054700e-02,204320
3.066100e-02,208130
3.085000e-02,213720
3.097200e-02,217990
3.107700e-02,222280
3.120000e-02,225870
3.130900e-02,228620
3.147800e-02,233020
3.162400e-02,237500
3.178800e-02,242550
3.192400e-02,245300
3.206600e-02,250860
3.214900e-02,253470
3.229900e-02,2.568500e+05
3.244200e-02,2.607100e+05
3.256500e-02,263700
3.275800e-02,267660
3.288900e-02,269650
3.298500e-02,273850
3.314000e-02,279480
3.325000e-02,277860
3.339700e-02,284000
3.350500e-02,287570
3.367800e-02,292980
3.380400e-02,294540
3.397900e-02,300600
3.407400e-02,303610
3.421000e-02,305950
3.434300e-02,308630
3.448500e-02,311510
3.468000e-02,316530
3.478100e-02,319130
3.482400e-02,320240
3.481300e-02,319960
3.483700e-02,320570
3.483100e-02,320420
3.482200e-02,320190
3.482800e-02,320340
3.484100e-02,320680
3.482500e-02,320270
3.482900e-02,320370
3.483600e-02,320550
3.483700e-02,320570
3.481400e-02,319980
3.483400e-02,320500
3.483200e-02,320450
3.482500e-02,320270
3.482700e-02,320320
3.482600e-02,320290
3.481900e-02,320110
3.482000e-02,320140
3.481500e-02,320010
3.482500e-02,320270
3.482200e-02,320190
3.481900e-02,320110
3.482300e-02,320210
3.481300e-02,319960
3.483200e-02,320450
3.481700e-02,320060
3.483700e-02,320570
3.482000e-02,320140
3.482000e-02,320140
3.483000e-02,320390
3.482900e-02,320370
3.481800e-02,320090
3.483000e-02,320390
3.482700e-02,320320
3.483100e-02,320420
3.483000e-02,320390
3.482900e-02,320370
3.482400e-02,320240
3.483600e-02,320550
3.483500e-02,320520
3.483000e-02,320390
3.482400e-02,320240
3.482100e-02,320160
3.482900e-02,320370
3.483300e-02,320470
3.482500e-02,320270
3.484000e-02,320650
3.487200e-02,321480
3.489900e-02,322170
3.492200e-02,322760
3.493400e-02,323070
3.494100e-02,323250
3.490500e-02,320870
3.486500e-02,318750
3.477400e-02,313910
3.469200e-02,309550
3.457500e-02,303330
3.449900e-02,299290
3.437500e-02,292700
3.425000e-02,286060
3.415300e-02,280910
3.401700e-02,273680
3.394200e-02,269690
3.381400e-02,262890
3.370400e-02,2.570400e+05
3.358800e-02,250880
3.349800e-02,246090
3.338400e-02,240630
3.326700e-02,234590
3.315900e-02,229180
3.305500e-02,222140
3.293200e-02,217880
3.279500e-02,211840
3.267700e-02,206330
3.260400e-02,201660
3.243200e-02,195880
3.231100e-02,190160
3.217200e-02,184960
3.204300e-02,179730
3.190400e-02,173160
3.176400e-02,167260
3.164200e-02,161420
3.146900e-02,155260
3.136300e-02,150820
3.124100e-02,146870
3.112500e-02,141400
3.098900e-02,135020
3.083900e-02,130590
3.072500e-02,124790
3.061000e-02,119830
3.047200e-02,115100
3.033200e-02,109670
3.019000e-02,103640
3.004700e-02,97490
2.991600e-02,92494
2.979400e-02,86846
2.967700e-02,81688
2.957000e-02,77715
2.943500e-02,71960
2.930800e-02,65348
2.913600e-02,59918
2.902000e-02,54634
2.888200e-02,47772
2.876500e-02,43007
2.864600e-02,37822
2.850700e-02,33529
2.837200e-02,28359
2.821100e-02,21594
2.807300e-02,16897
2.791900e-02,10506
2.780800e-02,5.011400e+03
2.768900e-02,4.257600e+02
2.754400e-02,-3.502500e+03
2.744300e-02,-8.041900e+03
2.723300e-02,-13107
2.710000e-02,-17697
2.696200e-02,-24047
2.679800e-02,-29529
2.670300e-02,-33527
2.657800e-02,-38914
2.645900e-02,-43455
2.624100e-02,-50175
2.613500e-02,-55841
2.600400e-02,-61499
2.588400e-02,-66040
2.575100e-02,-71987
2.563700e-02,-75460
2.548200e-02,-80500
2.535700e-02,-85670
2.523300e-02,-89270
2.511400e-02,-95322
2.497000e-02,-99595
2.479900e-02,-105320
2.468500e-02,-110460
2.453400e-02,-114020
2.442000e-02,-118980
2.430000e-02,-124740
2.414100e-02,-130780
2.398200e-02,-134820
2.383200e-02,-141890
2.371500e-02,-146320
2.357300e-02,-149200
2.346600e-02,-152010
2.328800e-02,-156370
2.310700e-02,-162120
2.296900e-02,-166340
2.281600e-02,-171080
2.271100e-02,-174020
2.263300e-02,-176460
2.250300e-02,-181170
2.234900e-02,-188760
2.217400e-02,-194390
2.208500e-02,-197830
2.195700e-02,-203000
2.185700e-02,-205980
2.171900e-02,-209700
2.157100e-02,-214480
2.140100e-02,-218660
2.126200e-02,-222000
2.115300e-02,-225700
2.100800e-02,-230810
2.088100e-02,-235220
2.074700e-02,-239140
2.061800e-02,-243290
2.049800e-02,-247110
2.033400e-02,-250190
2.018800e-02,-254320
2.002200e-02,-260180
1.989800e-02,-263090
1.978600e-02,-266820
1.964200e-02,-269580
1.949800e-02,-272730
1.935300e-02,-277650
1.925100e-02,-281310
1.908700e-02,-285990
1.895100e-02,-289490
1.880500e-02,-293330
1.869900e-02,-295070
1.858300e-02,-297960
1.841900e-02,-302160
1.828600e-02,-305100
1.809100e-02,-309690
1.794600e-02,-311450
1.781600e-02,-314960
1.768800e-02,-317220
1.756400e-02,-319190
1.740800e-02,-318360
1.726400e-02,-321250
1.710800e-02,-325070
1.699500e-02,-324320
1.688000e-02,-326000
1.674000e-02,-327280
1.659600e-02,-328580
1.644000e-02,-328610
1.631400e-02,-329310
1.613100e-02,-330230
1.602600e-02,-330730
1.587100e-02,-332050
1.573400e-02,-332120
1.561600e-02,-331240
1.545900e-02,-331120
1.530600e-02,-331810
1.516000e-02,-332410
1.501200e-02,-331640
1.485300e-02,-333440
1.475000e-02,-333200
1.456000e-02,-333920
1.443600e-02,-333190
1.432200e-02,-332070
1.413600e-02,-331500
1.401900e-02,-331770
1.383200e-02,-332010
1.369200e-02,-332100
1.358100e-02,-333160
1.342700e-02,-332700
1.328500e-02,-332420
1.312500e-02,-333490
1.298900e-02,-333800
1.283100e-02,-335210
1.269000e-02,-335070
1.255800e-02,-335140
1.243300e-02,-333870
1.225800e-02,-333440
1.209300e-02,-332760
1.194300e-02,-332980
1.177900e-02,-332070
1.165200e-02,-331450
1.152800e-02,-332920
1.138900e-02,-331950
1.122500e-02,-331120
1.109400e-02,-330620
1.094500e-02,-330480
1.073300e-02,-331100
1.059000e-02,-330510
1.046700e-02,-330030
1.031600e-02,-330090
1.018800e-02,-328760
1.005800e-02,-328650
9.931500e-03,-328690
9.781100e-03,-329240
9.644600e-03,-328400
9.505200e-03,-330590
9.351300e-03,-329490
9.201500e-03,-329690
9.054200e-03,-328650
8.893800e-03,-327730
8.745000e-03,-327110
8.639200e-03,-327460
8.476100e-03,-328040
8.329300e-03,-327940
8.229400e-03,-328620
8.109200e-03,-326880
7.901200e-03,-327660
7.759500e-03,-327730
7.639200e-03,-326760
7.481000e-03,-329220
7.325300e-03,-328400
7.200800e-03,-327690
7.054800e-03,-327340
6.912400e-03,-326430
6.773700e-03,-325220
6.639900e-03,-326000
6.475800e-03,-326340
6.329900e-03,-326130
6.218600e-03,-325980
6.143200e-03,-325870
6.132900e-03,-325860
6.115400e-03,-325830
6.127600e-03,-325850
6.132300e-03,-325850
6.117800e-03,-325830
6.124800e-03,-325840
6.119200e-03,-325840
6.122900e-03,-325840
6.113500e-03,-325830
6.127800e-03,-325850
6.130000e-03,-325850
6.123400e-03,-325840
6.112900e-03,-325830
6.131400e-03,-325850
6.130900e-03,-325850
6.120900e-03,-325840
6.127700e-03,-325850
6.133400e-03,-325860
6.118700e-03,-325840
6.115000e-03,-325830
6.125800e-03,-325850
6.120300e-03,-325840
6.101000e-03,-325810
6.119500e-03,-325840
6.129000e-03,-325850
6.119000e-03,-325840
6.115100e-03,-325830
6.124700e-03,-325840
6.129700e-03,-325850
6.104400e-03,-325820
6.076600e-03,-325780
6.065000e-03,-325760
6.029500e-03,-325710
6.042000e-03,-325730
6.012700e-03,-325690
5.999100e-03,-325480
6.073400e-03,-322550
6.178300e-03,-318400
6.227600e-03,-316450
6.344500e-03,-311830
6.445400e-03,-307840
6.589800e-03,-302130
6.680200e-03,-298560
6.812300e-03,-293340
6.920200e-03,-289070
6.993400e-03,-286180
7.120500e-03,-281150
7.227000e-03,-276940
7.363500e-03,-271550
7.510800e-03,-265720
7.666400e-03,-2.598500e+05
7.793200e-03,-255240
7.950700e-03,-247960
8.078900e-03,-243270
8.198700e-03,-238080
8.311500e-03,-233710
8.409800e-03,-229340
8.536800e-03,-224290
8.642800e-03,-219700
8.802600e-03,-212610
8.941900e-03,-206750
9.042300e-03,-203780
9.176700e-03,-197680
9.304200e-03,-192140
9.462100e-03,-186670
9.558900e-03,-183170
9.707900e-03,-176330
9.792800e-03,-172640
9.895800e-03,-167820
1.001600e-02,-162000
1.015900e-02,-157590
1.031600e-02,-152400
1.045100e-02,-146010
1.058500e-02,-138970
1.068300e-02,-135330
1.086600e-02,-127400
1.092500e-02,-125990
1.107500e-02,-119770
1.121200e-02,-114620
1.134000e-02,-108820
1.151300e-02,-102300
1.163500e-02,-98313
1.171100e-02,-93898
1.184700e-02,-88075
1.196900e-02,-83553
1.214300e-02,-78246
1.226300e-02,-73059
1.239300e-02,-67210
1.252900e-02,-6.416200e+04
1.266600e-02,-56192
1.279000e-02,-52306
1.291000e-02,-48203
1.304100e-02,-44129
1.319700e-02,-39592
1.333100e-02,-33125
1.345700e-02,-28708
1.360100e-02,-22191
1.371400e-02,-17035
1.380100e-02,-13790
1.393400e-02,-8.911700e+03
1.406100e-02,-3.627300e+03
1.423500e-02,2139
1.435000e-02,7195
1.450100e-02,12067
1.460500e-02,17134
1.472200e-02,20706
1.484600e-02,25274
1.496600e-02,30123
1.513800e-02,35296
1.523000e-02,38774
1.536400e-02,43619
1.549200e-02,48134
1.560700e-02,54356
1.573900e-02,58421
1.586600e-02,63225
1.600100e-02,67691
1.613600e-02,72417
1.624900e-02,77399
1.638800e-02,81495
1.651700e-02,88080
1.666500e-02,93238
1.676600e-02,94898
1.689700e-02,98273
1.702000e-02,103420
1.714100e-02,109460
1.727500e-02,112890
1.740800e-02,119380
1.751900e-02,122020
1.764500e-02,127140
1.780600e-02,131390
1.796500e-02,136720
1.813700e-02,141390
1.828600e-02,145170
1.840600e-02,151920
1.854500e-02,156230
1.862300e-02,157890
1.879300e-02,162880
1.893300e-02,168440
1.910100e-02,174120
1.921400e-02,176850
1.935900e-02,181920
1.946500e-02,185620
1.958100e-02,189120
1.974400e-02,194500
1.987000e-02,197530
2.003500e-02,200750
2.013100e-02,204180
2.026200e-02,209390
2.038900e-02,213690
2.049600e-02,216410
2.071200e-02,219870
2.082700e-02,224140
2.094900e-02,227720
2.109800e-02,230040
2.127700e-02,235860
2.141700e-02,240620
2.151900e-02,243230
2.166100e-02,246250
2.178700e-02,248170
2.190800e-02,251370
2.207000e-02,255150
2.223000e-02,261190
2.234700e-02,263140
2.246100e-02,268390
2.258900e-02,269660
2.270700e-02,273260
2.288000e-02,276010
2.301200e-02,278880
2.317300e-02,283540
2.329300e-02,286900
2.345500e-02,290600
2.356600e-02,291930
2.368500e-02,293750
2.383500e-02,295790
2.398700e-02,299590
2.413700e-02,303520
2.427800e-02,303320
2.446100e-02,310140
2.456300e-02,310150
2.470600e-02,313070
2.485400e-02,315220
2.497800e-02,316550
2.516900e-02,320060
2.530600e-02,320470
2.545200e-02,323790
2.560400e-02,325470
2.572800e-02,327530
2.584100e-02,326600
2.594500e-02,327960
2.609900e-02,329690
2.624500e-02,330100
2.639600e-02,334370
2.652300e-02,334340
2.663800e-02,333700
2.675800e-02,334050
2.690100e-02,335840
2.712900e-02,338070
2.723900e-02,337440
2.738900e-02,339820
2.754800e-02,340440
2.764900e-02,339910
2.777700e-02,335330
2.793100e-02,337500
2.804800e-02,341250
2.817200e-02,344280
2.833000e-02,347680
2.845400e-02,349150
2.864600e-02,349560
2.876200e-02,346550
2.889500e-02,343150
2.906200e-02,341880
2.919600e-02,341430
2.933500e-02,344100
2.951100e-02,344930
2.965800e-02,347330
2.977000e-02,344750
2.991200e-02,344940
3.010600e-02,344810
3.023800e-02,344230
3.045600e-02,343570
3.058600e-02,340950
3.075200e-02,342310
3.090900e-02,341570
3.100600e-02,340290
3.113900e-02,339960
3.128900e-02,341220
3.145100e-02,342340
3.157900e-02,341210
3.174800e-02,343730
3.188600e-02,343310
3.201400e-02,342640
3.218300e-02,342500
3.231900e-02,343330
3.248300e-02,344560
3.263400e-02,342980
3.278400e-02,345220
3.295900e-02,345140
3.306700e-02,343680
3.324300e-02,342590
3.338000e-02,342710
3.351100e-02,344160
3.366200e-02,344100
3.385100e-02,345720
3.401300e-02,345920
3.412300e-02,345600
3.425800e-02,344730
3.439300e-02,345550
3.457200e-02,345740
3.467900e-02,345850
3.470000e-02,345870
3.471200e-02,345880
3.473500e-02,345910
3.474000e-02,345910
3.473700e-02,345910
3.474100e-02,345910
3.473700e-02,345910
3.473700e-02,345910
3.473200e-02,345900
3.474100e-02,345910
3.474300e-02,345910
3.475000e-02,345920
3.476100e-02,345930
3.474600e-02,345920
3.474200e-02,345910
3.474500e-02,345920
3.475100e-02,345920
3.474600e-02,345920
3.473600e-02,345910
3.474800e-02,345920
3.474200e-02,345910
3.474900e-02,345920
3.473600e-02,345910
3.474000e-02,345910
3.473800e-02,345910
3.474600e-02,345920
3.475000e-02,345920
3.475200e-02,345920
3.474100e-02,345910
3.476900e-02,345940
3.479200e-02,345970
3.481400e-02,345990
3.483200e-02,346010
3.486000e-02,346040
3.486500e-02,346000
3.483800e-02,344840
3.479000e-02,342770
3.468900e-02,338420
3.460200e-02,334680
3.448100e-02,329470
3.440500e-02,326200
3.427200e-02,320480
3.419400e-02,317120
3.410500e-02,313290
3.397700e-02,307360
3.385200e-02,303900
3.373800e-02,297500
3.359000e-02,293820
3.346600e-02,287000
3.337000e-02,282870
3.328100e-02,278630
3.313900e-02,273170
3.303100e-02,267790
3.288200e-02,262480
3.279000e-02,258490
3.267200e-02,252840
3.256400e-02,247490
3.243700e-02,242770
3.231100e-02,238250
3.220300e-02,232850
3.208000e-02,227950
3.197000e-02,222550
3.179300e-02,215000
3.167600e-02,209810
3.154400e-02,203920
3.140700e-02,198900
3.130900e-02,194080
3.118900e-02,190020
3.108000e-02,184370
3.089500e-02,177390
3.076300e-02,172890
3.065000e-02,167420
3.053900e-02,162790
3.042900e-02,158020
3.026200e-02,152410
3.013900e-02,146920
2.998400e-02,140740
2.987100e-02,135530
2.971600e-02,129650
2.962000e-02,124630
2.950100e-02,120700
2.937900e-02,115650
2.922200e-02,109050
2.908200e-02,104290
2.896600e-02,98937
2.878300e-02,91887
2.868100e-02,87322
2.857000e-02,82473
2.844800e-02,78592
2.827600e-02,73447
2.814100e-02,66547
2.800200e-02,61827
2.787900e-02,55378
2.769900e-02,49795
2.759100e-02,45489
2.749100e-02,42415
2.737600e-02,37807
2.721100e-02,31664
2.709000e-02,26351
2.690900e-02,18901
2.678600e-02,14154
2.666500e-02,10122
2.656200e-02,5453
2.639200e-02,9.604600e+02
2.622800e-02,-4.725200e+03
2.607900e-02,-9892
2.591500e-02,-15159
2.579000e-02,-19361
2.563800e-02,-25250
2.557300e-02,-28148
2.541700e-02,-33783
2.526500e-02,-38616
2.515600e-02,-42480
2.500800e-02,-49320
2.488500e-02,-53956
2.473200e-02,-59706
2.458800e-02,-6.436500e+04
2.446800e-02,-67241
2.430900e-02,-71552
2.417300e-02,-76030
2.399900e-02,-81633
2.385800e-02,-85832
2.369500e-02,-92783
2.357200e-02,-96670
2.347900e-02,-100300
2.334700e-02,-104090
2.320800e-02,-109130
2.303400e-02,-115610
2.289300e-02,-120140
2.277100e-02,-124720
2.265500e-02,-128160
2.255500e-02,-1.303900e+05
2.244000e-02,-134060
2.225100e-02,-140800
2.208500e-02,-145470
2.196900e-02,-148410
2.184600e-02,-153800
2.172300e-02,-156070
2.162100e-02,-159550
2.147200e-02,-164570
2.132900e-02,-169180
2.115800e-02,-172600
2.106500e-02,-177100
2.093100e-02,-182280
2.080400e-02,-186460
2.069100e-02,-189610
2.053100e-02,-193070
2.036700e-02,-196980
2.022700e-02,-199750
2.009000e-02,-204490
1.992000e-02,-210920
1.980000e-02,-213500
1.966600e-02,-217490
1.952900e-02,-219600
1.941100e-02,-222430
1.925800e-02,-226780
1.912400e-02,-230640
1.896500e-02,-235180
1.880500e-02,-238760
1.868200e-02,-242170
1.858500e-02,-243270
1.843200e-02,-246510
1.828200e-02,-250750
1.814900e-02,-253820
1.794800e-02,-259430
1.783400e-02,-261490
1.771700e-02,-265470
1.756000e-02,-268450
1.744400e-02,-270410
1.728300e-02,-272580
1.713900e-02,-276180
1.699900e-02,-279790
1.687400e-02,-281350
1.678000e-02,-284200
1.662600e-02,-286360
1.648000e-02,-288800
1.632100e-02,-290740
1.621000e-02,-292630
1.607800e-02,-295330
1.592000e-02,-297660
1.577000e-02,-301060
1.562800e-02,-302740
1.551000e-02,-302620
1.538000e-02,-303660
1.523900e-02,-305750
1.507500e-02,-307100
1.495500e-02,-307880
1.477700e-02,-310560
1.465100e-02,-311510
1.450700e-02,-312740
1.435600e-02,-312550
1.421700e-02,-312540
1.404300e-02,-312760
1.392000e-02,-313790
1.377000e-02,-314720
1.364100e-02,-315150
1.352300e-02,-316670
1.339400e-02,-315020
1.322300e-02,-315680
1.305900e-02,-316630
1.292200e-02,-317140
1.276700e-02,-319410
1.262300e-02,-319570
1.247700e-02,-321390
1.235400e-02,-320090
1.219600e-02,-320130
1.198400e-02,-319960
1.186900e-02,-320920
1.167800e-02,-320300
1.154600e-02,-320720
1.142800e-02,-322550
1.130800e-02,-321520
1.114800e-02,-321400
1.100200e-02,-321360
1.085300e-02,-321640
1.064600e-02,-322810
1.052200e-02,-322630
1.039200e-02,-321970
1.021500e-02,-321360
1.010000e-02,-319520
9.964600e-03,-319290
9.841700e-03,-320660
9.720100e-03,-320950
9.580300e-03,-320980
9.411400e-03,-324460
9.287400e-03,-323460
9.127300e-03,-324170
8.941700e-03,-322950
8.811600e-03,-320880
8.653200e-03,-319630
8.540000e-03,-319110
8.389500e-03,-319540
8.243900e-03,-319140
8.139500e-03,-319670
8.027100e-03,-316780
7.852300e-03,-316700
7.732900e-03,-316550
7.604500e-03,-315340
7.412700e-03,-316290
7.250100e-03,-316020
7.169800e-03,-315890
7.154300e-03,-315860
7.140200e-03,-315840
7.137000e-03,-315830
7.124000e-03,-315810
7.132000e-03,-315830
7.128400e-03,-315820
7.128100e-03,-315820
7.131200e-03,-315820
7.119300e-03,-315800
7.123300e-03,-315810
7.118100e-03,-315800
7.133200e-03,-315830
7.114900e-03,-315800
7.126900e-03,-315820
7.144800e-03,-315850
7.148600e-03,-315850
7.127600e-03,-315820
7.133800e-03,-315830
7.134000e-03,-315830
7.135200e-03,-315830
7.128300e-03,-315820
7.123900e-03,-315810
7.129300e-03,-315820
7.128100e-03,-315820
7.134800e-03,-315830
7.126700e-03,-315820
7.124000e-03,-315810
7.136000e-03,-315830
7.122500e-03,-315810
7.126000e-03,-315820
7.106500e-03,-315780
7.093700e-03,-315760
7.068600e-03,-315720
7.054600e-03,-315700
7.030500e-03,-315660
7.021600e-03,-315640
7.049500e-03,-313740
7.120300e-03,-311030
7.197000e-03,-308100
7.307700e-03,-303860
7.404300e-03,-300170
7.540500e-03,-294960
7.649900e-03,-290770
7.745400e-03,-287120
7.935700e-03,-279840
8.046400e-03,-275610
8.175200e-03,-271960
8.301900e-03,-266930
8.422700e-03,-261700
8.519700e-03,-2.577800e+05
8.661200e-03,-251420
8.753200e-03,-246680
8.877900e-03,-241280
9.023800e-03,-236270
9.116400e-03,-231400
9.315800e-03,-224600
9.431700e-03,-220020
9.549500e-03,-213770
9.668000e-03,-208840
9.785200e-03,-203800
9.850100e-03,-200820
9.990900e-03,-195320
1.014500e-02,-189650
1.025600e-02,-184730
1.042200e-02,-178080
1.053600e-02,-171330
1.064800e-02,-167570
1.079200e-02,-163020
1.090700e-02,-158500
1.103300e-02,-154600
1.117400e-02,-147480
1.133700e-02,-141600
1.145000e-02,-137670
1.157400e-02,-1.300800e+05
1.170400e-02,-126490
1.179300e-02,-123350
1.196800e-02,-117380
1.208800e-02,-112130
1.223400e-02,-105660
1.234200e-02,-101140
1.247100e-02,-94746
1.263000e-02,-89214
1.275000e-02,-86514
1.288700e-02,-81746
1.299400e-02,-76162
1.317100e-02,-71494
1.330000e-02,-66581
1.344400e-02,-59873
1.355800e-02,-54455
1.367500e-02,-49283
1.379600e-02,-46129
1.393700e-02,-41976
1.409500e-02,-35791
1.418400e-02,-31282
1.436600e-02,-25318
1.448600e-02,-20891
1.462100e-02,-14351
1.469800e-02,-13176
1.482100e-02,-7.608400e+03
1.500000e-02,-2.481500e+03
1.509300e-02,2.245500e+03
1.524600e-02,9.432400e+03
1.536300e-02,14543
1.550500e-02,19522
1.559300e-02,22502
1.570700e-02,26127
1.586400e-02,31903
1.599800e-02,36889
1.615600e-02,42219
1.627900e-02,45959
1.638900e-02,51959
1.648300e-02,53919
1.658500e-02,57509
1.672900e-02,62319
1.684700e-02,67059
1.699900e-02,71479
1.711300e-02,75659
1.725000e-02,82279
1.734500e-02,85569
1.746500e-02,88838
1.766100e-02,93518
1.776500e-02,97798
1.788900e-02,103300
1.801200e-02,107350
1.820800e-02,115050
1.833200e-02,119100
1.847600e-02,123710
1.858800e-02,126250
1.871600e-02,1.298600e+05
1.888600e-02,135840
1.903400e-02,140420
1.920100e-02,146690
1.932700e-02,150100
1.944200e-02,155610
1.954700e-02,156780
1.965400e-02,160860
1.981800e-02,166600
1.996500e-02,170680
2.010700e-02,175670
2.018800e-02,178790
2.030600e-02,181230
2.042300e-02,184480
2.059700e-02,189900
2.077100e-02,195090
2.089800e-02,199070
2.103100e-02,202880
2.116800e-02,206180
2.129300e-02,211220
2.144400e-02,214350
2.158700e-02,219120
2.174600e-02,222490
2.186000e-02,225700
2.199400e-02,230290
2.215200e-02,235280
2.227200e-02,239420
2.244200e-02,243210
2.253700e-02,244060
2.265500e-02,245740
2.279800e-02,251720
2.295200e-02,255910
2.308800e-02,257890
2.326900e-02,264440
2.332200e-02,264960
2.347800e-02,268020
2.364900e-02,271410
2.374400e-02,275120
2.394600e-02,280130
2.406600e-02,282070
2.421500e-02,285580
2.436700e-02,289620
2.447200e-02,291240
2.463800e-02,292310
2.477500e-02,296330
2.494100e-02,299780
2.503300e-02,300390
2.521000e-02,306430
2.533700e-02,309150
2.545700e-02,311370
2.558400e-02,313110
2.570500e-02,315150
2.589300e-02,317170
2.600100e-02,319080
2.613800e-02,322820
2.627100e-02,325900
2.637600e-02,325850
2.653100e-02,326370
2.668200e-02,328920
2.680700e-02,330270
2.692000e-02,331590
2.714800e-02,334520
2.728100e-02,335010
2.740200e-02,334150
2.751000e-02,334460
2.767000e-02,335260
2.784300e-02,336740
2.797500e-02,338570
2.811600e-02,339720
2.829500e-02,339040
2.840700e-02,341580
2.852800e-02,339310
2.866500e-02,339790
2.883500e-02,338270
2.893000e-02,338580
2.908000e-02,339100
2.923800e-02,339950
2.939000e-02,341890
2.952100e-02,341400
2.964500e-02,340210
2.981900e-02,341000
2.996700e-02,340900
3.015400e-02,340620
3.031200e-02,337510
3.047700e-02,340540
3.059400e-02,339310
3.074300e-02,338340
3.087300e-02,339080
3.101400e-02,340510
3.116100e-02,341810
3.130800e-02,342990
3.148400e-02,344100
3.160000e-02,343140
3.172100e-02,342170
3.186100e-02,339890
3.202600e-02,340640
3.217200e-02,342540
3.232200e-02,341860
3.247800e-02,344400
3.260400e-02,344040
3.273200e-02,342660
3.293100e-02,342070
3.309700e-02,340910
3.327800e-02,340860
3.341600e-02,340080
3.357900e-02,340580
3.376100e-02,340200
3.387100e-02,341740
3.401100e-02,340650
3.413900e-02,340740
3.430400e-02,341300
3.442500e-02,341450
3.462000e-02,343490
3.476500e-02,343820
3.492700e-02,344570
3.506200e-02,343380
3.519600e-02,342150
3.535700e-02,341310
3.548500e-02,341550
3.568200e-02,342930
3.584600e-02,341770
3.597600e-02,341630
3.609300e-02,340180
3.624900e-02,341100
3.641800e-02,341400
3.654500e-02,342780
3.670000e-02,345240
3.685600e-02,345780
3.700500e-02,347510
3.717700e-02,347350
3.729800e-02,345500
3.747000e-02,345190
3.761700e-02,346380
3.778500e-02,346090
3.794300e-02,342630
3.810800e-02,343670
3.827500e-02,342030
3.840700e-02,339730
3.855400e-02,339370
3.868000e-02,339570
3.885800e-02,340940
3.901300e-02,340820
3.917700e-02,341070
3.932500e-02,339440
3.944900e-02,336990
3.960800e-02,337350
3.976800e-02,339380
3.988600e-02,340640
4.001000e-02,340160
4.019800e-02,341830
4.031100e-02,341980
4.043800e-02,342290
4.056700e-02,341150
4.073700e-02,341930
4.089200e-02,342710
4.103200e-02,341790
4.120200e-02,342030
4.134500e-02,340690
4.147000e-02,341340
4.162800e-02,339130
4.175700e-02,338360
4.192500e-02,339510
4.205200e-02,338750
4.225200e-02,341240
4.235200e-02,341670
4.252000e-02,342230
4.261200e-02,339820
4.276400e-02,339630
4.292700e-02,341190
4.306500e-02,342180
4.323500e-02,343880
4.335900e-02,343250
4.353200e-02,344780
4.364700e-02,342200
4.379800e-02,341570
4.397600e-02,341600
4.408800e-02,341100
4.427000e-02,342390
4.441000e-02,341870
4.459500e-02,343780
4.475700e-02,343100
4.486300e-02,338860
4.502100e-02,339490
4.517100e-02,339930
4.537500e-02,341420
4.546800e-02,341220
4.563100e-02,343720
4.574600e-02,342420
4.586400e-02,341730
4.601200e-02,342000
4.618000e-02,342800
4.629900e-02,343400
4.643700e-02,345780
4.662100e-02,348610
4.675000e-02,347320
4.685100e-02,346440
4.700300e-02,344400
4.719600e-02,343800
4.736600e-02,342920
4.754200e-02,341890
4.769200e-02,341880
4.789000e-02,341620
4.802000e-02,341010
4.813100e-02,337300
4.831100e-02,336790
4.850000e-02,337400
4.864600e-02,337150
4.879500e-02,338800
4.892500e-02,338640
4.908100e-02,341340
4.918600e-02,339960
4.934300e-02,340060
4.947700e-02,341110
4.962900e-02,340910
4.981700e-02,342480
4.994200e-02,340990
5.015800e-02,342310
5.029300e-02,340610
5.040000e-02,338530
5.057700e-02,338260
5.073300e-02,338140
5.089900e-02,338330
5.105800e-02,337070
5.122800e-02,340150
5.131300e-02,337120
5.146000e-02,337710
5.162500e-02,338020
5.176300e-02,338180
5.192900e-02,339550
5.206300e-02,338500
5.221700e-02,339820
5.236700e-02,339820
5.247000e-02,337830
5.262300e-02,338690
5.276500e-02,338920
5.293900e-02,340030
5.306500e-02,338750
5.325700e-02,340510
5.339600e-02,339180
5.362100e-02,337400
5.373900e-02,334900
5.392100e-02,333380
5.410500e-02,332870
5.422500e-02,332790
5.442700e-02,333900
5.453100e-02,333930
5.463400e-02,334810
5.478300e-02,335240
5.491700e-02,337400
5.512300e-02,338180
5.525900e-02,337570
5.540700e-02,338960
5.556000e-02,338520
5.567600e-02,336960
5.583400e-02,338370
5.599200e-02,338490
5.617400e-02,338920
5.630500e-02,338630
5.647900e-02,338930
5.662800e-02,337240
5.675800e-02,337640
5.690900e-02,335740
5.707700e-02,334810
5.722000e-02,333570
5.736700e-02,333980
5.756900e-02,334950
5.769600e-02,333380
5.782100e-02,331740
5.802000e-02,331360
5.814000e-02,331310
5.832700e-02,332230
5.842100e-02,332880
5.860000e-02,334100
5.874200e-02,333410
5.887100e-02,334160
5.902800e-02,332510
5.916700e-02,333420
5.927800e-02,334470
5.942400e-02,336710
5.962600e-02,338980
5.976000e-02,337120
5.987200e-02,338860
6.008700e-02,338310
6.020000e-02,336620
6.033000e-02,334990
6.057300e-02,335090
6.077800e-02,334900
6.091200e-02,334820
6.110700e-02,335830
6.122900e-02,334830
6.137700e-02,333480
6.154900e-02,333780
6.166800e-02,333940
6.183500e-02,335430
6.197500e-02,336030
6.212600e-02,337570
6.227900e-02,337280
6.241100e-02,336620
6.257400e-02,335420
6.273400e-02,334490
6.295500e-02,333570
6.308000e-02,332970
6.329600e-02,333620
6.344900e-02,331940
6.356700e-02,331720
6.376300e-02,331910
6.389000e-02,329590
6.404300e-02,328580
6.423800e-02,328640
6.438600e-02,329040
6.453800e-02,328170
6.471100e-02,329820
6.482800e-02,327670
6.499800e-02,328850
6.513100e-02,329560
6.528300e-02,330960
6.545800e-02,332990
6.559100e-02,332260
6.578500e-02,334360
6.593300e-02,334360
6.605800e-02,332640
6.623800e-02,332170
6.642000e-02,332360
6.656600e-02,331670
6.671500e-02,331150
6.690900e-02,332020
6.709500e-02,331330
6.723800e-02,330830
6.739600e-02,329490
6.752400e-02,329440
6.766400e-02,330280
6.779500e-02,330650
6.796000e-02,332400
6.810900e-02,333540
6.822600e-02,331770
6.843200e-02,332680
6.860100e-02,332420
6.876500e-02,331850
6.888200e-02,330020
6.906800e-02,330080
6.923800e-02,330900
6.939900e-02,329660
6.959000e-02,330400
6.977800e-02,330710
6.996100e-02,330960
7.014900e-02,330050
7.030200e-02,328210
7.042500e-02,325820
7.058300e-02,327180
7.066500e-02,326090
7.085900e-02,327720
7.106900e-02,329760
7.125600e-02,330330
7.135800e-02,332310
7.145800e-02,332290
7.156500e-02,332900
7.167500e-02,333700
7.183800e-02,332590
7.205000e-02,332530
7.222500e-02,332650
7.239500e-02,333830
7.257300e-02,333060
7.271700e-02,333600
7.287800e-02,330920
7.303700e-02,329440
7.316100e-02,328930
7.326200e-02,329340
7.346400e-02,331800
7.362100e-02,330760
7.378600e-02,332180
7.392300e-02,332700
7.410300e-02,330620
7.423200e-02,329090
7.435200e-02,327710
7.451600e-02,325660
7.466400e-02,323920
7.482000e-02,324970
7.499800e-02,324070
7.517800e-02,323740
7.537400e-02,323970
7.550100e-02,323230
7.572300e-02,323570
7.583100e-02,322910
7.595500e-02,324330
7.609000e-02,323960
7.623000e-02,325410
7.638800e-02,325280
7.656800e-02,326640
7.680300e-02,327140
7.696500e-02,327190
7.713800e-02,327800
7.729900e-02,326750
7.742300e-02,326370
7.757800e-02,326070
7.768800e-02,324250
7.787500e-02,325140
7.806800e-02,325490
7.823500e-02,326670
7.840800e-02,325800
7.854100e-02,324680
7.872300e-02,323890
7.886700e-02,323390
7.902000e-02,323440
7.921300e-02,322360
7.940500e-02,323480
7.954000e-02,323360
7.959800e-02,323310
7.962400e-02,323280
7.967200e-02,323240
7.967900e-02,323230
7.969700e-02,323220
7.968800e-02,323230
7.969700e-02,323220
7.970200e-02,323210
7.972100e-02,323200
7.970100e-02,323210
7.969800e-02,323220
7.970000e-02,323210
7.969300e-02,323220
7.968800e-02,323230
7.970500e-02,323210
7.969800e-02,323220
7.970300e-02,323210
7.970600e-02,323210
7.969500e-02,323220
7.970900e-02,323210
7.968500e-02,323230
7.970800e-02,323210
7.968700e-02,323230
7.969400e-02,323220
7.971200e-02,323200
7.970600e-02,323210
7.970400e-02,323210
7.969200e-02,323220
7.970100e-02,323210
7.969400e-02,323220
7.969100e-02,323220
7.970200e-02,323210
7.968400e-02,323230
7.970400e-02,323210
7.970300e-02,323210
7.970300e-02,323210
7.969300e-02,323220
7.971400e-02,323200
7.970700e-02,323210
7.969700e-02,323220
7.969600e-02,323220
7.970400e-02,323210
7.970400e-02,323210
7.971300e-02,323200
7.969900e-02,323220
7.971400e-02,323200
7.970500e-02,323210
7.970700e-02,323210
7.969900e-02,323220
7.971700e-02,323200
7.970500e-02,323210
7.970300e-02,323210
7.971400e-02,323200
7.970300e-02,323210
7.971500e-02,323200
7.971600e-02,323200
7.970500e-02,323210
7.970500e-02,323210
7.969200e-02,323220
7.970300e-02,323210
7.970800e-02,323210
7.969700e-02,323220
7.970900e-02,323210
7.971200e-02,323200
7.971500e-02,323200
7.969900e-02,323220
7.970000e-02,323210
7.970400e-02,323210
7.971300e-02,323200
7.970100e-02,323210
7.970000e-02,323210
7.971400e-02,323200
7.971900e-02,323200
7.971800e-02,323200
7.975800e-02,323160
7.977400e-02,323150
7.980600e-02,323120
7.982800e-02,323100
7.985500e-02,323080
7.987300e-02,323060
7.982900e-02,313480
7.979700e-02,302840
7.975400e-02,292140
7.966500e-02,279980
7.956200e-02,273200
7.943000e-02,263830
7.931700e-02,2.586500e+05
7.920500e-02,255850
7.907000e-02,251320
7.895900e-02,245790
7.879100e-02,238530
7.866000e-02,232900
7.850100e-02,224850
7.836500e-02,220560
7.824900e-02,215450
7.812200e-02,211800
7.800300e-02,207640
7.783400e-02,201640
7.770400e-02,196400
7.757600e-02,189160
7.741700e-02,184340
7.730500e-02,178710
7.715600e-02,173400
7.702900e-02,168960
7.689800e-02,164780
7.681800e-02,160970
7.667400e-02,154380
7.656600e-02,148980
7.644800e-02,144290
7.630400e-02,137500
7.616300e-02,132860
7.600700e-02,127640
7.590100e-02,123400
7.578000e-02,118560
7.565700e-02,116160
7.553500e-02,109590
7.542800e-02,105660
7.528000e-02,99158
7.510000e-02,92116
7.496300e-02,86150
7.477300e-02,79554
7.467200e-02,76546
7.455300e-02,72742
7.448500e-02,69622
7.440400e-02,6.551400e+04
7.423000e-02,60337
7.407900e-02,54335
7.388500e-02,45122
7.368600e-02,40326
7.351300e-02,34506
7.342300e-02,31986
7.333400e-02,29394
7.324200e-02,25831
7.308100e-02,21218
7.288700e-02,12965
7.271300e-02,7073
7.241800e-02,-3.868000e+02
7.227300e-02,-4107
7.212300e-02,-7.621600e+03
7.201500e-02,-9.959700e+03
7.188500e-02,-13335
7.174700e-02,-17741
7.163900e-02,-23313
7.145300e-02,-30558
7.130700e-02,-34737
7.119700e-02,-40064
7.095800e-02,-45198
7.084800e-02,-45724
7.069300e-02,-50423
7.060400e-02,-55968
7.045900e-02,-62686
7.036000e-02,-67142
7.018600e-02,-72372
7.004500e-02,-74880
6.991600e-02,-78857
6.977800e-02,-82805
6.962700e-02,-87063
6.947200e-02,-93222
6.935600e-02,-96859
6.917700e-02,-102070
6.906500e-02,-106740
6.896200e-02,-110080
6.879000e-02,-113540
6.865400e-02,-117980
6.850600e-02,-122870
6.838100e-02,-126760
6.822300e-02,-132230
6.805900e-02,-135930
6.792300e-02,-139860
6.780500e-02,-141640
6.763900e-02,-145560
6.746700e-02,-151060
6.734000e-02,-153800
6.718700e-02,-160640
6.705400e-02,-163940
6.692300e-02,-165630
6.679000e-02,-168800
6.658500e-02,-172020
6.644100e-02,-175850
6.630900e-02,-179550
6.610800e-02,-184270
6.595800e-02,-187100
6.580100e-02,-189950
6.568800e-02,-193000
6.555300e-02,-195450
6.537600e-02,-199550
6.525200e-02,-203100
6.510100e-02,-207610
6.498100e-02,-209820
6.481300e-02,-214130
6.473100e-02,-214700
6.458000e-02,-218420
6.442800e-02,-221950
6.429200e-02,-224760
6.412300e-02,-230070
6.396700e-02,-231120
6.385500e-02,-235900
6.370900e-02,-238340
6.356500e-02,-240320
6.343400e-02,-241730
6.329200e-02,-245040
6.316500e-02,-248530
6.304500e-02,-250290
6.285800e-02,-255150
6.273200e-02,-256760
6.258400e-02,-258130
6.239200e-02,-2.609100e+05
6.225600e-02,-262740
6.214100e-02,-264530
6.195900e-02,-267740
6.181200e-02,-270800
6.168400e-02,-272380
6.155200e-02,-273240
6.139800e-02,-275020
6.122900e-02,-277800
6.102100e-02,-280140
6.086800e-02,-281560
6.071000e-02,-284970
6.055000e-02,-286680
6.044000e-02,-287460
6.028000e-02,-288910
6.015900e-02,-289510
5.996300e-02,-290890
5.985300e-02,-292080
5.970600e-02,-293970
5.955300e-02,-293490
5.944600e-02,-297180
5.929900e-02,-296220
5.914700e-02,-297500
5.901100e-02,-298150
5.887500e-02,-299060
5.867300e-02,-302590
5.852900e-02,-300930
5.841700e-02,-304070
5.828400e-02,-303740
5.816300e-02,-303670
5.798900e-02,-304210
5.787100e-02,-305270
5.770100e-02,-307190
5.756600e-02,-306380
5.743400e-02,-308210
5.728000e-02,-307750
5.711000e-02,-308170
5.696200e-02,-308120
5.683300e-02,-308350
5.663200e-02,-309610
5.653600e-02,-310350
5.630900e-02,-311840
5.615400e-02,-312360
5.605500e-02,-311540
5.590800e-02,-311120
5.578500e-02,-312190
5.562500e-02,-313220
5.543200e-02,-311550
5.527900e-02,-314910
5.515100e-02,-314310
5.500400e-02,-313440
5.481200e-02,-313970
5.470000e-02,-313060
5.453300e-02,-312850
5.437800e-02,-313090
5.421900e-02,-314100
5.407100e-02,-314670
5.395100e-02,-314860
5.378200e-02,-313130
5.362000e-02,-314640
5.345800e-02,-315080
5.329400e-02,-316450
5.315000e-02,-318850
5.302700e-02,-304800
5.286600e-02,-318880
5.270200e-02,-318010
5.260200e-02,-315730
5.245000e-02,-316280
5.231200e-02,-315740
5.218300e-02,-317560
5.198000e-02,-317730
5.184000e-02,-319010
5.169000e-02,-318720
5.154900e-02,-318170
5.141000e-02,-317570
5.128900e-02,-316390
5.108700e-02,-317100
5.096800e-02,-315770
5.080300e-02,-319110
5.066800e-02,-317890
5.054100e-02,-315780
5.037300e-02,-315670
5.022500e-02,-315970
5.007100e-02,-316030
4.996600e-02,-314970
4.981000e-02,-316430
4.967900e-02,-316180
4.951400e-02,-315560
4.933500e-02,-315610
4.920000e-02,-316090
4.901000e-02,-315860
4.886000e-02,-316780
4.868600e-02,-319030
4.852100e-02,-319660
4.837500e-02,-320260
4.821900e-02,-320120
4.809200e-02,-320130
4.789700e-02,-319580
4.777200e-02,-318030
4.758700e-02,-319440
4.745500e-02,-319030
4.730900e-02,-317380
4.716100e-02,-315490
4.703500e-02,-314060
4.686100e-02,-312990
4.673700e-02,-313150
4.658900e-02,-314590
4.645300e-02,-313700
4.632400e-02,-314200
4.620200e-02,-313280
4.603700e-02,-312980
4.589700e-02,-311310
4.575700e-02,-313220
4.556000e-02,-315730
4.546200e-02,-314510
4.531800e-02,-315490
4.519100e-02,-314200
4.505100e-02,-313140
4.487500e-02,-313600
4.470600e-02,-314500
4.451800e-02,-315790
4.437500e-02,-315000
4.421900e-02,-317030
4.407100e-02,-315610
4.394700e-02,-314650
4.381800e-02,-314050
4.367800e-02,-313850
4.351000e-02,-314610
4.339000e-02,-313480
4.318000e-02,-313940
4.305900e-02,-314540
4.291800e-02,-312850
4.277100e-02,-310240
4.262300e-02,-311910
4.248100e-02,-312550
4.231100e-02,-311110
4.219500e-02,-310980
4.215500e-02,-310940
4.213700e-02,-310920
4.214500e-02,-310930
4.212500e-02,-310910
4.211700e-02,-310900
4.212500e-02,-310910
4.212100e-02,-310900
4.211100e-02,-310890
4.212700e-02,-310910
4.209700e-02,-310880
4.210600e-02,-310890
4.210100e-02,-310880
4.209600e-02,-310880
4.209100e-02,-310870
4.211100e-02,-310890
4.210900e-02,-310890
4.207600e-02,-310860
4.208500e-02,-310860
4.208600e-02,-310870
4.207900e-02,-310860
4.208900e-02,-310870
4.208400e-02,-310860
4.207600e-02,-310860
4.207100e-02,-310850
4.208500e-02,-310860
4.208300e-02,-310860
4.207900e-02,-310860
4.208300e-02,-310860
4.208600e-02,-310870
4.207100e-02,-310850
4.207600e-02,-310860
4.208900e-02,-310870
4.208700e-02,-310870
4.207800e-02,-310860
4.207600e-02,-310860
4.208900e-02,-310870
4.207200e-02,-310850
4.208100e-02,-310860
4.203800e-02,-310810
4.203000e-02,-310810
4.201000e-02,-310780
4.199600e-02,-310770
4.197500e-02,-310750
4.196700e-02,-310740
4.195600e-02,-309930
4.198100e-02,-308860
4.209500e-02,-303960
4.221700e-02,-298720
4.227000e-02,-296440
4.239300e-02,-291160
4.254300e-02,-284710
4.263900e-02,-280590
4.282400e-02,-272640
4.296900e-02,-266410
4.308200e-02,-261560
4.320600e-02,-2.562300e+05
4.331200e-02,-251680
4.347800e-02,-244550
4.360600e-02,-239050
4.375500e-02,-232850
4.388300e-02,-228620
4.402900e-02,-221830
4.415700e-02,-216970
4.424500e-02,-214610
4.440800e-02,-209570
4.449900e-02,-203780
4.467600e-02,-197160
4.478500e-02,-193140
4.494600e-02,-187140
4.505400e-02,-182100
4.517300e-02,-178340
4.530000e-02,-173320
4.544100e-02,-168320
4.558800e-02,-163810
4.569400e-02,-158430
4.585200e-02,-151890
4.598000e-02,-147480
4.608000e-02,-142890
4.623400e-02,-137290
4.633800e-02,-133300
4.650100e-02,-127740
4.661700e-02,-124040
4.677500e-02,-118620
4.688400e-02,-114070
4.698200e-02,-108760
4.713000e-02,-105280
4.726100e-02,-99496
4.740600e-02,-94158
4.751800e-02,-88792
4.769500e-02,-82661
4.782400e-02,-78540
4.796800e-02,-73229
4.808800e-02,-68435
4.823500e-02,-64616
4.837200e-02,-60941
4.852000e-02,-55260
4.868900e-02,-48351
4.881900e-02,-45253
4.894900e-02,-38736
4.904200e-02,-34997
4.919000e-02,-30287
4.932800e-02,-26282
4.948500e-02,-21517
4.962600e-02,-16890
4.975900e-02,-11497
4.993600e-02,-6.782500e+03
5.004400e-02,-1.986500e+03
5.016700e-02,1.518600e+03
5.030600e-02,5.908200e+03
5.042500e-02,10506
5.059800e-02,16606
5.071900e-02,20311
5.091900e-02,26359
5.101200e-02,30771
5.109600e-02,34035
5.125800e-02,39161
5.138600e-02,43038
5.155300e-02,48083
5.169200e-02,52876
5.184800e-02,58474
5.197700e-02,61711
5.211000e-02,67937
5.222200e-02,70620
5.235700e-02,75435
5.251400e-02,78963
5.265400e-02,83226
5.282200e-02,90370
5.293900e-02,93821
5.307700e-02,98835
5.322700e-02,101430
5.332700e-02,104810
5.349400e-02,110010
5.359400e-02,114230
5.379700e-02,119470
5.393800e-02,122510
5.406900e-02,128070
5.422000e-02,131360
5.432600e-02,134630
5.448500e-02,139220
5.460200e-02,142700
5.476900e-02,147020
5.491500e-02,151280
5.503800e-02,156400
5.518100e-02,160640
5.528900e-02,160390
5.542600e-02,165700
5.559200e-02,170500
5.572900e-02,174750
5.587200e-02,178080
5.602000e-02,183160
5.616400e-02,186100
5.627900e-02,189200
5.643700e-02,192600
5.656500e-02,195640
5.673600e-02,199260
5.684700e-02,202890
5.700700e-02,207850
5.712500e-02,210360
5.728300e-02,215340
5.739700e-02,216250
5.752500e-02,219610
5.766500e-02,223250
5.778600e-02,226310
5.797400e-02,230790
5.810400e-02,233420
5.823800e-02,237390
5.836700e-02,240410
5.851200e-02,242570
5.866100e-02,244490
5.879400e-02,247050
5.896100e-02,250450
5.911500e-02,252310
5.921300e-02,256440
5.938900e-02,258120
5.955000e-02,260310
5.966800e-02,261810
5.984200e-02,264590
6.000600e-02,268120
6.012800e-02,269750
6.027700e-02,273090
6.039800e-02,275870
6.050800e-02,275550
6.071300e-02,277960
6.083300e-02,279860
6.103000e-02,281470
6.114100e-02,282740
6.132500e-02,284780
6.147000e-02,286750
6.162300e-02,287600
6.179300e-02,288650
6.191200e-02,288690
6.209800e-02,289700
6.224200e-02,290430
6.237500e-02,291490
6.251700e-02,292160
6.265800e-02,293560
6.280800e-02,293110
6.295600e-02,294040
6.310700e-02,294890
6.323100e-02,295840
6.342400e-02,297520
6.357300e-02,297840
6.371900e-02,299340
6.384600e-02,298660
6.398300e-02,298080
6.416200e-02,297830
6.429000e-02,298270
6.447700e-02,299950
6.463000e-02,299310
6.478600e-02,301230
6.497000e-02,300280
6.508500e-02,299420
6.529400e-02,299010
6.543600e-02,298960
6.564900e-02,299940
6.579000e-02,298770
6.596400e-02,299270
6.608500e-02,300360
6.621500e-02,298950
6.636600e-02,301020
6.650200e-02,301240
6.654800e-02,301320
6.658200e-02,301370
6.659800e-02,301400
6.660700e-02,301420
6.662500e-02,301450
6.662100e-02,301440
6.663600e-02,301460
6.663900e-02,301470
6.663500e-02,301460
6.661700e-02,301430
6.663600e-02,301460
6.663400e-02,301460
6.664600e-02,301480
6.662600e-02,301450
6.663700e-02,301460
6.663000e-02,301450
6.662900e-02,301450
6.663200e-02,301460
6.664600e-02,301480
6.664900e-02,301480
6.662100e-02,301440
6.663000e-02,301450
6.664400e-02,301480
6.665200e-02,301490
6.663900e-02,301470
6.664200e-02,301470
6.663300e-02,301460
6.663700e-02,301460
6.664000e-02,301470
6.663800e-02,301470
6.663600e-02,301460
6.664000e-02,301470
6.664000e-02,301470
6.663400e-02,301460
6.663600e-02,301460
6.664100e-02,301470
6.663900e-02,301470
6.663200e-02,301460
6.664200e-02,301470
6.663900e-02,301470
6.663400e-02,301460
6.667000e-02,301520
6.669400e-02,301560
6.671600e-02,301590
6.675400e-02,301660
6.676700e-02,301680
6.678900e-02,301710
6.678900e-02,300990
6.674700e-02,299040
6.665200e-02,294610
6.655900e-02,290280
6.640800e-02,283250
6.632400e-02,279340
6.621500e-02,274260
6.605700e-02,266900
6.595400e-02,262110
6.579900e-02,254890
6.567300e-02,249020
6.552200e-02,241990
6.540000e-02,236300
6.529600e-02,231460
6.518900e-02,226480
6.507100e-02,220780
6.491400e-02,215840
6.478900e-02,209790
6.465100e-02,202890
6.450100e-02,199020
6.438700e-02,192870
6.425700e-02,188170
6.413200e-02,184030
6.400800e-02,179600
6.390500e-02,173770
6.374500e-02,167370
6.360300e-02,162740
6.347000e-02,156450
6.334400e-02,151770
6.325100e-02,146950
6.311700e-02,142950
6.301200e-02,138390
6.277800e-02,133340
6.264200e-02,127110
6.250100e-02,120350
6.237600e-02,116590
6.227100e-02,110900
6.213000e-02,105820
6.197400e-02,101720
6.183400e-02,96459
6.169000e-02,91552
6.151600e-02,85172
6.140500e-02,81366
6.122000e-02,75600
6.109300e-02,73614
6.096400e-02,69685
6.080900e-02,64910
6.067000e-02,57820
6.052400e-02,51303
6.033800e-02,46554
6.019900e-02,40523
6.011500e-02,36452
5.996200e-02,31110
5.980300e-02,25646
5.968200e-02,21065
5.953800e-02,14425
5.935300e-02,10654
5.922600e-02,5.039100e+03
5.909400e-02,6.314400e+02
5.899000e-02,-2.828900e+03
5.881600e-02,-6.789100e+03
5.867700e-02,-11729
5.854800e-02,-16475
5.844100e-02,-21711
5.828700e-02,-28148
5.811500e-02,-32152
5.800200e-02,-35030
5.787700e-02,-39069
5.773100e-02,-43592
5.760000e-02,-49563
5.746300e-02,-54714
5.734000e-02,-60703
5.719600e-02,-66296
5.704800e-02,-69389
5.690900e-02,-73731
5.678000e-02,-78551
5.659900e-02,-83069
5.648000e-02,-87178
5.632000e-02,-92993
5.621300e-02,-96370
5.602200e-02,-102100
5.589700e-02,-105310
5.577600e-02,-107940
5.564300e-02,-113010
5.551400e-02,-117740
5.532800e-02,-123460
5.523400e-02,-124790
5.507500e-02,-131310
5.493200e-02,-134850
5.480700e-02,-138990
5.463300e-02,-143610
5.446800e-02,-147660
5.434200e-02,-153300
5.415700e-02,-156410
5.405800e-02,-161300
5.387600e-02,-165260
5.376900e-02,-168120
5.362000e-02,-170760
5.347600e-02,-175270
5.331400e-02,-179610
5.317000e-02,-183190
5.305200e-02,-188910
5.291100e-02,-191550
5.273700e-02,-195770
5.262200e-02,-198390
5.247900e-02,-201370
5.229400e-02,-206080
5.219400e-02,-209230
5.207300e-02,-213260
5.196000e-02,-217050
5.180500e-02,-219260
5.167500e-02,-223210
5.154500e-02,-226700
5.137400e-02,-230210
5.123600e-02,-233370
5.110600e-02,-238520
5.098700e-02,-241530
5.085500e-02,-244910
5.070600e-02,-246680
5.058600e-02,-249590
5.040500e-02,-253760
5.027900e-02,-2.572200e+05
5.008000e-02,-260990
4.994900e-02,-263080
4.981400e-02,-266340
4.968000e-02,-267240
4.953400e-02,-270090
4.935200e-02,-272750
4.923300e-02,-275780
4.902500e-02,-279750
4.889900e-02,-281580
4.875100e-02,-284440
4.863100e-02,-285560
4.850400e-02,-286410
4.833900e-02,-288520
4.815500e-02,-290420
4.798800e-02,-292920
4.787100e-02,-291600
4.776400e-02,-291790
4.762000e-02,-292260
4.748200e-02,-293930
4.732700e-02,-293550
4.715200e-02,-294520
4.701600e-02,-294430
4.686800e-02,-295310
4.669000e-02,-297260
4.654200e-02,-297160
4.642300e-02,-296760
4.627500e-02,-296240
4.613300e-02,-297150
4.598700e-02,-296240
4.582400e-02,-297020
4.567600e-02,-299310
4.557000e-02,-297650
4.542100e-02,-297470
4.531200e-02,-296040
4.516000e-02,-294610
4.497800e-02,-297090
4.484800e-02,-295960
4.466000e-02,-298210
4.452700e-02,-297440
4.441500e-02,-297740
4.421400e-02,-296320
4.409500e-02,-296710
4.394000e-02,-297050
4.381200e-02,-296870
4.362100e-02,-299480
4.347800e-02,-298480
4.331700e-02,-299880
4.320100e-02,-298860
4.302600e-02,-298320
4.287800e-02,-297640
4.275400e-02,-297950
4.256900e-02,-299720
4.240800e-02,-297170
4.229100e-02,-297120
4.221200e-02,-297080
4.220200e-02,-297080
4.220300e-02,-297080
4.218400e-02,-297070
4.218300e-02,-297070
4.217600e-02,-297070
4.218200e-02,-297070
4.217300e-02,-297070
4.217800e-02,-297070
4.216900e-02,-297060
4.218000e-02,-297070
4.218800e-02,-297070
4.217200e-02,-297070
4.215500e-02,-297060
4.218000e-02,-297070
4.217100e-02,-297060
4.217800e-02,-297070
4.217600e-02,-297070
4.217500e-02,-297070
4.217300e-02,-297070
4.217600e-02,-297070
4.217500e-02,-297070
4.217900e-02,-297070
4.216900e-02,-297060
4.218500e-02,-297070
4.218500e-02,-297070
4.216000e-02,-297060
4.217400e-02,-297070
4.218300e-02,-297070
4.217200e-02,-297070
4.217200e-02,-297070
4.218200e-02,-297070
4.216800e-02,-297060
4.217100e-02,-297060
4.217300e-02,-297070
4.218500e-02,-297070
4.217100e-02,-297060
4.218100e-02,-297070
4.217000e-02,-297060
4.217000e-02,-297060
4.217300e-02,-297070
4.217600e-02,-297070
4.216800e-02,-297060
4.216400e-02,-297060
4.218200e-02,-297070
4.216700e-02,-297060
4.216500e-02,-297060
4.218100e-02,-297070
4.216900e-02,-297060
4.213700e-02,-297050
4.212900e-02,-297050
4.210600e-02,-297030
4.208300e-02,-297020
4.206100e-02,-297010
4.204900e-02,-297010
4.204800e-02,-296380
4.208700e-02,-294870
4.219500e-02,-290680
4.228600e-02,-287160
4.234500e-02,-284870
4.248600e-02,-279400
4.259400e-02,-275220
4.269800e-02,-271190
4.287600e-02,-264290
4.299100e-02,-2.598300e+05
4.314700e-02,-253780
4.329700e-02,-247970
4.339400e-02,-244210
4.353600e-02,-238700
4.367300e-02,-233390
4.382100e-02,-229230
4.394700e-02,-224410
4.408200e-02,-217220
4.419200e-02,-212460
4.428200e-02,-209950
4.444800e-02,-204940
4.457600e-02,-199400
4.475600e-02,-193260
4.484600e-02,-189390
4.499500e-02,-183420
4.511500e-02,-178130
4.524000e-02,-174470
4.539000e-02,-169590
4.553800e-02,-164660
4.567400e-02,-160230
4.579100e-02,-154700
4.593200e-02,-148670
4.605600e-02,-143770
4.617100e-02,-138850
4.631000e-02,-133800
4.641600e-02,-1.305100e+05
4.658100e-02,-125000
4.670600e-02,-120280
4.685200e-02,-114100
4.697300e-02,-110510
4.708500e-02,-105200
4.722500e-02,-100670
4.734300e-02,-95750
4.750700e-02,-91028
4.763000e-02,-85724
4.777900e-02,-79523
4.790200e-02,-75666
4.807000e-02,-69972
4.819000e-02,-65552
4.832000e-02,-61560
4.846400e-02,-57820
4.860400e-02,-52563
4.876100e-02,-45594
4.885800e-02,-42613
4.899900e-02,-36393
4.915900e-02,-3.232200e+04
4.928900e-02,-27546
4.942600e-02,-23352
4.954300e-02,-19149
4.974000e-02,-14215
4.986200e-02,-8.756900e+03
5.001600e-02,-4.321400e+03
5.013800e-02,4.899300e+02
5.025400e-02,3.796500e+03
5.040300e-02,8.318800e+03
5.054800e-02,12856
5.069400e-02,18369
5.083900e-02,22372
5.096800e-02,28092
5.109300e-02,32762
5.120500e-02,36250
5.133900e-02,40645
5.144500e-02,44516
5.164600e-02,50115
5.177400e-02,54624
5.195700e-02,60342
5.207900e-02,63105
5.220400e-02,69055
5.233000e-02,71955
5.244300e-02,76633
5.261900e-02,80185
5.275000e-02,84932
5.291600e-02,91700
5.304400e-02,95159
5.317400e-02,100170
5.330600e-02,103140
5.344800e-02,106190
5.358900e-02,110330
5.373600e-02,115170
5.386400e-02,120390
5.404500e-02,123670
5.416200e-02,129090
5.432600e-02,132210
5.444800e-02,134930
5.460200e-02,139450
5.474200e-02,143370
5.489300e-02,147420
5.502300e-02,151650
5.517100e-02,156370
5.528700e-02,160210
5.536900e-02,163080
5.555200e-02,166970
5.569700e-02,170750
5.587400e-02,175010
5.599400e-02,177950
5.616100e-02,183320
5.625200e-02,186230
5.640200e-02,188840
5.653200e-02,192710
5.667300e-02,196290
5.683900e-02,200350
5.695600e-02,203880
5.709700e-02,207860
5.724100e-02,210570
5.738100e-02,216060
5.748600e-02,217190
5.766000e-02,220530
5.778900e-02,224250
5.793100e-02,227570
5.811300e-02,232130
5.825100e-02,234630
5.839000e-02,238190
5.851500e-02,241130
5.865000e-02,242910
5.879600e-02,245690
5.891600e-02,247730
5.909300e-02,251900
5.923500e-02,253920
5.934900e-02,2.580900e+05
5.948600e-02,259640
5.961600e-02,262070
5.977200e-02,263470
5.990100e-02,266220
6.006100e-02,268920
6.017800e-02,270750
6.038600e-02,272850
6.052900e-02,274930
6.065500e-02,274950
6.086900e-02,276450
6.099800e-02,277340
6.115300e-02,277870
6.129400e-02,279020
6.148700e-02,281190
6.159300e-02,283750
6.172000e-02,284440
6.187900e-02,284970
6.201200e-02,283240
6.218100e-02,284090
6.228800e-02,284260
6.248100e-02,285710
6.262300e-02,285580
6.278300e-02,286570
6.294500e-02,284990
6.307900e-02,284790
6.328900e-02,284570
6.342900e-02,284050
6.364700e-02,284560
6.378300e-02,282770
6.399600e-02,283520
6.409700e-02,282560
6.423900e-02,281270
6.438400e-02,280280
6.453300e-02,281370
6.471800e-02,283870
6.486700e-02,283410
6.502900e-02,285620
6.515700e-02,284120
6.529600e-02,282540
6.547300e-02,283070
6.559100e-02,283720
6.579500e-02,285510
6.594000e-02,284640
6.608100e-02,285840
6.620500e-02,286640
6.634700e-02,284690
6.653700e-02,285310
6.668800e-02,285100
6.685500e-02,285500
6.703200e-02,284660
6.723200e-02,285750
6.738500e-02,285010
6.751400e-02,283200
6.768300e-02,282380
6.787700e-02,281610
6.804700e-02,282240
6.818600e-02,281690
6.840300e-02,282280
6.855000e-02,281960
6.866800e-02,282490
6.880400e-02,279750
6.892800e-02,280160
6.912200e-02,281550
6.925900e-02,281760
6.946600e-02,283830
6.963800e-02,284040
6.976300e-02,283130
6.992600e-02,281020
7.004600e-02,278130
7.017900e-02,277270
7.033800e-02,277820
7.054800e-02,280140
7.074400e-02,281500
7.089800e-02,281740
7.107500e-02,280810
7.122400e-02,279320
7.136000e-02,277110
7.147400e-02,275800
7.164900e-02,276020
7.179600e-02,276280
7.198400e-02,279930
7.214200e-02,279050
7.231900e-02,278280
7.247800e-02,277160
7.263500e-02,274700
7.275800e-02,273680
7.287700e-02,272410
7.309000e-02,273970
7.317700e-02,272460
7.335100e-02,273350
7.356800e-02,274710
7.372600e-02,274570
7.386700e-02,274310
7.402800e-02,271930
7.416800e-02,270270
7.430800e-02,268370
7.442900e-02,268630
7.454100e-02,268020
7.472300e-02,268830
7.485800e-02,269730
7.501600e-02,270710
7.521100e-02,271290
7.535600e-02,270190
7.548900e-02,269460
7.562700e-02,269050
7.577100e-02,269420
7.595000e-02,271940
7.607100e-02,272000
7.628700e-02,273930
7.645100e-02,273270
7.658700e-02,271630
7.672200e-02,271030
7.686000e-02,271590
7.698900e-02,271460
7.705800e-02,271390
7.707600e-02,271370
7.710600e-02,271340
7.710000e-02,271340
7.710900e-02,271330
7.713200e-02,271310
7.713100e-02,271310
7.713600e-02,271300
7.712800e-02,271310
7.714300e-02,271300
7.714200e-02,271300
7.713400e-02,271310
7.714100e-02,271300
7.714600e-02,271290
7.713200e-02,271310
7.713600e-02,271300
7.712500e-02,271320
7.712400e-02,271320
7.712800e-02,271310
7.712900e-02,271310
7.713600e-02,271300
7.713200e-02,271310
7.712700e-02,271310
7.712800e-02,271310
7.713800e-02,271300
7.712300e-02,271320
7.712800e-02,271310
7.713500e-02,271310
7.713000e-02,271310
7.715800e-02,271280
7.720100e-02,271240
7.723200e-02,271200
7.725500e-02,271180
7.726100e-02,271170
7.728000e-02,271150
7.729200e-02,271140
7.729300e-02,270500
7.727700e-02,269950
7.722400e-02,268130
7.720500e-02,267470
7.710100e-02,263900
7.698000e-02,259740
7.688700e-02,2.565400e+05
7.670100e-02,250140
7.657800e-02,245910
7.643200e-02,240890
7.630400e-02,235660
7.619800e-02,232450
7.605900e-02,228060
7.594800e-02,224900
7.581200e-02,219190
7.570200e-02,212720
7.549500e-02,204560
7.532300e-02,199160
7.520300e-02,192730
7.510100e-02,188590
7.495300e-02,184190
7.483000e-02,183960
7.466600e-02,181710
7.450200e-02,174710
7.434000e-02,168950
7.425800e-02,162770
7.400100e-02,153740
7.383500e-02,148880
7.373000e-02,143950
7.364300e-02,140220
7.352100e-02,136060
7.340600e-02,130750
7.327000e-02,122860
7.311100e-02,117110
7.293600e-02,110340
7.273800e-02,105190
7.261400e-02,101920
7.246000e-02,97400
7.236400e-02,93772
7.222100e-02,87857
7.208400e-02,82496
7.196600e-02,76950
7.184800e-02,72153
7.166800e-02,66664
7.151000e-02,61932
7.139300e-02,57629
7.126200e-02,51759
7.113400e-02,47518
7.099900e-02,43655
7.085400e-02,38623
7.075700e-02,34372
7.060400e-02,29602
7.045600e-02,24545
7.029300e-02,18544
7.017800e-02,14489
7.005500e-02,9.646400e+03
6.994100e-02,5.199800e+03
6.981500e-02,3.958800e+02
6.964100e-02,-4.644400e+03
6.954000e-02,-8.851900e+03
6.937700e-02,-14392
6.928400e-02,-18707
6.906400e-02,-23670
6.887800e-02,-28294
6.879100e-02,-31482
6.864200e-02,-35808
6.842300e-02,-40138
6.830700e-02,-45388
6.820300e-02,-49039
6.807000e-02,-56112
6.794700e-02,-59868
6.778800e-02,-64842
6.764800e-02,-69620
6.750400e-02,-73592
6.727200e-02,-78703
6.716100e-02,-81939
6.697600e-02,-87343
6.681100e-02,-91381
6.664900e-02,-94927
6.650700e-02,-98307
6.635900e-02,-102280
6.620800e-02,-106430
6.609800e-02,-110990
6.593600e-02,-116730
6.579200e-02,-120570
6.566300e-02,-124960
6.552900e-02,-128870
6.540900e-02,-131510
6.525300e-02,-135890
6.512100e-02,-140010
6.494100e-02,-145290
6.482200e-02,-148540
6.469800e-02,-153170
6.457500e-02,-156730
6.440500e-02,-161380
6.426100e-02,-164120
6.409900e-02,-167600
6.395000e-02,-171510
6.382000e-02,-175300
6.367800e-02,-180030
6.354400e-02,-183920
6.342000e-02,-185430
6.321800e-02,-189980
6.306400e-02,-191610
6.289000e-02,-195700
6.276100e-02,-198600
6.260000e-02,-203690
6.246900e-02,-206810
6.235800e-02,-209170
6.223600e-02,-211470
6.209700e-02,-216700
6.192100e-02,-222690
6.179700e-02,-226320
6.166300e-02,-229920
6.149400e-02,-232960
6.137400e-02,-235530
6.124200e-02,-236560
6.108300e-02,-240200
6.085800e-02,-243240
6.074200e-02,-245590
6.058400e-02,-250330
6.042000e-02,-253250
6.026500e-02,-256570
6.016200e-02,-258130
6.001700e-02,-259990
5.982900e-02,-261880
5.969900e-02,-265260
5.955900e-02,-267970
5.940900e-02,-269830
5.926800e-02,-272980
5.913500e-02,-273960
5.900300e-02,-274910
5.887300e-02,-276680
5.871400e-02,-278790
5.853600e-02,-282080
5.838500e-02,-283460
5.825400e-02,-284440
5.809700e-02,-285490
5.792600e-02,-285680
5.778000e-02,-287540
5.765500e-02,-288760
5.747300e-02,-290320
5.732600e-02,-290150
5.715600e-02,-293270
5.702000e-02,-291870
5.686000e-02,-292880
5.671700e-02,-292300
5.657600e-02,-291810
5.642000e-02,-293610
5.625000e-02,-293870
5.607000e-02,-295420
5.594600e-02,-295090
5.582800e-02,-293960
5.567800e-02,-293490
5.550400e-02,-293740
5.534400e-02,-293750
5.522600e-02,-292440
5.505200e-02,-294970
5.492700e-02,-293440
5.477100e-02,-292360
5.460900e-02,-291830
5.444500e-02,-291930
5.431300e-02,-290620
5.414300e-02,-291740
5.403700e-02,-292840
5.388100e-02,-292290
5.369400e-02,-293210
5.350800e-02,-292010
5.337000e-02,-292550
5.320500e-02,-292630
5.305600e-02,-293150
5.289500e-02,-294120
5.276300e-02,-293880
5.267900e-02,-293000
5.251500e-02,-293570
5.238100e-02,-293130
5.217100e-02,-293770
5.204700e-02,-294170
5.191000e-02,-295180
5.177900e-02,-295250
5.158900e-02,-296830
5.147500e-02,-295320
5.129900e-02,-296370
5.115900e-02,-295280
5.100300e-02,-296710
5.082600e-02,-297670
5.070900e-02,-295820
5.052500e-02,-296100
5.040300e-02,-295120
5.029000e-02,-293690
5.011500e-02,-292970
4.998100e-02,-294110
4.982900e-02,-295140
4.968800e-02,-294090
4.950000e-02,-296650
4.936400e-02,-294520
4.920500e-02,-294970
4.903300e-02,-294720
4.890700e-02,-294640
4.872100e-02,-295590
4.856500e-02,-296330
4.837600e-02,-297540
4.824000e-02,-297190
4.811500e-02,-297120
4.792300e-02,-297780
4.777300e-02,-298210
4.758500e-02,-298210
4.747000e-02,-297030
4.727200e-02,-298980
4.716500e-02,-298260
4.704700e-02,-298160
4.689500e-02,-297680
4.674200e-02,-297270
4.657300e-02,-296880
4.640900e-02,-297540
4.627700e-02,-298550
4.612600e-02,-298330
4.601400e-02,-298540
4.586000e-02,-293160
4.571100e-02,-292550
4.557500e-02,-292750
4.544400e-02,-294970
4.528400e-02,-297300
4.514900e-02,-296610
4.502900e-02,-295990
4.484200e-02,-297210
4.472200e-02,-295630
4.453900e-02,-295620
4.443800e-02,-295230
4.425200e-02,-296600
4.409400e-02,-295360
4.398500e-02,-296780
4.384100e-02,-296690
4.369100e-02,-296590
4.364400e-02,-296550
4.363700e-02,-296550
4.361100e-02,-296530
4.360700e-02,-296530
4.362000e-02,-296540
4.361800e-02,-296540
4.362300e-02,-296540
4.361300e-02,-296530
4.360300e-02,-296530
4.360500e-02,-296530
4.361900e-02,-296540
4.360400e-02,-296530
4.360300e-02,-296530
4.361100e-02,-296530
4.360100e-02,-296530
4.360200e-02,-296530
4.359900e-02,-296520
4.359300e-02,-296520
4.360400e-02,-296530
4.357500e-02,-296510
4.360100e-02,-296530
4.359800e-02,-296520
4.360000e-02,-296520
4.359700e-02,-296520
4.359200e-02,-296520
4.360100e-02,-296530
4.359200e-02,-296520
4.358200e-02,-296510
4.360600e-02,-296530
4.360100e-02,-296530
4.359200e-02,-296520
4.358700e-02,-296520
4.358300e-02,-296510
4.358700e-02,-296520
4.355300e-02,-296490
4.353700e-02,-296480
4.351200e-02,-296470
4.349200e-02,-296450
4.347300e-02,-296440
4.347300e-02,-296440
4.350600e-02,-294010
4.357500e-02,-290870
4.368600e-02,-285820
4.379900e-02,-280680
4.388900e-02,-276580
4.401900e-02,-270670
4.414400e-02,-264980
4.427800e-02,-258880
4.438400e-02,-254060
4.455300e-02,-246360
4.466700e-02,-241180
4.476800e-02,-236580
4.490000e-02,-230570
4.502100e-02,-225070
4.520300e-02,-216780
4.531500e-02,-211650
4.547100e-02,-205610
4.557500e-02,-200590
4.569300e-02,-197400
4.583500e-02,-192510
4.595300e-02,-187630
4.611000e-02,-183670
4.625000e-02,-178450
4.637900e-02,-172200
4.650700e-02,-167870
4.662000e-02,-163450
4.676300e-02,-158390
4.687000e-02,-154810
4.701600e-02,-149430
4.713900e-02,-144840
4.731300e-02,-138570
4.741500e-02,-135490
4.751900e-02,-1.303600e+05
4.766800e-02,-125970
4.780400e-02,-121110
4.797300e-02,-116210
4.807600e-02,-111520
4.824200e-02,-105370
4.837100e-02,-107040
4.850200e-02,-96279
4.861100e-02,-91450
4.877100e-02,-87446
4.891100e-02,-83684
4.903700e-02,-78282
4.921000e-02,-72245
4.933000e-02,-69163
4.946200e-02,-63035
4.959100e-02,-58931
4.972500e-02,-54307
4.986700e-02,-50723
4.998100e-02,-46226
5.016600e-02,-41364
5.027900e-02,-36236
5.042100e-02,-31490
5.055900e-02,-26866
5.065500e-02,-23657
5.084400e-02,-19448
5.098100e-02,-14735
5.111000e-02,-9059
5.122500e-02,-5.642400e+03
5.141800e-02,4.527700e+02
5.153000e-02,4.780900e+03
5.165300e-02,7.747200e+03
5.179900e-02,12400
5.192600e-02,16085
5.210300e-02,21645
5.222200e-02,26017
5.239400e-02,31337
5.253000e-02,34335
5.265600e-02,40588
5.278800e-02,43119
5.292700e-02,47427
5.306400e-02,50917
5.321000e-02,55221
5.338600e-02,62320
5.350000e-02,65821
5.364100e-02,70818
5.376200e-02,73846
5.390300e-02,76693
5.407600e-02,80823
5.419200e-02,84983
5.435500e-02,90449
5.447400e-02,93617
5.461900e-02,99762
5.476900e-02,102620
5.490300e-02,105700
5.507000e-02,109760
5.523500e-02,113250
5.536600e-02,117610
5.550800e-02,121680
5.566900e-02,126560
5.579700e-02,1.303300e+05
5.589100e-02,133040
5.606800e-02,136480
5.622300e-02,140510
5.637200e-02,144670
5.647600e-02,147330
5.663400e-02,152840
5.673900e-02,155460
5.686600e-02,158310
5.701200e-02,162290
5.716200e-02,165810
5.732700e-02,169490
5.744200e-02,173260
5.758700e-02,177150
5.772800e-02,177680
5.785400e-02,183570
5.795700e-02,185830
5.812500e-02,188480
5.824000e-02,193860
5.837500e-02,197040
5.857200e-02,202040
5.868000e-02,204540
5.885700e-02,208560
5.895800e-02,211610
5.910900e-02,213340
5.927800e-02,216050
5.940400e-02,219110
5.955600e-02,222790
5.971600e-02,224710
5.985800e-02,228970
5.998900e-02,230180
6.012300e-02,232820
6.024600e-02,235000
6.037600e-02,238500
6.055200e-02,242740
6.073000e-02,244120
6.090700e-02,247940
6.106300e-02,250510
6.119200e-02,250810
6.136700e-02,252460
6.155500e-02,253910
6.171100e-02,255180
6.186300e-02,256440
6.201500e-02,259640
6.211700e-02,262640
6.228000e-02,264120
6.242700e-02,265870
6.257300e-02,265580
6.273900e-02,267510
6.286100e-02,268730
6.301700e-02,270460
6.314200e-02,270610
6.332500e-02,272540
6.344400e-02,270450
6.358700e-02,271250
6.373900e-02,271470
6.388500e-02,272720
6.408300e-02,275060
6.423800e-02,275350
6.436800e-02,276910
6.449800e-02,276650
6.463000e-02,274870
6.483100e-02,273450
6.498600e-02,273390
6.518300e-02,275080
6.534500e-02,273160
6.554800e-02,274970
6.567200e-02,273420
6.581100e-02,271700
6.596200e-02,272030
6.610600e-02,272170
6.614600e-02,272210
6.616700e-02,272240
6.618400e-02,272250
6.617800e-02,272250
6.618200e-02,272250
6.618400e-02,272250
6.618800e-02,272260
6.618300e-02,272250
6.619800e-02,272270
6.618300e-02,272250
6.618900e-02,272260
6.619800e-02,272270
6.618100e-02,272250
6.617400e-02,272240
6.618900e-02,272260
6.618200e-02,272250
6.618300e-02,272250
6.618900e-02,272260
6.619800e-02,272270
6.618800e-02,272260
6.619600e-02,272270
6.617800e-02,272250
6.618600e-02,272260
6.619800e-02,272270
6.618600e-02,272260
6.618000e-02,272250
6.620000e-02,272270
6.618800e-02,272260
6.619900e-02,272270
6.618500e-02,272250
6.618200e-02,272250
6.617700e-02,272250
6.619200e-02,272260
6.619900e-02,272270
6.619200e-02,272260
6.618700e-02,272260
6.620000e-02,272270
6.623000e-02,272300
6.624500e-02,272310
6.627800e-02,272350
6.630300e-02,272370
6.631700e-02,272390
6.634500e-02,271740
6.627300e-02,268640
6.621900e-02,266310
6.610900e-02,261560
6.604000e-02,2.585900e+05
6.595000e-02,254700
6.584400e-02,250130
6.569900e-02,243880
6.557100e-02,238360
6.543800e-02,232620
6.529100e-02,226280
6.518300e-02,221620
6.506900e-02,216710
6.489200e-02,209070
6.478900e-02,204630
6.466300e-02,199300
6.452700e-02,193390
6.441800e-02,188890
6.428800e-02,182910
6.414200e-02,177630
6.406900e-02,174290
6.392300e-02,169100
6.377500e-02,164050
6.365800e-02,158430
6.353200e-02,154070
6.331200e-02,148150
6.321900e-02,143560
6.313900e-02,139820
6.296200e-02,134740
6.286200e-02,1.297700e+05
6.269100e-02,125190
6.256600e-02,120510
6.241100e-02,115640
6.219700e-02,110930
6.209000e-02,103780
6.196800e-02,100490
6.184700e-02,95048
6.169900e-02,89952
6.159100e-02,85223
6.146000e-02,78585
6.132600e-02,73718
6.115000e-02,69825
6.095700e-02,6.501600e+04
6.083700e-02,61769
6.066900e-02,57580
6.054300e-02,52776
6.036500e-02,46955
6.019300e-02,44030
6.004200e-02,37147
5.991300e-02,33068
5.979400e-02,28266
5.968600e-02,24755
5.953700e-02,20060
5.935800e-02,13470
5.919900e-02,10654
5.905900e-02,5.433500e+03
5.892400e-02,1.012700e+03
5.883500e-02,-1.817200e+03
5.865200e-02,-5.939600e+03
5.855900e-02,-10761
5.839100e-02,-1.635000e+04
5.826800e-02,-20317
5.812000e-02,-26953
5.801100e-02,-30995
5.789300e-02,-34494
5.776200e-02,-39342
5.762700e-02,-43770
5.746500e-02,-48125
5.735400e-02,-52725
5.721800e-02,-58383
5.711800e-02,-61944
5.698000e-02,-67191
5.683900e-02,-69869
5.650300e-02,-73948
5.635800e-02,-77235
5.622900e-02,-81473
5.605000e-02,-86807
5.593700e-02,-90107
5.583700e-02,-95188
5.570200e-02,-100410
5.559400e-02,-102820
5.537400e-02,-107990
5.527100e-02,-112690
5.513100e-02,-117550
5.495900e-02,-120150
5.484500e-02,-124630
5.470300e-02,-127570
5.454400e-02,-131490
5.439300e-02,-136000
5.429200e-02,-140640
5.410000e-02,-146080
5.395400e-02,-150000
5.385300e-02,-153930
5.370900e-02,-157350
5.359500e-02,-159500
5.340000e-02,-163330
5.327800e-02,-167010
5.309100e-02,-171570
5.294300e-02,-174500
5.283000e-02,-179570
5.269200e-02,-182610
5.258700e-02,-183330
5.246600e-02,-187350
5.230300e-02,-191430
5.213200e-02,-196880
5.199500e-02,-198480
5.188600e-02,-202740
5.173100e-02,-206450
5.161600e-02,-208900
5.149400e-02,-210970
5.134800e-02,-214870
5.118200e-02,-217640
5.100700e-02,-221200
5.083100e-02,-225750
5.070700e-02,-227800
5.055700e-02,-230150
5.038400e-02,-233140
5.027800e-02,-234780
5.011900e-02,-237530
4.999600e-02,-241960
4.982800e-02,-246700
4.971500e-02,-248200
4.951700e-02,-252550
4.940600e-02,-253260
4.925800e-02,-255820
4.909000e-02,-257990
4.892600e-02,-260300
4.874800e-02,-263690
4.862500e-02,-265000
4.844000e-02,-267800
4.831100e-02,-268680
4.817700e-02,-268150
4.799100e-02,-269570
4.787700e-02,-270850
4.770300e-02,-272830
4.756600e-02,-272770
4.738100e-02,-275420
4.725500e-02,-274540
4.711500e-02,-274330
4.695400e-02,-273870
4.679500e-02,-273290
4.666900e-02,-271390
4.654300e-02,-274550
4.636200e-02,-274390
4.624200e-02,-273770
4.610600e-02,-273700
4.596900e-02,-272270
4.583300e-02,-272430
4.564900e-02,-274020
4.553900e-02,-273440
4.538800e-02,-276060
4.521600e-02,-275620
4.509400e-02,-274770
4.492100e-02,-274790
4.479600e-02,-274110
4.458800e-02,-274590
4.448600e-02,-274070
4.430000e-02,-275420
4.415800e-02,-274450
4.406900e-02,-274170
4.391100e-02,-275330
4.374000e-02,-275330
4.369600e-02,-275330
4.366900e-02,-275330
4.366200e-02,-275330
4.365600e-02,-275330
4.366500e-02,-275330
4.365800e-02,-275330
4.365700e-02,-275330
4.365600e-02,-275330
4.367000e-02,-275330
4.366700e-02,-275330
4.365900e-02,-275330
4.365300e-02,-275330
4.365700e-02,-275330
4.365700e-02,-275330
4.366200e-02,-275330
4.364900e-02,-275330
4.364700e-02,-275330
4.364500e-02,-275330
4.365200e-02,-275330
4.364200e-02,-275330
4.364500e-02,-275330
4.364400e-02,-275330
4.364400e-02,-275330
4.364000e-02,-275330
4.363700e-02,-275330
4.364900e-02,-275330
4.364900e-02,-275330
4.364900e-02,-275330
4.364200e-02,-275330
4.364500e-02,-275330
4.364700e-02,-275330
4.363500e-02,-275330
4.364100e-02,-275330
4.364100e-02,-275330
4.364600e-02,-275330
4.363900e-02,-275330
4.365300e-02,-275330
4.365000e-02,-275330
4.365200e-02,-275330
4.364700e-02,-275330
4.364800e-02,-275330
4.364500e-02,-275330
4.364000e-02,-275330
4.364200e-02,-275330
4.363500e-02,-275330
4.364100e-02,-275330
4.364100e-02,-275330
4.363900e-02,-275330
4.363900e-02,-275330
4.364200e-02,-275330
4.364100e-02,-275330
4.364600e-02,-275330
4.364900e-02,-275330
4.364300e-02,-275330
4.363800e-02,-275330
4.365100e-02,-275330
4.364000e-02,-275330
4.363900e-02,-275330
4.365400e-02,-275330
4.365300e-02,-275330
4.364300e-02,-275330
4.364400e-02,-275330
4.363600e-02,-275330
4.363200e-02,-275330
4.364700e-02,-275330
4.364600e-02,-275330
4.364300e-02,-275330
4.364300e-02,-275330
4.364800e-02,-275330
4.363400e-02,-275330
4.365000e-02,-275330
4.364100e-02,-275330
4.364500e-02,-275330
4.364700e-02,-275330
4.364200e-02,-275330
4.363600e-02,-275330
4.363900e-02,-275330
4.364400e-02,-275330
4.364400e-02,-275330
4.363800e-02,-275330
4.363500e-02,-275330
4.364800e-02,-275330
4.363100e-02,-275330
4.364100e-02,-275330
4.364800e-02,-275330
4.364300e-02,-275330
4.363700e-02,-275330
4.363800e-02,-275330
4.364400e-02,-275330
4.363600e-02,-275330
4.364900e-02,-275330
4.363400e-02,-275330
4.363100e-02,-275330
4.362600e-02,-275330
4.364300e-02,-275330
4.364100e-02,-275330
4.364400e-02,-275330
4.363800e-02,-275330
4.364900e-02,-275330
4.363600e-02,-275330
4.362200e-02,-275330
4.363700e-02,-275330
4.363500e-02,-275330
4.363400e-02,-275330
4.363000e-02,-275330
4.364000e-02,-275330
4.365200e-02,-275330
4.364600e-02,-275330
4.365400e-02,-275330
4.363300e-02,-275330
4.364300e-02,-275330
4.363800e-02,-275330
4.363800e-02,-275330
4.363700e-02,-275330
4.364000e-02,-275330
4.364300e-02,-275330
4.363900e-02,-275330
4.364100e-02,-275330
4.364100e-02,-275330
4.364800e-02,-275330
4.363500e-02,-275330
4.363100e-02,-275330
4.363800e-02,-275330
4.362700e-02,-275330
4.364400e-02,-275330
4.362800e-02,-275330
4.364500e-02,-275330
4.364200e-02,-275330
4.363400e-02,-275330
4.363300e-02,-275330
4.363900e-02,-275330
4.364600e-02,-275330
4.364300e-02,-275330
4.363800e-02,-275330
4.363500e-02,-275330
4.364200e-02,-275330
4.364400e-02,-275330
4.364000e-02,-275330
4.363700e-02,-275330
4.363600e-02,-275330
4.363500e-02,-275330
4.363200e-02,-275330
4.364100e-02,-275330
4.363200e-02,-275330
4.364000e-02,-275330
4.363400e-02,-275330
4.362900e-02,-275330
4.363900e-02,-275330
4.363200e-02,-275330
4.362600e-02,-275330
4.363300e-02,-275330
4.363600e-02,-275330
4.362600e-02,-275330
4.363500e-02,-275330
4.363400e-02,-275330
4.362900e-02,-275330
4.362900e-02,-275330
4.363500e-02,-275330
4.363900e-02,-275330
4.363000e-02,-275330
4.363900e-02,-275330
4.363500e-02,-275330
4.363300e-02,-275330
4.364100e-02,-275330
4.363200e-02,-275330
4.364300e-02,-275330
4.363800e-02,-275330
4.364300e-02,-275330
4.364400e-02,-275330
4.364100e-02,-275330
4.363000e-02,-275330
4.362900e-02,-275330
4.364100e-02,-275330
4.362600e-02,-275330
4.363800e-02,-275330
4.363100e-02,-275330
4.363100e-02,-275330
4.363100e-02,-275330
4.363800e-02,-275330
4.363300e-02,-275330
4.363000e-02,-275330
4.364300e-02,-275330
4.363000e-02,-275330
4.364900e-02,-275330
4.363600e-02,-275330
4.363900e-02,-275330
4.363700e-02,-275330
4.363400e-02,-275330
4.363300e-02,-275330
4.364400e-02,-275330
4.363300e-02,-275330
4.363600e-02,-275330
4.364300e-02,-275330
4.364700e-02,-275330
4.364300e-02,-275330
4.365400e-02,-275330
4.363500e-02,-275330
4.363800e-02,-275330
4.363600e-02,-275330
4.364300e-02,-275330
4.364700e-02,-275330
4.364200e-02,-275330
4.365400e-02,-275330
4.363200e-02,-275330
4.364100e-02,-275330
4.364400e-02,-275330
4.363800e-02,-275330
4.363400e-02,-275330
4.365100e-02,-275330
4.362500e-02,-275330
4.362200e-02,-275330
4.363600e-02,-275330
4.363800e-02,-275330
4.364300e-02,-275330
4.364100e-02,-275330
4.362700e-02,-275330
4.364000e-02,-275330
4.364000e-02,-275330
4.363800e-02,-275330
4.363900e-02,-275330
4.363600e-02,-275330
4.364000e-02,-275330
4.362600e-02,-275330
4.363400e-02,-275330
4.363600e-02,-275330
4.365100e-02,-275330
4.363100e-02,-275330
4.365500e-02,-275330
4.364600e-02,-275330
4.362000e-02,-275330
4.363200e-02,-275330
4.363000e-02,-275330
4.364000e-02,-275330
4.362800e-02,-275330
4.364100e-02,-275330
4.363200e-02,-275330
4.363600e-02,-275330
4.363400e-02,-275330
4.363500e-02,-275330
4.363300e-02,-275330
4.364500e-02,-275330
4.364600e-02,-275330
4.364100e-02,-275330
4.365400e-02,-275330
4.364300e-02,-275330
4.364600e-02,-275330
4.362900e-02,-275330
4.364900e-02,-275330
4.364500e-02,-275330
4.362100e-02,-275330
4.364900e-02,-275330
4.363900e-02,-275330
4.363300e-02,-275330
4.364700e-02,-275330
4.364200e-02,-275330
4.363500e-02,-275330
4.364100e-02,-275330
4.363500e-02,-275330
4.364200e-02,-275330
4.363100e-02,-275330
4.364400e-02,-275330
4.364200e-02,-275330
4.364300e-02,-275330
4.363600e-02,-275330
4.362600e-02,-275330
4.364600e-02,-275330
4.363900e-02,-275330
4.363500e-02,-275330
4.363900e-02,-275330
4.363700e-02,-275330
4.364500e-02,-275330
4.363300e-02,-275330
4.363600e-02,-275330
4.363900e-02,-275330
4.363700e-02,-275330
4.363600e-02,-275330
4.363400e-02,-275330
4.363700e-02,-275330
4.363200e-02,-275330
4.363200e-02,-275330
4.360100e-02,-275330
4.358700e-02,-275330
4.355000e-02,-275330
4.352000e-02,-275330
4.351000e-02,-275330
4.353900e-02,-273660
4.364200e-02,-270000
4.378200e-02,-265020
4.389600e-02,-2.609700e+05
4.404100e-02,-255820
4.416300e-02,-251480
4.434200e-02,-245120
4.446800e-02,-240640
4.468500e-02,-232930
4.479400e-02,-229060
4.496600e-02,-222950
4.511500e-02,-217650
4.528900e-02,-212830
4.543800e-02,-207510
4.561200e-02,-202400
4.573700e-02,-196060
4.590100e-02,-189320
4.608100e-02,-183870
4.623200e-02,-177390
4.639000e-02,-171540
4.654100e-02,-166020
4.668300e-02,-159860
4.687300e-02,-152680
4.701500e-02,-147330
4.720300e-02,-141250
4.734500e-02,-135090
4.751000e-02,-130350
4.765500e-02,-123810
4.782000e-02,-118320
4.801300e-02,-111590
4.815300e-02,-107030
4.833600e-02,-100120
4.848700e-02,-95373
4.866500e-02,-88457
4.879800e-02,-83820
4.896900e-02,-78024
4.914200e-02,-72193
4.930000e-02,-66626
4.947200e-02,-60501
4.961700e-02,-55390
4.979300e-02,-49374
4.994800e-02,-43686
5.009800e-02,-38026
5.028400e-02,-32402
5.044100e-02,-26023
5.062800e-02,-21050
5.076600e-02,-15967
5.096300e-02,-10186
5.111600e-02,-4.841600e+03
5.128800e-02,2.425300e+03
5.147000e-02,8.731500e+03
5.164200e-02,13183
5.181600e-02,19196
5.197900e-02,23505
5.215100e-02,30444
5.231600e-02,34849
5.252800e-02,41365
5.264300e-02,45101
5.283900e-02,52013
5.299600e-02,56674
5.320000e-02,61793
5.332900e-02,66350
5.352100e-02,72290
5.366600e-02,78220
5.385900e-02,83011
5.402600e-02,87649
5.418800e-02,93127
5.436500e-02,98731
5.439000e-02,99523
5.440200e-02,99903
5.439500e-02,99681
5.440000e-02,99839
5.440600e-02,100030
5.439500e-02,99681
5.440800e-02,100090
5.440700e-02,100060
5.440400e-02,99966
5.440900e-02,100120
5.440200e-02,99903
5.440500e-02,99998
5.441300e-02,100250
5.440900e-02,100120
5.441700e-02,100380
5.441700e-02,100380
5.442500e-02,100630
5.442000e-02,100470
5.441000e-02,100160
5.441100e-02,100190
5.441000e-02,100160
5.441700e-02,100380
5.440400e-02,99966
5.439200e-02,99586
5.440800e-02,100090
5.440600e-02,100030
5.442100e-02,100500
5.441300e-02,100250
5.441900e-02,100440
5.440100e-02,99871
5.441400e-02,100280
5.440600e-02,100030
5.439700e-02,99744
5.441400e-02,100280
5.441800e-02,100410
5.441600e-02,100350
5.442200e-02,100540
5.442600e-02,100660
5.442000e-02,100470
5.440000e-02,99839
5.440800e-02,100090
5.442400e-02,100600
5.441100e-02,100190
5.440700e-02,100060
5.441500e-02,100310
5.441400e-02,100280
5.441300e-02,100250
5.440500e-02,99998
5.441900e-02,100440
5.440000e-02,99839
5.441100e-02,100190
5.441200e-02,100220
5.442500e-02,100630
5.445900e-02,101710
5.448800e-02,102630
5.452100e-02,103670
5.453700e-02,104140
5.449600e-02,102550
5.441000e-02,99204
5.429000e-02,94540
5.414300e-02,88826
5.403100e-02,84472
5.389000e-02,78992
5.373600e-02,73006
5.358200e-02,67020
5.338400e-02,59323
5.322900e-02,53298
5.305700e-02,46613
5.289300e-02,40841
5.271700e-02,33773
5.260200e-02,28829
5.244000e-02,22799
5.231500e-02,17284
5.214200e-02,10700
5.199900e-02,5220
5.184300e-02,-5.070600e+02
5.172000e-02,-6.403900e+03
5.152000e-02,-12562
5.136600e-02,-17764
5.120100e-02,-23708
5.106200e-02,-29280
5.090100e-02,-34806
5.072200e-02,-42164
5.059800e-02,-48484
5.039400e-02,-53866
5.022100e-02,-60245
5.007300e-02,-65760
4.990500e-02,-71440
4.976500e-02,-77657
4.960700e-02,-81850
4.940300e-02,-88892
4.926200e-02,-93638
4.904700e-02,-100530
4.889800e-02,-104650
4.869800e-02,-110870
4.855300e-02,-115140
4.837200e-02,-121050
4.821800e-02,-125700
4.804400e-02,-131480
4.794900e-02,-137250
4.774100e-02,-143760
4.758900e-02,-149490
4.741200e-02,-155150
4.725700e-02,-160760
4.708300e-02,-165880
4.692800e-02,-170760
4.673800e-02,-176820
4.659700e-02,-180860
4.645000e-02,-185700
4.624800e-02,-193030
4.611200e-02,-197300
4.594700e-02,-203040
4.579600e-02,-208410
4.559400e-02,-214740
4.546900e-02,-218480
4.528500e-02,-224930
4.513500e-02,-229050
4.494400e-02,-235350
4.477700e-02,-238810
4.456200e-02,-244790
4.440800e-02,-248380
4.420500e-02,-253970
4.407000e-02,-257070
4.389700e-02,-262710
4.371100e-02,-265820
4.355100e-02,-269310
4.336500e-02,-273340
4.318400e-02,-276020
4.302700e-02,-278660
4.283300e-02,-280170
4.267400e-02,-281700
4.246200e-02,-282900
4.225000e-02,-283630
4.209500e-02,-282200
4.194100e-02,-282190
4.174400e-02,-280660
4.158100e-02,-281070
4.136100e-02,-283730
4.121500e-02,-282210
4.102700e-02,-283240
4.088100e-02,-282800
4.067400e-02,-280430
4.048900e-02,-281930
4.034500e-02,-280400
4.015100e-02,-281120
3.997200e-02,-278270
3.980600e-02,-280130
3.963900e-02,-277580
3.946700e-02,-279730
3.931400e-02,-278100
3.907600e-02,-278690
3.891000e-02,-277270
3.876600e-02,-277860
3.858400e-02,-277940
3.840200e-02,-278060
3.822400e-02,-278230
3.807500e-02,-276100
3.788700e-02,-277320
3.770900e-02,-275290
3.749000e-02,-274610
3.727300e-02,-274270
3.712100e-02,-273170
3.691400e-02,-275770
3.677100e-02,-275050
3.655200e-02,-276000
3.639400e-02,-275610
3.620500e-02,-274290
3.601600e-02,-274470
3.582800e-02,-275000
3.563800e-02,-274760
3.549200e-02,-274370
3.528200e-02,-274910
3.510400e-02,-273600
3.491100e-02,-274570
3.475000e-02,-273960
3.455400e-02,-272090
3.438400e-02,-268840
3.420600e-02,-270080
3.403200e-02,-269770
3.381600e-02,-270150
3.366400e-02,-269560
3.347000e-02,-271330
3.333500e-02,-270550
3.315900e-02,-270950
3.300300e-02,-271540
3.279700e-02,-271410
3.277000e-02,-271400
3.274600e-02,-271380
3.273800e-02,-271380
3.274200e-02,-271380
3.274000e-02,-271380
3.273400e-02,-271370
3.274500e-02,-271380
3.273200e-02,-271370
3.273500e-02,-271370
3.273600e-02,-271370
3.274000e-02,-271380
3.273700e-02,-271370
3.273100e-02,-271370
3.271700e-02,-271360
3.272200e-02,-271360
3.274200e-02,-271380
3.272900e-02,-271370
3.273400e-02,-271370
3.272000e-02,-271360
3.274100e-02,-271380
3.272200e-02,-271360
3.273800e-02,-271380
3.272200e-02,-271360
3.272000e-02,-271360
3.273100e-02,-271370
3.273100e-02,-271370
3.272600e-02,-271370
3.274300e-02,-271380
3.272600e-02,-271370
3.272600e-02,-271370
3.272100e-02,-271360
3.271800e-02,-271360
3.268500e-02,-271340
3.265800e-02,-271320
3.262100e-02,-271300
3.262300e-02,-270940
3.262500e-02,-270880
3.266700e-02,-269520
3.272000e-02,-267810
3.283000e-02,-264270
3.298200e-02,-259370
3.310800e-02,-255310
3.323600e-02,-251190
3.340500e-02,-245740
3.358500e-02,-239950
3.372900e-02,-235310
3.390400e-02,-229670
3.404000e-02,-225290
3.417900e-02,-220810
3.437800e-02,-214400
3.456100e-02,-209610
3.471000e-02,-203260
3.487100e-02,-197880
3.503800e-02,-191470
3.519900e-02,-187420
3.537100e-02,-180560
3.552400e-02,-175830
3.570100e-02,-169080
3.586200e-02,-165180
3.602800e-02,-157670
3.621100e-02,-153490
3.637800e-02,-147750
3.653100e-02,-142250
3.673000e-02,-136440
3.687600e-02,-131470
3.703100e-02,-125600
3.719500e-02,-120190
3.736700e-02,-114490
3.753000e-02,-108370
3.770000e-02,-102490
3.789100e-02,-96620
3.803700e-02,-92775
3.820500e-02,-86768
3.839600e-02,-80110
3.852200e-02,-75816
3.869100e-02,-69827
3.886900e-02,-62995
3.902500e-02,-57889
3.921900e-02,-51986
3.935100e-02,-47660
3.953500e-02,-42188
3.969100e-02,-38134
3.985900e-02,-31162
4.001500e-02,-26653
4.017900e-02,-20217
4.032600e-02,-16482
4.050200e-02,-11345
4.065700e-02,-6.008400e+03
4.084000e-02,-9.369600e+02
4.096100e-02,4.001500e+03
4.114900e-02,8.065300e+03
4.130100e-02,14825
4.146800e-02,19522
4.159800e-02,24759
4.178200e-02,29193
4.192300e-02,34981
4.210100e-02,40881
4.225100e-02,45475
4.241700e-02,50446
4.260000e-02,56925
4.277700e-02,62646
4.295000e-02,67876
4.309900e-02,72169
4.328400e-02,77359
4.342400e-02,80373
4.364400e-02,86928
4.380700e-02,90310
4.396000e-02,96313
4.410600e-02,98236
4.429400e-02,104370
4.444100e-02,108040
4.462600e-02,113320
4.477200e-02,116450
4.494300e-02,122610
4.511100e-02,126450
4.527100e-02,1.298600e+05
4.544000e-02,134610
4.562700e-02,138800
4.576700e-02,142700
4.593300e-02,147620
4.608800e-02,151560
4.626700e-02,156190
4.642700e-02,160350
4.659100e-02,165580
4.671400e-02,167400
4.691200e-02,172230
4.708900e-02,177560
4.728000e-02,182350
4.739900e-02,184960
4.762100e-02,189170
4.784100e-02,193500
4.798200e-02,195970
4.818200e-02,200440
4.830400e-02,203940
4.850500e-02,207670
4.865300e-02,209150
4.884600e-02,212900
4.895300e-02,214850
4.908200e-02,218990
4.923900e-02,221590
4.942600e-02,225170
4.958700e-02,227830
4.974800e-02,230790
4.993000e-02,232900
5.011400e-02,235740
5.029500e-02,238010
5.049300e-02,240820
5.061900e-02,243480
5.083500e-02,245700
5.098100e-02,247750
5.115500e-02,250670
5.130900e-02,252620
5.149700e-02,254560
5.166400e-02,2.579000e+05
5.186500e-02,2.597200e+05
5.201200e-02,2.619000e+05
5.217500e-02,263470
5.238400e-02,264830
5.256300e-02,264730
5.276600e-02,267380
5.290300e-02,267130
5.307700e-02,267420
5.327200e-02,265610
5.348000e-02,267200
5.368000e-02,266820
5.374600e-02,267310
5.378500e-02,267590
5.385100e-02,268070
5.385400e-02,268100
5.388900e-02,268350
5.390700e-02,268480
5.389600e-02,268400
5.390700e-02,268480
5.391500e-02,268540
5.391100e-02,268510
5.390900e-02,268500
5.391000e-02,268500
5.391500e-02,268540
5.390700e-02,268480
5.390900e-02,268500
5.390400e-02,268460
5.391700e-02,268560
5.392600e-02,268620
5.391200e-02,268520
5.390800e-02,268490
5.391300e-02,268530
5.391800e-02,268560
5.390100e-02,268440
5.392600e-02,268620
5.390800e-02,268490
5.391100e-02,268510
5.392400e-02,268610
5.391600e-02,268550
5.390600e-02,268480
5.390800e-02,268490
5.391500e-02,268540
5.390200e-02,268450
5.391300e-02,268530
5.389000e-02,268360
5.390800e-02,268490
5.391300e-02,268530
5.390500e-02,268470
5.390600e-02,268480
5.391100e-02,268510
5.391600e-02,268550
5.391000e-02,268500
5.392100e-02,268590
5.391000e-02,268500
5.390100e-02,268440
5.390900e-02,268500
5.391000e-02,268500
5.392100e-02,268590
5.390600e-02,268480
5.391900e-02,268570
5.394800e-02,268780
5.398200e-02,269030
5.400900e-02,269230
5.402500e-02,269350
5.402800e-02,268960
5.394600e-02,265800
5.384200e-02,2.617900e+05
5.372600e-02,257320
5.360200e-02,252540
5.345700e-02,246960
5.330500e-02,241100
5.313600e-02,234580
5.298200e-02,228650
5.280900e-02,221980
5.266500e-02,216430
5.256200e-02,212460
5.239300e-02,205950
5.226000e-02,200820
5.209300e-02,194390
5.195800e-02,189380
5.181100e-02,183350
5.169300e-02,178790
5.155000e-02,172040
5.140100e-02,166330
5.125400e-02,160480
5.109000e-02,154140
5.083300e-02,146100
5.071800e-02,140260
5.053500e-02,134840
5.036100e-02,128570
5.020500e-02,123810
5.001900e-02,117920
4.991200e-02,113760
4.969700e-02,107560
4.948000e-02,102820
4.929400e-02,96872
4.913300e-02,91758
4.896500e-02,85648
4.879800e-02,79539
4.860600e-02,73504
4.846700e-02,68288
4.827900e-02,62165
4.815700e-02,57321
4.798800e-02,51241
4.781900e-02,45376
4.765900e-02,39495
4.751500e-02,34880
4.737000e-02,28868
4.718100e-02,22247
4.702900e-02,16297
4.683600e-02,10199
4.672000e-02,5.204800e+03
4.655900e-02,-7.480500e+02
4.633800e-02,-5.694300e+03
4.620200e-02,-12092
4.602800e-02,-16574
4.583100e-02,-21845
4.569200e-02,-25487
4.549400e-02,-31715
4.535000e-02,-35495
4.518700e-02,-41507
4.506200e-02,-45402
4.487800e-02,-52363
4.470600e-02,-56598
4.455100e-02,-62067
4.435100e-02,-66695
4.418000e-02,-72210
4.403800e-02,-76612
4.384600e-02,-81157
4.371500e-02,-85865
4.353800e-02,-91432
4.335500e-02,-96863
4.318200e-02,-101710
4.297500e-02,-107140
4.283800e-02,-110000
4.266000e-02,-115910
4.250500e-02,-120610
4.232900e-02,-124760
4.214500e-02,-130180
4.195700e-02,-136000
4.181500e-02,-140820
4.163300e-02,-145780
4.143300e-02,-149730
4.127400e-02,-153510
4.107400e-02,-156310
4.090800e-02,-162080
4.074700e-02,-165410
4.059400e-02,-170550
4.044700e-02,-174000
4.026000e-02,-178670
4.012200e-02,-183160
3.993800e-02,-188330
3.980500e-02,-191940
3.964700e-02,-195800
3.949500e-02,-200010
3.930300e-02,-204520
3.915100e-02,-208180
3.894900e-02,-210810
3.880400e-02,-214550
3.860900e-02,-218840
3.846400e-02,-222250
3.828900e-02,-225500
3.811600e-02,-229890
3.792800e-02,-234520
3.775200e-02,-237980
3.756600e-02,-240810
3.737700e-02,-245540
3.721300e-02,-246520
3.703700e-02,-251190
3.688800e-02,-252380
3.671300e-02,-255950
3.652300e-02,-2.562700e+05
3.632300e-02,-259860
3.615600e-02,-2.602300e+05
3.597100e-02,-263280
3.579200e-02,-262860
3.559000e-02,-265090
3.543800e-02,-263990
3.524600e-02,-264030
3.510900e-02,-263620
3.488000e-02,-265150
3.473100e-02,-264380
3.455000e-02,-263620
3.439700e-02,-263930
3.419100e-02,-264690
3.401400e-02,-264500
3.382400e-02,-264620
3.363400e-02,-265140
3.349600e-02,-263200
3.332700e-02,-265200
3.314600e-02,-265620
3.301200e-02,-265830
3.283900e-02,-266110
3.281800e-02,-266140
3.282200e-02,-266140
3.280600e-02,-266160
3.280500e-02,-266160
3.278900e-02,-266190
3.280500e-02,-266160
3.279600e-02,-266180
3.279500e-02,-266180
3.279200e-02,-266180
3.278200e-02,-266200
3.281300e-02,-266150
3.279700e-02,-266180
3.279100e-02,-266190
3.279400e-02,-266180
3.278300e-02,-266200
3.279700e-02,-266180
3.278700e-02,-266190
3.278300e-02,-266200
3.280600e-02,-266160
3.278800e-02,-266190
3.279400e-02,-266180
3.278600e-02,-266190
3.279600e-02,-266180
3.279500e-02,-266180
3.279000e-02,-266190
3.279400e-02,-266180
3.279100e-02,-266190
3.279100e-02,-266190
3.279000e-02,-266190
3.280000e-02,-266170
3.279500e-02,-266180
3.278200e-02,-266200
3.279300e-02,-266180
3.279000e-02,-266190
3.279300e-02,-266180
3.279800e-02,-266170
3.279500e-02,-266180
3.278900e-02,-266190
3.279900e-02,-266170
3.279000e-02,-266190
3.275100e-02,-266250
3.272400e-02,-266290
3.269900e-02,-266330
3.269700e-02,-266340
3.270000e-02,-265430
3.275200e-02,-263390
3.279500e-02,-2.617100e+05
3.284200e-02,-259870
3.299400e-02,-253920
3.311500e-02,-249180
3.328300e-02,-242600
3.340800e-02,-237700
3.358700e-02,-230690
3.373600e-02,-224860
3.390200e-02,-218360
3.400600e-02,-214280
3.419700e-02,-206800
3.434700e-02,-200930
3.454000e-02,-193370
3.468500e-02,-187470
3.483900e-02,-181660
3.501400e-02,-175590
3.518600e-02,-170030
3.532400e-02,-164290
3.548000e-02,-159270
3.564200e-02,-153310
3.585600e-02,-148630
3.602000e-02,-141160
3.620200e-02,-136550
3.636700e-02,-130500
3.651700e-02,-126440
3.672400e-02,-118770
3.688300e-02,-114690
3.705100e-02,-109980
3.720900e-02,-104720
3.739000e-02,-98665
3.754100e-02,-93182
3.770100e-02,-87925
3.788000e-02,-82478
3.804200e-02,-77691
3.819900e-02,-72000
3.836600e-02,-66242
3.851300e-02,-61309
3.868600e-02,-55797
3.884200e-02,-49814
3.900700e-02,-44259
3.916500e-02,-38667
3.933500e-02,-34024
3.954300e-02,-27308
3.967900e-02,-22682
3.983400e-02,-16753
4.000100e-02,-12207
4.016200e-02,-6.494700e+03
4.030300e-02,-3.238300e+03
4.047500e-02,3.239100e+03
4.060600e-02,7423
4.081000e-02,13897
4.093000e-02,17076
4.109800e-02,23643
4.128700e-02,28406
4.143200e-02,34074
4.158400e-02,38115
4.176400e-02,42774
4.190300e-02,47861
4.209600e-02,49664
4.223100e-02,52173
4.237400e-02,62189
4.254000e-02,67714
4.269600e-02,72843
4.287700e-02,78372
4.305800e-02,82670
4.322700e-02,87564
4.341200e-02,94121
4.359400e-02,98078
4.376600e-02,103440
4.391100e-02,106260
4.408700e-02,113020
4.426600e-02,117390
4.443300e-02,121380
4.464100e-02,126090
4.478000e-02,129130
4.492500e-02,135150
4.510400e-02,138450
4.527000e-02,144060
4.545100e-02,146670
4.563600e-02,152640
4.576900e-02,155800
4.593900e-02,160610
4.609900e-02,164060
4.628000e-02,168740
4.643900e-02,172560
4.659000e-02,176930
4.670700e-02,179550
4.692500e-02,184760
4.707100e-02,189350
4.729200e-02,193810
4.749600e-02,197110
4.767600e-02,200920
4.783700e-02,205510
4.800200e-02,208720
4.816100e-02,213100
4.830000e-02,215860
4.847100e-02,219870
4.863800e-02,221140
4.876800e-02,226710
4.890000e-02,229270
4.907800e-02,232990
4.922900e-02,235120
4.942100e-02,240480
4.956200e-02,242250
4.975600e-02,245040
4.988100e-02,247800
5.007100e-02,252320
5.020900e-02,253920
5.041200e-02,2.572700e+05
5.057200e-02,2.586500e+05
5.074600e-02,261390
5.091200e-02,263380
5.109100e-02,264800
5.124300e-02,266690
5.140600e-02,267450
5.160800e-02,267800
5.178800e-02,267960
5.196400e-02,268420
5.216000e-02,268070
5.232200e-02,269550
5.251600e-02,269780
5.272700e-02,269230
5.287300e-02,266740
5.307300e-02,267860
5.326500e-02,266940
5.342900e-02,267330
5.361200e-02,266680
5.383200e-02,267310
5.404000e-02,266040
5.420800e-02,267730
5.438700e-02,266500
5.459500e-02,267600
5.475200e-02,266450
5.494000e-02,266280
5.512800e-02,265090
5.534200e-02,265100
5.549700e-02,264170
5.574500e-02,263940
5.589300e-02,263380
5.611300e-02,2.621000e+05
5.627200e-02,2.619600e+05
5.647800e-02,2.608400e+05
5.667100e-02,2.602300e+05
5.687000e-02,259560
5.703000e-02,2.587200e+05
5.723600e-02,258380
5.745500e-02,258430
5.762100e-02,259320
5.783600e-02,259610
5.803900e-02,2.579200e+05
5.828700e-02,258640
5.842500e-02,2.563300e+05
5.862700e-02,257180
5.882500e-02,2.560300e+05
5.903900e-02,255830
5.921100e-02,254370
5.941800e-02,255940
5.960800e-02,254310
5.976700e-02,2.562700e+05
5.995600e-02,254980
6.013600e-02,2.565900e+05
6.032300e-02,255730
6.052600e-02,255150
6.067900e-02,255450
6.090000e-02,255550
6.110900e-02,256260
6.128500e-02,255810
6.149200e-02,255630
6.168600e-02,255790
6.185600e-02,254860
6.208000e-02,254090
6.222300e-02,252990
6.243000e-02,252230
6.265500e-02,252040
6.289800e-02,252890
6.302600e-02,249560
6.323100e-02,249400
6.339900e-02,249150
6.359800e-02,250150
6.380700e-02,251220
6.396300e-02,251010
6.415500e-02,250590
6.434500e-02,249420
6.453400e-02,251120
6.472600e-02,249550
6.490500e-02,250380
6.507300e-02,249250
6.528300e-02,250860
6.545200e-02,249350
6.567900e-02,250900
6.587800e-02,249610
6.605200e-02,248200
6.624300e-02,247590
6.645000e-02,245460
6.665600e-02,243530
6.687400e-02,242180
6.707000e-02,241280
6.725900e-02,240780
6.745300e-02,240310
6.767900e-02,240440
6.786800e-02,240000
6.811200e-02,241420
6.827600e-02,241510
6.849200e-02,240690
6.870500e-02,240560
6.886500e-02,241160
6.905700e-02,241470
6.922800e-02,241010
6.945100e-02,241610
6.963600e-02,240520
6.982900e-02,241120
6.996000e-02,240690
7.018600e-02,241970
7.035100e-02,241840
7.057400e-02,243880
7.073100e-02,243380
7.093000e-02,243430
7.108900e-02,241510
7.125400e-02,241150
7.140500e-02,240600
7.167700e-02,243200
7.189000e-02,244320
7.210500e-02,244130
7.227400e-02,242900
7.241700e-02,240860
7.256500e-02,238180
7.275300e-02,237540
7.299400e-02,238610
7.323500e-02,238970
7.343600e-02,238410
7.365300e-02,236500
7.379400e-02,233430
7.396200e-02,233280
7.411800e-02,234240
7.431600e-02,234490
7.453500e-02,236720
7.474800e-02,236970
7.494300e-02,237610
7.509300e-02,234900
7.527100e-02,233920
7.540300e-02,232100
7.564500e-02,233080
7.583000e-02,232210
7.610400e-02,231220
7.631300e-02,229320
7.649000e-02,228520
7.666100e-02,228150
7.682200e-02,227670
7.698600e-02,227920
7.722000e-02,229020
7.736300e-02,228940
7.758400e-02,228990
7.772700e-02,228000
7.794700e-02,227490
7.808700e-02,225610
7.830300e-02,225540
7.847100e-02,223980
7.869300e-02,224320
7.891100e-02,225410
7.915700e-02,225300
7.934400e-02,222280
7.953200e-02,220130
7.976300e-02,218930
7.991200e-02,216500
8.014200e-02,218830
8.032900e-02,218820
8.054800e-02,219430
8.072900e-02,217330
8.091400e-02,218080
8.104700e-02,216610
8.122900e-02,217580
8.144900e-02,217030
8.170400e-02,218060
8.184900e-02,216910
8.211700e-02,218010
8.228700e-02,216960
8.249300e-02,215280
8.268500e-02,214410
8.291800e-02,214030
8.308200e-02,212940
8.327500e-02,211890
8.349700e-02,211230
8.368900e-02,211750
8.388500e-02,211670
8.402900e-02,212680
8.422500e-02,214120
8.447200e-02,215750
8.463400e-02,216710
8.484600e-02,216520
8.505400e-02,218470
8.524900e-02,217120
8.543500e-02,218900
8.561200e-02,217820
8.582700e-02,217400
8.604000e-02,215060
8.626000e-02,214630
8.644800e-02,211810
8.668800e-02,210670
8.688000e-02,208080
8.709400e-02,207380
8.726400e-02,206040
8.748400e-02,206060
8.763000e-02,205330
8.787000e-02,206990
8.802700e-02,206820
8.821600e-02,206780
8.837900e-02,207040
8.860100e-02,207530
8.878100e-02,206230
8.893900e-02,206820
8.917000e-02,205420
8.942200e-02,200890
8.962500e-02,197240
8.980400e-02,198410
8.997100e-02,198340
9.019500e-02,199390
9.040800e-02,201000
9.058100e-02,200410
9.076200e-02,200590
9.099100e-02,200620
9.116300e-02,202070
9.131400e-02,200830
9.152000e-02,202640
9.175700e-02,200840
9.193900e-02,199600
9.214000e-02,198160
9.234200e-02,197840
9.252200e-02,196240
9.276800e-02,196740
9.288400e-02,196720
9.312400e-02,197210
9.330300e-02,197570
9.346200e-02,197440
9.368300e-02,196090
9.392200e-02,192990
9.417500e-02,188340
9.437000e-02,185770
9.459500e-02,183910
9.481400e-02,184470
9.494600e-02,186290
9.515200e-02,188320
9.531200e-02,189490
9.550200e-02,190570
9.569800e-02,190980
9.590900e-02,192340
9.607300e-02,192500
9.629800e-02,192960
9.654800e-02,191970
9.675500e-02,187480
9.698800e-02,184820
9.723300e-02,182340
9.742600e-02,183300
9.758300e-02,182650
9.777000e-02,184240
9.792300e-02,184300
9.811900e-02,185930
9.831000e-02,185440
9.852200e-02,185210
9.874600e-02,181660
9.898900e-02,179230
9.922600e-02,175170
9.944300e-02,174000
9.959200e-02,174860
9.977500e-02,176660
9.998200e-02,177880
1.001500e-01,179440
1.003600e-01,180690
1.006100e-01,182560
1.008200e-01,180430
1.010300e-01,177750
1.011700e-01,176850
1.012500e-01,176610
1.012800e-01,176520
1.013000e-01,176460
1.013500e-01,176310
1.014000e-01,176160
1.014100e-01,176130
1.014200e-01,176100
1.014200e-01,176100
1.014300e-01,176070
1.014300e-01,176070
1.014200e-01,176100
1.014300e-01,176070
1.014200e-01,176100
1.014300e-01,176070
1.014300e-01,176070
1.014300e-01,176070
1.014300e-01,176070
1.014400e-01,176040
1.014300e-01,176070
1.014300e-01,176070
1.014300e-01,176070
1.014200e-01,176100
1.014400e-01,176040
1.014300e-01,176070
1.014300e-01,176070
1.014300e-01,176070
1.014200e-01,176100
1.014300e-01,176070
1.014400e-01,176040
1.014400e-01,176040
1.014200e-01,176100
1.014200e-01,176100
1.014300e-01,176070
1.014300e-01,176070
1.014300e-01,176070
1.014400e-01,176040
1.014300e-01,176070
1.014300e-01,176070
1.014200e-01,176100
1.014300e-01,176070
1.014900e-01,175890
1.015200e-01,175800
1.015600e-01,175680
1.016000e-01,175560
1.016200e-01,175500
1.015800e-01,174300
1.015300e-01,172800
1.014300e-01,169800
1.012600e-01,164710
1.011500e-01,161410
1.009900e-01,156610
1.008500e-01,152410
1.006800e-01,147310
1.005700e-01,144010
1.003700e-01,138010
1.002200e-01,133510
1.000400e-01,128120
9.989600e-02,123800
9.973400e-02,118940
9.954300e-02,113210
9.936600e-02,107900
9.920700e-02,103130
9.901800e-02,97464
9.886600e-02,92906
9.869700e-02,87543
9.848200e-02,80836
9.831500e-02,76101
9.811100e-02,71059
9.793800e-02,67186
9.772300e-02,62246
9.759000e-02,59177
9.738500e-02,52491
9.725900e-02,48097
9.708200e-02,42870
9.692300e-02,39724
9.671800e-02,3.227600e+04
9.658200e-02,27813
9.641300e-02,23311
9.625700e-02,18509
9.609000e-02,13045
9.595400e-02,8.349500e+03
9.574200e-02,3.939200e+03
9.560400e-02,-8.948700e+02
9.544400e-02,-6.660700e+03
9.526000e-02,-12100
9.509300e-02,-16939
9.494100e-02,-21203
9.478800e-02,-25788
9.458500e-02,-30320
9.438200e-02,-36402
9.423800e-02,-40113
9.405200e-02,-45209
9.390200e-02,-49213
9.369300e-02,-53937
9.352900e-02,-57715
9.336300e-02,-61264
9.312800e-02,-66468
9.285900e-02,-69403
9.270900e-02,-74897
9.257100e-02,-77966
9.236200e-02,-82960
9.215200e-02,-86905
9.198300e-02,-91825
9.182500e-02,-94451
9.161800e-02,-100060
9.147300e-02,-103930
9.125700e-02,-107480
9.112700e-02,-111350
9.091500e-02,-116450
9.077600e-02,-118990
9.057700e-02,-123410
9.042400e-02,-127370
9.023200e-02,-131930
9.010200e-02,-135050
8.987900e-02,-139350
8.972900e-02,-143540
8.953700e-02,-147770
8.935900e-02,-151420
8.918600e-02,-155840
8.900700e-02,-159390
8.887300e-02,-163300
8.867200e-02,-167380
8.849000e-02,-170340
8.832900e-02,-175020
8.813900e-02,-176360
8.795500e-02,-180950
8.776600e-02,-183550
8.761400e-02,-186570
8.742400e-02,-188850
8.722200e-02,-193410
8.706400e-02,-195730
8.685700e-02,-199600
8.669700e-02,-200870
8.648200e-02,-204480
8.630500e-02,-205780
8.605100e-02,-210020
8.590100e-02,-211380
8.566500e-02,-214720
8.550400e-02,-216710
8.532800e-02,-219290
8.516100e-02,-221030
8.494300e-02,-223080
8.479700e-02,-226160
8.458300e-02,-229050
8.438600e-02,-230790
8.421900e-02,-231480
8.406100e-02,-234270
8.389800e-02,-235530
8.370600e-02,-236940
8.357900e-02,-238530
8.338000e-02,-240490
8.316300e-02,-239960
8.292700e-02,-242900
8.276100e-02,-241760
8.258100e-02,-243740
8.242300e-02,-243150
8.224500e-02,-244760
8.203500e-02,-245220
8.178800e-02,-246710
8.163100e-02,-247610
8.137800e-02,-248250
8.119000e-02,-248350
8.098900e-02,-248720
8.081800e-02,-249910
8.064500e-02,-251320
8.048000e-02,-252380
8.022200e-02,-253230
8.004200e-02,-252060
7.988600e-02,-250650
7.971300e-02,-250600
7.955900e-02,-251410
7.941600e-02,-250840
7.922300e-02,-249500
7.902200e-02,-251720
7.879900e-02,-251070
7.856100e-02,-250810
7.841700e-02,-248350
7.821800e-02,-248560
7.811400e-02,-247500
7.794700e-02,-250390
7.773300e-02,-250950
7.745600e-02,-252980
7.721500e-02,-250940
7.703500e-02,-251580
7.691900e-02,-249780
7.674800e-02,-250910
7.656900e-02,-252470
7.632300e-02,-254900
7.610300e-02,-254480
7.586100e-02,-253340
7.567700e-02,-252020
7.549500e-02,-251830
7.536000e-02,-251660
7.519200e-02,-252820
7.504000e-02,-252550
7.480300e-02,-252750
7.459600e-02,-252660
7.440500e-02,-253150
7.425500e-02,-251110
7.402300e-02,-252670
7.384000e-02,-253390
7.361500e-02,-254560
7.345600e-02,-254590
7.324600e-02,-254110
7.302700e-02,-254540
7.284400e-02,-253150
7.263000e-02,-254760
7.243200e-02,-253330
7.224200e-02,-252590
7.210500e-02,-250590
7.188000e-02,-252200
7.170200e-02,-251470
7.151100e-02,-251510
7.135900e-02,-250580
7.114000e-02,-250650
7.099200e-02,-249790
7.075900e-02,-248730
7.060700e-02,-250080
7.043400e-02,-249840
7.025200e-02,-250300
7.005200e-02,-250300
6.989400e-02,-249820
6.967900e-02,-250310
6.946900e-02,-250230
6.929200e-02,-250880
6.908700e-02,-250870
6.893700e-02,-251780
6.880300e-02,-251840
6.876300e-02,-251850
6.876000e-02,-251860
6.875200e-02,-251860
6.873700e-02,-251870
6.873500e-02,-251870
6.873500e-02,-251870
6.872700e-02,-251870
6.874000e-02,-251860
6.873000e-02,-251870
6.872800e-02,-251870
6.873900e-02,-251870
6.872700e-02,-251870
6.872500e-02,-251870
6.872800e-02,-251870
6.871500e-02,-251880
6.871300e-02,-251880
6.872300e-02,-251870
6.872500e-02,-251870
6.871800e-02,-251870
6.871200e-02,-251880
6.872300e-02,-251870
6.871800e-02,-251870
6.871900e-02,-251870
6.871600e-02,-251880
6.871300e-02,-251880
6.871900e-02,-251870
6.871800e-02,-251870
6.872000e-02,-251870
6.870900e-02,-251880
6.872300e-02,-251870
6.871800e-02,-251870
6.871700e-02,-251880
6.871300e-02,-251880
6.873100e-02,-251870
6.871200e-02,-251880
6.871700e-02,-251880
6.872000e-02,-251870
6.873800e-02,-251870
6.872200e-02,-251870
6.871700e-02,-251880
6.872600e-02,-251870
6.871500e-02,-251880
6.870300e-02,-251880
6.871400e-02,-251880
6.873200e-02,-251870
6.871000e-02,-251880
6.871000e-02,-251880
6.870300e-02,-251880
6.872000e-02,-251870
6.870500e-02,-251880
6.871800e-02,-251870
6.871000e-02,-251880
6.871100e-02,-251880
6.870900e-02,-251880
6.871200e-02,-251880
6.872400e-02,-251870
6.870200e-02,-251880
6.871800e-02,-251870
6.871500e-02,-251880
6.870400e-02,-251880
6.872500e-02,-251870
6.871600e-02,-251880
6.870600e-02,-251880
6.870300e-02,-251880
6.869700e-02,-251880
6.870800e-02,-251880
6.870300e-02,-251880
6.869200e-02,-251890
6.864200e-02,-251910
6.860400e-02,-251930
6.857700e-02,-251940
6.860200e-02,-250590
6.864000e-02,-249510
6.875500e-02,-246260
6.888200e-02,-242670
6.900800e-02,-239100
6.912100e-02,-235910
6.925100e-02,-232230
6.938600e-02,-228410
6.957600e-02,-223030
6.974000e-02,-218390
6.990000e-02,-213870
7.007200e-02,-209000
7.025400e-02,-203850
7.042800e-02,-198930
7.059500e-02,-194200
7.078000e-02,-188780
7.098200e-02,-183920
7.114700e-02,-178830
7.134300e-02,-172960
7.151100e-02,-168500
7.168100e-02,-163130
7.185600e-02,-157420
7.201800e-02,-152600
7.219200e-02,-147260
7.232400e-02,-143230
7.247300e-02,-137600
7.266000e-02,-132960
7.285800e-02,-126570
7.304000e-02,-122030
7.326200e-02,-116720
7.341600e-02,-113920
7.356200e-02,-110640
7.372400e-02,-105490
7.394700e-02,-97804
7.415200e-02,-91959
7.436200e-02,-85803
7.450300e-02,-81806
7.463900e-02,-78189
7.473500e-02,-75548
7.490400e-02,-70649
7.503400e-02,-64337
7.522100e-02,-58047
7.538900e-02,-52825
7.558600e-02,-48194
7.569500e-02,-44878
7.583100e-02,-40979
7.596800e-02,-36784
7.616200e-02,-32195
7.630700e-02,-27078
7.656400e-02,-19508
7.671700e-02,-13759
7.688900e-02,-10671
7.702200e-02,-6.648900e+03
7.718200e-02,-3.662400e+03
7.742900e-02,2.123800e+03
7.757800e-02,6.265600e+03
7.779700e-02,11804
7.802000e-02,1.619600e+04
7.823500e-02,20507
7.835500e-02,23504
7.852900e-02,27278
7.870600e-02,31672
7.893400e-02,37079
7.909100e-02,41865
7.931500e-02,46459
7.951000e-02,50761
7.972300e-02,54721
7.989300e-02,58973
8.007700e-02,63731
8.025300e-02,68055
8.051200e-02,73014
8.068200e-02,78426
8.090000e-02,83078
8.107400e-02,86561
8.125800e-02,90469
8.141900e-02,94277
8.158300e-02,96876
8.175700e-02,102760
8.195500e-02,106800
8.214200e-02,111440
8.232100e-02,114090
8.251300e-02,119320
8.263400e-02,121240
8.282300e-02,126470
8.299700e-02,1.290200e+05
8.320100e-02,133450
8.339700e-02,136260
8.363700e-02,141390
8.380700e-02,144130
8.399300e-02,147170
8.415800e-02,150320
8.435200e-02,153760
8.453400e-02,156380
8.469900e-02,159490
8.488400e-02,161690
8.506300e-02,165210
8.523000e-02,167520
8.541500e-02,170140
8.558800e-02,173620
8.576100e-02,176220
8.597700e-02,178530
8.611600e-02,179650
8.634800e-02,182420
8.654500e-02,181460
8.672600e-02,183930
8.691100e-02,183220
8.712900e-02,183760
8.726100e-02,182260
8.748200e-02,184120
8.768500e-02,182560
8.790500e-02,182410
8.805000e-02,181590
8.829200e-02,181300
8.844200e-02,180670
8.866600e-02,180230
8.885300e-02,178640
8.908100e-02,179700
8.915800e-02,179710
8.921200e-02,179720
8.925500e-02,179730
8.926400e-02,179730
8.930300e-02,179740
8.932500e-02,179750
8.931700e-02,179740
8.933200e-02,179750
8.933100e-02,179750
8.932400e-02,179750
8.932100e-02,179750
8.933000e-02,179750
8.933400e-02,179750
8.934300e-02,179750
8.931600e-02,179740
8.932600e-02,179750
8.933500e-02,179750
8.933600e-02,179750
8.932900e-02,179750
8.933200e-02,179750
8.933700e-02,179750
8.932700e-02,179750
8.932600e-02,179750
8.933900e-02,179750
8.933100e-02,179750
8.932300e-02,179750
8.932000e-02,179750
8.934600e-02,179750
8.939900e-02,179760
8.943400e-02,179770
8.947500e-02,179780
8.949200e-02,179780
8.951300e-02,179780
8.946300e-02,177080
8.938100e-02,173810
8.925300e-02,168710
8.915100e-02,164640
8.903300e-02,159940
8.889500e-02,154430
8.871000e-02,147060
8.856900e-02,141440
8.839600e-02,134540
8.822100e-02,127570
8.807500e-02,121750
8.787000e-02,113570
8.766600e-02,105440
8.748300e-02,98147
8.733800e-02,92367
8.712000e-02,83676
8.695600e-02,77139
8.679700e-02,70800
8.662600e-02,63984
8.645800e-02,57286
8.627500e-02,50238
8.611400e-02,43826
8.596900e-02,39207
8.576400e-02,30916
8.555500e-02,26663
8.536000e-02,20269
8.519100e-02,17170
8.499200e-02,13415
8.483400e-02,9.609600e+03
8.465900e-02,5.748300e+03
8.445100e-02,2.056900e+03
8.427400e-02,-2.465500e+03
8.410800e-02,-7.475600e+03
8.393300e-02,-11347
8.379200e-02,-16803
8.362600e-02,-21725
8.349100e-02,-25974
8.335700e-02,-30367
8.316700e-02,-36117
8.294900e-02,-43095
8.279200e-02,-48089
8.259900e-02,-52178
8.245500e-02,-55687
8.229800e-02,-58281
8.209200e-02,-64494
8.195900e-02,-67458
8.179400e-02,-73399
8.157200e-02,-77645
8.130400e-02,-83473
8.117600e-02,-86209
8.100000e-02,-89524
8.086400e-02,-92627
8.066000e-02,-97291
8.051600e-02,-102580
8.030000e-02,-108160
8.011700e-02,-113300
7.994300e-02,-117090
7.979600e-02,-120400
7.963100e-02,-124080
7.949400e-02,-127990
7.928600e-02,-132210
7.911300e-02,-138010
7.887100e-02,-143480
7.866600e-02,-147650
7.850600e-02,-152430
7.834500e-02,-156020
7.826000e-02,-158170
7.807000e-02,-163630
7.783900e-02,-169300
7.767600e-02,-173490
7.730400e-02,-180430
7.711900e-02,-183490
7.695100e-02,-184020
7.680100e-02,-187280
7.666900e-02,-190360
7.646500e-02,-196580
7.625200e-02,-200690
7.601800e-02,-205730
7.583500e-02,-207020
7.563400e-02,-209560
7.546700e-02,-211680
7.529300e-02,-214970
7.513100e-02,-218670
7.489200e-02,-222840
7.472300e-02,-226420
7.449300e-02,-229820
7.437400e-02,-230220
7.421600e-02,-233450
7.402200e-02,-236570
7.384300e-02,-239610
7.364700e-02,-241370
7.347100e-02,-242210
7.325800e-02,-244770
7.304900e-02,-246040
7.286400e-02,-246120
7.263500e-02,-247480
7.240600e-02,-248010
7.222400e-02,-247040
7.201500e-02,-248820
7.182900e-02,-248360
7.165300e-02,-249260
7.147200e-02,-248560
7.128100e-02,-249450
7.108100e-02,-248910
7.091600e-02,-248060
7.075700e-02,-247380
7.055500e-02,-248050
7.038900e-02,-247470
7.018400e-02,-246230
7.001500e-02,-245970
6.980700e-02,-246110
6.963200e-02,-245070
6.944300e-02,-245060
6.924700e-02,-244820
6.907500e-02,-246240
6.893100e-02,-246190
6.892400e-02,-246180
6.891000e-02,-246180
6.890800e-02,-246180
6.890700e-02,-246180
6.889600e-02,-246170
6.890100e-02,-246170
6.889700e-02,-246170
6.888600e-02,-246170
6.887900e-02,-246160
6.887900e-02,-246160
6.886400e-02,-246160
6.887200e-02,-246160
6.887500e-02,-246160
6.885700e-02,-246160
6.886600e-02,-246160
6.887500e-02,-246160
6.885900e-02,-246160
6.887100e-02,-246160
6.886800e-02,-246160
6.887100e-02,-246160
6.886600e-02,-246160
6.886400e-02,-246160
6.888400e-02,-246170
6.886000e-02,-246160
6.885000e-02,-246150
6.886700e-02,-246160
6.885000e-02,-246150
6.880400e-02,-246130
6.877300e-02,-246120
6.872900e-02,-246100
6.870800e-02,-246100
6.874100e-02,-245250
6.884600e-02,-242550
6.897200e-02,-239320
6.910900e-02,-235800
6.923300e-02,-232610
6.937000e-02,-229090
6.952500e-02,-225110
6.970000e-02,-220620
6.986100e-02,-216480
7.003300e-02,-212070
7.022700e-02,-207080
7.035100e-02,-203900
7.055600e-02,-198630
7.073400e-02,-194060
7.091600e-02,-189390
7.110200e-02,-184540
7.127900e-02,-180800
7.141900e-02,-175070
7.156900e-02,-171520
7.173900e-02,-165410
7.190200e-02,-161160
7.207000e-02,-156290
7.221100e-02,-152190
7.236300e-02,-146650
7.247700e-02,-142560
7.269600e-02,-137110
7.286400e-02,-132850
7.306200e-02,-126520
7.324100e-02,-121880
7.344300e-02,-118380
7.354300e-02,-114940
7.371600e-02,-110820
7.391300e-02,-105620
7.412200e-02,-98672
7.434400e-02,-93101
7.451000e-02,-87620
7.471600e-02,-83278
7.483400e-02,-81447
7.496300e-02,-76846
7.510500e-02,-72242
7.530700e-02,-65808
7.554300e-02,-60118
7.573800e-02,-55124
7.589600e-02,-53647
7.604500e-02,-50007
7.616100e-02,-48765
7.632300e-02,-42864
7.650700e-02,-36809
7.672400e-02,-28814
7.692000e-02,-24955
7.709900e-02,-20977
7.724700e-02,-17797
7.742300e-02,-14328
7.758600e-02,-11128
7.779000e-02,-6582
7.797800e-02,-2.100300e+03
7.820900e-02,2.749900e+03
7.841700e-02,7.065200e+03
7.859200e-02,11266
7.871800e-02,13810
7.889400e-02,18279
7.905100e-02,21295
7.923400e-02,26927
7.940900e-02,3.243700e+04
7.959700e-02,38864
7.976800e-02,42668
7.993100e-02,47328
8.012600e-02,50939
8.030100e-02,53889
8.048900e-02,58967
8.069900e-02,63564
8.092000e-02,68882
8.109800e-02,71788
8.131400e-02,75940
8.144600e-02,78169
8.164500e-02,81887
8.179700e-02,84568
8.201200e-02,90330
8.217400e-02,93922
8.237500e-02,98708
8.250900e-02,101590
8.266600e-02,105060
8.282900e-02,108190
8.303900e-02,112490
8.320300e-02,115970
8.340700e-02,119390
8.357200e-02,123290
8.383200e-02,127940
8.401500e-02,130130
8.417900e-02,133350
8.438800e-02,137190
8.458800e-02,139810
8.472800e-02,143630
8.492500e-02,146500
8.509900e-02,147990
8.528700e-02,150570
8.545500e-02,153710
8.565100e-02,154400
8.583400e-02,155360
8.602800e-02,155410
8.622200e-02,157810
8.640300e-02,156920
8.662600e-02,158330
8.675600e-02,157600
8.699400e-02,158160
8.719200e-02,156990
8.742000e-02,155470
8.761300e-02,152880
8.781300e-02,151650
8.800900e-02,149840
8.819600e-02,149590
8.837600e-02,149310
8.855200e-02,148430
8.875700e-02,147500
8.894600e-02,147890
8.917900e-02,146880
8.938700e-02,145400
8.960700e-02,145430
8.976500e-02,145780
8.993500e-02,146260
9.014400e-02,146890
9.034000e-02,147900
9.053400e-02,147720
9.073300e-02,148760
9.087500e-02,147780
9.108800e-02,149230
9.126600e-02,148160
9.152100e-02,147410
9.173400e-02,143210
9.200400e-02,139490
9.218900e-02,136110
9.235600e-02,135820
9.251700e-02,136760
9.272700e-02,138360
9.291800e-02,139190
9.307800e-02,139800
9.327000e-02,139960
9.345100e-02,141370
9.361100e-02,141660
9.385600e-02,140690
9.403500e-02,139660
9.421800e-02,140150
9.442200e-02,138970
9.460000e-02,139460
9.477900e-02,140300
9.501600e-02,139150
9.524800e-02,139020
9.538900e-02,136660
9.561600e-02,136970
9.578400e-02,135770
9.602100e-02,136160
9.619500e-02,135650
9.642800e-02,134680
9.661600e-02,132350
9.686900e-02,133150
9.706500e-02,131640
9.728400e-02,131580
9.745100e-02,1.304800e+05
9.767300e-02,130690
9.785800e-02,1.298000e+05
9.804400e-02,129840
9.820200e-02,1.301400e+05
9.840900e-02,132200
9.855500e-02,133430
9.877200e-02,134140
9.896800e-02,133200
9.913400e-02,133980
9.930300e-02,134460
9.953300e-02,134650
9.971700e-02,133070
9.996800e-02,128880
1.002100e-01,124070
1.003200e-01,123820
1.003800e-01,123690
1.004200e-01,123600
1.004400e-01,123560
1.004500e-01,123540
1.004500e-01,123540
1.004500e-01,123540
1.004600e-01,123520
1.004600e-01,123520
1.004600e-01,123520
1.004600e-01,123520
1.004600e-01,123520
1.004600e-01,123520
1.004600e-01,123520
1.004500e-01,123540
1.004500e-01,123540
1.004700e-01,123490
1.004500e-01,123540
1.004500e-01,123540
1.004700e-01,123490
1.004700e-01,123490
1.004600e-01,123520
1.004600e-01,123520
1.004600e-01,123520
1.004500e-01,123540
1.004600e-01,123520
1.004500e-01,123540
1.004500e-01,123540
1.004600e-01,123520
1.004700e-01,123490
1.004900e-01,123450
1.005200e-01,123380
1.005400e-01,123340
1.005700e-01,123270
1.006100e-01,123180
1.006400e-01,123120
1.006200e-01,122510
1.005500e-01,121160
1.004400e-01,119020
1.003500e-01,117280
1.002300e-01,114950
1.000800e-01,112050
9.999000e-02,110300
9.986100e-02,107800
9.973100e-02,105280
9.956400e-02,102040
9.940700e-02,98997
9.922000e-02,95372
9.904200e-02,91920
9.888200e-02,88818
9.867600e-02,84824
9.848700e-02,81160
9.828600e-02,77263
9.807200e-02,73114
9.783400e-02,68500
9.764600e-02,6.485500e+04
9.744900e-02,61211
9.726300e-02,58258
9.701600e-02,53131
9.687200e-02,48222
9.667500e-02,43664
9.647600e-02,39663
9.635300e-02,33547
9.613200e-02,26617
9.600500e-02,20511
9.587800e-02,14603
9.572700e-02,8.611100e+03
9.557900e-02,2.941700e+03
9.543600e-02,-1.850500e+03
9.525100e-02,-7.387300e+03
9.505500e-02,-10676
9.494000e-02,-15098
9.471900e-02,-18343
9.452300e-02,-23102
9.434300e-02,-25583
9.407900e-02,-31364
9.393900e-02,-34053
9.371800e-02,-38458
9.358000e-02,-41375
9.338100e-02,-46847
9.326100e-02,-50654
9.297600e-02,-55207
9.284500e-02,-60127
9.263000e-02,-66165
9.246200e-02,-70404
9.229300e-02,-75654
9.215500e-02,-81081
9.194500e-02,-86564
9.180800e-02,-89470
9.157800e-02,-93375
9.142200e-02,-98281
9.122000e-02,-103220
9.109100e-02,-106450
9.088700e-02,-111880
9.070300e-02,-117520
9.058400e-02,-120490
9.036000e-02,-125510
9.012300e-02,-129630
9.000000e-02,-134000
8.985300e-02,-136380
8.962200e-02,-141390
8.943800e-02,-144950
8.928900e-02,-150690
8.913600e-02,-154160
8.896000e-02,-159210
8.881500e-02,-162400
8.864500e-02,-165310
8.844800e-02,-169600
8.820900e-02,-174110
8.806700e-02,-176850
8.782200e-02,-180840
8.763800e-02,-183190
8.744900e-02,-185700
8.725400e-02,-188720
8.704300e-02,-194380
8.683900e-02,-196560
8.665300e-02,-199980
8.644400e-02,-202610
8.623700e-02,-205880
8.606300e-02,-208300
8.584300e-02,-210560
8.559000e-02,-214330
8.540500e-02,-216340
8.520800e-02,-220320
8.503100e-02,-221780
8.486200e-02,-223530
8.471800e-02,-224060
8.449900e-02,-227410
8.436200e-02,-228680
8.417300e-02,-231350
8.392300e-02,-231540
8.370700e-02,-233940
8.357800e-02,-232370
8.337500e-02,-232780
8.327500e-02,-232410
8.310600e-02,-232540
8.291800e-02,-233230
8.269500e-02,-232850
8.253900e-02,-233010
8.231900e-02,-232830
8.211600e-02,-232760
8.192200e-02,-232770
8.177200e-02,-233630
8.154600e-02,-234260
8.135300e-02,-235530
8.110200e-02,-237770
8.090900e-02,-236890
8.072600e-02,-236750
8.057700e-02,-237420
8.037900e-02,-235780
8.021300e-02,-237140
8.003500e-02,-236160
7.983200e-02,-237620
7.960100e-02,-234840
7.940200e-02,-236320
7.922500e-02,-233740
7.908300e-02,-232560
7.894900e-02,-234190
7.873000e-02,-236270
7.853900e-02,-236120
7.825400e-02,-238190
7.807300e-02,-235050
7.789800e-02,-234280
7.779900e-02,-233090
7.763700e-02,-233620
7.746000e-02,-234990
7.722000e-02,-235820
7.702100e-02,-236200
7.679200e-02,-236020
7.662700e-02,-234630
7.646900e-02,-235250
7.632000e-02,-236120
7.611200e-02,-237790
7.586600e-02,-239080
7.560600e-02,-239300
7.537100e-02,-239550
7.517100e-02,-238620
7.499300e-02,-239930
7.478600e-02,-240900
7.456600e-02,-241810
7.436000e-02,-241720
7.412300e-02,-243280
7.396500e-02,-239810
7.377200e-02,-239960
7.360100e-02,-237520
7.337500e-02,-238400
7.322100e-02,-235230
7.298700e-02,-236060
7.284500e-02,-236400
7.262100e-02,-235840
7.243800e-02,-235240
7.226800e-02,-235930
7.208000e-02,-236070
7.185500e-02,-235810
7.170800e-02,-236550
7.150000e-02,-236570
7.133400e-02,-238190
7.110100e-02,-238940
7.091700e-02,-239920
7.069000e-02,-240940
7.052800e-02,-240610
7.033900e-02,-240890
7.018300e-02,-240960
6.995600e-02,-241570
6.976200e-02,-242240
6.959900e-02,-242550
6.951600e-02,-242720
6.948000e-02,-242780
6.947600e-02,-242790
6.946400e-02,-242820
6.945900e-02,-242820
6.946000e-02,-242820
6.944300e-02,-242860
6.946200e-02,-242820
6.945000e-02,-242840
6.944600e-02,-242850
6.943900e-02,-242860
6.944900e-02,-242840
6.944100e-02,-242860
6.944400e-02,-242850
6.944900e-02,-242840
6.944500e-02,-242850
6.944400e-02,-242850
6.944400e-02,-242850
6.944700e-02,-242850
6.945900e-02,-242820
6.943500e-02,-242870
6.943900e-02,-242860
6.944500e-02,-242850
6.944400e-02,-242850
6.943300e-02,-242880
6.943900e-02,-242860
6.943000e-02,-242880
6.944100e-02,-242860
6.944100e-02,-242860
6.944800e-02,-242850
6.944200e-02,-242860
6.944500e-02,-242850
6.944100e-02,-242860
6.944400e-02,-242850
6.943900e-02,-242860
6.944100e-02,-242860
6.944700e-02,-242850
6.944900e-02,-242840
6.945400e-02,-242830
6.943400e-02,-242870
6.943100e-02,-242880
6.944700e-02,-242850
6.943900e-02,-242860
6.943900e-02,-242860
6.943100e-02,-242880
6.943300e-02,-242880
6.944000e-02,-242860
6.943600e-02,-242870
6.943600e-02,-242870
6.943400e-02,-242870
6.944100e-02,-242860
6.943200e-02,-242880
6.944200e-02,-242860
6.943000e-02,-242880
6.943100e-02,-242880
6.944100e-02,-242860
6.944000e-02,-242860
6.942900e-02,-242880
6.940500e-02,-242930
6.936500e-02,-243010
6.932700e-02,-243080
6.929900e-02,-243130
6.931900e-02,-242250
6.937900e-02,-240580
6.949500e-02,-237370
6.963800e-02,-233420
6.980500e-02,-228790
6.996800e-02,-224280
7.010600e-02,-220460
7.026600e-02,-216030
7.035600e-02,-213540
7.050100e-02,-209530
7.065100e-02,-205380
7.083300e-02,-200340
7.100400e-02,-195610
7.118400e-02,-190620
7.135400e-02,-185920
7.151900e-02,-181020
7.169800e-02,-175680
7.189000e-02,-172530
7.206000e-02,-167500
7.219900e-02,-165030
7.238900e-02,-158950
7.251100e-02,-155410
7.272900e-02,-151640
7.286100e-02,-147060
7.306300e-02,-142890
7.320600e-02,-139300
7.340900e-02,-134850
7.355600e-02,-130370
7.379100e-02,-124830
7.394800e-02,-120310
7.413400e-02,-116270
7.427800e-02,-112910
7.440700e-02,-109670
7.457800e-02,-105270
7.477200e-02,-98344
7.499400e-02,-93202
7.517000e-02,-87760
7.531600e-02,-84602
7.542200e-02,-82964
7.556200e-02,-78325
7.571500e-02,-73589
7.591900e-02,-67180
7.613100e-02,-62581
7.631200e-02,-57410
7.644500e-02,-56267
7.657300e-02,-52914
7.670500e-02,-50108
7.694500e-02,-44585
7.713000e-02,-40890
7.737800e-02,-34845
7.756500e-02,-31427
7.779200e-02,-27823
7.793200e-02,-25225
7.808800e-02,-21662
7.824800e-02,-18371
7.845000e-02,-13035
7.861900e-02,-7.843700e+03
7.881900e-02,-3.316400e+03
7.902200e-02,5.824300e+02
7.922800e-02,4.400700e+03
7.941300e-02,7.800600e+03
7.962300e-02,10840
7.980700e-02,14525
8.000600e-02,18193
8.019700e-02,22139
8.039200e-02,27292
8.056600e-02,30858
8.074400e-02,34350
8.089200e-02,37887
8.105400e-02,40638
8.124100e-02,45520
8.145000e-02,50395
8.167600e-02,55481
8.186200e-02,57924
8.207900e-02,61430
8.221400e-02,63043
8.241000e-02,65634
8.255900e-02,68470
8.278200e-02,72479
8.295400e-02,75648
8.314400e-02,79926
8.329400e-02,82271
8.347900e-02,85515
8.362700e-02,89152
8.383100e-02,92923
8.399100e-02,95946
8.421000e-02,98780
8.439800e-02,102680
8.462100e-02,107050
8.479300e-02,108890
8.499900e-02,111850
8.518800e-02,114880
8.536700e-02,117020
8.558600e-02,120070
8.576100e-02,121530
8.589200e-02,122810
8.612100e-02,124470
8.633300e-02,126530
8.648200e-02,127150
8.669900e-02,127780
8.689300e-02,127330
8.712700e-02,1.284500e+05
8.727800e-02,126540
8.748300e-02,127070
8.765700e-02,126500
8.786200e-02,127510
8.804700e-02,127500
8.823800e-02,128100
8.843900e-02,126370
8.870200e-02,124060
8.893100e-02,120420
8.912000e-02,120280
8.919700e-02,120220
8.922000e-02,120200
8.923000e-02,120190
8.924200e-02,120180
8.924000e-02,120180
8.923000e-02,120190
8.923800e-02,120180
8.924300e-02,120180
8.925500e-02,120170
8.924100e-02,120180
8.924000e-02,120180
8.923600e-02,120190
8.924000e-02,120180
8.923000e-02,120190
8.923600e-02,120190
8.924400e-02,120180
8.924100e-02,120180
8.923500e-02,120190
8.924100e-02,120180
8.923700e-02,120180
8.923700e-02,120180
8.924800e-02,120180
8.925800e-02,120170
8.924500e-02,120180
8.925300e-02,120170
8.923900e-02,120180
8.924100e-02,120180
8.923700e-02,120180
8.924400e-02,120180
8.923600e-02,120190
8.923400e-02,120190
8.924700e-02,120180
8.925800e-02,120170
8.925900e-02,120170
8.924200e-02,120180
8.925500e-02,120170
8.923800e-02,120180
8.923000e-02,120190
8.924300e-02,120180
8.924200e-02,120180
8.924700e-02,120180
8.922800e-02,120190
8.923400e-02,120190
8.923200e-02,120190
8.923900e-02,120180
8.924800e-02,120180
8.924000e-02,120180
8.925300e-02,120170
8.924300e-02,120180
8.923500e-02,120190
8.925100e-02,120170
8.924300e-02,120180
8.924100e-02,120180
8.923100e-02,120190
8.922200e-02,120200
8.924600e-02,120180
8.924200e-02,120180
8.924400e-02,120180
8.925000e-02,120170
8.924100e-02,120180
8.926100e-02,120170
8.930600e-02,120130
8.933600e-02,120110
8.937200e-02,120080
8.940800e-02,120050
8.943900e-02,120030
8.936700e-02,118640
8.927500e-02,116860
8.915800e-02,114610
8.903300e-02,112190
8.889800e-02,109590
8.877900e-02,107290
8.862100e-02,104250
8.844900e-02,100930
8.833300e-02,98692
8.813200e-02,94814
8.799900e-02,92249
8.779700e-02,88352
8.765500e-02,85613
8.745400e-02,81736
8.732600e-02,79267
8.698800e-02,73296
8.681700e-02,70226
8.660900e-02,64553
8.644300e-02,60276
8.623400e-02,54651
8.610100e-02,51157
8.593700e-02,46599
8.579900e-02,42938
8.562200e-02,38173
8.543000e-02,33046
8.514600e-02,28344
8.497200e-02,23661
8.477500e-02,19235
8.462300e-02,14085
8.450500e-02,9.342700e+03
8.435400e-02,4.123200e+03
8.421000e-02,-8.183700e+02
8.404900e-02,-6.886100e+03
8.382200e-02,-13219
8.363200e-02,-18606
8.348700e-02,-22000
8.330300e-02,-25623
8.309500e-02,-28162
8.290000e-02,-33302
8.274500e-02,-36344
8.256400e-02,-42384
8.238900e-02,-45550
8.219700e-02,-51018
8.200600e-02,-53825
8.184500e-02,-57481
8.171700e-02,-61163
8.150300e-02,-6.542700e+04
8.134800e-02,-71138
8.113600e-02,-76641
8.095800e-02,-81339
8.075300e-02,-85016
8.061300e-02,-88877
8.045300e-02,-92012
8.032500e-02,-96404
8.015400e-02,-101030
7.997100e-02,-108130
7.976400e-02,-115260
7.959800e-02,-119910
7.939700e-02,-123610
7.923600e-02,-125450
7.910400e-02,-127670
7.895200e-02,-131820
7.870200e-02,-136330
7.844500e-02,-141720
7.816000e-02,-147110
7.797500e-02,-150430
7.783600e-02,-151050
7.764000e-02,-154390
7.744200e-02,-157540
7.723000e-02,-164340
7.700900e-02,-168660
7.678500e-02,-172840
7.658800e-02,-174100
7.640100e-02,-175970
7.626600e-02,-178920
7.603400e-02,-182300
7.585100e-02,-185960
7.565800e-02,-190010
7.544800e-02,-194380
7.529800e-02,-199090
7.514500e-02,-200300
7.496700e-02,-204350
7.479300e-02,-207690
7.460900e-02,-211230
7.442800e-02,-213800
7.423900e-02,-214820
7.402200e-02,-217910
7.383000e-02,-217950
7.367300e-02,-220130
7.346300e-02,-221280
7.323600e-02,-221930
7.305700e-02,-221270
7.283500e-02,-223330
7.265600e-02,-222680
7.244200e-02,-224030
7.223700e-02,-222950
7.198700e-02,-224310
7.183600e-02,-223950
7.164400e-02,-223260
7.148100e-02,-223370
7.126500e-02,-224900
7.111000e-02,-224210
7.091000e-02,-225210
7.078500e-02,-225570
7.074100e-02,-225700
7.074000e-02,-225700
7.072000e-02,-225760
7.071600e-02,-225770
7.071300e-02,-225780
7.070700e-02,-225790
7.071100e-02,-225780
7.070900e-02,-225790
7.071400e-02,-225770
7.070300e-02,-225800
7.071400e-02,-225770
7.069500e-02,-225830
7.070400e-02,-225800
7.070300e-02,-225800
7.070200e-02,-225810
7.069900e-02,-225820
7.069500e-02,-225830
7.070300e-02,-225800
7.068800e-02,-225850
7.070500e-02,-225800
7.070400e-02,-225800
7.069500e-02,-225830
7.070200e-02,-225810
7.069900e-02,-225820
7.069700e-02,-225820
7.070200e-02,-225810
7.067200e-02,-225890
7.070100e-02,-225810
7.070900e-02,-225790
7.070200e-02,-225810
7.070700e-02,-225790
7.069700e-02,-225820
7.068200e-02,-225860
7.069200e-02,-225840
7.069400e-02,-225830
7.069000e-02,-225840
7.069900e-02,-225820
7.070400e-02,-225800
7.070600e-02,-225800
7.069900e-02,-225820
7.069700e-02,-225820
7.069600e-02,-225820
7.069600e-02,-225820
7.070400e-02,-225800
7.070400e-02,-225800
7.070800e-02,-225790
7.070700e-02,-225790
7.069700e-02,-225820
7.071400e-02,-225770
7.069200e-02,-225840
7.069900e-02,-225820
7.068800e-02,-225850
7.069100e-02,-225840
7.068800e-02,-225850
7.069400e-02,-225830
7.070200e-02,-225810
7.069500e-02,-225830
7.071000e-02,-225780
7.069600e-02,-225820
7.069200e-02,-225840
7.070200e-02,-225810
7.069000e-02,-225840
7.070100e-02,-225810
7.069700e-02,-225820
7.068500e-02,-225860
7.070600e-02,-225800
7.069100e-02,-225840
7.069300e-02,-225830
7.069700e-02,-225820
7.069500e-02,-225830
7.070600e-02,-225800
7.069800e-02,-225820
7.069300e-02,-225830
7.070900e-02,-225790
7.071400e-02,-225770
7.069200e-02,-225840
7.070400e-02,-225800
7.070600e-02,-225800
7.070300e-02,-225800
7.069500e-02,-225830
7.069700e-02,-225820
7.068800e-02,-225850
7.070000e-02,-225810
7.069800e-02,-225820
7.070000e-02,-225810
7.068400e-02,-225860
7.069300e-02,-225830
7.068800e-02,-225850
7.069000e-02,-225840
7.068300e-02,-225860
7.070500e-02,-225800
7.069000e-02,-225840
7.068600e-02,-225850
7.069200e-02,-225840
7.068800e-02,-225850
7.069500e-02,-225830
7.069200e-02,-225840
7.069200e-02,-225840
7.069500e-02,-225830
7.069800e-02,-225820
7.070200e-02,-225810
7.069400e-02,-225830
7.070100e-02,-225810
7.068900e-02,-225840
7.069400e-02,-225830
7.071000e-02,-225780
7.069100e-02,-225840
7.066700e-02,-225910
7.062200e-02,-226040
7.058500e-02,-226140
7.056800e-02,-225780
7.056400e-02,-225870
7.061700e-02,-224670
7.069400e-02,-222940
7.083600e-02,-219740
7.096700e-02,-216780
7.109600e-02,-213870
7.126700e-02,-210020
7.140000e-02,-207020
7.154800e-02,-203680
7.171800e-02,-199850
7.185900e-02,-196670
7.203300e-02,-192750
7.216400e-02,-189790
7.234300e-02,-185760
7.249400e-02,-182350
7.268300e-02,-178090
7.288400e-02,-173560
7.302500e-02,-170380
7.321500e-02,-166100
7.337900e-02,-163650
7.358700e-02,-158440
7.376500e-02,-154550
7.397200e-02,-148420
7.412800e-02,-144040
7.430700e-02,-139950
7.443900e-02,-137900
7.459400e-02,-134270
7.472800e-02,-130000
7.498000e-02,-123980
7.516300e-02,-118400
7.536800e-02,-113650
7.552400e-02,-109420
7.566500e-02,-106570
7.581200e-02,-103760
7.596500e-02,-99855
7.618700e-02,-93716
7.640000e-02,-87660
7.659900e-02,-82553
7.676800e-02,-78834
7.693200e-02,-76136
7.708100e-02,-72881
7.720900e-02,-68303
7.739000e-02,-63829
7.758000e-02,-58356
7.776700e-02,-53163
7.795600e-02,-48412
7.811000e-02,-46356
7.828400e-02,-42573
7.841000e-02,-39943
7.860900e-02,-33376
7.877400e-02,-29744
7.899200e-02,-25504
7.920500e-02,-21394
7.940800e-02,-17352
7.957700e-02,-14462
7.975300e-02,-11380
7.992500e-02,-7.843200e+03
8.014900e-02,-2.750900e+03
8.032500e-02,1.137500e+03
8.054800e-02,5.726800e+03
8.072400e-02,8.894200e+03
8.092600e-02,12636
8.108500e-02,15890
8.129100e-02,20798
8.145200e-02,24110
8.167900e-02,28888
8.186900e-02,34101
8.208600e-02,38238
8.224900e-02,41719
8.241900e-02,43912
8.259700e-02,47467
8.275700e-02,48580
8.296500e-02,54836
8.310500e-02,58769
8.332000e-02,62968
8.352300e-02,65119
8.370600e-02,69300
8.384000e-02,71608
8.404500e-02,76077
8.421300e-02,78793
8.439800e-02,82871
8.457000e-02,86142
8.481200e-02,89855
8.496900e-02,93131
8.515400e-02,96150
8.532600e-02,98991
8.555000e-02,102900
8.572200e-02,105250
8.590600e-02,107300
8.612500e-02,109180
8.631400e-02,111630
8.647700e-02,113180
8.664300e-02,114930
8.684700e-02,117740
8.705900e-02,119670
8.721800e-02,120720
8.740900e-02,121210
8.761700e-02,122140
8.776400e-02,121680
8.795500e-02,124190
8.817600e-02,122670
8.836500e-02,122420
8.852300e-02,120550
8.877100e-02,119840
8.900300e-02,115000
8.925400e-02,112050
8.947300e-02,108800
8.965100e-02,107830
8.984200e-02,107720
8.999800e-02,108740
9.021300e-02,109960
9.039500e-02,111500
9.058800e-02,110590
9.078500e-02,109410
9.098100e-02,107090
9.123400e-02,105870
9.140800e-02,104700
9.165100e-02,105210
9.183400e-02,105390
9.202400e-02,104960
9.219400e-02,106110
9.241500e-02,106300
9.260300e-02,105690
9.278700e-02,104220
9.305700e-02,103180
9.321300e-02,100390
9.340200e-02,101080
9.357200e-02,100890
9.376700e-02,102340
9.395600e-02,103130
9.412000e-02,104980
9.429800e-02,104170
9.450200e-02,105810
9.471100e-02,105960
9.489900e-02,104440
9.514300e-02,103220
9.539000e-02,100200
9.559300e-02,97112
9.577400e-02,94995
9.599400e-02,92989
9.622000e-02,92757
9.642600e-02,94105
9.661100e-02,94284
9.677700e-02,95421
9.698100e-02,96981
9.717600e-02,96700
9.741300e-02,95097
9.766600e-02,92629
9.787100e-02,90698
9.807000e-02,90133
9.830800e-02,90370
9.847600e-02,90755
9.864300e-02,91981
9.881900e-02,93579
9.903900e-02,93703
9.924200e-02,94954
9.939500e-02,93614
9.961400e-02,94949
9.976500e-02,95371
9.996000e-02,97250
1.001000e-01,97112
1.003000e-01,98776
1.004700e-01,98689
1.006700e-01,98513
1.009100e-01,96248
1.011400e-01,93072
1.013800e-01,88847
1.015900e-01,87611
1.018300e-01,85396
1.020100e-01,84829
1.022000e-01,85843
1.024300e-01,86977
1.025900e-01,86670
1.028200e-01,86045
1.030300e-01,84809
1.033000e-01,83304
1.035000e-01,80868
1.037000e-01,80702
1.038800e-01,80785
1.040500e-01,82889
1.042100e-01,84922
1.044200e-01,85776
1.046300e-01,86180
1.048700e-01,85394
1.050500e-01,85778
1.052700e-01,82342
1.054800e-01,79786
1.057100e-01,75841
1.059700e-01,74506
1.062000e-01,71030
1.064100e-01,69614
1.066000e-01,69628
1.067600e-01,70731
1.069500e-01,72064
1.071400e-01,73468
1.073400e-01,72692
1.075800e-01,70027
1.078300e-01,66451
1.080700e-01,64176
1.083000e-01,60571
1.085600e-01,57326
1.088100e-01,55590
1.090600e-01,55215
1.093100e-01,53970
1.095200e-01,52524
1.097400e-01,52488
1.099300e-01,52232
1.101300e-01,53986
1.103100e-01,55399
1.104800e-01,56743
1.107200e-01,56237
1.109500e-01,56902
1.112000e-01,54387
1.114700e-01,54272
1.116800e-01,51126
1.118900e-01,50310
1.120400e-01,46493
1.122400e-01,48017
1.124000e-01,50400
1.126300e-01,54684
1.127600e-01,56557
1.129800e-01,57691
1.131400e-01,58204
1.133300e-01,59468
1.135500e-01,61312
1.136100e-01,57183
1.136700e-01,53064
1.137300e-01,48945
1.137500e-01,46026
1.137800e-01,42956
1.138200e-01,40027
1.138100e-01,35177
1.138200e-01,30877
1.138200e-01,27427
1.138300e-01,21307
1.138300e-01,17537
1.138200e-01,15417
1.138300e-01,15107
1.140500e-01,33722
1.141700e-01,43554
1.142100e-01,53455
1.143100e-01,60557
1.144900e-01,6.499000e+04
1.146200e-01,71713
1.148000e-01,75116
1.150000e-01,77640
1.151600e-01,77213
1.153800e-01,79787
1.155800e-01,78861
1.159000e-01,76887
1.161300e-01,71282
1.163800e-01,67697
1.166200e-01,63891
1.169200e-01,61707
1.171400e-01,59921
1.173800e-01,58526
1.176700e-01,56131
1.179100e-01,50356
1.182000e-01,45902
1.184600e-01,43327
1.186900e-01,40421
1.189200e-01,38476
1.191800e-01,34191
1.194200e-01,29815
1.197000e-01,27551
1.200000e-01,26006
1.201900e-01,22340
1.204700e-01,20636
1.206900e-01,17640
1.209400e-01,15855
1.211500e-01,15449
1.213800e-01,13833
1.216000e-01,12697
1.217900e-01,9671
1.220200e-01,10155
1.221700e-01,10558
1.223900e-01,13413
1.225500e-01,15436
1.227300e-01,17589
1.228600e-01,18062
1.230500e-01,20525
1.232200e-01,21459
1.234800e-01,22704
1.237500e-01,20879
1.239600e-01,19073
1.241200e-01,16786
1.243400e-01,20080
1.245000e-01,23143
1.246400e-01,27076
1.247900e-01,29329
1.249500e-01,31332
1.251500e-01,33386
1.253800e-01,34310
1.256700e-01,31696
1.259300e-01,28131
1.262200e-01,25427
1.265100e-01,20932
1.267100e-01,19006
1.269700e-01,17571
1.272500e-01,15636
1.274900e-01,12491
1.277600e-01,11286
1.279800e-01,8.620500e+03
1.282400e-01,8.525500e+03
1.284200e-01,5.068800e+03
1.285600e-01,3.795700e+03
1.286500e-01,2.977300e+03
1.287200e-01,2.340700e+03
1.287600e-01,1977
1.287700e-01,1886
1.287900e-01,1.704200e+03
1.287900e-01,1.704200e+03
1.288000e-01,1.613200e+03
1.288000e-01,1.613200e+03
1.288000e-01,1.613200e+03
1.287900e-01,1.704200e+03
1.288100e-01,1.522300e+03
1.288000e-01,1.613200e+03
1.288000e-01,1.613200e+03
1.288000e-01,1.613200e+03
1.288000e-01,1.613200e+03
1.288100e-01,1.522300e+03
1.288000e-01,1.613200e+03
1.288100e-01,1.522300e+03
1.287900e-01,1.704200e+03
1.288100e-01,1.522300e+03
1.288000e-01,1.613200e+03
1.288000e-01,1.613200e+03
1.288000e-01,1.613200e+03
1.288100e-01,1.522300e+03
1.288000e-01,1.613200e+03
1.288000e-01,1.613200e+03
1.287900e-01,1.704200e+03
1.288000e-01,1.613200e+03
1.288000e-01,1.613200e+03
1.288100e-01,1.522300e+03
1.288100e-01,1.522300e+03
1.288000e-01,1.613200e+03
1.288000e-01,1.613200e+03
1.288000e-01,1.613200e+03
1.288000e-01,1.613200e+03
1.288100e-01,1.522300e+03
1.288100e-01,1.522300e+03
1.288000e-01,1.613200e+03
1.287900e-01,1.704200e+03
1.288200e-01,1.431400e+03
1.287900e-01,1.704200e+03
1.288000e-01,1.613200e+03
1.288000e-01,1.613200e+03
1.288000e-01,1.613200e+03
1.288000e-01,1.613200e+03
1.288100e-01,1.522300e+03
1.287900e-01,1.704200e+03
1.288100e-01,1.522300e+03
1.288000e-01,9.464900e+02
1.288000e-01,9.464900e+02
1.287800e-01,6.838700e+02
1.288000e-01,9.464900e+02
1.288000e-01,9.464900e+02
1.288000e-01,9.464900e+02
1.288100e-01,1.077800e+03
1.288000e-01,9.464900e+02
1.288100e-01,1.077800e+03
1.288000e-01,9.464900e+02
1.288100e-01,1.077800e+03
1.287900e-01,8.151800e+02
1.288100e-01,1.077800e+03
1.288000e-01,9.464900e+02
1.288100e-01,1.077800e+03
1.288000e-01,9.464900e+02
1.288000e-01,9.464900e+02
1.288000e-01,9.464900e+02
1.288000e-01,9.464900e+02
1.287900e-01,8.151800e+02
1.287900e-01,8.151800e+02
1.288000e-01,9.464900e+02
1.287900e-01,8.151800e+02
1.288100e-01,1.077800e+03
1.288200e-01,1.209100e+03
1.288100e-01,1.077800e+03
1.288000e-01,9.464900e+02
1.288100e-01,1.077800e+03
1.287900e-01,8.151800e+02
1.288100e-01,1.077800e+03
1.288000e-01,9.464900e+02
1.288000e-01,9.464900e+02
1.288000e-01,9.464900e+02
1.287900e-01,8.151800e+02
1.288000e-01,9.464900e+02
1.287900e-01,8.151800e+02
1.288100e-01,1.077800e+03
1.288000e-01,9.464900e+02
1.288100e-01,1.077800e+03
1.288100e-01,1.077800e+03
1.288100e-01,1.077800e+03
1.288100e-01,1.077800e+03
1.288100e-01,1.077800e+03
1.287900e-01,8.151800e+02
1.288200e-01,1.209100e+03
1.287900e-01,8.151800e+02
1.287900e-01,8.151800e+02
1.287900e-01,8.151800e+02
1.287900e-01,8.151800e+02
1.288000e-01,9.464900e+02
1.288200e-01,1.209100e+03
1.288100e-01,1.077800e+03
1.288000e-01,9.464900e+02
1.288000e-01,9.464900e+02
1.288100e-01,1.077800e+03
1.288000e-01,9.464900e+02
1.288000e-01,9.464900e+02
1.287900e-01,8.151800e+02
1.288000e-01,9.464900e+02
1.288100e-01,1.077800e+03
1.288100e-01,1.077800e+03
1.288000e-01,9.464900e+02
1.288000e-01,9.464900e+02
1.288100e-01,1.077800e+03
1.288000e-01,9.464900e+02
1.288100e-01,1.077800e+03
1.287800e-01,6.838700e+02
1.288000e-01,9.464900e+02
1.288000e-01,9.464900e+02
1.288000e-01,9.464900e+02
1.288000e-01,9.464900e+02
1.287900e-01,8.151800e+02
1.287800e-01,6.838700e+02
1.288000e-01,9.464900e+02
1.288100e-01,1.077800e+03
1.288100e-01,1.077800e+03
1.288200e-01,1.209100e+03
1.288100e-01,1.077800e+03
1.288100e-01,1.077800e+03
1.288000e-01,9.464900e+02
1.288100e-01,1.077800e+03
1.287900e-01,8.151800e+02
1.288100e-01,1.077800e+03
1.288100e-01,1.077800e+03
1.288100e-01,1.077800e+03
1.288000e-01,9.464900e+02
1.288000e-01,9.464900e+02
1.287900e-01,8.151800e+02
1.288100e-01,1.077800e+03
1.288100e-01,1.077800e+03
1.288000e-01,9.464900e+02
1.288100e-01,1.077800e+03
1.288100e-01,1.077800e+03
1.288100e-01,1.077800e+03
1.288000e-01,9.464900e+02
1.288000e-01,9.464900e+02
1.288100e-01,1.077800e+03
1.288100e-01,1.077800e+03
1.288000e-01,9.464900e+02
1.288100e-01,1.077800e+03
1.288000e-01,9.464900e+02
1.288100e-01,1.077800e+03
1.288100e-01,1.077800e+03
1.288100e-01,1.077800e+03
1.288000e-01,9.464900e+02
1.288100e-01,1.077800e+03
1.288100e-01,1.077800e+03
1.288100e-01,1.077800e+03
1.288100e-01,1.077800e+03
1.288100e-01,1.077800e+03
1.287900e-01,8.151800e+02
1.288200e-01,1.209100e+03
1.288000e-01,9.464900e+02
1.287900e-01,8.151800e+02
1.288100e-01,1.077800e+03
1.288000e-01,9.464900e+02
1.287900e-01,8.151800e+02
1.288100e-01,1.077800e+03
1.287900e-01,8.151800e+02
1.288000e-01,9.464900e+02
1.288000e-01,9.464900e+02
1.288100e-01,1.077800e+03
1.288100e-01,1.077800e+03
1.288000e-01,9.464900e+02
1.288200e-01,1.209100e+03
1.288000e-01,9.464900e+02
1.288100e-01,1.077800e+03
1.288100e-01,1.077800e+03
1.288100e-01,1.077800e+03
1.288100e-01,1.077800e+03
1.288100e-01,1.077800e+03
1.288100e-01,1.077800e+03
1.288100e-01,1.077800e+03
1.288000e-01,9.464900e+02
1.288100e-01,1.077800e+03
1.288200e-01,1.209100e+03
1.287900e-01,8.151800e+02
1.288000e-01,9.464900e+02
1.288200e-01,1.209100e+03
1.287900e-01,8.151800e+02
1.288000e-01,9.464900e+02
1.288000e-01,9.464900e+02
1.287900e-01,8.151800e+02
1.288000e-01,9.464900e+02
1.288100e-01,1.077800e+03
1.288000e-01,9.464900e+02
1.288000e-01,9.464900e+02
1.288000e-01,9.464900e+02
1.288000e-01,9.464900e+02
1.288000e-01,9.464900e+02
1.288000e-01,9.464900e+02
1.288100e-01,1.077800e+03
1.288100e-01,1.077800e+03
1.288100e-01,1.077800e+03
1.288100e-01,1.077800e+03
1.288000e-01,9.464900e+02
1.287900e-01,8.151800e+02
1.288100e-01,1.077800e+03
1.288100e-01,1.077800e+03
1.288000e-01,9.464900e+02
1.288000e-01,9.464900e+02
1.288000e-01,9.464900e+02
1.288100e-01,1.077800e+03
1.287900e-01,8.151800e+02
1.288200e-01,1.209100e+03
1.288000e-01,9.464900e+02
1.288000e-01,9.464900e+02
1.288100e-01,1.077800e+03
1.288000e-01,9.464900e+02
1.288000e-01,9.464900e+02
1.288100e-01,1.077800e+03
1.288100e-01,1.077800e+03
1.288100e-01,1.077800e+03
1.288000e-01,9.464900e+02
1.288000e-01,9.464900e+02
1.288000e-01,9.464900e+02
1.288000e-01,9.464900e+02
1.288100e-01,1.077800e+03
1.288100e-01,1.077800e+03
1.287900e-01,8.151800e+02
1.287900e-01,8.151800e+02
1.288100e-01,1.077800e+03
1.288200e-01,1.209100e+03
1.288000e-01,9.464900e+02
1.288100e-01,1.077800e+03
1.288000e-01,9.464900e+02
1.288100e-01,1.077800e+03
1.287900e-01,8.151800e+02
1.288100e-01,1.077800e+03
1.288000e-01,9.464900e+02
1.288000e-01,9.464900e+02
1.288000e-01,9.464900e+02
1.287900e-01,8.151800e+02
1.288000e-01,9.464900e+02
1.288000e-01,9.464900e+02
1.288000e-01,9.464900e+02
1.288100e-01,1.077800e+03
1.288100e-01,1.077800e+03
1.288200e-01,1.209100e+03
1.288100e-01,1.077800e+03
1.288000e-01,9.464900e+02
1.288100e-01,1.077800e+03
1.288200e-01,1.209100e+03
1.288000e-01,9.464900e+02
1.288000e-01,9.464900e+02
1.288100e-01,1.077800e+03
1.288100e-01,1.077800e+03
1.288000e-01,9.464900e+02
1.288000e-01,9.464900e+02
1.288000e-01,9.464900e+02
1.288000e-01,9.464900e+02
1.288000e-01,9.464900e+02
1.288100e-01,1.077800e+03
1.288100e-01,1.077800e+03
1.288000e-01,9.464900e+02
1.288100e-01,1.077800e+03
1.287900e-01,8.151800e+02
1.288000e-01,9.464900e+02
1.288000e-01,9.464900e+02
1.288000e-01,9.464900e+02
1.287900e-01,8.151800e+02
1.288000e-01,9.464900e+02
1.288000e-01,9.464900e+02
1.288100e-01,1.077800e+03
1.288000e-01,9.464900e+02
1.288000e-01,9.464900e+02
1.288000e-01,9.464900e+02
1.288100e-01,1.077800e+03
1.288000e-01,9.464900e+02
1.288200e-01,1.209100e+03
1.288000e-01,9.464900e+02
1.288000e-01,9.464900e+02
1.288000e-01,9.464900e+02
1.288100e-01,1.077800e+03
1.287900e-01,8.151800e+02
1.288100e-01,1.077800e+03
1.287900e-01,8.151800e+02
1.288100e-01,1.077800e+03
1.288000e-01,9.464900e+02
1.288100e-01,1.077800e+03
1.288000e-01,9.464900e+02
1.288000e-01,9.464900e+02
1.288100e-01,1.077800e+03
1.288000e-01,9.464900e+02
1.288000e-01,9.464900e+02
1.288000e-01,9.464900e+02
1.288000e-01,9.464900e+02
1.288100e-01,1.077800e+03
1.288100e-01,1.077800e+03
1.288000e-01,9.464900e+02
1.287900e-01,8.151800e+02
1.288000e-01,9.464900e+02
1.288100e-01,1.077800e+03
1.288100e-01,1.077800e+03
1.288000e-01,9.464900e+02
1.288000e-01,9.464900e+02
1.288000e-01,9.464900e+02
1.288000e-01,9.464900e+02
1.288100e-01,1.077800e+03
1.288000e-01,9.464900e+02
1.287900e-01,8.151800e+02
1.288000e-01,9.464900e+02
1.288100e-01,1.077800e+03
1.288000e-01,9.464900e+02
1.288000e-01,9.464900e+02
1.287900e-01,8.151800e+02
1.287900e-01,8.151800e+02
1.288000e-01,9.464900e+02
1.287900e-01,8.151800e+02
1.288000e-01,9.464900e+02
1.288000e-01,9.464900e+02
1.287900e-01,8.151800e+02
1.287900e-01,8.151800e+02
1.287900e-01,8.151800e+02
1.288000e-01,9.464900e+02
1.288000e-01,9.464900e+02
1.287900e-01,8.151800e+02
1.287900e-01,8.151800e+02
1.288000e-01,9.464900e+02
1.287900e-01,8.151800e+02
1.287900e-01,8.151800e+02
1.287900e-01,8.151800e+02
1.288000e-01,9.464900e+02
1.287800e-01,6.838700e+02
1.287900e-01,8.151800e+02
1.288000e-01,9.464900e+02
1.287900e-01,8.151800e+02
1.287900e-01,8.151800e+02
1.288000e-01,9.464900e+02
1.288000e-01,9.464900e+02
1.287900e-01,8.151800e+02
1.288000e-01,9.464900e+02
1.288100e-01,1.077800e+03
1.288000e-01,9.464900e+02
1.287900e-01,8.151800e+02
1.287900e-01,8.151800e+02
1.287900e-01,8.151800e+02
1.288100e-01,1.077800e+03
1.287900e-01,8.151800e+02
1.288000e-01,9.464900e+02
1.287900e-01,8.151800e+02
1.288000e-01,9.464900e+02
1.287900e-01,8.151800e+02
1.287900e-01,8.151800e+02
1.288000e-01,9.464900e+02
1.287800e-01,6.838700e+02
1.288100e-01,1.077800e+03
1.288000e-01,9.464900e+02
1.288000e-01,9.464900e+02
1.288000e-01,9.464900e+02
1.287900e-01,8.151800e+02
1.287900e-01,8.151800e+02
1.287900e-01,8.151800e+02
1.287900e-01,8.151800e+02
1.287700e-01,5.525600e+02
1.288000e-01,9.464900e+02
1.288000e-01,9.464900e+02
1.287900e-01,8.151800e+02
1.288000e-01,9.464900e+02
1.288000e-01,9.464900e+02
1.287900e-01,8.151800e+02
1.287900e-01,8.151800e+02
1.288000e-01,9.464900e+02
1.288000e-01,9.464900e+02
1.287900e-01,8.151800e+02
1.287900e-01,8.151800e+02
1.288000e-01,9.464900e+02
1.287900e-01,8.151800e+02
1.287900e-01,8.151800e+02
1.287900e-01,8.151800e+02
1.288000e-01,9.464900e+02
1.287900e-01,8.151800e+02
1.288000e-01,9.464900e+02
1.288000e-01,9.464900e+02
1.287900e-01,8.151800e+02
1.288000e-01,9.464900e+02
1.287900e-01,8.151800e+02
1.287900e-01,8.151800e+02
1.288000e-01,9.464900e+02
1.288000e-01,9.464900e+02
1.288000e-01,9.464900e+02
1.287800e-01,6.838700e+02
1.288000e-01,9.464900e+02
1.288300e-01,1.340400e+03
1.288700e-01,1.865700e+03
1.289200e-01,2.522200e+03
1.289500e-01,2.916100e+03
1.290000e-01,3.572700e+03
1.290300e-01,3.966600e+03
1.290600e-01,4.360600e+03
1.290300e-01,3.966600e+03
1.290000e-01,3.572700e+03
1.288700e-01,1.865700e+03
1.287600e-01,4.212500e+02
1.286100e-01,-1.548400e+03
1.284800e-01,-3.255400e+03
1.283200e-01,-5.356400e+03
1.281600e-01,-7.457400e+03
1.280000e-01,-9.558300e+03
1.278300e-01,-11791
1.276200e-01,-14548
1.274500e-01,-16780
1.272400e-01,-19538
1.270700e-01,-21770
1.268400e-01,-24790
1.266400e-01,-27417
1.264800e-01,-29518
1.262900e-01,-32012
1.261200e-01,-34245
1.259000e-01,-37134
1.256500e-01,-40416
1.253300e-01,-44618
1.251100e-01,-47507
1.248500e-01,-50921
1.246000e-01,-54204
1.243800e-01,-57093
1.241800e-01,-59719
1.239600e-01,-62608
1.238600e-01,-63921
1.236500e-01,-66678
1.235300e-01,-68254
1.232600e-01,-71799
1.231500e-01,-73244
1.229700e-01,-75607
1.228000e-01,-77840
1.225800e-01,-80729
1.224200e-01,-82830
1.222200e-01,-85456
1.220500e-01,-87688
1.218600e-01,-90183
1.217100e-01,-92153
1.215200e-01,-94647
1.213500e-01,-96880
1.211100e-01,-100030
1.209200e-01,-102530
1.207100e-01,-105280
1.205500e-01,-107380
1.202800e-01,-110930
1.200800e-01,-113560
1.198700e-01,-116310
1.196700e-01,-118940
1.195100e-01,-121040
1.192800e-01,-124060
1.190300e-01,-127340
1.188600e-01,-1.295800e+05
1.187000e-01,-131680
1.185100e-01,-134170
1.183200e-01,-136670
1.181300e-01,-139160
1.179100e-01,-142050
1.177000e-01,-144220
1.175500e-01,-145360
1.173900e-01,-147570
1.171700e-01,-151280
1.169400e-01,-154700
1.167200e-01,-157080
1.165500e-01,-158900
1.164100e-01,-160080
1.162400e-01,-162430
1.160400e-01,-165010
1.158300e-01,-168540
1.156400e-01,-169360
1.154300e-01,-170970
1.152800e-01,-171730
1.150800e-01,-174290
1.148900e-01,-175890
1.146600e-01,-177260
1.144800e-01,-178320
1.142300e-01,-178760
1.140600e-01,-179570
1.138300e-01,-180400
1.136300e-01,-181420
1.134300e-01,-182260
1.132100e-01,-182550
1.130300e-01,-182210
1.128200e-01,-183820
1.126900e-01,-183150
1.124900e-01,-183970
1.123500e-01,-181840
1.121300e-01,-182990
1.119800e-01,-182060
1.117500e-01,-182220
1.116400e-01,-182260
1.114100e-01,-182550
1.112300e-01,-181930
1.110300e-01,-182100
1.108400e-01,-182590
1.106500e-01,-182740
1.104400e-01,-182820
1.102100e-01,-183320
1.099900e-01,-184580
1.097600e-01,-184080
1.095400e-01,-186240
1.092700e-01,-183990
1.089800e-01,-184370
1.087000e-01,-183240
1.084000e-01,-184490
1.081800e-01,-185230
1.079400e-01,-187310
1.077600e-01,-188370
1.075200e-01,-190880
1.073700e-01,-189510
1.071700e-01,-189400
1.070100e-01,-186490
1.068000e-01,-185060
1.066800e-01,-184470
1.064700e-01,-186110
1.063400e-01,-184830
1.061400e-01,-185110
1.059900e-01,-185340
1.058100e-01,-185350
1.056300e-01,-184750
1.054900e-01,-183470
1.052800e-01,-184610
1.050600e-01,-185220
1.048400e-01,-184900
1.046700e-01,-184670
1.044500e-01,-185790
1.042300e-01,-185530
1.040200e-01,-186870
1.038000e-01,-186570
1.036100e-01,-186610
1.034300e-01,-185840
1.032200e-01,-186820
1.030600e-01,-185350
1.028800e-01,-185850
1.026600e-01,-184740
1.024500e-01,-185690
1.022500e-01,-183620
1.020500e-01,-184840
1.018900e-01,-183870
1.016500e-01,-185360
1.014800e-01,-184920
1.013000e-01,-184180
1.011200e-01,-184000
1.009300e-01,-183280
1.007800e-01,-182590
1.005400e-01,-182200
1.003800e-01,-181810
1.001800e-01,-181850
9.997700e-02,-182050
9.976300e-02,-181930
9.961500e-02,-181830
9.939200e-02,-181710
9.920200e-02,-181910
9.899400e-02,-181180
9.885800e-02,-181160
9.862100e-02,-179810
9.844400e-02,-180950
9.828500e-02,-179350
9.811000e-02,-179850
9.790200e-02,-178950
9.770600e-02,-179540
9.752300e-02,-177930
9.728800e-02,-179460
9.713000e-02,-178550
9.688500e-02,-179140
9.670400e-02,-178310
9.651100e-02,-177740
9.628300e-02,-175800
9.612100e-02,-177080
9.592700e-02,-176670
9.573500e-02,-176360
9.554600e-02,-176130
9.535600e-02,-175550
9.518200e-02,-175260
9.497100e-02,-175070
9.473900e-02,-176060
9.451700e-02,-176680
9.427400e-02,-177070
9.404600e-02,-178220
9.385400e-02,-179090
9.362900e-02,-179700
9.345600e-02,-180200
9.320500e-02,-180530
9.301800e-02,-179730
9.281400e-02,-178040
9.263600e-02,-180080
9.240700e-02,-179010
9.219800e-02,-179360
9.203000e-02,-178180
9.179800e-02,-178780
9.163400e-02,-178430
9.138100e-02,-178380
9.122200e-02,-177610
9.105700e-02,-179210
9.085900e-02,-177480
9.065400e-02,-177160
9.052800e-02,-175590
9.028300e-02,-175540
9.015600e-02,-175630
8.993800e-02,-175860
8.975800e-02,-175350
8.952800e-02,-175360
8.932800e-02,-175140
8.912500e-02,-176090
8.885700e-02,-176500
8.868900e-02,-176340
8.849200e-02,-178370
8.828100e-02,-179020
8.812200e-02,-177880
8.793300e-02,-176810
8.774100e-02,-177140
8.758200e-02,-165840
8.739500e-02,-156310
8.720900e-02,-149870
8.703000e-02,-153180
8.681100e-02,-160140
8.660300e-02,-166990
8.643500e-02,-168060
8.625700e-02,-155760
8.611400e-02,-164630
8.591500e-02,-167170
8.578700e-02,-167730
8.558400e-02,-167530
8.533600e-02,-167450
8.510800e-02,-166900
8.493500e-02,-166010
8.478200e-02,-166040
8.461900e-02,-166670
8.443000e-02,-168110
8.421700e-02,-169400
8.389600e-02,-170930
8.371700e-02,-170740
8.347600e-02,-170650
8.329200e-02,-170930
8.310500e-02,-172190
8.296400e-02,-172200
8.274600e-02,-171890
8.255600e-02,-173460
8.230400e-02,-173070
8.207600e-02,-172110
8.191100e-02,-169690
8.174000e-02,-169550
8.157300e-02,-168410
8.139600e-02,-170470
8.119000e-02,-169770
8.093900e-02,-171370
8.073600e-02,-167910
8.054500e-02,-167870
8.039300e-02,-165680
8.026700e-02,-166530
8.010700e-02,-166420
7.986700e-02,-168240
7.960400e-02,-167220
7.936900e-02,-165880
7.923300e-02,-164270
7.904800e-02,-163910
7.890600e-02,-164050
7.869500e-02,-165180
7.847000e-02,-165760
7.821800e-02,-165660
7.799000e-02,-165810
7.778200e-02,-166450
7.764500e-02,-164690
7.742900e-02,-165300
7.725300e-02,-165590
7.705300e-02,-166510
7.684200e-02,-166120
7.667400e-02,-165480
7.648800e-02,-165390
7.632700e-02,-163650
7.610900e-02,-165260
7.592000e-02,-164150
7.563800e-02,-164070
7.548500e-02,-162300
7.525600e-02,-163420
7.510200e-02,-162320
7.488900e-02,-162680
7.471500e-02,-161700
7.448600e-02,-162090
7.432200e-02,-160880
7.410800e-02,-159450
7.394200e-02,-160730
7.374100e-02,-159820
7.351200e-02,-161140
7.329600e-02,-160620
7.312200e-02,-160420
7.289600e-02,-160010
7.269500e-02,-160690
7.242800e-02,-161990
7.221200e-02,-162770
7.200600e-02,-162780
7.183000e-02,-163320
7.161000e-02,-164200
7.147300e-02,-163320
7.125600e-02,-163800
7.103500e-02,-163720
7.082100e-02,-162210
7.066100e-02,-162370
7.047500e-02,-162370
7.031200e-02,-162560
7.004100e-02,-161470
6.987200e-02,-162500
6.968300e-02,-161420
6.947600e-02,-160980
6.930500e-02,-161000
6.912000e-02,-160510
6.892400e-02,-160460
6.873100e-02,-160710
6.853900e-02,-160170
6.833000e-02,-159480
6.814200e-02,-159160
6.793000e-02,-159540
6.773300e-02,-159470
6.753500e-02,-158280
6.737400e-02,-159490
6.716400e-02,-158070
6.697600e-02,-158400
6.674000e-02,-157780
6.653800e-02,-158270
6.632000e-02,-158640
6.615800e-02,-158700
6.597200e-02,-157670
6.579100e-02,-158150
6.556600e-02,-155780
6.539700e-02,-158050
6.520700e-02,-155900
6.501500e-02,-156720
6.481900e-02,-154830
6.461800e-02,-156590
6.441200e-02,-155230
6.423400e-02,-154090
6.407200e-02,-153280
6.387800e-02,-153550
6.372000e-02,-152550
6.353500e-02,-152530
6.334200e-02,-152130
6.315800e-02,-151650
6.298400e-02,-152320
6.275800e-02,-151910
6.257400e-02,-151330
6.236900e-02,-151660
6.216800e-02,-151650
6.196200e-02,-151700
6.179100e-02,-151530
6.157200e-02,-150370
6.139100e-02,-151820
6.115500e-02,-151100
6.098600e-02,-150750
6.076600e-02,-151730
6.057200e-02,-151600
6.035600e-02,-149480
6.018500e-02,-151710
5.994800e-02,-151520
5.977500e-02,-150980
5.956400e-02,-149170
5.934900e-02,-150950
5.917800e-02,-149030
5.897400e-02,-150140
5.878800e-02,-148940
5.860800e-02,-148910
5.841300e-02,-148790
5.822700e-02,-148210
5.804700e-02,-148740
5.784800e-02,-148670
5.764900e-02,-148700
5.745000e-02,-148510
5.723100e-02,-148910
5.705800e-02,-148200
5.685100e-02,-147770
5.670200e-02,-148270
5.649000e-02,-148300
5.628300e-02,-147940
5.608300e-02,-147870
5.589500e-02,-148840
5.568800e-02,-149310
5.553200e-02,-148020
5.530800e-02,-149160
5.510700e-02,-149140
5.493000e-02,-147760
5.470200e-02,-147260
5.450700e-02,-147930
5.431600e-02,-145970
5.409900e-02,-146780
5.392500e-02,-145240
5.371900e-02,-144560
5.354200e-02,-143810
5.329300e-02,-143200
5.315900e-02,-142610
5.293300e-02,-142520
5.280400e-02,-141470
5.257400e-02,-141950
5.242000e-02,-141860
5.222700e-02,-141150
5.205200e-02,-141090
5.184500e-02,-139380
5.164500e-02,-140040
5.147300e-02,-139620
5.131300e-02,-139330
5.110300e-02,-138850
5.092500e-02,-139150
5.071600e-02,-140060
5.055000e-02,-139140
5.037100e-02,-139110
5.013700e-02,-140480
4.997200e-02,-139730
4.976900e-02,-140230
4.961200e-02,-139350
4.937400e-02,-140180
4.918600e-02,-137800
4.899900e-02,-139970
4.880600e-02,-137940
4.859000e-02,-139780
4.839100e-02,-137600
4.815400e-02,-138730
4.803400e-02,-136970
4.780200e-02,-137230
4.764900e-02,-134630
4.740400e-02,-136090
4.723800e-02,-135730
4.704500e-02,-134460
4.685200e-02,-135330
4.665500e-02,-133080
4.648600e-02,-133700
4.628400e-02,-132470
4.612400e-02,-131160
4.594000e-02,-133280
4.575100e-02,-133950
4.552600e-02,-133560
4.537300e-02,-134020
4.514000e-02,-133740
4.494300e-02,-134490
4.474500e-02,-135260
4.461000e-02,-134770
4.437000e-02,-135570
4.419800e-02,-135590
4.399300e-02,-133450
4.378200e-02,-135130
4.361700e-02,-133230
4.341600e-02,-133590
4.326600e-02,-131730
4.303500e-02,-134120
4.289200e-02,-132480
4.269100e-02,-133480
4.251000e-02,-1.309600e+05
4.230300e-02,-132140
4.211500e-02,-131330
4.191300e-02,-132170
4.175000e-02,-132370
4.150300e-02,-132080
4.135700e-02,-132730
4.117500e-02,-132760
4.096400e-02,-133590
4.073300e-02,-132900
4.054700e-02,-133410
4.036000e-02,-132750
4.019900e-02,-131670
4.000800e-02,-1.309900e+05
3.984100e-02,-1.292400e+05
3.964600e-02,-128660
3.948200e-02,-1.288900e+05
3.925600e-02,-127960
3.910500e-02,-127400
3.889500e-02,-1.289200e+05
3.873700e-02,-128150
3.851700e-02,-126640
3.826500e-02,-1.286100e+05
3.809900e-02,-126460
3.791400e-02,-127570
3.774200e-02,-126450
3.754700e-02,-126410
3.738300e-02,-122910
3.717300e-02,-124230
3.701900e-02,-122240
3.678600e-02,-124220
3.662200e-02,-119720
3.643100e-02,-118900
3.627000e-02,-122230
3.606300e-02,-123080
3.586200e-02,-122180
3.563700e-02,-123130
3.548400e-02,-123580
3.529100e-02,-122410
3.508100e-02,-122500
3.491600e-02,-122350
3.467200e-02,-124550
3.450000e-02,-124800
3.433400e-02,-124180
3.414300e-02,-124220
3.392100e-02,-125110
3.371300e-02,-124710
3.352600e-02,-124140
3.331300e-02,-124920
3.312500e-02,-124390
3.295200e-02,-121140
3.279000e-02,-124020
3.257900e-02,-122340
3.236400e-02,-123340
3.219900e-02,-121120
3.196700e-02,-122020
3.186000e-02,-120070
3.165800e-02,-119780
3.148600e-02,-120310
3.123600e-02,-120890
3.108400e-02,-120750
3.087400e-02,-119850
3.070300e-02,-118480
3.044300e-02,-118790
3.024700e-02,-118790
3.001200e-02,-121310
2.985200e-02,-120430
2.964200e-02,-119550
2.944900e-02,-121620
2.921000e-02,-121170
2.909200e-02,-122100
2.890800e-02,-121840
2.870700e-02,-122810
2.845200e-02,-123540
2.831000e-02,-121990
2.809100e-02,-122940
2.791200e-02,-122970
2.771800e-02,-122000
2.750000e-02,-123330
2.728900e-02,-121030
2.713300e-02,-120480
2.694100e-02,-118770
2.673800e-02,-120840
2.652400e-02,-119410
2.633100e-02,-117720
2.619200e-02,-117020
2.600000e-02,-117930
2.580800e-02,-119010
2.556800e-02,-117110
2.542000e-02,-115520
2.524400e-02,-113990
2.504200e-02,-114790
2.480800e-02,-114360
2.460200e-02,-114730
2.440300e-02,-113200
2.423100e-02,-115490
2.402400e-02,-115960
2.385800e-02,-116470
2.363700e-02,-116420
2.342700e-02,-118310
2.323800e-02,-118080
2.307900e-02,-118550
2.283600e-02,-117790
2.265600e-02,-118180
2.246900e-02,-117640
2.234100e-02,-116970
2.211200e-02,-117810
2.192800e-02,-117860
2.172000e-02,-116780
2.155900e-02,-117280
2.135000e-02,-116530
2.119500e-02,-117150
2.100500e-02,-115850
2.073700e-02,-117510
2.061200e-02,-116290
2.038900e-02,-116000
2.020500e-02,-115610
2.001900e-02,-115780
1.982000e-02,-116040
1.964400e-02,-115100
1.946400e-02,-113960
1.924700e-02,-115030
1.909200e-02,-116050
1.888200e-02,-115400
1.872600e-02,-115190
1.854900e-02,-114290
1.832900e-02,-115600
1.814400e-02,-115940
1.795200e-02,-115250
1.777200e-02,-114970
1.757000e-02,-116000
1.739800e-02,-114850
1.716100e-02,-115310
1.699900e-02,-116540
1.678100e-02,-115730
1.660800e-02,-114570
1.641400e-02,-115890
1.622300e-02,-115060
1.600300e-02,-115090
1.586500e-02,-114330
1.567600e-02,-115440
1.549500e-02,-114550
1.530900e-02,-114270
1.514400e-02,-112180
1.497300e-02,-111370
1.478500e-02,-109820
1.463100e-02,-107990
1.443200e-02,-107880
1.419600e-02,-106770
1.401600e-02,-107370
1.382300e-02,-106670
1.366800e-02,-106680
1.350000e-02,-106760
1.333400e-02,-108250
1.315800e-02,-108400
1.292800e-02,-109480
1.272900e-02,-107860
1.253800e-02,-108490
1.230700e-02,-109320
1.214500e-02,-108320
1.194700e-02,-108080
1.179900e-02,-108520
1.159500e-02,-108140
1.139000e-02,-109650
1.122300e-02,-108560
1.095900e-02,-109520
1.078400e-02,-107650
1.057800e-02,-108760
1.041100e-02,-107190
1.021300e-02,-106850
1.005900e-02,-106930
9.869100e-03,-106010
9.708600e-03,-107560
9.461100e-03,-107450
9.324900e-03,-108080
9.071200e-03,-107870
8.896100e-03,-108310
8.687900e-03,-107890
8.537600e-03,-107730
8.337500e-03,-106610
8.178200e-03,-107320
7.988000e-03,-107280
7.803400e-03,-106780
7.573400e-03,-106480
7.372600e-03,-106420
7.121500e-03,-107470
6.957100e-03,-107050
6.792500e-03,-106210
6.652300e-03,-106330
6.469800e-03,-104210
6.322500e-03,-106240
6.111800e-03,-104930
5.945700e-03,-106550
5.724700e-03,-106190
5.500900e-03,-106180
5.260800e-03,-104970
5.122100e-03,-104190
5.002200e-03,-102520
4.792100e-03,-103270
4.652500e-03,-103850
4.478500e-03,-104620
4.292700e-03,-104870
3.995600e-03,-105720
3.732600e-03,-105830
3.521700e-03,-105210
3.376100e-03,-104280
3.208300e-03,-103530
3.075600e-03,-103900
2.956200e-03,-103630
2.770700e-03,-103160
2.601900e-03,-103310
2.384900e-03,-104850
2.150200e-03,-105130
1.991500e-03,-101260
1.992900e-03,-98443
1.973100e-03,-96802
1.977300e-03,-94740
1.986900e-03,-93586
1.986900e-03,-92926
1.972700e-03,-92292
1.968300e-03,-91724
1.962900e-03,-91317
1.961000e-03,-90898
1.972500e-03,-90483
1.966700e-03,-90185
1.963500e-03,-89907
1.976000e-03,-89561
1.961600e-03,-89237
1.966500e-03,-88895
1.947800e-03,-88424
1.952900e-03,-88061
1.964200e-03,-87456
1.964500e-03,-86716
1.955800e-03,-86010
1.953600e-03,-85551
1.962900e-03,-85027
1.964100e-03,-84936
1.948200e-03,-84833
1.951000e-03,-85082
1.939900e-03,-84397
1.954400e-03,-84281
1.955700e-03,-83860
1.944800e-03,-83825
1.944900e-03,-83735
1.948000e-03,-83204
1.942100e-03,-82926
1.947800e-03,-82194
1.952000e-03,-81452
1.941500e-03,-81636
1.957900e-03,-81729
1.951200e-03,-81722
1.956000e-03,-81680
1.945800e-03,-81225
1.942400e-03,-81536
1.942200e-03,-81226
1.951200e-03,-80962
1.935700e-03,-81249
1.943900e-03,-80855
1.944100e-03,-80895
1.942700e-03,-81536
1.940300e-03,-81137
1.939500e-03,-81607
1.940000e-03,-81567
1.952600e-03,-81741
1.952600e-03,-81651
1.941700e-03,-81656
1.938300e-03,-81648
1.940400e-03,-81727
1.945800e-03,-81715
1.943000e-03,-81536
1.925300e-03,-81464
1.937500e-03,-81298
1.940300e-03,-81257
1.940000e-03,-80837
1.940200e-03,-80367
1.945500e-03,-79845
1.939200e-03,-79377
1.926500e-03,-78893
1.943500e-03,-78686
1.938600e-03,-78598
1.928600e-03,-78512
1.922500e-03,-78085
1.945400e-03,-77625
1.924100e-03,-78154
1.927100e-03,-77883
1.917400e-03,-77647
1.931000e-03,-77521
1.933300e-03,-77290
1.936700e-03,-77069
1.908900e-03,-76871
1.907600e-03,-76392
1.895900e-03,-76067
1.902400e-03,-75964
1.892700e-03,-75818
1.887500e-03,-75691
1.895400e-03,-75727
1.894300e-03,-75488
1.879800e-03,-75234
1.878600e-03,-74965
1.881900e-03,-74573
1.869300e-03,-74039
1.885400e-03,-73532
1.862000e-03,-73262
1.849800e-03,-72848
1.844500e-03,-72690
1.841800e-03,-72471
1.849900e-03,-72277
1.860400e-03,-71963
1.848600e-03,-71768
1.842500e-03,-71591
1.848800e-03,-71268
1.843400e-03,-70910
1.837100e-03,-70623
1.830600e-03,-70056
1.837900e-03,-69523
1.832800e-03,-68885
1.842000e-03,-67811
1.829800e-03,-66366
1.824100e-03,-6.462900e+04
1.797700e-03,-63491
1.787800e-03,-62995
1.793400e-03,-62423
1.774200e-03,-62141
1.782400e-03,-61638
1.777400e-03,-61130
1.780000e-03,-60809
1.780200e-03,-60559
1.771900e-03,-60372
1.778400e-03,-60210
1.779800e-03,-60009
1.776300e-03,-60170
1.780400e-03,-60149
1.779900e-03,-59919
1.768600e-03,-59744
1.771000e-03,-59623
1.772700e-03,-59152
1.766000e-03,-58795
1.769700e-03,-58203
1.778200e-03,-57670
1.773300e-03,-57595
1.757900e-03,-57362
1.758300e-03,-57368
1.743900e-03,-57149
1.731100e-03,-56955
1.746700e-03,-57192
1.737200e-03,-57047
1.739000e-03,-57075
1.732600e-03,-56978
1.722400e-03,-56823
1.725900e-03,-56876
1.709400e-03,-56626
1.698000e-03,-56453
1.689900e-03,-56330
1.689400e-03,-56322
1.678700e-03,-56160
1.669700e-03,-56023
1.663900e-03,-55935
1.664400e-03,-55943
1.664100e-03,-55938
1.678400e-03,-56155
1.662900e-03,-55920
1.663100e-03,-55923
1.654900e-03,-55798
1.670200e-03,-56031
1.676900e-03,-56132
1.666900e-03,-55981
1.665700e-03,-55962
1.661000e-03,-55891
1.668200e-03,-56000
1.667000e-03,-55982
1.662400e-03,-55912
1.675200e-03,-56107
1.654200e-03,-55788
1.654900e-03,-55798
1.642700e-03,-55613
1.604700e-03,-55037
1.582300e-03,-54697
1.585600e-03,-54747
1.574200e-03,-54574
1.585900e-03,-54751
1.577100e-03,-54618
1.576200e-03,-54604
1.577800e-03,-54628
1.577000e-03,-54616
1.582200e-03,-54695
1.582400e-03,-54698
1.562400e-03,-54395
1.580000e-03,-54662
1.568800e-03,-54492
1.579300e-03,-54651
1.577900e-03,-54630
1.568100e-03,-54481
1.549600e-03,-54200
1.549900e-03,-54205
1.544900e-03,-54129
1.526900e-03,-53856
1.528700e-03,-53883
1.536000e-03,-53994
1.537900e-03,-54023
1.520900e-03,-53765
1.525500e-03,-53835
1.528100e-03,-53874
1.518600e-03,-53730
1.524300e-03,-53817
1.518900e-03,-53735
1.521000e-03,-53766
1.520100e-03,-53753
1.511800e-03,-53627
1.497700e-03,-53413
1.511100e-03,-53616
1.497900e-03,-53416
1.494300e-03,-53361
1.480300e-03,-53149
1.483800e-03,-53202
1.472900e-03,-53036
1.474700e-03,-53064
1.469500e-03,-52985
1.468500e-03,-52970
1.444000e-03,-52598
1.425900e-03,-52323
1.416500e-03,-52181
1.405500e-03,-52014
1.398700e-03,-51910
1.401000e-03,-51945
1.400100e-03,-51932
1.396600e-03,-51879
1.411900e-03,-52111
1.400700e-03,-51941
1.394300e-03,-51844
1.392400e-03,-51815
1.397200e-03,-51888
1.388300e-03,-51753
1.379900e-03,-51625
1.366800e-03,-51426
1.361400e-03,-51344
1.353000e-03,-51217
1.341100e-03,-51036
1.315600e-03,-50649
1.335300e-03,-50948
1.317900e-03,-50684
1.315600e-03,-50649
1.317500e-03,-50678
1.307600e-03,-50528
1.317700e-03,-50681
1.315500e-03,-50648
1.300100e-03,-50414
1.298500e-03,-50390
1.307800e-03,-50531
1.316300e-03,-50660
1.308700e-03,-50545
1.319100e-03,-50702
1.308200e-03,-50537
1.301800e-03,-50440
1.311100e-03,-50581
1.324300e-03,-50781
1.298000e-03,-50382
1.301800e-03,-50440
1.313100e-03,-50611
1.296900e-03,-50366
1.299400e-03,-50404
1.307500e-03,-50526
1.315800e-03,-50652
1.300500e-03,-50420
1.322300e-03,-50751
1.306100e-03,-50505
1.308700e-03,-50545
1.306900e-03,-50517
1.317900e-03,-50684
1.312400e-03,-50601
1.297900e-03,-50381
1.308500e-03,-50542
1.305000e-03,-50488
1.311700e-03,-50590
1.293800e-03,-50319
1.309700e-03,-50560
1.307100e-03,-50520
1.312700e-03,-50605
1.303400e-03,-50464
1.310200e-03,-50567
1.306200e-03,-50507
1.288300e-03,-50235
1.307500e-03,-50526
1.302700e-03,-50454
1.296600e-03,-50361
1.313800e-03,-50622
1.309200e-03,-50552
1.296800e-03,-50364
1.306100e-03,-50505
1.305500e-03,-50496
1.299900e-03,-50411
