Chord Rotation [rads],Moment [kN-mm]
0,0
8.501800e-06,4.620800e+02
8.193200e-06,4.453100e+02
6.417600e-06,3.488000e+02
1.349100e-06,7.332500e+01
6.649700e-06,3.614200e+02
1.439100e-05,7.821600e+02
9.840000e-06,5.348100e+02
1.497900e-05,8.141200e+02
2.581800e-05,1.403200e+03
1.481200e-05,8.050500e+02
8.810300e-06,4.788500e+02
1.989500e-05,1.081300e+03
1.689500e-05,9.182600e+02
5.435700e-06,2.954400e+02
1.768200e-06,9.610300e+01
-5.269600e-06,-2.864100e+02
3.712500e-06,2.017800e+02
1.037600e-05,5.639400e+02
1.622100e-05,8.816300e+02
-4.563600e-07,-2.480400e+01
-7.520800e-06,-4.087600e+02
-1.130600e-06,-6.144900e+01
7.028200e-06,3.819900e+02
-6.068200e-06,-3.298100e+02
4.454000e-06,2.420800e+02
2.993100e-06,1.626800e+02
1.255100e-06,6.821600e+01
2.098400e-05,1.140500e+03
1.670400e-05,9.078800e+02
1.326200e-05,7.208000e+02
4.053600e-07,2.203200e+01
5.120000e-06,2.782800e+02
4.171500e-06,2.267200e+02
1.068900e-05,5.809600e+02
-3.120800e-06,-1.696200e+02
4.222600e-05,2295
1.330700e-05,7.232500e+02
8.848000e-06,4.809000e+02
2.111500e-06,1.147600e+02
-3.293800e-06,-1.790200e+02
1.732300e-05,9.415200e+02
5.968500e-06,3.243900e+02
3.588100e-06,1.950200e+02
1.160100e-05,6.305200e+02
1.284100e-05,6.979200e+02
8.662500e-06,4.708100e+02
1.453100e-05,7.897700e+02
1.725200e-05,9.376600e+02
1.499800e-05,8.151500e+02
9.711600e-06,5.278300e+02
1.769900e-05,9.619600e+02
5.302700e-06,2.882100e+02
-3.732100e-07,-2.028400e+01
2.259100e-06,1.227800e+02
1.382900e-05,7.516200e+02
1.131700e-06,6.150900e+01
8.145000e-06,4.426900e+02
5.442400e-06,2.958000e+02
1.128700e-05,6.134600e+02
2.754500e-06,1.497100e+02
7.482900e-06,4.067000e+02
5.180400e-06,2.815600e+02
9.434800e-06,5.127900e+02
1.332000e-05,7.239500e+02
1.270800e-05,6.906900e+02
8.234300e-06,4.475400e+02
1.552900e-05,8.440200e+02
-1.744200e-06,-9.479900e+01
1.133100e-05,6.158500e+02
1.382900e-05,7.516200e+02
-4.272500e-06,-2.322100e+02
1.640200e-05,8.914600e+02
1.284300e-05,6.980300e+02
1.314400e-05,7.143900e+02
-9.785500e-07,-5.318500e+01
1.913700e-05,1.040100e+03
6.763400e-06,3.676000e+02
7.857400e-06,4.270600e+02
1.210600e-05,6.579700e+02
7.782200e-07,4.229700e+01
-8.261000e-06,-4.489900e+02
1.297200e-05,7.050400e+02
5.663900e-06,3.078400e+02
4.937500e-06,2.683600e+02
2.085500e-05,1.133500e+03
1.267800e-05,6.890600e+02
-1.617000e-05,-8.788500e+02
6.829900e-06,3.712100e+02
-1.145600e-06,-6.226400e+01
1.752400e-05,9.524500e+02
5.621600e-06,3.055400e+02
4.426200e-06,2.405700e+02
8.562700e-06,4.653900e+02
1.937000e-05,1.052800e+03
8.953400e-06,4.866300e+02
2.200400e-06,1.195900e+02
-5.157900e-06,-2.803400e+02
-1.509700e-06,-8.205400e+01
-1.386000e-05,-7.533000e+02
-3.454600e-06,-1.877600e+02
-8.176500e-06,-4.444000e+02
-2.766500e-05,-1.503600e+03
-3.965500e-06,-2.155300e+02
-1.218100e-05,-6.620500e+02
-4.966000e-06,-2.699100e+02
5.251600e-06,2.854300e+02
-5.308300e-06,-2.885100e+02
6.729300e-06,3.657400e+02
7.445400e-06,4.046600e+02
-5.243500e-06,-2.849900e+02
-3.737100e-06,-2.031100e+02
-1.116000e-05,-6.065600e+02
-2.641900e-06,-1.435900e+02
-1.457400e-05,-7.921100e+02
5.527600e-06,3.004300e+02
-6.750400e-06,-3.668900e+02
-3.739200e-07,-2.032300e+01
-1.504500e-06,-8.177100e+01
-2.891400e-06,-1.571500e+02
1.494400e-06,8.122200e+01
-1.627400e-05,-8.845100e+02
-2.140400e-07,-1.163300e+01
-3.725000e-06,-2.024600e+02
-7.612300e-06,-4.137400e+02
-1.254300e-05,-6.817200e+02
3.320800e-06,1.804900e+02
-2.187800e-05,-1.189100e+03
-1.058700e-05,-5.754100e+02
-1.533000e-05,-8.332000e+02
-6.768200e-06,-3.678600e+02
-9.909400e-06,-5.385800e+02
-2.164600e-05,-1.176500e+03
-1.700500e-05,-9.242400e+02
-1.656700e-05,-9.004300e+02
-6.038600e-06,-3.282000e+02
-1.429600e-05,-777
-1.045500e-05,-5.682400e+02
-5.962400e-06,-3.240600e+02
-4.598100e-06,-2.499100e+02
-1.412300e-05,-7.676000e+02
-1.871700e-05,-1.017300e+03
6.171500e-06,3.354300e+02
-1.253400e-05,-6.812300e+02
-2.684800e-05,-1.459200e+03
-6.575700e-06,-3.574000e+02
-1.333800e-05,-7.249300e+02
-2.903000e-05,-1.577800e+03
-1.256700e-05,-6.830300e+02
-1.957700e-05,-1064
-1.910800e-05,-1.038500e+03
-1.931900e-05,-1050
-2.235200e-05,-1.214900e+03
-2.412300e-05,-1.311100e+03
-1.000500e-05,-5.437800e+02
-2.239900e-05,-1.217400e+03
-1.161400e-05,-6.312300e+02
-2.218700e-05,-1.205900e+03
-1.458400e-05,-7.926500e+02
-1.459500e-05,-7.932500e+02
-2.016400e-05,-1.095900e+03
-2.615700e-05,-1.421700e+03
-2.332300e-05,-1.267600e+03
-1.460100e-05,-7.935800e+02
-2.417100e-05,-1.313700e+03
-3.866000e-05,-2.101200e+03
-2.620400e-05,-1.424200e+03
-1.624900e-05,-8.831500e+02
-2.223800e-05,-1.208700e+03
-3.222800e-05,-1.751600e+03
-1.967500e-05,-1.069400e+03
-5.496200e-05,-2.987200e+03
-3.108700e-05,-1.689600e+03
-3.526800e-05,-1.916800e+03
-3.324200e-05,-1.806700e+03
-3.453200e-05,-1.876800e+03
-3.901500e-05,-2.120500e+03
-2.237000e-05,-1.215800e+03
-3.842800e-05,-2.088600e+03
-4.457700e-05,-2.422800e+03
-3.390700e-05,-1.842900e+03
-2.878700e-05,-1.564600e+03
-3.683600e-05,-2.002100e+03
-4.075800e-05,-2.215200e+03
-3.572400e-05,-1.941600e+03
-4.699200e-05,-2.554100e+03
-4.429400e-05,-2.407400e+03
-4.658900e-05,-2.532200e+03
-5.414600e-05,-2.942900e+03
-5.369100e-05,-2.918200e+03
-4.249400e-05,-2.309600e+03
-2.930500e-05,-1.592800e+03
-5.718300e-05,-3.107900e+03
-4.775900e-05,-2.595700e+03
-4.699700e-05,-2.554300e+03
-4.567700e-05,-2.482600e+03
-4.784500e-05,-2.600400e+03
-5.284000e-05,-2.871900e+03
-5.673100e-05,-3.083400e+03
-5.989700e-05,-3.255500e+03
-5.337400e-05,-2.900900e+03
-4.583300e-05,-2.491100e+03
-5.261600e-05,-2.859700e+03
-5.582500e-05,-3.034100e+03
-4.838700e-05,-2.629900e+03
-4.995700e-05,-2.715200e+03
-5.210200e-05,-2.831800e+03
-5.473900e-05,-2.975100e+03
-5.507400e-05,-2.993300e+03
-4.496300e-05,-2.443800e+03
-5.138800e-05,-2793
-5.480500e-05,-2.978700e+03
-5.682600e-05,-3.088500e+03
-4.082800e-05,-2219
-5.539900e-05,-3011
-5.485800e-05,-2.981600e+03
-4.638200e-05,-2.520900e+03
-5.371300e-05,-2.919400e+03
-5.441900e-05,-2.957700e+03
-4.762200e-05,-2.588300e+03
-6.294300e-05,-3421
-5.710100e-05,-3.103500e+03
-4.576100e-05,-2.487200e+03
-5.188300e-05,-2.819900e+03
-5.046100e-05,-2.742600e+03
-5.500600e-05,-2.989600e+03
-5.644400e-05,-3.067800e+03
-5.529500e-05,-3.005300e+03
-5.422000e-05,-2.946900e+03
-4.919000e-05,-2.673500e+03
-5.776000e-05,-3.139300e+03
-4.235500e-05,-2302
-6.490300e-05,-3.527500e+03
-5.436100e-05,-2.954600e+03
-6.262300e-05,-3.403600e+03
-7.629100e-05,-4.146500e+03
-6.084300e-05,-3.306900e+03
-5.695500e-05,-3.095600e+03
-4.809200e-05,-2.613800e+03
-5.941500e-05,-3.229300e+03
-6.098100e-05,-3.314400e+03
-6.014100e-05,-3.268700e+03
-6.008700e-05,-3.265800e+03
-6.979100e-05,-3.793200e+03
-6.380700e-05,-3468
-5.256900e-05,-2.857200e+03
-6.748900e-05,-3.668100e+03
-6.997000e-05,-3.802900e+03
-5.947000e-05,-3.232200e+03
-6.872100e-05,-3735
-5.791800e-05,-3.147900e+03
-5.145300e-05,-2.796500e+03
-5.900300e-05,-3.206900e+03
-5.089200e-05,-2766
-6.678700e-05,-3.629900e+03
-7.131000e-05,-3.875800e+03
-5.825200e-05,-3166
-4.458700e-05,-2.423300e+03
-6.159100e-05,-3.347500e+03
-6.897600e-05,-3.748900e+03
-6.533100e-05,-3.550800e+03
-8.134400e-05,-4.421100e+03
-6.386800e-05,-3.471300e+03
-7.565700e-05,-4112
-5.325000e-05,-2.894200e+03
-6.224500e-05,-3.383100e+03
-5.969400e-05,-3.244400e+03
-7.648200e-05,-4.156900e+03
-6.669700e-05,-3625
-7.885400e-05,-4.285800e+03
-7.186400e-05,-3.905900e+03
-5.532800e-05,-3.007100e+03
-5.572700e-05,-3.028800e+03
-7.093900e-05,-3.855600e+03
-6.732600e-05,-3.659200e+03
-6.743800e-05,-3.665300e+03
-6.924900e-05,-3.763700e+03
-5.471800e-05,-2974
-6.173700e-05,-3.355500e+03
-6.239300e-05,-3.391100e+03
-7.176300e-05,-3.900400e+03
-6.965600e-05,-3.785900e+03
-6.091100e-05,-3.310600e+03
-5.961100e-05,-3.239900e+03
-7.084500e-05,-3.850500e+03
-7.754100e-05,-4.214400e+03
-6.633200e-05,-3.605200e+03
-7.606800e-05,-4.134400e+03
-7.053700e-05,-3.833700e+03
-7.349100e-05,-3.994300e+03
-6.895700e-05,-3.747900e+03
-7.127100e-05,-3.873600e+03
-7.209900e-05,-3.918600e+03
-6.236400e-05,-3.389500e+03
-5.366600e-05,-2.916800e+03
-6.610600e-05,-3.592900e+03
-5.365600e-05,-2.916300e+03
-7.582600e-05,-4.121200e+03
-5.949600e-05,-3.233700e+03
-6.335800e-05,-3.443600e+03
-4.909200e-05,-2.668200e+03
-5.496300e-05,-2.987300e+03
-6.209200e-05,-3.374800e+03
-5.414700e-05,-2.942900e+03
-4.381600e-05,-2.381400e+03
-5.795000e-05,-3.149600e+03
-6.962800e-05,-3.784300e+03
-7.273100e-05,-3953
-6.557300e-05,-3564
-6.580400e-05,-3.576500e+03
-7.357300e-05,-3.998800e+03
-6.098700e-05,-3.314700e+03
-5.803500e-05,-3.154300e+03
-6.475000e-05,-3.519200e+03
-6.258600e-05,-3.401600e+03
-5.024400e-05,-2.730800e+03
-5.180500e-05,-2.815600e+03
-5.931900e-05,-3224
-5.681100e-05,-3.087700e+03
-5.355200e-05,-2.910600e+03
-5.364500e-05,-2.915700e+03
-6.297500e-05,-3.422700e+03
-6.842900e-05,-3.719200e+03
-5.834700e-05,-3.171200e+03
-6.117800e-05,-3.325100e+03
-5.883300e-05,-3.197600e+03
-6.132100e-05,-3.332900e+03
-6.627600e-05,-3.602200e+03
-5.526000e-05,-3.003400e+03
-6.645300e-05,-3.611800e+03
-6.877700e-05,-3.738100e+03
-6.293500e-05,-3.420600e+03
-5.380900e-05,-2.924600e+03
-6.405800e-05,-3.481600e+03
-7.115100e-05,-3.867100e+03
-6.484200e-05,-3.524200e+03
-5.654900e-05,-3.073500e+03
-6.920700e-05,-3.761500e+03
-6.856400e-05,-3.726500e+03
-5.473000e-05,-2.974600e+03
-6.152700e-05,-3344
-5.180300e-05,-2.815500e+03
-6.218300e-05,-3.379700e+03
-7.536000e-05,-4.095900e+03
-6.828000e-05,-3.711100e+03
-5.608600e-05,-3.048300e+03
-5.764700e-05,-3.133200e+03
-6.535400e-05,-3552
-6.714400e-05,-3.649300e+03
-5.418500e-05,-2945
-6.994800e-05,-3.801700e+03
-6.465000e-05,-3.513800e+03
-5.105400e-05,-2.774800e+03
-4.401800e-05,-2.392400e+03
-7.151100e-05,-3.886700e+03
-6.205400e-05,-3.372700e+03
-4.705100e-05,-2.557300e+03
-5.912800e-05,-3.213700e+03
-6.404700e-05,-3481
-6.256400e-05,-3.400400e+03
-7.187500e-05,-3.906500e+03
-6.448900e-05,-3505
-6.123600e-05,-3.328200e+03
-6.722300e-05,-3.653600e+03
-6.522600e-05,-3.545100e+03
-6.345900e-05,-3.449100e+03
-6.363700e-05,-3.458700e+03
-5.962600e-05,-3.240700e+03
-5.380900e-05,-2.924600e+03
-6.476200e-05,-3.519900e+03
-5.641700e-05,-3.066300e+03
-5.137500e-05,-2.792300e+03
-7.269700e-05,-3.951100e+03
-7.009400e-05,-3.809700e+03
-7.135500e-05,-3.878200e+03
-7.765400e-05,-4.220600e+03
-7.236200e-05,-3.932900e+03
-6.268300e-05,-3.406900e+03
-6.635100e-05,-3.606200e+03
-5.596400e-05,-3.041700e+03
-8.215400e-05,-4.465100e+03
-6.893800e-05,-3.746800e+03
-5.430900e-05,-2.951700e+03
-7.307400e-05,-3.971600e+03
-6.555100e-05,-3.562800e+03
-6.841400e-05,-3.718400e+03
-6.585300e-05,-3.579200e+03
-6.222300e-05,-3.381900e+03
-5.880300e-05,-3196
-5.608300e-05,-3.048200e+03
-6.492700e-05,-3.528800e+03
-6.834800e-05,-3.714800e+03
-6.123200e-05,-3328
-5.533000e-05,-3.007200e+03
-6.646900e-05,-3.612700e+03
-5.824200e-05,-3.165500e+03
-5.779600e-05,-3.141300e+03
-4.787200e-05,-2.601900e+03
-4.565100e-05,-2.481200e+03
-5.340500e-05,-2.902600e+03
-5.938500e-05,-3.227600e+03
-6.424100e-05,-3.491600e+03
-6.649500e-05,-3.614100e+03
-5.181400e-05,-2.816100e+03
-7.187100e-05,-3.906300e+03
-6.862200e-05,-3.729700e+03
-6.395800e-05,-3.476200e+03
-5.921900e-05,-3.218600e+03
-6.706000e-05,-3.644800e+03
-6.535400e-05,-3552
-5.942800e-05,-3230
-6.800200e-05,-3696
-1.109900e-04,-6.032400e+03
-1.188200e-04,-6458
-1.669000e-04,-9.071200e+03
-1.954900e-04,-10625
-2.355700e-04,-12803
-2.658900e-04,-14451
-2.662200e-04,-14469
-3.314400e-04,-18014
-3.720400e-04,-20221
-4.157500e-04,-22596
-4.500400e-04,-24460
-4.837700e-04,-26293
-5.309100e-04,-28855
-5.499100e-04,-29888
-6.842500e-04,-37190
-6.890600e-04,-37451
-7.581300e-04,-41205
-7.915400e-04,-43021
-8.636000e-04,-46937
-8.797200e-04,-49251
-9.989400e-04,-53054
-1.001500e-03,-53390
-1.049000e-03,-57014
-1.103100e-03,-59049
-1.155200e-03,-60386
-1.227700e-03,-6.549300e+04
-1.246300e-03,-65583
-1.282900e-03,-67220
-1.349300e-03,-70682
-1.358400e-03,-71951
-1.430600e-03,-75091
-1.511800e-03,-78070
-1.542500e-03,-79771
-1.563100e-03,-81132
-1.657000e-03,-85257
-1.669100e-03,-86465
-1.725700e-03,-90044
-1.769800e-03,-91519
-1.811600e-03,-94148
-1.867700e-03,-96324
-1.923600e-03,-100310
-1.969500e-03,-101590
-2.008400e-03,-103890
-2.092200e-03,-108080
-2.128000e-03,-109580
-2.167500e-03,-111350
-2.247400e-03,-114860
-2.273100e-03,-116470
-2.321400e-03,-120720
-2.391600e-03,-122280
-2.407500e-03,-123460
-2.452500e-03,-1.282000e+05
-2.521500e-03,-128410
-2.541300e-03,-131210
-2.633000e-03,-135640
-2.664800e-03,-137750
-2.705900e-03,-138610
-2.745500e-03,-142760
-2.805300e-03,-144410
-2.867000e-03,-145150
-2.927900e-03,-151100
-2.975000e-03,-150900
-2.991000e-03,-153590
-3.092100e-03,-157570
-3.115100e-03,-159250
-3.194200e-03,-161630
-3.220100e-03,-165280
-3.310100e-03,-166460
-3.309200e-03,-169600
-3.411900e-03,-172060
-3.430800e-03,-174660
-3.459500e-03,-176550
-3.551300e-03,-180490
-3.572600e-03,-180650
-3.632000e-03,-185810
-3.678300e-03,-186150
-3.730300e-03,-188530
-3.786800e-03,-193790
-3.859700e-03,-195540
-3.868000e-03,-195860
-3.947600e-03,-200280
-3.992300e-03,-201580
-4.013700e-03,-203690
-4.094900e-03,-207550
-4.144000e-03,-209010
-4.186000e-03,-210760
-4.227600e-03,-214170
-4.276600e-03,-216180
-4.304300e-03,-217660
-4.379500e-03,-221700
-4.434900e-03,-222340
-4.447100e-03,-224380
-4.530700e-03,-228990
-4.553400e-03,-230280
-4.608300e-03,-232220
-4.661600e-03,-235860
-4.699200e-03,-237230
-4.764000e-03,-239640
-4.828500e-03,-243040
-4.866000e-03,-244330
-4.889400e-03,-247280
-4.980500e-03,-249930
-5.009000e-03,-251590
-5.064500e-03,-254860
-5.107200e-03,-256800
-5.153000e-03,-2.595300e+05
-5.214500e-03,-262440
-5.286400e-03,-265450
-5.319700e-03,-266420
-5.393900e-03,-270910
-5.429600e-03,-271290
-5.454400e-03,-272390
-5.520200e-03,-277590
-5.564600e-03,-279280
-5.602000e-03,-280490
-5.663200e-03,-284670
-5.721500e-03,-285850
-5.752700e-03,-287960
-5.828100e-03,-291470
-5.878300e-03,-292910
-5.895800e-03,-295120
-5.993800e-03,-297580
-6.007500e-03,-299150
-6.081400e-03,-302390
-6.125800e-03,-304800
-6.174200e-03,-305440
-6.212500e-03,-308470
-6.247800e-03,-310580
-6.313400e-03,-313340
-6.383100e-03,-316870
-6.446500e-03,-318730
-6.460000e-03,-319790
-6.559300e-03,-324190
-6.564600e-03,-324270
-6.624100e-03,-326210
-6.688100e-03,-330140
-6.763800e-03,-331840
-6.786600e-03,-332870
-6.850800e-03,-337540
-6.912500e-03,-337840
-6.933500e-03,-339630
-7.007700e-03,-342170
-7.035100e-03,-343480
-7.076000e-03,-344430
-7.150300e-03,-347840
-7.176000e-03,-349070
-7.237200e-03,-351210
-7.310300e-03,-355430
-7.351500e-03,-356410
-7.375700e-03,-356090
-7.472200e-03,-361000
-7.493000e-03,-361390
-7.527000e-03,-363020
-7.605400e-03,-365580
-7.645100e-03,-365950
-7.707200e-03,-369620
-7.768500e-03,-369720
-7.795800e-03,-372370
-7.865600e-03,-374430
-7.933800e-03,-377220
-7.983900e-03,-377000
-8.018700e-03,-379290
-8.073200e-03,-380420
-8.087700e-03,-381310
-8.207000e-03,-385580
-8.241700e-03,-386380
-8.276000e-03,-386130
-8.347600e-03,-388880
-8.385700e-03,-389410
-8.433700e-03,-390580
-8.518300e-03,-393850
-8.588100e-03,-394890
-8.607600e-03,-394150
-8.671600e-03,-397550
-8.715900e-03,-397800
-8.749900e-03,-398460
-8.836900e-03,-400010
-8.890700e-03,-399090
-8.926400e-03,-402450
-8.992500e-03,-402830
-9.034100e-03,-403960
-9.083700e-03,-405080
-9.173000e-03,-407330
-9.233800e-03,-406150
-9.273700e-03,-408230
-9.324000e-03,-408580
-9.374400e-03,-409030
-9.445600e-03,-411530
-9.488800e-03,-411820
-9.516200e-03,-411580
-9.590900e-03,-414670
-9.650400e-03,-413730
-9.686400e-03,-414840
-9.770600e-03,-417140
-9.830000e-03,-417320
-9.854000e-03,-417170
-9.942700e-03,-419740
-9.962200e-03,-418180
-1.000600e-02,-419920
-1.007300e-02,-422510
-1.014900e-02,-422890
-1.013200e-02,-421830
-1.025200e-02,-424500
-1.025800e-02,-424210
-1.033700e-02,-426450
-1.044300e-02,-428850
-1.047600e-02,-427990
-1.049500e-02,-427790
-1.058900e-02,-429380
-1.062000e-02,-430570
-1.068700e-02,-430380
-1.073000e-02,-431890
-1.077700e-02,-430420
-1.085100e-02,-434010
-1.088400e-02,-432280
-1.093500e-02,-433400
-1.102000e-02,-437050
-1.106900e-02,-436840
-1.110000e-02,-435040
-1.115300e-02,-438150
-1.120400e-02,-436870
-1.126900e-02,-438440
-1.134500e-02,-440610
-1.138900e-02,-441030
-1.142200e-02,-439290
-1.149800e-02,-442210
-1.152800e-02,-441600
-1.157300e-02,-441650
-1.165400e-02,-444880
-1.173000e-02,-444080
-1.175800e-02,-443830
-1.183100e-02,-445260
-1.186700e-02,-446380
-1.191600e-02,-447450
-1.197900e-02,-446890
-1.200500e-02,-446560
-1.210100e-02,-448980
-1.210900e-02,-447710
-1.218200e-02,-448550
-1.224100e-02,-451480
-1.231300e-02,-451080
-1.235100e-02,-450010
-1.242600e-02,-452400
-1.244400e-02,-451170
-1.252100e-02,-452630
-1.257500e-02,-454260
-1.264500e-02,-454500
-1.265800e-02,-453400
-1.274900e-02,-455630
-1.279700e-02,-456180
-1.281000e-02,-456320
-1.287700e-02,-457080
-1.292700e-02,-457650
-1.297900e-02,-458230
-1.304100e-02,-458940
-1.312500e-02,-459880
-1.317200e-02,-460420
-1.319000e-02,-460620
-1.319500e-02,-460680
-1.319900e-02,-460720
-1.320400e-02,-460780
-1.319600e-02,-460690
-1.321800e-02,-460940
-1.319700e-02,-460700
-1.320500e-02,-460790
-1.321100e-02,-460860
-1.322100e-02,-460970
-1.322300e-02,-460990
-1.321700e-02,-460930
-1.321500e-02,-460900
-1.321400e-02,-460890
-1.320100e-02,-460740
-1.320500e-02,-460790
-1.320000e-02,-460730
-1.320800e-02,-460820
-1.322000e-02,-460960
-1.321200e-02,-460870
-1.320800e-02,-460820
-1.321000e-02,-460850
-1.321900e-02,-460950
-1.320500e-02,-460790
-1.321500e-02,-460900
-1.319800e-02,-460710
-1.321900e-02,-460950
-1.322000e-02,-460960
-1.320700e-02,-460810
-1.321700e-02,-460930
-1.321600e-02,-460910
-1.320200e-02,-460760
-1.321800e-02,-460940
-1.321500e-02,-460900
-1.321100e-02,-460860
-1.321000e-02,-460850
-1.322000e-02,-460960
-1.322400e-02,-461000
-1.317500e-02,-457060
-1.316100e-02,-456210
-1.312600e-02,-454090
-1.307200e-02,-450830
-1.306200e-02,-450220
-1.302800e-02,-448170
-1.298400e-02,-445510
-1.296000e-02,-444060
-1.291700e-02,-441460
-1.286300e-02,-438190
-1.281800e-02,-435470
-1.281200e-02,-435110
-1.275900e-02,-431900
-1.272000e-02,-429540
-1.269400e-02,-427970
-1.263900e-02,-424640
-1.260800e-02,-422770
-1.258900e-02,-421620
-1.251300e-02,-417030
-1.248300e-02,-415210
-1.241300e-02,-410980
-1.239600e-02,-409950
-1.233800e-02,-406440
-1.229400e-02,-403780
-1.224600e-02,-400880
-1.219100e-02,-397550
-1.214400e-02,-394710
-1.207500e-02,-390540
-1.207200e-02,-390360
-1.198400e-02,-385040
-1.196300e-02,-383770
-1.192000e-02,-381160
-1.186000e-02,-377540
-1.180800e-02,-374390
-1.176100e-02,-371550
-1.169800e-02,-367740
-1.164600e-02,-364600
-1.163100e-02,-363690
-1.155300e-02,-358970
-1.151300e-02,-356550
-1.149500e-02,-353700
-1.140700e-02,-350470
-1.138400e-02,-348890
-1.131000e-02,-344080
-1.127200e-02,-342290
-1.125100e-02,-341140
-1.118500e-02,-336400
-1.114500e-02,-335010
-1.109400e-02,-332450
-1.102200e-02,-327950
-1.096700e-02,-325470
-1.095100e-02,-325130
-1.087900e-02,-319480
-1.084200e-02,-319070
-1.079300e-02,-316030
-1.071500e-02,-311930
-1.067600e-02,-310190
-1.064300e-02,-309270
-1.058300e-02,-304540
-1.055700e-02,-303950
-1.052500e-02,-301490
-1.044200e-02,-296840
-1.039800e-02,-295160
-1.036900e-02,-293790
-1.028900e-02,-288650
-1.025800e-02,-287640
-1.022300e-02,-285070
-1.015700e-02,-281920
-1.010700e-02,-279880
-1.006700e-02,-277130
-9.992500e-03,-275000
-9.951500e-03,-272570
-9.905400e-03,-268630
-9.841900e-03,-266010
-9.820000e-03,-264560
-9.789200e-03,-262380
-9.715400e-03,-2.591600e+05
-9.675500e-03,-257490
-9.623700e-03,-253420
-9.568600e-03,-250580
-9.540800e-03,-250170
-9.461200e-03,-244840
-9.432100e-03,-244300
-9.382200e-03,-241160
-9.307100e-03,-236610
-9.265100e-03,-234690
-9.229200e-03,-233780
-9.164600e-03,-228660
-9.117700e-03,-227350
-9.077400e-03,-226130
-8.984200e-03,-220360
-8.946900e-03,-220410
-8.919200e-03,-217240
-8.864700e-03,-215390
-8.820500e-03,-212140
-8.767000e-03,-208660
-8.720500e-03,-205960
-8.644000e-03,-204710
-8.622100e-03,-201580
-8.554000e-03,-199410
-8.513200e-03,-196520
-8.428400e-03,-192150
-8.400800e-03,-190340
-8.385400e-03,-190220
-8.317900e-03,-183970
-8.297700e-03,-184390
-8.241400e-03,-181040
-8.166500e-03,-176790
-8.122100e-03,-174910
-8.107500e-03,-173860
-8.020300e-03,-169360
-8.000700e-03,-169350
-7.949000e-03,-166380
-7.902500e-03,-163120
-7.827200e-03,-159660
-7.818300e-03,-159600
-7.719300e-03,-154280
-7.700400e-03,-153890
-7.647400e-03,-150980
-7.584800e-03,-147170
-7.523300e-03,-144990
-7.492800e-03,-143110
-7.427300e-03,-138640
-7.385800e-03,-137250
-7.361000e-03,-134980
-7.270600e-03,-1.310400e+05
-7.249300e-03,-129690
-7.188700e-03,-126430
-7.140000e-03,-124420
-7.112600e-03,-122510
-7.049800e-03,-119090
-6.985400e-03,-115720
-6.936600e-03,-113990
-6.917700e-03,-110910
-6.820300e-03,-108910
-6.793300e-03,-106280
-6.727700e-03,-102430
-6.673900e-03,-100400
-6.674300e-03,-99374
-6.558900e-03,-94481
-6.548600e-03,-93459
-6.526700e-03,-91526
-6.463600e-03,-87227
-6.391900e-03,-86219
-6.355300e-03,-84196
-6.297600e-03,-79962
-6.252000e-03,-78224
-6.203600e-03,-75529
-6.130200e-03,-72545
-6.102900e-03,-70842
-6.050700e-03,-67610
-5.989500e-03,-66401
-5.939800e-03,-61949
-5.898800e-03,-59900
-5.841000e-03,-57019
-5.796600e-03,-55159
-5.746100e-03,-52530
-5.704500e-03,-50886
-5.641900e-03,-48340
-5.584100e-03,-45423
-5.572300e-03,-43963
-5.560000e-03,-43375
-5.476100e-03,-39142
-5.475500e-03,-39452
-5.413600e-03,-36149
-5.348600e-03,-31024
-5.309100e-03,-30344
-5.265500e-03,-28750
-5.234000e-03,-24497
-5.170400e-03,-23872
-5.134300e-03,-21528
-5.078500e-03,-16587
-5.020500e-03,-15466
-4.995800e-03,-14027
-4.899200e-03,-9.949600e+03
-4.889300e-03,-8.591600e+03
-4.848200e-03,-6492
-4.768700e-03,-2.146700e+03
-4.725200e-03,-1.483100e+03
-4.667100e-03,1.493700e+03
-4.610000e-03,4.956800e+03
-4.571800e-03,6.690600e+03
-4.543400e-03,10868
-4.464900e-03,12354
-4.421100e-03,14090
-4.365200e-03,18747
-4.311700e-03,18692
-4.274400e-03,21803
-4.204500e-03,26988
-4.149000e-03,28686
-4.127500e-03,28805
-4.057300e-03,34562
-3.991900e-03,35436
-3.950800e-03,37393
-3.884600e-03,42025
-3.847100e-03,43948
-3.817800e-03,44949
-3.749700e-03,49922
-3.705600e-03,50896
-3.668200e-03,53541
-3.589900e-03,57591
-3.548400e-03,58955
-3.520000e-03,60523
-3.421200e-03,6.497400e+04
-3.397000e-03,65944
-3.350500e-03,68256
-3.270600e-03,71924
-3.252700e-03,73677
-3.168600e-03,78343
-3.148900e-03,78595
-3.111600e-03,81030
-3.005800e-03,85838
-2.968300e-03,87313
-2.931800e-03,89338
-2.872500e-03,93395
-2.825100e-03,94166
-2.777200e-03,95167
-2.736200e-03,98540
-2.648700e-03,101810
-2.623600e-03,102460
-2.558900e-03,108290
-2.540900e-03,106900
-2.521700e-03,109280
-2.426800e-03,114710
-2.398300e-03,116960
-2.349600e-03,117120
-2.294300e-03,121850
-2.259300e-03,121500
-2.210400e-03,122560
-2.140700e-03,127990
-2.100200e-03,128680
-2.075400e-03,130160
-1.992700e-03,133670
-1.963000e-03,135950
-1.926300e-03,139430
-1.844900e-03,140940
-1.797900e-03,142900
-1.729900e-03,146620
-1.666500e-03,149930
-1.605700e-03,151610
-1.528900e-03,157120
-1.495800e-03,158140
-1.457400e-03,158720
-1.376800e-03,165200
-1.353600e-03,164220
-1.295900e-03,166150
-1.223200e-03,172330
-1.165500e-03,173580
-1.161200e-03,173190
-1.087400e-03,177200
-1.058400e-03,177700
-1.038100e-03,179420
-9.626100e-04,182030
-9.204200e-04,183510
-9.088800e-04,185600
-8.161400e-04,188430
-8.137200e-04,190140
-7.750100e-04,193560
-6.950400e-04,195070
-6.650300e-04,196660
-5.985800e-04,200850
-5.498500e-04,202340
-4.766900e-04,205300
-4.367800e-04,208310
-3.499300e-04,213480
-2.953300e-04,214250
-1.982300e-04,221040
-1.443700e-04,220540
-1.224000e-04,222510
5.355300e-06,229090
-1.148400e-05,227850
4.863400e-05,229420
9.327000e-05,233140
1.374100e-04,233710
1.737400e-04,235230
2.113800e-04,238260
2.299700e-04,238700
2.701400e-04,239310
3.269500e-04,241760
3.396000e-04,242660
3.540600e-04,243570
4.319300e-04,247530
4.528600e-04,247990
4.854600e-04,248890
5.730500e-04,252720
5.932100e-04,254700
6.623000e-04,2.569100e+05
7.200900e-04,2.599700e+05
7.917000e-04,262760
8.297700e-04,266320
9.294100e-04,270840
9.986200e-04,272410
1.044900e-03,275430
1.142900e-03,278860
1.175300e-03,279520
1.270400e-03,284500
1.322700e-03,285550
1.388900e-03,289070
1.436100e-03,291890
1.484600e-03,293400
1.497700e-03,293350
1.591100e-03,296170
1.613100e-03,296110
1.620100e-03,297310
1.694200e-03,301220
1.716700e-03,302000
1.743700e-03,302480
1.800200e-03,305920
1.826300e-03,306620
1.843300e-03,307650
1.929400e-03,310640
1.965600e-03,312060
2.010200e-03,315600
2.079400e-03,316500
2.126500e-03,320010
2.182800e-03,322510
2.272800e-03,324990
2.319000e-03,325770
2.377800e-03,330000
2.437300e-03,331310
2.478200e-03,332940
2.603200e-03,339310
2.651000e-03,340230
2.664000e-03,338920
2.716700e-03,343710
2.760800e-03,345100
2.816100e-03,346330
2.883700e-03,350420
2.943600e-03,350530
2.956800e-03,350910
2.993800e-03,354710
3.039000e-03,354930
3.081100e-03,356880
3.165100e-03,360600
3.200500e-03,360840
3.216700e-03,361010
3.274800e-03,364060
3.307600e-03,364000
3.364200e-03,365850
3.467800e-03,371140
3.514800e-03,372000
3.525400e-03,372730
3.628200e-03,376580
3.665000e-03,378400
3.717500e-03,380790
3.801100e-03,383130
3.843100e-03,384130
3.910000e-03,388470
3.972700e-03,388630
4.010600e-03,390410
4.088200e-03,395230
4.139900e-03,395570
4.199400e-03,396410
4.240500e-03,399750
4.301100e-03,399740
4.325500e-03,401500
4.407400e-03,405980
4.463200e-03,407430
4.486000e-03,407370
4.553000e-03,409510
4.601300e-03,410140
4.650700e-03,411400
4.701000e-03,415260
4.754200e-03,417050
4.760200e-03,416620
4.860900e-03,419770
4.892700e-03,420990
4.924800e-03,422450
5.002800e-03,424140
5.030500e-03,424550
5.103200e-03,428900
5.152900e-03,428350
5.204900e-03,429930
5.256900e-03,434850
5.332500e-03,434440
5.403500e-03,435260
5.409100e-03,436510
5.504900e-03,439010
5.529100e-03,441530
5.607000e-03,443450
5.636800e-03,443080
5.687200e-03,443590
5.745500e-03,449240
5.797300e-03,447310
5.855600e-03,449660
5.900700e-03,452480
5.948000e-03,451690
5.983300e-03,452430
6.060400e-03,456840
6.087200e-03,454850
6.137700e-03,456150
6.198300e-03,460480
6.262300e-03,461620
6.299700e-03,460080
6.367800e-03,462930
6.384600e-03,463410
6.408900e-03,464210
6.530200e-03,466880
6.562700e-03,467800
6.597700e-03,468450
6.645700e-03,470680
6.740300e-03,473050
6.763500e-03,474060
6.847600e-03,474590
6.884600e-03,475270
6.986600e-03,479850
7.005200e-03,478740
7.082000e-03,480190
7.131200e-03,482790
7.233200e-03,483880
7.227400e-03,482580
7.306500e-03,486880
7.327300e-03,485350
7.410200e-03,487150
7.448500e-03,488840
7.527400e-03,489060
7.544200e-03,489210
7.596600e-03,490710
7.651500e-03,491190
7.669100e-03,491840
7.769700e-03,493930
7.782300e-03,493650
7.807500e-03,494230
7.898700e-03,495340
7.964900e-03,496740
8.001300e-03,498810
8.075700e-03,497890
8.112800e-03,497750
8.212000e-03,502320
8.245200e-03,499710
8.297400e-03,501820
8.330100e-03,501520
8.446800e-03,504670
8.450300e-03,503050
8.534500e-03,504860
8.607600e-03,504740
8.656300e-03,504890
8.727300e-03,508150
8.757700e-03,505490
8.808700e-03,505460
8.875500e-03,508150
8.899400e-03,505900
8.969900e-03,507370
9.057000e-03,509670
9.092600e-03,509830
9.109100e-03,506980
9.196700e-03,511860
9.219700e-03,508710
9.270400e-03,509130
9.365700e-03,5.128300e+05
9.413000e-03,5.129400e+05
9.431300e-03,5.126600e+05
9.518000e-03,5.132900e+05
9.573700e-03,5.145900e+05
9.617000e-03,5.146600e+05
9.714600e-03,5.160800e+05
9.766000e-03,515750
9.802600e-03,5.154100e+05
9.907000e-03,517400
9.955500e-03,5.169100e+05
9.979900e-03,517030
1.006300e-02,5.165900e+05
1.010000e-02,515980
1.018700e-02,518750
1.022300e-02,515620
1.028900e-02,515240
1.038600e-02,517600
1.041900e-02,5.154300e+05
1.043200e-02,511660
1.051600e-02,5.158400e+05
1.055400e-02,512480
1.062800e-02,512370
1.071600e-02,515280
1.074000e-02,515220
1.076800e-02,514850
1.084400e-02,515720
1.089000e-02,5.163100e+05
1.096000e-02,5.161700e+05
1.104800e-02,518280
1.108200e-02,517740
1.110400e-02,5.159300e+05
1.119300e-02,5.181900e+05
1.122700e-02,517490
1.127700e-02,5.170800e+05
1.135700e-02,520360
1.139700e-02,518730
1.144900e-02,5.193100e+05
1.151000e-02,518970
1.155800e-02,5.194100e+05
1.163300e-02,521370
1.167600e-02,5.205400e+05
1.172500e-02,5.196700e+05
1.177400e-02,520120
1.185600e-02,520140
1.189000e-02,520530
1.196600e-02,521230
1.202700e-02,521740
1.205500e-02,519360
1.213700e-02,522270
1.216000e-02,519890
1.221400e-02,5.200400e+05
1.229600e-02,5.231600e+05
1.235000e-02,521760
1.237900e-02,519750
1.246800e-02,5.233400e+05
1.249500e-02,520640
1.252900e-02,5.201600e+05
1.267500e-02,524420
1.268900e-02,524500
1.271400e-02,524630
1.280400e-02,525120
1.282800e-02,525250
1.289500e-02,525610
1.295100e-02,525910
1.300600e-02,526210
1.303300e-02,526360
1.304800e-02,526440
1.304700e-02,526430
1.305400e-02,526470
1.304500e-02,526420
1.307000e-02,526560
1.306700e-02,526540
1.307100e-02,526560
1.307500e-02,526580
1.307800e-02,526600
1.308300e-02,526630
1.306900e-02,526550
1.307200e-02,526570
1.307600e-02,526590
1.308300e-02,526630
1.309100e-02,526670
1.307900e-02,526600
1.308600e-02,526640
1.309600e-02,526700
1.309400e-02,526690
1.308400e-02,526630
1.309200e-02,526670
1.309500e-02,526690
1.308700e-02,526650
1.310100e-02,526720
1.308400e-02,526630
1.309700e-02,526700
1.307900e-02,526600
1.310100e-02,526720
1.309000e-02,526660
1.309900e-02,526710
1.310800e-02,526760
1.309600e-02,526700
1.311000e-02,526770
1.309300e-02,526680
1.309500e-02,526690
1.310600e-02,526750
1.310000e-02,526720
1.310700e-02,526760
1.309800e-02,526710
1.310600e-02,526750
1.309700e-02,526700
1.309600e-02,526700
1.310300e-02,526730
1.308900e-02,526660
1.309100e-02,526670
1.309300e-02,526680
1.310800e-02,526760
1.309700e-02,526700
1.309800e-02,526710
1.309000e-02,526660
1.309300e-02,526680
1.310000e-02,526720
1.312400e-02,526850
1.311200e-02,526230
1.309900e-02,525570
1.310800e-02,526030
1.309700e-02,525460
1.310600e-02,525920
1.310400e-02,525820
1.309700e-02,525460
1.310400e-02,525820
1.308900e-02,525050
1.311500e-02,526390
1.309900e-02,525570
1.309600e-02,525410
1.309600e-02,525410
1.310100e-02,525670
1.309400e-02,525310
1.310600e-02,525920
1.309500e-02,525360
1.309500e-02,525360
1.306600e-02,523880
1.303600e-02,5.223400e+05
1.302400e-02,521720
1.298400e-02,5.196700e+05
1.296800e-02,518850
1.292700e-02,516750
1.287800e-02,514240
1.284300e-02,5.124500e+05
1.283800e-02,5.121900e+05
1.278600e-02,509530
1.275200e-02,507790
1.269300e-02,504760
1.262800e-02,501430
1.263300e-02,501690
1.259600e-02,499790
1.254000e-02,496920
1.253200e-02,496510
1.245600e-02,492620
1.240700e-02,490110
1.236500e-02,487960
1.232400e-02,485860
1.227900e-02,483550
1.224600e-02,481860
1.218400e-02,478680
1.213700e-02,476280
1.211000e-02,474890
1.205100e-02,471870
1.202900e-02,470740
1.195800e-02,467100
1.192800e-02,465570
1.187500e-02,462850
1.181600e-02,459830
1.181000e-02,459520
1.175300e-02,456600
1.172000e-02,454910
1.162000e-02,449790
1.160300e-02,448910
1.158500e-02,447990
1.149800e-02,443530
1.147200e-02,442200
1.142600e-02,439850
1.137000e-02,436980
1.134100e-02,436700
1.127900e-02,432190
1.124000e-02,430220
1.119700e-02,427000
1.112300e-02,424750
1.105100e-02,421200
1.105200e-02,420890
1.099300e-02,416780
1.095600e-02,415390
1.091600e-02,412120
1.082800e-02,406750
1.079500e-02,405250
1.075400e-02,403940
1.067700e-02,397790
1.065000e-02,397040
1.059200e-02,394280
1.050300e-02,389350
1.048000e-02,387080
1.043900e-02,385860
1.036300e-02,381020
1.032200e-02,379840
1.030200e-02,377530
1.020900e-02,374550
1.019200e-02,373560
1.015100e-02,369530
1.008500e-02,368070
1.004700e-02,365150
1.001700e-02,362770
9.962200e-03,359250
9.919200e-03,358760
9.845900e-03,354820
9.831700e-03,353940
9.777300e-03,350210
9.722400e-03,347460
9.652000e-03,344190
9.629500e-03,343350
9.542300e-03,338270
9.516600e-03,338080
9.480100e-03,335250
9.382800e-03,330160
9.301100e-03,327050
9.295600e-03,327890
9.264500e-03,323560
9.194600e-03,322620
9.135800e-03,318050
9.064500e-03,314370
9.013200e-03,311430
8.987600e-03,310940
8.930400e-03,306370
8.887700e-03,305190
8.842200e-03,303240
8.763900e-03,298670
8.730400e-03,297850
8.719400e-03,295790
8.676400e-03,292740
8.629600e-03,291010
8.581800e-03,288990
8.526800e-03,285710
8.503700e-03,284020
8.444400e-03,280410
8.387500e-03,279220
8.348500e-03,276390
8.299900e-03,272140
8.191200e-03,269300
8.180700e-03,268180
8.118600e-03,264120
8.089600e-03,262070
8.006200e-03,2.589600e+05
7.938200e-03,254360
7.889500e-03,251690
7.873500e-03,250880
7.780300e-03,246170
7.784600e-03,244840
7.702100e-03,243520
7.639600e-03,238200
7.589800e-03,237030
7.580200e-03,235560
7.502600e-03,232240
7.466300e-03,229530
7.440100e-03,227260
7.363600e-03,225820
7.343700e-03,224120
7.286700e-03,219970
7.228600e-03,219340
7.217900e-03,216100
7.125900e-03,212080
7.084800e-03,209690
7.067500e-03,209800
7.011200e-03,205680
6.948100e-03,203350
6.903700e-03,200960
6.840500e-03,197110
6.793100e-03,194410
6.771600e-03,193550
6.699200e-03,189600
6.674500e-03,189100
6.622100e-03,185370
6.581100e-03,182960
6.486000e-03,178430
6.462300e-03,178730
6.395500e-03,174100
6.341500e-03,172520
6.310900e-03,169520
6.246800e-03,165290
6.186300e-03,163690
6.143800e-03,162510
6.084400e-03,159500
6.047700e-03,157300
6.002600e-03,154910
5.931200e-03,151660
5.909900e-03,150040
5.899400e-03,149630
5.812100e-03,145350
5.772300e-03,144010
5.747100e-03,140470
5.668300e-03,137670
5.637000e-03,136140
5.551200e-03,131330
5.509500e-03,130680
5.488100e-03,127670
5.416300e-03,124280
5.327400e-03,120390
5.301700e-03,119060
5.249800e-03,115370
5.164300e-03,112500
5.143500e-03,110840
5.053300e-03,106280
5.000600e-03,103890
4.941000e-03,102300
4.878200e-03,98742
4.849600e-03,97343
4.818000e-03,95605
4.760100e-03,92617
4.708000e-03,90911
4.682700e-03,90129
4.620900e-03,86143
4.590400e-03,85232
4.582000e-03,83603
4.492100e-03,80175
4.474600e-03,79801
4.409100e-03,75556
4.394700e-03,75524
4.334400e-03,72828
4.264200e-03,69865
4.232700e-03,66591
4.202400e-03,66005
4.158100e-03,62125
4.106100e-03,61248
4.076700e-03,57540
4.016600e-03,55734
3.941200e-03,51416
3.908800e-03,50838
3.845900e-03,45101
3.780000e-03,43831
3.707600e-03,40253
3.624300e-03,35350
3.576100e-03,3.262600e+04
3.549400e-03,31944
3.472100e-03,27265
3.419400e-03,25791
3.390300e-03,23451
3.314200e-03,19041
3.261800e-03,18611
3.259000e-03,16846
3.200400e-03,14205
3.169600e-03,12413
3.145900e-03,11045
3.088200e-03,8.057600e+03
3.050900e-03,6.834500e+03
3.025300e-03,5.269500e+03
2.980400e-03,2.456100e+03
2.939000e-03,6.994100e+02
2.896900e-03,-2.943200e+03
2.832400e-03,-4.944100e+03
2.783300e-03,-6.565200e+03
2.711800e-03,-11277
2.680700e-03,-12216
2.615000e-03,-15375
2.526800e-03,-21437
2.441900e-03,-25015
2.391600e-03,-26596
2.339700e-03,-31229
2.239800e-03,-33946
2.202900e-03,-36766
2.116600e-03,-41846
2.059400e-03,-43983
2.026000e-03,-45113
1.956100e-03,-48989
1.926200e-03,-50283
1.918000e-03,-51922
1.824200e-03,-55475
1.810000e-03,-55914
1.785100e-03,-57652
1.741500e-03,-59478
1.694000e-03,-61015
1.669100e-03,-63843
1.648600e-03,-64851
1.597700e-03,-66267
1.558000e-03,-70004
1.517700e-03,-70391
1.447600e-03,-72575
1.450300e-03,-75365
1.336700e-03,-79356
1.331400e-03,-80406
1.248600e-03,-83979
1.169300e-03,-88223
1.089800e-03,-91567
1.022000e-03,-96121
9.712800e-04,-98667
9.203500e-04,-99903
8.423300e-04,-105720
8.018800e-04,-105200
7.503000e-04,-109140
7.023100e-04,-112740
6.331800e-04,-114650
6.082300e-04,-114850
5.371400e-04,-120500
4.958400e-04,-121050
4.625100e-04,-122910
4.143000e-04,-126030
3.727200e-04,-127170
3.141500e-04,-1.296100e+05
2.841000e-04,-132210
2.296100e-04,-134060
1.736700e-04,-136520
1.221100e-04,-139330
8.497700e-05,-139550
3.284200e-05,-143150
-3.530600e-05,-146670
-7.021300e-05,-149060
-1.642300e-04,-151890
-2.096500e-04,-155320
-2.688700e-04,-156450
-3.354600e-04,-161520
-3.743800e-04,-161740
-4.098800e-04,-164820
-5.054700e-04,-168910
-5.620700e-04,-172030
-5.979900e-04,-171290
-6.484200e-04,-176770
-7.073300e-04,-177060
-7.480500e-04,-179350
-8.235800e-04,-183070
-8.464000e-04,-183290
-8.692800e-04,-186300
-9.522100e-04,-189230
-9.714800e-04,-190730
-1.045800e-03,-193810
-1.086900e-03,-195640
-1.123300e-03,-196810
-1.176500e-03,-199380
-1.234700e-03,-202590
-1.311000e-03,-204080
-1.338300e-03,-208490
-1.406400e-03,-209150
-1.447400e-03,-211480
-1.487600e-03,-213890
-1.544400e-03,-215840
-1.581700e-03,-218570
-1.653700e-03,-220690
-1.716300e-03,-224120
-1.774000e-03,-225270
-1.800300e-03,-227740
-1.877600e-03,-230590
-1.913500e-03,-231870
-2.003000e-03,-236290
-2.029500e-03,-236920
-2.067000e-03,-238410
-2.148000e-03,-243080
-2.169600e-03,-242930
-2.231700e-03,-245540
-2.290700e-03,-249490
-2.336600e-03,-250840
-2.365100e-03,-251880
-2.469800e-03,-255660
-2.509100e-03,-257750
-2.539000e-03,-258680
-2.619100e-03,-263130
-2.645600e-03,-262410
-2.690300e-03,-266290
-2.783500e-03,-268360
-2.833400e-03,-271280
-2.877900e-03,-273130
-2.939700e-03,-276010
-2.985000e-03,-276440
-3.057900e-03,-280110
-3.116900e-03,-282260
-3.157200e-03,-284190
-3.213300e-03,-286250
-3.269700e-03,-289470
-3.316400e-03,-288520
-3.382300e-03,-294200
-3.422900e-03,-293840
-3.470900e-03,-296240
-3.543500e-03,-299710
-3.592000e-03,-300880
-3.612800e-03,-302230
-3.678600e-03,-305650
-3.710900e-03,-307220
-3.774100e-03,-309380
-3.839000e-03,-312350
-3.895100e-03,-313110
-3.931100e-03,-315610
-4.021600e-03,-318410
-4.026600e-03,-319000
-4.069900e-03,-320860
-4.148700e-03,-324760
-4.183200e-03,-323570
-4.253800e-03,-326430
-4.272400e-03,-329150
-4.363400e-03,-330790
-4.381200e-03,-332570
-4.481500e-03,-335760
-4.494600e-03,-336860
-4.555200e-03,-339690
-4.616000e-03,-340470
-4.620200e-03,-341340
-4.720100e-03,-346150
-4.772200e-03,-347620
-4.839600e-03,-348390
-4.889800e-03,-351990
-4.948300e-03,-353490
-4.962900e-03,-354760
-5.055300e-03,-358110
-5.077900e-03,-359280
-5.141000e-03,-360000
-5.186900e-03,-363080
-5.222900e-03,-364230
-5.287900e-03,-365420
-5.362700e-03,-370330
-5.412500e-03,-370370
-5.428200e-03,-371480
-5.528400e-03,-374920
-5.542900e-03,-376060
-5.611500e-03,-377780
-5.640100e-03,-379790
-5.726300e-03,-380990
-5.753800e-03,-384050
-5.813300e-03,-384840
-5.869800e-03,-385930
-5.919100e-03,-389820
-5.991800e-03,-390510
-6.005000e-03,-390740
-6.077200e-03,-394230
-6.117400e-03,-395580
-6.184900e-03,-396960
-6.233600e-03,-401060
-6.322000e-03,-401830
-6.327500e-03,-401840
-6.430300e-03,-404840
-6.451400e-03,-406080
-6.480900e-03,-406450
-6.546900e-03,-411120
-6.614300e-03,-410230
-6.667100e-03,-411920
-6.740700e-03,-415660
-6.769700e-03,-415800
-6.810100e-03,-418160
-6.904000e-03,-419600
-6.913300e-03,-420180
-6.950400e-03,-421440
-7.021200e-03,-422920
-7.062200e-03,-424850
-7.133300e-03,-426810
-7.191900e-03,-428770
-7.236200e-03,-429220
-7.258400e-03,-429960
-7.347200e-03,-432870
-7.373700e-03,-433350
-7.424300e-03,-435370
-7.503300e-03,-437130
-7.533300e-03,-436990
-7.613300e-03,-441460
-7.631900e-03,-441190
-7.702000e-03,-442680
-7.758800e-03,-444990
-7.840200e-03,-446950
-7.871100e-03,-446330
-7.934200e-03,-449770
-7.996600e-03,-450090
-8.027500e-03,-451150
-8.093600e-03,-454340
-8.142200e-03,-453840
-8.188600e-03,-455230
-8.251100e-03,-456270
-8.295000e-03,-457930
-8.351800e-03,-458900
-8.446000e-03,-460750
-8.483800e-03,-460810
-8.519700e-03,-461490
-8.601500e-03,-462660
-8.623000e-03,-463440
-8.679400e-03,-465050
-8.761900e-03,-465410
-8.791100e-03,-463290
-8.876700e-03,-467510
-8.936200e-03,-466360
-8.972800e-03,-466410
-9.031500e-03,-467810
-9.106500e-03,-468710
-9.148400e-03,-466840
-9.222900e-03,-468360
-9.271200e-03,-467270
-9.311500e-03,-466280
-9.396300e-03,-468980
-9.447000e-03,-467540
-9.479200e-03,-467360
-9.561200e-03,-468720
-9.596500e-03,-467950
-9.650100e-03,-468690
-9.739700e-03,-469420
-9.796100e-03,-468100
-9.813400e-03,-467860
-9.889800e-03,-467550
-9.895200e-03,-467410
-9.976200e-03,-467770
-1.002500e-02,-470000
-1.011300e-02,-468530
-1.013300e-02,-468650
-1.021600e-02,-469410
-1.025000e-02,-468880
-1.031800e-02,-470820
-1.040500e-02,-471980
-1.045500e-02,-470500
-1.047100e-02,-471320
-1.055600e-02,-471070
-1.059200e-02,-471620
-1.065900e-02,-472120
-1.071500e-02,-473200
-1.075400e-02,-470690
-1.083200e-02,-474380
-1.087600e-02,-471030
-1.092000e-02,-472640
-1.100500e-02,-474550
-1.104700e-02,-473180
-1.109000e-02,-472440
-1.114100e-02,-474650
-1.118900e-02,-473140
-1.124900e-02,-473980
-1.134800e-02,-475510
-1.138000e-02,-474700
-1.142600e-02,-474170
-1.149300e-02,-474660
-1.154500e-02,-474450
-1.157900e-02,-475010
-1.166500e-02,-476580
-1.169800e-02,-475460
-1.175100e-02,-476100
-1.183100e-02,-475700
-1.185400e-02,-476300
-1.193100e-02,-478540
-1.197400e-02,-477410
-1.203000e-02,-475850
-1.209700e-02,-478180
-1.215700e-02,-476600
-1.220400e-02,-476300
-1.228500e-02,-478910
-1.231100e-02,-476530
-1.236100e-02,-475930
-1.243600e-02,-478250
-1.248400e-02,-477050
-1.252800e-02,-477250
-1.260500e-02,-479430
-1.264200e-02,-477980
-1.268900e-02,-478080
-1.277900e-02,-478280
-1.279800e-02,-478320
-1.283400e-02,-478400
-1.290000e-02,-478550
-1.296700e-02,-478690
-1.300600e-02,-478780
-1.309800e-02,-478980
-1.312300e-02,-479040
-1.312400e-02,-479040
-1.311800e-02,-479030
-1.311500e-02,-479020
-1.312100e-02,-479040
-1.312600e-02,-479050
-1.312600e-02,-479050
-1.312000e-02,-479030
-1.312400e-02,-479040
-1.313200e-02,-479060
-1.313300e-02,-479060
-1.312500e-02,-479040
-1.313000e-02,-479060
-1.312800e-02,-479050
-1.313400e-02,-479060
-1.313700e-02,-479070
-1.312700e-02,-479050
-1.314600e-02,-479090
-1.313100e-02,-479060
-1.313100e-02,-479060
-1.314300e-02,-479080
-1.313100e-02,-479060
-1.312600e-02,-479050
-1.312100e-02,-479040
-1.312200e-02,-479040
-1.312300e-02,-479040
-1.313600e-02,-479070
-1.313800e-02,-479070
-1.312200e-02,-479040
-1.313800e-02,-479070
-1.312500e-02,-479040
-1.314300e-02,-479080
-1.312400e-02,-479040
-1.313700e-02,-479070
-1.314200e-02,-479080
-1.314000e-02,-479080
-1.313900e-02,-479080
-1.314300e-02,-479080
-1.314400e-02,-479090
-1.313800e-02,-479070
-1.313500e-02,-479070
-1.311700e-02,-479030
-1.312700e-02,-479050
-1.313700e-02,-479070
-1.313200e-02,-479060
-1.313800e-02,-479070
-1.312700e-02,-479050
-1.314300e-02,-478600
-1.313900e-02,-478400
-1.310500e-02,-476680
-1.305100e-02,-473940
-1.304000e-02,-473390
-1.302300e-02,-472530
-1.298000e-02,-470350
-1.294300e-02,-468480
-1.291200e-02,-466910
-1.285100e-02,-463820
-1.283600e-02,-463060
-1.281000e-02,-461750
-1.273900e-02,-458150
-1.272600e-02,-457500
-1.268600e-02,-455470
-1.264300e-02,-453290
-1.258400e-02,-450310
-1.255700e-02,-448940
-1.251100e-02,-446610
-1.246100e-02,-444080
-1.244400e-02,-443220
-1.238700e-02,-440340
-1.234700e-02,-438310
-1.229300e-02,-435580
-1.224600e-02,-433200
-1.221500e-02,-431630
-1.212500e-02,-427080
-1.210400e-02,-426020
-1.209400e-02,-425510
-1.201000e-02,-421260
-1.197100e-02,-419280
-1.192200e-02,-416800
-1.186700e-02,-414020
-1.182000e-02,-411640
-1.179400e-02,-410330
-1.173400e-02,-407290
-1.167700e-02,-404400
-1.164200e-02,-402630
-1.157500e-02,-399240
-1.153700e-02,-397320
-1.152400e-02,-396660
-1.143100e-02,-391950
-1.140200e-02,-390490
-1.135100e-02,-387910
-1.131000e-02,-385830
-1.127000e-02,-383810
-1.119900e-02,-380210
-1.118100e-02,-379300
-1.110800e-02,-375610
-1.104600e-02,-372470
-1.099400e-02,-368870
-1.096300e-02,-368910
-1.089100e-02,-363910
-1.086600e-02,-363260
-1.080900e-02,-360180
-1.073800e-02,-355520
-1.068300e-02,-353150
-1.067200e-02,-353380
-1.060300e-02,-348250
-1.056100e-02,-347470
-1.052800e-02,-344750
-1.045800e-02,-340840
-1.043900e-02,-338140
-1.037600e-02,-336920
-1.030000e-02,-332370
-1.026300e-02,-331240
-1.022500e-02,-328600
-1.017300e-02,-325110
-1.010700e-02,-323230
-1.008600e-02,-321030
-1.000900e-02,-317760
-9.975400e-03,-315260
-9.920100e-03,-312660
-9.874500e-03,-309220
-9.817200e-03,-307160
-9.792800e-03,-306350
-9.707800e-03,-302080
-9.684300e-03,-300650
-9.644900e-03,-297030
-9.563500e-03,-293770
-9.537500e-03,-293670
-9.462400e-03,-287660
-9.421300e-03,-286510
-9.390700e-03,-284010
-9.318000e-03,-280200
-9.267300e-03,-277560
-9.227900e-03,-277440
-9.181800e-03,-271860
-9.116100e-03,-270890
-9.087300e-03,-268910
-8.995100e-03,-263620
-8.970600e-03,-263000
-8.935000e-03,-2.605900e+05
-8.855900e-03,-257750
-8.809800e-03,-254770
-8.774800e-03,-252350
-8.682100e-03,-249050
-8.652800e-03,-247380
-8.638500e-03,-245140
-8.542700e-03,-241900
-8.518100e-03,-239010
-8.454500e-03,-235530
-8.411100e-03,-233910
-8.382400e-03,-233390
-8.316800e-03,-227450
-8.283800e-03,-227740
-8.228900e-03,-224690
-8.181800e-03,-220390
-8.109500e-03,-217570
-8.092600e-03,-217470
-7.996000e-03,-212440
-7.991500e-03,-212240
-7.950500e-03,-209600
-7.904700e-03,-206820
-7.815400e-03,-203280
-7.814300e-03,-203400
-7.732800e-03,-197470
-7.693300e-03,-198350
-7.641700e-03,-194950
-7.562400e-03,-190490
-7.521800e-03,-188440
-7.493200e-03,-187360
-7.417100e-03,-182540
-7.385800e-03,-181150
-7.334100e-03,-178410
-7.257300e-03,-174120
-7.219300e-03,-172160
-7.188600e-03,-171070
-7.138500e-03,-167840
-7.094000e-03,-166090
-7.021400e-03,-162970
-6.978000e-03,-159080
-6.920900e-03,-157830
-6.905000e-03,-155090
-6.828500e-03,-152180
-6.788900e-03,-149830
-6.726700e-03,-145920
-6.689500e-03,-144340
-6.679400e-03,-142970
-6.575800e-03,-138480
-6.557100e-03,-137760
-6.487100e-03,-135220
-6.425900e-03,-130090
-6.360500e-03,-1.291700e+05
-6.344200e-03,-1.283000e+05
-6.264800e-03,-122920
-6.220500e-03,-122030
-6.210100e-03,-119490
-6.116100e-03,-115850
-6.088400e-03,-113360
-6.027500e-03,-111450
-5.971100e-03,-108910
-5.932300e-03,-105890
-5.876100e-03,-103020
-5.794300e-03,-99505
-5.778700e-03,-98537
-5.746500e-03,-95776
-5.662000e-03,-92636
-5.646300e-03,-90562
-5.570100e-03,-86705
-5.531000e-03,-84635
-5.481100e-03,-83841
-5.418100e-03,-78854
-5.395900e-03,-79020
-5.350400e-03,-76332
-5.302700e-03,-72061
-5.230800e-03,-70876
-5.185900e-03,-69007
-5.170200e-03,-66376
-5.082400e-03,-64274
-5.072500e-03,-62167
-5.013900e-03,-58554
-4.956200e-03,-56430
-4.923100e-03,-55647
-4.840100e-03,-51693
-4.823300e-03,-51096
-4.784800e-03,-49901
-4.721000e-03,-45262
-4.701100e-03,-45072
-4.688800e-03,-42934
-4.594600e-03,-38651
-4.557000e-03,-37527
-4.522600e-03,-34918
-4.458900e-03,-31836
-4.405000e-03,-30075
-4.380300e-03,-26734
-4.313000e-03,-25650
-4.268400e-03,-21794
-4.203300e-03,-17781
-4.150400e-03,-16777
-4.126200e-03,-15245
-4.060600e-03,-11936
-4.009500e-03,-9.582800e+03
-3.953700e-03,-7.808200e+03
-3.879500e-03,-2.016500e+03
-3.847700e-03,-1.381500e+03
-3.820900e-03,-3.898000e+02
-3.732100e-03,4.738800e+03
-3.713300e-03,5221
-3.671200e-03,8.510700e+03
-3.596900e-03,12972
-3.542700e-03,14315
-3.492800e-03,15328
-3.428300e-03,19985
-3.389100e-03,20697
-3.352700e-03,22842
-3.290600e-03,26944
-3.247700e-03,28269
-3.184700e-03,32874
-3.133900e-03,33547
-3.095700e-03,36150
-3.017600e-03,41194
-2.984800e-03,42109
-2.922300e-03,43622
-2.890600e-03,46797
-2.823100e-03,49721
-2.796800e-03,50352
-2.777000e-03,52613
-2.677300e-03,56840
-2.648100e-03,57752
-2.557600e-03,63467
-2.553100e-03,62158
-2.506300e-03,64961
-2.440200e-03,69665
-2.393200e-03,71428
-2.352900e-03,72930
-2.306900e-03,76903
-2.268200e-03,76746
-2.221100e-03,78079
-2.145700e-03,84304
-2.118200e-03,83615
-2.096400e-03,84597
-1.998500e-03,89913
-1.978300e-03,91094
-1.923800e-03,93778
-1.845900e-03,97103
-1.791200e-03,99276
-1.755700e-03,101690
-1.682500e-03,104930
-1.625800e-03,107580
-1.557500e-03,112310
-1.498600e-03,114180
-1.438900e-03,115080
-1.396400e-03,121340
-1.325800e-03,121120
-1.302100e-03,122860
-1.243900e-03,127750
-1.178400e-03,1.295200e+05
-1.146100e-03,130400
-1.086100e-03,134560
-1.075400e-03,134360
-1.023900e-03,136040
-9.612500e-04,139000
-9.290000e-04,140550
-9.121200e-04,141360
-8.373400e-04,145080
-8.058500e-04,146650
-7.582400e-04,149020
-6.874300e-04,152510
-6.420300e-04,154100
-6.120700e-04,156180
-5.248800e-04,159990
-4.751000e-04,162890
-4.553400e-04,164830
-3.393400e-04,170090
-3.101800e-04,171360
-2.207900e-04,177560
-1.354400e-04,178690
-1.024700e-04,180710
-7.904500e-06,185980
1.572200e-05,185470
5.189300e-05,187660
9.431700e-05,190450
1.353100e-04,191830
1.851400e-04,193340
2.263000e-04,196050
2.471600e-04,196960
2.734800e-04,197520
3.201500e-04,200090
3.352300e-04,200630
3.528200e-04,201890
4.454800e-04,205780
4.643500e-04,207320
4.715500e-04,207710
5.410800e-04,212150
5.666800e-04,212540
6.238400e-04,214900
7.273800e-04,219170
7.900500e-04,221690
8.182300e-04,224620
9.087500e-04,228490
9.874700e-04,231940
1.011400e-03,233980
1.131300e-03,238730
1.175600e-03,239710
1.240300e-03,243830
1.307800e-03,246120
1.328600e-03,247510
1.399500e-03,251530
1.462200e-03,253150
1.490500e-03,254390
1.543200e-03,257640
1.564700e-03,257110
1.589200e-03,258610
1.655100e-03,261740
1.692000e-03,263670
1.697000e-03,263810
1.765800e-03,267970
1.800200e-03,266960
1.830300e-03,269130
1.869200e-03,272220
1.938500e-03,273890
1.981400e-03,275840
2.049900e-03,278340
2.093400e-03,281920
2.136900e-03,284210
2.209700e-03,287340
2.276900e-03,288660
2.325900e-03,292610
2.441700e-03,294540
2.455800e-03,296230
2.527000e-03,301950
2.565900e-03,301980
2.617200e-03,302070
2.676100e-03,305540
2.726800e-03,306910
2.769600e-03,309420
2.840300e-03,313940
2.894600e-03,313780
2.908500e-03,314730
2.955500e-03,317640
3.016200e-03,318400
3.022300e-03,319470
3.111500e-03,324330
3.147800e-03,325170
3.173500e-03,325790
3.248600e-03,328700
3.271200e-03,329220
3.328100e-03,331220
3.397300e-03,336150
3.467700e-03,337790
3.490000e-03,338560
3.595400e-03,342330
3.607000e-03,343980
3.668400e-03,345740
3.741400e-03,348310
3.800200e-03,350410
3.832200e-03,353280
3.915900e-03,354850
3.941000e-03,357070
4.051800e-03,361450
4.096600e-03,362390
4.164900e-03,363260
4.185300e-03,365630
4.268000e-03,366990
4.301500e-03,368610
4.349600e-03,372310
4.429100e-03,374330
4.440100e-03,374410
4.518300e-03,377870
4.541100e-03,378890
4.592900e-03,380080
4.652500e-03,383280
4.714700e-03,385250
4.739700e-03,384550
4.809100e-03,389570
4.835800e-03,389660
4.865600e-03,390850
4.961900e-03,394170
4.982800e-03,394630
5.066700e-03,398000
5.115300e-03,398730
5.166900e-03,400890
5.205500e-03,404440
5.294700e-03,405960
5.334400e-03,406630
5.355500e-03,407340
5.432000e-03,411140
5.494300e-03,413280
5.527500e-03,414850
5.629200e-03,416350
5.643300e-03,416810
5.682800e-03,421560
5.749100e-03,420800
5.764800e-03,423290
5.858200e-03,425860
5.893800e-03,426030
5.942600e-03,427110
5.992900e-03,431210
6.030700e-03,430110
6.097000e-03,431660
6.121200e-03,435850
6.217700e-03,437270
6.214000e-03,436380
6.321300e-03,440180
6.333300e-03,439920
6.355600e-03,441150
6.445600e-03,445100
6.520300e-03,447160
6.547500e-03,447350
6.611000e-03,450380
6.654800e-03,451440
6.683000e-03,453130
6.775500e-03,454940
6.815900e-03,455830
6.894800e-03,459980
6.942000e-03,459350
7.004500e-03,461130
7.042400e-03,463830
7.121600e-03,465170
7.178200e-03,465310
7.249500e-03,469040
7.254100e-03,468280
7.343500e-03,470240
7.386500e-03,472860
7.451000e-03,473500
7.473300e-03,473820
7.528500e-03,475620
7.574300e-03,476740
7.585400e-03,477400
7.695700e-03,480420
7.701000e-03,480450
7.719700e-03,480750
7.806100e-03,483600
7.855300e-03,485080
7.925900e-03,487100
7.981200e-03,487740
8.013100e-03,488750
8.098100e-03,492220
8.149200e-03,491370
8.170000e-03,493270
8.243200e-03,494210
8.341600e-03,498100
8.381700e-03,497160
8.417000e-03,498230
8.520500e-03,500180
8.568300e-03,501070
8.613300e-03,503220
8.669500e-03,502080
8.707700e-03,502630
8.793300e-03,506630
8.819300e-03,504320
8.861700e-03,505620
8.950100e-03,509330
8.984600e-03,508410
9.006100e-03,506790
9.095500e-03,511200
9.119900e-03,508870
9.155300e-03,508840
9.231500e-03,513610
9.323900e-03,5.136600e+05
9.342100e-03,512100
9.442900e-03,5.131700e+05
9.470100e-03,5.133300e+05
9.533000e-03,513230
9.625000e-03,515860
9.671700e-03,5.151900e+05
9.719100e-03,513500
9.820800e-03,5.169600e+05
9.872000e-03,5.157900e+05
9.911100e-03,5.150400e+05
9.992100e-03,515360
1.000500e-02,514900
1.010600e-02,518470
1.011900e-02,5.149100e+05
1.019200e-02,5.154500e+05
1.025100e-02,5.184600e+05
1.033500e-02,517490
1.034500e-02,514630
1.043300e-02,517870
1.046900e-02,5.154200e+05
1.050700e-02,513500
1.060200e-02,5.175400e+05
1.067300e-02,5.173100e+05
1.068500e-02,515620
1.076600e-02,516770
1.078800e-02,5.157900e+05
1.085500e-02,5.153000e+05
1.092400e-02,516970
1.100200e-02,515990
1.101100e-02,5.155600e+05
1.111000e-02,518100
1.114900e-02,516850
1.115700e-02,5.154200e+05
1.124500e-02,5.197000e+05
1.131000e-02,518270
1.135000e-02,5.184200e+05
1.142700e-02,5.191800e+05
1.146700e-02,5.191600e+05
1.152800e-02,5.203300e+05
1.158000e-02,519600
1.162600e-02,518620
1.168500e-02,519140
1.175400e-02,520220
1.180500e-02,5.205900e+05
1.185700e-02,5.203300e+05
1.194000e-02,520470
1.198200e-02,519380
1.206900e-02,523720
1.207200e-02,5.200800e+05
1.212100e-02,5.204200e+05
1.219300e-02,5.240900e+05
1.227400e-02,5.240900e+05
1.228400e-02,521260
1.238700e-02,5.231600e+05
1.241900e-02,5.233300e+05
1.246400e-02,5.235700e+05
1.254300e-02,523980
1.262400e-02,524400
1.263200e-02,524440
1.272700e-02,524940
1.276400e-02,525140
1.277600e-02,525200
1.274900e-02,525060
1.276400e-02,525140
1.277800e-02,525210
1.276100e-02,525120
1.277700e-02,525200
1.277400e-02,525190
1.277600e-02,525200
1.278300e-02,525230
1.278300e-02,525230
1.278000e-02,525220
1.278700e-02,525260
1.279400e-02,525290
1.277700e-02,525200
1.278800e-02,525260
1.279400e-02,525290
1.279800e-02,525310
1.280700e-02,525360
1.280000e-02,525320
1.278300e-02,525230
1.278600e-02,525250
1.279800e-02,525310
1.279400e-02,525290
1.278700e-02,525260
1.279000e-02,525270
1.278600e-02,525250
1.279700e-02,525310
1.279300e-02,525290
1.278400e-02,525240
1.280100e-02,525330
1.279400e-02,525290
1.279100e-02,525280
1.279900e-02,525320
1.280700e-02,525360
1.280100e-02,525330
1.279900e-02,525320
1.279700e-02,525310
1.279600e-02,525300
1.279300e-02,525290
1.279700e-02,525310
1.279400e-02,525290
1.280000e-02,525320
1.279300e-02,525290
1.280400e-02,524300
1.279500e-02,5.238400e+05
1.278900e-02,523530
1.280900e-02,524550
1.280400e-02,524300
1.281000e-02,524600
1.277300e-02,522720
1.281000e-02,524600
1.280800e-02,524500
1.280800e-02,524500
1.276700e-02,5.224100e+05
1.269500e-02,518750
1.261700e-02,514780
1.257500e-02,512650
1.246200e-02,506900
1.242200e-02,504870
1.236100e-02,501760
1.227600e-02,497440
1.217300e-02,492200
1.209400e-02,488190
1.199500e-02,483150
1.189500e-02,478060
1.183200e-02,474860
1.173900e-02,470130
1.164900e-02,465550
1.154200e-02,460110
1.145600e-02,455740
1.138600e-02,452180
1.131500e-02,448570
1.120700e-02,443070
1.109900e-02,437580
1.099500e-02,432290
1.090400e-02,427660
1.080200e-02,422480
1.069400e-02,416980
1.063900e-02,414190
1.049700e-02,406960
1.037700e-02,400860
1.031000e-02,397450
1.019300e-02,391500
1.010400e-02,385220
9.994100e-03,379750
9.907500e-03,376570
9.776700e-03,369980
9.714000e-03,365070
9.628000e-03,361630
9.535400e-03,357270
9.406400e-03,350080
9.316600e-03,344580
9.218100e-03,339470
9.090800e-03,332850
9.002500e-03,328760
8.873300e-03,323060
8.770800e-03,317520
8.711100e-03,313680
8.601200e-03,308940
8.516000e-03,303950
8.435800e-03,298830
8.362100e-03,294870
8.238600e-03,289420
8.143700e-03,282520
8.051200e-03,278760
7.929200e-03,272040
7.811600e-03,265760
7.706000e-03,2.602900e+05
7.594600e-03,255890
7.508400e-03,249140
7.433200e-03,245360
7.335600e-03,240740
7.239600e-03,235280
7.139100e-03,230160
7.061600e-03,226860
6.947500e-03,221080
6.872000e-03,215330
6.782000e-03,212020
6.657700e-03,206460
6.575000e-03,201440
6.485000e-03,196920
6.358600e-03,190640
6.252100e-03,184030
6.152800e-03,180260
6.031700e-03,175430
5.947900e-03,170990
5.861000e-03,165390
5.775800e-03,162590
5.675300e-03,157440
5.588700e-03,151040
5.475700e-03,147500
5.390400e-03,141690
5.267000e-03,135310
5.154800e-03,1.307600e+05
5.029300e-03,123980
4.902500e-03,117390
4.795600e-03,112300
4.715600e-03,108130
4.589800e-03,102290
4.521800e-03,99002
4.430800e-03,95717
4.337600e-03,91740
4.257000e-03,87546
4.189100e-03,84399
4.080000e-03,78538
3.990700e-03,73382
3.906700e-03,70564
3.785800e-03,63329
3.664600e-03,57135
3.570500e-03,52793
3.411700e-03,45244
3.312000e-03,39502
3.232800e-03,34907
3.165600e-03,32454
3.078900e-03,27633
3.003100e-03,22924
2.949100e-03,20386
2.840000e-03,15587
2.769400e-03,9.848800e+03
2.641100e-03,5.897900e+03
2.527200e-03,-8.089800e+02
2.390900e-03,-9.083900e+03
2.262400e-03,-14367
2.097400e-03,-21708
1.961300e-03,-29150
1.860000e-03,-34093
1.809000e-03,-36756
1.714800e-03,-41939
1.615100e-03,-45245
1.591300e-03,-47621
1.504700e-03,-51625
1.413600e-03,-56675
1.351600e-03,-58905
1.205600e-03,-66705
1.108700e-03,-72115
9.729100e-04,-78205
8.098800e-04,-85725
7.057000e-04,-91815
6.017400e-04,-95245
5.013400e-04,-99794
3.923600e-04,-106050
3.210400e-04,-109520
2.239000e-04,-112750
1.574900e-04,-117300
1.607200e-05,-123690
-5.901100e-05,-126490
-1.789300e-04,-133060
-2.901800e-04,-139470
-3.875700e-04,-143660
-5.099700e-04,-149360
-6.579600e-04,-155670
-7.094200e-04,-158490
-8.238800e-04,-163460
-9.469400e-04,-169040
-1.039600e-03,-173910
-1.135100e-03,-176530
-1.266400e-03,-183130
-1.337700e-03,-186850
-1.413500e-03,-190270
-1.521500e-03,-195290
-1.632200e-03,-201100
-1.761400e-03,-204230
-1.872300e-03,-210290
-1.982800e-03,-214850
-2.073500e-03,-218620
-2.176100e-03,-222500
-2.276900e-03,-227560
-2.362200e-03,-232520
-2.508700e-03,-236300
-2.592700e-03,-241890
-2.679300e-03,-245130
-2.813200e-03,-249060
-2.917600e-03,-254530
-3.033100e-03,-2.603300e+05
-3.146500e-03,-263580
-3.258100e-03,-268550
-3.379300e-03,-273420
-3.450300e-03,-276120
-3.556800e-03,-280270
-3.670400e-03,-285680
-3.744500e-03,-289010
-3.873100e-03,-293210
-3.987100e-03,-298300
-4.101300e-03,-302940
-4.215800e-03,-305050
-4.315600e-03,-310520
-4.374300e-03,-313300
-4.486200e-03,-316570
-4.600600e-03,-321790
-4.698800e-03,-326180
-4.794200e-03,-328520
-4.926300e-03,-334780
-5.038200e-03,-338210
-5.127500e-03,-341300
-5.252500e-03,-345200
-5.368600e-03,-349670
-5.434000e-03,-352440
-5.536500e-03,-356220
-5.641300e-03,-360580
-5.738200e-03,-364890
-5.846600e-03,-367540
-5.954200e-03,-371110
-6.062200e-03,-376400
-6.167200e-03,-377480
-6.296800e-03,-381810
-6.394700e-03,-386390
-6.511600e-03,-389520
-6.612600e-03,-392320
-6.731700e-03,-396700
-6.797900e-03,-398930
-6.908200e-03,-401880
-7.022600e-03,-406020
-7.107600e-03,-408670
-7.206700e-03,-410560
-7.333700e-03,-415240
-7.430500e-03,-417610
-7.529500e-03,-419710
-7.653800e-03,-423610
-7.755400e-03,-426630
-7.861400e-03,-429090
-7.981500e-03,-432430
-8.091900e-03,-436180
-8.188700e-03,-438420
-8.286700e-03,-440240
-8.396500e-03,-442910
-8.531900e-03,-446830
-8.602800e-03,-448080
-8.714600e-03,-450770
-8.851000e-03,-454480
-8.938800e-03,-454840
-9.045600e-03,-457070
-9.171700e-03,-461110
-9.270600e-03,-461060
-9.392600e-03,-463220
-9.512200e-03,-465650
-9.613000e-03,-466650
-9.726500e-03,-465020
-9.860300e-03,-466150
-9.971700e-03,-466410
-1.004800e-02,-464690
-1.018400e-02,-466580
-1.027600e-02,-467650
-1.039100e-02,-467180
-1.051500e-02,-468770
-1.063500e-02,-469220
-1.072800e-02,-467760
-1.084200e-02,-468660
-1.097200e-02,-470760
-1.105600e-02,-471060
-1.116200e-02,-470950
-1.127600e-02,-471790
-1.138600e-02,-473080
-1.148000e-02,-472020
-1.158800e-02,-472880
-1.170500e-02,-474250
-1.181800e-02,-473750
-1.192700e-02,-474610
-1.203700e-02,-475940
-1.214100e-02,-475470
-1.224400e-02,-476000
-1.237000e-02,-477600
-1.247200e-02,-477500
-1.258800e-02,-478170
-1.272700e-02,-479890
-1.282800e-02,-480440
-1.293100e-02,-477860
-1.305300e-02,-480510
-1.314200e-02,-479400
-1.326900e-02,-480760
-1.339800e-02,-481970
-1.350900e-02,-482550
-1.360000e-02,-481280
-1.372700e-02,-481710
-1.385100e-02,-483230
-1.395200e-02,-482480
-1.407600e-02,-481320
-1.419900e-02,-480650
-1.430200e-02,-480310
-1.441400e-02,-480770
-1.454200e-02,-482350
-1.463700e-02,-483660
-1.474100e-02,-483390
-1.485600e-02,-484000
-1.500600e-02,-486090
-1.509000e-02,-484030
-1.520700e-02,-485670
-1.532400e-02,-486930
-1.544800e-02,-486740
-1.554300e-02,-486350
-1.566800e-02,-487930
-1.576400e-02,-487200
-1.588300e-02,-487680
-1.601100e-02,-487950
-1.611000e-02,-489030
-1.621100e-02,-488980
-1.636000e-02,-491840
-1.645200e-02,-491710
-1.655300e-02,-490480
-1.668400e-02,-489390
-1.680500e-02,-490420
-1.691700e-02,-489450
-1.703500e-02,-490430
-1.713500e-02,-491380
-1.725400e-02,-492130
-1.735900e-02,-490590
-1.747200e-02,-491690
-1.758900e-02,-493880
-1.770200e-02,-492580
-1.781100e-02,-493230
-1.792900e-02,-494430
-1.800800e-02,-492900
-1.813700e-02,-493830
-1.826800e-02,-495980
-1.836900e-02,-494910
-1.846800e-02,-495100
-1.860600e-02,-496420
-1.868600e-02,-496460
-1.877400e-02,-495130
-1.888900e-02,-496550
-1.898400e-02,-496940
-1.911100e-02,-497770
-1.922400e-02,-499080
-1.933600e-02,-499370
-1.942000e-02,-497640
-1.955100e-02,-500320
-1.967800e-02,-500600
-1.977400e-02,-498930
-1.990200e-02,-498760
-2.001800e-02,-499210
-2.012200e-02,-498880
-2.024200e-02,-497180
-2.036300e-02,-498430
-2.048800e-02,-499380
-2.058000e-02,-499320
-2.073200e-02,-500060
-2.082000e-02,-501010
-2.090700e-02,-499600
-2.103200e-02,-500250
-2.118000e-02,-501540
-2.128100e-02,-501070
-2.138400e-02,-501140
-2.153800e-02,-502960
-2.161800e-02,-501630
-2.173800e-02,-501340
-2.189100e-02,-503210
-2.196500e-02,-502160
-2.205200e-02,-501910
-2.218700e-02,-504000
-2.226400e-02,-503270
-2.238200e-02,-503120
-2.252400e-02,-504640
-2.263600e-02,-504910
-2.273500e-02,-503520
-2.285400e-02,-502860
-2.299300e-02,-503640
-2.307500e-02,-501410
-2.319100e-02,-501740
-2.331400e-02,-502120
-2.342300e-02,-501610
-2.354800e-02,-500960
-2.366000e-02,-501770
-2.377900e-02,-501370
-2.387700e-02,-499520
-2.399500e-02,-500190
-2.410900e-02,-502890
-2.416300e-02,-501410
-2.430600e-02,-503200
-2.442900e-02,-504900
-2.450000e-02,-503960
-2.460000e-02,-503680
-2.474600e-02,-505120
-2.482400e-02,-502910
-2.491800e-02,-504220
-2.502700e-02,-505430
-2.514800e-02,-505060
-2.523700e-02,-503830
-2.537800e-02,-506440
-2.547500e-02,-505210
-2.558200e-02,-504050
-2.571000e-02,-505790
-2.582900e-02,-506230
-2.592100e-02,-504630
-2.605300e-02,-506600
-2.614700e-02,-506570
-2.627000e-02,-506450
-2.640900e-02,-504630
-2.649300e-02,-504730
-2.661900e-02,-505810
-2.672100e-02,-504100
-2.683700e-02,-505410
-2.695700e-02,-506940
-2.707100e-02,-505280
-2.720200e-02,-505760
-2.733900e-02,-506940
-2.739600e-02,-504750
-2.756000e-02,-506020
-2.767700e-02,-505300
-2.780200e-02,-504820
-2.789300e-02,-503940
-2.803100e-02,-505020
-2.808300e-02,-505010
-2.823100e-02,-504970
-2.835700e-02,-504940
-2.839600e-02,-504930
-2.841000e-02,-504920
-2.842200e-02,-504920
-2.841500e-02,-504920
-2.843700e-02,-504920
-2.843400e-02,-504920
-2.844200e-02,-504910
-2.843900e-02,-504920
-2.843800e-02,-504920
-2.842900e-02,-504920
-2.845600e-02,-504910
-2.845300e-02,-504910
-2.843400e-02,-504920
-2.843100e-02,-504920
-2.845300e-02,-504910
-2.843600e-02,-504920
-2.842900e-02,-504920
-2.845000e-02,-504910
-2.843200e-02,-504920
-2.844900e-02,-504910
-2.845500e-02,-504910
-2.844900e-02,-504910
-2.844000e-02,-504920
-2.844100e-02,-504910
-2.842700e-02,-504920
-2.844200e-02,-504910
-2.845500e-02,-504910
-2.844600e-02,-504910
-2.844100e-02,-504910
-2.844600e-02,-504910
-2.845300e-02,-504910
-2.844900e-02,-504910
-2.845500e-02,-504910
-2.845100e-02,-504910
-2.845000e-02,-503910
-2.845300e-02,-504070
-2.845300e-02,-504070
-2.840400e-02,-501500
-2.833300e-02,-497790
-2.828300e-02,-495170
-2.819200e-02,-490410
-2.814500e-02,-487950
-2.808100e-02,-484590
-2.799200e-02,-479940
-2.791700e-02,-476010
-2.781600e-02,-470720
-2.772300e-02,-465850
-2.760800e-02,-459830
-2.752000e-02,-455220
-2.741700e-02,-449830
-2.730200e-02,-443810
-2.721800e-02,-439410
-2.710800e-02,-433660
-2.702600e-02,-429360
-2.691800e-02,-423710
-2.682200e-02,-418680
-2.673400e-02,-414080
-2.660400e-02,-407270
-2.653300e-02,-403550
-2.641900e-02,-397660
-2.631500e-02,-391940
-2.620900e-02,-386180
-2.612500e-02,-381740
-2.598600e-02,-376000
-2.589200e-02,-370070
-2.583100e-02,-365750
-2.574900e-02,-361150
-2.564900e-02,-358060
-2.555800e-02,-352020
-2.543700e-02,-346300
-2.534800e-02,-340130
-2.528300e-02,-335560
-2.518900e-02,-330700
-2.508500e-02,-325490
-2.497400e-02,-319510
-2.489200e-02,-316210
-2.477000e-02,-309660
-2.466700e-02,-303730
-2.461400e-02,-300550
-2.451600e-02,-295250
-2.438600e-02,-288990
-2.429900e-02,-285150
-2.419400e-02,-280050
-2.407200e-02,-273320
-2.398200e-02,-267480
-2.391100e-02,-264960
-2.378700e-02,-2.582900e+05
-2.368400e-02,-252610
-2.362000e-02,-249680
-2.351600e-02,-245220
-2.340600e-02,-239100
-2.329300e-02,-233630
-2.318600e-02,-229640
-2.309700e-02,-224780
-2.305500e-02,-220680
-2.293200e-02,-214750
-2.281600e-02,-208940
-2.273500e-02,-203920
-2.262300e-02,-199090
-2.250800e-02,-193520
-2.239800e-02,-187390
-2.233400e-02,-184500
-2.221700e-02,-178670
-2.213200e-02,-172940
-2.203300e-02,-169580
-2.192100e-02,-163820
-2.179700e-02,-158730
-2.170800e-02,-153480
-2.164100e-02,-150240
-2.149500e-02,-143940
-2.143000e-02,-138830
-2.132400e-02,-135770
-2.123500e-02,-131380
-2.113200e-02,-125840
-2.108300e-02,-123490
-2.096000e-02,-117440
-2.086600e-02,-112640
-2.075900e-02,-108640
-2.064400e-02,-103710
-2.053600e-02,-98966
-2.049200e-02,-94929
-2.039000e-02,-89501
-2.028500e-02,-84308
-2.019400e-02,-79806
-2.007500e-02,-75140
-1.996400e-02,-70401
-1.985600e-02,-61791
-1.979500e-02,-61154
-1.967900e-02,-55097
-1.955000e-02,-48752
-1.948900e-02,-44701
-1.936700e-02,-39487
-1.926200e-02,-33399
-1.916900e-02,-29831
-1.906800e-02,-24755
-1.893300e-02,-19155
-1.885200e-02,-12868
-1.878000e-02,-10424
-1.865100e-02,-3.732300e+03
-1.856900e-02,1.600800e+03
-1.846900e-02,3.972900e+03
-1.832500e-02,10661
-1.824500e-02,14265
-1.815600e-02,18249
-1.803000e-02,24852
-1.794000e-02,31174
-1.786200e-02,34848
-1.777900e-02,37385
-1.766200e-02,43846
-1.754200e-02,50984
-1.747000e-02,52374
-1.736100e-02,58172
-1.724000e-02,65279
-1.716500e-02,66336
-1.707100e-02,71616
-1.694100e-02,78665
-1.687400e-02,81990
-1.677400e-02,86582
-1.665900e-02,92057
-1.657700e-02,96985
-1.646500e-02,100940
-1.634700e-02,106070
-1.626300e-02,111550
-1.615200e-02,115210
-1.605800e-02,120920
-1.596400e-02,125460
-1.587100e-02,128560
-1.574400e-02,134090
-1.564300e-02,139080
-1.554300e-02,144190
-1.545900e-02,147550
-1.532200e-02,153630
-1.521100e-02,160190
-1.515000e-02,161160
-1.501600e-02,165840
-1.492300e-02,172300
-1.484300e-02,174640
-1.471000e-02,179380
-1.462200e-02,185980
-1.454400e-02,188950
-1.441700e-02,193270
-1.429500e-02,199800
-1.421000e-02,201720
-1.410300e-02,207030
-1.397000e-02,212080
-1.388900e-02,215890
-1.380300e-02,219430
-1.368500e-02,225940
-1.356300e-02,231160
-1.348400e-02,233230
-1.336400e-02,239550
-1.327800e-02,244260
-1.319700e-02,246220
-1.307000e-02,250800
-1.297300e-02,254890
-1.287300e-02,2.592800e+05
-1.274800e-02,263720
-1.263300e-02,268110
-1.252200e-02,274570
-1.247000e-02,275330
-1.237500e-02,280170
-1.227900e-02,284180
-1.215300e-02,288210
-1.203800e-02,293510
-1.193400e-02,299230
-1.185800e-02,300460
-1.175400e-02,304880
-1.163000e-02,310630
-1.156500e-02,310870
-1.146700e-02,315710
-1.133800e-02,321440
-1.123800e-02,324650
-1.115100e-02,328320
-1.103400e-02,333550
-1.096400e-02,335880
-1.084700e-02,338830
-1.072900e-02,344570
-1.062300e-02,349660
-1.054700e-02,350820
-1.041800e-02,355970
-1.032000e-02,360090
-1.024800e-02,361560
-1.012000e-02,364980
-1.001700e-02,368520
-9.926800e-03,373010
-9.802400e-03,376120
-9.678500e-03,380240
-9.653500e-03,380700
-9.526000e-03,384730
-9.407900e-03,389460
-9.309600e-03,394160
-9.214600e-03,395230
-9.104800e-03,398770
-8.987100e-03,403890
-8.889700e-03,404270
-8.774500e-03,409250
-8.641300e-03,414540
-8.555500e-03,415100
-8.434600e-03,418610
-8.331000e-03,422800
-8.244800e-03,425060
-8.124900e-03,426920
-8.011700e-03,430460
-7.929900e-03,433550
-7.817100e-03,436320
-7.699000e-03,440390
-7.598700e-03,444030
-7.505300e-03,445790
-7.371000e-03,448500
-7.262700e-03,452320
-7.185000e-03,454150
-7.064400e-03,456920
-6.953400e-03,459170
-6.858500e-03,460540
-6.737700e-03,463110
-6.635900e-03,466860
-6.543500e-03,468470
-6.459400e-03,470260
-6.351100e-03,472410
-6.278200e-03,475480
-6.127000e-03,477190
-6.031600e-03,478250
-5.901800e-03,483000
-5.835100e-03,481760
-5.742400e-03,484170
-5.557400e-03,489540
-5.527500e-03,488720
-5.380100e-03,492200
-5.268700e-03,494830
-5.173600e-03,496550
-5.085900e-03,497870
-4.948200e-03,500360
-4.864100e-03,501200
-4.747900e-03,501450
-4.630400e-03,503850
-4.509400e-03,505300
-4.407500e-03,505720
-4.303000e-03,506600
-4.190600e-03,509320
-4.110100e-03,506310
-3.966100e-03,509850
-3.852600e-03,511200
-3.759400e-03,510740
-3.645200e-03,511970
-3.530400e-03,5.132100e+05
-3.478600e-03,513770
-3.364700e-03,514990
-3.362600e-03,515020
-3.359600e-03,5.150500e+05
-3.341400e-03,515240
-3.347600e-03,5.151800e+05
-3.335800e-03,5.153100e+05
-3.335400e-03,5.153100e+05
-3.333000e-03,5.153400e+05
-3.340700e-03,515250
-3.314500e-03,515530
-3.316900e-03,515510
-3.331300e-03,515350
-3.325900e-03,5.154100e+05
-3.342400e-03,515230
-3.335500e-03,5.153100e+05
-3.323500e-03,5.154400e+05
-3.306000e-03,515630
-3.322000e-03,5.154500e+05
-3.319800e-03,515480
-3.311900e-03,5.155600e+05
-3.314600e-03,515530
-3.321100e-03,5.154600e+05
-3.326400e-03,5.154100e+05
-3.332600e-03,5.153400e+05
-3.327900e-03,515390
-3.329000e-03,515380
-3.309800e-03,5.155900e+05
-3.328200e-03,515390
-3.317500e-03,515500
-3.320500e-03,515470
-3.319600e-03,515480
-3.324100e-03,5.154300e+05
-3.314300e-03,5.155400e+05
-3.318300e-03,515490
-3.329200e-03,515380
-3.331000e-03,515360
-3.338800e-03,515270
-3.320300e-03,515470
-3.325000e-03,5.154200e+05
-3.332600e-03,5.153400e+05
-3.325200e-03,5.154200e+05
-3.326000e-03,5.154100e+05
-3.327200e-03,515400
-3.327700e-03,515390
-3.319000e-03,515490
-3.309100e-03,5.155900e+05
-3.301100e-03,5.156800e+05
-3.326200e-03,5.154100e+05
-3.319700e-03,515480
-3.310400e-03,5.155800e+05
-3.325000e-03,5.154200e+05
-3.318200e-03,515490
-3.324200e-03,5.154300e+05
-3.325900e-03,5.154100e+05
-3.326400e-03,5.154100e+05
-3.322600e-03,5.154500e+05
-3.318400e-03,515490
-3.319800e-03,515480
-3.305900e-03,515630
-3.310800e-03,5.155700e+05
-3.316000e-03,515520
-3.305800e-03,515630
-3.315900e-03,515520
-3.319900e-03,515480
-3.325200e-03,5.154200e+05
-3.298200e-03,5.157100e+05
-3.321700e-03,5.154600e+05
-3.318300e-03,515490
-3.316800e-03,515510
-3.319300e-03,515480
-3.309900e-03,5.155800e+05
-3.317800e-03,515500
-3.334600e-03,5.153200e+05
-3.320900e-03,515470
-3.316000e-03,515520
-3.302500e-03,5.156600e+05
-3.313500e-03,5.155500e+05
-3.314800e-03,515530
-3.323700e-03,5.154400e+05
-3.328900e-03,515380
-3.321500e-03,5.154600e+05
-3.324100e-03,5.154300e+05
-3.326800e-03,515400
-3.327400e-03,515400
-3.329800e-03,513520
-3.324400e-03,5.138400e+05
-3.329200e-03,5.135600e+05
-3.390000e-03,510010
-3.442700e-03,506940
-3.526500e-03,502050
-3.596700e-03,497960
-3.664300e-03,494010
-3.738500e-03,489690
-3.828600e-03,484430
-3.876200e-03,481660
-3.997100e-03,474600
-4.075700e-03,470020
-4.165600e-03,464780
-4.246100e-03,460080
-4.330300e-03,455170
-4.438900e-03,448840
-4.518700e-03,444190
-4.607600e-03,439000
-4.702700e-03,433460
-4.791700e-03,428270
-4.881900e-03,423000
-5.000900e-03,416060
-5.079200e-03,411500
-5.171300e-03,406130
-5.264300e-03,400700
-5.363300e-03,394930
-5.441400e-03,390380
-5.571600e-03,382780
-5.628700e-03,379450
-5.729700e-03,373470
-5.822000e-03,367540
-5.944700e-03,362090
-6.027100e-03,358400
-6.133100e-03,353290
-6.201100e-03,347030
-6.308800e-03,343060
-6.392300e-03,337420
-6.495500e-03,331330
-6.584300e-03,327420
-6.706000e-03,321270
-6.798100e-03,315980
-6.879700e-03,310840
-6.980500e-03,306020
-7.084400e-03,300820
-7.178900e-03,295430
-7.287700e-03,290950
-7.391900e-03,285230
-7.483500e-03,279380
-7.583300e-03,275030
-7.657600e-03,270380
-7.786300e-03,264120
-7.854800e-03,260750
-7.966300e-03,255380
-8.070700e-03,249240
-8.151400e-03,244110
-8.256500e-03,240480
-8.388800e-03,234050
-8.439400e-03,229430
-8.525800e-03,225330
-8.635700e-03,220000
-8.742700e-03,214970
-8.838100e-03,211380
-8.956100e-03,204770
-9.044900e-03,199890
-9.119000e-03,196320
-9.222800e-03,191040
-9.323100e-03,186060
-9.428300e-03,181040
-9.528700e-03,175870
-9.630300e-03,170280
-9.742500e-03,164620
-9.822900e-03,161250
-9.910100e-03,155950
-1.004500e-02,149840
-1.011700e-02,146270
-1.021100e-02,140810
-1.033100e-02,134500
-1.040400e-02,131110
-1.050500e-02,126670
-1.061400e-02,120330
-1.071000e-02,116400
-1.082100e-02,111710
-1.093200e-02,105710
-1.103800e-02,100540
-1.111400e-02,96829
-1.123600e-02,90879
-1.130500e-02,85955
-1.139700e-02,82890
-1.151700e-02,76947
-1.161900e-02,72161
-1.169300e-02,68055
-1.183300e-02,61805
-1.192400e-02,56957
-1.200000e-02,53672
-1.211400e-02,49159
-1.223000e-02,43052
-1.229900e-02,38046
-1.241400e-02,33828
-1.250700e-02,28934
-1.260900e-02,22980
-1.272400e-02,19556
-1.283800e-02,14043
-1.291600e-02,8.763900e+03
-1.300600e-02,5.055300e+03
-1.311100e-02,6.338600e+01
-1.319900e-02,-3502
-1.331200e-02,-8.197800e+03
-1.340000e-02,-12425
-1.348900e-02,-17744
-1.355400e-02,-21594
-1.365800e-02,-26157
-1.377800e-02,-31930
-1.389600e-02,-37297
-1.397100e-02,-39516
-1.409100e-02,-46053
-1.415700e-02,-50060
-1.428800e-02,-55933
-1.438400e-02,-61706
-1.446700e-02,-66974
-1.461000e-02,-70650
-1.470600e-02,-76163
-1.480100e-02,-81817
-1.490300e-02,-85868
-1.501800e-02,-89954
-1.512500e-02,-94873
-1.520800e-02,-99521
-1.531900e-02,-104270
-1.541800e-02,-109630
-1.552400e-02,-115170
-1.564000e-02,-119070
-1.575000e-02,-124300
-1.586900e-02,-130310
-1.594100e-02,-133030
-1.608300e-02,-138580
-1.616600e-02,-144210
-1.626800e-02,-148840
-1.635300e-02,-153100
-1.649500e-02,-159180
-1.655800e-02,-162430
-1.667700e-02,-167370
-1.678500e-02,-172050
-1.689200e-02,-177470
-1.699700e-02,-181480
-1.713000e-02,-187910
-1.720200e-02,-191840
-1.728100e-02,-195270
-1.738800e-02,-199890
-1.751000e-02,-205630
-1.760200e-02,-208610
-1.772600e-02,-214170
-1.782900e-02,-218940
-1.794600e-02,-224100
-1.802100e-02,-227060
-1.813700e-02,-232030
-1.824500e-02,-238250
-1.834000e-02,-241320
-1.844700e-02,-246610
-1.856500e-02,-251850
-1.863000e-02,-254580
-1.874300e-02,-2.585300e+05
-1.887400e-02,-264610
-1.896200e-02,-268030
-1.906200e-02,-272550
-1.919500e-02,-277640
-1.928900e-02,-281740
-1.937700e-02,-284370
-1.949600e-02,-289170
-1.955500e-02,-292540
-1.967000e-02,-296820
-1.980800e-02,-302360
-1.989600e-02,-306730
-1.998100e-02,-308760
-2.010600e-02,-314810
-2.020900e-02,-319200
-2.030800e-02,-322220
-2.041800e-02,-326030
-2.053200e-02,-330710
-2.062000e-02,-334730
-2.075000e-02,-337530
-2.085200e-02,-342340
-2.097500e-02,-346460
-2.108300e-02,-349580
-2.119400e-02,-354270
-2.127300e-02,-358860
-2.139000e-02,-360940
-2.152100e-02,-365710
-2.163000e-02,-370110
-2.172300e-02,-373310
-2.180500e-02,-376320
-2.196000e-02,-381510
-2.202600e-02,-383610
-2.211600e-02,-387100
-2.225700e-02,-392710
-2.235300e-02,-395230
-2.246600e-02,-397830
-2.258800e-02,-402440
-2.267400e-02,-404910
-2.276300e-02,-407770
-2.290700e-02,-412800
-2.301300e-02,-416290
-2.307900e-02,-417850
-2.320500e-02,-420770
-2.331800e-02,-425930
-2.339900e-02,-426240
-2.352700e-02,-430010
-2.364300e-02,-433730
-2.374700e-02,-437370
-2.385000e-02,-439440
-2.398400e-02,-443280
-2.406100e-02,-446110
-2.413400e-02,-447400
-2.424900e-02,-450810
-2.437300e-02,-454430
-2.444800e-02,-454550
-2.456700e-02,-457450
-2.468400e-02,-461370
-2.477800e-02,-463470
-2.488400e-02,-464890
-2.502700e-02,-468190
-2.507200e-02,-468030
-2.516800e-02,-470230
-2.528000e-02,-472970
-2.537000e-02,-474420
-2.548300e-02,-474710
-2.561400e-02,-477260
-2.572100e-02,-477630
-2.581900e-02,-477130
-2.593900e-02,-479020
-2.605400e-02,-479740
-2.615400e-02,-479760
-2.627800e-02,-480950
-2.638200e-02,-481300
-2.650600e-02,-482570
-2.661700e-02,-480760
-2.675500e-02,-480740
-2.686800e-02,-480730
-2.697900e-02,-477880
-2.709300e-02,-479210
-2.723500e-02,-480890
-2.733000e-02,-479940
-2.743800e-02,-480870
-2.754500e-02,-482480
-2.764000e-02,-480510
-2.779800e-02,-481270
-2.792000e-02,-481070
-2.804600e-02,-481080
-2.809200e-02,-481090
-2.820400e-02,-481100
-2.824900e-02,-481100
-2.825100e-02,-481100
-2.826100e-02,-481100
-2.825800e-02,-481100
-2.827400e-02,-481100
-2.824500e-02,-481100
-2.827900e-02,-481100
-2.826100e-02,-481100
-2.826300e-02,-481100
-2.826500e-02,-481100
-2.826400e-02,-481100
-2.826800e-02,-481100
-2.826200e-02,-481100
-2.826900e-02,-481100
-2.828300e-02,-481100
-2.827800e-02,-481100
-2.827700e-02,-481100
-2.826000e-02,-481100
-2.826500e-02,-481100
-2.827000e-02,-481100
-2.828000e-02,-481100
-2.827300e-02,-481100
-2.827300e-02,-481100
-2.828800e-02,-481100
-2.827300e-02,-481100
-2.828200e-02,-481100
-2.829200e-02,-481100
-2.829500e-02,-481100
-2.828000e-02,-481100
-2.826700e-02,-481100
-2.828800e-02,-481100
-2.828700e-02,-481100
-2.828900e-02,-481100
-2.828500e-02,-481100
-2.828100e-02,-481100
-2.829200e-02,-481100
-2.827400e-02,-481100
-2.827700e-02,-481100
-2.828100e-02,-481100
-2.829000e-02,-481100
-2.827600e-02,-479490
-2.827600e-02,-479490
-2.830000e-02,-480660
-2.828000e-02,-479680
-2.828000e-02,-479680
-2.828300e-02,-479830
-2.828800e-02,-480070
-2.828200e-02,-479780
-2.829200e-02,-480270
-2.829100e-02,-480220
-2.828200e-02,-479780
-2.828000e-02,-479680
-2.823200e-02,-477330
-2.815300e-02,-473450
-2.811000e-02,-471350
-2.804000e-02,-467910
-2.796800e-02,-464380
-2.786900e-02,-459530
-2.777500e-02,-454920
-2.769100e-02,-450800
-2.760700e-02,-446680
-2.750900e-02,-441870
-2.743200e-02,-438100
-2.732700e-02,-432950
-2.723300e-02,-428340
-2.716000e-02,-424760
-2.706200e-02,-419950
-2.696900e-02,-415390
-2.688200e-02,-411130
-2.677900e-02,-406080
-2.667300e-02,-400410
-2.656300e-02,-394200
-2.644500e-02,-390310
-2.635300e-02,-384860
-2.623700e-02,-378730
-2.616100e-02,-375390
-2.603400e-02,-368900
-2.595000e-02,-363700
-2.587300e-02,-358990
-2.579700e-02,-354910
-2.568300e-02,-348120
-2.558200e-02,-345040
-2.547700e-02,-339210
-2.536600e-02,-332100
-2.532300e-02,-328280
-2.522900e-02,-323860
-2.511900e-02,-317480
-2.501500e-02,-313240
-2.491200e-02,-308480
-2.480100e-02,-302060
-2.470600e-02,-297050
-2.466000e-02,-293350
-2.450200e-02,-286440
-2.443000e-02,-280700
-2.430900e-02,-277090
-2.422300e-02,-273340
-2.410600e-02,-266880
-2.405100e-02,-2.619600e+05
-2.395800e-02,-2.569800e+05
-2.383800e-02,-251230
-2.373500e-02,-244980
-2.364700e-02,-241800
-2.352900e-02,-236190
-2.340600e-02,-229070
-2.335700e-02,-226100
-2.326300e-02,-221820
-2.314300e-02,-214220
-2.306200e-02,-211350
-2.294400e-02,-206420
-2.283700e-02,-200370
-2.272200e-02,-195940
-2.262700e-02,-190230
-2.251900e-02,-184330
-2.243200e-02,-178280
-2.236900e-02,-176120
-2.223800e-02,-169550
-2.215700e-02,-163780
-2.204600e-02,-160580
-2.191500e-02,-154110
-2.181300e-02,-150420
-2.174500e-02,-146860
-2.164800e-02,-141780
-2.155300e-02,-137950
-2.144200e-02,-132720
-2.136500e-02,-1.306700e+05
-2.128700e-02,-124760
-2.115900e-02,-116430
-2.108300e-02,-114880
-2.099300e-02,-109350
-2.085000e-02,-101710
-2.079000e-02,-98723
-2.068500e-02,-93307
-2.056800e-02,-87453
-2.050700e-02,-85701
-2.038500e-02,-79799
-2.026400e-02,-73352
-2.017300e-02,-69033
-2.009500e-02,-64345
-1.994300e-02,-58476
-1.988900e-02,-54537
-1.977800e-02,-50621
-1.966100e-02,-44049
-1.955700e-02,-38595
-1.948000e-02,-35381
-1.935600e-02,-28646
-1.925000e-02,-22893
-1.919000e-02,-19987
-1.906800e-02,-14646
-1.896000e-02,-9.926600e+03
-1.886200e-02,-2.575300e+03
-1.877200e-02,7.808600e+02
-1.868100e-02,4.803400e+03
-1.857300e-02,11162
-1.847600e-02,12908
-1.839300e-02,18106
-1.825500e-02,26435
-1.819400e-02,28571
-1.805800e-02,36303
-1.796700e-02,40982
-1.787500e-02,44462
-1.777500e-02,49646
-1.765300e-02,55334
-1.759500e-02,58986
-1.747900e-02,63760
-1.737300e-02,70031
-1.727200e-02,75989
-1.717700e-02,77755
-1.705200e-02,84783
-1.695200e-02,90341
-1.689200e-02,93133
-1.678100e-02,97466
-1.666500e-02,102490
-1.657700e-02,107300
-1.645500e-02,111280
-1.637000e-02,116600
-1.626000e-02,121730
-1.615500e-02,125070
-1.605200e-02,130070
-1.595600e-02,136520
-1.587100e-02,139360
-1.576000e-02,146240
-1.562900e-02,151080
-1.553700e-02,155230
-1.540900e-02,159830
-1.530100e-02,163920
-1.523100e-02,168710
-1.513800e-02,172710
-1.501200e-02,178320
-1.494800e-02,184540
-1.483000e-02,188740
-1.471800e-02,193800
-1.463200e-02,199380
-1.453000e-02,202590
-1.440200e-02,208880
-1.428800e-02,213500
-1.425000e-02,213920
-1.408300e-02,221520
-1.398000e-02,226570
-1.389700e-02,230070
-1.380800e-02,233800
-1.368000e-02,239780
-1.357600e-02,243520
-1.345900e-02,246500
-1.335200e-02,252260
-1.323700e-02,2.593500e+05
-1.320900e-02,2.613300e+05
-1.311300e-02,265940
-1.297800e-02,272600
-1.287800e-02,275160
-1.276300e-02,279510
-1.263700e-02,284660
-1.256800e-02,287590
-1.245000e-02,292830
-1.233000e-02,298700
-1.227300e-02,300930
-1.216300e-02,305360
-1.205000e-02,310060
-1.195500e-02,315260
-1.187800e-02,317200
-1.173400e-02,322860
-1.167400e-02,326760
-1.157400e-02,329480
-1.144300e-02,335930
-1.132700e-02,339880
-1.125900e-02,342500
-1.113400e-02,348470
-1.103200e-02,352900
-1.097700e-02,354580
-1.086800e-02,357770
-1.076000e-02,361730
-1.063100e-02,369060
-1.052300e-02,369980
-1.042300e-02,373880
-1.029900e-02,380910
-1.029300e-02,380350
-1.015500e-02,385370
-1.002400e-02,392180
-9.927600e-03,393670
-9.825500e-03,395430
-9.708900e-03,402440
-9.655500e-03,402330
-9.523500e-03,408020
-9.388100e-03,412990
-9.327600e-03,414370
-9.206100e-03,419930
-9.094100e-03,423440
-8.998800e-03,427820
-8.889000e-03,429560
-8.779000e-03,434050
-8.675500e-03,437830
-8.553500e-03,439810
-8.422700e-03,443670
-8.349000e-03,446550
-8.244600e-03,449470
-8.107500e-03,454350
-7.995800e-03,457560
-7.899200e-03,461140
-7.818500e-03,461760
-7.724100e-03,464620
-7.597800e-03,470730
-7.499300e-03,471730
-7.395600e-03,473980
-7.265000e-03,479610
-7.200100e-03,479270
-7.085600e-03,480930
-6.970500e-03,487860
-6.861900e-03,486960
-6.765000e-03,489870
-6.612300e-03,493280
-6.564700e-03,493660
-6.441700e-03,496100
-6.333600e-03,500190
-6.237800e-03,500220
-6.116000e-03,502290
-6.005500e-03,504180
-5.882600e-03,506300
-5.783600e-03,506290
-5.654400e-03,508800
-5.546500e-03,509640
-5.438800e-03,508740
-5.322600e-03,510470
-5.214700e-03,510840
-5.112500e-03,510170
-4.997600e-03,509660
-4.863200e-03,511910
-4.785100e-03,511210
-4.676600e-03,510900
-4.581500e-03,511120
-4.430400e-03,514530
-4.357200e-03,5.122900e+05
-4.244200e-03,513000
-4.152400e-03,514360
-4.056500e-03,514380
-3.949900e-03,5.148300e+05
-3.786600e-03,5.155400e+05
-3.729100e-03,515780
-3.630600e-03,5.162100e+05
-3.607800e-03,5.163000e+05
-3.624900e-03,516230
-3.614600e-03,516270
-3.607800e-03,5.163000e+05
-3.593600e-03,516360
-3.616200e-03,516270
-3.595500e-03,516360
-3.597000e-03,516350
-3.592900e-03,516370
-3.604200e-03,5.163200e+05
-3.586200e-03,516400
-3.597400e-03,516350
-3.592900e-03,516370
-3.597900e-03,516350
-3.600000e-03,5.163400e+05
-3.594100e-03,516360
-3.585800e-03,516400
-3.587100e-03,516390
-3.581700e-03,5.164200e+05
-3.598400e-03,5.163400e+05
-3.598600e-03,5.163400e+05
-3.595000e-03,516360
-3.587500e-03,516390
-3.581900e-03,5.164100e+05
-3.587500e-03,516390
-3.587600e-03,516390
-3.585300e-03,516400
-3.582800e-03,5.164100e+05
-3.594800e-03,516360
-3.589400e-03,516380
-3.586700e-03,516390
-3.600900e-03,5.163300e+05
-3.587200e-03,516390
-3.589900e-03,516380
-3.595300e-03,516360
-3.590600e-03,516380
-3.587400e-03,516390
-3.590900e-03,516380
-3.593000e-03,516370
-3.571800e-03,5.164600e+05
-3.595400e-03,516360
-3.596800e-03,516350
-3.575600e-03,5.164400e+05
-3.580500e-03,5.164200e+05
-3.587500e-03,516390
-3.583300e-03,5.164100e+05
-3.600600e-03,5.163300e+05
-3.584800e-03,516400
-3.584000e-03,5.155600e+05
-3.573900e-03,516130
-3.612100e-03,5.139600e+05
-3.683800e-03,509870
-3.751100e-03,506040
-3.804800e-03,502980
-3.864700e-03,499570
-3.964300e-03,493900
-4.040400e-03,489560
-4.114600e-03,485340
-4.213800e-03,479690
-4.284600e-03,475660
-4.366700e-03,470980
-4.458300e-03,465760
-4.553600e-03,460340
-4.625100e-03,456260
-4.738700e-03,449790
-4.818000e-03,445280
-4.900000e-03,440610
-5.007100e-03,434510
-5.098700e-03,429290
-5.189300e-03,424130
-5.272300e-03,419400
-5.378800e-03,413340
-5.478200e-03,407680
-5.532000e-03,402690
-5.650500e-03,397430
-5.748100e-03,391040
-5.831300e-03,386330
-5.951800e-03,381660
-6.052600e-03,375780
-6.118800e-03,371630
-6.209800e-03,367830
-6.306600e-03,361080
-6.395600e-03,356480
-6.506300e-03,350790
-6.600300e-03,345790
-6.688900e-03,340030
-6.828600e-03,334670
-6.894300e-03,329310
-7.002300e-03,323470
-7.068600e-03,319500
-7.188200e-03,313990
-7.301800e-03,307810
-7.395000e-03,304130
-7.496100e-03,298480
-7.597200e-03,292910
-7.675200e-03,287940
-7.763400e-03,284290
-7.883000e-03,277720
-7.975000e-03,273580
-8.067600e-03,268930
-8.179500e-03,263050
-8.305500e-03,257610
-8.362400e-03,254510
-8.491900e-03,248850
-8.569400e-03,241990
-8.666000e-03,237870
-8.756900e-03,233240
-8.873400e-03,229160
-8.982800e-03,224180
-9.079700e-03,219080
-9.190200e-03,213400
-9.221400e-03,209670
-9.326600e-03,204460
-9.443300e-03,199320
-9.523500e-03,194040
-9.643000e-03,190040
-9.760800e-03,183860
-9.863200e-03,177950
-9.930800e-03,174740
-1.003700e-02,169370
-1.015500e-02,163240
-1.023100e-02,159970
-1.033300e-02,154320
-1.045500e-02,148690
-1.051100e-02,144190
-1.062200e-02,140220
-1.073000e-02,134010
-1.080900e-02,1.295200e+05
-1.091900e-02,125790
-1.103100e-02,120140
-1.115000e-02,114400
-1.120500e-02,110710
-1.133100e-02,105210
-1.140900e-02,100120
-1.153300e-02,97038
-1.163800e-02,91338
-1.172200e-02,86206
-1.180000e-02,81883
-1.191700e-02,76458
-1.201100e-02,71364
-1.210400e-02,67235
-1.222000e-02,63182
-1.232600e-02,57531
-1.243400e-02,51312
-1.253300e-02,48021
-1.262100e-02,42484
-1.273800e-02,36430
-1.283100e-02,32904
-1.293100e-02,28118
-1.302700e-02,21718
-1.312900e-02,18651
-1.322600e-02,13502
-1.333900e-02,8.243900e+03
-1.342900e-02,3.618100e+03
-1.354000e-02,3.958500e+02
-1.363000e-02,-4184
-1.370800e-02,-8.682900e+03
-1.377600e-02,-12426
-1.391400e-02,-18017
-1.401000e-02,-22697
-1.410100e-02,-24584
-1.422900e-02,-31022
-1.430000e-02,-36052
-1.440800e-02,-40904
-1.453800e-02,-46465
-1.462400e-02,-51617
-1.472700e-02,-56865
-1.483300e-02,-60941
-1.494500e-02,-66555
-1.504300e-02,-71804
-1.514900e-02,-74750
-1.524100e-02,-79553
-1.533600e-02,-84743
-1.545300e-02,-88875
-1.555100e-02,-94045
-1.567300e-02,-100120
-1.576100e-02,-104130
-1.586200e-02,-109150
-1.598400e-02,-115630
-1.609300e-02,-118170
-1.616400e-02,-122630
-1.629500e-02,-128750
-1.639000e-02,-133170
-1.648400e-02,-136820
-1.660200e-02,-142820
-1.668600e-02,-147320
-1.679000e-02,-151150
-1.688700e-02,-155450
-1.700300e-02,-162390
-1.711300e-02,-165980
-1.722600e-02,-170930
-1.732000e-02,-176580
-1.740000e-02,-180020
-1.750700e-02,-184320
-1.763200e-02,-188810
-1.773700e-02,-193790
-1.784000e-02,-198230
-1.795600e-02,-202980
-1.807000e-02,-208840
-1.811000e-02,-211110
-1.821900e-02,-216490
-1.837300e-02,-222720
-1.843900e-02,-225230
-1.855800e-02,-230430
-1.868000e-02,-236000
-1.878700e-02,-239740
-1.890400e-02,-243110
-1.898600e-02,-248990
-1.909200e-02,-252430
-1.918400e-02,-2.562100e+05
-1.931000e-02,-2.614600e+05
-1.938800e-02,-266180
-1.948500e-02,-268690
-1.959600e-02,-273490
-1.971000e-02,-277880
-1.979500e-02,-280930
-1.990100e-02,-285550
-2.002600e-02,-290700
-2.009100e-02,-293590
-2.022700e-02,-297390
-2.032600e-02,-301930
-2.042700e-02,-306070
-2.053400e-02,-310380
-2.065500e-02,-314400
-2.076500e-02,-319640
-2.083900e-02,-321500
-2.097600e-02,-326650
-2.109900e-02,-331470
-2.121000e-02,-334160
-2.128900e-02,-336910
-2.141900e-02,-342870
-2.148400e-02,-345140
-2.159700e-02,-349260
-2.171800e-02,-353810
-2.181000e-02,-357860
-2.192100e-02,-360550
-2.204900e-02,-365550
-2.214900e-02,-369270
-2.226100e-02,-371930
-2.238300e-02,-376430
-2.248000e-02,-380330
-2.257200e-02,-382150
-2.268800e-02,-387000
-2.279500e-02,-391000
-2.287500e-02,-393150
-2.298800e-02,-396200
-2.309600e-02,-399760
-2.320600e-02,-403840
-2.332000e-02,-405610
-2.343300e-02,-410340
-2.350200e-02,-413310
-2.360800e-02,-416250
-2.372300e-02,-419460
-2.383000e-02,-423840
-2.394000e-02,-424660
-2.407900e-02,-429680
-2.419200e-02,-432970
-2.427100e-02,-433600
-2.435400e-02,-436090
-2.449200e-02,-440390
-2.457800e-02,-441640
-2.467200e-02,-444150
-2.479800e-02,-448210
-2.490900e-02,-451560
-2.499500e-02,-451800
-2.510400e-02,-455550
-2.517900e-02,-456360
-2.526700e-02,-457740
-2.539000e-02,-461470
-2.551100e-02,-464090
-2.560800e-02,-463890
-2.575400e-02,-467030
-2.582100e-02,-468330
-2.592000e-02,-467620
-2.602500e-02,-466690
-2.617400e-02,-467630
-2.625900e-02,-469270
-2.638500e-02,-469660
-2.648500e-02,-470080
-2.662400e-02,-471970
-2.671100e-02,-469930
-2.682300e-02,-471180
-2.696800e-02,-473130
-2.704100e-02,-471230
-2.716200e-02,-472730
-2.732800e-02,-472850
-2.740900e-02,-472280
-2.753500e-02,-470000
-2.767300e-02,-470650
-2.776000e-02,-468240
-2.789300e-02,-468290
-2.802400e-02,-468340
-2.810200e-02,-468370
-2.813800e-02,-468390
-2.812800e-02,-468380
-2.813900e-02,-468390
-2.815300e-02,-468390
-2.814900e-02,-468390
-2.814800e-02,-468390
-2.814900e-02,-468390
-2.815600e-02,-468390
-2.815100e-02,-468390
-2.814800e-02,-468390
-2.815600e-02,-468390
-2.816000e-02,-468390
-2.814500e-02,-468390
-2.814500e-02,-468390
-2.814700e-02,-468390
-2.816600e-02,-468400
-2.816800e-02,-468400
-2.816100e-02,-468390
-2.817200e-02,-468400
-2.815100e-02,-468390
-2.817400e-02,-468400
-2.817200e-02,-468400
-2.817900e-02,-468400
-2.817600e-02,-467700
-2.817600e-02,-467700
-2.817700e-02,-467750
-2.816800e-02,-467320
-2.816400e-02,-467130
-2.817300e-02,-467560
-2.817400e-02,-467610
-2.817500e-02,-467650
-2.817600e-02,-467700
-2.815600e-02,-466760
-2.811000e-02,-464590
-2.806400e-02,-462420
-2.797100e-02,-458040
-2.789300e-02,-454360
-2.781100e-02,-450490
-2.771800e-02,-446110
-2.762500e-02,-441730
-2.754400e-02,-437910
-2.748800e-02,-435270
-2.735900e-02,-429190
-2.726800e-02,-424900
-2.721400e-02,-422350
-2.709700e-02,-416840
-2.701200e-02,-412830
-2.690500e-02,-407790
-2.680600e-02,-403120
-2.670400e-02,-398310
-2.658100e-02,-392510
-2.650800e-02,-389070
-2.641400e-02,-384640
-2.628500e-02,-377440
-2.621400e-02,-375400
-2.611700e-02,-370260
-2.598600e-02,-363770
-2.589900e-02,-358640
-2.581500e-02,-355570
-2.569400e-02,-348950
-2.562600e-02,-345350
-2.555200e-02,-340670
-2.543700e-02,-333760
-2.533700e-02,-327300
-2.525000e-02,-324860
-2.514000e-02,-317980
-2.502700e-02,-312220
-2.495000e-02,-309640
-2.486500e-02,-304910
-2.477200e-02,-299040
-2.467800e-02,-293820
-2.456400e-02,-289460
-2.446300e-02,-283350
-2.434200e-02,-276190
-2.427200e-02,-274040
-2.419000e-02,-268840
-2.407700e-02,-2.612900e+05
-2.399600e-02,-2.585400e+05
-2.388600e-02,-252730
-2.376200e-02,-246110
-2.367600e-02,-242640
-2.359900e-02,-238160
-2.345600e-02,-231980
-2.342900e-02,-227950
-2.331300e-02,-223590
-2.320900e-02,-216410
-2.308900e-02,-211620
-2.297600e-02,-208380
-2.288000e-02,-201810
-2.279700e-02,-196420
-2.270400e-02,-192850
-2.259900e-02,-186140
-2.249300e-02,-180890
-2.240700e-02,-178310
-2.228200e-02,-171600
-2.217900e-02,-167230
-2.208700e-02,-162420
-2.198800e-02,-159420
-2.189700e-02,-154410
-2.180200e-02,-148950
-2.172600e-02,-145590
-2.162600e-02,-141630
-2.152300e-02,-134930
-2.146600e-02,-131960
-2.136500e-02,-126370
-2.122700e-02,-119760
-2.113800e-02,-117030
-2.102400e-02,-111380
-2.091500e-02,-106550
-2.082600e-02,-100670
-2.073600e-02,-98605
-2.061800e-02,-91527
-2.054800e-02,-89136
-2.040400e-02,-83512
-2.032500e-02,-78503
-2.018000e-02,-72566
-2.011500e-02,-70344
-1.999400e-02,-63135
-1.989900e-02,-58240
-1.983200e-02,-55856
-1.969700e-02,-48706
-1.961800e-02,-44170
-1.952300e-02,-39456
-1.940000e-02,-34319
-1.929100e-02,-29131
-1.921500e-02,-24508
-1.911400e-02,-20573
-1.901500e-02,-1.623700e+04
-1.889800e-02,-7.962600e+03
-1.881200e-02,-5.966100e+03
-1.870900e-02,-4.018900e+02
-1.858400e-02,6.897900e+03
-1.852900e-02,9496
-1.842100e-02,15413
-1.831700e-02,21374
-1.823100e-02,25031
-1.809200e-02,30022
-1.802100e-02,34362
-1.789100e-02,41502
-1.780600e-02,44425
-1.770700e-02,49968
-1.761700e-02,54986
-1.751400e-02,57204
-1.740900e-02,62652
-1.729100e-02,68940
-1.721800e-02,72679
-1.709100e-02,77547
-1.701700e-02,81975
-1.691600e-02,88274
-1.684100e-02,90892
-1.673000e-02,96720
-1.659800e-02,103360
-1.651800e-02,104730
-1.643100e-02,110930
-1.631400e-02,117610
-1.622300e-02,119650
-1.613500e-02,124770
-1.601600e-02,131450
-1.589600e-02,134780
-1.578900e-02,139810
-1.568000e-02,144860
-1.558900e-02,151650
-1.547800e-02,154670
-1.539200e-02,158390
-1.529900e-02,163840
-1.521700e-02,167290
-1.508600e-02,174470
-1.497300e-02,179980
-1.491100e-02,180570
-1.474700e-02,188410
-1.465900e-02,193280
-1.460100e-02,194680
-1.447800e-02,199970
-1.436300e-02,204590
-1.427900e-02,209590
-1.417200e-02,212990
-1.405700e-02,218070
-1.394300e-02,223850
-1.383800e-02,227740
-1.373100e-02,231630
-1.359900e-02,237990
-1.353500e-02,238500
-1.341800e-02,244750
-1.332000e-02,249440
-1.323200e-02,253590
-1.312700e-02,2.580400e+05
-1.300100e-02,265790
-1.291300e-02,267990
-1.279200e-02,272520
-1.269000e-02,276990
-1.262800e-02,281000
-1.251100e-02,285260
-1.238200e-02,290740
-1.229000e-02,294110
-1.221000e-02,297440
-1.208700e-02,302820
-1.198300e-02,307630
-1.193200e-02,309860
-1.180000e-02,314960
-1.168300e-02,320430
-1.161000e-02,322260
-1.148800e-02,326190
-1.140200e-02,330040
-1.131500e-02,334970
-1.119900e-02,337740
-1.109900e-02,341990
-1.098600e-02,347240
-1.087400e-02,348560
-1.077100e-02,354580
-1.064500e-02,360360
-1.060700e-02,360190
-1.049700e-02,365800
-1.035800e-02,371230
-1.031500e-02,373820
-1.018500e-02,378570
-1.006600e-02,381030
-9.959500e-03,383800
-9.842000e-03,387180
-9.717900e-03,392410
-9.680400e-03,395030
-9.578200e-03,397160
-9.425000e-03,402930
-9.349900e-03,406090
-9.245500e-03,408180
-9.099600e-03,413630
-8.991700e-03,418030
-8.897800e-03,419230
-8.805000e-03,423250
-8.680300e-03,427280
-8.584000e-03,430740
-8.452000e-03,433240
-8.366100e-03,436780
-8.276600e-03,441610
-8.148700e-03,442500
-8.043900e-03,445830
-7.920700e-03,451680
-7.869800e-03,450670
-7.764100e-03,454130
-7.614500e-03,462070
-7.531000e-03,461740
-7.403800e-03,465550
-7.293700e-03,469160
-7.215400e-03,470890
-7.115300e-03,470320
-6.964800e-03,476950
-6.904700e-03,477870
-6.798000e-03,480860
-6.685200e-03,484380
-6.575300e-03,486950
-6.463400e-03,488330
-6.361900e-03,490980
-6.260200e-03,493490
-6.146800e-03,493870
-6.033300e-03,496420
-5.916200e-03,499070
-5.804500e-03,499290
-5.687400e-03,499980
-5.570400e-03,503470
-5.494300e-03,503460
-5.382200e-03,502470
-5.280600e-03,503220
-5.165900e-03,505560
-5.060500e-03,504440
-4.933600e-03,505580
-4.826900e-03,507540
-4.741300e-03,505890
-4.635300e-03,507140
-4.488800e-03,508740
-4.418600e-03,507370
-4.275700e-03,509610
-4.173000e-03,511530
-4.085600e-03,509380
-3.972400e-03,509380
-3.847500e-03,512390
-3.751900e-03,511150
-3.653300e-03,511770
-3.522100e-03,5.133000e+05
-3.438100e-03,5.133400e+05
-3.338300e-03,512240
-3.169100e-03,513970
-3.052000e-03,514020
-2.946900e-03,5.127100e+05
-2.802500e-03,513380
-2.658800e-03,5.157000e+05
-2.578900e-03,5.135600e+05
-2.451500e-03,513480
-2.368800e-03,512640
-2.264100e-03,5.136800e+05
-2.170000e-03,510530
-2.078000e-03,510970
-1.970700e-03,5.145700e+05
-1.856100e-03,513370
-1.735400e-03,515760
-1.580800e-03,518250
-1.436100e-03,516520
-1.285300e-03,517720
-1.137000e-03,517970
-1.069300e-03,5.160900e+05
-9.641600e-04,5.144200e+05
-8.704800e-04,512630
-7.951200e-04,510870
-7.318800e-04,509080
-6.443500e-04,509860
-5.608600e-04,510150
-4.492400e-04,511710
-2.962100e-04,5.145400e+05
-1.672700e-04,516130
-5.171600e-05,514130
1.699600e-04,517740
2.748200e-04,517850
3.823400e-04,5.147900e+05
5.006100e-04,5.149400e+05
6.045800e-04,5.139400e+05
6.769000e-04,513270
7.480900e-04,509890
8.403900e-04,510860
9.345900e-04,512750
1.044400e-03,5.134400e+05
1.152600e-03,513610
1.297700e-03,517510
1.386200e-03,514720
1.559900e-03,517630
1.676700e-03,5.189500e+05
1.781400e-03,516850
1.885200e-03,516500
2.031400e-03,5.185900e+05
2.091400e-03,514860
2.202400e-03,5.150600e+05
2.308400e-03,516250
2.405600e-03,5.168100e+05
2.471300e-03,5.165400e+05
2.615300e-03,517850
2.719000e-03,517860
2.839600e-03,517470
3.006000e-03,518850
3.132000e-03,520280
3.245100e-03,518120
3.405400e-03,517990
3.525300e-03,5.179500e+05
3.595300e-03,513760
3.752900e-03,5.130900e+05
3.825000e-03,5.133300e+05
3.931600e-03,5.155900e+05
4.037300e-03,5.149100e+05
4.165600e-03,516480
4.263900e-03,519890
4.369200e-03,516770
4.491100e-03,5.175800e+05
4.655300e-03,521230
4.744500e-03,5.178200e+05
4.856600e-03,5.174300e+05
5.004400e-03,5.203000e+05
5.079800e-03,5.170800e+05
5.216700e-03,5.179100e+05
5.349600e-03,519380
5.416800e-03,516490
5.546700e-03,516970
5.650200e-03,517500
5.714800e-03,5.171600e+05
5.840800e-03,516240
5.941800e-03,516130
6.062000e-03,517600
6.175800e-03,5.174500e+05
6.376100e-03,519400
6.496400e-03,519640
6.587900e-03,5.171800e+05
6.725500e-03,517650
6.835000e-03,517150
6.944900e-03,517100
7.047300e-03,515110
7.183300e-03,5.151800e+05
7.250100e-03,516850
7.314800e-03,5.140600e+05
7.434600e-03,514750
7.588000e-03,5.174400e+05
7.678500e-03,515490
7.785600e-03,514650
7.921300e-03,5.159100e+05
8.028800e-03,5.129600e+05
8.158100e-03,5.145600e+05
8.282500e-03,515760
8.381200e-03,514140
8.504100e-03,514870
8.621200e-03,5.158400e+05
8.689000e-03,5.139300e+05
8.820600e-03,514620
8.956700e-03,5.156900e+05
9.055300e-03,516010
9.173800e-03,5.145400e+05
9.319400e-03,515530
9.436800e-03,5.145900e+05
9.556800e-03,5.133300e+05
9.696900e-03,5.153100e+05
9.816500e-03,515020
9.910300e-03,513520
1.004600e-02,511490
1.016100e-02,5.137100e+05
1.025900e-02,5.130800e+05
1.037000e-02,510950
1.048100e-02,511520
1.059600e-02,514220
1.071800e-02,511440
1.085700e-02,511540
1.091300e-02,510840
1.106400e-02,509390
1.119700e-02,509420
1.130600e-02,511760
1.141800e-02,511540
1.153400e-02,511310
1.167000e-02,511040
1.171300e-02,510960
1.174100e-02,510900
1.172700e-02,510930
1.174200e-02,510900
1.176200e-02,510860
1.177500e-02,510840
1.177000e-02,510850
1.176400e-02,510860
1.177200e-02,510840
1.177100e-02,510840
1.177500e-02,510840
1.178200e-02,510820
1.177800e-02,510830
1.177500e-02,510840
1.177900e-02,510830
1.177200e-02,510840
1.177900e-02,510830
1.178100e-02,510820
1.177500e-02,510840
1.177900e-02,510830
1.177600e-02,510830
1.178100e-02,510820
1.178900e-02,510810
1.177400e-02,510840
1.177700e-02,510830
1.177600e-02,510830
1.177400e-02,510840
1.180400e-02,510780
1.177800e-02,509470
1.177700e-02,509420
1.178100e-02,509630
1.178200e-02,509680
1.178200e-02,509680
1.175000e-02,508070
1.166900e-02,504010
1.163100e-02,502100
1.156900e-02,498990
1.146800e-02,493930
1.139200e-02,490120
1.136100e-02,488560
1.127600e-02,484300
1.119000e-02,479980
1.109300e-02,475120
1.100600e-02,470760
1.090600e-02,465740
1.083200e-02,462030
1.074700e-02,457770
1.063700e-02,452250
1.057300e-02,449040
1.046500e-02,443620
1.036700e-02,438710
1.026900e-02,433790
1.015200e-02,427930
1.005100e-02,422860
9.951200e-03,417850
9.886600e-03,414610
9.785900e-03,409560
9.677800e-03,404140
9.584700e-03,399680
9.492300e-03,395360
9.367000e-03,389470
9.276500e-03,384290
9.217700e-03,381000
9.087200e-03,374280
8.974300e-03,367150
8.881900e-03,365260
8.765000e-03,357660
8.646800e-03,351710
8.566000e-03,347710
8.459700e-03,342730
8.346600e-03,336600
8.292000e-03,333690
8.194800e-03,329110
8.102500e-03,323980
8.008900e-03,319250
7.952200e-03,315460
7.806900e-03,308120
7.726200e-03,303580
7.607300e-03,297940
7.496900e-03,291350
7.391200e-03,285600
7.301800e-03,282600
7.193200e-03,276560
7.076800e-03,271520
7.008800e-03,267360
6.912500e-03,263760
6.839400e-03,258870
6.743600e-03,253050
6.627100e-03,250250
6.526400e-03,243620
6.429700e-03,238310
6.329900e-03,234070
6.253000e-03,230100
6.143500e-03,224170
6.046800e-03,219570
5.927000e-03,213580
5.814700e-03,207320
5.725800e-03,203890
5.630700e-03,198580
5.523900e-03,193290
5.460200e-03,191420
5.375500e-03,186750
5.261200e-03,179920
5.161500e-03,175080
5.061200e-03,170900
4.923600e-03,164020
4.843000e-03,159470
4.694000e-03,154720
4.581900e-03,148110
4.449100e-03,142330
4.360600e-03,138650
4.262200e-03,133410
4.154700e-03,1.285200e+05
4.088000e-03,125860
4.016600e-03,122300
3.906700e-03,117740
3.805400e-03,112750
3.692500e-03,108410
3.597000e-03,104240
3.520700e-03,99683
3.401300e-03,95231
3.276000e-03,89727
3.171300e-03,83648
3.062600e-03,79899
2.950700e-03,74477
2.866100e-03,69027
2.787000e-03,66567
2.678000e-03,62844
2.622500e-03,58436
2.566700e-03,55664
2.463000e-03,51424
2.348700e-03,45663
2.283600e-03,40438
2.171400e-03,36076
1.998700e-03,27016
1.870300e-03,21325
1.738100e-03,15409
1.592500e-03,8.703400e+03
1.510200e-03,3.593800e+03
1.414100e-03,1049
1.340400e-03,-2.546300e+03
1.269900e-03,-5.995100e+03
1.195900e-03,-10095
1.148400e-03,-12223
1.060400e-03,-16786
9.572200e-04,-21052
8.451900e-04,-26548
7.129100e-04,-34505
5.824500e-04,-39910
4.584700e-04,-45071
3.191300e-04,-50965
2.318600e-04,-56679
1.332600e-04,-59454
2.011800e-05,-6.523100e+04
-7.927200e-05,-69736
-1.128500e-04,-72882
-2.347800e-04,-77310
-3.525400e-04,-82878
-4.302400e-04,-86400
-5.398000e-04,-92117
-6.821500e-04,-98519
-7.823800e-04,-104050
-9.074900e-04,-107790
-1.031400e-03,-114570
-1.134000e-03,-118570
-1.204200e-03,-121590
-1.311900e-03,-125850
-1.421400e-03,-131240
-1.494100e-03,-134900
-1.611800e-03,-138770
-1.731300e-03,-144280
-1.833300e-03,-149030
-1.941100e-03,-152330
-2.043300e-03,-157160
-2.118000e-03,-161000
-2.250100e-03,-166160
-2.356400e-03,-170810
-2.470000e-03,-176170
-2.543900e-03,-178380
-2.689300e-03,-183130
-2.791000e-03,-189250
-2.860900e-03,-191570
-2.982800e-03,-197200
-3.089200e-03,-202540
-3.199200e-03,-205430
-3.322000e-03,-210220
-3.429300e-03,-215450
-3.524800e-03,-219020
-3.647500e-03,-223210
-3.762500e-03,-228700
-3.882800e-03,-232730
-3.973900e-03,-235230
-4.088500e-03,-240070
-4.192800e-03,-245120
-4.273400e-03,-248420
-4.377900e-03,-252370
-4.495600e-03,-256890
-4.570900e-03,-259260
-4.679400e-03,-263110
-4.803500e-03,-267630
-4.891000e-03,-270650
-5.004000e-03,-274770
-5.087500e-03,-279020
-5.184400e-03,-283710
-5.313000e-03,-287470
-5.417200e-03,-291480
-5.511000e-03,-295860
-5.636700e-03,-298440
-5.743400e-03,-302960
-5.844300e-03,-308060
-5.956000e-03,-309940
-6.062300e-03,-314030
-6.183200e-03,-317890
-6.275600e-03,-321620
-6.373100e-03,-323660
-6.500100e-03,-328860
-6.570600e-03,-331990
-6.656000e-03,-334890
-6.812800e-03,-339430
-6.899400e-03,-342730
-6.994300e-03,-344070
-7.127200e-03,-348470
-7.230700e-03,-354160
-7.337700e-03,-356400
-7.440700e-03,-358910
-7.549300e-03,-361730
-7.617300e-03,-365290
-7.750100e-03,-368080
-7.858100e-03,-372650
-7.932700e-03,-375190
-8.071300e-03,-376500
-8.189800e-03,-378610
-8.290700e-03,-382330
-8.393000e-03,-383980
-8.486000e-03,-388190
-8.621400e-03,-392290
-8.728300e-03,-393490
-8.831500e-03,-396700
-8.959400e-03,-400700
-9.057900e-03,-402480
-9.186700e-03,-405480
-9.303000e-03,-409540
-9.385000e-03,-412510
-9.481400e-03,-413900
-9.626400e-03,-418020
-9.728900e-03,-420350
-9.801000e-03,-420880
-9.926300e-03,-424240
-1.004800e-02,-427280
-1.013300e-02,-428780
-1.025100e-02,-430530
-1.037100e-02,-432700
-1.045900e-02,-434190
-1.056200e-02,-436520
-1.067700e-02,-438480
-1.079100e-02,-441110
-1.091300e-02,-442400
-1.101800e-02,-444220
-1.112400e-02,-445520
-1.120800e-02,-445550
-1.133300e-02,-447550
-1.147900e-02,-451180
-1.153700e-02,-450270
-1.165500e-02,-451810
-1.176900e-02,-453920
-1.189100e-02,-453800
-1.200300e-02,-453230
-1.211900e-02,-454700
-1.222700e-02,-455900
-1.233000e-02,-457040
-1.245200e-02,-458390
-1.247100e-02,-458600
-1.246200e-02,-458500
-1.248000e-02,-458700
-1.249100e-02,-458820
-1.249100e-02,-458820
-1.249500e-02,-458860
-1.249000e-02,-458810
-1.249800e-02,-458900
-1.249000e-02,-458810
-1.250500e-02,-458970
-1.248600e-02,-458760
-1.250600e-02,-458980
-1.249800e-02,-458900
-1.250700e-02,-459000
-1.249500e-02,-458860
-1.249800e-02,-458900
-1.249400e-02,-458850
-1.252700e-02,-459220
-1.248800e-02,-457080
-1.250000e-02,-457740
-1.249700e-02,-457570
-1.250400e-02,-457960
-1.250000e-02,-457740
-1.250200e-02,-457850
-1.250200e-02,-457850
-1.249300e-02,-457360
-1.249400e-02,-457410
-1.248700e-02,-457030
-1.249700e-02,-457570
-1.250400e-02,-457960
-1.249200e-02,-457300
-1.249800e-02,-457630
-1.250600e-02,-458070
-1.250200e-02,-457850
-1.251700e-02,-458670
-1.248700e-02,-457030
-1.239800e-02,-452160
-1.231200e-02,-447450
-1.227700e-02,-445540
-1.220300e-02,-441490
-1.210700e-02,-436230
-1.203700e-02,-432400
-1.197400e-02,-428960
-1.187400e-02,-423490
-1.179800e-02,-419330
-1.170900e-02,-414460
-1.159600e-02,-408270
-1.149300e-02,-402640
-1.145400e-02,-400500
-1.132900e-02,-393660
-1.122800e-02,-388140
-1.115500e-02,-384140
-1.105300e-02,-378560
-1.095800e-02,-373360
-1.086600e-02,-368330
-1.076800e-02,-362970
-1.066100e-02,-357110
-1.056600e-02,-351910
-1.047000e-02,-348080
-1.037600e-02,-342530
-1.026200e-02,-335890
-1.018900e-02,-332920
-1.006000e-02,-326750
-9.971000e-03,-320400
-9.872400e-03,-316960
-9.763100e-03,-311740
-9.658200e-03,-305110
-9.574200e-03,-302610
-9.468500e-03,-297720
-9.348800e-03,-290640
-9.227100e-03,-284770
-9.161500e-03,-281100
-9.062500e-03,-274730
-8.923100e-03,-269310
-8.848100e-03,-265700
-8.743800e-03,-261320
-8.650000e-03,-255920
-8.557500e-03,-250900
-8.434000e-03,-245480
-8.333500e-03,-240310
-8.257500e-03,-237320
-8.151700e-03,-232530
-8.047700e-03,-226260
-7.959000e-03,-220180
-7.867900e-03,-216720
-7.760500e-03,-211200
-7.659200e-03,-205560
-7.549100e-03,-201820
-7.437200e-03,-196010
-7.323700e-03,-188840
-7.252300e-03,-186290
-7.135100e-03,-180650
-7.027800e-03,-175170
-6.959000e-03,-170820
-6.868600e-03,-167130
-6.731500e-03,-160340
-6.640500e-03,-156180
-6.526400e-03,-151200
-6.413600e-03,-145160
-6.307500e-03,-139720
-6.264200e-03,-135970
-6.120800e-03,-1.307100e+05
-6.027300e-03,-124960
-5.923800e-03,-120590
-5.818400e-03,-116230
-5.718800e-03,-111700
-5.655100e-03,-107530
-5.548400e-03,-102400
-5.440600e-03,-96191
-5.350500e-03,-92659
-5.251700e-03,-88000
-5.130400e-03,-83570
-5.042300e-03,-77597
-4.950400e-03,-74626
-4.856000e-03,-69865
-4.745000e-03,-63793
-4.647400e-03,-60452
-4.548900e-03,-55697
-4.431400e-03,-50076
-4.365800e-03,-47433
-4.274300e-03,-42998
-4.162100e-03,-37316
-4.049900e-03,-31389
-3.976500e-03,-28595
-3.846600e-03,-22026
-3.764600e-03,-16256
-3.683700e-03,-14351
-3.572300e-03,-8403
-3.482400e-03,-3707
-3.373900e-03,1.506600e+03
-3.268900e-03,6.039500e+03
-3.155800e-03,12453
-3.061000e-03,14787
-2.949600e-03,20332
-2.843200e-03,24411
-2.780200e-03,29728
-2.672200e-03,34100
-2.556600e-03,38502
-2.457900e-03,43097
-2.400100e-03,45641
-2.311400e-03,50167
-2.143000e-03,59084
-2.071000e-03,61079
-1.935100e-03,68048
-1.804000e-03,74718
-1.711600e-03,78911
-1.598000e-03,83612
-1.485800e-03,88793
-1.394800e-03,93256
-1.331300e-03,95752
-1.225500e-03,100470
-1.117200e-03,106220
-1.052500e-03,107550
-9.026200e-04,115230
-8.085200e-04,120830
-7.381600e-04,123840
-5.588100e-04,1.304500e+05
-4.103900e-04,138280
-3.210300e-04,142940
-2.149400e-04,146240
-1.329000e-04,150270
-6.658900e-05,153100
-2.442600e-05,155520
6.368000e-05,158290
1.409500e-04,164060
2.073200e-04,165020
3.085600e-04,170700
4.473500e-04,178100
5.449200e-04,180560
6.845500e-04,187570
8.411500e-04,196870
9.445900e-04,200350
1.075600e-03,205850
1.197500e-03,210560
1.275100e-03,214950
1.326100e-03,216000
1.401500e-03,220020
1.511300e-03,224230
1.550400e-03,226120
1.656800e-03,231700
1.779200e-03,236630
1.877400e-03,239870
1.995700e-03,245420
2.170400e-03,252730
2.242600e-03,256610
2.353900e-03,2.585800e+05
2.449500e-03,263630
2.569500e-03,268410
2.662800e-03,271340
2.776800e-03,275460
2.846100e-03,280420
2.925000e-03,282070
3.028200e-03,285510
3.124200e-03,291720
3.217600e-03,293820
3.365100e-03,300000
3.486600e-03,306250
3.581900e-03,308850
3.696400e-03,313800
3.859200e-03,319380
3.939800e-03,322020
4.029700e-03,325850
4.171600e-03,331410
4.268100e-03,336580
4.350700e-03,337650
4.468400e-03,342460
4.560200e-03,346880
4.643900e-03,348040
4.764600e-03,352500
4.905500e-03,358300
4.965300e-03,361410
5.121800e-03,365640
5.199700e-03,370580
5.286500e-03,371970
5.386800e-03,375320
5.509400e-03,380330
5.597300e-03,383920
5.734200e-03,386690
5.819200e-03,389960
5.895100e-03,394030
5.998800e-03,395210
6.111900e-03,400260
6.228700e-03,406610
6.290700e-03,406480
6.422400e-03,411910
6.552400e-03,417050
6.664700e-03,419560
6.772500e-03,422380
6.920100e-03,424990
7.010900e-03,428770
7.102400e-03,431460
7.210300e-03,435470
7.309900e-03,438040
7.378200e-03,438850
7.495800e-03,442780
7.601900e-03,447500
7.669600e-03,449170
7.806500e-03,452360
7.926600e-03,455350
8.014300e-03,457930
8.159500e-03,461820
8.285500e-03,466670
8.366800e-03,467150
8.475000e-03,468270
8.576500e-03,470210
8.692600e-03,474560
8.803600e-03,473580
8.925600e-03,476990
9.011100e-03,481010
9.101300e-03,480200
9.251100e-03,483670
9.381100e-03,488130
9.471800e-03,486050
9.611100e-03,489860
9.728200e-03,491530
9.836200e-03,492250
9.947900e-03,492210
1.007800e-02,493130
1.016200e-02,493350
1.027500e-02,492630
1.042300e-02,494550
1.054900e-02,495520
1.062900e-02,493650
1.078300e-02,495790
1.089600e-02,496170
1.095300e-02,492380
1.110900e-02,494750
1.121200e-02,495080
1.129900e-02,495350
1.145000e-02,495840
1.148600e-02,495950
1.150300e-02,496010
1.151000e-02,496030
1.151300e-02,496040
1.151800e-02,496050
1.151300e-02,496040
1.152600e-02,496080
1.151900e-02,496060
1.152300e-02,496070
1.151800e-02,496050
1.154100e-02,496130
1.152000e-02,496060
1.153000e-02,496090
1.153500e-02,496110
1.152300e-02,496070
1.152800e-02,494730
1.153700e-02,495190
1.153400e-02,495040
1.154000e-02,495350
1.153300e-02,494990
1.152200e-02,494420
1.152500e-02,494580
1.153200e-02,494940
1.153100e-02,494890
1.152400e-02,494520
1.153100e-02,494890
1.152900e-02,494780
1.154000e-02,495350
1.150700e-02,493650
1.140800e-02,488530
1.137500e-02,486830
1.131100e-02,483530
1.124100e-02,479910
1.114200e-02,474800
1.106100e-02,470620
1.100900e-02,467930
1.094500e-02,464630
1.085800e-02,460140
1.075600e-02,454870
1.066300e-02,450070
1.056900e-02,445220
1.049300e-02,441290
1.039400e-02,436180
1.034400e-02,433600
1.022500e-02,427460
1.008500e-02,420230
9.996400e-03,415660
9.880900e-03,409690
9.782400e-03,404610
9.714800e-03,401120
9.630600e-03,396450
9.511600e-03,390300
9.422700e-03,385550
9.346600e-03,381630
9.228800e-03,377530
9.125800e-03,370340
9.030400e-03,366020
8.890400e-03,358950
8.824700e-03,353850
8.717300e-03,349420
8.595000e-03,343150
8.505600e-03,338380
8.391700e-03,334500
8.314700e-03,329690
8.220400e-03,325240
8.166700e-03,320920
8.054300e-03,316510
7.956900e-03,311350
7.850500e-03,304730
7.728400e-03,300380
7.614300e-03,294280
7.505900e-03,287510
7.407900e-03,283210
7.309700e-03,278060
7.206200e-03,272040
7.145600e-03,268820
7.054400e-03,264390
6.946000e-03,2.589000e+05
6.851900e-03,253860
6.760800e-03,250320
6.636900e-03,244230
6.594300e-03,239780
6.494900e-03,236160
6.375600e-03,230150
6.272400e-03,224970
6.162700e-03,220750
6.070700e-03,214470
5.945700e-03,209000
5.868500e-03,205420
5.753200e-03,200370
5.658400e-03,195950
5.575200e-03,190700
5.489200e-03,187580
5.401300e-03,182700
5.285700e-03,177240
5.164700e-03,173540
5.094600e-03,168500
4.968500e-03,162190
4.859900e-03,157720
4.735800e-03,151350
4.607900e-03,145080
4.512100e-03,140460
4.386700e-03,135360
4.267500e-03,129660
4.228000e-03,126570
4.147200e-03,123100
4.026700e-03,117720
3.917000e-03,112200
3.862200e-03,109790
3.746800e-03,104400
3.655400e-03,99087
3.567800e-03,96333
3.458800e-03,90920
3.346700e-03,85520
3.229100e-03,81457
3.102200e-03,75269
2.980700e-03,69686
2.892200e-03,65812
2.818400e-03,63138
2.747700e-03,58550
2.665200e-03,54666
2.596100e-03,51873
2.521500e-03,47340
2.412500e-03,41478
2.312400e-03,37934
2.199700e-03,31575
2.078700e-03,24136
1.921500e-03,18683
1.798200e-03,11352
1.653000e-03,4685
1.543100e-03,2.037500e+02
1.478300e-03,-2.917500e+03
1.347300e-03,-7.973100e+03
1.297300e-03,-11092
1.230000e-03,-13207
1.151000e-03,-17394
1.075800e-03,-22124
9.806600e-04,-24516
8.704400e-04,-31710
7.717100e-04,-36294
6.271900e-04,-42631
4.981700e-04,-50070
3.769100e-04,-56078
2.811800e-04,-59564
1.722500e-04,-64491
4.972900e-05,-69969
-1.463100e-05,-72594
-9.582300e-05,-76559
-1.862800e-04,-80715
-2.959900e-04,-86432
-3.822400e-04,-89698
-5.142500e-04,-95546
-6.135100e-04,-101420
-7.378500e-04,-105840
-8.581000e-04,-111550
-9.714000e-04,-117840
-1.057700e-03,-120590
-1.184700e-03,-125180
-1.275400e-03,-130870
-1.382700e-03,-135310
-1.478700e-03,-138300
-1.600400e-03,-144190
-1.671900e-03,-147690
-1.779500e-03,-151580
-1.897300e-03,-156720
-1.992200e-03,-161830
-2.082700e-03,-165070
-2.214100e-03,-171440
-2.317500e-03,-175580
-2.408900e-03,-178790
-2.501100e-03,-183340
-2.617400e-03,-189030
-2.721300e-03,-192530
-2.832200e-03,-196950
-2.951800e-03,-201990
-3.057400e-03,-205690
-3.167600e-03,-210610
-3.298400e-03,-215400
-3.393800e-03,-220540
-3.502500e-03,-224140
-3.612100e-03,-229110
-3.722600e-03,-234410
-3.785900e-03,-236560
-3.910400e-03,-240990
-4.041900e-03,-246650
-4.112700e-03,-249350
-4.228400e-03,-253780
-4.351900e-03,-259250
-4.457600e-03,-263500
-4.554000e-03,-265460
-4.661600e-03,-271740
-4.742100e-03,-273710
-4.840400e-03,-277870
-4.960600e-03,-283030
-5.057700e-03,-287170
-5.154400e-03,-289300
-5.287500e-03,-295810
-5.390200e-03,-299800
-5.486200e-03,-302200
-5.601700e-03,-306400
-5.696900e-03,-311090
-5.765100e-03,-313480
-5.894000e-03,-317650
-6.014300e-03,-322060
-6.103200e-03,-326000
-6.212700e-03,-329200
-6.332200e-03,-333140
-6.443700e-03,-338450
-6.543400e-03,-339700
-6.664200e-03,-344730
-6.776100e-03,-349030
-6.856300e-03,-351930
-6.940900e-03,-355250
-7.082300e-03,-360530
-7.141800e-03,-362070
-7.268500e-03,-365890
-7.394100e-03,-370510
-7.478300e-03,-372810
-7.598000e-03,-375690
-7.702400e-03,-380240
-7.802200e-03,-382440
-7.888600e-03,-385670
-8.028000e-03,-390450
-8.134900e-03,-393830
-8.200500e-03,-395270
-8.373400e-03,-400490
-8.450100e-03,-403410
-8.513700e-03,-404990
-8.654000e-03,-407440
-8.747600e-03,-410200
-8.864700e-03,-414600
-8.975000e-03,-416670
-9.102100e-03,-420510
-9.210700e-03,-424410
-9.318800e-03,-425120
-9.441900e-03,-428710
-9.525800e-03,-432880
-9.629700e-03,-433530
-9.775200e-03,-437090
-9.879500e-03,-440140
-9.974800e-03,-441360
-1.006500e-02,-442800
-1.020700e-02,-446200
-1.028600e-02,-447490
-1.037700e-02,-448690
-1.050000e-02,-451140
-1.059700e-02,-452740
-1.071000e-02,-451870
-1.086500e-02,-454430
-1.096700e-02,-454180
-1.105400e-02,-453080
-1.118900e-02,-454540
-1.130100e-02,-456050
-1.138500e-02,-454600
-1.153100e-02,-455270
-1.165200e-02,-456060
-1.173400e-02,-456000
-1.186500e-02,-454600
-1.197900e-02,-454990
-1.205700e-02,-455380
-1.218600e-02,-456030
-1.226600e-02,-456430
-1.229000e-02,-456540
-1.232200e-02,-456700
-1.231800e-02,-456680
-1.232400e-02,-456710
-1.231000e-02,-456640
-1.233200e-02,-456750
-1.234700e-02,-456830
-1.233900e-02,-456790
-1.232100e-02,-456700
-1.233500e-02,-456770
-1.232700e-02,-456730
-1.233200e-02,-456750
-1.233300e-02,-456760
-1.232600e-02,-456720
-1.234900e-02,-456840
-1.233900e-02,-456790
-1.234500e-02,-456820
-1.234700e-02,-456830
-1.235900e-02,-456890
-1.234600e-02,-456820
-1.234000e-02,-456790
-1.234300e-02,-456810
-1.233500e-02,-456770
-1.233400e-02,-456760
-1.235300e-02,-456860
-1.234300e-02,-456810
-1.234900e-02,-456840
-1.234000e-02,-456790
-1.234500e-02,-456820
-1.235500e-02,-456870
-1.233700e-02,-456780
-1.234600e-02,-456820
-1.234200e-02,-456800
-1.234600e-02,-456820
-1.233800e-02,-456780
-1.234800e-02,-456830
-1.234100e-02,-456800
-1.234900e-02,-456840
-1.235600e-02,-456870
-1.233700e-02,-456780
-1.234100e-02,-456800
-1.233800e-02,-456780
-1.235300e-02,-456860
-1.234700e-02,-456830
-1.234500e-02,-456820
-1.234200e-02,-456800
-1.235200e-02,-456850
-1.233800e-02,-456780
-1.236400e-02,-456710
-1.229900e-02,-453130
-1.221700e-02,-448610
-1.217000e-02,-446020
-1.208200e-02,-441160
-1.199500e-02,-436370
-1.195000e-02,-433880
-1.189500e-02,-430850
-1.180300e-02,-425780
-1.169400e-02,-419770
-1.160400e-02,-414810
-1.154200e-02,-411390
-1.147100e-02,-407470
-1.134000e-02,-400250
-1.126400e-02,-396060
-1.116500e-02,-390600
-1.104900e-02,-384200
-1.098300e-02,-380560
-1.089000e-02,-375430
-1.078800e-02,-369810
-1.071000e-02,-365510
-1.059600e-02,-359220
-1.048000e-02,-352820
-1.037300e-02,-346920
-1.030400e-02,-343120
-1.016700e-02,-335560
-1.007800e-02,-330660
-1.000900e-02,-326850
-9.907800e-03,-321270
-9.800400e-03,-315350
-9.687700e-03,-309970
-9.594500e-03,-304930
-9.483800e-03,-299080
-9.400900e-03,-294250
-9.293300e-03,-289270
-9.194300e-03,-284490
-9.068800e-03,-277500
-8.990900e-03,-273850
-8.859800e-03,-267750
-8.752800e-03,-262810
-8.675600e-03,-259190
-8.588800e-03,-254590
-8.452400e-03,-247080
-8.378800e-03,-242440
-8.275100e-03,-238150
-8.172400e-03,-232840
-8.091400e-03,-227750
-7.979600e-03,-224380
-7.877000e-03,-218090
-7.777800e-03,-213290
-7.682800e-03,-209430
-7.551400e-03,-203110
-7.450200e-03,-198170
-7.391300e-03,-195020
-7.265600e-03,-189640
-7.159300e-03,-184100
-7.077400e-03,-179310
-6.974300e-03,-175130
-6.863600e-03,-169750
-6.737400e-03,-162550
-6.685100e-03,-160460
-6.561100e-03,-154560
-6.456300e-03,-148300
-6.391900e-03,-145220
-6.284200e-03,-139820
-6.145400e-03,-132730
-6.057400e-03,-129810
-5.939700e-03,-124130
-5.838500e-03,-119120
-5.743200e-03,-112940
-5.689400e-03,-110460
-5.581500e-03,-105800
-5.494700e-03,-101580
-5.367600e-03,-96386
-5.266600e-03,-90722
-5.148700e-03,-84951
-5.100600e-03,-82532
-4.977400e-03,-77384
-4.868900e-03,-70527
-4.782000e-03,-67915
-4.681700e-03,-62437
-4.562700e-03,-58667
-4.468400e-03,-52951
-4.369700e-03,-50018
-4.294700e-03,-45676
-4.204800e-03,-38852
-4.102800e-03,-37102
-4.011300e-03,-3.246200e+04
-3.886400e-03,-24976
-3.832100e-03,-23307
-3.701300e-03,-17860
-3.589000e-03,-11805
-3.506500e-03,-7.457400e+03
-3.395500e-03,-3.534600e+03
-3.280100e-03,2.453700e+03
-3.189700e-03,5.940100e+03
-3.076200e-03,9.933200e+03
-2.979700e-03,16482
-2.847600e-03,21663
-2.802300e-03,24322
-2.698300e-03,30443
-2.601500e-03,34669
-2.520200e-03,36624
-2.414900e-03,43100
-2.309000e-03,48331
-2.222600e-03,52244
-2.091300e-03,58149
-1.958500e-03,6.492400e+04
-1.860300e-03,69185
-1.745300e-03,72559
-1.613500e-03,78204
-1.516600e-03,84615
-1.411800e-03,87107
-1.361400e-03,90813
-1.246100e-03,96256
-1.171000e-03,98115
-1.081200e-03,103450
-9.632400e-04,108820
-8.890900e-04,112950
-7.525900e-04,119590
-5.852400e-04,127440
-4.960400e-04,132030
-3.567200e-04,136430
-2.479900e-04,141640
-1.675000e-04,145850
-8.806700e-05,148880
-1.338700e-05,152370
5.091000e-05,155040
8.197700e-05,156860
1.921400e-04,162190
2.989200e-04,167420
3.798200e-04,169430
5.282600e-04,176540
6.813500e-04,184240
7.722400e-04,188030
9.226200e-04,193720
1.045400e-03,200980
1.156600e-03,204570
1.253400e-03,207160
1.323300e-03,210150
1.393400e-03,216090
1.455400e-03,216380
1.542200e-03,219460
1.646400e-03,225660
1.748300e-03,228980
1.856500e-03,234550
1.988600e-03,240860
2.088800e-03,244700
2.194200e-03,248620
2.346000e-03,255630
2.412400e-03,2.587100e+05
2.547700e-03,262670
2.644400e-03,266570
2.733900e-03,270260
2.799600e-03,273220
2.914800e-03,277920
3.022900e-03,281910
3.095700e-03,283400
3.231400e-03,290390
3.353500e-03,295440
3.432500e-03,297990
3.564000e-03,302590
3.697000e-03,307490
3.797100e-03,313420
3.922100e-03,316070
4.024600e-03,319910
4.112900e-03,324580
4.229700e-03,327220
4.329400e-03,331320
4.443700e-03,336880
4.503200e-03,337150
4.619000e-03,342850
4.736700e-03,347470
4.818100e-03,350820
4.947400e-03,354790
5.066100e-03,359220
5.160300e-03,361920
5.277500e-03,367240
5.395300e-03,370220
5.465700e-03,374940
5.574900e-03,377750
5.700700e-03,381350
5.771800e-03,385240
5.876300e-03,387100
5.995400e-03,392460
6.106000e-03,395990
6.138300e-03,396550
6.283200e-03,402600
6.407400e-03,406890
6.486500e-03,409280
6.627300e-03,411960
6.745400e-03,416170
6.869500e-03,420720
6.963600e-03,422160
7.077200e-03,425090
7.195600e-03,429730
7.271900e-03,430590
7.369300e-03,433800
7.481600e-03,438370
7.545200e-03,438310
7.654000e-03,442530
7.785500e-03,445560
7.892700e-03,449530
7.987400e-03,451470
8.135500e-03,456370
8.222400e-03,457060
8.343100e-03,460010
8.458900e-03,462520
8.581200e-03,466820
8.645300e-03,467600
8.778700e-03,470560
8.851900e-03,473330
8.954800e-03,473910
9.111600e-03,477780
9.240500e-03,479730
9.310600e-03,480820
9.462800e-03,482940
9.616300e-03,485570
9.704500e-03,482460
9.834700e-03,482090
9.946300e-03,482810
1.007200e-02,486720
1.016700e-02,483290
1.028500e-02,485380
1.038800e-02,488380
1.048500e-02,486430
1.061700e-02,487620
1.073300e-02,490040
1.083300e-02,487440
1.095200e-02,488650
1.107100e-02,490160
1.118300e-02,487220
1.131300e-02,485180
1.144400e-02,484140
1.154000e-02,481490
1.164800e-02,481260
1.177200e-02,481670
1.188300e-02,483120
1.197200e-02,482010
1.211300e-02,483910
1.223200e-02,484420
1.232000e-02,481910
1.244800e-02,482680
1.258900e-02,484630
1.266800e-02,483480
1.276900e-02,482160
1.291200e-02,483430
1.303400e-02,484420
1.313400e-02,480680
1.324600e-02,479650
1.337200e-02,481780
1.346700e-02,479030
1.358000e-02,478860
1.374600e-02,481670
1.380900e-02,478260
1.393300e-02,478920
1.410000e-02,479140
1.416100e-02,475910
1.428600e-02,477080
1.443900e-02,478460
1.453900e-02,476220
1.466300e-02,476290
1.478000e-02,477110
1.487900e-02,475110
1.500400e-02,475000
1.512600e-02,474120
1.527000e-02,474570
1.537300e-02,471840
1.553000e-02,473460
1.564900e-02,474870
1.576100e-02,473690
1.588500e-02,472750
1.600100e-02,472370
1.609700e-02,471960
1.620700e-02,470450
1.635000e-02,470610
1.643800e-02,470910
1.658000e-02,468150
1.669300e-02,466660
1.684000e-02,469050
1.689700e-02,463890
1.700200e-02,466110
1.713400e-02,471160
1.721500e-02,467550
1.733800e-02,469160
1.747200e-02,473360
1.756100e-02,468630
1.768900e-02,468700
1.779800e-02,468840
1.791100e-02,467740
1.800500e-02,468090
1.817500e-02,469240
1.826900e-02,467020
1.839200e-02,464950
1.854500e-02,465140
1.866800e-02,466400
1.870600e-02,462320
1.886900e-02,463090
1.897700e-02,464790
1.908200e-02,462580
1.924300e-02,462700
1.933200e-02,461570
1.945600e-02,462910
1.955100e-02,459880
1.967000e-02,460610
1.973500e-02,461210
1.989900e-02,460550
2.003400e-02,459480
2.017700e-02,462110
2.026200e-02,457930
2.036800e-02,457710
2.046600e-02,458370
2.053700e-02,455670
2.071000e-02,456710
2.084000e-02,459200
2.093300e-02,454870
2.107400e-02,455370
2.119600e-02,455740
2.129700e-02,454250
2.138800e-02,455350
2.155700e-02,456840
2.166700e-02,456810
2.181500e-02,456110
2.192900e-02,456680
2.204700e-02,456540
2.211900e-02,452280
2.226300e-02,454310
2.240000e-02,456440
2.250600e-02,454370
2.263600e-02,454440
2.276300e-02,455930
2.285100e-02,454500
2.295400e-02,451840
2.307300e-02,454070
2.319400e-02,454490
2.327900e-02,452150
2.341200e-02,451990
2.353000e-02,453340
2.363700e-02,450220
2.376200e-02,450590
2.387700e-02,452350
2.395900e-02,450380
2.407100e-02,450330
2.425300e-02,453160
2.433700e-02,449430
2.448300e-02,449030
2.460900e-02,447070
2.471000e-02,448220
2.482100e-02,447050
2.497000e-02,447550
2.506100e-02,446740
2.519300e-02,445470
2.529400e-02,447540
2.541600e-02,446720
2.550400e-02,446550
2.563900e-02,448160
2.574800e-02,448590
2.585800e-02,446480
2.598900e-02,444070
2.613300e-02,442580
2.628200e-02,443600
2.639500e-02,440250
2.649300e-02,439280
2.657600e-02,439520
2.672300e-02,438360
2.684800e-02,440580
2.696600e-02,440740
2.708200e-02,440310
2.719300e-02,439900
2.727800e-02,439580
2.729600e-02,439510
2.729800e-02,439510
2.729600e-02,439510
2.731500e-02,439440
2.730800e-02,439470
2.732100e-02,439420
2.732300e-02,439410
2.731800e-02,439430
2.732100e-02,439420
2.732600e-02,439400
2.732100e-02,439420
2.732200e-02,439420
2.732000e-02,439420
2.731300e-02,439450
2.732600e-02,439400
2.732100e-02,439420
2.733000e-02,439390
2.732300e-02,439410
2.733600e-02,439360
2.733800e-02,439360
2.733300e-02,439370
2.733100e-02,439380
2.733500e-02,439370
2.732400e-02,439410
2.733100e-02,439380
2.731900e-02,439430
2.733200e-02,439380
2.733800e-02,439360
2.733400e-02,439370
2.734000e-02,439350
2.733400e-02,439370
2.733000e-02,439390
2.735100e-02,439310
2.730700e-02,436700
2.723100e-02,432770
2.719300e-02,430800
2.712400e-02,427230
2.702000e-02,421850
2.692900e-02,417140
2.688100e-02,414650
2.679300e-02,410100
2.672100e-02,406370
2.661900e-02,401100
2.651600e-02,395770
2.640900e-02,390230
2.632400e-02,385830
2.621300e-02,380090
2.611900e-02,375220
2.606100e-02,372220
2.593600e-02,365750
2.584400e-02,360990
2.577300e-02,357320
2.565200e-02,351060
2.555700e-02,345850
2.547900e-02,341650
2.537900e-02,337690
2.528200e-02,332540
2.516600e-02,325500
2.506000e-02,321390
2.495900e-02,315740
2.483400e-02,310480
2.476000e-02,306840
2.467500e-02,302930
2.457100e-02,296860
2.446000e-02,293800
2.437100e-02,287670
2.424700e-02,282200
2.416000e-02,277930
2.408800e-02,275610
2.397500e-02,269480
2.388800e-02,265610
2.377900e-02,260930
2.366000e-02,254930
2.355400e-02,248980
2.345900e-02,246740
2.333300e-02,241360
2.326700e-02,236720
2.315900e-02,232790
2.306400e-02,227700
2.293900e-02,222510
2.286000e-02,216830
2.272500e-02,212040
2.265700e-02,207640
2.256100e-02,203060
2.245600e-02,200330
2.233800e-02,195150
2.224800e-02,189890
2.213800e-02,186710
2.203900e-02,181840
2.193900e-02,177360
2.187800e-02,173350
2.178700e-02,170790
2.168400e-02,165160
2.161400e-02,162410
2.147000e-02,155300
2.134300e-02,149500
2.126100e-02,145200
2.117400e-02,141430
2.107000e-02,136360
2.100900e-02,133380
2.090200e-02,1.288600e+05
2.079200e-02,122050
2.067500e-02,116220
2.057000e-02,112550
2.044600e-02,107780
2.039200e-02,102810
2.026900e-02,100010
2.017000e-02,95074
2.006100e-02,90390
1.994300e-02,85438
1.983300e-02,79675
1.972200e-02,74653
1.960400e-02,69194
1.955600e-02,67169
1.947700e-02,62546
1.932600e-02,55344
1.923200e-02,51938
1.912800e-02,47870
1.901700e-02,41691
1.891500e-02,39319
1.880400e-02,34598
1.870400e-02,28646
1.863300e-02,25511
1.851900e-02,20626
1.838000e-02,14413
1.830600e-02,10691
1.818400e-02,7.393200e+03
1.807200e-02,1.315100e+03
1.797900e-02,-2.584100e+03
1.788300e-02,-6.154100e+03
1.774200e-02,-10908
1.759600e-02,-14628
1.750700e-02,-17577
1.737700e-02,-21900
1.726400e-02,-26956
1.718700e-02,-30715
1.709800e-02,-35431
1.697800e-02,-41858
1.688000e-02,-47677
1.679700e-02,-52058
1.666500e-02,-57602
1.654900e-02,-63782
1.648300e-02,-66884
1.636500e-02,-72293
1.629500e-02,-75813
1.616800e-02,-79329
1.605700e-02,-84532
1.593800e-02,-89641
1.584700e-02,-93182
1.574600e-02,-97769
1.560600e-02,-103950
1.554700e-02,-106640
1.544100e-02,-110900
1.530000e-02,-116460
1.519800e-02,-120830
1.511400e-02,-123210
1.494900e-02,-1.295400e+05
1.487400e-02,-133520
1.478600e-02,-136420
1.464700e-02,-140550
1.455300e-02,-145230
1.444600e-02,-149760
1.431200e-02,-153490
1.421100e-02,-158640
1.409200e-02,-162970
1.397900e-02,-165680
1.387400e-02,-170350
1.379400e-02,-175160
1.366500e-02,-177840
1.357200e-02,-183320
1.343900e-02,-188850
1.339400e-02,-189540
1.328100e-02,-194060
1.315800e-02,-199930
1.304300e-02,-201750
1.295100e-02,-206800
1.282300e-02,-211910
1.274300e-02,-214420
1.263400e-02,-217930
1.250300e-02,-223520
1.243000e-02,-226220
1.231600e-02,-229650
1.216900e-02,-234830
1.207400e-02,-239760
1.195300e-02,-242160
1.181800e-02,-247660
1.171300e-02,-251570
1.163900e-02,-253940
1.154700e-02,-256070
1.141700e-02,-261300
1.133600e-02,-264140
1.122200e-02,-267300
1.111600e-02,-270870
1.101300e-02,-275170
1.091800e-02,-277900
1.081200e-02,-282370
1.067800e-02,-288620
1.055400e-02,-288870
1.044500e-02,-294130
1.032900e-02,-298360
1.022500e-02,-300100
1.011000e-02,-303230
9.981000e-03,-307630
9.931900e-03,-308320
9.816600e-03,-311570
9.713400e-03,-314720
9.616600e-03,-318160
9.509000e-03,-321360
9.354000e-03,-327030
9.271800e-03,-329830
9.162100e-03,-333110
8.999000e-03,-337710
8.857600e-03,-341790
8.797800e-03,-342140
8.652000e-03,-346150
8.539700e-03,-349560
8.445600e-03,-351650
8.359500e-03,-352990
8.244100e-03,-355660
8.137200e-03,-360360
8.053500e-03,-360310
7.928300e-03,-365030
7.823100e-03,-368600
7.703600e-03,-370630
7.609000e-03,-372460
7.490000e-03,-376350
7.388700e-03,-377890
7.254000e-03,-381840
7.155900e-03,-385970
7.030300e-03,-386730
6.934200e-03,-389190
6.832000e-03,-392680
6.783600e-03,-392230
6.683400e-03,-394370
6.532900e-03,-398430
6.443800e-03,-401450
6.332800e-03,-402580
6.165700e-03,-406960
6.061800e-03,-408420
5.948300e-03,-409400
5.808400e-03,-413010
5.666500e-03,-415070
5.576000e-03,-415850
5.463500e-03,-416820
5.366500e-03,-418850
5.301000e-03,-418890
5.196400e-03,-419170
5.085000e-03,-420690
4.981500e-03,-423560
4.874800e-03,-423830
4.743300e-03,-424740
4.696600e-03,-426800
4.553300e-03,-427170
4.396400e-03,-430060
4.254000e-03,-432450
4.137600e-03,-433150
4.009600e-03,-434690
3.883000e-03,-436220
3.818400e-03,-436990
3.784200e-03,-437400
3.766100e-03,-437620
3.779900e-03,-437460
3.770100e-03,-437570
3.760300e-03,-437690
3.756400e-03,-437740
3.761900e-03,-437670
3.749200e-03,-437820
3.759700e-03,-437700
3.748400e-03,-437830
3.745400e-03,-437870
3.748000e-03,-437840
3.744900e-03,-437880
3.742200e-03,-437910
3.735200e-03,-437990
3.761200e-03,-437680
3.736600e-03,-437980
3.736100e-03,-437980
3.739600e-03,-437940
3.748400e-03,-437830
3.749800e-03,-437820
3.737200e-03,-437970
3.728200e-03,-438080
3.744800e-03,-437880
3.734700e-03,-438000
3.749200e-03,-437820
3.737200e-03,-437970
3.735700e-03,-437990
3.726200e-03,-438100
3.778900e-03,-435130
3.802300e-03,-433990
3.879900e-03,-430200
3.983800e-03,-425140
4.054600e-03,-421690
4.171600e-03,-415980
4.287700e-03,-410330
4.348500e-03,-407360
4.444800e-03,-402670
4.546200e-03,-397720
4.601200e-03,-395040
4.662300e-03,-392060
4.756000e-03,-387500
4.846400e-03,-383090
4.922500e-03,-379380
5.048800e-03,-373220
5.132300e-03,-369150
5.228500e-03,-364460
5.332400e-03,-359400
5.453500e-03,-353490
5.552500e-03,-348670
5.674400e-03,-342730
5.778300e-03,-337660
5.866200e-03,-333380
5.961700e-03,-328720
6.056000e-03,-324120
6.163000e-03,-318910
6.256700e-03,-314340
6.372600e-03,-308690
6.483400e-03,-303290
6.552200e-03,-299930
6.668300e-03,-294270
6.795000e-03,-288100
6.857400e-03,-285060
6.976200e-03,-279260
7.083400e-03,-273580
7.181700e-03,-268050
7.241600e-03,-265670
7.382100e-03,-2.587300e+05
7.486200e-03,-254140
7.551600e-03,-251560
7.639200e-03,-246960
7.757400e-03,-240870
7.830000e-03,-236610
7.948500e-03,-232600
8.064900e-03,-226630
8.174200e-03,-221390
8.289100e-03,-216430
8.394800e-03,-210590
8.516700e-03,-204000
8.652600e-03,-200060
8.729200e-03,-194820
8.868700e-03,-189780
8.955100e-03,-186090
9.023800e-03,-182880
9.153200e-03,-176990
9.212600e-03,-173380
9.327500e-03,-168920
9.426600e-03,-162220
9.571500e-03,-156190
9.642300e-03,-153270
9.790100e-03,-146370
9.883700e-03,-142110
9.982300e-03,-137800
1.012200e-02,-131990
1.020200e-02,-127360
1.027900e-02,-124100
1.039300e-02,-120470
1.048900e-02,-113170
1.056700e-02,-110510
1.068700e-02,-105900
1.080600e-02,-100410
1.089900e-02,-95541
1.102100e-02,-91059
1.115100e-02,-84520
1.127300e-02,-78783
1.134800e-02,-75915
1.146700e-02,-70531
1.156700e-02,-64712
1.166100e-02,-62470
1.179600e-02,-56868
1.190400e-02,-51558
1.200200e-02,-45815
1.209400e-02,-42864
1.223600e-02,-36672
1.230600e-02,-3.271200e+04
1.238600e-02,-30286
1.249500e-02,-23324
1.261300e-02,-17502
1.270300e-02,-15836
1.283700e-02,-9.747200e+03
1.292100e-02,-4.484100e+03
1.299400e-02,-1.973800e+03
1.310100e-02,2.526500e+03
1.320100e-02,7.505500e+03
1.329700e-02,12191
1.342600e-02,17230
1.350900e-02,21382
1.362600e-02,25224
1.373500e-02,28904
1.384600e-02,34285
1.396500e-02,41624
1.405100e-02,42869
1.414400e-02,47933
1.427800e-02,53565
1.433900e-02,54903
1.443000e-02,59099
1.454400e-02,6.465000e+04
1.462600e-02,67481
1.472800e-02,73144
1.483900e-02,77763
1.496400e-02,84020
1.506400e-02,86022
1.516100e-02,90183
1.524900e-02,94797
1.536500e-02,98769
1.549800e-02,104530
1.558400e-02,109490
1.565700e-02,111850
1.579200e-02,117550
1.589900e-02,123940
1.600200e-02,127000
1.612800e-02,1.307900e+05
1.620300e-02,135010
1.633500e-02,140770
1.644400e-02,144450
1.656400e-02,149430
1.666900e-02,155600
1.674900e-02,157080
1.685500e-02,161650
1.697900e-02,168720
1.706000e-02,169970
1.715300e-02,175240
1.728800e-02,181440
1.738000e-02,184760
1.749900e-02,189100
1.762500e-02,193440
1.768900e-02,195860
1.778200e-02,199190
1.791800e-02,205420
1.798600e-02,208920
1.807600e-02,212030
1.823400e-02,218530
1.830900e-02,221870
1.841500e-02,222580
1.852900e-02,228540
1.861600e-02,232520
1.871000e-02,236720
1.886100e-02,240990
1.896500e-02,246740
1.904400e-02,250100
1.917400e-02,252880
1.928200e-02,254630
1.935700e-02,2.600400e+05
1.946100e-02,262570
1.958100e-02,267080
1.971000e-02,274710
1.978300e-02,275540
1.990300e-02,279290
2.001100e-02,283760
2.010700e-02,285980
2.019900e-02,290220
2.034600e-02,295700
2.048400e-02,300670
2.058800e-02,301790
2.072100e-02,306810
2.072300e-02,306880
2.082300e-02,311050
2.094700e-02,315300
2.103600e-02,319550
2.116600e-02,322030
2.129200e-02,328050
2.140200e-02,331660
2.150700e-02,333080
2.162400e-02,336880
2.171800e-02,340660
2.182100e-02,343870
2.195000e-02,347360
2.207300e-02,352800
2.217500e-02,354700
2.230700e-02,357740
2.241600e-02,359580
2.250200e-02,364210
2.259800e-02,365320
2.273800e-02,368390
2.283500e-02,374060
2.293600e-02,374630
2.304300e-02,378440
2.316700e-02,384440
2.321100e-02,383830
2.332900e-02,387290
2.343900e-02,391390
2.360100e-02,395340
2.371000e-02,394280
2.384600e-02,395210
2.393100e-02,393670
2.402700e-02,395950
2.413300e-02,400440
2.424900e-02,405440
2.435400e-02,406600
2.446800e-02,411260
2.459800e-02,414040
2.467900e-02,414430
2.480100e-02,417130
2.492100e-02,417960
2.497800e-02,419610
2.512300e-02,422330
2.524300e-02,424930
2.533900e-02,426260
2.543100e-02,425820
2.554100e-02,426310
2.564900e-02,429440
2.575800e-02,426720
2.589900e-02,428700
2.603300e-02,431930
2.612700e-02,430000
2.625400e-02,429790
2.638200e-02,430490
2.646700e-02,430190
2.659400e-02,433300
2.670600e-02,434170
2.680800e-02,434960
2.692400e-02,435860
2.693800e-02,435970
2.694900e-02,436050
2.695300e-02,436090
2.695700e-02,436120
2.696500e-02,436180
2.697300e-02,436240
2.696100e-02,436150
2.698100e-02,436300
2.697400e-02,436250
2.698700e-02,436350
2.697900e-02,436290
2.697000e-02,436220
2.699500e-02,436410
2.699500e-02,436410
2.698700e-02,436350
2.700300e-02,436470
2.699800e-02,436440
2.700200e-02,436470
2.701200e-02,436540
2.698900e-02,436370
2.699500e-02,436410
2.700100e-02,436460
2.701600e-02,436580
2.700600e-02,434970
2.702000e-02,435840
2.701000e-02,435220
2.700900e-02,435160
2.699500e-02,434290
2.701000e-02,435220
2.700700e-02,435030
2.700700e-02,435030
2.701200e-02,435350
2.701500e-02,435530
2.701400e-02,435470
2.697500e-02,433040
2.693300e-02,430430
2.684900e-02,425200
2.677000e-02,420280
2.667800e-02,414560
2.658400e-02,408700
2.651800e-02,404600
2.645100e-02,400430
2.633000e-02,392890
2.624300e-02,387480
2.616700e-02,382750
2.608900e-02,377890
2.599400e-02,371980
2.590000e-02,366130
2.580500e-02,360210
2.568800e-02,352930
2.559200e-02,346960
2.552700e-02,342910
2.540900e-02,335560
2.530800e-02,328800
2.525800e-02,325520
2.510300e-02,318820
2.500000e-02,313170
2.491900e-02,310120
2.481400e-02,305340
2.469900e-02,300210
2.462200e-02,296030
2.451700e-02,291350
2.441700e-02,285260
2.432200e-02,281310
2.422000e-02,276750
2.411200e-02,272360
2.402400e-02,267220
2.395600e-02,264150
2.384000e-02,258360
2.371800e-02,252130
2.362300e-02,248440
2.351500e-02,243340
2.341400e-02,237610
2.331300e-02,235340
2.323300e-02,230850
2.310100e-02,225780
2.300200e-02,220000
2.288600e-02,216050
2.277900e-02,209730
2.267400e-02,205320
2.259500e-02,202150
2.250600e-02,198260
2.242000e-02,192880
2.231900e-02,189710
2.219600e-02,185070
2.210000e-02,178570
2.200300e-02,174680
2.193500e-02,171840
2.184900e-02,167840
2.177100e-02,164480
2.166000e-02,160310
2.154600e-02,153090
2.143000e-02,147640
2.131800e-02,143430
2.124100e-02,138730
2.116900e-02,134520
2.106700e-02,1.306700e+05
2.095900e-02,125200
2.086700e-02,119990
2.074600e-02,115970
2.063900e-02,110350
2.050100e-02,103970
2.047600e-02,103570
2.035200e-02,98515
2.024600e-02,92344
2.014000e-02,87175
2.002700e-02,84357
1.989000e-02,78220
1.977700e-02,74858
1.968000e-02,71555
1.955600e-02,67021
1.943900e-02,61548
1.943600e-02,58746
1.923500e-02,51381
1.916100e-02,45516
1.909800e-02,42319
1.897100e-02,36596
1.888000e-02,32475
1.877100e-02,29538
1.865200e-02,24149
1.855000e-02,19606
1.842700e-02,14514
1.836400e-02,12637
1.825100e-02,6.234600e+03
1.816200e-02,-5.036600e+02
1.809800e-02,-2.255400e+03
1.797200e-02,-8.571200e+03
1.786900e-02,-15396
1.775200e-02,-19168
1.765700e-02,-24237
1.752400e-02,-30810
1.741500e-02,-33753
1.730800e-02,-37966
1.718900e-02,-43526
1.710300e-02,-47810
1.700100e-02,-50927
1.687900e-02,-57826
1.681400e-02,-62303
1.668500e-02,-65868
1.656400e-02,-70288
1.646700e-02,-75174
1.636500e-02,-77447
1.625400e-02,-83514
1.612600e-02,-88169
1.603400e-02,-90748
1.592200e-02,-95204
1.577500e-02,-100280
1.571500e-02,-104270
1.560300e-02,-107880
1.548900e-02,-113400
1.540400e-02,-118080
1.531200e-02,-121730
1.518100e-02,-126130
1.509200e-02,-130780
1.498800e-02,-134240
1.487000e-02,-140420
1.475200e-02,-144990
1.464700e-02,-148930
1.453600e-02,-152840
1.442100e-02,-158140
1.431700e-02,-160690
1.421300e-02,-165140
1.408400e-02,-170100
1.395700e-02,-174540
1.386000e-02,-176680
1.374800e-02,-182260
1.364600e-02,-186740
1.356100e-02,-189870
1.342900e-02,-193210
1.334400e-02,-198240
1.325600e-02,-200550
1.310800e-02,-206320
1.302400e-02,-210950
1.292900e-02,-212480
1.282400e-02,-217140
1.272600e-02,-222070
1.262300e-02,-226380
1.249300e-02,-230300
1.239200e-02,-234780
1.227900e-02,-240350
1.219900e-02,-241650
1.204200e-02,-247080
1.191100e-02,-252080
1.181000e-02,-254210
1.169000e-02,-2.589200e+05
1.158200e-02,-263040
1.150900e-02,-266040
1.141500e-02,-268620
1.130700e-02,-273900
1.121700e-02,-276640
1.109000e-02,-279740
1.097100e-02,-283700
1.086000e-02,-287980
1.076100e-02,-290200
1.063300e-02,-295140
1.053000e-02,-298720
1.040100e-02,-302270
1.028900e-02,-307200
1.016900e-02,-310500
1.011400e-02,-312090
9.996700e-03,-315880
9.916400e-03,-319530
9.832500e-03,-322380
9.716000e-03,-325180
9.604500e-03,-328590
9.465400e-03,-333860
9.355700e-03,-335730
9.233900e-03,-340220
9.084200e-03,-344810
8.976300e-03,-346400
8.823300e-03,-350210
8.721800e-03,-354850
8.631100e-03,-355660
8.516500e-03,-359000
8.416100e-03,-362860
8.326000e-03,-366130
8.240700e-03,-368360
8.103100e-03,-372690
8.033500e-03,-374780
7.922400e-03,-377250
7.784500e-03,-381410
7.684000e-03,-383880
7.581700e-03,-386140
7.457100e-03,-390520
7.346800e-03,-393060
7.245900e-03,-394470
7.111100e-03,-397390
7.002000e-03,-399360
6.908900e-03,-403070
6.837000e-03,-404260
6.747900e-03,-406840
6.636000e-03,-409920
6.527600e-03,-411220
6.403200e-03,-413420
6.282900e-03,-417010
6.144200e-03,-418250
6.020300e-03,-421670
5.876800e-03,-424900
5.775800e-03,-425180
5.660900e-03,-426600
5.535800e-03,-428300
5.461600e-03,-427440
5.363900e-03,-427410
5.260400e-03,-429070
5.151600e-03,-431000
5.070400e-03,-429690
4.955100e-03,-430810
4.836500e-03,-431830
4.748000e-03,-430080
4.596700e-03,-432300
4.489400e-03,-432990
4.359800e-03,-433810
4.177000e-03,-435050
4.048900e-03,-435910
3.992600e-03,-436290
3.963100e-03,-436490
3.968900e-03,-436450
3.967300e-03,-436470
3.957900e-03,-436530
3.955400e-03,-436550
3.952100e-03,-436570
3.953300e-03,-436560
3.953100e-03,-436560
3.949900e-03,-436580
3.937000e-03,-436670
3.949000e-03,-436590
3.946600e-03,-436610
3.944100e-03,-436620
3.951500e-03,-436570
3.951300e-03,-436570
3.941900e-03,-436640
3.946700e-03,-436610
3.937300e-03,-436670
3.936400e-03,-436670
3.941200e-03,-436640
3.942000e-03,-436640
3.945900e-03,-436610
3.930600e-03,-436710
3.940400e-03,-436650
3.948000e-03,-436600
3.924100e-03,-436760
3.940900e-03,-436640
3.932200e-03,-436700
3.933700e-03,-435900
3.942500e-03,-435470
3.928600e-03,-436140
3.929700e-03,-436090
3.934200e-03,-435870
3.936600e-03,-435760
3.937000e-03,-435740
3.931000e-03,-436030
3.990800e-03,-433130
4.094000e-03,-428140
4.185500e-03,-423710
4.274300e-03,-419410
4.366500e-03,-414950
4.412400e-03,-412730
4.483100e-03,-409300
4.579000e-03,-404660
4.648600e-03,-401290
4.737900e-03,-396970
4.810100e-03,-393480
4.879900e-03,-390100
4.965800e-03,-385940
5.073900e-03,-380710
5.171900e-03,-375960
5.274700e-03,-370990
5.392600e-03,-365280
5.506400e-03,-359770
5.603900e-03,-355050
5.710300e-03,-349900
5.809600e-03,-345100
5.922800e-03,-339620
6.008600e-03,-336380
6.094000e-03,-332690
6.195500e-03,-327230
6.261100e-03,-323770
6.382500e-03,-319110
6.492900e-03,-312610
6.585300e-03,-307270
6.700000e-03,-304090
6.823100e-03,-296920
6.905200e-03,-293660
6.997000e-03,-289330
7.122800e-03,-283420
7.207500e-03,-277370
7.304000e-03,-274470
7.409000e-03,-268660
7.518600e-03,-263860
7.575100e-03,-2.611500e+05
7.689700e-03,-256570
7.793600e-03,-250790
7.894900e-03,-245870
7.976700e-03,-242680
8.103100e-03,-236210
8.216000e-03,-230450
8.346800e-03,-226840
8.476300e-03,-221290
8.585300e-03,-214220
8.664200e-03,-211860
8.815200e-03,-206780
8.910900e-03,-202010
8.991900e-03,-198070
9.047600e-03,-195270
9.168900e-03,-189800
9.263500e-03,-185840
9.370900e-03,-181310
9.487200e-03,-174840
9.607500e-03,-168630
9.675600e-03,-165740
9.816600e-03,-159080
9.913100e-03,-154640
9.995300e-03,-150900
1.012200e-02,-145780
1.023500e-02,-141330
1.031400e-02,-137350
1.041900e-02,-134270
1.052900e-02,-128150
1.059200e-02,-124350
1.072700e-02,-119640
1.082100e-02,-114660
1.093800e-02,-109460
1.105100e-02,-106120
1.118400e-02,-99878
1.129300e-02,-93004
1.138800e-02,-90589
1.148300e-02,-85571
1.161400e-02,-79735
1.167900e-02,-77574
1.178900e-02,-72730
1.191300e-02,-67136
1.201100e-02,-61130
1.211000e-02,-58487
1.223600e-02,-52391
1.235100e-02,-47551
1.242800e-02,-46235
1.256200e-02,-39703
1.266400e-02,-34337
1.270800e-02,-31870
1.283700e-02,-26277
1.294000e-02,-20949
1.304000e-02,-18586
1.315900e-02,-14590
1.326000e-02,-9.521300e+03
1.334800e-02,-4.911300e+03
1.346200e-02,-3.959300e+02
1.356400e-02,4.206500e+03
1.365500e-02,8.292800e+03
1.376500e-02,11798
1.388200e-02,16957
1.403300e-02,23527
1.410900e-02,25642
1.421000e-02,30430
1.432900e-02,36046
1.441000e-02,38745
1.449600e-02,42100
1.460600e-02,46601
1.467500e-02,49603
1.478500e-02,53845
1.490900e-02,59082
1.502200e-02,6.474300e+04
1.507700e-02,66679
1.518600e-02,71100
1.526600e-02,76279
1.540900e-02,79322
1.550900e-02,84456
1.564500e-02,89351
1.572100e-02,91561
1.586000e-02,97715
1.595800e-02,101500
1.604300e-02,105350
1.612900e-02,108720
1.623000e-02,113940
1.633700e-02,120330
1.644600e-02,123440
1.657000e-02,128850
1.671500e-02,133830
1.678800e-02,135500
1.689000e-02,139860
1.700300e-02,146780
1.710400e-02,148340
1.721900e-02,152870
1.734000e-02,158770
1.743800e-02,162880
1.753900e-02,165680
1.764900e-02,169960
1.771500e-02,173770
1.781100e-02,176290
1.791600e-02,181770
1.800700e-02,186260
1.812200e-02,188310
1.825900e-02,195380
1.835800e-02,198810
1.844500e-02,199680
1.855100e-02,204020
1.864200e-02,208150
1.873600e-02,212680
1.888700e-02,216450
1.899000e-02,221510
1.907600e-02,225900
1.918900e-02,227970
1.929200e-02,229480
1.938300e-02,235720
1.948600e-02,238610
1.960000e-02,242750
1.973600e-02,249020
1.982300e-02,250360
1.992300e-02,253890
2.003100e-02,2.574100e+05
2.011800e-02,2.600900e+05
2.022600e-02,263920
2.033600e-02,268760
2.048200e-02,274720
2.057400e-02,275160
2.069800e-02,280020
2.079900e-02,281620
2.088000e-02,284720
2.097000e-02,288240
2.108100e-02,293160
2.117400e-02,294450
2.134600e-02,301270
2.143600e-02,304900
2.152700e-02,305630
2.162900e-02,308650
2.174100e-02,313120
2.184100e-02,315620
2.199100e-02,318550
2.212500e-02,323790
2.221400e-02,326640
2.232400e-02,329120
2.242900e-02,331300
2.253100e-02,336530
2.260100e-02,336690
2.272700e-02,341460
2.285600e-02,346600
2.297400e-02,346470
2.308500e-02,350450
2.318600e-02,354570
2.328800e-02,355110
2.340400e-02,357860
2.350500e-02,361140
2.364100e-02,365690
2.369800e-02,366150
2.383900e-02,370070
2.388500e-02,371370
2.400100e-02,372850
2.411500e-02,376580
2.423800e-02,379870
2.434200e-02,380030
2.451600e-02,383440
2.462800e-02,385600
2.469000e-02,384470
2.482500e-02,386380
2.491900e-02,387000
2.502300e-02,390240
2.516200e-02,391140
2.526700e-02,392800
2.537300e-02,394860
2.546200e-02,393960
2.557400e-02,394380
2.570600e-02,397550
2.580900e-02,395250
2.591000e-02,396560
2.608900e-02,399390
2.617000e-02,397840
2.629200e-02,398640
2.644800e-02,399080
2.651000e-02,399620
2.665300e-02,400880
2.674400e-02,401670
2.677800e-02,401970
2.678100e-02,402000
2.679300e-02,402100
2.680700e-02,402230
2.679800e-02,402150
2.679500e-02,402120
2.680700e-02,402230
2.679800e-02,402150
2.679300e-02,402100
2.676800e-02,401880
2.679600e-02,402130
2.678800e-02,402060
2.680100e-02,402170
2.679500e-02,402120
2.679100e-02,402080
2.680000e-02,402160
2.680600e-02,402220
2.680100e-02,402170
2.679200e-02,402090
2.680300e-02,402190
2.680400e-02,402200
2.680500e-02,402210
2.680400e-02,402200
2.680800e-02,402230
2.681000e-02,402250
2.682600e-02,402390
2.680900e-02,402240
2.680300e-02,402190
2.680000e-02,402160
2.680200e-02,402180
2.680000e-02,402160
2.680700e-02,402230
2.680300e-02,402190
2.681100e-02,402260
2.680500e-02,402210
2.681300e-02,402280
2.680300e-02,402190
2.679600e-02,402130
2.680100e-02,402170
2.679700e-02,402140
2.680900e-02,402240
2.681900e-02,402330
2.680200e-02,402180
2.680500e-02,402210
2.680100e-02,402170
2.681200e-02,402270
2.680300e-02,402190
2.680500e-02,402210
2.680900e-02,402240
2.681600e-02,402300
2.680000e-02,401060
2.676900e-02,399780
2.667000e-02,395690
2.661000e-02,393210
2.651200e-02,389160
2.643100e-02,385810
2.636000e-02,382880
2.627000e-02,379160
2.618100e-02,375480
2.611700e-02,372840
2.602600e-02,369080
2.593800e-02,365440
2.582200e-02,360650
2.575400e-02,357840
2.564400e-02,353290
2.554600e-02,349240
2.545800e-02,345610
2.535200e-02,341230
2.525200e-02,337100
2.516300e-02,333420
2.506400e-02,329330
2.496300e-02,325150
2.484200e-02,320160
2.478400e-02,317760
2.468100e-02,313500
2.457100e-02,308960
2.447600e-02,305030
2.434800e-02,299740
2.424000e-02,295280
2.415600e-02,291810
2.409900e-02,289920
2.396000e-02,285550
2.388200e-02,281350
2.378800e-02,275700
2.365600e-02,268120
2.354600e-02,262330
2.347700e-02,259990
2.337200e-02,254830
2.326200e-02,250420
2.318100e-02,246460
2.307600e-02,241500
2.295700e-02,236950
2.284500e-02,232390
2.273100e-02,226880
2.263500e-02,222250
2.253400e-02,216590
2.249900e-02,213000
2.239900e-02,208850
2.228900e-02,203140
2.219100e-02,199700
2.207300e-02,194970
2.197400e-02,190610
2.186800e-02,186270
2.180200e-02,183740
2.172600e-02,178500
2.163600e-02,175710
2.149900e-02,168270
2.138200e-02,162190
2.129600e-02,157200
2.120700e-02,153810
2.111300e-02,149810
2.102800e-02,144620
2.092700e-02,140330
2.078400e-02,133800
2.068100e-02,1.282000e+05
2.058400e-02,124560
2.046700e-02,121410
2.036500e-02,115880
2.032000e-02,116000
2.021900e-02,110750
2.010700e-02,104510
2.002500e-02,98721
1.988500e-02,91746
1.978500e-02,86271
1.967100e-02,80592
1.957400e-02,78273
1.945700e-02,74090
1.933900e-02,67298
1.922700e-02,63899
1.911300e-02,59434
1.901600e-02,53852
1.896600e-02,51126
1.886400e-02,46530
1.874700e-02,40677
1.864600e-02,37031
1.852200e-02,31858
1.841400e-02,26258
1.831300e-02,21918
1.820300e-02,18917
1.809400e-02,12684
1.799200e-02,8.372200e+03
1.790000e-02,4.803700e+03
1.778500e-02,-7.049000e+02
1.768200e-02,-6.001900e+03
1.759800e-02,-10296
1.745400e-02,-16006
1.735900e-02,-20338
1.727600e-02,-24014
1.716200e-02,-27758
1.704100e-02,-33565
1.693300e-02,-39821
1.683000e-02,-42167
1.670000e-02,-46833
1.660500e-02,-53117
1.650700e-02,-56842
1.639800e-02,-61548
1.634100e-02,-66130
1.621400e-02,-69537
1.611500e-02,-74661
1.597700e-02,-79618
1.587100e-02,-83233
1.577000e-02,-86268
1.564300e-02,-92434
1.556300e-02,-95618
1.545300e-02,-100200
1.532400e-02,-105980
1.521200e-02,-110930
1.511300e-02,-113120
1.499500e-02,-118730
1.488300e-02,-123910
1.478600e-02,-126920
1.466300e-02,-1.304200e+05
1.455700e-02,-134860
1.446500e-02,-139860
1.430600e-02,-143090
1.422100e-02,-147850
1.410200e-02,-153100
1.401900e-02,-155650
1.391000e-02,-160130
1.380700e-02,-165030
1.372800e-02,-168280
1.360000e-02,-173160
1.349200e-02,-179060
1.338800e-02,-180570
1.329900e-02,-185580
1.316500e-02,-191580
1.306700e-02,-193430
1.293600e-02,-198160
1.284200e-02,-202140
1.277200e-02,-205380
1.266500e-02,-208660
1.254900e-02,-214050
1.244600e-02,-217400
1.235700e-02,-220520
1.222800e-02,-226000
1.212500e-02,-232380
1.200700e-02,-234510
1.187400e-02,-239630
1.175300e-02,-244080
1.167000e-02,-246530
1.154500e-02,-248300
1.142400e-02,-253550
1.133600e-02,-2.571700e+05
1.123800e-02,-2.601000e+05
1.115600e-02,-264470
1.106400e-02,-268710
1.095400e-02,-271230
1.084400e-02,-275770
1.069200e-02,-281530
1.062200e-02,-282120
1.049300e-02,-287720
1.037100e-02,-292380
1.026300e-02,-294610
1.014800e-02,-297850
1.003400e-02,-303010
9.959000e-03,-304450
9.848100e-03,-307600
9.752800e-03,-311770
9.648000e-03,-315350
9.570200e-03,-317480
9.397700e-03,-322830
9.292400e-03,-326100
9.146400e-03,-329130
9.015400e-03,-333960
8.892300e-03,-337300
8.801100e-03,-338780
8.663400e-03,-342580
8.560000e-03,-345630
8.488900e-03,-349830
8.374800e-03,-351340
8.282900e-03,-354740
8.136300e-03,-359690
8.077900e-03,-359790
7.949600e-03,-364530
7.834000e-03,-368940
7.739800e-03,-370680
7.663300e-03,-372480
7.534200e-03,-377100
7.430300e-03,-378780
7.294600e-03,-381780
7.152600e-03,-386190
7.086400e-03,-387080
6.976600e-03,-389090
6.861500e-03,-392420
6.756100e-03,-393210
6.692300e-03,-395080
6.534700e-03,-399960
6.416200e-03,-402800
6.312900e-03,-403890
6.185800e-03,-408180
6.070000e-03,-410330
5.973000e-03,-410890
5.823500e-03,-414160
5.698400e-03,-414890
5.608500e-03,-416660
5.502300e-03,-416180
5.388300e-03,-417350
5.284500e-03,-417290
5.189700e-03,-416650
5.113800e-03,-417590
4.993600e-03,-419750
4.903400e-03,-418970
4.786000e-03,-418600
4.670500e-03,-419850
4.527000e-03,-418380
4.382400e-03,-419480
4.259100e-03,-421070
4.121400e-03,-418590
3.982500e-03,-417750
3.865200e-03,-417210
3.787400e-03,-416170
3.716500e-03,-414170
3.589400e-03,-416200
3.517200e-03,-415810
3.462200e-03,-414950
3.317800e-03,-416440
3.164800e-03,-417910
3.066600e-03,-416460
2.871300e-03,-417790
2.696500e-03,-418230
2.597200e-03,-415310
2.422200e-03,-414540
2.308300e-03,-412300
2.227600e-03,-411190
2.123700e-03,-409130
2.045300e-03,-407790
1.974900e-03,-408120
1.900600e-03,-406970
1.787700e-03,-407990
1.692300e-03,-409460
1.560000e-03,-409400
1.415900e-03,-410570
1.256500e-03,-411800
1.127800e-03,-408860
1.001200e-03,-408660
8.655100e-04,-410110
7.991500e-04,-407280
6.628500e-04,-407450
5.983300e-04,-407460
4.746000e-04,-407260
3.727500e-04,-405890
2.561800e-04,-407670
1.699600e-04,-407330
3.296700e-05,-407490
-9.036400e-05,-408980
-2.242400e-04,-409050
-3.447400e-04,-407390
-4.813900e-04,-406950
-5.815000e-04,-407230
-6.726600e-04,-406310
-7.778900e-04,-404950
-8.968300e-04,-404200
-9.886100e-04,-405040
-1.104900e-03,-401810
-1.235400e-03,-402870
-1.343900e-03,-403530
-1.441400e-03,-400720
-1.553600e-03,-401300
-1.687400e-03,-402560
-1.796100e-03,-401520
-1.916700e-03,-402000
-2.044800e-03,-403560
-2.136400e-03,-402110
-2.255100e-03,-401950
-2.322400e-03,-402480
-2.471900e-03,-401150
-2.596600e-03,-400570
-2.713300e-03,-402180
-2.832400e-03,-402190
-2.934600e-03,-400390
-3.077200e-03,-401590
-3.191900e-03,-401050
-3.289000e-03,-399760
-3.427400e-03,-400360
-3.545100e-03,-401430
-3.619000e-03,-400000
-3.766400e-03,-397810
-3.889200e-03,-396890
-4.012200e-03,-396740
-4.110200e-03,-394760
-4.245600e-03,-394380
-4.335200e-03,-394070
-4.458700e-03,-390740
-4.551700e-03,-392120
-4.657600e-03,-392740
-4.774000e-03,-392960
-4.887400e-03,-393800
-5.012100e-03,-396010
-5.125300e-03,-394610
-5.257000e-03,-395680
-5.360900e-03,-396990
-5.444500e-03,-395760
-5.561200e-03,-395210
-5.696600e-03,-396390
-5.779700e-03,-393690
-5.906300e-03,-392760
-6.027400e-03,-393320
-6.131000e-03,-393910
-6.227000e-03,-392400
-6.364300e-03,-394000
-6.465800e-03,-393780
-6.542700e-03,-391730
-6.673900e-03,-390990
-6.785600e-03,-392370
-6.893900e-03,-392760
-7.015400e-03,-392610
-7.138300e-03,-393630
-7.238800e-03,-393580
-7.360700e-03,-390180
-7.466900e-03,-388690
-7.586300e-03,-389680
-7.702500e-03,-388540
-7.819500e-03,-389490
-7.922400e-03,-389470
-8.027000e-03,-387920
-8.136000e-03,-387460
-8.256000e-03,-388350
-8.387000e-03,-385650
-8.522800e-03,-385870
-8.640000e-03,-386400
-8.730200e-03,-383740
-8.860100e-03,-381490
-8.990200e-03,-382220
-9.092500e-03,-381470
-9.217900e-03,-381590
-9.339100e-03,-383130
-9.448800e-03,-384100
-9.543600e-03,-381480
-9.704500e-03,-382230
-9.804200e-03,-381950
-9.878200e-03,-379070
-1.003700e-02,-378700
-1.016100e-02,-379290
-1.024500e-02,-379230
-1.034200e-02,-377410
-1.046000e-02,-377580
-1.053900e-02,-378730
-1.066300e-02,-379570
-1.077200e-02,-381060
-1.090000e-02,-382860
-1.100200e-02,-381700
-1.112500e-02,-381650
-1.122100e-02,-381610
-1.133500e-02,-381570
-1.138400e-02,-381550
-1.139900e-02,-381550
-1.140200e-02,-381540
-1.140700e-02,-381540
-1.140200e-02,-381540
-1.141900e-02,-381540
-1.141200e-02,-381540
-1.141400e-02,-381540
-1.140300e-02,-381540
-1.142300e-02,-381540
-1.142700e-02,-381530
-1.144400e-02,-381530
-1.143700e-02,-381530
-1.143800e-02,-381530
-1.144200e-02,-381530
-1.148200e-02,-381510
-1.149000e-02,-381510
-1.148200e-02,-381510
-1.147300e-02,-381520
-1.149400e-02,-381510
-1.148300e-02,-381510
-1.147800e-02,-381520
-1.149200e-02,-381510
-1.149100e-02,-381510
-1.148100e-02,-380400
-1.148700e-02,-380640
-1.148400e-02,-380520
-1.148100e-02,-380400
-1.148200e-02,-380440
-1.148700e-02,-380640
-1.148300e-02,-380480
-1.148300e-02,-380480
-1.148700e-02,-380640
-1.148200e-02,-380440
-1.147600e-02,-380210
-1.148500e-02,-380560
-1.147300e-02,-380090
-1.147900e-02,-380320
-1.148400e-02,-380520
-1.148300e-02,-380480
-1.147500e-02,-380170
-1.147200e-02,-380050
-1.148900e-02,-380720
-1.149600e-02,-380990
-1.148000e-02,-380360
-1.147600e-02,-380210
-1.148700e-02,-380640
-1.148500e-02,-380560
-1.143300e-02,-378510
-1.138800e-02,-376750
-1.130600e-02,-373520
-1.123400e-02,-370690
-1.118700e-02,-368840
-1.110600e-02,-365660
-1.102500e-02,-362470
-1.095500e-02,-359720
-1.087200e-02,-356450
-1.079600e-02,-353470
-1.072000e-02,-350480
-1.061700e-02,-346430
-1.050700e-02,-342100
-1.043900e-02,-339430
-1.034400e-02,-335690
-1.021800e-02,-330740
-1.015400e-02,-328220
-1.006600e-02,-324760
-9.948300e-03,-320130
-9.844700e-03,-316060
-9.746600e-03,-312200
-9.632600e-03,-308770
-9.512000e-03,-303220
-9.444200e-03,-299950
-9.324000e-03,-295590
-9.244900e-03,-291060
-9.112200e-03,-284870
-9.027200e-03,-281990
-8.909600e-03,-276630
-8.822200e-03,-270660
-8.728900e-03,-267810
-8.621300e-03,-262620
-8.499600e-03,-2.564200e+05
-8.404900e-03,-253600
-8.301300e-03,-249430
-8.211800e-03,-243500
-8.140000e-03,-240880
-8.032700e-03,-236990
-7.915100e-03,-231140
-7.819400e-03,-227320
-7.714200e-03,-223180
-7.610500e-03,-217110
-7.490100e-03,-211680
-7.406400e-03,-209710
-7.266600e-03,-203970
-7.174700e-03,-198880
-7.107500e-03,-195340
-7.006400e-03,-190860
-6.890900e-03,-186100
-6.806200e-03,-181100
-6.703000e-03,-178360
-6.589200e-03,-172870
-6.477300e-03,-166270
-6.386500e-03,-163940
-6.291800e-03,-159300
-6.163700e-03,-151670
-6.086800e-03,-150190
-5.986000e-03,-145450
-5.841000e-03,-140170
-5.784100e-03,-136170
-5.699700e-03,-133490
-5.562200e-03,-127340
-5.496000e-03,-124630
-5.396700e-03,-119810
-5.276500e-03,-114410
-5.183400e-03,-109210
-5.131300e-03,-106910
-4.975800e-03,-101190
-4.879900e-03,-96289
-4.793400e-03,-93958
-4.700900e-03,-88614
-4.584500e-03,-83515
-4.486800e-03,-80613
-4.368700e-03,-76207
-4.239400e-03,-69709
-4.178300e-03,-66422
-4.057200e-03,-64208
-3.950400e-03,-59968
-3.845000e-03,-54634
-3.764100e-03,-52262
-3.689200e-03,-48571
-3.596800e-03,-42426
-3.497500e-03,-40676
-3.411600e-03,-36268
-3.258000e-03,-30987
-3.203700e-03,-28581
-3.084700e-03,-23144
-2.967400e-03,-16782
-2.894700e-03,-14681
-2.787200e-03,-10006
-2.667800e-03,-5248
-2.587300e-03,-3.523800e+03
-2.498400e-03,3.058000e+02
-2.394600e-03,5.546500e+03
-2.275300e-03,12091
-2.222600e-03,13238
-2.057600e-03,19707
-1.949300e-03,25390
-1.846500e-03,27377
-1.696800e-03,32826
-1.583400e-03,37750
-1.508900e-03,42015
-1.389200e-03,46039
-1.299500e-03,49073
-1.228300e-03,54203
-1.150400e-03,55365
-1.064600e-03,58678
-9.374900e-04,66403
-8.480700e-04,68438
-7.300000e-04,74041
-5.654900e-04,81966
-4.663400e-04,84304
-3.001500e-04,90750
-1.812800e-04,94693
-1.319400e-04,96956
-3.180200e-05,100270
4.326500e-05,103740
1.061500e-04,106980
1.815400e-04,107850
2.561200e-04,111470
3.354700e-04,116060
4.606100e-04,119720
5.931100e-04,125910
7.197700e-04,132070
8.304400e-04,134480
1.001800e-03,140660
1.139400e-03,146180
1.231900e-03,149160
1.329900e-03,152370
1.394500e-03,154700
1.485600e-03,159760
1.553700e-03,158680
1.654200e-03,162570
1.747100e-03,168630
1.808500e-03,169480
1.905000e-03,173760
2.090000e-03,181970
2.188400e-03,183820
2.337000e-03,189040
2.462600e-03,193890
2.526100e-03,194310
2.656100e-03,199770
2.772100e-03,203570
2.829200e-03,205210
2.932900e-03,208230
3.032400e-03,212210
3.150000e-03,217570
3.217600e-03,218560
3.337200e-03,223830
3.414700e-03,227470
3.539700e-03,230120
3.688800e-03,235000
3.814600e-03,239240
3.892700e-03,242760
4.044400e-03,246220
4.145900e-03,249890
4.239400e-03,253120
4.360500e-03,256180
4.471100e-03,2.595900e+05
4.547100e-03,263440
4.636100e-03,263280
4.755800e-03,268610
4.881800e-03,273880
4.945300e-03,273890
5.067200e-03,278070
5.221700e-03,283400
5.301300e-03,284670
5.407900e-03,288930
5.544300e-03,293150
5.595100e-03,294720
5.712500e-03,297520
5.838300e-03,300800
5.920100e-03,303760
6.037600e-03,305340
6.147300e-03,310110
6.248200e-03,313840
6.304900e-03,313590
6.463200e-03,318530
6.578600e-03,322470
6.652000e-03,323610
6.814600e-03,326770
6.930100e-03,329960
7.002200e-03,332870
7.151800e-03,335050
7.254200e-03,337260
7.359800e-03,342210
7.412400e-03,341650
7.528900e-03,344790
7.623100e-03,349790
7.716400e-03,349050
7.811900e-03,352620
7.984800e-03,356760
8.057300e-03,358110
8.174600e-03,359210
8.302800e-03,364210
8.425700e-03,363820
8.559200e-03,366000
8.653800e-03,367250
8.741400e-03,369720
8.853000e-03,370300
8.971100e-03,372400
9.088100e-03,374650
9.178500e-03,374910
9.303200e-03,379020
9.419600e-03,381690
9.547700e-03,380620
9.658100e-03,384820
9.795800e-03,386980
9.906300e-03,385220
1.003200e-02,386350
1.015000e-02,389100
1.024800e-02,390490
1.034800e-02,391900
1.048000e-02,393770
1.054800e-02,394730
1.055900e-02,394890
1.055400e-02,394820
1.056500e-02,394970
1.057900e-02,395170
1.058300e-02,395230
1.057400e-02,395100
1.057600e-02,395130
1.056600e-02,394980
1.056800e-02,395010
1.057100e-02,395060
1.058000e-02,395180
1.057300e-02,395080
1.058900e-02,395310
1.057600e-02,395130
1.058700e-02,395280
1.058400e-02,395240
1.058900e-02,395310
1.057700e-02,395140
1.058300e-02,395230
1.057500e-02,395110
1.058400e-02,395240
1.059200e-02,395350
1.059100e-02,395340
1.058100e-02,395200
1.057400e-02,395100
1.059300e-02,395370
1.058800e-02,395300
1.059700e-02,395420
1.057900e-02,395170
1.060800e-02,395580
1.058800e-02,394670
1.057500e-02,394080
1.058500e-02,394530
1.058400e-02,394490
1.058000e-02,394310
1.057500e-02,394080
1.058600e-02,394580
1.058200e-02,394400
1.057800e-02,394220
1.058000e-02,394310
1.058600e-02,394580
1.058200e-02,394400
1.058100e-02,394350
1.058200e-02,394400
1.060200e-02,395310
1.059300e-02,394900
1.057800e-02,394220
1.058300e-02,394440
1.059100e-02,394810
1.058500e-02,394530
1.059100e-02,394810
1.058500e-02,394530
1.057900e-02,394260
1.058700e-02,394620
1.059300e-02,394900
1.057900e-02,394260
1.058300e-02,394440
1.059200e-02,394850
1.058400e-02,394490
1.059000e-02,394760
1.059100e-02,394810
1.058200e-02,394400
1.059500e-02,394990
1.051800e-02,391490
1.045300e-02,388540
1.038800e-02,385580
1.034300e-02,383540
1.028700e-02,381000
1.018300e-02,376270
1.010000e-02,372500
9.998100e-03,367870
9.913300e-03,364020
9.835600e-03,360490
9.765500e-03,357300
9.670000e-03,352970
9.577500e-03,348760
9.478100e-03,344250
9.388800e-03,340190
9.309800e-03,336600
9.210900e-03,332110
9.101000e-03,327120
8.985100e-03,321850
8.887200e-03,317400
8.780200e-03,312540
8.680300e-03,308000
8.574300e-03,303450
8.492300e-03,299900
8.388100e-03,293850
8.312900e-03,290080
8.229300e-03,286840
8.119100e-03,281180
8.018200e-03,276180
7.942200e-03,273320
7.796900e-03,266500
7.721800e-03,2.612800e+05
7.616500e-03,257070
7.500400e-03,252280
7.390700e-03,247800
7.324200e-03,244060
7.219500e-03,239690
7.093700e-03,234420
6.995900e-03,228830
6.921700e-03,225990
6.833300e-03,221440
6.729700e-03,215640
6.638700e-03,213060
6.534700e-03,207370
6.418400e-03,201740
6.320900e-03,197690
6.222200e-03,194480
6.106900e-03,188530
6.014700e-03,185940
5.896600e-03,180770
5.785700e-03,176950
5.722700e-03,172180
5.623600e-03,168930
5.519500e-03,163350
5.434400e-03,160500
5.347100e-03,157050
5.220400e-03,150450
5.095900e-03,144680
5.054100e-03,141270
4.876400e-03,134550
4.777400e-03,129220
4.689600e-03,125810
4.543100e-03,120540
4.428900e-03,115960
4.325700e-03,110500
4.235700e-03,107650
4.163000e-03,103400
4.077100e-03,99426
3.979000e-03,97010
3.942700e-03,94026
3.852100e-03,88741
3.741600e-03,85882
3.612100e-03,82023
3.531100e-03,76914
3.417400e-03,72868
3.299800e-03,66813
3.159000e-03,60606
3.082800e-03,56988
2.935500e-03,51565
2.845900e-03,46799
2.778200e-03,43101
2.704900e-03,41644
2.585100e-03,36643
2.561900e-03,33495
2.470500e-03,30751
2.341300e-03,25678
2.225100e-03,19528
2.125800e-03,16017
1.966000e-03,8978
1.810500e-03,1.844700e+03
1.692100e-03,-2.240900e+03
1.554000e-03,-7.432400e+03
1.468100e-03,-11552
1.382500e-03,-15680
1.308600e-03,-17642
1.240600e-03,-20812
1.149200e-03,-24702
1.108100e-03,-27293
1.011700e-03,-31235
9.085600e-04,-36418
8.190000e-04,-39742
6.804400e-04,-46388
5.106000e-04,-53620
3.812300e-04,-57255
2.751900e-04,-62198
1.537400e-04,-67449
9.417400e-05,-69439
-2.125600e-06,-73918
-1.215500e-04,-78388
-2.142200e-04,-82315
-2.833300e-04,-84599
-4.162400e-04,-89986
-4.822200e-04,-94159
-6.027800e-04,-97720
-7.381800e-04,-103210
-8.686900e-04,-108370
-9.720200e-04,-111910
-1.095000e-03,-116400
-1.196000e-03,-121250
-1.285600e-03,-125740
-1.389900e-03,-127940
-1.509300e-03,-132150
-1.612100e-03,-137830
-1.696100e-03,-139030
-1.820400e-03,-145070
-1.920000e-03,-150310
-1.991200e-03,-151620
-2.103000e-03,-156520
-2.212700e-03,-161890
-2.319100e-03,-164680
-2.448800e-03,-169370
-2.553300e-03,-174210
-2.653600e-03,-177040
-2.760600e-03,-180740
-2.899900e-03,-185580
-2.995200e-03,-188910
-3.089200e-03,-191790
-3.211600e-03,-198380
-3.337800e-03,-202670
-3.419000e-03,-205050
-3.548500e-03,-210760
-3.664800e-03,-214580
-3.743900e-03,-216320
-3.868800e-03,-220160
-3.968300e-03,-224670
-4.061500e-03,-228610
-4.166800e-03,-231340
-4.284800e-03,-235510
-4.411500e-03,-240210
-4.488000e-03,-241940
-4.586400e-03,-246160
-4.700200e-03,-250660
-4.809900e-03,-252430
-4.901200e-03,-256640
-5.004400e-03,-2.609600e+05
-5.101800e-03,-263050
-5.215600e-03,-267200
-5.351500e-03,-271990
-5.449500e-03,-273840
-5.554800e-03,-277900
-5.659500e-03,-281650
-5.757400e-03,-285160
-5.864400e-03,-287140
-5.995500e-03,-292380
-6.083400e-03,-295170
-6.182100e-03,-297640
-6.301800e-03,-302180
-6.404800e-03,-305780
-6.485100e-03,-307680
-6.625800e-03,-311320
-6.740600e-03,-315800
-6.856600e-03,-318590
-6.950200e-03,-321110
-7.062600e-03,-324660
-7.125400e-03,-327090
-7.258900e-03,-329690
-7.369900e-03,-333470
-7.507300e-03,-338500
-7.561400e-03,-338210
-7.672200e-03,-341970
-7.781600e-03,-346540
-7.893400e-03,-346990
-7.983800e-03,-351130
-8.117200e-03,-355240
-8.223200e-03,-356500
-8.342900e-03,-359520
-8.459100e-03,-363060
-8.533400e-03,-363080
-8.673000e-03,-365530
-8.794000e-03,-369190
-8.902100e-03,-372010
-8.993200e-03,-372810
-9.130000e-03,-375700
-9.234700e-03,-377680
-9.325000e-03,-378130
-9.452800e-03,-379450
-9.552500e-03,-381450
-9.629800e-03,-382330
-9.800000e-03,-383790
-9.912700e-03,-385230
-9.974400e-03,-384810
-1.010000e-02,-384870
-1.024800e-02,-385910
-1.034800e-02,-387860
-1.044500e-02,-386020
-1.055500e-02,-384990
-1.066700e-02,-386140
-1.078000e-02,-384710
-1.087500e-02,-387150
-1.101500e-02,-387940
-1.111000e-02,-388470
-1.123000e-02,-389140
-1.126700e-02,-389350
-1.128500e-02,-389450
-1.129800e-02,-389520
-1.129500e-02,-389500
-1.131200e-02,-389600
-1.131600e-02,-389620
-1.132500e-02,-389670
-1.132700e-02,-389680
-1.131900e-02,-389640
-1.131300e-02,-389600
-1.132300e-02,-389660
-1.132900e-02,-389690
-1.131900e-02,-389640
-1.132800e-02,-389690
-1.132200e-02,-389650
-1.131900e-02,-389640
-1.132400e-02,-389660
-1.130900e-02,-389580
-1.133000e-02,-389700
-1.133500e-02,-389730
-1.134100e-02,-389760
-1.131600e-02,-389620
-1.132500e-02,-389670
-1.132900e-02,-389690
-1.132100e-02,-389650
-1.132400e-02,-389660
-1.133700e-02,-389740
-1.131800e-02,-389630
-1.134200e-02,-389760
-1.133100e-02,-389700
-1.132000e-02,-389640
-1.131900e-02,-389640
-1.132900e-02,-389690
-1.132600e-02,-389680
-1.133100e-02,-389700
-1.132300e-02,-389660
-1.133700e-02,-389740
-1.133600e-02,-389730
-1.133100e-02,-389700
-1.133600e-02,-389730
-1.133400e-02,-389720
-1.134500e-02,-389780
-1.132900e-02,-389690
-1.134100e-02,-389760
-1.132800e-02,-389690
-1.133700e-02,-389740
-1.133200e-02,-389710
-1.135300e-02,-389830
-1.133300e-02,-389710
-1.134100e-02,-389760
-1.132500e-02,-389670
-1.135000e-02,-389810
-1.134100e-02,-389760
-1.133600e-02,-389730
-1.133400e-02,-389720
-1.134200e-02,-389760
-1.132400e-02,-389660
-1.134200e-02,-389760
-1.134000e-02,-389750
-1.132700e-02,-389680
-1.132700e-02,-387440
-1.133600e-02,-388010
-1.134100e-02,-388320
-1.134100e-02,-388320
-1.134200e-02,-388390
-1.134100e-02,-388320
-1.128400e-02,-384740
-1.125900e-02,-383160
-1.117500e-02,-377870
-1.108400e-02,-372140
-1.100300e-02,-367040
-1.097200e-02,-365090
-1.090100e-02,-360620
-1.080900e-02,-354830
-1.072900e-02,-349790
-1.064400e-02,-344440
-1.054000e-02,-337890
-1.047900e-02,-334050
-1.039200e-02,-328570
-1.029300e-02,-322330
-1.020500e-02,-316790
-1.009400e-02,-309800
-9.989900e-03,-303250
-9.888900e-03,-296890
-9.801400e-03,-291380
-9.682800e-03,-284920
-9.619000e-03,-279890
-9.538800e-03,-277110
-9.395500e-03,-272360
-9.279000e-03,-266490
-9.193700e-03,-262210
-9.079700e-03,-2.586500e+05
-8.969900e-03,-253470
-8.866900e-03,-247880
-8.798300e-03,-245680
-8.669300e-03,-240810
-8.575800e-03,-234850
-8.465100e-03,-231660
-8.387400e-03,-228100
-8.284300e-03,-223000
-8.194500e-03,-219360
-8.089100e-03,-214380
-7.973400e-03,-208220
-7.905500e-03,-205580
-7.786900e-03,-200350
-7.681200e-03,-195270
-7.582400e-03,-191170
-7.488800e-03,-187760
-7.360500e-03,-182220
-7.262500e-03,-177980
-7.175600e-03,-174110
-7.059100e-03,-168830
-6.943000e-03,-164020
-6.885600e-03,-161160
-6.779100e-03,-155300
-6.661700e-03,-150400
-6.577300e-03,-146330
-6.454700e-03,-143150
-6.359400e-03,-138650
-6.242700e-03,-132740
-6.137700e-03,-129120
-6.040800e-03,-124300
-5.930000e-03,-118200
-5.864100e-03,-115930
-5.772200e-03,-113840
-5.654600e-03,-105280
-5.559000e-03,-104350
-5.451900e-03,-99674
-5.349800e-03,-92895
-5.286400e-03,-90981
-5.197000e-03,-86152
-5.057200e-03,-80145
-4.993400e-03,-78358
-4.872200e-03,-73371
-4.781600e-03,-69185
-4.653400e-03,-63314
-4.583500e-03,-61366
-4.448300e-03,-55290
-4.381700e-03,-50638
-4.286400e-03,-48628
-4.157900e-03,-43120
-4.079300e-03,-41027
-3.996000e-03,-37664
-3.886100e-03,-33396
-3.781000e-03,-27984
-3.711200e-03,-24326
-3.605400e-03,-20886
-3.487100e-03,-17067
-3.361400e-03,-10100
-3.281400e-03,-8.557400e+03
-3.155500e-03,-3.447500e+03
-3.087900e-03,1.440200e+03
-2.996300e-03,3196
-2.884000e-03,7.539900e+03
-2.758900e-03,14786
-2.673700e-03,15495
-2.574200e-03,20803
-2.453300e-03,26630
-2.404200e-03,29449
-2.275900e-03,33267
-2.148400e-03,38128
-2.044800e-03,42747
-1.918000e-03,46902
-1.771000e-03,53170
-1.660900e-03,58358
-1.578200e-03,60098
-1.471700e-03,6.480800e+04
-1.359800e-03,68856
-1.294300e-03,72161
-1.211600e-03,74160
-1.123100e-03,78087
-1.017400e-03,84828
-9.099800e-04,87558
-7.766700e-04,92668
-6.804400e-04,98092
-5.446300e-04,100960
-3.959100e-04,107250
-2.503700e-04,114350
-1.981200e-04,115320
-1.028500e-04,118860
-3.526200e-05,122780
9.781600e-06,124140
9.312300e-05,126150
1.860000e-04,130250
2.499600e-04,133290
3.850500e-04,137870
4.893000e-04,143030
6.236100e-04,148910
7.460300e-04,151960
9.159500e-04,159780
1.022900e-03,164900
1.129400e-03,166200
1.254000e-03,170640
1.323100e-03,173710
1.405800e-03,175990
1.456700e-03,177060
1.568400e-03,181530
1.647300e-03,185190
1.739000e-03,189180
1.848700e-03,192290
1.995400e-03,198400
2.091200e-03,200260
2.230200e-03,205270
2.367600e-03,211850
2.466700e-03,212750
2.560800e-03,216210
2.699000e-03,223160
2.758600e-03,222890
2.847200e-03,226620
2.949900e-03,230590
3.045900e-03,233260
3.131700e-03,236930
3.256900e-03,240580
3.334200e-03,243710
3.464500e-03,247570
3.613300e-03,252460
3.727900e-03,258320
3.814000e-03,2.600900e+05
3.957700e-03,265060
4.067800e-03,269390
4.137900e-03,268990
4.297700e-03,273550
4.390600e-03,276560
4.452000e-03,280370
4.575300e-03,282550
4.667300e-03,286250
4.778000e-03,291480
4.865700e-03,291750
5.021400e-03,295460
5.119000e-03,302830
5.222200e-03,303210
5.299500e-03,305790
5.461400e-03,312300
5.541200e-03,312550
5.663500e-03,314980
5.767600e-03,321020
5.830000e-03,322160
5.941500e-03,325730
6.045600e-03,328820
6.149900e-03,330430
6.260300e-03,333760
6.362800e-03,336420
6.477800e-03,340370
6.584400e-03,342690
6.725600e-03,347800
6.848500e-03,351720
6.936700e-03,351470
7.084300e-03,357190
7.177500e-03,359490
7.300600e-03,361180
7.341400e-03,362410
7.450700e-03,364350
7.556000e-03,368250
7.649300e-03,368470
7.752000e-03,371620
7.860900e-03,376510
7.990700e-03,377420
8.096900e-03,378410
8.216900e-03,381750
8.328300e-03,381750
8.456300e-03,384830
8.592800e-03,388810
8.670300e-03,387830
8.785200e-03,388080
8.923800e-03,389780
8.962200e-03,388040
9.108000e-03,391310
9.236500e-03,392510
9.345600e-03,394580
9.489600e-03,394520
9.622000e-03,395690
9.721500e-03,395220
9.863300e-03,394600
9.970500e-03,395300
1.010600e-02,396180
1.020700e-02,396840
1.025500e-02,397150
1.026900e-02,397240
1.026400e-02,397210
1.028000e-02,397320
1.028400e-02,397340
1.027300e-02,397270
1.027800e-02,397300
1.027800e-02,397300
1.029900e-02,397440
1.030600e-02,397490
1.029600e-02,397420
1.029700e-02,397430
1.028700e-02,397360
1.029700e-02,397430
1.029600e-02,397420
1.030600e-02,397490
1.030800e-02,397500
1.029900e-02,397440
1.029600e-02,397420
1.030200e-02,397460
1.030900e-02,397510
1.030100e-02,397450
1.029600e-02,397420
1.030100e-02,397450
1.030500e-02,397480
1.029600e-02,397420
1.030600e-02,397490
1.029400e-02,397410
1.030900e-02,397510
1.029700e-02,397430
1.030200e-02,397460
1.028800e-02,397370
1.030000e-02,397450
1.030600e-02,397490
1.029900e-02,397440
1.030700e-02,396820
1.031200e-02,397060
1.030200e-02,396570
1.030100e-02,396520
1.031000e-02,396960
1.030100e-02,396520
1.030500e-02,396720
1.029500e-02,396230
1.029700e-02,396330
1.029500e-02,396230
1.031300e-02,397110
1.028700e-02,395840
1.030400e-02,396670
1.030300e-02,396620
1.031200e-02,397060
1.030800e-02,396860
1.029500e-02,396230
1.023900e-02,393500
1.015900e-02,389590
1.011500e-02,387440
1.001800e-02,382710
9.942900e-03,379040
9.840800e-03,374060
9.795300e-03,371840
9.698100e-03,367090
9.611300e-03,362860
9.551100e-03,359920
9.443900e-03,354680
9.363500e-03,350760
9.294600e-03,347400
9.180100e-03,341810
9.093100e-03,337560
8.960900e-03,331110
8.871200e-03,326730
8.787400e-03,322640
8.665700e-03,316700
8.557500e-03,311420
8.471600e-03,307220
8.414400e-03,304430
8.319900e-03,299820
8.236500e-03,295750
8.128900e-03,290470
8.042500e-03,287330
7.943900e-03,282630
7.823300e-03,276210
7.745000e-03,273250
7.607000e-03,267350
7.492400e-03,2.617800e+05
7.406300e-03,2.569000e+05
7.317400e-03,253730
7.195300e-03,248280
7.106200e-03,244030
7.016000e-03,240450
6.903900e-03,235420
6.809000e-03,230510
6.750400e-03,227350
6.646900e-03,223200
6.523900e-03,217110
6.442400e-03,214230
6.322000e-03,209620
6.212300e-03,206300
6.131000e-03,201650
6.031800e-03,197030
5.893300e-03,190270
5.806400e-03,186930
5.727200e-03,182950
5.636700e-03,179390
5.537400e-03,173690
5.440600e-03,171860
5.327900e-03,166630
5.212700e-03,160380
5.147100e-03,157850
5.033900e-03,152910
4.905000e-03,146570
4.808000e-03,143250
4.675300e-03,138020
4.548500e-03,132090
4.421800e-03,126820
4.340600e-03,123710
4.207200e-03,118410
4.161300e-03,114640
4.090400e-03,112370
3.962300e-03,108110
3.859600e-03,104560
3.818000e-03,101200
3.688300e-03,96561
3.620200e-03,92795
3.517500e-03,90600
3.408600e-03,85092
3.288000e-03,78884
3.160200e-03,75351
3.061600e-03,70200
2.932600e-03,6.515900e+04
2.836200e-03,60622
2.785400e-03,59391
2.680600e-03,55214
2.600600e-03,50238
2.550600e-03,48827
2.448800e-03,44686
2.345400e-03,39848
2.250500e-03,36424
2.126900e-03,30791
1.959000e-03,23136
1.840600e-03,19351
1.719100e-03,12865
1.557700e-03,6.930800e+03
1.448600e-03,2.236500e+03
1.381000e-03,5.911600e+02
1.283300e-03,-3.560600e+03
1.210900e-03,-6.457100e+03
1.143200e-03,-8.986500e+03
1.076300e-03,-11674
1.002400e-03,-15905
9.270700e-04,-18373
8.044200e-04,-24092
6.879900e-04,-30331
5.770000e-04,-34618
3.768500e-04,-41061
2.612600e-04,-45631
1.841600e-04,-49431
9.068200e-05,-52446
-6.549500e-06,-57911
-1.101500e-04,-61826
-2.052800e-04,-64330
-2.766100e-04,-68494
-4.002300e-04,-73890
-4.707600e-04,-75673
-6.059300e-04,-81370
-7.315500e-04,-87066
-8.361600e-04,-90831
-9.708200e-04,-95408
-1.099300e-03,-100840
-1.165900e-03,-103700
-1.283000e-03,-107180
-1.393400e-03,-111670
-1.502600e-03,-116460
-1.585700e-03,-119040
-1.742200e-03,-124180
-1.808700e-03,-1.288900e+05
-1.894100e-03,-131410
-2.000300e-03,-134470
-2.110100e-03,-139550
-2.196900e-03,-142810
-2.326200e-03,-147850
-2.432400e-03,-151810
-2.552300e-03,-155480
-2.661400e-03,-158020
-2.765800e-03,-162520
-2.876600e-03,-168000
-3.009200e-03,-170490
-3.103700e-03,-174820
-3.191700e-03,-179040
-3.309100e-03,-181900
-3.429500e-03,-186210
-3.538800e-03,-191850
-3.655700e-03,-194170
-3.767600e-03,-197850
-3.855300e-03,-202570
-3.963400e-03,-205910
-4.062500e-03,-208290
-4.180400e-03,-213330
-4.288600e-03,-216560
-4.376400e-03,-219560
-4.503600e-03,-223510
-4.626000e-03,-227570
-4.697600e-03,-229700
-4.812000e-03,-233310
-4.899800e-03,-237760
-4.988900e-03,-240000
-5.114600e-03,-243620
-5.231900e-03,-247740
-5.295200e-03,-250600
-5.451700e-03,-254810
-5.542100e-03,-258200
-5.637200e-03,-261810
-5.762800e-03,-264950
-5.846800e-03,-268410
-5.952800e-03,-272170
-6.068500e-03,-274720
-6.180800e-03,-278730
-6.288800e-03,-283090
-6.407400e-03,-285110
-6.487600e-03,-288070
-6.628900e-03,-292850
-6.716200e-03,-293900
-6.840400e-03,-297200
-6.954600e-03,-301380
-7.045300e-03,-305100
-7.147700e-03,-307090
-7.285800e-03,-311540
-7.371200e-03,-314110
-7.441200e-03,-315910
-7.597300e-03,-318880
-7.672100e-03,-322890
-7.773300e-03,-324100
-7.909200e-03,-328760
-7.989300e-03,-331830
-8.096700e-03,-332910
-8.228200e-03,-335190
-8.326200e-03,-338090
-8.431200e-03,-341390
-8.559400e-03,-343910
-8.665100e-03,-347220
-8.784600e-03,-350500
-8.890900e-03,-351010
-8.979600e-03,-353630
-9.123300e-03,-358040
-9.207100e-03,-358350
-9.346000e-03,-360830
-9.460200e-03,-364200
-9.525500e-03,-364460
-9.641500e-03,-365570
-9.778800e-03,-367900
-9.863500e-03,-367490
-9.984700e-03,-367930
-1.010800e-02,-369930
-1.023100e-02,-371490
-1.029800e-02,-370930
-1.043500e-02,-373610
-1.055500e-02,-375690
-1.065000e-02,-375390
-1.075600e-02,-377480
-1.089000e-02,-378510
-1.098100e-02,-378010
-1.110500e-02,-378640
-1.122100e-02,-378400
-1.133600e-02,-376410
-1.146100e-02,-374630
-1.157200e-02,-374270
-1.169100e-02,-374460
-1.179700e-02,-371780
-1.190600e-02,-371840
-1.203700e-02,-372840
-1.215400e-02,-370400
-1.224900e-02,-371010
-1.235500e-02,-372670
-1.246500e-02,-369590
-1.259700e-02,-367580
-1.274800e-02,-365920
-1.284800e-02,-364820
-1.293900e-02,-363420
-1.310300e-02,-364680
-1.316700e-02,-364530
-1.326700e-02,-364390
-1.341400e-02,-365870
-1.353200e-02,-366600
-1.360700e-02,-363440
-1.373800e-02,-365790
-1.381800e-02,-365640
-1.397500e-02,-364030
-1.411900e-02,-362950
-1.423700e-02,-362400
-1.434300e-02,-361900
-1.447000e-02,-361370
-1.457800e-02,-362750
-1.469500e-02,-363460
-1.480200e-02,-362110
-1.490100e-02,-363300
-1.500000e-02,-364770
-1.512000e-02,-364200
-1.525400e-02,-364960
-1.539300e-02,-365720
-1.550700e-02,-363990
-1.563100e-02,-363890
-1.575200e-02,-364540
-1.584100e-02,-362830
-1.594900e-02,-363300
-1.607500e-02,-365450
-1.619200e-02,-366600
-1.629200e-02,-364840
-1.643700e-02,-365700
-1.652200e-02,-364640
-1.665100e-02,-363160
-1.675200e-02,-362780
-1.688700e-02,-364360
-1.698400e-02,-362140
-1.714500e-02,-362440
-1.724200e-02,-362710
-1.734900e-02,-360760
-1.746200e-02,-358670
-1.757800e-02,-359290
-1.766500e-02,-358940
-1.780200e-02,-358860
-1.791200e-02,-359630
-1.803600e-02,-361100
-1.813900e-02,-358810
-1.823100e-02,-358890
-1.837400e-02,-359930
-1.847500e-02,-356850
-1.858800e-02,-357210
-1.871900e-02,-358370
-1.880000e-02,-357560
-1.893400e-02,-356710
-1.903000e-02,-358100
-1.915200e-02,-357050
-1.926700e-02,-356980
-1.938900e-02,-357860
-1.949400e-02,-358130
-1.960500e-02,-355270
-1.972200e-02,-355200
-1.981900e-02,-355460
-1.992700e-02,-355510
-2.007900e-02,-356700
-2.019300e-02,-357240
-2.024300e-02,-354570
-2.039400e-02,-358680
-2.048900e-02,-360770
-2.061000e-02,-360720
-2.072800e-02,-360180
-2.085100e-02,-359540
-2.095600e-02,-359780
-2.109100e-02,-356720
-2.118100e-02,-357020
-2.132800e-02,-357250
-2.144000e-02,-355590
-2.156200e-02,-355440
-2.167800e-02,-356630
-2.175600e-02,-353950
-2.189400e-02,-354930
-2.202300e-02,-354580
-2.213500e-02,-354210
-2.226300e-02,-352600
-2.241300e-02,-353350
-2.248000e-02,-352120
-2.260500e-02,-350770
-2.275800e-02,-352010
-2.284900e-02,-351270
-2.292800e-02,-349440
-2.307900e-02,-350580
-2.314500e-02,-350440
-2.324700e-02,-351300
-2.338900e-02,-353160
-2.350900e-02,-354320
-2.356700e-02,-353360
-2.372100e-02,-351680
-2.383800e-02,-352360
-2.393000e-02,-350240
-2.405900e-02,-349010
-2.417100e-02,-348230
-2.429000e-02,-347180
-2.440000e-02,-343750
-2.452900e-02,-343690
-2.464900e-02,-344070
-2.473300e-02,-343470
-2.485700e-02,-344490
-2.495600e-02,-345250
-2.506700e-02,-343020
-2.518800e-02,-343250
-2.532100e-02,-344570
-2.543300e-02,-344970
-2.553500e-02,-343600
-2.565800e-02,-344740
-2.574300e-02,-342720
-2.586700e-02,-342990
-2.596100e-02,-344950
-2.606800e-02,-346500
-2.610900e-02,-345030
-2.628300e-02,-346780
-2.640000e-02,-348530
-2.649200e-02,-347400
-2.664000e-02,-348340
-2.674400e-02,-347880
-2.684300e-02,-346350
-2.699400e-02,-345910
-2.711300e-02,-345250
-2.722900e-02,-345810
-2.731600e-02,-343400
-2.743800e-02,-343350
-2.756800e-02,-345040
-2.768300e-02,-342540
-2.779400e-02,-342960
-2.791400e-02,-343560
-2.801200e-02,-342300
-2.814000e-02,-342650
-2.824900e-02,-343510
-2.837600e-02,-341220
-2.850800e-02,-341270
-2.866300e-02,-340150
-2.876300e-02,-339160
-2.884400e-02,-335830
-2.898400e-02,-338020
-2.905400e-02,-337260
-2.919300e-02,-338020
-2.931400e-02,-339010
-2.942100e-02,-339410
-2.951300e-02,-337070
-2.963500e-02,-336580
-2.975400e-02,-337470
-2.988600e-02,-335640
-2.997600e-02,-336160
-3.010900e-02,-336920
-3.019100e-02,-338130
-3.031600e-02,-337680
-3.041100e-02,-338840
-3.052400e-02,-340210
-3.062000e-02,-338360
-3.075000e-02,-337670
-3.086400e-02,-338290
-3.096600e-02,-334900
-3.110200e-02,-332930
-3.123400e-02,-332940
-3.133500e-02,-330840
-3.144400e-02,-327430
-3.152800e-02,-331900
-3.163700e-02,-332800
-3.172100e-02,-331580
-3.184500e-02,-337860
-3.196300e-02,-339280
-3.206900e-02,-340380
-3.217900e-02,-340330
-3.230500e-02,-337130
-3.241500e-02,-333660
-3.254300e-02,-332970
-3.266600e-02,-333970
-3.276100e-02,-331280
-3.290700e-02,-331390
-3.301300e-02,-333180
-3.312300e-02,-332990
-3.322700e-02,-332070
-3.335100e-02,-333470
-3.346600e-02,-332560
-3.359000e-02,-331450
-3.371900e-02,-330730
-3.382600e-02,-331330
-3.393100e-02,-328170
-3.406600e-02,-328640
-3.419600e-02,-330330
-3.429900e-02,-329340
-3.443100e-02,-329850
-3.453800e-02,-330370
-3.466400e-02,-328740
-3.478100e-02,-326540
-3.489200e-02,-325340
-3.498100e-02,-324110
-3.511300e-02,-324620
-3.520800e-02,-326470
-3.530700e-02,-327380
-3.542700e-02,-327410
-3.554100e-02,-329280
-3.561900e-02,-330260
-3.574000e-02,-330480
-3.586000e-02,-331520
-3.598200e-02,-331990
-3.606700e-02,-330190
-3.617700e-02,-329400
-3.630900e-02,-329260
-3.641700e-02,-328360
-3.653300e-02,-327410
-3.665400e-02,-326580
-3.678800e-02,-326900
-3.688200e-02,-324590
-3.698600e-02,-325080
-3.708200e-02,-326690
-3.720400e-02,-326710
-3.730800e-02,-327570
-3.740100e-02,-328920
-3.751500e-02,-326770
-3.762500e-02,-326470
-3.777900e-02,-326490
-3.785300e-02,-323900
-3.795500e-02,-323440
-3.807900e-02,-324730
-3.817200e-02,-324440
-3.830000e-02,-325580
-3.843800e-02,-326670
-3.851900e-02,-326910
-3.862700e-02,-324620
-3.875200e-02,-325220
-3.888300e-02,-324320
-3.897000e-02,-322070
-3.911400e-02,-321500
-3.923400e-02,-321920
-3.933100e-02,-321220
-3.948800e-02,-320300
-3.959900e-02,-320370
-3.968200e-02,-319310
-3.980700e-02,-318340
-3.994200e-02,-317870
-4.007100e-02,-319090
-4.019200e-02,-318680
-4.031300e-02,-318820
-4.044800e-02,-319870
-4.055500e-02,-317980
-4.065700e-02,-318200
-4.079700e-02,-319190
-4.089600e-02,-316070
-4.101900e-02,-316150
-4.111300e-02,-316790
-4.121600e-02,-315070
-4.131100e-02,-314040
-4.143600e-02,-315770
-4.154800e-02,-314530
-4.164700e-02,-314010
-4.178700e-02,-314640
-4.188700e-02,-314090
-4.197900e-02,-313850
-4.212900e-02,-313450
-4.222000e-02,-313200
-4.230400e-02,-312980
-4.231300e-02,-312960
-4.232600e-02,-312920
-4.233900e-02,-312890
-4.234000e-02,-312880
-4.232600e-02,-312920
-4.233200e-02,-312900
-4.233300e-02,-312900
-4.234000e-02,-312880
-4.232400e-02,-312930
-4.233600e-02,-312890
-4.233600e-02,-312890
-4.233100e-02,-312910
-4.233800e-02,-312890
-4.235100e-02,-312850
-4.235400e-02,-312850
-4.234400e-02,-312870
-4.234200e-02,-312880
-4.234200e-02,-312880
-4.234300e-02,-312880
-4.233400e-02,-312900
-4.235400e-02,-312850
-4.235100e-02,-312850
-4.235800e-02,-312840
-4.235500e-02,-312840
-4.234000e-02,-310820
-4.234400e-02,-311020
-4.236000e-02,-311800
-4.235100e-02,-311360
-4.234700e-02,-311170
-4.235000e-02,-311310
-4.235700e-02,-311650
-4.233900e-02,-310780
-4.235600e-02,-311610
-4.234300e-02,-310970
-4.234700e-02,-311170
-4.234500e-02,-311070
-4.235000e-02,-311310
-4.235000e-02,-311310
-4.233500e-02,-310580
-4.234700e-02,-311170
-4.234400e-02,-311020
-4.234700e-02,-311170
-4.233600e-02,-310630
-4.233400e-02,-310530
-4.234500e-02,-311070
-4.234100e-02,-310870
-4.233800e-02,-310730
-4.234700e-02,-311170
-4.236700e-02,-312140
-4.233500e-02,-310580
-4.234800e-02,-311210
-4.233500e-02,-310580
-4.234200e-02,-310920
-4.235000e-02,-311310
-4.234400e-02,-311020
-4.234700e-02,-311170
-4.233800e-02,-310730
-4.234600e-02,-311120
-4.234300e-02,-310970
-4.234700e-02,-311170
-4.235500e-02,-311560
-4.233500e-02,-310580
-4.234900e-02,-311260
-4.235700e-02,-311650
-4.234100e-02,-310870
-4.234300e-02,-310970
-4.234300e-02,-310970
-4.234000e-02,-310820
-4.234800e-02,-311210
-4.234100e-02,-310870
-4.235300e-02,-311460
-4.235800e-02,-311700
-4.235300e-02,-311460
-4.235900e-02,-311750
-4.235900e-02,-311750
-4.234500e-02,-311070
-4.235100e-02,-311360
-4.234800e-02,-311210
-4.235000e-02,-311310
-4.233300e-02,-310480
-4.234400e-02,-311020
-4.233700e-02,-310680
-4.234700e-02,-311170
-4.234600e-02,-311120
-4.235200e-02,-311410
-4.235600e-02,-311610
-4.234300e-02,-310970
-4.235000e-02,-311310
-4.236300e-02,-311950
-4.234700e-02,-311170
-4.234700e-02,-311170
-4.235100e-02,-311360
-4.234700e-02,-311170
-4.226000e-02,-306920
-4.216700e-02,-302380
-4.209400e-02,-298820
-4.199100e-02,-293790
-4.188500e-02,-288620
-4.181500e-02,-285200
-4.171400e-02,-280270
-4.160400e-02,-274900
-4.149300e-02,-269490
-4.137300e-02,-263630
-4.125000e-02,-257630
-4.115500e-02,-252990
-4.102200e-02,-246500
-4.093500e-02,-242250
-4.083800e-02,-237520
-4.072000e-02,-231760
-4.060600e-02,-224610
-4.050600e-02,-221520
-4.036400e-02,-213270
-4.025400e-02,-209760
-4.013000e-02,-206370
-4.000500e-02,-200460
-3.985900e-02,-195940
-3.969300e-02,-189950
-3.956800e-02,-185540
-3.945700e-02,-179600
-3.932700e-02,-174830
-3.918800e-02,-169130
-3.907700e-02,-165360
-3.893200e-02,-160150
-3.881800e-02,-156990
-3.871200e-02,-151680
-3.854900e-02,-145050
-3.844300e-02,-138860
-3.830800e-02,-133530
-3.820500e-02,-131220
-3.807500e-02,-126010
-3.793400e-02,-120970
-3.781800e-02,-115470
-3.767800e-02,-109590
-3.755900e-02,-105240
-3.742700e-02,-97834
-3.732200e-02,-95167
-3.719600e-02,-90425
-3.709700e-02,-86803
-3.698100e-02,-80447
-3.684300e-02,-75649
-3.672500e-02,-71135
-3.658000e-02,-6.452300e+04
-3.647100e-02,-58166
-3.639300e-02,-57619
-3.625200e-02,-52441
-3.610100e-02,-46333
-3.595200e-02,-40926
-3.584200e-02,-37472
-3.567300e-02,-29187
-3.555400e-02,-25842
-3.544700e-02,-23046
-3.532000e-02,-18696
-3.517000e-02,-12131
-3.502900e-02,-8.944300e+03
-3.490900e-02,-4.727700e+03
-3.476100e-02,2.286800e+03
-3.463300e-02,8.263700e+03
-3.451200e-02,11981
-3.438700e-02,16142
-3.429200e-02,20487
-3.414800e-02,25294
-3.401700e-02,29777
-3.384300e-02,36668
-3.369300e-02,42010
-3.354200e-02,47186
-3.348600e-02,48412
-3.335600e-02,53303
-3.320200e-02,58118
-3.308700e-02,62641
-3.295300e-02,68115
-3.280800e-02,72590
-3.269300e-02,79263
-3.259200e-02,82166
-3.243100e-02,86701
-3.230600e-02,90765
-3.218200e-02,95709
-3.204400e-02,102130
-3.190700e-02,105860
-3.179000e-02,112520
-3.168900e-02,116770
-3.157100e-02,119940
-3.143200e-02,123880
-3.129400e-02,127330
-3.111600e-02,133430
-3.100700e-02,135570
-3.084600e-02,142780
-3.075200e-02,145050
-3.064800e-02,148110
-3.052000e-02,152480
-3.038900e-02,158260
-3.025900e-02,164740
-3.015300e-02,167830
-2.999000e-02,173510
-2.984300e-02,178890
-2.975600e-02,180590
-2.961900e-02,184100
-2.947600e-02,187540
-2.932900e-02,191290
-2.919300e-02,196650
-2.905900e-02,201370
-2.891900e-02,206880
-2.877700e-02,211150
-2.870100e-02,213890
-2.857500e-02,216510
-2.843800e-02,219970
-2.830100e-02,226270
-2.815500e-02,231400
-2.803100e-02,233290
-2.791400e-02,239110
-2.777300e-02,239790
-2.765100e-02,243550
-2.750700e-02,247690
-2.738100e-02,250590
-2.721400e-02,257120
-2.707100e-02,2.620400e+05
-2.692200e-02,266030
-2.683600e-02,268120
-2.670200e-02,270600
-2.655000e-02,273420
-2.643800e-02,278920
-2.628200e-02,281710
-2.612300e-02,282540
-2.599900e-02,288780
-2.587500e-02,291620
-2.575100e-02,293710
-2.562700e-02,296470
-2.548500e-02,301470
-2.530500e-02,305970
-2.522500e-02,306650
-2.510100e-02,312010
-2.495100e-02,315220
-2.483100e-02,316610
-2.468500e-02,318950
-2.457000e-02,323570
-2.437900e-02,327640
-2.428700e-02,328730
-2.414100e-02,333480
-2.402600e-02,334280
-2.389200e-02,337920
-2.378200e-02,338490
-2.366400e-02,342680
-2.350500e-02,346260
-2.339400e-02,347880
-2.321200e-02,351300
-2.308800e-02,354900
-2.297000e-02,356600
-2.285100e-02,356490
-2.269300e-02,359860
-2.253100e-02,360940
-2.240200e-02,364620
-2.226700e-02,368460
-2.215000e-02,366590
-2.202400e-02,368480
-2.189100e-02,370470
-2.175400e-02,372530
-2.173800e-02,372770
-2.174200e-02,372710
-2.174800e-02,372620
-2.174000e-02,372740
-2.172900e-02,372910
-2.172400e-02,372980
-2.173800e-02,372770
-2.173500e-02,372820
-2.171400e-02,373130
-2.172800e-02,372920
-2.173200e-02,372860
-2.173100e-02,372880
-2.172500e-02,372970
-2.171900e-02,373060
-2.172900e-02,372910
-2.173900e-02,372760
-2.171900e-02,372450
-2.171800e-02,372490
-2.173100e-02,371920
-2.172900e-02,372010
-2.172800e-02,372050
-2.172000e-02,372400
-2.173000e-02,371960
-2.172300e-02,372270
-2.172000e-02,372400
-2.171800e-02,372490
-2.171100e-02,372800
-2.172700e-02,372100
-2.172000e-02,372400
-2.178500e-02,369550
-2.184200e-02,367040
-2.191300e-02,363920
-2.204700e-02,358030
-2.211200e-02,355180
-2.220200e-02,351220
-2.229400e-02,347180
-2.238800e-02,343050
-2.249700e-02,338260
-2.264700e-02,331660
-2.279600e-02,325120
-2.287900e-02,321470
-2.300900e-02,315750
-2.314800e-02,309650
-2.322500e-02,306260
-2.335500e-02,300550
-2.347200e-02,295410
-2.359000e-02,289910
-2.372600e-02,285020
-2.386300e-02,278720
-2.398200e-02,273020
-2.409800e-02,267830
-2.423400e-02,263970
-2.434100e-02,2.584700e+05
-2.447400e-02,253410
-2.458100e-02,248370
-2.471000e-02,241200
-2.480600e-02,237040
-2.493900e-02,231300
-2.506100e-02,226680
-2.518800e-02,221380
-2.530200e-02,217160
-2.543900e-02,211290
-2.556900e-02,205520
-2.571000e-02,199960
-2.579400e-02,195620
-2.594500e-02,191840
-2.606000e-02,186460
-2.618500e-02,181650
-2.631700e-02,175630
-2.646200e-02,169720
-2.656600e-02,164720
-2.670200e-02,159390
-2.682600e-02,154910
-2.692100e-02,151030
-2.709000e-02,145830
-2.719900e-02,141030
-2.731800e-02,135730
-2.745100e-02,1.302600e+05
-2.755700e-02,125220
-2.770500e-02,120930
-2.782800e-02,115980
-2.796900e-02,110770
-2.807700e-02,105910
-2.825100e-02,99232
-2.839400e-02,94947
-2.853700e-02,89405
-2.866800e-02,84946
-2.878100e-02,80978
-2.888700e-02,78090
-2.902100e-02,71324
-2.913700e-02,65570
-2.926500e-02,61924
-2.937800e-02,55247
-2.948200e-02,51037
-2.963700e-02,45426
-2.974700e-02,41697
-2.985600e-02,38066
-3.001500e-02,3.205600e+04
-3.014400e-02,27194
-3.025900e-02,21765
-3.042100e-02,16800
-3.048900e-02,13716
-3.062300e-02,9.139700e+03
-3.075500e-02,4.467200e+03
-3.088000e-02,-1.149300e+03
-3.099800e-02,-5.525800e+03
-3.114500e-02,-11514
-3.127300e-02,-16052
-3.139900e-02,-20698
-3.153800e-02,-24700
-3.167600e-02,-28809
-3.181600e-02,-32935
-3.192200e-02,-37730
-3.203400e-02,-43327
-3.219900e-02,-47818
-3.230100e-02,-53185
-3.244500e-02,-56643
-3.255700e-02,-60347
-3.269900e-02,-65886
-3.283100e-02,-70426
-3.299700e-02,-75882
-3.311500e-02,-79464
-3.323600e-02,-82066
-3.337400e-02,-88036
-3.349600e-02,-92238
-3.365700e-02,-96864
-3.379900e-02,-101380
-3.392400e-02,-105560
-3.401300e-02,-109050
-3.412300e-02,-113200
-3.424400e-02,-116540
-3.437300e-02,-121050
-3.447700e-02,-124060
-3.461100e-02,-1.293900e+05
-3.476800e-02,-135660
-3.490300e-02,-139900
-3.502600e-02,-145180
-3.518300e-02,-149400
-3.529300e-02,-151850
-3.543400e-02,-155290
-3.553700e-02,-159020
-3.566300e-02,-165260
-3.579400e-02,-169460
-3.596500e-02,-174550
-3.606700e-02,-177260
-3.620900e-02,-181480
-3.635100e-02,-184550
-3.647600e-02,-188140
-3.661700e-02,-193210
-3.672800e-02,-196780
-3.686300e-02,-202390
-3.701700e-02,-206240
-3.715800e-02,-209450
-3.727500e-02,-210910
-3.740200e-02,-215630
-3.755800e-02,-219700
-3.766300e-02,-223580
-3.779900e-02,-224890
-3.790800e-02,-232210
-3.804200e-02,-236940
-3.814600e-02,-238340
-3.828400e-02,-242200
-3.842800e-02,-246780
-3.856600e-02,-251310
-3.871000e-02,-255240
-3.883700e-02,-2.585200e+05
-3.894100e-02,-261130
-3.907800e-02,-263200
-3.920000e-02,-266710
-3.934700e-02,-270190
-3.949700e-02,-274100
-3.964300e-02,-278320
-3.977600e-02,-280550
-3.991900e-02,-283430
-4.005900e-02,-285920
-4.019000e-02,-288010
-4.036400e-02,-289870
-4.049100e-02,-291400
-4.066500e-02,-291900
-4.078500e-02,-293410
-4.095000e-02,-295820
-4.103900e-02,-297220
-4.117000e-02,-299280
-4.125200e-02,-300560
-4.124800e-02,-300500
-4.126800e-02,-300810
-4.128400e-02,-301070
-4.128200e-02,-301030
-4.128500e-02,-301080
-4.129400e-02,-301220
-4.128200e-02,-301030
-4.128500e-02,-301080
-4.128600e-02,-301100
-4.128400e-02,-301070
-4.129100e-02,-301180
-4.129500e-02,-301240
-4.129800e-02,-301290
-4.129500e-02,-301240
-4.128600e-02,-301100
-4.129300e-02,-301210
-4.130200e-02,-301350
-4.129600e-02,-301250
-4.130400e-02,-301380
-4.130500e-02,-301400
-4.131200e-02,-301510
-4.128800e-02,-300370
-4.129400e-02,-300660
-4.129100e-02,-300520
-4.130000e-02,-300940
-4.129400e-02,-300660
-4.130200e-02,-301030
-4.129500e-02,-300700
-4.128800e-02,-300370
-4.129700e-02,-300800
-4.129100e-02,-300520
-4.131000e-02,-301410
-4.129300e-02,-300610
-4.129000e-02,-300470
-4.129600e-02,-300750
-4.129500e-02,-300700
-4.129300e-02,-300610
-4.127700e-02,-299860
-4.128500e-02,-300230
-4.128300e-02,-300140
-4.129700e-02,-300800
-4.129800e-02,-300850
-4.129100e-02,-300520
-4.128400e-02,-300190
-4.130000e-02,-300940
-4.128900e-02,-300420
-4.130100e-02,-300990
-4.129300e-02,-300610
-4.129400e-02,-300660
-4.124200e-02,-298210
-4.117300e-02,-294960
-4.109500e-02,-291280
-4.101200e-02,-287380
-4.089700e-02,-281960
-4.081900e-02,-278290
-4.071000e-02,-273150
-4.063200e-02,-269480
-4.051100e-02,-263780
-4.041200e-02,-259120
-4.029100e-02,-253420
-4.014500e-02,-246540
-4.004500e-02,-241830
-3.993500e-02,-236650
-3.983100e-02,-231750
-3.970600e-02,-225870
-3.961400e-02,-221530
-3.949100e-02,-216340
-3.936400e-02,-210940
-3.921000e-02,-204480
-3.909000e-02,-198270
-3.894700e-02,-192850
-3.886800e-02,-189520
-3.875000e-02,-183510
-3.863400e-02,-178680
-3.850800e-02,-173890
-3.837400e-02,-168560
-3.823600e-02,-162090
-3.811200e-02,-158070
-3.797300e-02,-150640
-3.789200e-02,-147200
-3.776100e-02,-141770
-3.763800e-02,-138540
-3.751900e-02,-133550
-3.737400e-02,-126440
-3.726700e-02,-122720
-3.710300e-02,-115710
-3.698200e-02,-109460
-3.689800e-02,-106620
-3.677700e-02,-102560
-3.662000e-02,-97679
-3.651400e-02,-92687
-3.640000e-02,-87051
-3.625300e-02,-80431
-3.614900e-02,-76009
-3.604400e-02,-70954
-3.591200e-02,-67488
-3.579200e-02,-60728
-3.562000e-02,-55896
-3.553100e-02,-52862
-3.536900e-02,-46144
-3.523500e-02,-40650
-3.513200e-02,-35009
-3.500700e-02,-33027
-3.487900e-02,-28919
-3.477800e-02,-23854
-3.463500e-02,-17696
-3.446000e-02,-10139
-3.431600e-02,-5.042100e+03
-3.418900e-02,-5.537900e+02
-3.409000e-02,3.795900e+03
-3.396900e-02,6.680100e+03
-3.383500e-02,11656
-3.373100e-02,16841
-3.359800e-02,21282
-3.347800e-02,25811
-3.330900e-02,32796
-3.322500e-02,35586
-3.305900e-02,39792
-3.294600e-02,41577
-3.280200e-02,49251
-3.264400e-02,55837
-3.252600e-02,60339
-3.239500e-02,67128
-3.226800e-02,71819
-3.215000e-02,74630
-3.200000e-02,78827
-3.185100e-02,83894
-3.173600e-02,87656
-3.161700e-02,91778
-3.149700e-02,99219
-3.137100e-02,104980
-3.123700e-02,109770
-3.113600e-02,111860
-3.099300e-02,114730
-3.086800e-02,115000
-3.076100e-02,123260
-3.063400e-02,133650
-3.048200e-02,139970
-3.037100e-02,143200
-3.025900e-02,145340
-3.012300e-02,149720
-2.998500e-02,153100
-2.984500e-02,158050
-2.969900e-02,164620
-2.957500e-02,168960
-2.947800e-02,173350
-2.932700e-02,177920
-2.921800e-02,181140
-2.906500e-02,183760
-2.893500e-02,190590
-2.880900e-02,192680
-2.871800e-02,201840
-2.859400e-02,208480
-2.844700e-02,211860
-2.832300e-02,215820
-2.819100e-02,218380
-2.805400e-02,222120
-2.792000e-02,227500
-2.776600e-02,231500
-2.764900e-02,235760
-2.752700e-02,239910
-2.740500e-02,241620
-2.722200e-02,242650
-2.709500e-02,247610
-2.692400e-02,253550
-2.681400e-02,257560
-2.663800e-02,262580
-2.655000e-02,265730
-2.638800e-02,269620
-2.626400e-02,272120
-2.611700e-02,276850
-2.598900e-02,280380
-2.587300e-02,284700
-2.573300e-02,291050
-2.561000e-02,295800
-2.548200e-02,299770
-2.535200e-02,300830
-2.525100e-02,303920
-2.510100e-02,308410
-2.498300e-02,311810
-2.484500e-02,317710
-2.471200e-02,321550
-2.461500e-02,323250
-2.447100e-02,326290
-2.433900e-02,329970
-2.414900e-02,333270
-2.403400e-02,336380
-2.389600e-02,341410
-2.376100e-02,345140
-2.365400e-02,348110
-2.353800e-02,350170
-2.339200e-02,353870
-2.323700e-02,354830
-2.308700e-02,359970
-2.296600e-02,363630
-2.284100e-02,365490
-2.269000e-02,369450
-2.257100e-02,371070
-2.247000e-02,369500
-2.230000e-02,372680
-2.217100e-02,375180
-2.201600e-02,378180
-2.200200e-02,378450
-2.198700e-02,378740
-2.199100e-02,378660
-2.198800e-02,378720
-2.197900e-02,378890
-2.198400e-02,378800
-2.197600e-02,378950
-2.197200e-02,379030
-2.198200e-02,378840
-2.197800e-02,378910
-2.197600e-02,378950
-2.197400e-02,378990
-2.198300e-02,378820
-2.197500e-02,378970
-2.198900e-02,378700
-2.197900e-02,378890
-2.198500e-02,378780
-2.197400e-02,378990
-2.197900e-02,378890
-2.198600e-02,378760
-2.199200e-02,378640
-2.197600e-02,378950
-2.196900e-02,379090
-2.197700e-02,378930
-2.197600e-02,378950
-2.197200e-02,379030
-2.196600e-02,378710
-2.197700e-02,378240
-2.197700e-02,378240
-2.197900e-02,378150
-2.197700e-02,378240
-2.196600e-02,378710
-2.197100e-02,378490
-2.197000e-02,378540
-2.196500e-02,378750
-2.199900e-02,377300
-2.204500e-02,375350
-2.214800e-02,370970
-2.221900e-02,367950
-2.232600e-02,363410
-2.240600e-02,360010
-2.251300e-02,355460
-2.260800e-02,351420
-2.270300e-02,347390
-2.282200e-02,342330
-2.292900e-02,337780
-2.303600e-02,333230
-2.315600e-02,328130
-2.326400e-02,323540
-2.339500e-02,317980
-2.348700e-02,314070
-2.365100e-02,307100
-2.371800e-02,304250
-2.388000e-02,297370
-2.400900e-02,291880
-2.411900e-02,287210
-2.424600e-02,282920
-2.435900e-02,277010
-2.451000e-02,270320
-2.460400e-02,265560
-2.470700e-02,2.618300e+05
-2.482400e-02,257250
-2.494700e-02,251510
-2.508200e-02,246390
-2.520300e-02,240750
-2.536000e-02,234060
-2.547100e-02,228770
-2.558800e-02,224530
-2.572100e-02,219110
-2.583400e-02,214590
-2.595900e-02,209380
-2.606700e-02,204110
-2.620600e-02,198870
-2.631300e-02,194640
-2.647500e-02,187790
-2.658400e-02,184350
-2.670600e-02,179010
-2.685200e-02,174340
-2.697100e-02,168890
-2.713000e-02,162830
-2.723400e-02,158290
-2.735300e-02,153550
-2.747600e-02,148900
-2.761100e-02,144040
-2.773000e-02,139730
-2.784800e-02,133450
-2.799400e-02,127610
-2.813500e-02,123520
-2.826200e-02,117430
-2.839500e-02,112880
-2.853400e-02,108050
-2.866000e-02,104190
-2.880200e-02,99682
-2.889100e-02,94012
-2.902500e-02,88976
-2.914900e-02,83345
-2.929200e-02,77826
-2.938600e-02,74710
-2.951600e-02,70219
-2.969000e-02,64241
-2.981800e-02,59432
-2.991900e-02,55655
-3.005000e-02,49071
-3.017200e-02,45127
-3.026100e-02,40988
-3.041900e-02,36033
-3.052800e-02,31809
-3.065400e-02,26802
-3.077900e-02,21882
-3.089700e-02,16570
-3.103600e-02,11379
-3.118300e-02,6804
-3.129500e-02,3.622200e+03
-3.140900e-02,-1.299700e+03
-3.156400e-02,-6.080100e+03
-3.168900e-02,-11044
-3.182500e-02,-16793
-3.195000e-02,-21177
-3.207200e-02,-25505
-3.221600e-02,-29926
-3.234000e-02,-33843
-3.250400e-02,-38543
-3.264000e-02,-42923
-3.275100e-02,-47716
-3.287400e-02,-52524
-3.299200e-02,-56811
-3.312700e-02,-60769
-3.323800e-02,-6.498600e+04
-3.339400e-02,-69125
-3.355200e-02,-74185
-3.369400e-02,-80003
-3.383800e-02,-83952
-3.393800e-02,-89078
-3.407400e-02,-92946
-3.420000e-02,-95614
-3.433500e-02,-100350
-3.445900e-02,-104890
-3.459700e-02,-108620
-3.471800e-02,-112610
-3.484800e-02,-117550
-3.499800e-02,-121800
-3.509200e-02,-125040
-3.521900e-02,-1.292400e+05
-3.534500e-02,-133010
-3.547800e-02,-138340
-3.559500e-02,-142040
-3.570500e-02,-147370
-3.584400e-02,-151600
-3.594400e-02,-155010
-3.610500e-02,-158420
-3.623500e-02,-163040
-3.634900e-02,-167410
-3.648300e-02,-171400
-3.661400e-02,-176890
-3.675200e-02,-180420
-3.686700e-02,-183620
-3.700500e-02,-187680
-3.712600e-02,-191550
-3.726800e-02,-194880
-3.738400e-02,-199500
-3.753800e-02,-204670
-3.764300e-02,-207660
-3.777900e-02,-212060
-3.789300e-02,-215170
-3.802600e-02,-218880
-3.815000e-02,-221770
-3.830800e-02,-226310
-3.841300e-02,-231210
-3.857900e-02,-235630
-3.870400e-02,-239440
-3.883900e-02,-242430
-3.894700e-02,-245250
-3.909300e-02,-247980
-3.923700e-02,-252100
-3.941800e-02,-256700
-3.953700e-02,-2.592900e+05
-3.966700e-02,-263790
-3.980200e-02,-265810
-3.993300e-02,-268320
-4.006300e-02,-271330
-4.019100e-02,-274900
-4.037500e-02,-280110
-4.050800e-02,-282060
-4.064900e-02,-285240
-4.078900e-02,-286950
-4.091100e-02,-289630
-4.102400e-02,-292110
-4.111000e-02,-294000
-4.114200e-02,-294700
-4.115500e-02,-294990
-4.117900e-02,-295510
-4.117700e-02,-295470
-4.117400e-02,-295400
-4.117200e-02,-295360
-4.117800e-02,-295490
-4.117000e-02,-295320
-4.117300e-02,-295380
-4.117200e-02,-295360
-4.118000e-02,-295530
-4.119000e-02,-295750
-4.118500e-02,-295640
-4.118600e-02,-295670
-4.118600e-02,-295670
-4.118200e-02,-295580
-4.117600e-02,-295450
-4.119100e-02,-295780
-4.117900e-02,-295510
-4.119300e-02,-295820
-4.119200e-02,-295800
-4.120100e-02,-296000
-4.120100e-02,-296000
-4.119000e-02,-295750
-4.119300e-02,-295820
-4.119400e-02,-295840
-4.120100e-02,-296000
-4.120600e-02,-296110
-4.117800e-02,-294710
-4.108900e-02,-290820
-4.100800e-02,-287280
-4.091100e-02,-283040
-4.083300e-02,-279630
-4.076300e-02,-276580
-4.066400e-02,-272250
-4.053000e-02,-266400
-4.043400e-02,-262200
-4.032900e-02,-257610
-4.020500e-02,-252200
-4.008000e-02,-246730
-3.997700e-02,-242230
-3.986800e-02,-237470
-3.976900e-02,-233150
-3.966700e-02,-228690
-3.954000e-02,-223140
-3.944300e-02,-218900
-3.930600e-02,-212920
-3.916300e-02,-206670
-3.905300e-02,-201860
-3.897100e-02,-198280
-3.883300e-02,-192250
-3.868700e-02,-185870
-3.854100e-02,-179490
-3.841900e-02,-174160
-3.828000e-02,-168090
-3.816500e-02,-163060
-3.807400e-02,-159090
-3.794700e-02,-153540
-3.779700e-02,-148750
-3.766500e-02,-142810
-3.756500e-02,-138750
-3.743600e-02,-133340
-3.730400e-02,-126600
-3.720000e-02,-123050
-3.707400e-02,-117880
-3.697300e-02,-114450
-3.682400e-02,-108070
-3.672800e-02,-102850
-3.656700e-02,-96817
-3.644000e-02,-92557
-3.634900e-02,-87087
-3.625600e-02,-83976
-3.611100e-02,-78014
-3.596000e-02,-73026
-3.586700e-02,-67877
-3.569800e-02,-60489
-3.557400e-02,-55287
-3.544600e-02,-50754
-3.533800e-02,-46082
-3.521600e-02,-42953
-3.505800e-02,-38317
-3.492300e-02,-3.238600e+04
-3.480400e-02,-26331
-3.467300e-02,-23369
-3.457400e-02,-14790
-3.443200e-02,-11479
-3.431900e-02,-6.207200e+03
-3.419500e-02,-3.907100e+03
-3.404700e-02,2891
-3.389700e-02,7.007200e+03
-3.376400e-02,11653
-3.361100e-02,16810
-3.351600e-02,23860
-3.341500e-02,27265
-3.325900e-02,31132
-3.312800e-02,36433
-3.303700e-02,40791
-3.292500e-02,45094
-3.275900e-02,52008
-3.261700e-02,58438
-3.249000e-02,61349
-3.235800e-02,65649
-3.223600e-02,70339
-3.209100e-02,75149
-3.196800e-02,79989
-3.180400e-02,86749
-3.166600e-02,91629
-3.156100e-02,97120
-3.143700e-02,99320
-3.131600e-02,103520
-3.118200e-02,107470
-3.103700e-02,113440
-3.090000e-02,119330
-3.079100e-02,123680
-3.067700e-02,126890
-3.055600e-02,1.307300e+05
-3.044600e-02,134620
-3.028300e-02,139520
-3.014000e-02,145570
-2.997800e-02,150580
-2.984800e-02,154520
-2.974100e-02,160040
-2.964000e-02,162650
-2.953000e-02,166030
-2.939500e-02,172360
-2.924700e-02,178580
-2.909900e-02,183380
-2.900700e-02,186820
-2.883800e-02,192740
-2.872900e-02,196380
-2.861400e-02,199910
-2.844900e-02,204630
-2.832900e-02,208180
-2.818400e-02,211670
-2.806100e-02,215160
-2.790500e-02,222660
-2.778200e-02,225650
-2.762800e-02,229050
-2.754000e-02,232220
-2.740000e-02,237710
-2.721500e-02,242510
-2.708500e-02,245170
-2.695900e-02,249110
-2.684400e-02,255200
-2.672900e-02,2.601500e+05
-2.660000e-02,262450
-2.647900e-02,265460
-2.633800e-02,270070
-2.620800e-02,274990
-2.606800e-02,281440
-2.591000e-02,285660
-2.580800e-02,289030
-2.569100e-02,292420
-2.555700e-02,294600
-2.541800e-02,297320
-2.530400e-02,301730
-2.514100e-02,308480
-2.500600e-02,310840
-2.489600e-02,314560
-2.474500e-02,317380
-2.462100e-02,320770
-2.448900e-02,323480
-2.437600e-02,327590
-2.422600e-02,333270
-2.408600e-02,336880
-2.392700e-02,341370
-2.383800e-02,343870
-2.369800e-02,346150
-2.357500e-02,347950
-2.342800e-02,353860
-2.329300e-02,356930
-2.315300e-02,360140
-2.299900e-02,365450
-2.288900e-02,366690
-2.276400e-02,368870
-2.263700e-02,370310
-2.251100e-02,371140
-2.235200e-02,375690
-2.223000e-02,376580
-2.206700e-02,380170
-2.191800e-02,381570
-2.179600e-02,382610
-2.165100e-02,380450
-2.150800e-02,384470
-2.135900e-02,385420
-2.122800e-02,384440
-2.106500e-02,386940
-2.093000e-02,386560
-2.081400e-02,385120
-2.063300e-02,385530
-2.049500e-02,385620
-2.032100e-02,385940
-2.021500e-02,386320
-2.004900e-02,387790
-1.990800e-02,386750
-1.977300e-02,388050
-1.967100e-02,386020
-1.950100e-02,385650
-1.936900e-02,384060
-1.921100e-02,385700
-1.906200e-02,387640
-1.889900e-02,388230
-1.876000e-02,388870
-1.864800e-02,387360
-1.850200e-02,386190
-1.838500e-02,383640
-1.822600e-02,384800
-1.806000e-02,384740
-1.792700e-02,384800
-1.779100e-02,384860
-1.767400e-02,383630
-1.753500e-02,381760
-1.735400e-02,381450
-1.723500e-02,381910
-1.709200e-02,383000
-1.695400e-02,382350
-1.679800e-02,382180
-1.664800e-02,383330
-1.651500e-02,381680
-1.639000e-02,379060
-1.623800e-02,379700
-1.608900e-02,379290
-1.595000e-02,379020
-1.578300e-02,382150
-1.564100e-02,381890
-1.553800e-02,380600
-1.542000e-02,379290
-1.523900e-02,379840
-1.507500e-02,380030
-1.494600e-02,380930
-1.477300e-02,382050
-1.463200e-02,381900
-1.450900e-02,381270
-1.439500e-02,380030
-1.418100e-02,379900
-1.406800e-02,379380
-1.392800e-02,378460
-1.373600e-02,381380
-1.359900e-02,380520
-1.350100e-02,382300
-1.335600e-02,379200
-1.320200e-02,379560
-1.305300e-02,379040
-1.291500e-02,379390
-1.275900e-02,380410
-1.264300e-02,380060
-1.247100e-02,382720
-1.238300e-02,379650
-1.221600e-02,381350
-1.208100e-02,380580
-1.193900e-02,381210
-1.177900e-02,382710
-1.163300e-02,382570
-1.149800e-02,384080
-1.136700e-02,384090
-1.125100e-02,382550
-1.112100e-02,379850
-1.092500e-02,380900
-1.079800e-02,378670
-1.069700e-02,377590
-1.050300e-02,380560
-1.037500e-02,379140
-1.027800e-02,376010
-1.012400e-02,373940
-9.976000e-03,376050
-9.815300e-03,376840
-9.680400e-03,375990
-9.520500e-03,378060
-9.386500e-03,377170
-9.266900e-03,375110
-9.118300e-03,373740
-8.959100e-03,375110
-8.785600e-03,374400
-8.665100e-03,374780
-8.502200e-03,374680
-8.368600e-03,375880
-8.187400e-03,375720
-8.096400e-03,372490
-7.919400e-03,370830
-7.798600e-03,367270
-7.636600e-03,366460
-7.490100e-03,367160
-7.331000e-03,368280
-7.238500e-03,369010
-7.104100e-03,366390
-6.927600e-03,368270
-6.793000e-03,367700
-6.680900e-03,367230
-6.623800e-03,366990
-6.593000e-03,366860
-6.603300e-03,366900
-6.570300e-03,366760
-6.586900e-03,366830
-6.583200e-03,366820
-6.584300e-03,366820
-6.577900e-03,366800
-6.578700e-03,366800
-6.578000e-03,366800
-6.586100e-03,366830
-6.576900e-03,366790
-6.579300e-03,366800
-6.570600e-03,366760
-6.582800e-03,366820
-6.568900e-03,366760
-6.557300e-03,366710
-6.576500e-03,366790
-6.579000e-03,366800
-6.564800e-03,366740
-6.572900e-03,366770
-6.581000e-03,366810
-6.568700e-03,366760
-6.557200e-03,366710
-6.570100e-03,366760
-6.577800e-03,366800
-6.563400e-03,366730
-6.573300e-03,366780
-6.574000e-03,366780
-6.577300e-03,366790
-6.582200e-03,366810
-6.562000e-03,366730
-6.564900e-03,366740
-6.561800e-03,366730
-6.572500e-03,366770
-6.562000e-03,366730
-6.593800e-03,365030
-6.671000e-03,361960
-6.756400e-03,358570
-6.837800e-03,355340
-6.921600e-03,352010
-7.015100e-03,348300
-7.100900e-03,344900
-7.206800e-03,340690
-7.321600e-03,336140
-7.452000e-03,330960
-7.584800e-03,325690
-7.670100e-03,322300
-7.777200e-03,318050
-7.904800e-03,312980
-7.999500e-03,309220
-8.131900e-03,303970
-8.258900e-03,298930
-8.405500e-03,293110
-8.494600e-03,289570
-8.636200e-03,283950
-8.767400e-03,278740
-8.890500e-03,273850
-9.009200e-03,269140
-9.134700e-03,264160
-9.273400e-03,2.586500e+05
-9.377500e-03,254520
-9.482800e-03,250340
-9.644000e-03,243940
-9.780000e-03,238540
-9.903200e-03,233650
-1.001900e-02,229060
-1.014900e-02,223890
-1.024900e-02,219930
-1.038800e-02,214410
-1.050900e-02,209600
-1.064400e-02,204410
-1.079700e-02,198420
-1.091800e-02,193980
-1.103200e-02,188240
-1.115600e-02,183040
-1.126700e-02,179520
-1.139200e-02,174910
-1.152700e-02,170270
-1.165400e-02,165230
-1.178500e-02,160160
-1.189400e-02,154190
-1.202000e-02,149470
-1.213100e-02,146270
-1.225600e-02,141580
-1.237100e-02,136800
-1.255400e-02,1.302300e+05
-1.267300e-02,125610
-1.279200e-02,120280
-1.292000e-02,115470
-1.304200e-02,110630
-1.316600e-02,107000
-1.329100e-02,102620
-1.343500e-02,98795
-1.355800e-02,93883
-1.369700e-02,88135
-1.382700e-02,83084
-1.395600e-02,78199
-1.408700e-02,74195
-1.422400e-02,70724
-1.434500e-02,66767
-1.448100e-02,60589
-1.463300e-02,55964
-1.474900e-02,51914
-1.487300e-02,47555
-1.500200e-02,43673
-1.516500e-02,38111
-1.528800e-02,33689
-1.541300e-02,28614
-1.556100e-02,24806
-1.568500e-02,19604
-1.583200e-02,13979
-1.594900e-02,9.673800e+03
-1.605700e-02,6.840900e+03
-1.622700e-02,2.323600e+03
-1.635800e-02,-2.434700e+03
-1.647300e-02,-7.433400e+03
-1.661300e-02,-10991
-1.674600e-02,-15935
-1.686400e-02,-19874
-1.697700e-02,-23261
-1.711200e-02,-27576
-1.722400e-02,-31708
-1.736600e-02,-35708
-1.750000e-02,-40798
-1.759900e-02,-45150
-1.772300e-02,-50760
-1.784500e-02,-55087
-1.797000e-02,-57743
-1.811400e-02,-62379
-1.827900e-02,-67105
-1.840600e-02,-71801
-1.853300e-02,-77387
-1.867000e-02,-82014
-1.879000e-02,-86310
-1.892200e-02,-89357
-1.904300e-02,-93073
-1.920900e-02,-96838
-1.932300e-02,-101830
-1.947600e-02,-106460
-1.959400e-02,-109980
-1.971800e-02,-115420
-1.986600e-02,-118860
-1.998000e-02,-122740
-2.011600e-02,-125520
-2.026500e-02,-1.298600e+05
-2.041800e-02,-134220
-2.051400e-02,-137920
-2.064200e-02,-142860
-2.077600e-02,-146420
-2.089900e-02,-149010
-2.108400e-02,-153720
-2.120400e-02,-157550
-2.135200e-02,-162010
-2.147100e-02,-164600
-2.163100e-02,-170170
-2.172600e-02,-172820
-2.190200e-02,-176360
-2.205900e-02,-180110
-2.215600e-02,-183550
-2.229000e-02,-186790
-2.243100e-02,-191080
-2.258000e-02,-195480
-2.273700e-02,-199330
-2.286400e-02,-202990
-2.299200e-02,-204910
-2.311100e-02,-208400
-2.325100e-02,-211150
-2.338300e-02,-215140
-2.356200e-02,-220290
-2.368400e-02,-223150
-2.380600e-02,-226310
-2.393400e-02,-228010
-2.405500e-02,-231310
-2.418700e-02,-233480
-2.430900e-02,-235640
-2.447200e-02,-240530
-2.459800e-02,-244100
-2.473200e-02,-248270
-2.485100e-02,-250320
-2.497900e-02,-252470
-2.511000e-02,-254900
-2.526300e-02,-2.577100e+05
-2.540900e-02,-260930
-2.554400e-02,-263240
-2.566800e-02,-265470
-2.580200e-02,-268270
-2.590300e-02,-270370
-2.602900e-02,-273000
-2.603100e-02,-273040
-2.604000e-02,-273230
-2.604100e-02,-273250
-2.604800e-02,-273400
-2.603700e-02,-273170
-2.604900e-02,-273420
-2.605400e-02,-273520
-2.605400e-02,-273520
-2.606000e-02,-273650
-2.605300e-02,-273500
-2.604400e-02,-273310
-2.606300e-02,-273710
-2.606700e-02,-273790
-2.605300e-02,-273500
-2.605700e-02,-273580
-2.606800e-02,-273810
-2.606700e-02,-273790
-2.605800e-02,-273600
-2.606000e-02,-273650
-2.605700e-02,-273580
-2.605400e-02,-273520
-2.606400e-02,-273730
-2.605900e-02,-273620
-2.607200e-02,-273900
-2.607300e-02,-273920
-2.607400e-02,-273940
-2.606500e-02,-273750
-2.606800e-02,-273810
-2.606600e-02,-273770
-2.607600e-02,-273980
-2.606400e-02,-273730
-2.608000e-02,-274060
-2.607300e-02,-273920
-2.606700e-02,-273790
-2.604800e-02,-273400
-2.604800e-02,-273400
-2.606500e-02,-273350
-2.607200e-02,-273640
-2.607200e-02,-273640
-2.605800e-02,-273050
-2.606000e-02,-273130
-2.604900e-02,-272670
-2.604800e-02,-272630
-2.605700e-02,-273010
-2.606500e-02,-273350
-2.605600e-02,-272970
-2.606700e-02,-273430
-2.601100e-02,-271070
-2.594400e-02,-268250
-2.585900e-02,-264660
-2.578200e-02,-2.614200e+05
-2.570200e-02,-258050
-2.562400e-02,-254760
-2.552400e-02,-250540
-2.542900e-02,-246540
-2.531800e-02,-241860
-2.517100e-02,-235660
-2.506200e-02,-231070
-2.493200e-02,-225590
-2.484500e-02,-221920
-2.473100e-02,-217120
-2.462700e-02,-212730
-2.451100e-02,-207850
-2.439300e-02,-202870
-2.428400e-02,-198280
-2.413900e-02,-192170
-2.401600e-02,-186980
-2.395400e-02,-184370
-2.378900e-02,-177410
-2.366000e-02,-171980
-2.351800e-02,-165990
-2.339400e-02,-161250
-2.327000e-02,-155320
-2.313300e-02,-150250
-2.303900e-02,-148020
-2.293800e-02,-145470
-2.283100e-02,-139390
-2.270400e-02,-136000
-2.259000e-02,-129690
-2.244900e-02,-122180
-2.229800e-02,-117160
-2.217900e-02,-111220
-2.204700e-02,-106280
-2.195900e-02,-104040
-2.181200e-02,-100200
-2.166900e-02,-93389
-2.152100e-02,-88111
-2.140500e-02,-83952
-2.130100e-02,-78559
-2.118700e-02,-75136
-2.104200e-02,-70583
-2.093700e-02,-66945
-2.078100e-02,-60019
-2.062800e-02,-54242
-2.052200e-02,-50574
-2.037700e-02,-44629
-2.024700e-02,-38429
-2.014500e-02,-34634
-2.002100e-02,-31180
-1.988900e-02,-25339
-1.974800e-02,-20263
-1.963600e-02,-16480
-1.949400e-02,-10337
-1.934300e-02,-4.193200e+03
-1.922300e-02,-1.104900e+03
-1.911800e-02,2.970800e+03
-1.896900e-02,7.132800e+03
-1.881600e-02,11083
-1.866500e-02,17856
-1.856600e-02,22519
-1.844900e-02,27005
-1.831400e-02,33406
-1.820400e-02,35866
-1.809600e-02,39776
-1.795200e-02,45001
-1.781800e-02,50541
-1.763900e-02,56742
-1.752300e-02,59436
-1.740200e-02,65569
-1.728100e-02,70362
-1.716600e-02,73457
-1.703200e-02,78057
-1.689200e-02,81836
-1.675200e-02,86755
-1.660200e-02,90982
-1.647200e-02,97193
-1.634000e-02,102280
-1.622700e-02,106770
-1.610100e-02,108410
-1.595400e-02,112350
-1.579100e-02,119630
-1.568000e-02,124350
-1.553300e-02,129090
-1.541900e-02,135610
-1.530400e-02,138360
-1.517400e-02,141820
-1.504600e-02,147010
-1.488000e-02,150620
-1.472700e-02,154350
-1.459500e-02,159740
-1.445400e-02,165440
-1.429100e-02,168400
-1.418300e-02,171710
-1.405200e-02,174970
-1.390500e-02,178750
-1.375400e-02,184320
-1.361800e-02,190020
-1.351800e-02,193340
-1.337100e-02,199100
-1.324900e-02,202270
-1.312600e-02,206930
-1.300400e-02,208360
-1.286000e-02,214520
-1.272100e-02,220390
-1.260400e-02,225240
-1.246600e-02,229870
-1.235500e-02,233250
-1.222500e-02,235870
-1.208500e-02,238600
-1.196600e-02,243950
-1.183500e-02,248180
-1.172000e-02,250080
-1.156800e-02,256680
-1.145500e-02,259250
-1.132900e-02,262400
-1.118400e-02,266170
-1.104900e-02,270780
-1.091700e-02,276810
-1.079400e-02,278680
-1.065700e-02,283700
-1.050600e-02,289220
-1.038800e-02,291380
-1.025400e-02,293220
-1.011500e-02,297800
-9.995000e-03,300460
-9.848400e-03,303070
-9.701800e-03,308890
-9.574200e-03,312270
-9.453800e-03,314340
-9.322300e-03,316570
-9.174800e-03,318140
-9.040000e-03,322480
-8.909400e-03,324930
-8.754100e-03,329950
-8.606100e-03,333600
-8.465500e-03,337570
-8.342600e-03,337230
-8.195000e-03,340270
-8.084800e-03,341110
-7.936700e-03,344670
-7.760400e-03,348180
-7.623000e-03,349860
-7.478000e-03,352020
-7.370200e-03,350070
-7.249100e-03,352050
-7.075500e-03,354890
-6.982000e-03,356410
-6.962400e-03,356730
-6.956000e-03,356840
-6.945800e-03,357000
-6.941600e-03,357070
-6.946400e-03,356990
-6.942600e-03,357060
-6.932200e-03,357230
-6.936000e-03,357160
-6.935400e-03,357170
-6.927600e-03,357300
-6.935900e-03,357170
-6.929900e-03,357260
-6.935300e-03,357180
-6.940100e-03,357100
-6.924300e-03,357360
-6.933900e-03,357200
-6.929400e-03,357270
-6.934500e-03,357190
-6.926400e-03,357320
-6.935300e-03,357180
-6.914900e-03,357510
-6.948100e-03,356970
-6.918500e-03,357450
-6.924000e-03,357360
-6.931400e-03,357240
-6.928200e-03,357290
-6.916600e-03,357480
-6.935000e-03,357180
-6.917300e-03,357470
-6.935900e-03,356190
-6.912300e-03,357070
-6.925600e-03,356580
-6.927800e-03,356490
-7.038500e-03,352370
-7.089100e-03,350480
-7.180300e-03,347090
-7.278800e-03,343420
-7.343700e-03,341000
-7.456400e-03,336800
-7.559100e-03,332970
-7.688400e-03,328150
-7.790400e-03,324350
-7.910700e-03,319870
-8.012100e-03,316090
-8.134100e-03,311550
-8.251300e-03,307180
-8.355600e-03,303300
-8.483100e-03,298540
-8.570000e-03,295310
-8.731300e-03,289300
-8.867900e-03,284210
-8.952700e-03,281050
-9.108300e-03,275250
-9.246900e-03,270090
-9.359900e-03,266960
-9.479100e-03,262570
-9.605200e-03,256060
-9.705200e-03,251580
-9.839700e-03,247300
-9.985900e-03,242550
-1.010300e-02,237250
-1.023900e-02,231400
-1.035700e-02,226290
-1.049100e-02,220890
-1.059900e-02,216660
-1.072600e-02,210520
-1.086000e-02,206870
-1.097400e-02,201710
-1.109500e-02,197380
-1.123000e-02,191590
-1.136400e-02,185670
-1.149100e-02,180680
-1.160300e-02,176600
-1.174400e-02,171730
-1.185400e-02,167040
-1.201600e-02,162020
-1.211400e-02,157580
-1.223800e-02,151470
-1.235900e-02,147190
-1.248200e-02,141450
-1.260100e-02,137370
-1.271600e-02,133660
-1.283700e-02,128820
-1.298500e-02,124090
-1.315000e-02,117630
-1.325400e-02,112840
-1.338700e-02,107560
-1.350900e-02,102580
-1.361400e-02,99554
-1.377000e-02,94570
-1.389700e-02,89939
-1.403700e-02,84744
-1.416000e-02,80491
-1.430000e-02,74670
-1.442700e-02,69751
-1.458100e-02,65687
-1.471900e-02,61045
-1.480900e-02,58144
-1.494000e-02,52306
-1.508200e-02,46714
-1.523400e-02,41557
-1.538300e-02,36508
-1.549500e-02,32220
-1.560100e-02,28658
-1.575100e-02,23802
-1.591400e-02,18915
-1.604300e-02,14469
-1.618600e-02,8.492200e+03
-1.630600e-02,4.195100e+03
-1.642000e-02,5.460300e+02
-1.654400e-02,-3.850800e+03
-1.668000e-02,-7.729700e+03
-1.679800e-02,-10950
-1.693300e-02,-16087
-1.704900e-02,-21493
-1.717200e-02,-24817
-1.731200e-02,-30290
-1.742700e-02,-33413
-1.754800e-02,-37315
-1.766100e-02,-41850
-1.782400e-02,-47721
-1.797100e-02,-53347
-1.808400e-02,-58027
-1.819400e-02,-62766
-1.832300e-02,-66569
-1.844300e-02,-70000
-1.859000e-02,-74636
-1.873000e-02,-79370
-1.887200e-02,-83775
-1.900500e-02,-88029
-1.914400e-02,-93793
-1.927800e-02,-97887
-1.937400e-02,-100930
-1.951300e-02,-105380
-1.964800e-02,-109500
-1.981200e-02,-114480
-1.993300e-02,-118580
-2.007000e-02,-123640
-2.020400e-02,-128060
-2.030300e-02,-132220
-2.045200e-02,-134070
-2.054400e-02,-138560
-2.072700e-02,-143260
-2.086100e-02,-147620
-2.099600e-02,-153020
-2.114600e-02,-156770
-2.124300e-02,-159870
-2.139900e-02,-163890
-2.153300e-02,-167330
-2.167900e-02,-171290
-2.182300e-02,-176090
-2.194300e-02,-180860
-2.207100e-02,-184070
-2.219600e-02,-188630
-2.236100e-02,-191600
-2.251500e-02,-195810
-2.264100e-02,-199250
-2.277200e-02,-203270
-2.290500e-02,-207560
-2.305200e-02,-211710
-2.321400e-02,-216690
-2.333700e-02,-218720
-2.344600e-02,-221200
-2.358600e-02,-224390
-2.371100e-02,-228730
-2.383700e-02,-233050
-2.396100e-02,-236020
-2.414400e-02,-241170
-2.424800e-02,-243130
-2.437700e-02,-245810
-2.450600e-02,-249300
-2.464100e-02,-252810
-2.478000e-02,-2.568400e+05
-2.493100e-02,-259810
-2.510900e-02,-262600
-2.523700e-02,-263810
-2.536700e-02,-264420
-2.548500e-02,-266830
-2.559300e-02,-269050
-2.573300e-02,-271920
-2.580100e-02,-273310
-2.580900e-02,-273480
-2.582000e-02,-273700
-2.581500e-02,-273600
-2.581700e-02,-273640
-2.581500e-02,-273600
-2.582600e-02,-273830
-2.581200e-02,-273540
-2.582700e-02,-273850
-2.581900e-02,-273680
-2.580200e-02,-273330
-2.581700e-02,-273640
-2.582700e-02,-273850
-2.582400e-02,-273780
-2.581400e-02,-273580
-2.582600e-02,-273830
-2.582600e-02,-273830
-2.583000e-02,-273910
-2.583000e-02,-273910
-2.581300e-02,-273560
-2.582000e-02,-273700
-2.582400e-02,-273780
-2.582400e-02,-273780
-2.583400e-02,-273990
-2.583300e-02,-273970
-2.582200e-02,-273740
-2.582200e-02,-273740
-2.584000e-02,-274110
-2.582500e-02,-273810
-2.582800e-02,-273870
-2.582600e-02,-273830
-2.583600e-02,-273640
-2.573800e-02,-269740
-2.565600e-02,-266480
-2.555800e-02,-262570
-2.547100e-02,-259110
-2.539500e-02,-2.560800e+05
-2.534300e-02,-254010
-2.524200e-02,-249990
-2.513900e-02,-245890
-2.500300e-02,-240480
-2.486600e-02,-235020
-2.475900e-02,-230760
-2.463200e-02,-225700
-2.451400e-02,-221000
-2.439800e-02,-216380
-2.428000e-02,-211690
-2.416000e-02,-206910
-2.404200e-02,-202210
-2.392100e-02,-197390
-2.382900e-02,-193730
-2.368100e-02,-187830
-2.359500e-02,-184410
-2.344900e-02,-178600
-2.330600e-02,-172900
-2.316200e-02,-167170
-2.304600e-02,-162970
-2.293200e-02,-157740
-2.278100e-02,-152000
-2.267400e-02,-147280
-2.257700e-02,-145380
-2.245100e-02,-141300
-2.233300e-02,-136810
-2.223300e-02,-131190
-2.208300e-02,-125150
-2.197100e-02,-123260
-2.182400e-02,-114340
-2.172500e-02,-111380
-2.159100e-02,-106030
-2.148000e-02,-100640
-2.132500e-02,-95003
-2.118300e-02,-90052
-2.108400e-02,-84634
-2.096600e-02,-79874
-2.083500e-02,-75212
-2.071800e-02,-71193
-2.058800e-02,-68695
-2.045800e-02,-61712
-2.029200e-02,-55158
-2.019000e-02,-52003
-2.004100e-02,-44124
-1.990900e-02,-39949
-1.979200e-02,-36359
-1.969700e-02,-31807
-1.955800e-02,-26913
-1.940900e-02,-20805
-1.928100e-02,-16756
-1.916000e-02,-10804
-1.902300e-02,-6.277100e+03
-1.891300e-02,-9.657900e+02
-1.877100e-02,2.531600e+03
-1.864100e-02,6.560400e+03
-1.851300e-02,10595
-1.837600e-02,15214
-1.822200e-02,22168
-1.809800e-02,28734
-1.796800e-02,34056
-1.786900e-02,37021
-1.775600e-02,40671
-1.762800e-02,44677
-1.745900e-02,51090
-1.730900e-02,56626
-1.718800e-02,60591
-1.704100e-02,66097
-1.694300e-02,69804
-1.685400e-02,72587
-1.669900e-02,76975
-1.658800e-02,83257
-1.641900e-02,89650
-1.627300e-02,94215
-1.614500e-02,99543
-1.601600e-02,106930
-1.588600e-02,110620
-1.578100e-02,112300
-1.563300e-02,116140
-1.545400e-02,121050
-1.532500e-02,124730
-1.517100e-02,1.309500e+05
-1.505800e-02,135760
-1.495100e-02,138730
-1.482000e-02,141760
-1.469000e-02,145580
-1.450700e-02,151020
-1.437400e-02,156330
-1.426100e-02,162950
-1.412300e-02,168190
-1.400900e-02,172390
-1.390400e-02,176330
-1.378000e-02,180150
-1.360200e-02,185440
-1.347400e-02,189460
-1.331200e-02,196200
-1.319100e-02,198290
-1.303200e-02,204180
-1.294000e-02,205700
-1.280900e-02,209400
-1.266800e-02,213850
-1.254500e-02,218480
-1.238600e-02,223700
-1.227400e-02,226740
-1.213700e-02,233130
-1.203500e-02,233870
-1.189200e-02,238480
-1.177200e-02,241580
-1.163000e-02,247370
-1.148700e-02,252700
-1.135400e-02,255080
-1.122900e-02,261500
-1.107800e-02,265600
-1.096200e-02,267890
-1.084200e-02,269060
-1.070700e-02,274130
-1.057200e-02,277670
-1.047900e-02,282630
-1.031000e-02,288500
-1.016900e-02,293010
-1.010200e-02,292220
-9.960600e-03,295590
-9.803700e-03,301080
-9.650200e-03,307340
-9.503700e-03,309220
-9.360200e-03,315400
-9.229200e-03,319550
-9.115000e-03,320850
-8.959400e-03,323310
-8.823000e-03,327350
-8.694600e-03,328330
-8.552700e-03,332420
-8.393400e-03,336190
-8.241500e-03,341440
-8.108400e-03,344220
-8.018200e-03,345400
-7.858800e-03,348790
-7.713700e-03,350140
-7.574500e-03,353750
-7.410900e-03,357040
-7.286900e-03,358460
-7.171500e-03,361530
-7.064600e-03,359630
-6.907900e-03,362950
-6.745800e-03,364350
-6.603700e-03,365310
-6.466400e-03,369160
-6.334200e-03,370250
-6.186900e-03,370800
-6.062700e-03,369960
-5.900000e-03,369710
-5.771800e-03,367290
-5.638000e-03,369360
-5.461900e-03,370260
-5.318700e-03,367890
-5.180200e-03,370050
-5.076900e-03,367810
-4.947200e-03,366350
-4.785000e-03,365450
-4.632900e-03,365680
-4.481500e-03,365750
-4.342600e-03,363170
-4.192500e-03,363530
-4.062500e-03,361110
-3.926400e-03,358460
-3.774100e-03,355420
-3.654700e-03,355820
-3.515600e-03,356500
-3.386400e-03,355060
-3.182700e-03,359070
-3.061400e-03,357880
-2.880900e-03,358370
-2.736600e-03,356070
-2.596800e-03,356440
-2.423000e-03,358110
-2.332700e-03,356130
-2.189600e-03,356680
-2.037900e-03,357860
-1.934400e-03,359990
-1.780100e-03,358630
-1.604800e-03,360830
-1.425600e-03,360990
-1.223600e-03,363160
-1.059900e-03,363350
-9.449600e-04,362500
-8.373600e-04,359460
-7.499300e-04,357620
-6.650500e-04,355820
-5.430900e-04,357120
-4.398700e-04,357420
-2.423300e-04,361290
-7.499500e-05,363860
1.212400e-04,364740
2.968400e-04,364120
4.825900e-04,363920
5.761000e-04,362010
6.939200e-04,363180
8.051700e-04,362490
9.180100e-04,361960
1.051400e-03,363830
1.195400e-03,363380
1.318300e-03,362190
1.525900e-03,361360
1.683700e-03,360910
1.862800e-03,358670
1.991400e-03,359500
2.164900e-03,359970
2.229200e-03,357010
2.374500e-03,356430
2.516900e-03,354190
2.659900e-03,357620
2.801300e-03,360020
2.921200e-03,361320
3.154100e-03,363850
3.266300e-03,364570
3.453200e-03,364150
3.578000e-03,360960
3.728100e-03,359620
3.934400e-03,359120
4.039200e-03,356400
4.158400e-03,357240
4.324800e-03,358290
4.471300e-03,358060
4.615400e-03,356160
4.747200e-03,355690
4.940900e-03,354450
5.059100e-03,354250
5.218700e-03,353550
5.393800e-03,354670
5.511300e-03,352390
5.647600e-03,351020
5.750000e-03,350210
5.908800e-03,350250
6.056400e-03,350510
6.193800e-03,351530
6.344800e-03,352750
6.508000e-03,351900
6.659700e-03,351500
6.780500e-03,350510
6.988800e-03,350520
7.104200e-03,352160
7.239700e-03,351830
7.341100e-03,350950
7.509400e-03,353180
7.633800e-03,351330
7.804200e-03,352220
7.921400e-03,352410
8.065800e-03,351980
8.257200e-03,354490
8.417100e-03,354790
8.572400e-03,355080
8.622500e-03,355180
8.642800e-03,355210
8.661600e-03,355250
8.669800e-03,355270
8.677700e-03,355280
8.700000e-03,355320
8.690300e-03,355300
8.675400e-03,355280
8.677800e-03,355280
8.684100e-03,355290
8.681100e-03,355290
8.682900e-03,355290
8.696000e-03,355310
8.689600e-03,355300
8.688300e-03,355300
8.710600e-03,355340
8.697600e-03,355320
8.695500e-03,355310
8.693400e-03,355310
8.688900e-03,355300
8.684600e-03,355290
8.688400e-03,355300
8.698800e-03,355320
8.702800e-03,355330
8.704200e-03,355330
8.701300e-03,355320
8.710000e-03,355340
8.703400e-03,355330
8.699800e-03,355320
8.697200e-03,355320
8.705200e-03,355330
8.684700e-03,355290
8.694200e-03,355310
8.701400e-03,355320
8.705800e-03,355330
8.689900e-03,353500
8.698500e-03,354000
8.700800e-03,354130
8.707300e-03,354510
8.712500e-03,354810
8.707700e-03,354540
8.719200e-03,355210
8.704700e-03,354360
8.698600e-03,354000
8.695400e-03,353820
8.691700e-03,353600
8.706000e-03,354440
8.692000e-03,353620
8.702700e-03,354240
8.718800e-03,355180
8.664400e-03,352010
8.585800e-03,347430
8.497500e-03,342280
8.395900e-03,336360
8.308200e-03,331240
8.192800e-03,324520
8.111900e-03,319800
8.036400e-03,315400
7.934700e-03,309470
7.821000e-03,302840
7.716800e-03,296760
7.615900e-03,290880
7.501500e-03,284210
7.387700e-03,277580
7.204200e-03,266880
7.101700e-03,2.607200e+05
6.996600e-03,253640
6.868100e-03,247890
6.764000e-03,243070
6.658400e-03,238760
6.529700e-03,234690
6.414000e-03,230720
6.282200e-03,224510
6.161200e-03,218960
6.013300e-03,214660
5.929800e-03,210380
5.753700e-03,205840
5.638800e-03,200510
5.507200e-03,196050
5.397600e-03,191190
5.265200e-03,186050
5.162500e-03,182040
5.029700e-03,177140
4.891200e-03,173130
4.763700e-03,169190
4.628100e-03,163430
4.452300e-03,158110
4.279600e-03,151920
4.154800e-03,147990
4.024600e-03,142170
3.929200e-03,138400
3.818300e-03,135150
3.704000e-03,131120
3.591200e-03,126750
3.428100e-03,121450
3.323300e-03,117230
3.199700e-03,111630
3.039300e-03,106490
2.908100e-03,101570
2.744300e-03,96341
2.581600e-03,90725
2.451800e-03,87260
2.378800e-03,83968
2.282800e-03,80052
2.182400e-03,76913
2.095100e-03,73109
1.983200e-03,69526
1.815000e-03,64587
1.628100e-03,57401
1.461700e-03,51600
1.288800e-03,45424
1.147200e-03,40910
1.052000e-03,37809
9.538900e-04,35570
8.973600e-04,32843
7.601700e-04,29868
7.008100e-04,25306
5.665600e-04,18815
4.291300e-04,14005
2.280700e-04,7.695600e+03
9.263500e-05,2632
-6.082500e-05,-1947
-2.156600e-04,-5.898700e+03
-3.362200e-04,-10981
-4.504600e-04,-15146
-5.709500e-04,-18349
-6.872300e-04,-23735
-7.912700e-04,-26564
-9.391300e-04,-31358
-1.090800e-03,-36405
-1.246800e-03,-41527
-1.408300e-03,-47431
-1.523800e-03,-51083
-1.663400e-03,-56390
-1.788900e-03,-60308
-1.885100e-03,-63214
-2.015100e-03,-65671
-2.169800e-03,-70791
-2.307900e-03,-75256
-2.443500e-03,-79562
-2.582400e-03,-84536
-2.700300e-03,-87636
-2.855900e-03,-91777
-2.985100e-03,-95064
-3.126600e-03,-99608
-3.272100e-03,-105070
-3.393100e-03,-108550
-3.535900e-03,-113790
-3.694800e-03,-118310
-3.837400e-03,-120870
-3.965600e-03,-124870
-4.086400e-03,-129120
-4.232600e-03,-132470
-4.378900e-03,-136340
-4.513800e-03,-141080
-4.648900e-03,-145440
-4.780200e-03,-149120
-4.896700e-03,-152190
-5.014000e-03,-154740
-5.168500e-03,-158010
-5.282500e-03,-162460
-5.430800e-03,-167080
-5.566500e-03,-170470
-5.673600e-03,-174450
-5.822800e-03,-177300
-5.949300e-03,-180300
-6.103400e-03,-183960
-6.248300e-03,-188170
-6.396600e-03,-192710
-6.527500e-03,-196130
-6.631500e-03,-199380
-6.778400e-03,-203170
-6.900300e-03,-205610
-7.055500e-03,-208520
-7.192900e-03,-212950
-7.341000e-03,-216770
-7.457800e-03,-219540
-7.597100e-03,-224400
-7.713700e-03,-226350
-7.871400e-03,-229640
-8.001900e-03,-230910
-8.114500e-03,-234650
-8.273500e-03,-238730
-8.399400e-03,-241670
-8.537000e-03,-245090
-8.692100e-03,-247770
-8.827100e-03,-249850
-8.959300e-03,-251580
-9.095300e-03,-254890
-9.245800e-03,-257890
-9.389200e-03,-262260
-9.552300e-03,-265720
-9.669500e-03,-268200
-9.761800e-03,-270150
-9.758300e-03,-270080
-9.753600e-03,-269980
-9.777800e-03,-270490
-9.769000e-03,-270300
-9.767500e-03,-270270
-9.782100e-03,-270580
-9.765100e-03,-270220
-9.773800e-03,-270400
-9.784700e-03,-270640
-9.778700e-03,-270510
-9.779600e-03,-270530
-9.781800e-03,-270570
-9.796100e-03,-270880
-9.767500e-03,-269460
-9.778000e-03,-269980
-9.772800e-03,-269730
-9.778900e-03,-270030
-9.777800e-03,-269970
-9.777500e-03,-269960
-9.775900e-03,-269880
-9.787600e-03,-270460
-9.783400e-03,-270250
-9.767900e-03,-269480
-9.757900e-03,-268990
-9.781500e-03,-270160
-9.782100e-03,-270190
-9.770800e-03,-269630
-9.776500e-03,-269910
-9.773100e-03,-269740
-9.778700e-03,-270020
-9.780700e-03,-270120
-9.779500e-03,-270060
-9.780700e-03,-270120
-9.771900e-03,-269680
-9.776800e-03,-269920
-9.773300e-03,-269750
-9.777100e-03,-269940
-9.778000e-03,-269980
-9.791600e-03,-270650
-9.778700e-03,-270020
-9.783100e-03,-270230
-9.785100e-03,-270330
-9.790100e-03,-270580
-9.751300e-03,-268660
-9.659900e-03,-264150
-9.588900e-03,-260640
-9.495500e-03,-2.560300e+05
-9.392500e-03,-250940
-9.301300e-03,-246440
-9.180100e-03,-240450
-9.085900e-03,-235800
-8.966900e-03,-229920
-8.864300e-03,-224860
-8.754800e-03,-219450
-8.610200e-03,-212310
-8.514000e-03,-207560
-8.390500e-03,-201460
-8.286300e-03,-196310
-8.149200e-03,-189140
-8.027700e-03,-182100
-7.918400e-03,-178160
-7.798400e-03,-172940
-7.664000e-03,-168680
-7.511100e-03,-163370
-7.407600e-03,-157920
-7.271000e-03,-152650
-7.137600e-03,-147560
-7.013400e-03,-141030
-6.892600e-03,-137840
-6.771200e-03,-133170
-6.640300e-03,-128940
-6.503300e-03,-122970
-6.372000e-03,-117900
-6.235800e-03,-113810
-6.123900e-03,-107850
-5.998300e-03,-102390
-5.921100e-03,-100160
-5.781300e-03,-95466
-5.646000e-03,-89238
-5.511600e-03,-83253
-5.372700e-03,-80223
-5.244500e-03,-72703
-5.147000e-03,-68748
-4.984300e-03,-63821
-4.904200e-03,-61608
-4.768300e-03,-56819
-4.635400e-03,-52296
-4.499000e-03,-47611
-4.393100e-03,-42623
-4.275100e-03,-39205
-4.153600e-03,-32886
-4.035100e-03,-30227
-3.911500e-03,-26215
-3.773500e-03,-21222
-3.636200e-03,-15196
-3.512300e-03,-9.881300e+03
-3.394500e-03,-5.158900e+03
-3.255000e-03,-2.334900e+02
-3.146100e-03,4.135300e+03
-3.015000e-03,7.715200e+03
-2.875600e-03,11477
-2.742600e-03,16509
-2.623300e-03,21330
-2.517000e-03,24224
-2.372400e-03,31964
-2.244400e-03,36388
-2.074900e-03,41594
-1.930900e-03,45373
-1.805800e-03,50684
-1.627700e-03,56509
-1.519300e-03,59229
-1.417400e-03,63718
-1.313900e-03,69317
-1.168900e-03,74543
-1.056000e-03,76663
-8.776800e-04,83156
-7.199800e-04,88205
-5.547400e-04,94015
-3.651100e-04,100070
-2.659300e-04,104980
-1.784300e-04,106830
-1.126800e-04,108910
-4.503300e-05,110930
8.195200e-05,115120
2.016700e-04,119190
3.641200e-04,125950
5.657500e-04,133250
7.097000e-04,138010
8.873000e-04,142600
1.044700e-03,146430
1.171700e-03,149800
1.279300e-03,153690
1.386700e-03,156840
1.468200e-03,159910
1.586700e-03,165770
1.725600e-03,170210
1.860700e-03,173590
1.995400e-03,176590
2.171300e-03,182580
2.346000e-03,187080
2.464300e-03,192030
2.629900e-03,197820
2.703700e-03,199090
2.813500e-03,202180
2.940700e-03,204510
3.056000e-03,209980
3.226500e-03,215460
3.370200e-03,218850
3.531300e-03,224440
3.694400e-03,229760
3.840600e-03,233260
3.967200e-03,235630
4.076400e-03,239100
4.257500e-03,243090
4.371800e-03,246050
4.526300e-03,250750
4.648000e-03,255980
4.755700e-03,2.595900e+05
4.894400e-03,262160
5.017300e-03,265450
5.197200e-03,269310
5.308100e-03,272830
5.452600e-03,278130
5.603400e-03,283470
5.685000e-03,285480
5.829000e-03,287820
5.944200e-03,291550
6.073000e-03,293280
6.225700e-03,296910
6.373900e-03,301860
6.508900e-03,306630
6.631500e-03,309800
6.796000e-03,313310
6.963700e-03,315640
7.106500e-03,314750
7.260000e-03,316940
7.416200e-03,318470
7.521900e-03,319650
7.649000e-03,323230
7.776900e-03,324520
7.890700e-03,328080
8.003700e-03,330130
8.177500e-03,333290
8.241200e-03,334450
8.247100e-03,334560
8.242200e-03,334470
8.255400e-03,334710
8.257800e-03,334760
8.255300e-03,334710
8.249100e-03,334600
8.267800e-03,334940
8.250800e-03,334630
8.253700e-03,334680
8.237900e-03,334390
8.249700e-03,334610
8.252700e-03,334660
8.244600e-03,334520
8.255300e-03,334710
8.270300e-03,334980
8.253500e-03,334680
8.244100e-03,334510
8.256200e-03,334730
8.237700e-03,334390
8.252500e-03,334660
8.256300e-03,334730
8.246900e-03,334560
8.250400e-03,334620
8.258900e-03,334780
8.252800e-03,334670
8.260600e-03,334810
8.253200e-03,334670
8.248800e-03,334590
8.258500e-03,334770
8.257900e-03,334760
8.252600e-03,334660
8.237800e-03,334390
8.263100e-03,334850
8.248300e-03,334580
8.261500e-03,334820
8.242100e-03,334470
8.251600e-03,334640
8.255000e-03,334710
8.251500e-03,333690
8.268500e-03,334480
8.275400e-03,334800
8.207800e-03,331640
8.132800e-03,328130
8.026200e-03,323140
7.959100e-03,320000
7.859900e-03,315350
7.806500e-03,312850
7.704500e-03,308080
7.617300e-03,304000
7.472700e-03,297230
7.368400e-03,292340
7.266900e-03,287590
7.141400e-03,281720
7.033900e-03,276680
6.935800e-03,272090
6.811800e-03,266290
6.678200e-03,2.600300e+05
6.575700e-03,255230
6.437800e-03,248780
6.357000e-03,245000
6.201600e-03,237720
6.070200e-03,231570
5.952000e-03,226040
5.821500e-03,219020
5.680500e-03,213500
5.526600e-03,209040
5.417700e-03,204200
5.302400e-03,200510
5.178900e-03,196890
5.076700e-03,191700
4.934000e-03,185110
4.818500e-03,180770
4.675100e-03,174080
4.522800e-03,169050
4.388300e-03,164160
4.248400e-03,158390
4.107300e-03,153320
3.933700e-03,148010
3.819200e-03,143730
3.710500e-03,139030
3.604900e-03,135520
3.492900e-03,1.307600e+05
3.375800e-03,126730
3.257700e-03,122020
3.105900e-03,116070
2.944900e-03,110640
2.775900e-03,104210
2.654500e-03,99171
2.502900e-03,94435
2.418300e-03,91696
2.328900e-03,88991
2.204400e-03,85437
2.102100e-03,81186
2.019800e-03,77110
1.881100e-03,72037
1.741900e-03,66091
1.540800e-03,60832
1.378000e-03,54769
1.230900e-03,49510
1.118800e-03,45761
1.022100e-03,41436
9.206100e-04,38685
8.209000e-04,34711
7.370700e-04,30405
6.638100e-04,28156
4.871100e-04,22303
3.406100e-04,15403
1.512200e-04,8.600400e+03
-1.080100e-05,3.321500e+03
-1.299700e-04,-1.705300e+03
-2.293400e-04,-4.833400e+03
-3.438700e-04,-8.635200e+03
-4.692600e-04,-12361
-5.767200e-04,-16998
-7.250500e-04,-21336
-8.579400e-04,-26775
-1.013300e-03,-32797
-1.174200e-03,-38167
-1.284600e-03,-41363
-1.434400e-03,-45188
-1.560100e-03,-49541
-1.714600e-03,-54058
-1.837900e-03,-58510
-1.981500e-03,-6.417700e+04
-2.101100e-03,-68975
-2.219800e-03,-73342
-2.316800e-03,-75411
-2.466900e-03,-80278
-2.657100e-03,-86074
-2.785900e-03,-90242
-2.893800e-03,-94970
-3.016200e-03,-99977
-3.160200e-03,-103990
-3.311900e-03,-106800
-3.444000e-03,-110160
-3.584600e-03,-115010
-3.718000e-03,-119710
-3.873600e-03,-125440
-4.026700e-03,-129180
-4.156400e-03,-133810
-4.285200e-03,-137630
-4.412200e-03,-140840
-4.541200e-03,-144410
-4.666100e-03,-148780
-4.810800e-03,-153370
-4.953300e-03,-157280
-5.085800e-03,-162910
-5.181300e-03,-164250
-5.305600e-03,-168280
-5.479900e-03,-172210
-5.590600e-03,-176230
-5.733700e-03,-181700
-5.845900e-03,-184870
-6.006500e-03,-190030
-6.153900e-03,-193960
-6.275200e-03,-195800
-6.409800e-03,-199730
-6.543800e-03,-204190
-6.683400e-03,-208390
-6.840700e-03,-211850
-6.980000e-03,-216770
-7.086700e-03,-219980
-7.217900e-03,-223920
-7.347700e-03,-226450
-7.473000e-03,-229190
-7.643500e-03,-232890
-7.810700e-03,-237490
-7.922500e-03,-241350
-8.044300e-03,-244710
-8.137800e-03,-247680
-8.296200e-03,-249470
-8.422600e-03,-253880
-8.589600e-03,-257260
-8.711000e-03,-2.606600e+05
-8.858200e-03,-265380
-8.989300e-03,-268380
-9.153700e-03,-270030
-9.291100e-03,-273270
-9.413500e-03,-276170
-9.551500e-03,-279430
-9.547600e-03,-279330
-9.557900e-03,-279580
-9.565400e-03,-279760
-9.556000e-03,-279530
-9.559700e-03,-279620
-9.564200e-03,-279730
-9.554800e-03,-279500
-9.567100e-03,-279800
-9.554200e-03,-279490
-9.552400e-03,-279450
-9.549100e-03,-279370
-9.560000e-03,-279630
-9.555400e-03,-279520
-9.552200e-03,-279440
-9.552200e-03,-279440
-9.562400e-03,-279680
-9.582400e-03,-280160
-9.566700e-03,-279790
-9.557000e-03,-279560
-9.551300e-03,-279420
-9.566600e-03,-279780
-9.550800e-03,-279410
-9.552600e-03,-279450
-9.567300e-03,-279800
-9.571900e-03,-279450
-9.556300e-03,-278730
-9.576700e-03,-279670
-9.571000e-03,-279400
-9.556500e-03,-278740
-9.560000e-03,-278900
-9.568800e-03,-279300
-9.552100e-03,-278530
-9.552100e-03,-278530
-9.563700e-03,-279070
-9.559800e-03,-278890
-9.550500e-03,-278460
-9.555900e-03,-278710
-9.557700e-03,-278790
-9.559600e-03,-278880
-9.566700e-03,-279210
-9.550500e-03,-278460
-9.539800e-03,-277960
-9.559600e-03,-278880
-9.554600e-03,-278650
-9.553000e-03,-278570
-9.546600e-03,-278280
-9.569700e-03,-279340
-9.564400e-03,-279100
-9.572900e-03,-279490
-9.562500e-03,-279010
-9.555400e-03,-278680
-9.553700e-03,-278610
-9.562800e-03,-279030
-9.582700e-03,-279950
-9.466900e-03,-274600
-9.405000e-03,-271740
-9.306500e-03,-267190
-9.218800e-03,-263140
-9.118300e-03,-258500
-9.017200e-03,-253830
-8.904900e-03,-248650
-8.817600e-03,-244620
-8.723700e-03,-240280
-8.585000e-03,-233880
-8.480900e-03,-229070
-8.360500e-03,-223510
-8.251600e-03,-218480
-8.122100e-03,-212500
-8.017600e-03,-207680
-7.901700e-03,-202320
-7.755600e-03,-195580
-7.644800e-03,-190460
-7.490300e-03,-183330
-7.385500e-03,-178490
-7.250000e-03,-172230
-7.103400e-03,-165460
-7.000300e-03,-160700
-6.877500e-03,-155030
-6.745300e-03,-148930
-6.609800e-03,-142510
-6.486700e-03,-137330
-6.329000e-03,-130870
-6.227500e-03,-125510
-6.084500e-03,-120540
-5.952300e-03,-115520
-5.883500e-03,-113800
-5.725400e-03,-108470
-5.603100e-03,-103640
-5.476100e-03,-98605
-5.347500e-03,-93667
-5.239000e-03,-87911
-5.119400e-03,-84964
-5.014800e-03,-80398
-4.880800e-03,-76529
-4.742200e-03,-70602
-4.576200e-03,-65431
-4.449400e-03,-61121
-4.318800e-03,-55844
-4.200800e-03,-50544
-4.066200e-03,-47847
-3.963700e-03,-44082
-3.859000e-03,-39856
-3.743500e-03,-35409
-3.626000e-03,-31453
-3.465300e-03,-25186
-3.323500e-03,-19348
-3.251400e-03,-17511
-3.106200e-03,-13062
-2.985500e-03,-8.303300e+03
-2.832700e-03,-2550
-2.729100e-03,8.855700e+02
-2.593700e-03,6.427100e+03
-2.468100e-03,10408
-2.328600e-03,16867
-2.212600e-03,19231
-2.044800e-03,24358
-1.893600e-03,28349
-1.762800e-03,34641
-1.604000e-03,40684
-1.501300e-03,43675
-1.376600e-03,47595
-1.272300e-03,53261
-1.165700e-03,55818
-1.027600e-03,59841
-8.692800e-04,65696
-6.874100e-04,72782
-5.239400e-04,77185
-3.457100e-04,82992
-2.685100e-04,86410
-1.503200e-04,88711
-6.217900e-05,91325
1.630100e-05,94123
1.266000e-04,97988
2.372300e-04,103100
3.938400e-04,109250
5.847500e-04,115500
7.164500e-04,119130
9.014500e-04,123910
1.076200e-03,1.299800e+05
1.186000e-03,133340
1.291300e-03,134940
1.405900e-03,139890
1.526800e-03,144470
1.602800e-03,146880
1.738300e-03,150300
1.886700e-03,154290
2.042600e-03,157950
2.215300e-03,165020
2.376300e-03,170700
2.531500e-03,175120
2.660600e-03,179110
2.751900e-03,179810
2.873200e-03,183660
3.002100e-03,187390
3.087300e-03,190200
3.278800e-03,196170
3.398300e-03,201070
3.552800e-03,206120
3.706400e-03,209290
3.857000e-03,212720
4.015700e-03,216190
4.154700e-03,220790
4.317000e-03,225540
4.419300e-03,227780
4.545600e-03,233600
4.637400e-03,236060
4.773400e-03,239230
4.921300e-03,241940
5.067100e-03,247280
5.223900e-03,252520
5.375100e-03,255510
5.494300e-03,2.609200e+05
5.618200e-03,264180
5.721800e-03,265980
5.860000e-03,268020
5.995600e-03,271870
6.152100e-03,276310
6.278900e-03,279040
6.396100e-03,283050
6.536100e-03,286910
6.647300e-03,289600
6.822700e-03,292740
6.970000e-03,296180
7.111600e-03,299890
7.243100e-03,303690
7.381300e-03,307320
7.518900e-03,310280
7.633800e-03,314530
7.725000e-03,314910
7.867700e-03,318230
8.015700e-03,321060
8.156300e-03,322290
8.359800e-03,328050
8.506700e-03,330410
8.637300e-03,331640
8.765200e-03,330300
8.898600e-03,329860
9.065500e-03,328780
9.201800e-03,331270
9.350700e-03,333710
9.462200e-03,332850
9.647200e-03,335190
9.794200e-03,333150
9.942700e-03,332820
1.012400e-02,331440
1.025800e-02,331330
1.044100e-02,331070
1.058800e-02,330450
1.072500e-02,329310
1.084200e-02,330740
1.101500e-02,328960
1.113700e-02,326810
1.127000e-02,326820
1.144300e-02,328190
1.160200e-02,327430
1.172500e-02,328980
1.183600e-02,327200
1.198100e-02,325800
1.217000e-02,325650
1.229000e-02,324810
1.247800e-02,326070
1.261600e-02,322580
1.274400e-02,323980
1.286000e-02,322620
1.303700e-02,321340
1.317400e-02,319360
1.330400e-02,322810
1.345800e-02,324330
1.361100e-02,325760
1.375300e-02,326960
1.389900e-02,328240
1.405500e-02,328080
1.421000e-02,325590
1.433700e-02,325620
1.446700e-02,326030
1.460400e-02,323800
1.477500e-02,324490
1.492900e-02,324670
1.506800e-02,323260
1.522700e-02,323130
1.536700e-02,322860
1.553300e-02,322500
1.567000e-02,322460
1.585300e-02,324520
1.600100e-02,324180
1.619300e-02,323480
1.629000e-02,321870
1.640900e-02,318590
1.660200e-02,318400
1.672800e-02,318970
1.690800e-02,319520
1.704800e-02,317630
1.719900e-02,318780
1.729300e-02,316340
1.745800e-02,315670
1.760600e-02,313510
1.774600e-02,314510
1.796200e-02,316350
1.808100e-02,315390
1.820000e-02,315000
1.830700e-02,314210
1.846400e-02,313650
1.864300e-02,312620
1.877100e-02,313390
1.896700e-02,314150
1.908300e-02,311440
1.921400e-02,314700
1.933900e-02,313840
1.950300e-02,314220
1.968200e-02,312820
1.980000e-02,311600
1.994100e-02,311200
2.010900e-02,311180
2.024200e-02,313110
2.044600e-02,313870
2.058800e-02,310140
2.069900e-02,304970
2.084100e-02,305990
2.096200e-02,306900
2.112100e-02,308530
2.131000e-02,312510
2.144000e-02,313040
2.158300e-02,312480
2.169200e-02,309270
2.187600e-02,311340
2.204100e-02,309680
2.223900e-02,309590
2.236900e-02,308710
2.253300e-02,308140
2.264500e-02,308730
2.278200e-02,307070
2.291600e-02,309060
2.311300e-02,309980
2.323100e-02,309560
2.339500e-02,310020
2.350900e-02,310060
2.367600e-02,309620
2.380400e-02,308360
2.394600e-02,306380
2.411100e-02,305100
2.423800e-02,304890
2.440000e-02,305620
2.454200e-02,305410
2.467100e-02,305950
2.485300e-02,304690
2.498500e-02,304280
2.511400e-02,302800
2.526400e-02,303990
2.544800e-02,305140
2.558900e-02,305920
2.576900e-02,306310
2.590600e-02,305200
2.601500e-02,302230
2.619300e-02,299890
2.636400e-02,297900
2.655000e-02,296880
2.670600e-02,295180
2.687600e-02,296040
2.699400e-02,296130
2.709700e-02,294460
2.725100e-02,297340
2.744400e-02,298830
2.756400e-02,301280
2.770800e-02,299840
2.786000e-02,301700
2.801000e-02,301580
2.813200e-02,300750
2.830100e-02,300470
2.844100e-02,301420
2.858600e-02,301170
2.876600e-02,300020
2.891400e-02,301060
2.906200e-02,300860
2.924200e-02,299880
2.935800e-02,296900
2.951500e-02,297370
2.965000e-02,298000
2.980200e-02,298320
2.996600e-02,299630
3.009800e-02,300050
3.021600e-02,297530
3.035900e-02,296590
3.054000e-02,296130
3.068500e-02,295290
3.085800e-02,294490
3.102200e-02,295230
3.117100e-02,295420
3.131600e-02,293690
3.144700e-02,292690
3.160500e-02,292110
3.176600e-02,290770
3.188300e-02,292510
3.204500e-02,293980
3.218900e-02,292360
3.234000e-02,294490
3.245100e-02,292270
3.265800e-02,292570
3.279300e-02,291030
3.291800e-02,291240
3.314100e-02,292410
3.326800e-02,289680
3.348300e-02,290600
3.359800e-02,286950
3.373400e-02,284460
3.393500e-02,283090
3.406300e-02,283200
3.424800e-02,285990
3.438900e-02,284380
3.450500e-02,287680
3.464000e-02,285980
3.481900e-02,285590
3.495700e-02,284930
3.507300e-02,285280
3.529700e-02,287220
3.540200e-02,285440
3.558000e-02,285640
3.573800e-02,285930
3.586200e-02,283120
3.602400e-02,281380
3.616300e-02,279350
3.636500e-02,277090
3.650900e-02,276790
3.663100e-02,277660
3.674200e-02,277360
3.690500e-02,277290
3.704500e-02,272610
3.716000e-02,275410
3.729500e-02,283550
3.739900e-02,287720
3.759200e-02,290840
3.772400e-02,293610
3.783800e-02,293560
3.800700e-02,290300
3.817300e-02,288130
3.834600e-02,285060
3.848700e-02,283770
3.869800e-02,282510
3.884000e-02,280950
3.896500e-02,280190
3.915800e-02,280240
3.927500e-02,278360
3.941700e-02,278060
3.958400e-02,279390
3.973700e-02,279580
3.987000e-02,277050
4.003600e-02,277220
4.018100e-02,275130
4.032700e-02,275040
4.051900e-02,274260
4.065700e-02,273690
4.073000e-02,273390
4.076000e-02,273270
4.076000e-02,273270
4.075900e-02,273280
4.077200e-02,273220
4.076700e-02,273240
4.078800e-02,273160
4.078900e-02,273150
4.080100e-02,273100
4.079000e-02,273150
4.079500e-02,273130
4.080000e-02,273110
4.079900e-02,273110
4.078700e-02,273160
4.079300e-02,273140
4.081900e-02,273030
4.079200e-02,273140
4.079800e-02,273120
4.079500e-02,273130
4.078600e-02,273170
4.080400e-02,273090
4.079300e-02,273140
4.078400e-02,273170
4.080400e-02,273090
4.079800e-02,273120
4.079700e-02,273120
4.080300e-02,273100
4.078600e-02,273170
4.080100e-02,273100
4.080800e-02,273080
4.078900e-02,273150
4.080000e-02,273110
4.079600e-02,272040
4.077600e-02,271320
4.080300e-02,272290
4.079700e-02,272080
4.079900e-02,272150
4.080300e-02,272290
4.081200e-02,272620
4.080300e-02,272290
4.080900e-02,272510
4.080600e-02,272400
4.080500e-02,272370
4.080100e-02,272220
4.080200e-02,272260
4.080100e-02,272220
4.076900e-02,271070
4.066500e-02,267320
4.057700e-02,264150
4.048700e-02,2.609100e+05
4.039600e-02,257630
4.030200e-02,254240
4.019600e-02,250420
4.008400e-02,246380
3.994300e-02,241300
3.979600e-02,236010
3.964600e-02,230600
3.949700e-02,225230
3.936700e-02,220550
3.916200e-02,213160
3.902600e-02,208260
3.885600e-02,202130
3.869000e-02,195860
3.853100e-02,191010
3.836700e-02,185010
3.820200e-02,179560
3.804600e-02,174160
3.789400e-02,169480
3.771500e-02,164610
3.759400e-02,159720
3.740100e-02,154100
3.726000e-02,148270
3.708800e-02,143720
3.693300e-02,137610
3.681700e-02,132080
3.662900e-02,126180
3.647300e-02,121080
3.632800e-02,115180
3.615100e-02,108700
3.601400e-02,103100
3.578400e-02,97349
3.563000e-02,90725
3.544700e-02,86668
3.531300e-02,80198
3.511600e-02,75325
3.497300e-02,69639
3.480900e-02,65660
3.464200e-02,58699
3.451000e-02,54540
3.432100e-02,48330
3.417400e-02,43803
3.398300e-02,37836
3.382700e-02,34000
3.367000e-02,29196
3.348100e-02,24694
3.328900e-02,18493
3.311800e-02,13536
3.296700e-02,9.145200e+03
3.280600e-02,4.043800e+03
3.262200e-02,-1.781700e+03
3.246100e-02,-7.393200e+03
3.226800e-02,-13679
3.213000e-02,-18557
3.199800e-02,-21639
3.180600e-02,-27121
3.165700e-02,-33524
3.149400e-02,-37480
3.131100e-02,-42986
3.114900e-02,-47926
3.096000e-02,-52974
3.079800e-02,-58404
3.062900e-02,-63116
3.047100e-02,-67414
3.030100e-02,-71037
3.014600e-02,-77714
2.995100e-02,-82804
2.981200e-02,-86817
2.963900e-02,-91580
2.947900e-02,-95119
2.929000e-02,-100690
2.912800e-02,-103600
2.894700e-02,-108020
2.877800e-02,-111870
2.860200e-02,-116060
2.842900e-02,-120980
2.825700e-02,-125270
2.809000e-02,-128650
2.793700e-02,-133560
2.774800e-02,-138660
2.759400e-02,-142640
2.740600e-02,-147520
2.725500e-02,-151900
2.706400e-02,-157120
2.691200e-02,-161690
2.669800e-02,-165300
2.651200e-02,-169280
2.636500e-02,-171970
2.616700e-02,-176500
2.602200e-02,-179790
2.583600e-02,-183780
2.567100e-02,-186300
2.552400e-02,-190410
2.534700e-02,-193420
2.516900e-02,-197830
2.500300e-02,-201120
2.482600e-02,-204180
2.464700e-02,-206960
2.452400e-02,-210290
2.429800e-02,-214070
2.409100e-02,-217770
2.394800e-02,-220990
2.382100e-02,-223440
2.363100e-02,-227110
2.358700e-02,-227960
2.355200e-02,-228640
2.355000e-02,-228670
2.356100e-02,-228460
2.354600e-02,-228750
2.355300e-02,-228620
2.354100e-02,-228850
2.354200e-02,-228830
2.356000e-02,-228480
2.355100e-02,-228650
2.354800e-02,-228710
2.354300e-02,-228810
2.353600e-02,-228940
2.353100e-02,-229040
2.353900e-02,-228890
2.352800e-02,-229100
2.352700e-02,-229120
2.352900e-02,-229080
2.353900e-02,-228890
2.352900e-02,-229080
2.352600e-02,-229140
2.353600e-02,-228940
2.353300e-02,-229000
2.352800e-02,-229100
2.353700e-02,-228920
2.353400e-02,-228980
2.352000e-02,-229250
2.354100e-02,-228850
2.352800e-02,-229100
2.353700e-02,-228920
2.353900e-02,-228890
2.352400e-02,-229180
2.352000e-02,-229160
2.352200e-02,-229100
2.352700e-02,-228920
2.352400e-02,-229030
2.352000e-02,-229160
2.353800e-02,-228550
2.353900e-02,-228510
2.352600e-02,-228960
2.353500e-02,-228650
2.352100e-02,-229130
2.354400e-02,-228340
2.353300e-02,-228720
2.353300e-02,-228720
2.361000e-02,-226090
2.373400e-02,-221850
2.382400e-02,-218780
2.393000e-02,-215150
2.407700e-02,-210130
2.420200e-02,-205860
2.433500e-02,-201310
2.445600e-02,-197180
2.460400e-02,-192120
2.477500e-02,-186280
2.492300e-02,-181220
2.503800e-02,-177290
2.521200e-02,-171350
2.534700e-02,-166730
2.550900e-02,-161200
2.567700e-02,-155460
2.584900e-02,-149580
2.600200e-02,-145700
2.613500e-02,-140200
2.634500e-02,-134270
2.649100e-02,-1.282400e+05
2.664600e-02,-122990
2.679200e-02,-116920
2.696900e-02,-111990
2.715200e-02,-105380
2.732200e-02,-100490
2.747200e-02,-93895
2.764300e-02,-88305
2.783000e-02,-83006
2.796700e-02,-78480
2.816800e-02,-72406
2.828200e-02,-68096
2.846000e-02,-61974
2.861400e-02,-57319
2.877800e-02,-50597
2.894900e-02,-46276
2.909000e-02,-41160
2.926400e-02,-36181
2.943000e-02,-29721
2.957600e-02,-24838
2.972500e-02,-19934
2.989900e-02,-14519
3.007200e-02,-8984
3.024500e-02,-4.169200e+03
3.038900e-02,1.405400e+03
3.056700e-02,7.779300e+03
3.071200e-02,12262
3.090600e-02,20069
3.104500e-02,25698
3.116100e-02,28005
3.136500e-02,33350
3.152500e-02,39973
3.171800e-02,45225
3.187100e-02,50782
3.206200e-02,55465
3.218600e-02,59905
3.237400e-02,6.441800e+04
3.253300e-02,70644
3.274400e-02,74798
3.289000e-02,80839
3.307200e-02,84115
3.325400e-02,89422
3.342200e-02,94514
3.357700e-02,100010
3.372900e-02,104610
3.390900e-02,108670
3.404300e-02,113920
3.424800e-02,118350
3.437600e-02,123100
3.455200e-02,126710
3.470900e-02,131860
3.488100e-02,136830
3.506100e-02,142690
3.518500e-02,146550
3.536400e-02,151320
3.551800e-02,156470
3.569800e-02,161300
3.585200e-02,165250
3.603800e-02,170230
3.616100e-02,172860
3.634900e-02,178990
3.649600e-02,182670
3.667100e-02,186620
3.682500e-02,189990
3.697500e-02,195570
3.713200e-02,199200
3.728300e-02,204310
3.746100e-02,207350
3.762600e-02,212840
3.778800e-02,215730
3.795200e-02,219650
3.810400e-02,222290
3.829600e-02,226570
3.843300e-02,230570
3.864300e-02,233920
3.877800e-02,236450
3.897900e-02,241140
3.913400e-02,245090
3.931600e-02,249070
3.950000e-02,251730
3.967500e-02,255390
3.986800e-02,2.594200e+05
3.991000e-02,260300
3.993000e-02,2.607200e+05
3.992900e-02,260700
3.996000e-02,2.613500e+05
3.996200e-02,261390
3.996600e-02,2.614700e+05
3.996100e-02,261370
3.996700e-02,261490
3.998400e-02,2.618500e+05
3.996300e-02,2.614100e+05
3.998800e-02,261930
3.996400e-02,261430
3.995800e-02,261300
3.996900e-02,2.615300e+05
3.997200e-02,2.616000e+05
3.996300e-02,2.614100e+05
3.996900e-02,2.615300e+05
3.999500e-02,2.620800e+05
3.997000e-02,261560
3.997400e-02,261640
3.997500e-02,2.616600e+05
3.997700e-02,261250
3.996900e-02,2.609700e+05
3.997400e-02,2.611500e+05
3.998500e-02,2.615300e+05
3.997700e-02,261250
3.998200e-02,261430
3.997500e-02,261180
3.997400e-02,2.611500e+05
3.998100e-02,261390
3.997500e-02,261180
3.996900e-02,2.609700e+05
3.996900e-02,2.609700e+05
3.996600e-02,260870
3.997300e-02,261110
3.997200e-02,2.610800e+05
3.998500e-02,2.615300e+05
3.996100e-02,260690
3.991000e-02,2.589100e+05
3.979200e-02,254780
3.971700e-02,252150
3.963500e-02,249280
3.951900e-02,245220
3.940700e-02,241300
3.928000e-02,236860
3.913900e-02,231930
3.900700e-02,227310
3.884600e-02,221670
3.869400e-02,216350
3.853800e-02,210900
3.837100e-02,205050
3.823800e-02,200400
3.806700e-02,194410
3.791400e-02,189060
3.774800e-02,183250
3.758800e-02,177650
3.744700e-02,172020
3.727200e-02,166660
3.709700e-02,160280
3.695500e-02,155480
3.680400e-02,149800
3.665200e-02,143810
3.649400e-02,138500
3.632200e-02,132360
3.617200e-02,126440
3.600400e-02,120420
3.585700e-02,115050
3.568500e-02,108480
3.549100e-02,101610
3.534700e-02,96872
3.518400e-02,90363
3.502200e-02,85164
3.484700e-02,79255
3.468900e-02,73552
3.456100e-02,68319
3.434800e-02,62342
3.420400e-02,57383
3.402100e-02,51832
3.387100e-02,48107
3.368900e-02,42547
3.355500e-02,37489
3.334200e-02,30751
3.320000e-02,25569
3.302600e-02,21117
3.288700e-02,16015
3.268200e-02,10391
3.251000e-02,4.680500e+03
3.235100e-02,-8.407600e+02
3.218100e-02,-5.660400e+03
3.203500e-02,-9.697400e+03
3.189700e-02,-15303
3.171900e-02,-21021
3.153400e-02,-25901
3.140300e-02,-31308
3.120700e-02,-36823
3.105500e-02,-42543
3.085400e-02,-48303
3.071600e-02,-52998
3.050800e-02,-59041
3.036200e-02,-63069
3.016900e-02,-69405
3.002000e-02,-75575
2.986100e-02,-79938
2.970400e-02,-84180
2.952000e-02,-90484
2.933500e-02,-95047
2.917600e-02,-100760
2.901800e-02,-103800
2.885200e-02,-109100
2.868800e-02,-113720
2.848800e-02,-118590
2.834400e-02,-123190
2.817600e-02,-128160
2.804400e-02,-132210
2.783800e-02,-137580
2.767800e-02,-142730
2.748300e-02,-147720
2.733000e-02,-151840
2.715800e-02,-157110
2.700400e-02,-162400
2.679500e-02,-167920
2.664900e-02,-172180
2.645300e-02,-177440
2.627400e-02,-180750
2.613000e-02,-184040
2.591800e-02,-189150
2.575000e-02,-193950
2.560500e-02,-197720
2.545300e-02,-200970
2.523500e-02,-205940
2.505500e-02,-209320
2.488100e-02,-213880
2.475300e-02,-216240
2.458800e-02,-220490
2.438900e-02,-224920
2.416600e-02,-230400
2.401700e-02,-233860
2.393900e-02,-235670
2.394200e-02,-235600
2.391800e-02,-236150
2.393400e-02,-235780
2.393200e-02,-235830
2.392000e-02,-236110
2.392700e-02,-235950
2.392500e-02,-235990
2.392900e-02,-235900
2.391900e-02,-236130
2.393800e-02,-235690
2.392500e-02,-235990
2.392400e-02,-236020
2.392500e-02,-235990
2.392000e-02,-236110
2.393000e-02,-235880
2.392700e-02,-235950
2.393800e-02,-235690
2.390100e-02,-236550
2.391700e-02,-236180
2.391000e-02,-236340
2.391200e-02,-236290
2.389100e-02,-236780
2.390200e-02,-236530
2.389600e-02,-236670
2.391400e-02,-236250
2.390500e-02,-236460
2.390700e-02,-236410
2.391500e-02,-235660
2.389900e-02,-236200
2.390300e-02,-236070
2.389900e-02,-236200
2.391100e-02,-235790
2.390000e-02,-236170
2.390200e-02,-236100
2.397700e-02,-233530
2.408700e-02,-229750
2.418500e-02,-226380
2.437000e-02,-220030
2.446500e-02,-216760
2.457600e-02,-212950
2.468600e-02,-209170
2.485400e-02,-203400
2.498800e-02,-198800
2.515400e-02,-193090
2.528900e-02,-188460
2.544700e-02,-183030
2.559700e-02,-177880
2.574400e-02,-172830
2.589800e-02,-167540
2.605400e-02,-162180
2.622400e-02,-156340
2.638100e-02,-150940
2.654900e-02,-145170
2.671000e-02,-139640
2.686600e-02,-134280
2.703600e-02,-128440
2.721400e-02,-122330
2.739700e-02,-116040
2.753900e-02,-111160
2.771400e-02,-105150
2.786900e-02,-99828
2.805400e-02,-93473
2.821500e-02,-87730
2.834500e-02,-83172
2.851000e-02,-77046
2.863600e-02,-72847
2.884300e-02,-65768
2.897800e-02,-61286
2.915900e-02,-55961
2.930500e-02,-50388
2.950500e-02,-43929
2.965300e-02,-39133
2.981000e-02,-34078
2.997400e-02,-28684
3.014400e-02,-22933
3.032000e-02,-16809
3.046500e-02,-11723
3.063300e-02,-5.832600e+03
3.080500e-02,-1.012200e+03
3.096700e-02,6.515100e+03
3.116600e-02,11865
3.130100e-02,14538
3.141100e-02,20053
3.160400e-02,27071
3.178200e-02,32558
3.195300e-02,38049
3.211200e-02,42175
3.228800e-02,47263
3.245000e-02,51871
3.266700e-02,58034
3.283900e-02,62522
3.299200e-02,68239
3.313100e-02,72233
3.331600e-02,77533
3.346600e-02,82839
3.367600e-02,88312
3.380900e-02,93046
3.397900e-02,96454
3.415700e-02,102980
3.428000e-02,106840
3.445000e-02,112440
3.460400e-02,116560
3.473200e-02,121560
3.494600e-02,127810
3.512600e-02,132730
3.527700e-02,137070
3.545600e-02,143340
3.563700e-02,148430
3.578000e-02,152910
3.596100e-02,157310
3.609400e-02,160650
3.621600e-02,163520
3.636400e-02,169500
3.657100e-02,173350
3.669800e-02,178170
3.683900e-02,181500
3.705400e-02,188040
3.717100e-02,190960
3.736400e-02,196440
3.750700e-02,199450
3.770700e-02,205260
3.784700e-02,208330
3.801000e-02,211920
3.817700e-02,216080
3.833200e-02,219780
3.852200e-02,224780
3.867300e-02,228640
3.886700e-02,232020
3.905700e-02,236610
3.921800e-02,240170
3.939700e-02,245100
3.957500e-02,249160
3.969700e-02,251950
3.970200e-02,252060
3.971900e-02,252450
3.972600e-02,252610
3.973200e-02,252750
3.973300e-02,252770
3.971700e-02,252410
3.973400e-02,252790
3.974600e-02,253070
3.973300e-02,252770
3.973100e-02,252730
3.973500e-02,252640
3.974600e-02,253020
3.973900e-02,252780
3.972200e-02,252190
3.973400e-02,252610
3.972700e-02,252360
3.972600e-02,252330
3.972900e-02,252430
3.973500e-02,252640
3.973300e-02,252570
3.972900e-02,252430
3.972500e-02,252300
3.975000e-02,253160
3.973200e-02,252540
3.973400e-02,252610
3.972400e-02,252260
3.973900e-02,252780
3.973700e-02,252710
3.974000e-02,252810
3.969500e-02,251260
3.959200e-02,247700
3.948900e-02,244140
3.943400e-02,242230
3.932300e-02,238400
3.924100e-02,235560
3.909800e-02,230620
3.900900e-02,227540
3.885500e-02,222210
3.873600e-02,218100
3.854800e-02,211600
3.841700e-02,207070
3.825900e-02,201610
3.808200e-02,195490
3.790000e-02,189190
3.775700e-02,184250
3.757800e-02,176920
3.741700e-02,172180
3.727100e-02,166870
3.709700e-02,159490
3.696500e-02,154240
3.682200e-02,147620
3.666100e-02,141820
3.650600e-02,134540
3.636500e-02,129340
3.619000e-02,123580
3.606200e-02,118090
3.586300e-02,112540
3.573100e-02,107280
3.552700e-02,101140
3.536700e-02,95877
3.520900e-02,90340
3.505600e-02,85386
3.488700e-02,79384
3.470800e-02,73548
3.457100e-02,68446
3.442000e-02,63001
3.424000e-02,55974
3.406400e-02,50800
3.389900e-02,45827
3.373000e-02,40199
3.355900e-02,35233
3.337500e-02,28814
3.322100e-02,23667
3.305800e-02,17792
3.289700e-02,13957
3.273100e-02,7.276300e+03
3.255200e-02,2.459300e+03
3.236800e-02,-3.055500e+03
3.221900e-02,-7.654500e+03
3.210800e-02,-11574
3.193400e-02,-17420
3.177400e-02,-23149
3.160500e-02,-27875
3.142800e-02,-33168
3.130500e-02,-38456
3.110800e-02,-44520
3.095000e-02,-50495
3.077800e-02,-55699
3.061800e-02,-61794
3.044100e-02,-66888
3.027600e-02,-71182
3.009900e-02,-76266
2.987800e-02,-81729
2.973400e-02,-86044
2.955800e-02,-91458
2.937800e-02,-96422
2.919200e-02,-100340
2.907800e-02,-104170
2.888900e-02,-110820
2.873900e-02,-116360
2.855100e-02,-122290
2.841700e-02,-126070
2.820800e-02,-132170
2.807900e-02,-134750
2.791800e-02,-139200
2.772100e-02,-144040
2.753000e-02,-148700
2.736300e-02,-152290
2.720300e-02,-156530
2.702300e-02,-161020
2.683100e-02,-166480
2.666300e-02,-170470
2.650000e-02,-175500
2.633200e-02,-179210
2.616000e-02,-183220
2.599000e-02,-188490
2.580200e-02,-193460
2.567700e-02,-197090
2.548800e-02,-200860
2.533000e-02,-205090
2.512900e-02,-211290
2.496600e-02,-217080
2.483200e-02,-220570
2.467500e-02,-224970
2.448500e-02,-229020
2.424900e-02,-232850
2.406500e-02,-234590
2.390100e-02,-236790
2.375700e-02,-240890
2.356000e-02,-245550
2.338100e-02,-248140
2.320600e-02,-250110
2.307600e-02,-251570
2.293000e-02,-254020
2.274500e-02,-257800
2.254100e-02,-255460
2.239400e-02,-255870
2.223900e-02,-2.569000e+05
2.206300e-02,-260990
2.189800e-02,-263190
2.171000e-02,-265010
2.152700e-02,-263840
2.136900e-02,-265750
2.117600e-02,-268440
2.100700e-02,-270510
2.078700e-02,-273410
2.061500e-02,-275000
2.045300e-02,-274440
2.028100e-02,-277770
2.004500e-02,-278570
1.990600e-02,-279360
1.973300e-02,-278680
1.958900e-02,-277960
1.943200e-02,-278110
1.924000e-02,-279540
1.904600e-02,-279520
1.888500e-02,-280740
1.873100e-02,-279930
1.854800e-02,-281180
1.834500e-02,-281540
1.819500e-02,-282590
1.798100e-02,-282180
1.785300e-02,-281470
1.765700e-02,-282170
1.748700e-02,-282390
1.731700e-02,-282990
1.714000e-02,-282730
1.698400e-02,-281460
1.683200e-02,-282500
1.664400e-02,-282980
1.647100e-02,-283350
1.630000e-02,-283360
1.614300e-02,-282590
1.595400e-02,-282520
1.577100e-02,-283210
1.560900e-02,-282770
1.540300e-02,-283220
1.525900e-02,-282860
1.505600e-02,-281950
1.488000e-02,-282940
1.470200e-02,-282060
1.449900e-02,-281800
1.435000e-02,-280010
1.415400e-02,-281310
1.398700e-02,-279220
1.381400e-02,-278850
1.365900e-02,-279300
1.344600e-02,-281290
1.331300e-02,-281110
1.312200e-02,-281080
1.296400e-02,-281240
1.277000e-02,-281080
1.262100e-02,-280130
1.244400e-02,-279140
1.224100e-02,-279750
1.205000e-02,-278830
1.186800e-02,-279500
1.170900e-02,-279650
1.153200e-02,-279780
1.136700e-02,-280660
1.122100e-02,-281440
1.101400e-02,-282960
1.080500e-02,-283690
1.066900e-02,-281360
1.046600e-02,-281510
1.026700e-02,-280050
1.010300e-02,-279300
9.978500e-03,-277440
9.792700e-03,-278200
9.646400e-03,-277240
9.444800e-03,-279930
9.254600e-03,-279780
9.047500e-03,-281170
8.853900e-03,-281220
8.643700e-03,-281740
8.525900e-03,-283000
8.349000e-03,-283610
8.190200e-03,-284150
8.096700e-03,-284480
8.090700e-03,-284500
8.104800e-03,-284450
8.088300e-03,-284510
8.086700e-03,-284510
8.085900e-03,-284510
8.084300e-03,-284520
8.097400e-03,-284470
8.085300e-03,-284520
8.083100e-03,-284520
8.100500e-03,-284460
8.087200e-03,-284510
8.086200e-03,-284510
8.084500e-03,-284520
8.089700e-03,-284500
8.088200e-03,-284510
8.073200e-03,-284560
8.085900e-03,-284510
8.077900e-03,-284540
8.082300e-03,-284530
8.093200e-03,-284490
8.091200e-03,-284500
8.088800e-03,-284500
8.073800e-03,-284070
8.093300e-03,-283370
8.088900e-03,-283530
8.083900e-03,-283710
8.083500e-03,-283720
8.072500e-03,-284110
8.086200e-03,-283620
8.195500e-03,-279720
8.262700e-03,-277330
8.389400e-03,-272800
8.524700e-03,-267980
8.657800e-03,-263230
8.794000e-03,-258360
8.939300e-03,-253180
9.110000e-03,-247090
9.272300e-03,-241300
9.377200e-03,-237550
9.543700e-03,-231610
9.670800e-03,-227070
9.829200e-03,-221420
9.986900e-03,-215790
1.014200e-02,-210260
1.031900e-02,-203940
1.048200e-02,-198130
1.062700e-02,-192950
1.078300e-02,-189200
1.090400e-02,-184280
1.108400e-02,-178660
1.124500e-02,-173210
1.141100e-02,-167870
1.160200e-02,-161770
1.174700e-02,-156690
1.192300e-02,-151190
1.206200e-02,-146790
1.221400e-02,-140840
1.238700e-02,-134870
1.253700e-02,-1.301700e+05
1.270600e-02,-124690
1.282500e-02,-120740
1.301200e-02,-113470
1.317600e-02,-107500
1.333600e-02,-103420
1.349000e-02,-97608
1.365100e-02,-93880
1.384300e-02,-86898
1.398400e-02,-83047
1.415300e-02,-77321
1.431200e-02,-73866
1.450000e-02,-67520
1.462800e-02,-63120
1.484700e-02,-56802
1.497100e-02,-54389
1.514200e-02,-47715
1.532400e-02,-42496
1.545600e-02,-38302
1.561600e-02,-33065
1.577600e-02,-29009
1.596000e-02,-23275
1.610600e-02,-18548
1.625600e-02,-14548
1.643600e-02,-8.957300e+03
1.657700e-02,-3.042600e+03
1.677200e-02,2878
1.693800e-02,8.103300e+03
1.713900e-02,12740
1.735600e-02,19337
1.750100e-02,23268
1.764500e-02,26469
1.780100e-02,30898
1.796600e-02,36042
1.809800e-02,39189
1.831500e-02,45538
1.843000e-02,49055
1.856400e-02,54845
1.871300e-02,58117
1.890300e-02,65205
1.902500e-02,67222
1.915600e-02,71822
1.930600e-02,74714
1.951100e-02,81104
1.967600e-02,84788
1.983200e-02,88011
1.995400e-02,91679
2.011800e-02,96843
2.028900e-02,101670
2.049100e-02,106950
2.063000e-02,111790
2.078500e-02,114870
2.094300e-02,119190
2.114700e-02,126870
2.137400e-02,130720
2.149200e-02,131910
2.160500e-02,135690
2.178900e-02,142070
2.197300e-02,147960
2.216700e-02,151860
2.231000e-02,154600
2.248300e-02,158900
2.264900e-02,163480
2.285900e-02,168690
2.300200e-02,171610
2.317900e-02,174220
2.335200e-02,178550
2.349100e-02,182040
2.353700e-02,183190
2.357100e-02,184040
2.357700e-02,184190
2.357300e-02,184090
2.358200e-02,184320
2.356300e-02,183840
2.358600e-02,184420
2.356500e-02,183890
2.357300e-02,184090
2.357400e-02,184110
2.356700e-02,183940
2.357700e-02,184190
2.357900e-02,184240
2.358000e-02,184270
2.358300e-02,184340
2.355800e-02,183710
2.357200e-02,184060
2.356600e-02,183910
2.356700e-02,183940
2.357600e-02,184170
2.356600e-02,183910
2.356900e-02,183990
2.359800e-02,184720
2.357900e-02,184240
2.356500e-02,183890
2.360200e-02,184820
2.357200e-02,183810
2.356500e-02,183580
2.357600e-02,183950
2.356200e-02,183480
2.356800e-02,183680
2.358400e-02,184210
2.358500e-02,184250
2.358200e-02,184150
2.357600e-02,183950
2.358000e-02,184080
2.355800e-02,183340
2.357700e-02,183980
2.357000e-02,183750
2.358100e-02,184110
2.356700e-02,183640
2.357900e-02,184050
2.355500e-02,183240
2.356900e-02,183710
2.358200e-02,184150
2.357200e-02,183810
2.357400e-02,183880
2.357400e-02,183880
2.357300e-02,183850
2.351300e-02,181840
2.341900e-02,178690
2.333000e-02,175710
2.322400e-02,172160
2.311100e-02,168380
2.301100e-02,165030
2.290500e-02,161480
2.278700e-02,157530
2.270700e-02,154850
2.252400e-02,148720
2.239300e-02,144330
2.227900e-02,140520
2.214400e-02,136000
2.198500e-02,1.306700e+05
2.183100e-02,125520
2.164400e-02,119250
2.152700e-02,115340
2.137700e-02,109980
2.121000e-02,104210
2.102100e-02,97271
2.085100e-02,91392
2.069400e-02,87306
2.056200e-02,82248
2.036800e-02,76347
2.022400e-02,70366
2.001600e-02,6.498900e+04
1.989400e-02,59890
1.976000e-02,56510
1.957200e-02,49075
1.940700e-02,44697
1.923000e-02,38712
1.911700e-02,35287
1.894000e-02,28775
1.878200e-02,24123
1.863800e-02,19143
1.844300e-02,14846
1.831000e-02,9.234200e+03
1.817000e-02,3.472500e+03
1.797800e-02,-2.756400e+03
1.783100e-02,-8.685100e+03
1.765100e-02,-13856
1.751400e-02,-18607
1.732400e-02,-24214
1.717900e-02,-29731
1.698500e-02,-34771
1.683300e-02,-40753
1.664300e-02,-46238
1.650900e-02,-48698
1.636800e-02,-54596
1.617000e-02,-59866
1.601500e-02,-64953
1.585100e-02,-70388
1.570100e-02,-74345
1.549900e-02,-79684
1.536300e-02,-83734
1.516100e-02,-89933
1.502100e-02,-93842
1.483000e-02,-99043
1.467800e-02,-104230
1.449700e-02,-110000
1.436700e-02,-114220
1.419400e-02,-119360
1.400300e-02,-123910
1.384500e-02,-127990
1.369100e-02,-132790
1.349900e-02,-136950
1.336900e-02,-142360
1.317600e-02,-147460
1.305000e-02,-151920
1.287100e-02,-157790
1.272600e-02,-162490
1.256400e-02,-167510
1.239000e-02,-173760
1.222200e-02,-178740
1.201400e-02,-183860
1.182800e-02,-188250
1.162100e-02,-192470
1.147200e-02,-195610
1.130000e-02,-199590
1.119200e-02,-202510
1.101600e-02,-207840
1.082500e-02,-211890
1.062600e-02,-218050
1.048600e-02,-221680
1.029000e-02,-226970
1.014200e-02,-229740
9.983400e-03,-234130
9.854900e-03,-237400
9.690900e-03,-241210
9.557400e-03,-244620
9.329900e-03,-249290
9.169400e-03,-253900
8.967100e-03,-2.577800e+05
8.801100e-03,-2.604000e+05
8.602000e-03,-263300
8.460100e-03,-266410
8.287500e-03,-270120
8.109600e-03,-273960
8.002700e-03,-276260
7.991500e-03,-276500
7.981100e-03,-276720
7.982800e-03,-276690
7.995500e-03,-276410
7.992500e-03,-276480
7.975800e-03,-276840
8.000500e-03,-276310
7.992800e-03,-276470
8.002200e-03,-276270
7.984900e-03,-276640
7.979300e-03,-276760
7.991900e-03,-276490
7.976500e-03,-276820
7.981000e-03,-276730
7.980500e-03,-276740
7.975200e-03,-276850
7.988800e-03,-276560
7.984400e-03,-276650
7.984200e-03,-276660
7.985300e-03,-276630
7.983600e-03,-276670
7.996600e-03,-276390
7.979700e-03,-276750
7.985700e-03,-276620
7.982800e-03,-276690
7.981900e-03,-276710
7.987000e-03,-276600
7.990100e-03,-276530
7.983100e-03,-276680
7.984900e-03,-276640
7.984600e-03,-276650
7.982300e-03,-276700
7.982500e-03,-276690
7.997100e-03,-276380
7.972700e-03,-276900
7.993100e-03,-276460
7.982400e-03,-276690
7.976500e-03,-276820
7.987100e-03,-276590
7.995500e-03,-276410
7.978600e-03,-276780
7.972500e-03,-276910
7.990400e-03,-276520
7.970200e-03,-276960
7.982300e-03,-276700
7.977200e-03,-276810
7.958700e-03,-277140
7.981300e-03,-276340
7.986000e-03,-276170
7.987500e-03,-276110
7.985000e-03,-276200
7.977700e-03,-276460
8.003600e-03,-275540
7.999800e-03,-275680
7.996100e-03,-275810
7.985000e-03,-276200
7.973900e-03,-276600
7.989400e-03,-276050
7.977600e-03,-276470
7.975900e-03,-276530
7.976700e-03,-276500
7.970800e-03,-276710
7.984600e-03,-276220
7.988300e-03,-276090
7.984100e-03,-276240
7.987200e-03,-276130
7.981400e-03,-276330
7.980300e-03,-276370
7.978300e-03,-276440
7.980200e-03,-276370
7.980800e-03,-276350
7.983300e-03,-276260
7.982300e-03,-276300
7.988100e-03,-276090
7.982700e-03,-276290
8.053800e-03,-273760
8.159900e-03,-269980
8.252700e-03,-266680
8.363500e-03,-262740
8.470400e-03,-258930
8.644900e-03,-252720
8.754000e-03,-248840
8.933800e-03,-242440
9.090500e-03,-236870
9.250600e-03,-231170
9.365000e-03,-227100
9.508900e-03,-221980
9.662200e-03,-216520
9.816300e-03,-211040
9.968400e-03,-205630
1.012700e-02,-199990
1.031500e-02,-192130
1.047300e-02,-187030
1.060300e-02,-182860
1.077500e-02,-177040
1.090300e-02,-172180
1.104400e-02,-166840
1.122100e-02,-161250
1.138400e-02,-155720
1.157500e-02,-149830
1.174000e-02,-144540
1.187400e-02,-139140
1.206000e-02,-134370
1.219800e-02,-1.285500e+05
1.236800e-02,-122690
1.250000e-02,-117760
1.267200e-02,-112470
1.281800e-02,-108220
1.299400e-02,-101070
1.315400e-02,-94918
1.329800e-02,-91422
1.346800e-02,-85631
1.363700e-02,-80724
1.380700e-02,-74011
1.398700e-02,-69409
1.412700e-02,-6.422400e+04
1.429700e-02,-61012
1.445300e-02,-54627
1.464200e-02,-50013
1.479500e-02,-43883
1.496300e-02,-40813
1.511900e-02,-34463
1.525400e-02,-29686
1.544300e-02,-25433
1.559700e-02,-20242
1.574600e-02,-15696
1.592900e-02,-9753
1.606900e-02,-5.315300e+03
1.623200e-02,-6.520600e+02
1.639800e-02,3.953800e+03
1.656300e-02,10506
1.673000e-02,15367
1.689300e-02,21175
1.707100e-02,25828
1.726900e-02,33232
1.743000e-02,37526
1.759300e-02,41967
1.776000e-02,47198
1.792700e-02,52151
1.809100e-02,55033
1.823600e-02,60192
1.834900e-02,63044
1.855300e-02,68755
1.868400e-02,70131
1.880200e-02,77744
1.896400e-02,80326
1.913400e-02,86210
1.926000e-02,89305
1.947300e-02,95397
1.962200e-02,99716
1.978300e-02,103330
1.992700e-02,107010
2.008300e-02,112470
2.025900e-02,116740
2.042700e-02,121680
2.059100e-02,126460
2.073500e-02,1.300100e+05
2.089800e-02,134620
2.112100e-02,142300
2.128900e-02,146440
2.143600e-02,148390
2.158800e-02,152210
2.173600e-02,157490
2.195500e-02,163600
2.211900e-02,167100
2.229600e-02,170410
2.242200e-02,175770
2.261800e-02,180840
2.279000e-02,183350
2.299500e-02,188560
2.312200e-02,191780
2.316700e-02,192920
2.318500e-02,193380
2.320600e-02,193910
2.319800e-02,193710
2.319500e-02,193640
2.320400e-02,193860
2.320800e-02,193970
2.320500e-02,193890
2.320700e-02,193940
2.318500e-02,193380
2.320800e-02,193970
2.320900e-02,193990
2.320600e-02,193910
2.319500e-02,193640
2.320500e-02,193890
2.319500e-02,193640
2.320900e-02,193990
2.321400e-02,194120
2.321500e-02,194140
2.320100e-02,193790
2.319200e-02,193560
2.320400e-02,193860
2.320400e-02,193860
2.321600e-02,194170
2.320700e-02,193940
2.320100e-02,193790
2.320700e-02,193940
2.320300e-02,193840
2.320400e-02,193860
2.321700e-02,194190
2.320600e-02,193910
2.321000e-02,194020
2.321500e-02,194140
2.320900e-02,193990
2.320900e-02,193990
2.319200e-02,193560
2.321300e-02,194090
2.320600e-02,193910
2.320800e-02,193970
2.320400e-02,193860
2.319600e-02,193660
2.321400e-02,194120
2.320700e-02,193940
2.320700e-02,193940
2.320900e-02,193990
2.321200e-02,194070
2.320600e-02,193910
2.319800e-02,193710
2.319900e-02,193740
2.321500e-02,194140
2.320900e-02,193990
2.319700e-02,193690
2.321100e-02,194040
2.320600e-02,193910
2.321600e-02,194170
2.320200e-02,193810
2.319700e-02,193690
2.321400e-02,194120
2.320200e-02,193810
2.320300e-02,193840
2.319900e-02,193740
2.322100e-02,194300
2.320700e-02,193730
2.319800e-02,193410
2.320400e-02,193620
2.320300e-02,193590
2.320100e-02,193520
2.320700e-02,193730
2.320600e-02,193690
2.321500e-02,194010
2.320300e-02,193590
2.320600e-02,193690
2.320900e-02,193800
2.320400e-02,193620
2.320900e-02,193800
2.321300e-02,193940
2.313900e-02,191340
2.301400e-02,186950
2.289300e-02,182700
2.276700e-02,178280
2.267800e-02,175150
2.257200e-02,171430
2.245900e-02,167460
2.234000e-02,163280
2.220100e-02,158400
2.208600e-02,154360
2.195100e-02,149620
2.182900e-02,145340
2.163600e-02,138560
2.147800e-02,133010
2.135800e-02,1.288000e+05
2.119700e-02,123150
2.103900e-02,117210
2.088900e-02,111470
2.068500e-02,107010
2.056300e-02,101300
2.044400e-02,96011
2.024000e-02,89690
2.007100e-02,84085
1.990900e-02,78731
1.978000e-02,73713
1.961200e-02,68268
1.944600e-02,61948
1.929500e-02,56591
1.912100e-02,51146
1.899300e-02,46976
1.881900e-02,41104
1.865600e-02,34881
1.845300e-02,29232
1.830100e-02,24355
1.819500e-02,20131
1.797500e-02,14532
1.785400e-02,9752
1.766100e-02,2.966500e+03
1.752200e-02,-1.358200e+03
1.731800e-02,-8.006300e+03
1.718700e-02,-11694
1.700300e-02,-18315
1.685400e-02,-23401
1.670100e-02,-29128
1.654600e-02,-33139
1.640300e-02,-39697
1.624600e-02,-44893
1.606600e-02,-50184
1.593700e-02,-54249
1.572200e-02,-59019
1.557500e-02,-63971
1.539500e-02,-69307
1.524000e-02,-73713
1.505500e-02,-79211
1.489900e-02,-85587
1.471400e-02,-90885
1.456100e-02,-96330
1.439200e-02,-101470
1.422600e-02,-106770
1.404800e-02,-111010
1.386800e-02,-116500
1.371700e-02,-120830
1.353900e-02,-125310
1.340900e-02,-129600
1.320800e-02,-135730
1.306400e-02,-139700
1.287500e-02,-145440
1.271800e-02,-149080
1.258000e-02,-155110
1.240900e-02,-159410
1.225800e-02,-163170
1.205600e-02,-170090
1.189500e-02,-174530
1.172000e-02,-180130
1.156000e-02,-184720
1.142500e-02,-189180
1.124200e-02,-193770
1.109200e-02,-198200
1.094200e-02,-203620
1.074000e-02,-208920
1.057400e-02,-211470
1.037700e-02,-216730
1.019600e-02,-222040
1.004100e-02,-225220
9.892100e-03,-229240
9.744200e-03,-233070
9.551300e-03,-237310
9.377400e-03,-242200
9.201000e-03,-246280
8.994300e-03,-250800
8.822500e-03,-254040
8.631700e-03,-2.587800e+05
8.482800e-03,-2.613400e+05
8.330600e-03,-265140
8.170400e-03,-268760
7.993400e-03,-271270
7.848400e-03,-274930
7.664900e-03,-278510
7.518100e-03,-280870
7.307200e-03,-282620
7.155800e-03,-284550
6.964700e-03,-285150
6.827000e-03,-285990
6.671600e-03,-285500
6.513300e-03,-287280
6.321400e-03,-288680
6.143300e-03,-288740
5.920700e-03,-289290
5.752200e-03,-289740
5.560000e-03,-290760
5.340100e-03,-290340
5.205600e-03,-289320
5.052500e-03,-288980
4.896100e-03,-286140
4.750600e-03,-286560
4.557900e-03,-286150
4.397800e-03,-287450
4.184900e-03,-288440
3.950900e-03,-288580
3.765300e-03,-286910
3.606100e-03,-284710
3.496000e-03,-282950
3.364900e-03,-281950
3.215200e-03,-282040
3.020400e-03,-283860
2.827600e-03,-285280
2.588700e-03,-286950
2.348200e-03,-287010
2.135400e-03,-284980
1.980000e-03,-282150
1.838700e-03,-280460
1.726800e-03,-279940
1.591900e-03,-279710
1.456800e-03,-279060
1.262100e-03,-280470
1.026100e-03,-282860
8.113200e-04,-284610
6.453800e-04,-284480
4.385900e-04,-285000
3.125800e-04,-285740
1.907600e-04,-285310
-2.344700e-05,-287280
-1.588700e-04,-287730
-3.438900e-04,-287630
-5.541800e-04,-286170
-7.412900e-04,-285770
-9.145000e-04,-283770
-1.076200e-03,-281620
-1.224900e-03,-280920
-1.408300e-03,-280470
-1.572000e-03,-279380
-1.743600e-03,-278110
-1.905900e-03,-278400
-2.116800e-03,-279160
-2.264400e-03,-278780
-2.459700e-03,-278170
-2.607600e-03,-278660
-2.799600e-03,-278910
-2.964500e-03,-278710
-3.151100e-03,-279400
-3.320100e-03,-278890
-3.508000e-03,-278560
-3.687000e-03,-277720
-3.888300e-03,-278390
-4.045200e-03,-278470
-4.220300e-03,-277780
-4.419900e-03,-277720
-4.594400e-03,-275970
-4.738600e-03,-276610
-4.908600e-03,-275420
-5.058500e-03,-275500
-5.243800e-03,-275750
-5.412900e-03,-278250
-5.578000e-03,-278740
-5.771000e-03,-279880
-5.929700e-03,-278160
-6.105500e-03,-277840
-6.262400e-03,-276260
-6.461600e-03,-275430
-6.613600e-03,-274380
-6.808900e-03,-273430
-6.944900e-03,-273130
-7.156900e-03,-272090
-7.326400e-03,-271360
-7.478700e-03,-270700
-7.569900e-03,-270310
-7.597600e-03,-270190
-7.604100e-03,-270160
-7.609400e-03,-270140
-7.599700e-03,-270180
-7.600000e-03,-270180
-7.601800e-03,-270170
-7.608800e-03,-270140
-7.588100e-03,-270230
-7.607900e-03,-270150
-7.603400e-03,-270170
-7.590400e-03,-270220
-7.609000e-03,-270140
-7.602800e-03,-270170
-7.603800e-03,-270160
-7.609400e-03,-270140
-7.603100e-03,-270170
-7.602600e-03,-270170
-7.611200e-03,-270130
-7.602200e-03,-270170
-7.604600e-03,-270160
-7.600600e-03,-270180
-7.632000e-03,-270040
-7.626600e-03,-269780
-7.609900e-03,-268990
-7.605100e-03,-268760
-7.601400e-03,-268580
-7.604500e-03,-268730
-7.595800e-03,-268310
-7.464000e-03,-262000
-7.358800e-03,-2.569600e+05
-7.276700e-03,-253030
-7.157400e-03,-247320
-7.033400e-03,-241380
-6.914200e-03,-235670
-6.799400e-03,-230170
-6.647600e-03,-222900
-6.511200e-03,-216370
-6.341500e-03,-208250
-6.201800e-03,-201560
-6.057900e-03,-194670
-5.889000e-03,-186580
-5.743300e-03,-179600
-5.618300e-03,-175570
-5.456500e-03,-168630
-5.326100e-03,-164310
-5.160000e-03,-158820
-5.005900e-03,-155000
-4.848400e-03,-149290
-4.718100e-03,-145240
-4.531200e-03,-140330
-4.388200e-03,-134920
-4.213300e-03,-131090
-4.076100e-03,-125320
-3.897600e-03,-120250
-3.755300e-03,-115320
-3.590900e-03,-111060
-3.446700e-03,-105900
-3.253100e-03,-99006
-3.106200e-03,-93490
-2.936700e-03,-90006
-2.806500e-03,-86169
-2.634300e-03,-79184
-2.479400e-03,-75091
-2.308000e-03,-70420
-2.176300e-03,-65745
-2.070600e-03,-63658
-1.849800e-03,-56890
-1.707300e-03,-52110
-1.511600e-03,-46840
-1.370200e-03,-43546
-1.191300e-03,-37811
-1.054100e-03,-35152
-9.218600e-04,-31460
-8.078800e-04,-26836
-6.754700e-04,-23431
-4.897400e-04,-18010
-3.221400e-04,-13384
-1.216900e-04,-6.607600e+03
6.003200e-05,-2.581800e+03
1.727700e-04,6.705300e+02
2.895400e-04,3.620300e+03
3.781100e-04,6.852700e+03
5.110100e-04,10592
6.872700e-04,16977
8.989400e-04,22972
1.109200e-03,28846
1.343500e-03,35362
1.513900e-03,40524
1.668500e-03,42516
1.795900e-03,45922
1.911300e-03,48885
2.073700e-03,53393
2.231600e-03,57005
2.438000e-03,63954
2.624400e-03,67001
2.824900e-03,72615
2.970300e-03,75678
3.121000e-03,81516
3.254700e-03,82949
3.413400e-03,86910
3.572800e-03,91080
3.708400e-03,94732
3.908600e-03,99496
4.085900e-03,104060
4.263400e-03,109500
4.491400e-03,113110
4.599900e-03,116440
4.771100e-03,121670
4.943100e-03,125650
5.084100e-03,128470
5.238200e-03,134110
5.408200e-03,138590
5.610800e-03,143060
5.757300e-03,143950
5.910800e-03,150260
6.121500e-03,154340
6.268400e-03,156860
6.450200e-03,161120
6.571200e-03,163960
6.718500e-03,167410
6.718400e-03,167410
6.720200e-03,167450
6.725000e-03,167560
6.742600e-03,167980
6.728100e-03,167640
6.734000e-03,167770
6.731600e-03,167720
6.729200e-03,167660
6.735600e-03,167810
6.732000e-03,167730
6.721100e-03,167470
6.728000e-03,167630
6.732500e-03,167740
6.738900e-03,167890
6.736100e-03,167820
6.733800e-03,167770
6.747600e-03,167980
6.728300e-03,167340
6.753100e-03,168160
6.736100e-03,167600
6.736500e-03,167610
6.728400e-03,167340
6.744300e-03,167870
6.750100e-03,168060
6.730800e-03,167420
6.637800e-03,164340
6.546000e-03,161290
6.451700e-03,158170
6.349200e-03,154770
6.231800e-03,150880
6.121400e-03,147220
5.990900e-03,142890
5.873800e-03,139010
5.732400e-03,134320
5.590800e-03,129630
5.457700e-03,125220
5.359500e-03,121960
5.154000e-03,115150
5.054100e-03,111840
4.862800e-03,105500
4.742500e-03,101510
4.533200e-03,94936
4.408900e-03,89735
4.262500e-03,85598
4.108300e-03,80878
3.968100e-03,75609
3.843700e-03,70944
3.690600e-03,66063
3.521200e-03,61250
3.340600e-03,54278
3.165800e-03,48583
2.989700e-03,43242
2.816600e-03,38139
2.695800e-03,35369
2.580800e-03,30746
2.460500e-03,27107
2.293600e-03,22021
2.123600e-03,15934
1.885500e-03,8.381400e+03
1.697800e-03,1.875600e+03
1.496500e-03,-3.980200e+03
1.377500e-03,-7.663700e+03
1.236600e-03,-11382
1.144300e-03,-15402
1.021200e-03,-19165
9.110000e-04,-22595
7.032100e-04,-28398
4.970200e-04,-35215
3.226600e-04,-41649
1.592600e-04,-46420
-4.015800e-06,-51276
-1.665500e-04,-56503
-3.208600e-04,-61287
-4.430300e-04,-66734
-5.705100e-04,-71523
-7.969800e-04,-77103
-9.812700e-04,-81884
-1.154800e-03,-87843
-1.306800e-03,-91697
-1.496300e-03,-96129
-1.605200e-03,-99943
-1.789400e-03,-105520
-1.938000e-03,-109280
-2.080000e-03,-113350
-2.241900e-03,-119120
-2.441400e-03,-124930
-2.574300e-03,-1.283600e+05
-2.736900e-03,-132500
-2.903300e-03,-137150
-3.088100e-03,-142070
-3.225200e-03,-146510
-3.414200e-03,-151760
-3.566500e-03,-156410
-3.758200e-03,-161240
-3.924200e-03,-165770
-4.091200e-03,-171500
-4.249000e-03,-176210
-4.419500e-03,-180320
-4.574400e-03,-185460
-4.752800e-03,-189440
-4.926400e-03,-194710
-5.046500e-03,-197940
-5.218700e-03,-202370
-5.390800e-03,-205870
-5.534600e-03,-211180
-5.741700e-03,-214960
-5.876900e-03,-219870
-6.046600e-03,-223120
-6.213100e-03,-228150
-6.345600e-03,-231370
-6.546300e-03,-235540
-6.696100e-03,-238850
-6.868300e-03,-242030
-7.025000e-03,-245320
-7.188000e-03,-249190
-7.336000e-03,-252700
-7.370200e-03,-253520
-7.398600e-03,-254190
-7.380200e-03,-253750
-7.397700e-03,-254170
-7.381500e-03,-253780
-7.378000e-03,-253700
-7.393400e-03,-254070
-7.389300e-03,-253970
-7.383100e-03,-253820
-7.397200e-03,-254160
-7.385400e-03,-253880
-7.395100e-03,-254110
-7.383800e-03,-253840
-7.390200e-03,-253990
-7.385100e-03,-253870
-7.392400e-03,-254040
-7.387800e-03,-253930
-7.391000e-03,-254010
-7.394200e-03,-254090
-7.388900e-03,-253960
-7.379400e-03,-253730
-7.387700e-03,-253930
-7.388600e-03,-253630
-7.383800e-03,-253440
-7.386400e-03,-253540
-7.406700e-03,-254310
-7.310600e-03,-250690
-7.208800e-03,-246870
-7.108000e-03,-243080
-6.978600e-03,-238220
-6.874500e-03,-234310
-6.756100e-03,-229860
-6.632300e-03,-225210
-6.495100e-03,-220060
-6.343500e-03,-214360
-6.182000e-03,-208290
-6.067400e-03,-203990
-5.893800e-03,-197680
-5.750200e-03,-191850
-5.640000e-03,-187530
-5.472400e-03,-179390
-5.318200e-03,-174130
-5.147900e-03,-169020
-5.017200e-03,-165660
-4.867800e-03,-159250
-4.721600e-03,-155250
-4.524300e-03,-148930
-4.402200e-03,-144790
-4.225700e-03,-140540
-4.069600e-03,-135450
-3.923200e-03,-1.307000e+05
-3.751500e-03,-125430
-3.603500e-03,-121410
-3.449200e-03,-116360
-3.277400e-03,-110580
-3.125500e-03,-104730
-2.973400e-03,-100830
-2.839800e-03,-96993
-2.647400e-03,-88749
-2.531100e-03,-83879
-2.373600e-03,-79803
-2.211200e-03,-74608
-2.053300e-03,-69603
-1.863000e-03,-64196
-1.721700e-03,-58706
-1.520200e-03,-54151
-1.380500e-03,-50715
-1.206300e-03,-44706
-1.081400e-03,-42175
-9.246100e-04,-37602
-8.194500e-04,-34425
-6.924600e-04,-30444
-5.332100e-04,-24807
-3.357200e-04,-19752
-1.260000e-04,-13579
3.440500e-05,-8.631600e+03
1.334900e-04,-5.376900e+03
2.421500e-04,-2359
3.647100e-04,5.228300e+02
4.732900e-04,4.160700e+03
6.426100e-04,10237
8.370300e-04,16393
1.069000e-03,23274
1.281600e-03,29657
1.483900e-03,35154
1.643000e-03,39384
1.762200e-03,42539
1.873200e-03,46819
2.025500e-03,50499
2.192700e-03,54769
2.372100e-03,61080
2.600400e-03,6.463600e+04
2.779800e-03,70547
2.949500e-03,73655
3.103500e-03,78824
3.227800e-03,81285
3.361800e-03,85448
3.501200e-03,88728
3.686200e-03,93485
3.859100e-03,98771
4.069800e-03,103400
4.237600e-03,107810
4.399300e-03,111350
4.571000e-03,115140
4.724200e-03,119920
4.870700e-03,124490
5.039200e-03,128150
5.169400e-03,133300
5.347600e-03,138410
5.533200e-03,143640
5.677300e-03,144160
5.875300e-03,150940
6.031700e-03,155450
6.210600e-03,160200
6.353200e-03,163980
6.484200e-03,167460
6.524800e-03,168540
6.526900e-03,168590
6.538200e-03,168890
6.546900e-03,169120
6.546300e-03,169110
6.543700e-03,169040
6.542700e-03,169010
6.546200e-03,169100
6.556200e-03,169370
6.557700e-03,169410
6.541100e-03,168970
6.551800e-03,169250
6.569100e-03,169710
6.544400e-03,169060
6.554200e-03,169320
6.548000e-03,169150
6.548000e-03,169150
6.554900e-03,169330
6.561000e-03,169500
6.557400e-03,169400
6.548800e-03,169170
6.549800e-03,169200
6.565900e-03,169630
6.547700e-03,169140
6.544100e-03,169050
6.561200e-03,169500
6.556600e-03,169380
6.555700e-03,169360
6.540300e-03,168950
6.539300e-03,168920
6.541500e-03,168980
6.548100e-03,169150
6.560000e-03,169470
6.551400e-03,169240
6.560800e-03,169490
6.549000e-03,169180
6.545200e-03,169080
6.551800e-03,169250
6.573800e-03,169840
6.555400e-03,169350
6.563500e-03,169560
6.549400e-03,169190
6.536700e-03,168850
6.535800e-03,168830
6.547000e-03,169120
6.565800e-03,169620
6.560500e-03,169430
6.554300e-03,169250
6.571500e-03,169750
6.541800e-03,168890
6.550700e-03,169150
6.554400e-03,169250
6.550100e-03,169130
6.554000e-03,169240
6.559800e-03,169410
6.556900e-03,169330
6.550400e-03,169140
6.564800e-03,169550
6.544100e-03,168950
6.560200e-03,169420
6.539400e-03,168820
6.552800e-03,169210
6.562900e-03,169500
6.552700e-03,169200
6.552800e-03,169210
6.545000e-03,168980
6.543700e-03,168940
6.558200e-03,169360
6.548400e-03,169080
6.542500e-03,168910
6.551600e-03,169170
6.550600e-03,169140
6.562300e-03,169480
6.547700e-03,169060
6.544700e-03,168970
6.556400e-03,169310
6.557200e-03,169330
6.560000e-03,169420
6.543200e-03,168930
6.536200e-03,168720
6.554800e-03,169260
6.556700e-03,169320
6.548700e-03,169090
6.531800e-03,168600
6.549300e-03,169100
6.546900e-03,169040
6.546300e-03,169020
6.552000e-03,169180
6.548400e-03,169080
6.545000e-03,168980
6.553200e-03,169220
6.541400e-03,168880
6.549600e-03,169110
6.549300e-03,169100
6.558700e-03,169380
6.562000e-03,169470
6.545800e-03,169000
6.556900e-03,169330
6.554300e-03,169250
6.529900e-03,168540
6.571800e-03,169760
6.543000e-03,168920
6.544400e-03,168960
6.547400e-03,169050
6.555300e-03,169280
6.544900e-03,168980
6.551300e-03,169160
6.552600e-03,169200
6.554700e-03,169260
6.558300e-03,169370
6.558600e-03,169370
6.551000e-03,169150
6.552200e-03,169190
6.541400e-03,168880
6.561600e-03,169460
6.560000e-03,169420
6.557800e-03,169350
6.550000e-03,169130
6.546400e-03,169020
6.556400e-03,169310
6.552600e-03,169200
6.552900e-03,169210
6.551900e-03,169180
6.551800e-03,169180
6.548200e-03,169070
6.558400e-03,169370
6.554800e-03,169260
6.550700e-03,169150
6.552600e-03,169200
6.558400e-03,169370
6.545600e-03,169000
6.532400e-03,168610
6.549100e-03,169100
6.549800e-03,169120
6.552900e-03,169210
6.545000e-03,168980
6.553900e-03,169240
6.550200e-03,169130
6.567100e-03,169620
6.548400e-03,169080
6.547400e-03,169050
6.546200e-03,169010
6.565700e-03,169580
6.549700e-03,169120
6.543100e-03,168920
6.536500e-03,168730
6.552300e-03,169190
6.543600e-03,168940
6.547200e-03,169040
6.555800e-03,169290
6.554800e-03,169260
6.558700e-03,169380
6.538700e-03,168800
6.548200e-03,169070
6.561200e-03,169450
6.553600e-03,169230
6.556400e-03,169310
6.562200e-03,169480
6.556300e-03,169310
6.552200e-03,169190
6.538000e-03,168780
6.550600e-03,169140
6.552400e-03,169190
6.564900e-03,169560
6.548400e-03,169080
6.550800e-03,169150
6.569300e-03,169690
6.551000e-03,169150
6.558300e-03,169370
6.550000e-03,169130
6.545800e-03,169000
6.554400e-03,169250
6.538400e-03,168790
6.544200e-03,168960
6.544000e-03,168950
6.539800e-03,168830
6.556500e-03,169310
6.560500e-03,169430
6.557800e-03,169350
6.547100e-03,169040
6.564100e-03,169530
6.552800e-03,169210
6.545400e-03,168990
6.576100e-03,169880
6.549100e-03,169100
6.546200e-03,169010
6.564500e-03,169550
6.546200e-03,169010
6.553300e-03,169220
6.535900e-03,168720
6.501300e-03,167710
6.393200e-03,164580
6.286300e-03,161470
6.134900e-03,157080
6.017200e-03,153660
5.883400e-03,149780
5.725200e-03,145190
5.565000e-03,140540
5.409600e-03,136030
5.260500e-03,131710
5.097300e-03,126970
4.923600e-03,121930
4.721700e-03,116070
4.511300e-03,109970
4.364100e-03,105700
4.189000e-03,100620
4.033700e-03,95592
3.869900e-03,91190
3.706800e-03,85144
3.536800e-03,79620
3.345100e-03,72581
3.105100e-03,6.435800e+04
2.914500e-03,58512
2.730400e-03,54135
2.600300e-03,49982
2.442700e-03,44250
2.276700e-03,38500
2.073800e-03,32384
1.814600e-03,24206
1.592000e-03,16635
1.369700e-03,8.984300e+03
1.213600e-03,4.693600e+03
1.108100e-03,1.922800e+03
9.437600e-04,-2.938100e+03
8.248400e-04,-8.030700e+03
5.996200e-04,-15474
3.609300e-04,-23885
1.434600e-04,-29957
-3.787500e-05,-34682
-2.105000e-04,-40620
-3.331200e-04,-45573
-5.486200e-04,-52062
-7.198900e-04,-57379
-9.179900e-04,-63673
-1.142100e-03,-70464
-1.371900e-03,-76047
-1.505900e-03,-80154
-1.708100e-03,-85149
-1.866400e-03,-90332
-2.083100e-03,-97652
-2.299900e-03,-102160
-2.479600e-03,-108790
-2.655400e-03,-112840
-2.852900e-03,-118900
-3.028100e-03,-125290
-3.229600e-03,-130160
-3.423800e-03,-135520
-3.636500e-03,-141100
-3.844300e-03,-147310
-4.013600e-03,-153130
-4.212800e-03,-157100
-4.405900e-03,-162890
-4.575900e-03,-168480
-4.806900e-03,-174820
-4.963600e-03,-179730
-5.174300e-03,-183330
-5.328700e-03,-188390
-5.506200e-03,-193360
-5.746100e-03,-199890
-5.901300e-03,-204380
-6.117300e-03,-208900
-6.309200e-03,-213930
-6.474800e-03,-219250
-6.690300e-03,-224940
-6.891300e-03,-229660
-7.083100e-03,-233370
-7.247900e-03,-237770
-7.441000e-03,-242240
-7.651100e-03,-246620
-7.857700e-03,-247630
-8.012900e-03,-249220
-8.219500e-03,-250490
-8.412700e-03,-253250
-8.616400e-03,-254200
-8.834200e-03,-256070
-9.028000e-03,-255020
-9.218600e-03,-256820
-9.445500e-03,-258800
-9.619500e-03,-2.579800e+05
-9.847600e-03,-257510
-1.003600e-02,-2.575800e+05
-1.023400e-02,-2.575400e+05
-1.045800e-02,-257870
-1.065700e-02,-256180
-1.087100e-02,-255370
-1.104300e-02,-253980
-1.127000e-02,-254310
-1.148000e-02,-254550
-1.166300e-02,-252420
-1.187500e-02,-250910
-1.208900e-02,-250780
-1.228600e-02,-250470
-1.248500e-02,-249720
-1.270700e-02,-247560
-1.289100e-02,-247030
-1.308900e-02,-247150
-1.330100e-02,-247550
-1.351100e-02,-248070
-1.368500e-02,-247850
-1.390700e-02,-247650
-1.406200e-02,-245860
-1.429500e-02,-245330
-1.452100e-02,-244810
-1.453100e-02,-244790
-1.454100e-02,-244760
-1.453500e-02,-244780
-1.453700e-02,-244770
-1.454700e-02,-244750
-1.453700e-02,-244770
-1.453700e-02,-244770
-1.454500e-02,-244760
-1.454300e-02,-244760
-1.454200e-02,-244760
-1.455000e-02,-244740
-1.454000e-02,-244770
-1.455600e-02,-244730
-1.454300e-02,-244760
-1.454300e-02,-244760
-1.456000e-02,-244720
-1.455400e-02,-244730
-1.454900e-02,-244750
-1.454700e-02,-244750
-1.454500e-02,-244760
-1.456100e-02,-244720
-1.454400e-02,-244760
-1.453600e-02,-244780
-1.453700e-02,-244770
-1.454500e-02,-244760
-1.453900e-02,-244770
-1.455500e-02,-244730
-1.454000e-02,-243710
-1.442000e-02,-239460
-1.430600e-02,-235420
-1.414000e-02,-229540
-1.402300e-02,-225390
-1.386200e-02,-219690
-1.373900e-02,-215330
-1.356700e-02,-209240
-1.338700e-02,-202860
-1.325400e-02,-198150
-1.308100e-02,-192020
-1.291500e-02,-186140
-1.273300e-02,-179690
-1.256100e-02,-173590
-1.240200e-02,-167960
-1.218200e-02,-160160
-1.200300e-02,-153820
-1.181300e-02,-147090
-1.164300e-02,-141070
-1.146600e-02,-134800
-1.132400e-02,-130070
-1.110700e-02,-121440
-1.091200e-02,-115550
-1.074700e-02,-111600
-1.058600e-02,-106720
-1.040000e-02,-101860
-1.021700e-02,-93779
-1.002600e-02,-90384
-9.841300e-03,-85037
-9.712500e-03,-81127
-9.512200e-03,-72762
-9.303200e-03,-67344
-9.182600e-03,-65021
-8.971400e-03,-59775
-8.799700e-03,-53583
-8.617600e-03,-47427
-8.414800e-03,-40419
-8.241900e-03,-37221
-8.054300e-03,-3.212400e+04
-7.868900e-03,-25361
-7.670400e-03,-18564
-7.493500e-03,-14708
-7.277900e-03,-9.240500e+03
-7.140800e-03,-5.116100e+03
-6.936200e-03,1.840900e+03
-6.695000e-03,8.264300e+03
-6.526200e-03,13109
-6.362400e-03,16388
-6.217900e-03,20143
-6.013100e-03,27052
-5.802700e-03,33288
-5.641600e-03,37577
-5.457100e-03,42265
-5.269800e-03,47170
-5.052700e-03,54855
-4.852100e-03,60185
-4.675500e-03,64044
-4.500600e-03,68343
-4.304600e-03,73305
-4.108000e-03,80437
-3.912100e-03,82849
-3.715900e-03,89161
-3.545600e-03,92372
-3.361200e-03,98868
-3.167900e-03,105150
-2.980300e-03,108050
-2.809100e-03,111770
-2.639700e-03,117070
-2.436000e-03,122730
-2.173700e-03,1.300800e+05
-1.971700e-03,132340
-1.797600e-03,136180
-1.626000e-03,141560
-1.470200e-03,147180
-1.261100e-03,150440
-1.064800e-03,155010
-8.482000e-04,158510
-5.928600e-04,165770
-4.184700e-04,169350
-2.789900e-04,170770
-1.697800e-04,172020
-8.408800e-07,175120
1.621800e-04,181410
4.436000e-04,187700
7.230100e-04,192940
9.338200e-04,194850
1.091200e-03,196120
1.284800e-03,201000
1.430800e-03,202280
1.559800e-03,205110
1.782200e-03,208670
2.006300e-03,212090
2.262400e-03,217460
2.487400e-03,219220
2.696000e-03,221250
2.819100e-03,221120
2.980400e-03,223360
3.199200e-03,227710
3.400900e-03,230330
3.617800e-03,232380
3.839200e-03,234910
4.055200e-03,236600
4.290000e-03,240460
4.467900e-03,239130
4.635400e-03,240420
4.805700e-03,242120
5.057800e-03,246680
5.284300e-03,247890
5.449000e-03,247160
5.649600e-03,246540
5.850300e-03,248280
6.054800e-03,249850
6.245500e-03,251170
6.423200e-03,249450
6.618700e-03,250280
6.833500e-03,252120
7.091700e-03,254520
7.301300e-03,253650
7.507900e-03,252000
7.694600e-03,249790
7.864400e-03,250900
8.081500e-03,251340
8.303200e-03,251090
8.515000e-03,249180
8.737700e-03,249030
8.962700e-03,251040
9.180100e-03,251900
9.366100e-03,251910
9.539200e-03,250900
9.738300e-03,250260
9.959800e-03,251680
1.020200e-02,252940
1.043900e-02,251370
1.061500e-02,249280
1.082700e-02,247230
1.105700e-02,249520
1.126400e-02,246710
1.149400e-02,249390
1.163000e-02,246720
1.185300e-02,248450
1.207900e-02,251060
1.227500e-02,250360
1.245300e-02,249480
1.265600e-02,247740
1.288200e-02,246570
1.308400e-02,246730
1.329700e-02,244490
1.348900e-02,244280
1.360200e-02,244150
1.360500e-02,244150
1.363300e-02,244120
1.364700e-02,244100
1.363300e-02,244120
1.365400e-02,243670
1.363600e-02,243180
1.366600e-02,243990
1.366000e-02,243830
1.364400e-02,243390
1.365000e-02,243560
1.363900e-02,243260
1.364200e-02,243340
1.364200e-02,243340
1.365700e-02,243750
1.366100e-02,243860
1.365100e-02,243580
1.365200e-02,243610
1.365000e-02,243560
1.365500e-02,243690
1.364700e-02,243480
1.365800e-02,243780
1.364100e-02,243310
1.365600e-02,243720
1.354300e-02,240650
1.343500e-02,237710
1.328400e-02,233600
1.313900e-02,229660
1.300100e-02,225900
1.288000e-02,222610
1.273500e-02,218670
1.257100e-02,214210
1.241900e-02,210070
1.225100e-02,205500
1.205600e-02,200200
1.193000e-02,196770
1.172000e-02,191060
1.156900e-02,186950
1.138700e-02,182000
1.118200e-02,176430
1.096400e-02,169660
1.076500e-02,165220
1.059500e-02,160780
1.042000e-02,155830
1.021900e-02,149860
1.005600e-02,144770
9.890000e-03,140510
9.702200e-03,135250
9.527600e-03,1.288600e+05
9.336900e-03,122210
9.141600e-03,116850
8.992200e-03,112920
8.821100e-03,107880
8.640000e-03,101790
8.411400e-03,94880
8.214600e-03,88961
7.991900e-03,83417
7.839900e-03,78854
7.640500e-03,72170
7.474800e-03,67947
7.285700e-03,62204
7.110700e-03,57725
6.929000e-03,51413
6.746300e-03,46312
6.542200e-03,39977
6.343400e-03,34596
6.158100e-03,30126
6.010100e-03,25710
5.808100e-03,17961
5.626700e-03,13116
5.418700e-03,5.983300e+03
5.219100e-03,9.294100e+02
4.990400e-03,-6097
4.761300e-03,-11967
4.618600e-03,-15440
4.438300e-03,-18897
4.290400e-03,-23534
4.060400e-03,-29841
3.883300e-03,-34960
3.645400e-03,-40756
3.414100e-03,-45983
3.245500e-03,-50790
3.029000e-03,-55997
2.882300e-03,-58934
2.756500e-03,-62042
2.560800e-03,-66879
2.353900e-03,-72916
2.060800e-03,-80392
1.779500e-03,-87357
1.615000e-03,-89815
1.457900e-03,-93082
1.325400e-03,-97640
1.165100e-03,-101210
9.761100e-04,-106680
7.531800e-04,-112130
5.038200e-04,-117410
3.169300e-04,-122240
1.341800e-04,-127480
-7.249500e-05,-1.304500e+05
-2.113300e-04,-133650
-3.859500e-04,-137270
-5.909800e-04,-143080
-8.229500e-04,-147970
-1.035400e-03,-153350
-1.229800e-03,-155660
-1.391400e-03,-160260
-1.605100e-03,-164890
-1.779300e-03,-167910
-1.953400e-03,-170710
-2.184500e-03,-174940
-2.379200e-03,-178600
-2.585900e-03,-183780
-2.761700e-03,-186040
-2.994900e-03,-189690
-3.134700e-03,-192080
-3.365200e-03,-197000
-3.589600e-03,-200930
-3.789300e-03,-202570
-3.980500e-03,-204540
-4.152700e-03,-207760
-4.370400e-03,-211000
-4.584300e-03,-213700
-4.764400e-03,-214610
-4.961100e-03,-215670
-5.147100e-03,-218170
-5.347600e-03,-221340
-5.542200e-03,-223870
-5.771100e-03,-224640
-5.937600e-03,-225130
-6.111200e-03,-225450
-6.334600e-03,-227720
-6.553700e-03,-227270
-6.727600e-03,-225950
-6.943500e-03,-225430
-7.148400e-03,-226920
-7.346200e-03,-224910
-7.570300e-03,-225320
-7.757200e-03,-222890
-7.952900e-03,-221110
-8.143500e-03,-221360
-8.381200e-03,-221190
-8.552900e-03,-221000
-8.725600e-03,-220400
-8.943300e-03,-221140
-9.165700e-03,-223810
-9.358500e-03,-222530
-9.584100e-03,-223630
-9.774500e-03,-222670
-9.996300e-03,-222960
-1.019200e-02,-222830
-1.040500e-02,-221210
-1.059400e-02,-220330
-1.080400e-02,-220000
-1.103200e-02,-220160
-1.118000e-02,-220990
-1.139900e-02,-221350
-1.160700e-02,-223820
-1.177900e-02,-222810
-1.200000e-02,-223860
-1.224100e-02,-223780
-1.239800e-02,-221940
-1.260900e-02,-220610
-1.279400e-02,-219410
-1.298600e-02,-220570
-1.321400e-02,-220540
-1.342100e-02,-219700
-1.360700e-02,-218640
-1.381100e-02,-219010
-1.403200e-02,-218160
-1.421700e-02,-217730
-1.440700e-02,-217290
-1.442200e-02,-217260
-1.443700e-02,-217220
-1.443500e-02,-217230
-1.443300e-02,-217230
-1.443300e-02,-217230
-1.443500e-02,-217230
-1.443800e-02,-217220
-1.443900e-02,-217220
-1.444200e-02,-217210
-1.443500e-02,-217230
-1.444100e-02,-217210
-1.444400e-02,-217210
-1.444100e-02,-217210
-1.444400e-02,-217210
-1.444500e-02,-217200
-1.444400e-02,-217210
-1.444500e-02,-217200
-1.443200e-02,-217230
-1.443700e-02,-217220
-1.444100e-02,-217210
-1.442600e-02,-217250
-1.443300e-02,-216410
-1.444900e-02,-216880
-1.444800e-02,-216850
-1.444000e-02,-216610
-1.444800e-02,-216850
-1.443000e-02,-216320
-1.445600e-02,-217080
-1.435100e-02,-214010
-1.424600e-02,-210940
-1.412100e-02,-207280
-1.401100e-02,-204060
-1.384100e-02,-199080
-1.369900e-02,-194930
-1.354400e-02,-190390
-1.340000e-02,-186180
-1.323500e-02,-181350
-1.304600e-02,-175810
-1.286000e-02,-170370
-1.273300e-02,-166650
-1.256500e-02,-161740
-1.237800e-02,-156260
-1.215900e-02,-149850
-1.198100e-02,-144640
-1.182800e-02,-140170
-1.166700e-02,-135450
-1.147100e-02,-1.280400e+05
-1.128400e-02,-123840
-1.110600e-02,-117390
-1.092900e-02,-114110
-1.076000e-02,-108510
-1.054800e-02,-101670
-1.037000e-02,-97597
-1.020300e-02,-94085
-1.005100e-02,-89626
-9.873000e-03,-84015
-9.634600e-03,-76857
-9.502200e-03,-74135
-9.304200e-03,-69071
-9.155000e-03,-6.471900e+04
-8.936700e-03,-56819
-8.739200e-03,-51725
-8.607200e-03,-48149
-8.395100e-03,-44221
-8.228400e-03,-37767
-8.019100e-03,-31123
-7.827500e-03,-26532
-7.658100e-03,-22425
-7.474000e-03,-17266
-7.277800e-03,-9.285100e+03
-7.057700e-03,-4.663600e+03
-6.892700e-03,1.532200e+03
-6.686100e-03,5.981200e+03
-6.518700e-03,10862
-6.350900e-03,15710
-6.136200e-03,21951
-5.959500e-03,26302
-5.749200e-03,29812
-5.616200e-03,34192
-5.393000e-03,41862
-5.230900e-03,44035
-5.023500e-03,50436
-4.820700e-03,54917
-4.633200e-03,60929
-4.427200e-03,66920
-4.233500e-03,70402
-4.067300e-03,74384
-3.867400e-03,79356
-3.680500e-03,84078
-3.478300e-03,90139
-3.291100e-03,92041
-3.093800e-03,97992
-2.943900e-03,100580
-2.750400e-03,107520
-2.529400e-03,113140
-2.340100e-03,116270
-2.122400e-03,119840
-1.930600e-03,126270
-1.719200e-03,131640
-1.600900e-03,133600
-1.419500e-03,137780
-1.220900e-03,141240
-1.009400e-03,147790
-7.217100e-04,156110
-5.228300e-04,158550
-3.674600e-04,161080
-2.557500e-04,163240
-1.029000e-04,167140
4.924600e-05,171660
2.891200e-04,176640
5.200300e-04,181470
7.791100e-04,185040
1.012700e-03,190360
1.184600e-03,191630
1.324700e-03,193110
1.457600e-03,196990
1.657500e-03,201060
1.887900e-03,206770
2.126000e-03,211080
2.340400e-03,213150
2.527500e-03,217090
2.696800e-03,218060
2.915800e-03,224190
3.040700e-03,224200
3.253700e-03,228170
3.468000e-03,229770
3.705100e-03,232100
3.965000e-03,234750
4.196100e-03,233870
4.373600e-03,234500
4.519500e-03,234380
4.701600e-03,235960
4.938700e-03,240460
5.127000e-03,239210
5.356600e-03,241470
5.527100e-03,240780
5.744800e-03,243250
5.982300e-03,243490
6.152200e-03,240580
6.330700e-03,238950
6.502800e-03,240580
6.732100e-03,241860
6.969000e-03,243190
7.175300e-03,240880
7.423500e-03,240750
7.598800e-03,241190
7.799900e-03,239670
7.983700e-03,239110
8.179600e-03,237740
8.413500e-03,237130
8.576600e-03,237440
8.888100e-03,239860
9.113600e-03,238890
9.260000e-03,237300
9.479000e-03,235950
9.673300e-03,236940
9.903100e-03,238240
1.012900e-02,239220
1.032600e-02,238030
1.050200e-02,237890
1.074100e-02,240920
1.098200e-02,240850
1.117700e-02,238470
1.133200e-02,238200
1.156100e-02,237380
1.176600e-02,237900
1.198300e-02,237350
1.220000e-02,237920
1.234000e-02,236360
1.258300e-02,236050
1.281000e-02,237700
1.302600e-02,235080
1.318500e-02,234740
1.337100e-02,234340
1.338100e-02,234310
1.339000e-02,234300
1.339800e-02,234280
1.338000e-02,234320
1.339800e-02,234280
1.339000e-02,234300
1.338600e-02,234300
1.339400e-02,234290
1.339800e-02,234280
1.339800e-02,234280
1.339400e-02,234290
1.339500e-02,234280
1.339600e-02,234280
1.339900e-02,234280
1.339300e-02,234290
1.338200e-02,234310
1.339000e-02,234300
1.338600e-02,234300
1.340100e-02,234270
1.339900e-02,234280
1.338200e-02,234310
1.338800e-02,234300
1.341100e-02,234250
1.339600e-02,234280
1.339000e-02,233630
1.339600e-02,233790
1.340400e-02,234010
1.339800e-02,233850
1.338800e-02,233580
1.340800e-02,234110
1.337800e-02,233310
1.338800e-02,233580
1.338200e-02,233420
1.336900e-02,233070
1.321900e-02,229060
1.309100e-02,225640
1.292700e-02,221260
1.278300e-02,217420
1.262000e-02,213060
1.245100e-02,208550
1.229500e-02,204380
1.208000e-02,198640
1.189700e-02,193750
1.169300e-02,188300
1.148600e-02,182770
1.130600e-02,177960
1.108100e-02,171950
1.083200e-02,165300
1.061400e-02,159480
1.043100e-02,154590
1.022500e-02,149090
1.001300e-02,143430
9.794800e-03,137600
9.592200e-03,132190
9.369000e-03,126970
9.172300e-03,120380
8.998500e-03,116260
8.789900e-03,109200
8.560700e-03,102180
8.330700e-03,96135
8.061300e-03,88680
7.882400e-03,83524
7.668800e-03,76430
7.446000e-03,71767
7.231900e-03,66313
7.011700e-03,58201
6.856900e-03,53416
6.623200e-03,47340
6.392400e-03,39440
6.197100e-03,35095
5.952900e-03,29056
5.733100e-03,22887
5.535300e-03,18013
5.264100e-03,9572
5.031000e-03,3.525100e+03
4.805200e-03,-3.100300e+03
4.583500e-03,-8.011300e+03
4.445800e-03,-12288
4.225300e-03,-18728
4.015100e-03,-23256
3.759100e-03,-29707
3.506500e-03,-37593
3.277700e-03,-42772
3.055100e-03,-48070
2.877600e-03,-51541
2.702000e-03,-55922
2.452600e-03,-63029
2.174800e-03,-70115
1.873000e-03,-76250
1.615300e-03,-81259
1.444400e-03,-84119
1.290900e-03,-88302
1.110900e-03,-92335
8.944000e-04,-97820
6.226100e-04,-106640
3.567800e-04,-111410
1.544100e-04,-116270
-4.459200e-05,-120640
-2.521000e-04,-124770
-4.848900e-04,-1.310100e+05
-7.381700e-04,-135570
-9.820700e-04,-140360
-1.211400e-03,-144880
-1.408900e-03,-148180
-1.620900e-03,-153640
-1.802600e-03,-156500
-2.046600e-03,-160790
-2.279200e-03,-166810
-2.519600e-03,-169830
-2.735000e-03,-174730
-2.960000e-03,-178680
-3.197000e-03,-181490
-3.437800e-03,-186950
-3.680300e-03,-190270
-3.884400e-03,-193340
-4.126700e-03,-196720
-4.327400e-03,-198920
-4.569600e-03,-203050
-4.780300e-03,-204410
-5.009700e-03,-206000
-5.246000e-03,-209590
-5.453200e-03,-209640
-5.700500e-03,-211860
-5.942900e-03,-213390
-6.149200e-03,-212400
-6.378600e-03,-214130
-6.620400e-03,-212610
-6.846000e-03,-212680
-7.058900e-03,-212250
-7.291400e-03,-212330
-7.517000e-03,-213860
-7.771000e-03,-213340
-7.988100e-03,-213020
-8.216300e-03,-214510
-8.435800e-03,-212710
-8.686100e-03,-213420
-8.918600e-03,-213410
-9.129100e-03,-211890
-9.373300e-03,-213460
-9.621100e-03,-213670
-9.826600e-03,-213650
-1.007100e-02,-213100
-1.031600e-02,-213210
-1.055100e-02,-213610
-1.079200e-02,-211730
-1.103300e-02,-210780
-1.124200e-02,-211130
-1.147100e-02,-209230
-1.172800e-02,-210480
-1.197300e-02,-211950
-1.215200e-02,-210910
-1.239200e-02,-212480
-1.263900e-02,-212400
-1.284200e-02,-210990
-1.308700e-02,-211710
-1.331600e-02,-210180
-1.354400e-02,-210920
-1.378500e-02,-209670
-1.402300e-02,-209040
-1.425000e-02,-208670
-1.449200e-02,-210170
-1.472800e-02,-211570
-1.495100e-02,-213390
-1.518300e-02,-212920
-1.539200e-02,-213470
-1.566100e-02,-213080
-1.587100e-02,-212760
-1.611900e-02,-215230
-1.635600e-02,-215350
-1.658800e-02,-216490
-1.682000e-02,-215670
-1.707200e-02,-214330
-1.728800e-02,-213590
-1.753300e-02,-211620
-1.776700e-02,-209540
-1.801500e-02,-209440
-1.825200e-02,-207290
-1.849200e-02,-207510
-1.872800e-02,-206320
-1.893300e-02,-206330
-1.917800e-02,-207070
-1.940800e-02,-205600
-1.962400e-02,-206100
-1.986200e-02,-205620
-2.008400e-02,-205020
-2.035200e-02,-206070
-2.056300e-02,-204120
-2.077400e-02,-203940
-2.102900e-02,-204610
-2.125900e-02,-202630
-2.151800e-02,-203340
-2.174100e-02,-202780
-2.198700e-02,-202520
-2.222400e-02,-202730
-2.244500e-02,-202030
-2.269500e-02,-202800
-2.292900e-02,-201250
-2.315600e-02,-200470
-2.341400e-02,-203290
-2.361100e-02,-201450
-2.382400e-02,-201020
-2.407800e-02,-202560
-2.430600e-02,-201370
-2.453200e-02,-201440
-2.475700e-02,-201990
-2.498600e-02,-200750
-2.525000e-02,-201170
-2.546900e-02,-198930
-2.571700e-02,-198680
-2.594600e-02,-197460
-2.614500e-02,-195670
-2.638500e-02,-196320
-2.660600e-02,-194830
-2.681800e-02,-194590
-2.704100e-02,-195810
-2.726700e-02,-193970
-2.751400e-02,-193760
-2.772300e-02,-193270
-2.799700e-02,-191650
-2.824300e-02,-191550
-2.847300e-02,-190160
-2.871700e-02,-190150
-2.898600e-02,-189550
-2.920200e-02,-188520
-2.946400e-02,-190060
-2.969300e-02,-187920
-2.991100e-02,-188120
-3.015500e-02,-187830
-3.025900e-02,-187710
-3.028200e-02,-187690
-3.030300e-02,-187660
-3.031300e-02,-187650
-3.031400e-02,-187650
-3.031700e-02,-187650
-3.033600e-02,-187630
-3.033500e-02,-187630
-3.032600e-02,-187640
-3.033600e-02,-187630
-3.033000e-02,-187630
-3.033900e-02,-187620
-3.034000e-02,-186890
-3.034200e-02,-186950
-3.034700e-02,-187120
-3.032700e-02,-186450
-3.032800e-02,-186480
-3.034000e-02,-186890
-3.033800e-02,-186820
-3.033000e-02,-186550
-3.033900e-02,-186850
-3.033900e-02,-186850
-3.033400e-02,-186680
-3.034900e-02,-187190
-3.033600e-02,-186750
-3.034400e-02,-187020
-3.027400e-02,-184650
-3.016300e-02,-180900
-3.002500e-02,-176220
-2.986400e-02,-170780
-2.975400e-02,-167050
-2.959100e-02,-161540
-2.942400e-02,-155880
-2.927700e-02,-150910
-2.902200e-02,-142280
-2.886600e-02,-137000
-2.868500e-02,-130870
-2.846900e-02,-123560
-2.826500e-02,-116660
-2.804100e-02,-109080
-2.781800e-02,-101530
-2.761500e-02,-94659
-2.741200e-02,-86809
-2.723200e-02,-84357
-2.700600e-02,-75796
-2.677200e-02,-70025
-2.662900e-02,-66973
-2.640100e-02,-60250
-2.618500e-02,-56307
-2.594700e-02,-48651
-2.578500e-02,-45970
-2.557000e-02,-40145
-2.535300e-02,-32855
-2.512200e-02,-29387
-2.489100e-02,-24042
-2.466100e-02,-17036
-2.449900e-02,-14818
-2.425200e-02,-8.024700e+03
-2.401400e-02,-2.433700e+03
-2.384000e-02,9.836600e+02
-2.358000e-02,7.689600e+03
-2.337100e-02,10009
-2.315200e-02,17393
-2.293300e-02,22315
-2.273300e-02,26795
-2.249100e-02,34148
-2.227300e-02,37031
-2.204000e-02,44191
-2.185800e-02,49856
-2.166800e-02,52008
-2.144300e-02,59266
-2.122400e-02,63555
-2.102800e-02,67595
-2.078400e-02,72954
-2.056700e-02,77305
-2.036900e-02,82963
-2.015300e-02,86894
-1.994000e-02,89737
-1.970100e-02,98208
-1.948400e-02,100820
-1.923800e-02,105460
-1.900500e-02,109440
-1.882400e-02,112260
-1.860400e-02,119920
-1.837500e-02,124130
-1.816500e-02,1.288300e+05
-1.793700e-02,133800
-1.774700e-02,135200
-1.751000e-02,143750
-1.727700e-02,146150
-1.705800e-02,149970
-1.680600e-02,155760
-1.658400e-02,158110
-1.634700e-02,163610
-1.609000e-02,166400
-1.591100e-02,169740
-1.565900e-02,175430
-1.541800e-02,177660
-1.522800e-02,180060
-1.496900e-02,184740
-1.475800e-02,185960
-1.453900e-02,190100
-1.432800e-02,191660
-1.409700e-02,194680
-1.383600e-02,200470
-1.361500e-02,202740
-1.339000e-02,205830
-1.315700e-02,209450
-1.299300e-02,210500
-1.276000e-02,212690
-1.252200e-02,215720
-1.231500e-02,217550
-1.207500e-02,221910
-1.186200e-02,221600
-1.165400e-02,223940
-1.140300e-02,226070
-1.121600e-02,226320
-1.091900e-02,230800
-1.069200e-02,230610
-1.049800e-02,232450
-1.021900e-02,233690
-1.003200e-02,231950
-9.784200e-03,235230
-9.552100e-03,236120
-9.324600e-03,235690
-9.082600e-03,238520
-8.850700e-03,236970
-8.619400e-03,238140
-8.384300e-03,237010
-8.165100e-03,235750
-7.898300e-03,237690
-7.683900e-03,236230
-7.445600e-03,235010
-7.201700e-03,234890
-6.960200e-03,232640
-6.757900e-03,232310
-6.523000e-03,233730
-6.334100e-03,231800
-6.074300e-03,235190
-5.844800e-03,234270
-5.640000e-03,235250
-5.350500e-03,236060
-5.144000e-03,233750
-4.891400e-03,235950
-4.645500e-03,235010
-4.442700e-03,234930
-4.176100e-03,235730
-3.964600e-03,232420
-3.756000e-03,232890
-3.509700e-03,232120
-3.305800e-03,231680
-3.128600e-03,231290
-3.108300e-03,231240
-3.110200e-03,231250
-3.110000e-03,231250
-3.121600e-03,231270
-3.111100e-03,231250
-3.109400e-03,231250
-3.121200e-03,231270
-3.113200e-03,231250
-3.109000e-03,231240
-3.113300e-03,231250
-3.107400e-03,231240
-3.096000e-03,231220
-3.107900e-03,231240
-3.111200e-03,231250
-3.111500e-03,231250
-3.098200e-03,231220
-3.109300e-03,231250
-3.104700e-03,231240
-3.100700e-03,231230
-3.108800e-03,231240
-3.096500e-03,231220
-3.063400e-03,231140
-3.099800e-03,230170
-3.099200e-03,230190
-3.097700e-03,230230
-3.083800e-03,230600
-3.088100e-03,230490
-3.084600e-03,230580
-3.104000e-03,230060
-3.090800e-03,230410
-3.089100e-03,230460
-3.089900e-03,230440
-3.090800e-03,230410
-3.100300e-03,230160
-3.099900e-03,230170
-3.094800e-03,230310
-3.192400e-03,227710
-3.330900e-03,224010
-3.518000e-03,219030
-3.666000e-03,215080
-3.815700e-03,211090
-3.976700e-03,206800
-4.167800e-03,201700
-4.356100e-03,196690
-4.571600e-03,190940
-4.750000e-03,186180
-4.957100e-03,180660
-5.156300e-03,175350
-5.391100e-03,169100
-5.604500e-03,163410
-5.806600e-03,158020
-5.988900e-03,153160
-6.197500e-03,148330
-6.412200e-03,142130
-6.627100e-03,136360
-6.848600e-03,131440
-7.083400e-03,124900
-7.261700e-03,120030
-7.484300e-03,114640
-7.700800e-03,109440
-7.896300e-03,104550
-8.115800e-03,97492
-8.340700e-03,92998
-8.550400e-03,88029
-8.779500e-03,81885
-8.948400e-03,78053
-9.176800e-03,72084
-9.390900e-03,66231
-9.593400e-03,61674
-9.831500e-03,55176
-1.003300e-02,50762
-1.027000e-02,44999
-1.050200e-02,40018
-1.070900e-02,35687
-1.090500e-02,30430
-1.111800e-02,25226
-1.132400e-02,20308
-1.154800e-02,14557
-1.173500e-02,10789
-1.193400e-02,5.108100e+03
-1.215400e-02,-1.056400e+03
-1.238400e-02,-5.012600e+03
-1.260000e-02,-11707
-1.278700e-02,-16455
-1.301800e-02,-21509
-1.323800e-02,-26946
-1.345100e-02,-31640
-1.365600e-02,-37540
-1.388500e-02,-41602
-1.409800e-02,-46185
-1.434000e-02,-52275
-1.454900e-02,-55509
-1.473000e-02,-60136
-1.500200e-02,-66662
-1.520700e-02,-70726
-1.543400e-02,-76418
-1.569300e-02,-80755
-1.587100e-02,-84263
-1.613800e-02,-89890
-1.634000e-02,-93574
-1.658400e-02,-99104
-1.681100e-02,-102400
-1.702800e-02,-106910
-1.727700e-02,-111930
-1.750100e-02,-114760
-1.768900e-02,-118800
-1.794800e-02,-123450
-1.815800e-02,-125710
-1.839000e-02,-130190
-1.863000e-02,-133830
-1.883400e-02,-136970
-1.906000e-02,-139680
-1.929000e-02,-142850
-1.950800e-02,-146640
-1.973300e-02,-148380
-1.997600e-02,-151420
-2.019900e-02,-154640
-2.042600e-02,-155690
-2.062900e-02,-157320
-2.088100e-02,-159970
-2.106800e-02,-159970
-2.132800e-02,-162880
-2.157000e-02,-163810
-2.178000e-02,-165100
-2.203000e-02,-166630
-2.225400e-02,-166910
-2.247000e-02,-168150
-2.273000e-02,-167540
-2.296100e-02,-167630
-2.323100e-02,-168010
-2.345400e-02,-166010
-2.367900e-02,-166510
-2.389400e-02,-168030
-2.411800e-02,-167510
-2.435400e-02,-169590
-2.460900e-02,-169400
-2.481100e-02,-168390
-2.506000e-02,-168670
-2.530100e-02,-167780
-2.552800e-02,-167440
-2.575600e-02,-166230
-2.598000e-02,-164760
-2.623200e-02,-165680
-2.644500e-02,-163590
-2.667500e-02,-162820
-2.689900e-02,-163590
-2.711100e-02,-161630
-2.733800e-02,-162610
-2.760500e-02,-162450
-2.783000e-02,-160830
-2.808200e-02,-161470
-2.832900e-02,-159620
-2.855000e-02,-160280
-2.881400e-02,-159210
-2.905200e-02,-158610
-2.928100e-02,-159360
-2.952600e-02,-157320
-2.977500e-02,-157130
-2.998600e-02,-156590
-3.006300e-02,-156390
-3.007000e-02,-156380
-3.007800e-02,-156360
-3.008600e-02,-156340
-3.009500e-02,-156310
-3.009400e-02,-156320
-3.008600e-02,-156340
-3.009700e-02,-156310
-3.009500e-02,-156310
-3.009900e-02,-156300
-3.010300e-02,-156290
-3.010000e-02,-156300
-3.010600e-02,-156280
-3.009100e-02,-156320
-3.010900e-02,-156280
-3.009900e-02,-156300
-3.009700e-02,-156310
-3.009300e-02,-156320
-3.008500e-02,-156340
-3.010400e-02,-156290
-3.010600e-02,-156280
-3.009800e-02,-156310
-3.009600e-02,-155510
-3.009900e-02,-155580
-3.010800e-02,-155810
-3.009500e-02,-155480
-3.002000e-02,-153600
-2.984200e-02,-149120
-2.972400e-02,-146160
-2.960200e-02,-143090
-2.945300e-02,-139350
-2.930400e-02,-135600
-2.912300e-02,-1.310500e+05
-2.892500e-02,-126080
-2.872700e-02,-121100
-2.851600e-02,-115800
-2.832300e-02,-110940
-2.809700e-02,-105260
-2.790900e-02,-100540
-2.767300e-02,-94608
-2.746900e-02,-89481
-2.730600e-02,-85384
-2.707400e-02,-79135
-2.685900e-02,-74320
-2.668500e-02,-69462
-2.646300e-02,-63983
-2.627900e-02,-59146
-2.603300e-02,-51312
-2.582700e-02,-48196
-2.561300e-02,-42930
-2.540600e-02,-35137
-2.521400e-02,-32272
-2.500500e-02,-25863
-2.477300e-02,-19403
-2.456300e-02,-16553
-2.431900e-02,-9.335200e+03
-2.409300e-02,-5.560900e+03
-2.393200e-02,3.960000e+01
-2.370200e-02,4.539500e+03
-2.350100e-02,8.234600e+03
-2.325600e-02,17110
-2.302500e-02,21219
-2.282200e-02,26204
-2.256000e-02,32476
-2.236100e-02,35269
-2.212700e-02,41927
-2.191600e-02,46292
-2.173200e-02,48982
-2.146600e-02,55896
-2.128100e-02,58467
-2.106400e-02,64932
-2.086200e-02,68796
-2.061600e-02,73326
-2.041100e-02,80500
-2.018600e-02,84397
-1.999300e-02,88389
-1.970800e-02,95686
-1.956700e-02,98469
-1.934200e-02,104470
-1.911100e-02,107910
-1.887900e-02,113350
-1.863800e-02,119860
-1.843500e-02,123010
-1.824900e-02,128250
-1.802500e-02,132730
-1.781500e-02,134980
-1.755600e-02,143620
-1.733600e-02,146010
-1.712300e-02,150900
-1.687000e-02,156300
-1.665300e-02,159320
-1.640600e-02,166000
-1.617000e-02,168480
-1.599600e-02,171620
-1.572500e-02,177840
-1.550300e-02,180280
-1.532400e-02,183450
-1.509000e-02,186990
-1.484900e-02,189690
-1.461900e-02,195600
-1.440600e-02,197610
-1.420000e-02,199580
-1.393800e-02,203700
-1.374100e-02,205500
-1.350200e-02,210150
-1.326500e-02,211010
-1.305000e-02,212790
-1.279200e-02,217220
-1.256900e-02,218050
-1.236900e-02,220690
-1.212500e-02,223440
-1.193300e-02,222040
-1.167800e-02,226410
-1.143100e-02,226330
-1.123400e-02,226590
-1.096300e-02,228490
-1.072400e-02,226960
-1.048100e-02,230060
-1.024800e-02,230610
-1.005900e-02,227490
-9.786300e-03,231720
-9.556200e-03,231420
-9.333800e-03,230190
-9.100900e-03,232070
-8.871500e-03,230300
-8.620400e-03,232030
-8.395800e-03,229040
-8.170300e-03,227910
-7.935400e-03,227870
-7.698600e-03,223470
-7.442600e-03,220290
-7.190200e-03,218740
-7.016600e-03,215120
-6.765800e-03,216310
-6.507500e-03,216950
-6.327000e-03,214140
-6.066000e-03,217350
-5.851000e-03,215350
-5.614100e-03,219110
-5.371400e-03,218590
-5.132800e-03,219230
-4.881000e-03,222170
-4.666900e-03,220990
-4.426400e-03,222920
-4.172500e-03,224030
-3.969400e-03,222570
-3.728300e-03,222700
-3.511800e-03,223200
-3.329900e-03,223620
-3.329800e-03,223620
-3.310900e-03,223660
-3.296700e-03,223700
-3.303600e-03,223680
-3.313900e-03,223660
-3.293000e-03,223710
-3.307100e-03,223670
-3.308500e-03,223670
-3.301600e-03,223690
-3.308500e-03,223670
-3.305500e-03,223680
-3.299700e-03,223690
-3.302100e-03,223690
-3.307600e-03,223670
-3.295300e-03,223700
-3.288800e-03,223720
-3.296400e-03,223700
-3.297200e-03,223700
-3.289900e-03,223710
-3.290800e-03,223710
-3.303300e-03,223680
-3.274600e-03,223750
-3.286300e-03,223250
-3.400400e-03,220270
-3.531900e-03,216830
-3.706500e-03,212270
-3.868000e-03,208050
-4.010000e-03,204340
-4.172800e-03,200090
-4.322500e-03,196180
-4.511100e-03,191250
-4.752500e-03,184950
-4.938800e-03,180080
-5.154900e-03,174440
-5.333900e-03,169760
-5.529600e-03,164650
-5.769400e-03,158380
-5.976700e-03,152970
-6.163400e-03,148090
-6.375900e-03,142540
-6.558000e-03,137490
-6.796500e-03,130850
-7.036400e-03,126010
-7.230400e-03,120760
-7.455900e-03,115470
-7.653300e-03,110410
-7.870100e-03,104290
-8.078700e-03,99917
-8.303700e-03,93826
-8.537800e-03,88186
-8.724700e-03,84071
-8.935100e-03,78433
-9.129700e-03,73318
-9.356600e-03,69152
-9.572200e-03,64096
-9.805700e-03,58625
-1.003400e-02,52750
-1.024500e-02,48664
-1.046100e-02,43831
-1.069400e-02,37802
-1.086900e-02,34145
-1.109000e-02,29116
-1.130300e-02,24017
-1.149800e-02,19862
-1.172700e-02,14470
-1.193500e-02,9543
-1.214800e-02,5.368800e+03
-1.238300e-02,-6.864500e+02
-1.256600e-02,-4.509200e+03
-1.280200e-02,-10875
-1.301200e-02,-15505
-1.323700e-02,-20025
-1.342800e-02,-25897
-1.363000e-02,-29674
-1.388000e-02,-35309
-1.410700e-02,-40334
-1.431700e-02,-44074
-1.454700e-02,-49855
-1.475000e-02,-54125
-1.498300e-02,-58466
-1.521800e-02,-63157
-1.545300e-02,-66868
-1.568600e-02,-71889
-1.591400e-02,-75240
-1.615100e-02,-79262
-1.635900e-02,-83432
-1.659800e-02,-88183
-1.680500e-02,-92303
-1.701700e-02,-98023
-1.725100e-02,-101410
-1.747500e-02,-106770
-1.770900e-02,-109220
-1.793600e-02,-113830
-1.818000e-02,-118490
-1.841200e-02,-120500
-1.864100e-02,-124830
-1.885200e-02,-127950
-1.904700e-02,-1.310400e+05
-1.930000e-02,-135700
-1.949900e-02,-137570
-1.973300e-02,-141160
-1.996100e-02,-143910
-2.018100e-02,-145010
-2.043300e-02,-148420
-2.066000e-02,-149710
-2.084500e-02,-151620
-2.108600e-02,-154040
-2.132800e-02,-154880
-2.156100e-02,-155870
-2.180200e-02,-155640
-2.202200e-02,-155000
-2.229900e-02,-156870
-2.250300e-02,-156190
-2.273300e-02,-156720
-2.299000e-02,-157280
-2.320400e-02,-156490
-2.345200e-02,-157310
-2.372200e-02,-156430
-2.388800e-02,-155290
-2.414700e-02,-156590
-2.437200e-02,-156130
-2.460500e-02,-157380
-2.486700e-02,-157340
-2.508800e-02,-157180
-2.532200e-02,-158140
-2.557000e-02,-156460
-2.581400e-02,-156770
-2.604200e-02,-156540
-2.625900e-02,-154990
-2.651600e-02,-156300
-2.671400e-02,-155540
-2.690600e-02,-153230
-2.714600e-02,-154530
-2.740300e-02,-153570
-2.760400e-02,-152710
-2.784600e-02,-151890
-2.810300e-02,-151770
-2.835700e-02,-151630
-2.859700e-02,-149400
-2.880800e-02,-148860
-2.909000e-02,-149440
-2.930900e-02,-147010
-2.953700e-02,-147060
-2.982800e-02,-145990
-2.996300e-02,-145490
-2.997600e-02,-145450
-2.999200e-02,-145390
-2.999800e-02,-145360
-3.000200e-02,-145350
-2.999700e-02,-145370
-3.001500e-02,-145300
-3.001600e-02,-145300
-3.002200e-02,-145280
-3.000700e-02,-145330
-3.001200e-02,-145310
-3.000900e-02,-145320
-3.001700e-02,-145290
-3.001400e-02,-145310
-3.000600e-02,-145340
-3.001100e-02,-145320
-3.001600e-02,-145300
-3.001300e-02,-145310
-3.000000e-02,-145360
-3.001200e-02,-145310
-3.002300e-02,-145270
-3.000600e-02,-145340
-3.001300e-02,-145310
-3.001100e-02,-145320
-3.002000e-02,-145280
-3.001600e-02,-145300
-3.001500e-02,-145300
-3.001100e-02,-145320
-3.001300e-02,-145310
-3.001500e-02,-145300
-3.001400e-02,-145310
-3.001700e-02,-144790
-3.000900e-02,-144570
-3.001500e-02,-144730
-2.990800e-02,-141750
-2.978000e-02,-138170
-2.963300e-02,-134070
-2.949500e-02,-1.302100e+05
-2.934000e-02,-125880
-2.919000e-02,-121690
-2.903200e-02,-117280
-2.879600e-02,-110690
-2.861500e-02,-105640
-2.840900e-02,-99883
-2.818500e-02,-93628
-2.801300e-02,-88825
-2.779100e-02,-82625
-2.759200e-02,-77067
-2.742800e-02,-72488
-2.718200e-02,-64661
-2.697700e-02,-61432
-2.676300e-02,-54582
-2.656400e-02,-51981
-2.634800e-02,-46561
-2.610600e-02,-39299
-2.592400e-02,-36480
-2.571500e-02,-31857
-2.546800e-02,-25716
-2.526000e-02,-22301
-2.501000e-02,-15207
-2.483000e-02,-10775
-2.464400e-02,-6.919900e+03
-2.440700e-02,-1.156500e+03
-2.419600e-02,1.370600e+03
-2.397600e-02,9.886600e+03
-2.378800e-02,13349
-2.359000e-02,17364
-2.333800e-02,25700
-2.312000e-02,29290
-2.290000e-02,36299
-2.267100e-02,41669
-2.249200e-02,44554
-2.224300e-02,51426
-2.204600e-02,56063
-2.185400e-02,58109
-2.160700e-02,64950
-2.141300e-02,67207
-2.118700e-02,76677
-2.100100e-02,79923
-2.078600e-02,83821
-2.053400e-02,90963
-2.030400e-02,93233
-2.007800e-02,96962
-1.983900e-02,102400
-1.961300e-02,104990
-1.937000e-02,111770
-1.918800e-02,113670
-1.895700e-02,119290
-1.871900e-02,124980
-1.851100e-02,126740
-1.827900e-02,133470
-1.807100e-02,136850
-1.787800e-02,139710
-1.761800e-02,147100
-1.738300e-02,150140
-1.716700e-02,155670
-1.692000e-02,159880
-1.672400e-02,163040
-1.644700e-02,169460
-1.625200e-02,170950
-1.607000e-02,174920
-1.579300e-02,179910
-1.556700e-02,182250
-1.536600e-02,186170
-1.512800e-02,188570
-1.487900e-02,190830
-1.462800e-02,196380
-1.441700e-02,196350
-1.420700e-02,198690
-1.399200e-02,201810
-1.379700e-02,202760
-1.350200e-02,207950
-1.330000e-02,207470
-1.309800e-02,209780
-1.281800e-02,213840
-1.262000e-02,212660
-1.240200e-02,216020
-1.218400e-02,214560
-1.197400e-02,213760
-1.171700e-02,216880
-1.148800e-02,214560
-1.125900e-02,216050
-1.095900e-02,217400
-1.077300e-02,215390
-1.049100e-02,219310
-1.022400e-02,219970
-1.009100e-02,217250
-9.805300e-03,222290
-9.582300e-03,221000
-9.353500e-03,221620
-9.100400e-03,222700
-8.889200e-03,221340
-8.625400e-03,223450
-8.406900e-03,220550
-8.190100e-03,219630
-7.933300e-03,220610
-7.708100e-03,220640
-7.462100e-03,221770
-7.227200e-03,222470
-7.008700e-03,220960
-6.772500e-03,224300
-6.532000e-03,224470
-6.319300e-03,223510
-6.087400e-03,223930
-5.874800e-03,221790
-5.608500e-03,224450
-5.397700e-03,221990
-5.138800e-03,221630
-4.881800e-03,223110
-4.680000e-03,220370
-4.435700e-03,221310
-4.196600e-03,220260
-3.999600e-03,216830
-3.734100e-03,219140
-3.479600e-03,217230
-3.307700e-03,214570
-3.052100e-03,214510
-2.768400e-03,214170
-2.537400e-03,215740
-2.289100e-03,212730
-2.066300e-03,211610
-1.840500e-03,211830
-1.618800e-03,211570
-1.389700e-03,211700
-1.081700e-03,214850
-8.079800e-04,212900
-5.674200e-04,212800
-4.233900e-04,210310
-2.696800e-04,209870
-7.625900e-05,212900
2.290700e-04,213930
5.021300e-04,215760
8.470200e-04,216640
1.043800e-03,214890
1.248800e-03,215940
1.419200e-03,214550
1.637000e-03,214690
1.908100e-03,215640
2.201400e-03,213630
2.455300e-03,212870
2.699400e-03,212230
2.884100e-03,209520
3.122700e-03,211030
3.344200e-03,210220
3.578900e-03,211290
3.871100e-03,210980
4.148500e-03,208820
4.384100e-03,207930
4.618000e-03,203660
4.825500e-03,201300
5.083400e-03,203360
5.328700e-03,202170
5.545000e-03,200790
5.828300e-03,204130
6.033000e-03,202250
6.279800e-03,203770
6.493900e-03,203250
6.693900e-03,202190
6.964900e-03,203420
7.198800e-03,202450
7.499900e-03,203800
7.742900e-03,202650
7.977500e-03,201410
8.212200e-03,202730
8.430200e-03,201370
8.692100e-03,203530
8.941700e-03,205000
9.170700e-03,202160
9.428800e-03,203710
9.663100e-03,202180
9.853900e-03,201510
1.012700e-02,203300
1.036800e-02,202930
1.061400e-02,203320
1.090000e-02,202160
1.108900e-02,199460
1.137000e-02,200530
1.159700e-02,198720
1.183900e-02,197550
1.206400e-02,199620
1.229600e-02,197590
1.252100e-02,199090
1.277400e-02,198720
1.287400e-02,198570
1.285700e-02,198600
1.287900e-02,198560
1.287000e-02,198580
1.289700e-02,198540
1.288300e-02,198560
1.288300e-02,198560
1.288600e-02,198550
1.287800e-02,198570
1.287200e-02,198570
1.289300e-02,198540
1.288700e-02,198550
1.288400e-02,198560
1.290500e-02,198530
1.287500e-02,198570
1.289300e-02,198540
1.289400e-02,198540
1.289000e-02,198550
1.287400e-02,198570
1.288700e-02,198550
1.289400e-02,198540
1.287700e-02,198570
1.287600e-02,198570
1.289200e-02,198540
1.289200e-02,198540
1.289000e-02,198550
1.288500e-02,198560
1.288700e-02,198550
1.289400e-02,198540
1.289700e-02,198540
1.288400e-02,198560
1.289200e-02,198540
1.279200e-02,195550
1.264900e-02,191940
1.249100e-02,187960
1.234200e-02,184210
1.216900e-02,179850
1.201800e-02,176050
1.185300e-02,171890
1.165500e-02,166900
1.147400e-02,162340
1.126300e-02,157020
1.103800e-02,151360
1.081200e-02,145660
1.060800e-02,140520
1.045200e-02,136590
1.023500e-02,131120
1.003800e-02,125830
9.803400e-03,120530
9.563300e-03,114860
9.347300e-03,111670
9.130300e-03,106590
8.986100e-03,102490
8.743000e-03,96633
8.495900e-03,91216
8.230000e-03,85834
8.009200e-03,80314
7.803200e-03,76466
7.578400e-03,70852
7.361000e-03,65813
7.149000e-03,62211
6.911000e-03,56438
6.704200e-03,50949
6.484300e-03,47522
6.271300e-03,42663
6.051600e-03,39017
5.843900e-03,33857
5.619800e-03,30117
5.373500e-03,24676
5.115500e-03,18207
4.875000e-03,14673
4.648900e-03,10012
4.463100e-03,6.394200e+03
4.286000e-03,2.863100e+03
4.049700e-03,-2.945100e+03
3.808600e-03,-8.112200e+03
3.555900e-03,-12940
3.285400e-03,-18508
3.076800e-03,-20840
2.883400e-03,-25051
2.712200e-03,-27714
2.521900e-03,-31989
2.224900e-03,-39035
1.915200e-03,-44208
1.595500e-03,-49248
1.446100e-03,-51266
1.283700e-03,-53717
1.094300e-03,-57202
8.763700e-04,-62373
6.365900e-04,-66628
3.095600e-04,-72179
7.542900e-05,-74433
-9.805300e-05,-78485
-3.104300e-04,-81065
-5.120500e-04,-84193
-7.736000e-04,-90221
-1.027300e-03,-93149
-1.253000e-03,-96651
-1.489500e-03,-100200
-1.688800e-03,-102570
-1.905600e-03,-106910
-2.112600e-03,-108660
-2.331200e-03,-111910
-2.558300e-03,-116020
-2.792200e-03,-117880
-3.033300e-03,-122140
-3.284400e-03,-124400
-3.495000e-03,-126600
-3.756100e-03,-130590
-3.984000e-03,-131830
-4.214600e-03,-134250
-4.453100e-03,-136570
-4.672300e-03,-137360
-4.935000e-03,-140160
-5.119100e-03,-142040
-5.338600e-03,-142660
-5.563400e-03,-145520
-5.812000e-03,-147930
-6.045300e-03,-149700
-6.281600e-03,-151570
-6.518200e-03,-153030
-6.758300e-03,-155330
-6.986100e-03,-154600
-7.218500e-03,-154590
-7.454400e-03,-154960
-7.684500e-03,-153950
-7.950300e-03,-154990
-8.166100e-03,-153350
-8.347700e-03,-152220
-8.597200e-03,-153150
-8.822600e-03,-152870
-9.040600e-03,-153880
-9.305800e-03,-154850
-9.515000e-03,-153800
-9.794200e-03,-154680
-1.001300e-02,-152580
-1.025100e-02,-151830
-1.048600e-02,-151820
-1.073900e-02,-149310
-1.097800e-02,-150080
-1.124100e-02,-148380
-1.143500e-02,-146540
-1.170400e-02,-147820
-1.194200e-02,-147660
-1.215500e-02,-146410
-1.240500e-02,-146700
-1.263400e-02,-145370
-1.289100e-02,-145590
-1.313700e-02,-143420
-1.336400e-02,-142010
-1.360000e-02,-141330
-1.363000e-02,-141240
-1.363900e-02,-141220
-1.363700e-02,-141220
-1.363600e-02,-141230
-1.363800e-02,-141220
-1.364900e-02,-141190
-1.365600e-02,-141170
-1.364300e-02,-141210
-1.364500e-02,-141200
-1.366700e-02,-141140
-1.365200e-02,-140660
-1.365800e-02,-140850
-1.365300e-02,-140690
-1.365300e-02,-140690
-1.364700e-02,-140500
-1.366500e-02,-141070
-1.365800e-02,-140850
-1.365900e-02,-140880
-1.364900e-02,-140570
-1.366300e-02,-141010
-1.366300e-02,-141010
-1.366600e-02,-141110
-1.366100e-02,-140950
-1.363200e-02,-140030
-1.350000e-02,-135830
-1.333700e-02,-130650
-1.319300e-02,-126070
-1.301400e-02,-120390
-1.286500e-02,-115650
-1.270100e-02,-110440
-1.248900e-02,-103700
-1.232200e-02,-98396
-1.214000e-02,-92613
-1.194700e-02,-86479
-1.178000e-02,-80912
-1.156100e-02,-74266
-1.134800e-02,-69889
-1.115300e-02,-62919
-1.093100e-02,-59241
-1.072800e-02,-55382
-1.047700e-02,-47169
-1.026300e-02,-43945
-1.007200e-02,-39627
-9.808500e-03,-35025
-9.626900e-03,-30446
-9.381300e-03,-24259
-9.161100e-03,-21058
-8.995500e-03,-16352
-8.746000e-03,-10981
-8.553100e-03,-8.422300e+03
-8.331500e-03,-1.028200e+03
-8.100200e-03,3.044500e+03
-7.904300e-03,6.969500e+03
-7.657000e-03,12919
-7.464600e-03,16296
-7.210300e-03,23084
-6.989300e-03,27544
-6.780400e-03,31177
-6.547900e-03,34633
-6.344400e-03,39635
-6.147700e-03,43397
-5.924500e-03,46430
-5.700500e-03,50396
-5.457200e-03,57768
-5.242800e-03,60656
-5.053600e-03,6.451700e+04
-4.781300e-03,69925
-4.561900e-03,74242
-4.351000e-03,79559
-4.110800e-03,83273
-3.892500e-03,87619
-3.641500e-03,93811
-3.433800e-03,95539
-3.245800e-03,99900
-3.014100e-03,104520
-2.796000e-03,107050
-2.548300e-03,113640
-2.328100e-03,116670
-2.071500e-03,120850
-1.831300e-03,125990
-1.640400e-03,126960
-1.439700e-03,133030
-1.240700e-03,135910
-1.008700e-03,138950
-6.552300e-04,147160
-4.104500e-04,148370
-2.714100e-04,149900
-1.137500e-04,151640
4.813400e-05,153650
2.964700e-04,161060
6.106800e-04,164820
9.242900e-04,168630
1.157200e-03,172510
1.348800e-03,172130
1.519400e-03,175600
1.752300e-03,178840
1.985700e-03,181230
2.249400e-03,186200
2.521400e-03,186720
2.713200e-03,188150
2.967800e-03,190620
3.159400e-03,188150
3.379000e-03,191240
3.648200e-03,191580
3.871800e-03,190600
4.199400e-03,192670
4.421400e-03,189880
4.657800e-03,191580
4.883400e-03,190970
5.027300e-03,188410
5.372700e-03,191730
5.614000e-03,189180
5.821100e-03,187780
6.089900e-03,188610
6.309200e-03,186540
6.500900e-03,185790
6.742500e-03,184940
6.975500e-03,184590
7.257600e-03,187740
7.519700e-03,186580
7.794000e-03,187110
8.026800e-03,186940
8.210200e-03,185060
8.454800e-03,187580
8.711600e-03,186710
8.939400e-03,186700
9.209700e-03,189670
9.445100e-03,187980
9.660500e-03,188810
9.876000e-03,187540
1.011400e-02,186190
1.037100e-02,188730
1.064700e-02,187500
1.091100e-02,186510
1.116900e-02,185840
1.137000e-02,183410
1.164900e-02,184320
1.189300e-02,183910
1.209300e-02,180350
1.233100e-02,180760
1.256700e-02,179640
1.259000e-02,179540
1.259400e-02,179520
1.258300e-02,179570
1.260900e-02,179450
1.260900e-02,179450
1.260800e-02,179450
1.262400e-02,179370
1.261300e-02,179430
1.262100e-02,179390
1.262700e-02,179360
1.261200e-02,179430
1.261000e-02,179440
1.261300e-02,179430
1.263000e-02,179350
1.261800e-02,179400
1.262400e-02,179370
1.262100e-02,179390
1.262600e-02,179360
1.262000e-02,179390
1.263700e-02,179310
1.261800e-02,179400
1.264700e-02,179270
1.263200e-02,178900
1.258600e-02,177780
1.239800e-02,173190
1.229300e-02,170620
1.211800e-02,166350
1.196500e-02,162620
1.181400e-02,158930
1.164900e-02,154900
1.144800e-02,149990
1.126400e-02,145500
1.103000e-02,139790
1.083000e-02,134910
1.066000e-02,1.307600e+05
1.045400e-02,125730
1.027900e-02,121460
1.003800e-02,114460
9.820100e-03,110570
9.579300e-03,106000
9.382500e-03,101020
9.191900e-03,98107
8.969200e-03,92933
8.749500e-03,87417
8.514000e-03,83126
8.227300e-03,77048
8.021000e-03,72942
7.792100e-03,68131
7.589400e-03,6.440600e+04
7.380700e-03,60336
7.158900e-03,54865
6.934900e-03,51199
6.699300e-03,45916
6.463900e-03,39614
6.240800e-03,36300
6.045900e-03,3.226400e+04
5.840500e-03,26913
5.616500e-03,23153
5.351800e-03,17000
5.105300e-03,12125
4.874400e-03,7.548300e+03
4.638700e-03,3.885400e+03
4.472000e-03,8.541600e+02
4.274800e-03,-4.559900e+03
4.040100e-03,-8.059900e+03
3.816400e-03,-12631
3.541500e-03,-19275
3.270100e-03,-22817
3.064500e-03,-26880
2.898500e-03,-29630
2.711500e-03,-3.219900e+04
2.464100e-03,-38192
2.168900e-03,-43984
1.874900e-03,-48134
1.625000e-03,-52304
1.430200e-03,-54368
1.290500e-03,-57565
1.087900e-03,-60636
8.551200e-04,-64851
5.802500e-04,-71895
3.033400e-04,-75129
8.779700e-05,-78278
-1.466300e-04,-82142
-3.162900e-04,-84422
-5.329100e-04,-89260
-7.990400e-04,-93127
-1.058500e-03,-96125
-1.295400e-03,-100020
-1.503000e-03,-101980
-1.717100e-03,-106540
-1.926600e-03,-108650
-2.134200e-03,-111020
-2.369000e-03,-115650
-2.607400e-03,-117590
-2.833400e-03,-120530
-3.070500e-03,-123310
-3.294400e-03,-124220
-3.559100e-03,-128370
-3.800100e-03,-1.299900e+05
-4.006100e-03,-130310
-4.251500e-03,-131900
-4.482800e-03,-132480
-4.731000e-03,-134780
-4.969700e-03,-134210
-5.176600e-03,-133500
-5.412400e-03,-135560
-5.647300e-03,-134820
-5.879100e-03,-136160
-6.103000e-03,-137940
-6.352600e-03,-137490
-6.601300e-03,-139550
-6.834500e-03,-137880
-7.073000e-03,-136420
-7.310900e-03,-134590
-7.556400e-03,-131880
-7.793300e-03,-1.306400e+05
-8.005000e-03,-1.283600e+05
-8.268600e-03,-126150
-8.501400e-03,-126290
-8.738600e-03,-124050
-8.980700e-03,-123970
-9.226800e-03,-124360
-9.426900e-03,-123140
-9.686700e-03,-125620
-9.926400e-03,-125560
-1.014100e-02,-125470
-1.038900e-02,-125380
-1.062900e-02,-125690
-1.086300e-02,-125830
-1.109900e-02,-124800
-1.134900e-02,-123590
-1.156900e-02,-123630
-1.179200e-02,-121880
-1.205900e-02,-122520
-1.228900e-02,-123710
-1.248700e-02,-122420
-1.274100e-02,-123200
-1.298900e-02,-122530
-1.320100e-02,-121760
-1.345800e-02,-121620
-1.347700e-02,-121610
-1.348300e-02,-121610
-1.348300e-02,-121610
-1.350300e-02,-121600
-1.350000e-02,-121600
-1.350700e-02,-121590
-1.348500e-02,-121610
-1.351100e-02,-121590
-1.351200e-02,-121590
-1.349400e-02,-121600
-1.350400e-02,-121600
-1.351300e-02,-121590
-1.351600e-02,-121590
-1.352100e-02,-121590
-1.350800e-02,-121590
-1.352000e-02,-121590
-1.351900e-02,-121590
-1.351200e-02,-121590
-1.350800e-02,-121590
-1.353300e-02,-121580
-1.351700e-02,-121590
-1.352200e-02,-121590
-1.351100e-02,-121590
-1.351500e-02,-121590
-1.351000e-02,-121590
-1.352300e-02,-121590
-1.351900e-02,-121590
-1.351700e-02,-121590
-1.352900e-02,-121580
-1.352300e-02,-121590
-1.353200e-02,-121580
-1.352200e-02,-121590
-1.351500e-02,-121590
-1.352100e-02,-121590
-1.352500e-02,-121580
-1.352200e-02,-121590
-1.353300e-02,-121580
-1.351600e-02,-121590
-1.352600e-02,-121580
-1.352300e-02,-121590
-1.352400e-02,-121590
-1.353500e-02,-121580
-1.351900e-02,-121590
-1.353300e-02,-121580
-1.353400e-02,-121140
-1.352500e-02,-120920
-1.351700e-02,-120730
-1.351900e-02,-120780
-1.353900e-02,-121260
-1.352400e-02,-120900
-1.352100e-02,-120830
-1.352100e-02,-120830
-1.352300e-02,-120870
-1.352000e-02,-120800
-1.355000e-02,-121520
-1.351800e-02,-120750
-1.353600e-02,-121190
-1.352200e-02,-120850
-1.352900e-02,-121020
-1.352700e-02,-120970
-1.353400e-02,-121140
-1.352500e-02,-120920
-1.352000e-02,-120800
-1.353000e-02,-121040
-1.353900e-02,-121260
-1.352700e-02,-120970
-1.353400e-02,-121140
-1.353400e-02,-121140
-1.352600e-02,-120950
-1.352900e-02,-121020
-1.352400e-02,-120900
-1.353100e-02,-121070
-1.352700e-02,-120970
-1.353000e-02,-121040
-1.353100e-02,-121070
-1.352900e-02,-121020
-1.353300e-02,-121110
-1.352600e-02,-120950
-1.352800e-02,-120990
-1.353200e-02,-121090
-1.352100e-02,-120830
-1.351800e-02,-120750
-1.352100e-02,-120830
-1.351900e-02,-120780
-1.351100e-02,-120590
-1.352700e-02,-120970
-1.352300e-02,-120870
-1.352800e-02,-120990
-1.353600e-02,-121190
-1.354000e-02,-121280
-1.352700e-02,-120970
-1.351700e-02,-120730
-1.353300e-02,-121110
-1.352200e-02,-120850
-1.352100e-02,-120830
-1.352900e-02,-121020
-1.354100e-02,-121310
-1.352300e-02,-120870
-1.352600e-02,-120950
-1.353200e-02,-121090
-1.352500e-02,-120920
-1.353800e-02,-121230
-1.352900e-02,-121020
-1.352700e-02,-120970
-1.352800e-02,-120990
-1.352900e-02,-121020
-1.351000e-02,-120560
-1.352300e-02,-120870
-1.353100e-02,-121070
-1.353200e-02,-121090
-1.352200e-02,-120850
-1.352900e-02,-121020
-1.352300e-02,-120870
-1.352500e-02,-120920
-1.351900e-02,-120780
-1.353700e-02,-121210
-1.354100e-02,-121310
-1.352300e-02,-120870
-1.352000e-02,-120800
-1.352500e-02,-120920
-1.353600e-02,-121190
-1.353300e-02,-121110
-1.352000e-02,-120800
-1.353600e-02,-121190
-1.353800e-02,-121230
-1.353200e-02,-121090
-1.352600e-02,-120950
-1.352400e-02,-120900
-1.352700e-02,-120970
-1.351700e-02,-120730
-1.352000e-02,-120800
-1.352600e-02,-120950
-1.353100e-02,-121070
-1.354200e-02,-121330
-1.353000e-02,-121040
-1.352500e-02,-120920
-1.353400e-02,-121140
-1.351200e-02,-120610
-1.351200e-02,-120610
-1.352800e-02,-120990
-1.353000e-02,-121040
-1.352100e-02,-120830
-1.352500e-02,-120920
-1.353000e-02,-121040
-1.353800e-02,-121230
-1.352300e-02,-120870
-1.354100e-02,-121310
-1.348900e-02,-120060
-1.332800e-02,-116200
-1.317100e-02,-112430
-1.305400e-02,-109620
-1.286000e-02,-104970
-1.271800e-02,-101560
-1.252900e-02,-97024
-1.237000e-02,-93209
-1.220000e-02,-89129
-1.199400e-02,-84187
-1.183100e-02,-80275
-1.160500e-02,-74853
-1.139800e-02,-69886
-1.120900e-02,-65351
-1.097400e-02,-59712
-1.077800e-02,-55009
-1.051900e-02,-48795
-1.031800e-02,-44531
-1.011100e-02,-40664
-9.848700e-03,-33925
-9.667500e-03,-31341
-9.446400e-03,-25206
-9.217700e-03,-20988
-9.032200e-03,-18754
-8.779100e-03,-11942
-8.578500e-03,-9.865800e+03
-8.373400e-03,-4.322100e+03
-8.148400e-03,-7.953400e+02
-7.950000e-03,2.659100e+03
-7.693500e-03,10803
-7.497700e-03,13523
-7.301700e-03,17951
-7.062300e-03,23258
-6.848200e-03,25946
-6.587500e-03,3.241900e+04
-6.377700e-03,35745
-6.212600e-03,38668
-5.955400e-03,44152
-5.745300e-03,46640
-5.527200e-03,52577
-5.298000e-03,55064
-5.066900e-03,58590
-4.805700e-03,65643
-4.598100e-03,68571
-4.395100e-03,72220
-4.149000e-03,77475
-3.936800e-03,80363
-3.694800e-03,85378
-3.461900e-03,89594
-3.249300e-03,92042
-3.032800e-03,97009
-2.850500e-03,98671
-2.622000e-03,104040
-2.370600e-03,107870
-2.111400e-03,111140
-1.852200e-03,116800
-1.632100e-03,118240
-1.467300e-03,121430
-1.227600e-03,125830
-9.763800e-04,1.294200e+05
-7.249400e-04,134800
-4.404400e-04,137090
-2.525300e-04,138160
-1.266300e-04,139800
6.628300e-05,142920
2.748300e-04,147140
5.840900e-04,152210
9.004400e-04,154310
1.200500e-03,158010
1.377200e-03,157750
1.516900e-03,158600
1.741300e-03,163100
1.971100e-03,164650
2.264100e-03,167520
2.553600e-03,169050
2.790400e-03,169520
2.998700e-03,171530
3.200500e-03,171960
3.372500e-03,172780
3.628900e-03,175650
3.881700e-03,175210
4.192200e-03,178420
4.438100e-03,177080
4.661300e-03,176400
4.897900e-03,177560
5.119400e-03,175770
5.360500e-03,177080
5.599900e-03,176820
5.830900e-03,174200
6.081800e-03,175960
6.306700e-03,174040
6.519100e-03,170560
6.773300e-03,172820
6.981800e-03,169990
7.239100e-03,170570
7.537300e-03,169970
7.790800e-03,169520
8.051700e-03,170270
8.229800e-03,167880
8.459900e-03,168580
8.728800e-03,170760
8.960600e-03,170100
9.247600e-03,170200
9.478200e-03,169260
9.704200e-03,166850
9.968800e-03,168760
1.020300e-02,166340
1.041600e-02,165850
1.071500e-02,167500
1.095500e-02,164300
1.120200e-02,166540
1.143800e-02,164520
1.165100e-02,164280
1.191100e-02,165010
1.213600e-02,161190
1.236800e-02,163180
1.263500e-02,162550
1.286000e-02,159770
1.312900e-02,161460
1.337000e-02,160390
1.359100e-02,158630
1.385800e-02,158450
1.410400e-02,157500
1.439600e-02,159990
1.461500e-02,156720
1.485900e-02,156760
1.512300e-02,157530
1.534100e-02,156380
1.556200e-02,156400
1.582400e-02,157850
1.601900e-02,155800
1.626900e-02,158350
1.652400e-02,157130
1.675300e-02,156610
1.708100e-02,158580
1.731500e-02,156030
1.751500e-02,156980
1.777500e-02,156690
1.802100e-02,156870
1.824400e-02,159140
1.847600e-02,158120
1.869800e-02,157280
1.898100e-02,160400
1.919600e-02,157340
1.942200e-02,159870
1.965800e-02,160760
1.990100e-02,158950
2.018700e-02,159380
2.041700e-02,160240
2.065800e-02,160960
2.091100e-02,158660
2.113000e-02,158010
2.137300e-02,160430
2.168000e-02,159390
2.190200e-02,156660
2.212900e-02,158150
2.238200e-02,156890
2.264200e-02,156010
2.286600e-02,154490
2.309400e-02,154390
2.338400e-02,155500
2.365400e-02,154840
2.383700e-02,153160
2.410200e-02,155190
2.435700e-02,152560
2.460000e-02,153410
2.483900e-02,151520
2.511200e-02,150770
2.535900e-02,152300
2.559500e-02,148670
2.583400e-02,148480
2.612800e-02,150820
2.636300e-02,148020
2.658400e-02,149530
2.688400e-02,150230
2.708800e-02,148930
2.734200e-02,149950
2.758900e-02,150330
2.783000e-02,152260
2.807700e-02,150560
2.833500e-02,149470
2.856000e-02,151020
2.879800e-02,148520
2.904000e-02,147460
2.931600e-02,148940
2.956200e-02,147320
2.981700e-02,147840
3.009400e-02,148220
3.030400e-02,146360
3.057600e-02,148870
3.082300e-02,146440
3.104300e-02,147430
3.127900e-02,147680
3.152900e-02,146120
3.175600e-02,147800
3.198200e-02,148320
3.224100e-02,148730
3.251600e-02,151540
3.275600e-02,148950
3.299900e-02,148990
3.330700e-02,149420
3.353400e-02,147220
3.380800e-02,147760
3.403100e-02,146020
3.429100e-02,146180
3.453700e-02,144490
3.478000e-02,142950
3.504400e-02,144220
3.529300e-02,142720
3.552500e-02,141960
3.577000e-02,144250
3.604100e-02,143550
3.629000e-02,142600
3.657000e-02,142590
3.682000e-02,140850
3.711400e-02,140610
3.736600e-02,139340
3.758400e-02,138380
3.786400e-02,140120
3.809800e-02,137420
3.837800e-02,139340
3.862000e-02,138130
3.887600e-02,136350
3.913200e-02,136820
3.939500e-02,134420
3.965000e-02,132130
3.993800e-02,133200
4.018000e-02,1.295500e+05
4.046500e-02,1.296400e+05
4.073400e-02,129220
4.095300e-02,127850
4.120500e-02,130000
4.142900e-02,1.297000e+05
4.167700e-02,1.302300e+05
4.189700e-02,129850
4.214400e-02,1.304500e+05
4.236400e-02,132000
4.263700e-02,131990
4.286800e-02,131760
4.312600e-02,134350
4.336700e-02,133480
4.360700e-02,133450
4.388400e-02,135100
4.410600e-02,135230
4.435900e-02,137450
4.461900e-02,136850
4.484100e-02,136130
4.511800e-02,136490
4.534900e-02,134910
4.561100e-02,134930
4.587700e-02,133540
4.612000e-02,131770
4.640800e-02,134060
4.664800e-02,132100
4.688200e-02,131200
4.718000e-02,131810
4.741000e-02,1.302100e+05
4.767600e-02,131310
4.792600e-02,130310
4.814600e-02,128120
4.844000e-02,127920
4.869600e-02,127770
4.894600e-02,126540
4.920500e-02,125430
4.946400e-02,124410
4.971100e-02,126540
4.995700e-02,124760
5.019800e-02,124260
5.047500e-02,126530
5.074500e-02,124060
5.098500e-02,124080
5.124100e-02,124340
5.148100e-02,123660
5.178100e-02,126220
5.200900e-02,124170
5.223800e-02,123910
5.254900e-02,125270
5.279600e-02,122790
5.303500e-02,123640
5.328600e-02,121890
5.351600e-02,121000
5.382100e-02,123460
5.406800e-02,121080
5.432200e-02,121040
5.461600e-02,119870
5.485400e-02,118420
5.511700e-02,119750
5.539500e-02,119230
5.560700e-02,117720
5.589900e-02,120260
5.614500e-02,119590
5.636000e-02,119090
5.662500e-02,119260
5.688900e-02,118470
5.715800e-02,118950
5.742400e-02,116650
5.769100e-02,115860
5.796600e-02,116130
5.820000e-02,114380
5.846800e-02,115830
5.876200e-02,116640
5.897200e-02,115400
5.922100e-02,117230
5.944800e-02,116280
5.969400e-02,115190
5.996900e-02,116220
6.021700e-02,114770
6.049500e-02,116850
6.073600e-02,114520
6.099500e-02,113900
6.128300e-02,115300
6.152600e-02,113520
6.178100e-02,115230
6.209000e-02,113980
6.229400e-02,111360
6.258600e-02,114000
6.283300e-02,112450
6.308600e-02,110700
6.337600e-02,110380
6.364700e-02,109190
6.391200e-02,110120
6.403800e-02,109970
6.412800e-02,109860
6.414700e-02,109830
6.417600e-02,109800
6.419100e-02,109780
6.420000e-02,109770
6.422800e-02,109740
6.422800e-02,109740
6.423100e-02,109730
6.425500e-02,109700
6.424300e-02,109720
6.424100e-02,109720
6.424000e-02,109720
6.424900e-02,109710
6.424300e-02,109720
6.425000e-02,109710
6.424600e-02,109720
6.424900e-02,109710
6.424900e-02,109710
6.425000e-02,109710
6.423700e-02,109730
6.423600e-02,109730
6.424800e-02,109710
6.425000e-02,109710
6.424200e-02,109720
6.424800e-02,109710
6.424700e-02,109710
6.424000e-02,109720
6.425600e-02,109700
6.426500e-02,109690
6.418300e-02,108030
6.400200e-02,104340
6.388100e-02,101880
6.369200e-02,98041
6.348900e-02,93913
6.335500e-02,91188
6.319200e-02,87874
6.298700e-02,83705
6.279400e-02,79780
6.256200e-02,75063
6.229700e-02,69674
6.208200e-02,6.530200e+04
6.183700e-02,60869
6.157400e-02,55594
6.133800e-02,50755
6.111200e-02,49261
6.086700e-02,45985
6.062000e-02,41259
6.041500e-02,39023
6.015000e-02,34698
5.991300e-02,31062
5.971200e-02,28822
5.945300e-02,24325
5.922300e-02,21904
5.897300e-02,18346
5.870200e-02,15018
5.849600e-02,11894
5.824800e-02,6.813100e+03
5.801500e-02,5.014700e+03
5.775200e-02,1.010100e+03
5.749600e-02,-2.802900e+03
5.728100e-02,-4.817500e+03
5.700700e-02,-8.897300e+03
5.677400e-02,-13187
5.655700e-02,-15373
5.632300e-02,-19487
5.606000e-02,-21965
5.580600e-02,-25956
5.556900e-02,-28677
5.534400e-02,-31442
5.505400e-02,-35581
5.483600e-02,-37302
5.460500e-02,-40579
5.432300e-02,-43805
5.408100e-02,-46105
5.380500e-02,-49859
5.360300e-02,-52085
5.337900e-02,-54289
5.310000e-02,-57943
5.287000e-02,-59340
5.265100e-02,-62382
5.241000e-02,-6.483200e+04
5.217900e-02,-66749
5.192000e-02,-70316
5.169900e-02,-67129
5.145500e-02,-73620
5.121600e-02,-75850
5.095600e-02,-77277
5.068500e-02,-80209
5.044400e-02,-80749
5.022300e-02,-81642
4.996200e-02,-83900
4.973800e-02,-85154
4.946900e-02,-87685
4.921700e-02,-88189
4.897700e-02,-89359
4.871700e-02,-91977
4.847200e-02,-92929
4.821700e-02,-94434
4.793800e-02,-97559
4.769500e-02,-97610
4.741900e-02,-100860
4.716600e-02,-101520
4.694200e-02,-104310
4.668500e-02,-106990
4.644700e-02,-107220
4.621800e-02,-109180
4.595900e-02,-109910
4.569300e-02,-110980
4.544100e-02,-112710
4.519400e-02,-112020
4.494800e-02,-112830
4.472500e-02,-112500
4.447600e-02,-111410
4.421000e-02,-112370
4.394300e-02,-110830
4.372000e-02,-109630
4.347900e-02,-109860
4.324900e-02,-110810
4.299600e-02,-114010
4.271000e-02,-113240
4.247700e-02,-112050
4.223200e-02,-112990
4.200400e-02,-112700
4.175400e-02,-111590
4.153300e-02,-112680
4.128800e-02,-111640
4.106300e-02,-115250
4.079100e-02,-115260
4.055900e-02,-114270
4.035100e-02,-116390
4.011200e-02,-114860
3.985700e-02,-115200
3.975200e-02,-115340
3.975300e-02,-115340
3.974600e-02,-115350
3.974400e-02,-115350
3.973900e-02,-115360
3.973200e-02,-115370
3.973600e-02,-115360
3.974100e-02,-115350
3.972300e-02,-115380
3.973000e-02,-115370
3.973100e-02,-115370
3.973500e-02,-115360
3.973300e-02,-115370
3.974000e-02,-115360
3.973600e-02,-115360
3.971300e-02,-115390
3.972300e-02,-115380
3.972900e-02,-115370
3.972800e-02,-115370
3.972300e-02,-115030
3.972800e-02,-114920
3.972400e-02,-115010
3.972700e-02,-114940
3.971700e-02,-115150
3.972500e-02,-114990
3.971900e-02,-115110
3.971700e-02,-115150
3.978100e-02,-113820
3.995500e-02,-110180
4.008900e-02,-107380
4.023500e-02,-104330
4.042500e-02,-100360
4.058300e-02,-97064
4.079300e-02,-92677
4.097200e-02,-88938
4.120700e-02,-84030
4.140100e-02,-79978
4.164800e-02,-76167
4.187700e-02,-68661
4.209000e-02,-65582
4.231800e-02,-60084
4.256100e-02,-56765
4.278000e-02,-53813
4.301800e-02,-49907
4.322300e-02,-46122
4.347000e-02,-42698
4.372300e-02,-38544
4.396700e-02,-35411
4.423200e-02,-29613
4.444000e-02,-27141
4.468000e-02,-23689
4.493800e-02,-18704
4.516900e-02,-15569
4.542000e-02,-10853
4.565300e-02,-7316
4.588900e-02,-4.326600e+03
4.613900e-02,5.296900e+02
4.635200e-02,2.874500e+03
4.660500e-02,7557
4.686200e-02,11201
4.707000e-02,13266
4.734100e-02,18704
4.757500e-02,20945
4.780700e-02,24398
4.809900e-02,28462
4.829900e-02,31136
4.857900e-02,36306
4.881700e-02,39221
4.903200e-02,41421
4.927400e-02,45105
4.955000e-02,49142
4.979200e-02,52566
5.002200e-02,54843
5.026100e-02,57837
5.053800e-02,62423
5.078200e-02,6.400700e+04
5.100000e-02,66277
5.125900e-02,70587
5.150800e-02,71949
5.176600e-02,76070
5.201800e-02,77952
5.225700e-02,80066
5.252000e-02,83356
5.272700e-02,83038
5.295300e-02,85116
5.319900e-02,87869
5.344800e-02,88751
5.372100e-02,92558
5.394600e-02,91576
5.419100e-02,92190
5.447300e-02,92984
5.472100e-02,91937
5.498400e-02,93966
5.522900e-02,92900
5.547100e-02,92684
5.575000e-02,93759
5.600300e-02,93461
5.624300e-02,94636
5.649700e-02,94177
5.674700e-02,94209
5.701100e-02,95518
5.728300e-02,93845
5.756000e-02,93871
5.781500e-02,94432
5.806800e-02,91814
5.833200e-02,92623
5.858900e-02,92254
5.884500e-02,90874
5.911400e-02,92052
5.937500e-02,90772
5.960300e-02,90999
5.985100e-02,92272
6.010300e-02,91834
6.035200e-02,93256
6.057400e-02,92225
6.085800e-02,91979
6.114600e-02,92303
6.138700e-02,89737
6.169400e-02,89949
6.187900e-02,89626
6.197400e-02,89460
6.201900e-02,89381
6.204100e-02,89343
6.206100e-02,89308
6.206000e-02,89310
6.204900e-02,89329
6.205100e-02,89326
6.205600e-02,89317
6.205700e-02,89315
6.205400e-02,89320
6.204800e-02,89331
6.205800e-02,89313
6.205900e-02,89312
6.206200e-02,89306
6.206700e-02,89298
6.204600e-02,89334
6.205300e-02,89322
6.205100e-02,89326
6.206600e-02,89299
6.205200e-02,89324
6.204700e-02,89333
6.206300e-02,89305
6.205400e-02,89320
6.204600e-02,89334
6.205500e-02,89319
6.204100e-02,89343
6.205500e-02,88684
6.205500e-02,88684
6.206300e-02,88865
6.206400e-02,88888
6.205900e-02,88774
6.200500e-02,87550
6.184500e-02,83923
6.167600e-02,80091
6.150900e-02,76305
6.131800e-02,71975
6.111800e-02,67440
6.091800e-02,62906
6.071200e-02,58236
6.047700e-02,52908
6.026500e-02,48101
5.999500e-02,41163
5.975600e-02,37070
5.952200e-02,31935
5.926300e-02,28090
5.904100e-02,25120
5.880500e-02,19970
5.857900e-02,16853
5.833900e-02,12126
5.808300e-02,7.618500e+03
5.787900e-02,6.022100e+03
5.765100e-02,-1.440900e+03
5.742300e-02,-6.169900e+03
5.722000e-02,-10007
5.697100e-02,-15350
5.675100e-02,-20073
5.652600e-02,-25471
5.627700e-02,-29383
5.603600e-02,-33135
5.575900e-02,-37825
5.553000e-02,-39572
5.528100e-02,-44106
5.501900e-02,-47679
5.476400e-02,-49867
5.449100e-02,-53499
5.422900e-02,-56442
5.401500e-02,-58409
5.375500e-02,-62390
5.354000e-02,-65907
5.329900e-02,-69844
5.305500e-02,-72804
5.283600e-02,-76474
5.256600e-02,-81303
5.234100e-02,-83268
5.207000e-02,-87908
5.181100e-02,-90979
5.159500e-02,-92717
5.133400e-02,-96400
5.106400e-02,-98649
5.080300e-02,-101850
5.055400e-02,-103590
5.032700e-02,-105480
5.008500e-02,-108810
4.983500e-02,-109010
4.955600e-02,-110630
4.929200e-02,-112700
4.907100e-02,-112040
4.881300e-02,-113420
4.855800e-02,-114250
4.835400e-02,-113220
4.808100e-02,-114110
4.782600e-02,-113790
4.759700e-02,-115120
4.737400e-02,-113990
4.710200e-02,-113990
4.685900e-02,-115160
4.662000e-02,-114160
4.637500e-02,-113850
4.611800e-02,-115030
4.589700e-02,-112340
4.565100e-02,-112080
4.536500e-02,-111590
4.512500e-02,-108790
4.486000e-02,-110630
4.461400e-02,-111140
4.435000e-02,-114840
4.411600e-02,-113480
4.386900e-02,-112850
4.362100e-02,-113600
4.336900e-02,-113200
4.312800e-02,-113100
4.284100e-02,-114590
4.261500e-02,-113200
4.233000e-02,-113990
4.209800e-02,-114120
4.188200e-02,-112260
4.162100e-02,-112900
4.138400e-02,-109720
4.114100e-02,-109990
4.089600e-02,-110970
4.068400e-02,-111070
4.043900e-02,-110730
4.021300e-02,-110370
4.020200e-02,-110360
4.018000e-02,-110320
4.018000e-02,-110320
4.016800e-02,-110300
4.015900e-02,-110290
4.017100e-02,-110310
4.017000e-02,-110310
4.016600e-02,-110300
4.017200e-02,-110310
4.017300e-02,-110310
4.015700e-02,-110290
4.015900e-02,-110290
4.016000e-02,-110290
4.016300e-02,-110300
4.016200e-02,-109640
4.016000e-02,-109700
4.014900e-02,-110010
4.015700e-02,-109780
4.016500e-02,-109560
4.015100e-02,-109950
4.016000e-02,-109700
4.016100e-02,-109670
4.015600e-02,-109810
4.014400e-02,-110150
4.030400e-02,-105640
4.045700e-02,-101340
4.058700e-02,-97676
4.075500e-02,-92947
4.092400e-02,-88189
4.112300e-02,-82587
4.132900e-02,-76787
4.150800e-02,-71748
4.170700e-02,-66146
4.195100e-02,-59277
4.216300e-02,-52957
4.237200e-02,-47711
4.261000e-02,-42859
4.282100e-02,-39220
4.308900e-02,-33923
4.332600e-02,-32375
4.353300e-02,-28811
4.380800e-02,-23836
4.403400e-02,-21499
4.428500e-02,-16761
4.451600e-02,-13786
4.473600e-02,-11099
4.501000e-02,-6.042200e+03
4.525700e-02,-3.695200e+03
4.550900e-02,1976
4.573400e-02,3.252900e+03
4.597300e-02,6.577500e+03
4.624300e-02,11524
4.644600e-02,12035
4.668600e-02,17169
4.693700e-02,20483
4.716800e-02,22457
4.742900e-02,27747
4.766000e-02,29674
4.788700e-02,31949
4.812800e-02,35176
4.836700e-02,38460
4.860500e-02,43230
4.883800e-02,44928
4.909700e-02,48120
4.936900e-02,52220
4.956600e-02,52752
4.985900e-02,56602
5.012600e-02,60197
5.036100e-02,61382
5.063000e-02,65955
5.090000e-02,65447
5.114800e-02,67300
5.145500e-02,68717
5.169300e-02,69909
5.192600e-02,73517
5.218600e-02,73948
5.241300e-02,76311
5.266300e-02,77822
5.288800e-02,77177
5.313900e-02,78738
5.340400e-02,79184
5.361200e-02,78226
5.391200e-02,79949
5.415700e-02,79315
5.439700e-02,78475
5.466000e-02,78194
5.493300e-02,78233
5.519800e-02,80230
5.542700e-02,78711
5.567400e-02,78795
5.597700e-02,79345
5.624000e-02,78684
5.649500e-02,77340
5.675900e-02,77908
5.700900e-02,76319
5.726000e-02,78139
5.751600e-02,76945
5.776000e-02,76952
5.805700e-02,77508
5.828500e-02,76690
5.854700e-02,78450
5.879800e-02,76110
5.905000e-02,75909
5.931800e-02,77583
5.956200e-02,75870
5.979300e-02,76189
6.005800e-02,76566
6.027200e-02,75381
6.060100e-02,77047
6.082900e-02,76929
6.105600e-02,75652
6.129100e-02,75797
6.159400e-02,74898
6.187200e-02,76535
6.205800e-02,76624
6.214400e-02,76665
6.215100e-02,76668
6.217800e-02,76681
6.218400e-02,76684
6.218200e-02,76683
6.219000e-02,76687
6.219400e-02,76689
6.219900e-02,76691
6.220400e-02,76693
6.219600e-02,76690
6.219700e-02,76690
6.219700e-02,76690
6.218600e-02,76685
6.219300e-02,76688
6.219300e-02,76688
6.220500e-02,76694
6.219300e-02,76688
6.220600e-02,76694
6.221300e-02,76698
6.218400e-02,76684
6.220500e-02,76694
6.219900e-02,76691
6.219400e-02,76689
6.220800e-02,76695
6.220100e-02,76692
6.218900e-02,76686
6.219900e-02,76691
6.220600e-02,76694
6.220400e-02,76693
6.219600e-02,76690
6.220500e-02,76694
6.220600e-02,76694
6.218700e-02,76685
6.218600e-02,76685
6.220500e-02,76694
6.220700e-02,76695
6.220300e-02,76693
6.221800e-02,76700
6.220000e-02,76691
6.220700e-02,76695
6.219800e-02,76691
6.219700e-02,76690
6.219600e-02,76690
6.219600e-02,76690
6.219100e-02,76687
6.219600e-02,76149
6.219100e-02,76064
6.219300e-02,76098
6.221100e-02,76402
6.211800e-02,74833
6.198300e-02,72555
6.182000e-02,69805
6.166900e-02,67258
6.147000e-02,63900
6.130300e-02,61083
6.113500e-02,58249
6.093600e-02,54892
6.070200e-02,50944
6.043900e-02,46507
6.018100e-02,42154
5.994700e-02,38206
5.970600e-02,34141
5.945300e-02,29872
5.922800e-02,26076
5.897500e-02,21808
5.872800e-02,17992
5.848100e-02,13789
5.826600e-02,10914
5.803400e-02,7.200400e+03
5.779800e-02,2.060600e+03
5.757000e-02,-1.443100e+02
5.731400e-02,-4.853600e+03
5.705900e-02,-9.724500e+03
5.681800e-02,-12634
5.657200e-02,-1.616400e+04
5.631100e-02,-20487
5.609000e-02,-23323
5.581200e-02,-28251
5.556500e-02,-30292
5.534300e-02,-34264
5.510800e-02,-38382
5.486500e-02,-41342
5.462100e-02,-46253
5.437900e-02,-48483
5.416000e-02,-50905
5.392600e-02,-55542
5.367700e-02,-57475
5.340100e-02,-61317
5.316700e-02,-64294
5.293300e-02,-66201
5.265200e-02,-70326
5.245400e-02,-71960
5.220500e-02,-74222
5.196500e-02,-61842
5.174400e-02,-62884
5.149700e-02,-73716
5.123000e-02,-75045
5.095200e-02,-80729
5.069800e-02,-84813
5.047200e-02,-84208
5.025100e-02,-84880
5.000500e-02,-85831
4.972100e-02,-84727
4.946400e-02,-87143
4.922600e-02,-86241
4.898000e-02,-87293
4.869800e-02,-87338
4.845600e-02,-87288
4.819500e-02,-89275
4.795300e-02,-88785
4.770800e-02,-88527
4.745500e-02,-91041
4.719700e-02,-89587
4.694400e-02,-91161
4.669700e-02,-91743
4.647000e-02,-90287
4.617200e-02,-92328
4.592900e-02,-91639
4.570200e-02,-90833
4.544400e-02,-91409
4.518700e-02,-90865
4.492200e-02,-92664
4.465100e-02,-91645
4.440700e-02,-90585
4.416600e-02,-92185
4.393000e-02,-90693
4.366600e-02,-90421
4.339900e-02,-85801
4.316300e-02,-84688
4.291100e-02,-87642
4.265000e-02,-87349
4.242600e-02,-88723
4.216800e-02,-87749
4.190800e-02,-86796
4.164400e-02,-87624
4.142500e-02,-85895
4.116600e-02,-85202
4.093400e-02,-87398
4.069000e-02,-87029
4.045100e-02,-87968
4.020900e-02,-88878
3.994900e-02,-87155
3.972600e-02,-87918
3.944400e-02,-87503
3.921800e-02,-84317
3.894400e-02,-84059
3.869700e-02,-83521
3.843100e-02,-85150
3.818100e-02,-82463
3.793500e-02,-77445
3.768000e-02,-79010
3.744200e-02,-77118
3.717900e-02,-76696
3.694000e-02,-79355
3.669700e-02,-78646
3.643400e-02,-80023
3.618800e-02,-80405
3.594500e-02,-80315
3.568300e-02,-81443
3.542700e-02,-79828
3.520700e-02,-80660
3.493700e-02,-81101
3.466200e-02,-79763
3.443300e-02,-77618
3.422600e-02,-77695
3.398800e-02,-78384
3.368800e-02,-79996
3.345700e-02,-76762
3.318900e-02,-78051
3.293800e-02,-78795
3.270100e-02,-78333
3.246000e-02,-78153
3.221400e-02,-77874
3.192300e-02,-78573
3.166700e-02,-77168
3.142800e-02,-77707
3.115400e-02,-78669
3.092100e-02,-76726
3.070100e-02,-74868
3.044100e-02,-76234
3.020200e-02,-75283
2.995500e-02,-75715
2.971200e-02,-76756
2.946500e-02,-75798
2.916000e-02,-76531
2.892200e-02,-74800
2.871500e-02,-73987
2.843400e-02,-74762
2.819700e-02,-74870
2.796300e-02,-78247
2.770900e-02,-77731
2.746800e-02,-76431
2.722500e-02,-77782
2.699700e-02,-77526
2.672700e-02,-77517
2.645400e-02,-77909
2.623900e-02,-75649
2.594600e-02,-77488
2.565900e-02,-77775
2.540800e-02,-75958
2.518800e-02,-76790
2.493500e-02,-76714
2.463000e-02,-77518
2.445600e-02,-75302
2.421000e-02,-75834
2.391700e-02,-78003
2.366500e-02,-76297
2.347800e-02,-75156
2.322500e-02,-76971
2.293400e-02,-75789
2.267800e-02,-74404
2.246500e-02,-75754
2.225700e-02,-74391
2.196400e-02,-75390
2.171800e-02,-73452
2.149400e-02,-73875
2.122500e-02,-74225
2.101200e-02,-73704
2.077600e-02,-73712
2.051600e-02,-74509
2.027400e-02,-73669
2.000600e-02,-75139
1.976500e-02,-73489
1.951700e-02,-73081
1.924000e-02,-73644
1.900500e-02,-71132
1.875100e-02,-71556
1.849700e-02,-71051
1.826100e-02,-69859
1.801200e-02,-69315
1.781200e-02,-68879
1.780500e-02,-68864
1.779300e-02,-68838
1.780200e-02,-68857
1.778900e-02,-68829
1.777300e-02,-68794
1.779800e-02,-68849
1.778600e-02,-68823
1.778900e-02,-68829
1.778500e-02,-68820
1.776800e-02,-68783
1.778600e-02,-68823
1.779800e-02,-68849
1.778700e-02,-68825
1.778700e-02,-68825
1.778300e-02,-68816
1.777600e-02,-68801
1.778000e-02,-68809
1.778000e-02,-68809
1.778500e-02,-68820
1.778400e-02,-68818
1.778500e-02,-68820
1.777400e-02,-68796
1.778800e-02,-68827
1.779000e-02,-68831
1.779000e-02,-68831
1.777500e-02,-68799
1.779800e-02,-68849
1.777000e-02,-68788
1.778400e-02,-68818
1.778200e-02,-68814
1.777500e-02,-68799
1.777500e-02,-68799
1.777300e-02,-68794
1.777300e-02,-68794
1.776300e-02,-68772
1.777300e-02,-68794
1.777200e-02,-68792
1.778000e-02,-68809
1.777100e-02,-68318
1.777100e-02,-68318
1.777200e-02,-68303
1.777200e-02,-68303
1.777200e-02,-68303
1.778200e-02,-68150
1.777000e-02,-68334
1.777600e-02,-68242
1.776600e-02,-68395
1.776300e-02,-68441
1.775800e-02,-68517
1.776200e-02,-68456
1.775600e-02,-68548
1.776800e-02,-68364
1.777800e-02,-68211
1.775600e-02,-68548
1.777400e-02,-68272
1.776100e-02,-68471
1.776000e-02,-68486
1.777700e-02,-68227
1.777300e-02,-68288
1.795000e-02,-65582
1.812700e-02,-62876
1.827600e-02,-60599
1.843700e-02,-58138
1.859900e-02,-55661
1.882400e-02,-52222
1.905600e-02,-48676
1.925500e-02,-45634
1.947300e-02,-42302
1.970800e-02,-38709
1.991700e-02,-35515
2.014000e-02,-32106
2.035300e-02,-28850
2.056600e-02,-25594
2.080900e-02,-20217
2.106000e-02,-19471
2.129700e-02,-14556
2.153100e-02,-11432
2.177100e-02,-10300
2.197600e-02,-5.418200e+03
2.221900e-02,-3.742100e+03
2.247200e-02,-4.253300e+02
2.270200e-02,1.567900e+03
2.289300e-02,3.265200e+03
2.321100e-02,9.783700e+03
2.343300e-02,9.735300e+03
2.360600e-02,11101
2.384300e-02,16291
2.415200e-02,17974
2.437100e-02,19487
2.455800e-02,20818
2.484700e-02,23470
2.512800e-02,27620
2.535800e-02,27986
2.554600e-02,29888
2.586900e-02,34931
2.609800e-02,34567
2.633100e-02,38241
2.655900e-02,39968
2.679300e-02,41341
2.705300e-02,45170
2.727400e-02,45280
2.752300e-02,47945
2.777700e-02,49687
2.800300e-02,50755
2.823500e-02,55529
2.848100e-02,55645
2.873500e-02,57097
2.897300e-02,59208
2.920100e-02,58885
2.951300e-02,62665
2.976800e-02,62857
2.995800e-02,61424
3.024500e-02,66108
3.051700e-02,6.545100e+04
3.072600e-02,64697
3.099700e-02,66780
3.124700e-02,66675
3.148200e-02,68257
3.174700e-02,67263
3.200900e-02,67521
3.226300e-02,68933
3.248700e-02,68242
3.276400e-02,69941
3.306300e-02,70989
3.324700e-02,69789
3.348800e-02,72109
3.374600e-02,71669
3.399300e-02,70775
3.429300e-02,70912
3.453000e-02,69643
3.478800e-02,71043
3.504000e-02,70187
3.526400e-02,69545
3.552600e-02,71413
3.577700e-02,70907
3.603400e-02,72707
3.626200e-02,73364
3.648400e-02,71753
3.673200e-02,74168
3.701100e-02,74077
3.721500e-02,72666
3.753100e-02,74185
3.778000e-02,73310
3.802800e-02,75035
3.830300e-02,72816
3.855900e-02,72087
3.883900e-02,73505
3.906500e-02,71723
3.933200e-02,71668
3.958600e-02,72360
3.979600e-02,73715
4.001100e-02,73819
4.013700e-02,73881
4.014000e-02,73882
4.015900e-02,73892
4.016900e-02,73896
4.018100e-02,73902
4.019400e-02,73909
4.018700e-02,73905
4.018700e-02,73905
4.020400e-02,73913
4.020200e-02,73912
4.020400e-02,73913
4.020000e-02,73911
4.020100e-02,73912
4.018900e-02,73906
4.020600e-02,73914
4.020200e-02,73912
4.019400e-02,73909
4.018800e-02,73906
4.020500e-02,73914
4.021200e-02,73917
4.018800e-02,73906
4.020200e-02,73912
4.019200e-02,73908
4.018800e-02,73906
4.018800e-02,73906
4.019100e-02,73907
4.020500e-02,73914
4.019100e-02,73907
4.019100e-02,73907
4.020100e-02,73912
4.020500e-02,73914
4.019800e-02,73911
4.019700e-02,73910
4.019900e-02,73911
4.020700e-02,73915
4.019400e-02,73909
4.020900e-02,73682
4.016000e-02,72896
4.000500e-02,70409
3.983400e-02,67665
3.965100e-02,6.472800e+04
3.949900e-02,62289
3.932300e-02,59465
3.912200e-02,56239
3.890800e-02,52805
3.868700e-02,49259
3.846600e-02,45712
3.826300e-02,42455
3.800800e-02,38363
3.779600e-02,34961
3.757400e-02,31398
3.734000e-02,28624
3.710400e-02,24737
3.685300e-02,19851
3.662000e-02,17214
3.638600e-02,13889
3.616100e-02,9.835300e+03
3.591800e-02,7.840400e+03
3.563400e-02,3.535500e+03
3.540800e-02,1.742800e+03
3.518100e-02,-7.904600e+02
3.493200e-02,-4.894500e+03
3.466400e-02,-7.875900e+03
3.442100e-02,-11389
3.421300e-02,-13481
3.396700e-02,-16700
3.371800e-02,-21117
3.348000e-02,-22775
3.324500e-02,-26706
3.297300e-02,-30314
3.274600e-02,-32024
3.248600e-02,-35317
3.223500e-02,-37537
3.198700e-02,-41136
3.175000e-02,-42194
3.149700e-02,-44212
3.122900e-02,-48113
3.101400e-02,-47643
3.079100e-02,-48716
3.051300e-02,-52374
3.026200e-02,-51820
3.001300e-02,-52843
2.978100e-02,-54410
2.954800e-02,-54309
2.921600e-02,-56970
2.901200e-02,-55813
2.874600e-02,-57903
2.849600e-02,-58067
2.826200e-02,-57457
2.801300e-02,-58580
2.777100e-02,-55653
2.752100e-02,-55567
2.726700e-02,-57078
2.703800e-02,-56720
2.680000e-02,-57877
2.649000e-02,-58404
2.631500e-02,-57243
2.601300e-02,-59197
2.572500e-02,-60571
2.546800e-02,-60776
2.525200e-02,-61298
2.499400e-02,-62615
2.469800e-02,-6.440100e+04
2.451200e-02,-63177
2.427900e-02,-63795
2.395700e-02,-66811
2.370200e-02,-64553
2.348800e-02,-63442
2.323600e-02,-66880
2.298300e-02,-65579
2.273900e-02,-65774
2.249400e-02,-66451
2.224300e-02,-66878
2.199500e-02,-67959
2.176200e-02,-66948
2.151200e-02,-69142
2.125600e-02,-68216
2.102900e-02,-67845
2.079400e-02,-69287
2.054700e-02,-69457
2.029600e-02,-69163
2.005300e-02,-69547
1.982700e-02,-68405
1.954100e-02,-69585
1.928200e-02,-69473
1.903900e-02,-67667
1.879200e-02,-68467
1.853600e-02,-68101
1.828100e-02,-69723
1.802400e-02,-69378
1.781600e-02,-69529
1.756600e-02,-73893
1.729700e-02,-73625
1.709800e-02,-74168
1.697400e-02,-74506
1.696700e-02,-74525
1.696400e-02,-74533
1.697000e-02,-74517
1.696800e-02,-74522
1.694700e-02,-74579
1.696200e-02,-74539
1.695600e-02,-74555
1.695200e-02,-74566
1.695600e-02,-74555
1.696900e-02,-74519
1.696600e-02,-74528
1.695900e-02,-74547
1.695900e-02,-74547
1.695200e-02,-74566
1.695100e-02,-74569
1.695400e-02,-74560
1.695100e-02,-74569
1.696700e-02,-74525
1.696200e-02,-74539
1.694700e-02,-74579
1.695000e-02,-74571
1.696400e-02,-74533
1.695900e-02,-74547
1.695600e-02,-74555
1.696100e-02,-74541
1.694100e-02,-74596
1.695100e-02,-74569
1.695200e-02,-74566
1.695100e-02,-74569
1.695300e-02,-74563
1.696400e-02,-74533
1.697600e-02,-74500
1.695900e-02,-74547
1.696500e-02,-74530
1.694900e-02,-74574
1.694100e-02,-74596
1.695200e-02,-74566
1.696000e-02,-74544
1.696400e-02,-72739
1.696000e-02,-72939
1.695700e-02,-73089
1.694600e-02,-73638
1.696100e-02,-72889
1.694600e-02,-73638
1.695400e-02,-73239
1.694500e-02,-73688
1.693700e-02,-74087
1.696200e-02,-72839
1.695000e-02,-73438
1.694900e-02,-73488
1.695400e-02,-73239
1.696000e-02,-72939
1.694500e-02,-73688
1.694700e-02,-73588
1.695400e-02,-73239
1.696000e-02,-72939
1.694300e-02,-73788
1.695900e-02,-72989
1.694200e-02,-73838
1.695800e-02,-73039
1.695500e-02,-73189
1.695100e-02,-73388
1.695800e-02,-73039
1.697000e-02,-72440
1.696200e-02,-72839
1.695300e-02,-73289
1.695400e-02,-73239
1.695600e-02,-73139
1.695000e-02,-73438
1.694100e-02,-73888
1.695200e-02,-73338
1.695500e-02,-73189
1.695900e-02,-72989
1.695000e-02,-73438
1.693700e-02,-74087
1.695300e-02,-73289
1.695000e-02,-73438
1.694200e-02,-73838
1.696000e-02,-72939
1.694700e-02,-73588
1.693800e-02,-74038
1.694500e-02,-73688
1.694900e-02,-73488
1.706200e-02,-67846
1.720800e-02,-60555
1.737000e-02,-52466
1.751900e-02,-45026
1.768600e-02,-36687
1.789900e-02,-26193
1.810500e-02,-17225
1.827800e-02,-13057
1.850400e-02,-6.976600e+03
1.875800e-02,-1.403500e+03
1.900800e-02,5.159500e+03
1.920000e-02,7.622400e+03
1.942300e-02,11311
1.968800e-02,17401
1.988400e-02,18154
2.011800e-02,21046
2.037000e-02,24528
2.058200e-02,26270
2.083200e-02,30356
2.106400e-02,33158
2.129200e-02,36134
2.155700e-02,39966
2.179500e-02,39634
2.203000e-02,42682
2.229800e-02,44709
2.254800e-02,45333
2.276200e-02,47849
2.294700e-02,48283
2.324700e-02,53666
2.347000e-02,54831
2.366400e-02,56582
2.390100e-02,60538
2.418800e-02,64971
2.439600e-02,66398
2.462800e-02,69150
2.488700e-02,71506
2.513900e-02,74939
2.537700e-02,75726
2.557900e-02,77418
2.590500e-02,82689
2.614500e-02,81174
2.636000e-02,82983
2.662500e-02,84433
2.686500e-02,84208
2.709800e-02,85910
2.734700e-02,85866
2.757400e-02,86453
2.785400e-02,88559
2.807300e-02,87514
2.832100e-02,90501
2.859700e-02,89791
2.881800e-02,89544
2.908300e-02,92055
2.929500e-02,90077
2.960500e-02,92883
2.987200e-02,92291
3.004500e-02,89822
3.034300e-02,92540
3.059400e-02,91714
3.081800e-02,89004
3.112400e-02,91474
3.139200e-02,89172
3.161800e-02,89500
3.187100e-02,88762
3.212800e-02,88331
3.240600e-02,90068
3.262800e-02,88271
3.288800e-02,88986
3.318100e-02,89229
3.342500e-02,86670
3.366400e-02,86585
3.389900e-02,86095
3.414500e-02,83484
3.445600e-02,84689
3.468200e-02,82498
3.494400e-02,82381
3.521000e-02,81190
3.545500e-02,79980
3.572800e-02,81853
3.596100e-02,79374
3.621300e-02,79577
3.648600e-02,79540
3.672600e-02,77305
3.700900e-02,78587
3.726600e-02,77806
3.750100e-02,75655
3.777000e-02,76732
3.804600e-02,75941
3.829400e-02,75578
3.856900e-02,74409
3.882600e-02,74237
3.906900e-02,76429
3.930200e-02,73740
3.958300e-02,73125
3.987600e-02,74527
4.010500e-02,74517
4.021100e-02,74513
4.023700e-02,74512
4.023600e-02,74512
4.026000e-02,74511
4.025500e-02,74511
4.025300e-02,74512
4.026200e-02,74511
4.025200e-02,74512
4.025500e-02,74511
4.026100e-02,74511
4.025000e-02,74512
4.026000e-02,74055
4.025400e-02,73925
4.023700e-02,73556
4.027200e-02,74315
4.026700e-02,74207
4.026000e-02,74055
4.025100e-02,73860
4.024900e-02,73816
4.027100e-02,74294
4.025900e-02,74033
4.025000e-02,73838
4.025100e-02,73860
4.025600e-02,73968
4.024400e-02,73708
4.026500e-02,74163
4.026700e-02,74207
4.025700e-02,73990
4.026700e-02,74207
4.026500e-02,74163
4.026200e-02,74098
4.025500e-02,73947
4.025300e-02,73903
4.025400e-02,73925
4.025200e-02,73881
4.024100e-02,73643
4.026200e-02,74098
4.025300e-02,73903
4.026300e-02,74120
4.027800e-02,74445
4.026100e-02,74077
4.025700e-02,73990
4.025300e-02,73903
4.026000e-02,74055
4.025400e-02,73925
4.026100e-02,74077
4.025600e-02,73968
4.026100e-02,74077
4.027000e-02,74272
4.026400e-02,74142
4.026100e-02,74077
4.026200e-02,74098
4.025900e-02,74033
4.026100e-02,74077
4.026200e-02,74098
4.027000e-02,74272
4.026100e-02,74077
4.026400e-02,74142
4.025600e-02,73968
4.026400e-02,74142
4.026600e-02,74185
4.025100e-02,73860
4.024500e-02,73730
4.025300e-02,73903
4.025200e-02,73881
4.026000e-02,74055
4.025600e-02,73968
4.027100e-02,74294
4.011300e-02,70867
3.992600e-02,66811
3.977500e-02,63536
3.961300e-02,60023
3.941700e-02,55772
3.924200e-02,51977
3.901600e-02,47075
3.881100e-02,42629
3.859000e-02,37045
3.836300e-02,3.253200e+04
3.812500e-02,27471
3.787600e-02,22698
3.764000e-02,19957
3.737800e-02,15359
3.716200e-02,14136
3.690300e-02,11338
3.659800e-02,7.952600e+03
3.641300e-02,6.772800e+03
3.613000e-02,2.992800e+03
3.589600e-02,3.733500e+02
3.563800e-02,-2.377300e+03
3.545600e-02,-4287
3.521600e-02,-7.428700e+03
3.498600e-02,-11063
3.471200e-02,-13596
3.452200e-02,-14566
3.427100e-02,-18744
3.402900e-02,-20271
3.380200e-02,-22078
3.355200e-02,-24635
3.330900e-02,-25979
3.306400e-02,-25142
3.282500e-02,-27036
3.259500e-02,-28036
3.226800e-02,-30806
3.205500e-02,-29021
3.179600e-02,-3.251400e+04
3.156100e-02,-34778
3.130800e-02,-34625
3.104700e-02,-37076
3.080400e-02,-37123
3.051300e-02,-38656
3.024400e-02,-39347
3.006300e-02,-37930
2.977600e-02,-40165
2.950600e-02,-39774
2.928100e-02,-37881
2.900900e-02,-38585
2.874700e-02,-39939
2.850600e-02,-39960
2.827600e-02,-38926
2.803300e-02,-37926
2.779400e-02,-39101
2.754200e-02,-35097
2.731400e-02,-36068
2.704700e-02,-37471
2.679900e-02,-36196
2.656600e-02,-39725
2.632600e-02,-38691
2.603400e-02,-39983
2.574200e-02,-38851
2.552000e-02,-35414
2.523700e-02,-37417
2.496300e-02,-39352
2.474600e-02,-38140
2.452400e-02,-39258
2.425600e-02,-38241
2.395200e-02,-37256
2.371100e-02,-38022
2.350400e-02,-37055
2.321300e-02,-39167
2.294200e-02,-38724
2.275600e-02,-37026
2.248700e-02,-38204
2.222200e-02,-39309
2.197500e-02,-39217
2.176100e-02,-38283
2.148800e-02,-38659
2.126700e-02,-39645
2.100600e-02,-38249
2.076700e-02,-38634
2.052900e-02,-39679
2.028800e-02,-38047
2.004800e-02,-38251
1.979700e-02,-38574
1.953800e-02,-37921
1.925000e-02,-38040
1.901600e-02,-36936
1.876100e-02,-37000
1.851400e-02,-36164
1.825800e-02,-35338
1.804700e-02,-34656
1.778000e-02,-34549
1.753200e-02,-33982
1.727900e-02,-34798
1.705100e-02,-33191
1.678800e-02,-33442
1.653900e-02,-33201
1.629800e-02,-31007
1.602300e-02,-31479
1.575700e-02,-30927
1.554600e-02,-30162
1.529700e-02,-29340
1.503600e-02,-29488
1.479100e-02,-30641
1.459600e-02,-28881
1.432900e-02,-29034
1.408200e-02,-30181
1.386000e-02,-28999
1.359700e-02,-29418
1.330300e-02,-30644
1.306500e-02,-29893
1.281100e-02,-30520
1.255000e-02,-29792
1.232400e-02,-29418
1.207400e-02,-29948
1.182300e-02,-29059
1.157300e-02,-30627
1.128600e-02,-29555
1.104800e-02,-28115
1.080100e-02,-28071
1.056900e-02,-26517
1.033100e-02,-26485
1.008100e-02,-27436
9.817900e-03,-26665
9.540800e-03,-27834
9.301400e-03,-27766
9.054200e-03,-27239
8.836200e-03,-27557
8.616000e-03,-26614
8.375900e-03,-27128
8.110600e-03,-26033
7.862700e-03,-26204
7.601500e-03,-27116
7.352000e-03,-26330
7.133500e-03,-25036
6.897100e-03,-26675
6.648200e-03,-24712
6.348400e-03,-24459
6.060300e-03,-24802
5.767700e-03,-23184
5.531100e-03,-23355
5.350100e-03,-22847
5.124000e-03,-23868
4.878100e-03,-24842
4.622600e-03,-25956
4.344000e-03,-27093
4.043700e-03,-26775
3.841100e-03,-25352
3.655900e-03,-25661
3.477900e-03,-24589
3.231300e-03,-25724
2.923200e-03,-27292
2.595700e-03,-25863
2.293900e-03,-24862
2.084200e-03,-21984
1.935900e-03,-21483
1.738700e-03,-20054
1.481000e-03,-19778
1.192800e-03,-19675
8.682600e-04,-18614
6.243100e-04,-16407
3.822200e-04,-16396
1.863000e-04,-14761
-4.924000e-05,-14192
-3.486600e-04,-15430
-6.415600e-04,-14330
-8.950400e-04,-14687
-1.119300e-03,-13525
-1.356200e-03,-13922
-1.630100e-03,-14904
-1.845300e-03,-13943
-2.063900e-03,-14632
-2.328900e-03,-15106
-2.533100e-03,-13393
-2.802200e-03,-14198
-3.043100e-03,-12719
-3.288900e-03,-11819
-3.577400e-03,-12090
-3.807400e-03,-10410
-4.045300e-03,-11612
-4.295300e-03,-12125
-4.505100e-03,-11636
-4.778900e-03,-12352
-4.986300e-03,-11795
-5.217400e-03,-11417
-5.450200e-03,-10968
-5.725900e-03,-11105
-5.981600e-03,-10819
-6.247500e-03,-10304
-6.480800e-03,-10250
-6.743000e-03,-11357
-6.993000e-03,-10885
-7.231600e-03,-11629
-7.504000e-03,-12845
-7.723800e-03,-12555
-7.979600e-03,-14125
-8.217900e-03,-13192
-8.424100e-03,-13197
-8.693500e-03,-13694
-8.937600e-03,-12638
-9.151400e-03,-12344
-9.400000e-03,-12798
-9.644900e-03,-12404
-9.884200e-03,-13781
-1.012300e-02,-13108
-1.036700e-02,-13593
-1.063100e-02,-13555
-1.085800e-02,-13724
-1.088200e-02,-13742
-1.090000e-02,-13755
-1.091300e-02,-13765
-1.090000e-02,-13755
-1.091700e-02,-13768
-1.093000e-02,-13777
-1.093400e-02,-13780
-1.094300e-02,-13787
-1.093900e-02,-13784
-1.094100e-02,-13785
-1.094200e-02,-13786
-1.095100e-02,-13793
-1.095100e-02,-13793
-1.094700e-02,-13790
-1.094800e-02,-13791
-1.094500e-02,-13788
-1.095600e-02,-13797
-1.095800e-02,-13798
-1.094100e-02,-13785
-1.095100e-02,-13793
-1.096100e-02,-13800
-1.094000e-02,-13275
-1.096400e-02,-13687
-1.096600e-02,-13722
-1.096600e-02,-13722
-1.095800e-02,-13584
-1.095600e-02,-13550
-1.096100e-02,-13636
-1.090000e-02,-12588
-1.074000e-02,-9.840900e+03
-1.062400e-02,-7.848900e+03
-1.041500e-02,-4260
-1.026100e-02,-1.615500e+03
-1.005700e-02,1.887700e+03
-9.885900e-03,4.825800e+03
-9.722700e-03,7.628300e+03
-9.480300e-03,11791
-9.259000e-03,15591
-9.105100e-03,16178
-8.838000e-03,22453
-8.640600e-03,24958
-8.427100e-03,29234
-8.190200e-03,31233
-7.958000e-03,33320
-7.706900e-03,36437
-7.477200e-03,37403
-7.244000e-03,39644
-6.983700e-03,42038
-6.749900e-03,43165
-6.497400e-03,45807
-6.288400e-03,45319
-6.082600e-03,47242
-5.812900e-03,49845
-5.588800e-03,50197
-5.358600e-03,53230
-5.112200e-03,53968
-4.892500e-03,55238
-4.629200e-03,58480
-4.415100e-03,58489
-4.162900e-03,61778
-3.897900e-03,62921
-3.715400e-03,62901
-3.431600e-03,6.510900e+04
-3.201800e-03,65062
-2.990000e-03,66610
-2.743700e-03,67978
-2.507500e-03,67683
-2.320100e-03,70704
-2.079800e-03,71120
-1.806100e-03,71795
-1.488400e-03,74982
-1.246900e-03,73809
-1.011000e-03,74823
-7.840400e-04,74436
-5.753700e-04,74713
-2.799800e-04,77394
2.219700e-05,76127
3.231600e-04,77900
5.735100e-04,76708
7.196000e-04,75278
9.174500e-04,78373
1.106300e-03,77334
1.381900e-03,77790
1.740900e-03,81639
2.059000e-03,80146
2.295000e-03,80561
2.437000e-03,77960
2.645800e-03,78187
2.902100e-03,80787
3.132800e-03,80241
3.452800e-03,82799
3.699100e-03,82136
3.922500e-03,79647
4.168800e-03,82895
4.330600e-03,80079
4.591400e-03,79641
4.919100e-03,82701
5.189800e-03,81505
5.438000e-03,80463
5.736500e-03,82065
5.939300e-03,79861
6.206600e-03,81954
6.463000e-03,80545
6.710900e-03,81663
6.984700e-03,82028
7.217200e-03,80282
7.455200e-03,80317
7.710500e-03,78587
7.917600e-03,76874
8.194300e-03,79270
8.432400e-03,77925
8.708100e-03,78721
9.025600e-03,80108
9.218800e-03,78951
9.462400e-03,80998
9.658300e-03,81092
9.890600e-03,83195
1.018600e-02,84096
1.042500e-02,83952
1.069600e-02,85336
1.092900e-02,83600
1.114700e-02,86143
1.141500e-02,87156
1.152500e-02,87571
1.153500e-02,87609
1.155300e-02,87677
1.155200e-02,87673
1.155200e-02,87673
1.153800e-02,87620
1.155100e-02,87669
1.157200e-02,87749
1.156900e-02,87737
1.157200e-02,87749
1.156700e-02,87730
1.156700e-02,87730
1.156000e-02,87703
1.156100e-02,87707
1.156600e-02,87726
1.156000e-02,87703
1.157500e-02,87760
1.156300e-02,87715
1.157800e-02,87771
1.157700e-02,87767
1.156200e-02,87711
1.156700e-02,87730
1.156800e-02,87733
1.157100e-02,87745
1.158600e-02,87801
1.157000e-02,87741
1.158200e-02,87786
1.157000e-02,87741
1.157200e-02,87749
1.157500e-02,87760
1.157400e-02,87756
1.157700e-02,87767
1.156600e-02,87726
1.157400e-02,87756
1.157500e-02,87760
1.159500e-02,87835
1.158700e-02,87668
1.158500e-02,87626
1.157300e-02,87375
1.156700e-02,87249
1.157500e-02,87416
1.156700e-02,87249
1.157600e-02,87437
1.157200e-02,87354
1.157600e-02,87437
1.158200e-02,87563
1.158600e-02,87647
1.156200e-02,87144
1.158300e-02,87584
1.157900e-02,87500
1.159200e-02,87773
1.158000e-02,87521
1.158000e-02,87521
1.156700e-02,87249
1.157000e-02,87312
1.157800e-02,87479
1.146000e-02,85007
1.133800e-02,82452
1.119900e-02,79540
1.104000e-02,76209
1.083500e-02,71915
1.064900e-02,68018
1.043200e-02,63473
1.026300e-02,59932
1.006300e-02,55743
9.856900e-03,51425
9.608800e-03,45998
9.376300e-03,41358
9.124700e-03,38490
8.904700e-03,33318
8.697500e-03,31737
8.461600e-03,27987
8.227700e-03,27120
8.002600e-03,24932
7.746600e-03,22625
7.507000e-03,21611
7.271600e-03,19130
7.035600e-03,17376
6.828700e-03,17032
6.551900e-03,13791
6.292400e-03,11333
6.050900e-03,10685
5.748900e-03,8.930300e+03
5.499500e-03,8.598300e+03
5.266100e-03,6.786600e+03
5.086100e-03,7225
4.840700e-03,6.168300e+03
4.619400e-03,4.235600e+03
4.329400e-03,3.743500e+03
4.051200e-03,3.160400e+03
3.803800e-03,2.574700e+03
3.618100e-03,3.822600e+03
3.435300e-03,2.562700e+03
3.213200e-03,1.983900e+03
2.949000e-03,4.318100e+02
2.570700e-03,-8.878900e+02
2.296100e-03,-4.407300e+02
2.047600e-03,-1.070600e+03
1.902800e-03,5.784300e+02
1.701200e-03,-7.598700e+02
1.488600e-03,-2424
1.223300e-03,-3.012100e+03
8.842700e-04,-4.128900e+03
6.158000e-04,-4.289200e+03
3.489100e-04,-3.128500e+03
1.789000e-04,-3.159400e+03
-3.893300e-05,-2.796900e+03
-3.116400e-04,-3.819600e+03
-6.367100e-04,-3.951300e+03
-8.854400e-04,-3.435100e+03
-1.173300e-03,-4967
-1.347800e-03,-2.878200e+03
-1.605200e-03,-2.096700e+03
-1.844400e-03,-1.741900e+03
-2.078700e-03,-5.986700e+02
-2.326600e-03,4.652200e+01
-2.586100e-03,6.788300e+02
-2.825600e-03,1.651700e+03
-3.078200e-03,1.081500e+03
-3.329400e-03,2.095400e+03
-3.575100e-03,1.943800e+03
-3.837100e-03,1.938900e+03
-4.078200e-03,2.295600e+03
-4.339000e-03,5.068300e+02
-4.578500e-03,1.437700e+03
-4.817700e-03,1.452500e+03
-5.054400e-03,8.395500e+02
-5.278400e-03,2.083600e+03
-5.531500e-03,1.496300e+03
-5.803400e-03,1.100700e+03
-6.048600e-03,2.468100e+03
-6.331700e-03,1.679600e+03
-6.562300e-03,1.571100e+03
-6.799300e-03,3.971500e+02
-7.007300e-03,-6.486300e+02
-7.261600e-03,-8.849200e+02
-7.503200e-03,-2.884300e+03
-7.762900e-03,-2341
-8.020600e-03,-1.898500e+03
-8.290300e-03,-2363
-8.519400e-03,-1.060400e+03
-8.757200e-03,-5.994000e+02
-9.012400e-03,-1.075800e+03
-9.251400e-03,2.901000e+02
-9.491600e-03,-1.461200e+02
-9.743300e-03,6.787800e+02
-9.985600e-03,8.593900e+02
-1.022300e-02,7.853800e+02
-1.044300e-02,2.437700e+03
-1.067000e-02,1.916500e+03
-1.092100e-02,2.482400e+03
-1.117700e-02,2.903900e+03
-1.130700e-02,3.117900e+03
-1.132600e-02,3.149100e+03
-1.132500e-02,3.147500e+03
-1.131000e-02,3.122800e+03
-1.133200e-02,3159
-1.132800e-02,3.152400e+03
-1.134800e-02,3.185400e+03
-1.136400e-02,3.211700e+03
-1.137200e-02,3.224900e+03
-1.138100e-02,3.239700e+03
-1.138900e-02,3.252900e+03
-1.136800e-02,3.218300e+03
-1.139600e-02,3.264400e+03
-1.140300e-02,3.275900e+03
-1.139600e-02,3.264400e+03
-1.139300e-02,3.259400e+03
-1.140100e-02,3.272600e+03
-1.139400e-02,3.261100e+03
-1.139500e-02,3.262700e+03
-1.139400e-02,3.261100e+03
-1.139700e-02,3266
-1.139800e-02,3.267700e+03
-1.139600e-02,3.264400e+03
-1.140200e-02,3.274300e+03
-1.140200e-02,3.274300e+03
-1.140500e-02,3.279200e+03
-1.140100e-02,3.272600e+03
-1.144100e-02,3.338500e+03
-1.140800e-02,3.986700e+03
-1.140200e-02,4.104500e+03
-1.141200e-02,3.908100e+03
-1.140100e-02,4.124200e+03
-1.140100e-02,4.124200e+03
-1.141200e-02,3.908100e+03
-1.141800e-02,3.790200e+03
-1.140600e-02,4026
-1.135700e-02,4.988400e+03
-1.120200e-02,8.033000e+03
-1.104400e-02,11137
-1.089300e-02,14103
-1.071100e-02,17677
-1.055600e-02,20722
-1.032600e-02,25240
-1.014100e-02,28874
-9.940300e-03,32816
-9.716600e-03,37210
-9.524000e-03,41403
-9.284100e-03,46552
-9.086700e-03,48473
-8.857300e-03,51883
-8.601500e-03,54890
-8.398400e-03,54164
-8.134500e-03,59106
-7.884100e-03,60334
-7.676400e-03,61973
-7.422200e-03,6.424200e+04
-7.207200e-03,65071
-6.933900e-03,68230
-6.679000e-03,69289
-6.459400e-03,70078
-6.222300e-03,70017
-5.994000e-03,71626
-5.763300e-03,73174
-5.522000e-03,73833
-5.303300e-03,74422
-5.023300e-03,77911
-4.821200e-03,77540
-4.609700e-03,78099
-4.287000e-03,79758
-4.079300e-03,79847
-3.850100e-03,81805
-3.584900e-03,81874
-3.376300e-03,82893
-3.111700e-03,84782
-2.896800e-03,82581
-2.683100e-03,83710
-2.426600e-03,83469
-2.195800e-03,82648
-1.936900e-03,85107
-1.676100e-03,83705
-1.371600e-03,83364
-1.093500e-03,84043
-8.936400e-04,81512
-6.554800e-04,83751
-3.937300e-04,82569
-1.377600e-04,80668
2.497800e-04,82786
4.969700e-04,79305
6.775200e-04,77234
8.423800e-04,75654
1.013800e-03,74443
1.325600e-03,77871
1.603900e-03,77070
1.929100e-03,76298
2.233900e-03,76517
2.412600e-03,73596
2.602800e-03,74715
2.846200e-03,75904
3.045500e-03,75633
3.408500e-03,78762
3.656400e-03,76770
3.881700e-03,77729
4.141100e-03,78368
4.317900e-03,76087
4.559900e-03,78616
4.812200e-03,78665
5.120000e-03,78003
5.410500e-03,78762
5.678700e-03,75291
5.989600e-03,76279
6.219900e-03,74648
6.369300e-03,71788
6.713800e-03,73776
6.968000e-03,71865
7.195800e-03,70654
7.456400e-03,70793
7.696600e-03,69821
7.940500e-03,70110
8.174000e-03,70029
8.399000e-03,70318
8.690400e-03,73817
8.951800e-03,72466
9.205900e-03,72434
9.471700e-03,72413
9.651400e-03,71292
9.891600e-03,74491
1.015700e-02,74480
1.036700e-02,73829
1.073700e-02,77667
1.095900e-02,75836
1.119400e-02,77769
1.143100e-02,78661
1.144800e-02,78725
1.147200e-02,78816
1.146400e-02,78786
1.148100e-02,78850
1.149100e-02,78887
1.147600e-02,78831
1.145800e-02,78763
1.146900e-02,78805
1.146300e-02,78782
1.148000e-02,78846
1.147200e-02,78816
1.146800e-02,78801
1.146600e-02,78793
1.148100e-02,78850
1.148500e-02,78865
1.147900e-02,78842
1.148700e-02,78872
1.148700e-02,78872
1.148800e-02,78876
1.148900e-02,78880
1.148900e-02,78880
1.149000e-02,78884
1.149700e-02,78910
1.149200e-02,78891
1.148500e-02,78865
1.149100e-02,78887
1.148500e-02,78865
1.150300e-02,78933
1.147800e-02,78838
1.149000e-02,78884
1.150000e-02,78921
1.149800e-02,78678
1.150600e-02,78826
1.149500e-02,78623
1.149900e-02,78697
1.148800e-02,78493
1.150000e-02,78715
1.149600e-02,78641
1.149900e-02,78697
1.148100e-02,78364
1.151400e-02,78974
1.140300e-02,76921
1.122700e-02,73667
1.109200e-02,71170
1.091100e-02,67823
1.066800e-02,63330
1.048600e-02,59964
1.032100e-02,56913
1.013800e-02,53529
9.908800e-03,49290
9.683200e-03,44064
9.417900e-03,40518
9.196100e-03,36663
8.970100e-03,33252
8.750000e-03,30958
8.511500e-03,27779
8.283600e-03,27076
8.029400e-03,24514
7.787900e-03,22607
7.547600e-03,22469
7.285000e-03,20242
7.080400e-03,19702
6.900500e-03,18716
6.623500e-03,16737
6.339700e-03,15150
6.089800e-03,13919
5.824600e-03,13163
5.586500e-03,12904
5.353600e-03,11156
5.132400e-03,11599
4.909700e-03,10140
4.628700e-03,8.994500e+03
4.395600e-03,9.324900e+03
4.070500e-03,7.891400e+03
3.842900e-03,9.644300e+03
3.687400e-03,10087
3.462900e-03,10340
3.239300e-03,9.860200e+03
2.945000e-03,8261
2.596600e-03,8.260500e+03
2.305500e-03,8840
2.078900e-03,9.172800e+03
1.934100e-03,10616
1.713600e-03,8.862800e+03
1.480500e-03,7.632300e+03
1.205000e-03,7.776400e+03
8.679100e-04,7.205900e+03
5.984100e-04,8.651500e+03
4.133100e-04,10153
1.727100e-04,11065
-5.117400e-05,11608
-3.280000e-04,10964
-6.209500e-04,11842
-9.121000e-04,12978
-1.187300e-03,12970
-1.380800e-03,14539
-1.610700e-03,14505
-1.882200e-03,14940
-2.089700e-03,15901
-2.372400e-03,15256
-2.631300e-03,16334
-2.863800e-03,15783
-3.128300e-03,15764
-3.368200e-03,16490
-3.633800e-03,15847
-3.889800e-03,1.629200e+04
-4.147900e-03,16446
-4.387900e-03,15868
-4.609400e-03,16549
-4.873500e-03,15952
-5.113600e-03,1.612100e+04
-5.308700e-03,17207
-5.566900e-03,1.619000e+04
-5.830500e-03,15678
-6.055300e-03,16532
-6.328500e-03,16337
-6.578200e-03,16391
-6.833300e-03,1.620200e+04
-7.093600e-03,17200
-7.335900e-03,18138
-7.572400e-03,17384
-7.826400e-03,17816
-8.078100e-03,16719
-8.325000e-03,14939
-8.560900e-03,14484
-8.815300e-03,12660
-9.033400e-03,12181
-9.302900e-03,12755
-9.553300e-03,12156
-9.810500e-03,13436
-1.007000e-02,12682
-1.029900e-02,13681
-1.053000e-02,15103
-1.079900e-02,15596
-1.104300e-02,16035
-1.114600e-02,1.622000e+04
-1.118000e-02,1.628100e+04
-1.120100e-02,1.631900e+04
-1.120000e-02,16317
-1.121900e-02,16351
-1.120000e-02,16317
-1.123100e-02,1.637300e+04
-1.122700e-02,1.636500e+04
-1.121600e-02,16346
-1.122700e-02,1.636500e+04
-1.121700e-02,1.634700e+04
-1.122900e-02,16369
-1.122800e-02,16367
-1.122300e-02,16358
-1.122300e-02,16358
-1.122000e-02,1.635300e+04
-1.122600e-02,16364
-1.123100e-02,1.637300e+04
-1.122500e-02,1.636200e+04
-1.122800e-02,16367
-1.123100e-02,1.637300e+04
-1.123200e-02,1.637400e+04
-1.123300e-02,1.637600e+04
-1.122200e-02,1.635600e+04
-1.124500e-02,16398
-1.122200e-02,1.635600e+04
-1.123100e-02,1.637300e+04
-1.122800e-02,16367
-1.124200e-02,16392
-1.122800e-02,16367
-1.123100e-02,1.637300e+04
-1.125200e-02,16410
-1.123300e-02,16723
-1.123400e-02,16706
-1.122800e-02,16805
-1.123900e-02,16624
-1.123700e-02,16657
-1.123700e-02,16657
-1.122700e-02,16821
-1.122000e-02,16936
-1.124000e-02,16608
-1.123100e-02,16755
-1.123400e-02,16706
-1.113300e-02,18366
-1.092400e-02,21801
-1.077700e-02,24217
-1.063300e-02,26583
-1.046100e-02,29410
-1.026800e-02,32582
-1.002300e-02,36608
-9.862400e-03,39248
-9.621400e-03,43208
-9.392500e-03,47572
-9.198500e-03,48296
-8.951500e-03,54992
-8.702000e-03,57167
-8.509700e-03,58950
-8.245500e-03,61735
-8.050800e-03,61929
-7.769600e-03,65304
-7.569400e-03,6.424800e+04
-7.348600e-03,65672
-7.078400e-03,67987
-6.831800e-03,68432
-6.588300e-03,69256
-6.313900e-03,68611
-6.130500e-03,67165
-5.863800e-03,69949
-5.630400e-03,68334
-5.410600e-03,68508
-5.176200e-03,68002
-4.908500e-03,68307
-4.661300e-03,71022
-4.438200e-03,69756
-4.181000e-03,70251
-3.933400e-03,72045
-3.702200e-03,69840
-3.434200e-03,71625
-3.173400e-03,70989
-2.952800e-03,68623
-2.674900e-03,70219
-2.419400e-03,68663
-2.280500e-03,66906
-1.982300e-03,67231
-1.724000e-03,66556
-1.408800e-03,69562
-1.143700e-03,67787
-8.834700e-04,67472
-7.050300e-04,67265
-4.894000e-04,66979
-2.141500e-04,68644
1.428700e-04,70371
4.291300e-04,68526
6.957600e-04,68391
8.418600e-04,64944
9.993500e-04,64967
1.216600e-03,65611
1.511400e-03,6.412600e+04
1.829100e-03,66222
2.182900e-03,65029
2.416900e-03,63833
2.632100e-03,63947
2.783800e-03,62920
3.042500e-03,6.439500e+04
3.364600e-03,64381
3.611900e-03,62995
3.896900e-03,63851
4.129900e-03,61645
4.346100e-03,61539
4.586300e-03,61113
4.848300e-03,60978
5.110100e-03,63273
5.399100e-03,61528
5.662900e-03,60593
5.951400e-03,63989
6.186100e-03,61333
6.378500e-03,60537
6.675100e-03,60662
6.899600e-03,59396
7.169600e-03,58811
7.460600e-03,58077
7.710300e-03,57741
7.988600e-03,58746
8.177100e-03,55360
8.423500e-03,57694
8.705700e-03,56840
8.959100e-03,55084
9.259800e-03,57020
9.506300e-03,54295
9.742200e-03,54439
9.979600e-03,53836
1.021800e-02,53238
1.051000e-02,55173
1.081500e-02,55489
1.103300e-02,52862
1.131600e-02,53377
1.156100e-02,51477
1.179800e-02,52397
1.204700e-02,51823
1.230100e-02,51437
1.262800e-02,53508
1.289000e-02,52025
1.312500e-02,51718
1.340900e-02,52769
1.363200e-02,52108
1.388300e-02,52962
1.415300e-02,53426
1.438800e-02,52472
1.466500e-02,54080
1.491400e-02,53269
1.516000e-02,53563
1.541300e-02,54304
1.565500e-02,52938
1.593600e-02,55514
1.619000e-02,53672
1.642600e-02,53129
1.667700e-02,55398
1.693200e-02,54182
1.719800e-02,55467
1.745500e-02,53946
1.770200e-02,53912
1.798600e-02,55992
1.825000e-02,55297
1.847700e-02,54611
1.876200e-02,54576
1.905800e-02,54732
1.931900e-02,56647
1.954500e-02,54751
1.979500e-02,54645
2.007100e-02,57251
2.032000e-02,55765
2.055200e-02,54979
2.081100e-02,56614
2.106700e-02,55429
2.130700e-02,55633
2.155600e-02,56048
2.180800e-02,55653
2.216100e-02,57079
2.238800e-02,54234
2.261800e-02,54648
2.289600e-02,55203
2.317800e-02,53547
2.343500e-02,54933
2.367800e-02,53254
2.396100e-02,54373
2.425500e-02,53705
2.447600e-02,52236
2.471400e-02,52474
2.500300e-02,53515
2.528800e-02,51612
2.552400e-02,52291
2.580700e-02,50972
2.606100e-02,49546
2.634100e-02,49605
2.656600e-02,48181
2.683500e-02,49227
2.711300e-02,47922
2.733600e-02,46769
2.766200e-02,48739
2.790000e-02,46850
2.818300e-02,45411
2.841600e-02,45320
2.868300e-02,44033
2.898300e-02,44048
2.922900e-02,43240
2.945600e-02,42390
2.981900e-02,44171
3.005300e-02,41749
3.028300e-02,41378
3.056400e-02,42597
3.085300e-02,43688
3.112200e-02,46138
3.134600e-02,44856
3.158600e-02,44653
3.185300e-02,46770
3.210000e-02,44193
3.234500e-02,45355
3.267100e-02,45109
3.288700e-02,43195
3.321600e-02,45187
3.345700e-02,44064
3.370400e-02,44232
3.396200e-02,43309
3.420900e-02,42759
3.449700e-02,44640
3.472900e-02,42155
3.496300e-02,41719
3.524200e-02,44320
3.552900e-02,42509
3.578700e-02,41735
3.605100e-02,43068
3.631400e-02,42451
3.658500e-02,43185
3.685200e-02,42312
3.708500e-02,41324
3.739500e-02,42515
3.769800e-02,40381
3.789300e-02,40727
3.818200e-02,40183
3.842900e-02,38779
3.870700e-02,41413
3.895500e-02,38494
3.927100e-02,38379
3.954900e-02,39149
3.979300e-02,36263
4.009600e-02,38255
4.037600e-02,36838
4.060800e-02,35063
4.088100e-02,35403
4.116800e-02,37183
4.138200e-02,36992
4.137500e-02,36998
4.141400e-02,36963
4.141100e-02,36966
4.144700e-02,36933
4.144600e-02,36934
4.146400e-02,36918
4.145900e-02,36923
4.148200e-02,36902
4.146200e-02,36920
4.147800e-02,36906
4.146800e-02,36915
4.148800e-02,36897
4.148600e-02,36899
4.149400e-02,36891
4.150800e-02,36879
4.153300e-02,36857
4.154500e-02,36846
4.154800e-02,36843
4.155100e-02,36840
4.155500e-02,36837
4.154900e-02,36842
4.155300e-02,36839
4.154500e-02,36846
4.155400e-02,36838
4.154800e-02,36843
4.156400e-02,36829
4.155100e-02,36840
4.155000e-02,36841
4.154500e-02,36846
4.155700e-02,36835
4.154700e-02,36844
4.154300e-02,36848
4.155200e-02,36840
4.154500e-02,36846
4.155800e-02,36834
4.154200e-02,36848
4.154600e-02,36845
4.155300e-02,36839
4.155600e-02,36836
4.158500e-02,36810
4.155100e-02,36840
4.156100e-02,36831
4.157000e-02,36823
4.155400e-02,36838
4.158000e-02,36814
4.157100e-02,36823
4.157600e-02,36818
4.157900e-02,36815
4.157200e-02,36822
4.156600e-02,36827
4.156600e-02,36827
4.157900e-02,36815
4.157600e-02,36818
4.157800e-02,36816
4.159700e-02,36799
4.158600e-02,36728
4.139200e-02,35464
4.122600e-02,34382
4.105100e-02,33242
4.084500e-02,31900
4.064800e-02,30617
4.043600e-02,29236
4.021400e-02,27790
3.997400e-02,24146
3.974200e-02,23596
3.950500e-02,21549
3.928200e-02,18815
3.903800e-02,20727
3.878700e-02,18700
3.854300e-02,16978
3.832600e-02,18552
3.804000e-02,17364
3.782300e-02,17919
3.754100e-02,15461
3.727700e-02,16574
3.704900e-02,17058
3.679100e-02,14901
3.654700e-02,15663
3.625100e-02,12933
3.600000e-02,13877
3.576600e-02,13962
3.553700e-02,11286
3.526900e-02,13709
3.501100e-02,14278
3.474400e-02,13014
3.447000e-02,14074
3.421500e-02,12968
3.398200e-02,13353
3.375100e-02,13805
3.346400e-02,12581
3.322300e-02,12849
3.296100e-02,10355
3.265200e-02,9.006400e+03
3.244800e-02,8.697500e+03
3.218000e-02,9.183300e+03
3.190800e-02,9.757100e+03
3.167300e-02,7.586900e+03
3.142600e-02,10480
3.115400e-02,11935
3.089700e-02,10995
3.061100e-02,11236
3.036900e-02,11327
3.010000e-02,9.149500e+03
2.985300e-02,9954
2.957400e-02,8.726900e+03
2.931600e-02,8.929400e+03
2.908300e-02,9.138700e+03
2.879500e-02,7.935200e+03
2.856400e-02,8164
2.832800e-02,8.124500e+03
2.802100e-02,7.077800e+03
2.776600e-02,8.054200e+03
2.751800e-02,6.648400e+03
2.724900e-02,6967
2.696400e-02,7.496300e+03
2.671600e-02,7.258600e+03
2.648800e-02,7.340200e+03
2.621400e-02,7.301400e+03
2.594700e-02,7.876600e+03
2.573500e-02,9.050500e+03
2.550400e-02,8.341300e+03
2.517900e-02,7.568800e+03
2.494900e-02,9.062900e+03
2.471700e-02,8.310500e+03
2.446600e-02,8.180900e+03
2.418500e-02,7.259300e+03
2.394400e-02,8.348400e+03
2.368700e-02,8.329200e+03
2.344600e-02,7.604400e+03
2.310800e-02,9.403400e+03
2.288400e-02,10405
2.259500e-02,10153
2.235600e-02,12772
2.209100e-02,12894
2.186900e-02,13195
2.161500e-02,14363
2.132500e-02,14634
2.107500e-02,17809
2.086100e-02,19419
2.057900e-02,19208
2.031700e-02,19555
2.004400e-02,19340
1.980300e-02,20295
1.954700e-02,21103
1.939900e-02,21570
1.937800e-02,21636
1.937800e-02,21636
1.934200e-02,21750
1.933100e-02,21785
1.933100e-02,21785
1.931800e-02,21826
1.929700e-02,21892
1.930500e-02,21867
1.931700e-02,21829
1.930800e-02,21857
1.930800e-02,21857
1.930600e-02,21863
1.930900e-02,22149
1.931000e-02,22159
1.932400e-02,22302
1.934600e-02,22528
1.935900e-02,22661
1.934600e-02,22528
1.933600e-02,22425
1.933900e-02,22456
1.936000e-02,22671
1.936400e-02,22712
1.936700e-02,22743
1.935200e-02,22589
1.936400e-02,22712
1.935800e-02,22651
1.937100e-02,22784
1.939800e-02,23060
1.937100e-02,22784
1.936400e-02,22712
1.937100e-02,22784
1.937500e-02,22825
1.937300e-02,22804
1.938300e-02,22907
1.938900e-02,22968
1.939400e-02,23019
1.939100e-02,22988
1.940000e-02,23081
1.939200e-02,22999
1.941400e-02,23224
1.938600e-02,22937
1.939800e-02,23060
1.939800e-02,23060
1.940200e-02,23101
1.940000e-02,23081
1.939800e-02,23060
1.942100e-02,23296
1.941500e-02,23234
1.941100e-02,23193
1.941600e-02,23245
1.940600e-02,23142
1.942000e-02,23285
1.941900e-02,23275
1.941500e-02,23234
1.943100e-02,23398
1.941500e-02,23234
1.941600e-02,23245
1.942300e-02,23316
1.943400e-02,23429
1.944300e-02,23521
1.944900e-02,23582
1.945000e-02,23593
1.944700e-02,23562
1.944200e-02,23511
1.943900e-02,23480
1.944800e-02,23572
1.945300e-02,23623
1.944100e-02,23501
1.944100e-02,23501
1.944200e-02,23511
1.943400e-02,23429
1.944800e-02,23572
1.943600e-02,23449
1.943300e-02,23419
1.943600e-02,23449
1.942600e-02,23347
1.943700e-02,23460
1.943700e-02,23460
1.944900e-02,23582
1.942500e-02,23337
1.944600e-02,23552
1.942500e-02,23337
1.943100e-02,23398
1.942500e-02,23337
1.943100e-02,23398
1.943400e-02,23429
1.944100e-02,23501
1.963100e-02,25446
1.982300e-02,27413
2.003000e-02,29533
2.017800e-02,31048
2.044500e-02,33783
2.063100e-02,34834
2.083900e-02,37975
2.108300e-02,40238
2.134100e-02,41905
2.163500e-02,45278
2.182300e-02,45174
2.204600e-02,45727
2.238700e-02,49218
2.259300e-02,45700
2.289600e-02,47441
2.319700e-02,47042
2.340500e-02,45482
2.365900e-02,43932
2.393600e-02,44243
2.422300e-02,45969
2.445700e-02,42914
2.469200e-02,42590
2.497900e-02,45259
2.528500e-02,43253
2.551600e-02,42104
2.580900e-02,43600
2.605300e-02,42346
2.636400e-02,43370
2.664000e-02,42685
2.687100e-02,41999
2.721000e-02,44020
2.746300e-02,41360
2.771500e-02,42919
2.798900e-02,41332
2.828700e-02,40291
2.858000e-02,42570
2.879200e-02,40146
2.911200e-02,41255
2.937500e-02,40422
2.961300e-02,38810
2.991200e-02,40427
3.023000e-02,40036
3.045500e-02,38437
3.072500e-02,38903
3.104300e-02,38121
3.130600e-02,38662
3.156400e-02,37393
3.181800e-02,37358
3.213400e-02,39880
3.239300e-02,37193
3.263800e-02,36580
3.291000e-02,38304
3.319600e-02,36718
3.344900e-02,37183
3.376100e-02,37908
3.405200e-02,36486
3.434500e-02,37869
3.461800e-02,36228
3.488600e-02,37010
3.518500e-02,36835
3.547400e-02,36088
3.574400e-02,38543
3.602900e-02,37008
3.630800e-02,37265
3.655400e-02,37198
3.678400e-02,36678
3.713800e-02,37792
3.741600e-02,37318
3.764500e-02,35805
3.795900e-02,37093
3.823800e-02,36533
3.848200e-02,36083
3.879100e-02,36175
3.901700e-02,35834
3.936300e-02,37865
3.961500e-02,35992
3.989000e-02,35406
4.020600e-02,36806
4.045000e-02,35046
4.070600e-02,34367
4.105600e-02,36549
4.132700e-02,34135
4.162000e-02,35073
4.191400e-02,33453
4.217800e-02,33413
4.236600e-02,29434
4.242800e-02,29233
4.244000e-02,29194
4.245500e-02,29146
4.250200e-02,28994
4.250500e-02,28984
4.256200e-02,28799
4.258600e-02,28722
4.259200e-02,28702
4.260700e-02,28654
4.265100e-02,28512
4.264600e-02,28528
4.266200e-02,28476
4.269300e-02,28376
4.271600e-02,28301
4.270700e-02,28330
4.275800e-02,28165
4.278200e-02,28088
4.277700e-02,28104
4.278900e-02,28065
4.282800e-02,27939
4.283100e-02,27929
4.283100e-02,27929
4.283700e-02,27910
4.283700e-02,27910
4.282500e-02,27949
4.283100e-02,27929
4.285000e-02,27729
4.284600e-02,27711
4.284400e-02,27702
4.283500e-02,27661
4.283400e-02,27657
4.284000e-02,27684
4.283900e-02,27679
4.283900e-02,27679
4.283800e-02,27675
4.284600e-02,27711
4.284600e-02,27711
4.283900e-02,27679
4.282300e-02,27607
4.282000e-02,27594
4.282700e-02,27625
4.284000e-02,27684
4.283600e-02,27666
4.283600e-02,27666
4.280900e-02,27544
4.283400e-02,27657
4.283100e-02,27643
4.283000e-02,27639
4.282000e-02,27594
4.282600e-02,27621
4.282500e-02,27616
4.282300e-02,27607
4.283400e-02,27657
4.284200e-02,27693
4.282000e-02,27594
4.282900e-02,27634
4.282400e-02,27612
4.282100e-02,27598
4.282600e-02,27621
4.283300e-02,27652
4.282200e-02,27603
4.283400e-02,27657
4.284800e-02,27720
4.282700e-02,27625
4.280400e-02,27522
4.262400e-02,26712
4.241000e-02,25750
4.219700e-02,24792
4.201100e-02,23955
4.180000e-02,23006
4.156100e-02,21932
4.136100e-02,21032
4.108300e-02,19782
4.086200e-02,18010
4.061600e-02,20944
4.034700e-02,16600
4.011100e-02,15390
3.984900e-02,12070
3.961100e-02,12162
3.933400e-02,12327
3.902000e-02,10934
3.878400e-02,11419
3.853900e-02,9.395300e+03
3.823400e-02,7089
3.799000e-02,7.339800e+03
3.775300e-02,7.209200e+03
3.751800e-02,8.056900e+03
3.725600e-02,8.097900e+03
3.698400e-02,11310
3.674700e-02,11309
3.645300e-02,8.394100e+03
3.620200e-02,9.470500e+03
3.593800e-02,6655
3.567700e-02,2.388200e+03
3.541500e-02,3.051100e+03
3.514400e-02,2.765200e+03
3.487600e-02,4.218900e+03
3.461700e-02,5.363500e+03
3.437200e-02,4.143100e+03
3.410300e-02,7.583600e+03
3.385700e-02,6898
3.355500e-02,6.548400e+03
3.329900e-02,7.495600e+03
3.302200e-02,5.164400e+03
3.275600e-02,5.801500e+03
3.249500e-02,6.214700e+03
3.223900e-02,5.197900e+03
3.198700e-02,4945
3.166600e-02,4.377400e+03
3.142500e-02,3.600800e+03
3.121400e-02,4.713700e+03
3.091400e-02,-3.534500e+02
3.064000e-02,-6.750500e+02
3.039200e-02,-9.508400e+01
3.013000e-02,2.256900e+03
2.983400e-02,1.706600e+03
2.958500e-02,2.295300e+03
2.931900e-02,4.277400e+03
2.908100e-02,3.357500e+03
2.876200e-02,2.837300e+03
2.849300e-02,4.778800e+03
2.823100e-02,3.778800e+03
2.792400e-02,2.232100e+03
2.764900e-02,3.030300e+03
2.740400e-02,1.434900e+03
2.718100e-02,2.733200e+03
2.689600e-02,1.241300e+03
2.661800e-02,3.446800e+03
2.638200e-02,3.225300e+03
2.614200e-02,1803
2.583100e-02,2.103500e+03
2.559200e-02,3.891400e+03
2.531600e-02,1.001300e+03
2.506200e-02,1584
2.474600e-02,1.056400e+03
2.445600e-02,2.168400e+03
2.426600e-02,2.311800e+03
2.392600e-02,6.770800e+02
2.365900e-02,1095
2.348000e-02,2.184700e+03
2.317200e-02,6.948300e+02
2.290500e-02,1.725700e+03
2.264500e-02,3.381200e+02
2.240600e-02,1485
2.212700e-02,1.035300e+03
2.181100e-02,-7.042400e+02
2.154600e-02,8.030900e+02
2.128800e-02,-2.932600e+01
2.100600e-02,-1.055400e+02
2.096900e-02,-1.155400e+02
2.095800e-02,-1.185100e+02
2.095700e-02,-1.187800e+02
2.095200e-02,-1.201400e+02
2.094500e-02,-1.220300e+02
2.094400e-02,-1.223000e+02
2.096300e-02,-1.171600e+02
2.094900e-02,-1.209500e+02
2.095000e-02,-1.206800e+02
2.096300e-02,-1.171600e+02
2.095000e-02,-1.206800e+02
2.094900e-02,-1.209500e+02
2.094400e-02,-1.223000e+02
2.096000e-02,-1.179700e+02
2.095600e-02,-1.190500e+02
2.095000e-02,-1.206800e+02
2.094500e-02,-1.220300e+02
2.095200e-02,-1.201400e+02
2.095100e-02,-1.204100e+02
2.094300e-02,-1.225700e+02
2.095000e-02,-1.206800e+02
2.094600e-02,-1.217600e+02
2.094500e-02,-1.220300e+02
2.096900e-02,-1.155400e+02
2.092900e-02,-1.263500e+02
2.095400e-02,-1.195900e+02
2.094300e-02,-1.225700e+02
2.094900e-02,-1.209500e+02
2.094400e-02,-1.223000e+02
2.095200e-02,-1.201400e+02
2.094100e-02,-1.231100e+02
2.095100e-02,-1.204100e+02
2.094300e-02,-1.225700e+02
2.092900e-02,-1.263500e+02
2.095700e-02,-1.187800e+02
2.094600e-02,-1.217600e+02
2.094400e-02,-1.223000e+02
2.094900e-02,-1.209500e+02
2.094300e-02,2.418500e+02
2.093300e-02,8.730900e+01
2.101700e-02,1.385500e+03
2.119500e-02,4.136400e+03
2.134700e-02,6.485500e+03
2.153500e-02,9.390900e+03
2.177800e-02,13146
2.194900e-02,15789
2.214700e-02,18849
2.242700e-02,23176
2.263700e-02,26396
2.288800e-02,31727
2.310900e-02,33296
2.332500e-02,36019
2.360700e-02,42115
2.380500e-02,43100
2.407900e-02,48317
2.434000e-02,48904
2.459400e-02,49179
2.486600e-02,51810
2.511400e-02,50419
2.543900e-02,52699
2.564900e-02,52135
2.584900e-02,51807
2.624000e-02,55462
2.646900e-02,54688
2.665500e-02,54250
2.697200e-02,57221
2.721500e-02,56117
2.747700e-02,57111
2.772400e-02,56756
2.801900e-02,57657
2.835800e-02,59840
2.857000e-02,57157
2.882100e-02,58439
2.912100e-02,59158
2.937200e-02,57389
2.966400e-02,59353
2.990800e-02,58129
3.013900e-02,57674
3.040200e-02,58597
3.064900e-02,56681
3.094100e-02,57495
3.124700e-02,56340
3.147500e-02,55437
3.176800e-02,56940
3.204800e-02,54912
3.236400e-02,56020
3.264300e-02,55213
3.288000e-02,52923
3.322100e-02,53374
3.349300e-02,52342
3.366500e-02,51606
3.400700e-02,52667
3.427200e-02,52269
3.452200e-02,52501
3.481600e-02,52643
3.509200e-02,52708
3.538800e-02,54929
3.564400e-02,53347
3.588900e-02,54593
3.617200e-02,55403
3.639600e-02,54922
3.670500e-02,57715
3.696800e-02,55638
3.720000e-02,55303
3.749700e-02,56683
3.776100e-02,55046
3.805000e-02,55912
3.832400e-02,54198
3.857000e-02,53393
3.890100e-02,55550
3.915500e-02,53260
3.944800e-02,53923
3.972700e-02,53726
3.997700e-02,52998
4.027100e-02,53790
4.053500e-02,53243
4.079100e-02,52741
4.106300e-02,53039
4.133700e-02,51525
4.156800e-02,51420
4.192400e-02,52061
4.219100e-02,52291
4.244500e-02,52498
4.268200e-02,52393
4.270600e-02,52383
4.272700e-02,52373
4.279300e-02,52344
4.278200e-02,52349
4.279000e-02,52346
4.281800e-02,52333
4.279400e-02,52344
4.281100e-02,52336
4.281100e-02,52336
4.282400e-02,52331
4.282700e-02,52329
4.280800e-02,52338
4.281700e-02,52334
4.282000e-02,52333
4.283300e-02,52327
4.281300e-02,52336
4.281500e-02,52335
4.283000e-02,52328
4.281300e-02,52336
4.282700e-02,52329
4.283500e-02,52326
4.281000e-02,52337
4.283300e-02,52327
4.281400e-02,52335
4.282600e-02,52330
4.283100e-02,52328
4.281500e-02,52335
4.282200e-02,52332
4.282200e-02,52332
4.282600e-02,52330
4.282000e-02,52333
4.281800e-02,52333
4.282400e-02,52331
4.281700e-02,52334
4.283600e-02,52325
4.282900e-02,51928
4.282000e-02,51823
4.281800e-02,51799
4.282900e-02,51928
4.282000e-02,51823
4.282000e-02,51823
4.284000e-02,52057
4.282700e-02,51904
4.280800e-02,51682
4.282300e-02,51858
4.283300e-02,51975
4.283800e-02,52033
4.282300e-02,51858
4.282400e-02,51869
4.282700e-02,51904
4.281200e-02,51729
4.283300e-02,51975
4.282200e-02,51846
4.281100e-02,51717
4.282500e-02,51881
4.283500e-02,51998
4.282900e-02,51928
4.282900e-02,51928
4.282800e-02,51916
4.281300e-02,51741
4.282500e-02,51881
4.283500e-02,51998
4.281800e-02,51799
4.283300e-02,51975
4.282000e-02,51823
4.282700e-02,51904
4.281900e-02,51811
4.282300e-02,51858
4.283400e-02,51986
4.282000e-02,51823
4.282700e-02,51904
4.282200e-02,51846
4.283200e-02,51963
4.281600e-02,51776
4.283200e-02,51963
4.281000e-02,51706
4.280400e-02,51635
4.281800e-02,51799
4.280800e-02,51682
4.281600e-02,51776
4.280900e-02,51694
4.282500e-02,51881
4.282400e-02,51869
4.283600e-02,52010
4.282700e-02,51904
4.282500e-02,51881
4.282400e-02,51869
4.282900e-02,51928
4.281200e-02,51729
4.280500e-02,51647
4.282700e-02,51904
4.282100e-02,51834
4.283100e-02,51951
4.282400e-02,51869
4.283400e-02,51986
4.281200e-02,51729
4.282200e-02,51846
4.282000e-02,51823
4.283400e-02,51986
4.282300e-02,51858
4.282500e-02,51881
4.282000e-02,51823
4.282000e-02,51823
4.281900e-02,51811
4.282600e-02,51893
4.283000e-02,51940
4.282200e-02,51846
4.283100e-02,51951
4.282500e-02,51881
4.282200e-02,51846
4.283000e-02,51940
4.281900e-02,51811
4.282400e-02,51869
4.283100e-02,51951
4.283700e-02,52021
4.281600e-02,51776
4.281900e-02,51811
4.281100e-02,51717
4.280800e-02,51682
4.282400e-02,51869
4.282900e-02,51928
4.283100e-02,51951
4.282000e-02,51823
4.282000e-02,51823
4.281400e-02,51752
4.282100e-02,51834
4.281200e-02,51729
4.282400e-02,51869
4.283000e-02,51940
4.283600e-02,52010
4.281700e-02,51787
4.281800e-02,51799
4.281800e-02,51799
4.281900e-02,51811
4.282600e-02,51893
4.283100e-02,51951
4.282100e-02,51834
4.283000e-02,51940
4.283200e-02,51963
4.282800e-02,51916
4.281800e-02,51799
4.282500e-02,51881
4.281100e-02,51717
4.282100e-02,51834
4.282700e-02,51904
4.282800e-02,51916
4.281400e-02,51752
4.275800e-02,51097
4.267300e-02,50102
4.258400e-02,49061
4.249200e-02,47984
4.242600e-02,47212
4.235700e-02,46405
4.220000e-02,44568
4.212200e-02,43655
4.205000e-02,42812
4.193100e-02,41420
4.183900e-02,40343
4.177400e-02,39583
4.162900e-02,37886
4.150900e-02,36482
4.140800e-02,35300
4.126800e-02,33662
4.116000e-02,3.230600e+04
4.105300e-02,3.221800e+04
4.093400e-02,30247
4.078600e-02,28007
4.067500e-02,27132
4.056400e-02,25767
4.044700e-02,24768
4.030200e-02,22528
4.020500e-02,22568
4.007000e-02,21181
3.992000e-02,19074
3.980500e-02,21564
3.968600e-02,23295
3.952200e-02,18065
3.940500e-02,18463
3.931500e-02,19581
3.912500e-02,17613
3.902600e-02,18049
3.887000e-02,17675
3.872100e-02,14925
3.859800e-02,15756
3.846900e-02,18851
3.836300e-02,15955
3.823600e-02,14787
3.810700e-02,15095
3.797700e-02,13800
3.782400e-02,13771
3.772900e-02,14660
3.754000e-02,14637
3.742000e-02,13858
3.733000e-02,13366
3.718300e-02,14647
3.703400e-02,14621
3.689300e-02,12645
3.677400e-02,20191
3.664000e-02,17094
3.649500e-02,12639
3.638600e-02,12994
3.626600e-02,13116
3.612300e-02,10560
3.602600e-02,12571
3.584300e-02,11381
3.571000e-02,11239
3.559800e-02,10616
3.548800e-02,10878
3.530200e-02,10227
3.521200e-02,10407
3.506600e-02,11244
3.492900e-02,11600
3.480900e-02,11523
3.470000e-02,9.839400e+03
3.453000e-02,9.230900e+03
3.443900e-02,8.321600e+03
3.430200e-02,9.573800e+03
3.415400e-02,9.496200e+03
3.399000e-02,9.183800e+03
3.387600e-02,8.414200e+03
3.372400e-02,9.905200e+03
3.361600e-02,8.723700e+03
3.348600e-02,6.502500e+03
3.335600e-02,7.881200e+03
3.320700e-02,7.534200e+03
3.306800e-02,5.956800e+03
3.292800e-02,8692
3.278500e-02,6.575100e+03
3.266300e-02,5.183700e+03
3.253700e-02,7.371900e+03
3.240200e-02,9.344800e+03
3.223700e-02,7.288100e+03
3.210800e-02,7.766200e+03
3.198000e-02,8.176700e+03
3.183400e-02,7.593700e+03
3.168000e-02,6.912900e+03
3.161200e-02,8.555800e+03
3.141500e-02,6.631700e+03
3.131400e-02,6.869700e+03
3.118800e-02,8.174900e+03
3.099800e-02,7.106300e+03
3.088000e-02,7.054300e+03
3.083700e-02,7902
3.068000e-02,9.097200e+03
3.053700e-02,6.304300e+03
3.044000e-02,9.727800e+03
3.023800e-02,10113
3.008600e-02,8.793800e+03
3.000600e-02,7.937400e+03
2.984700e-02,10159
2.975500e-02,9.930100e+03
2.961200e-02,7.420200e+03
2.948500e-02,8205
2.932100e-02,6.751600e+03
2.915000e-02,3.977800e+03
2.902100e-02,5.008900e+03
2.888500e-02,4.876500e+03
2.874700e-02,5.364400e+03
2.868400e-02,2893
2.853500e-02,6897
2.836100e-02,2.521100e+03
2.821700e-02,4.012900e+03
2.809000e-02,4.150700e+03
2.792500e-02,5302
2.781600e-02,4.586200e+03
2.776100e-02,5.821600e+03
2.760400e-02,5.052800e+03
2.751400e-02,5.601700e+03
2.728500e-02,4.289300e+03
2.714100e-02,3774
2.701400e-02,3.893900e+03
2.689200e-02,4.829400e+03
2.674600e-02,3.889500e+03
2.662200e-02,1.781400e+03
2.651900e-02,2.697700e+03
2.636700e-02,1.850700e+03
2.623000e-02,6.999200e+02
2.610100e-02,-8.829800e+02
2.596800e-02,2.879700e+03
2.583000e-02,-1.672400e+03
2.571200e-02,-1.126400e+03
2.558200e-02,2.283700e+02
2.544200e-02,3.045600e+02
2.529000e-02,-1.106500e+03
2.512400e-02,9.784200e+02
2.499100e-02,5.609900e+01
2.485100e-02,3.592900e+02
2.475100e-02,2.727100e+02
2.462400e-02,1.152500e+03
2.444500e-02,-9.841600e+02
2.432000e-02,4.263700e+02
2.422200e-02,7.055000e+02
2.405100e-02,-1.173400e+02
2.393900e-02,1.598100e+02
2.383600e-02,4.053200e+03
2.367600e-02,1.987200e+03
2.357900e-02,1.521700e+03
2.342500e-02,5.369400e+02
2.325200e-02,-5.926100e+02
2.310000e-02,-2.301700e+03
2.302400e-02,-1.045700e+03
2.286800e-02,-5.622300e+02
2.273000e-02,-1.446300e+03
2.261500e-02,-8.172500e+02
2.247500e-02,-2.217100e+03
2.232100e-02,-2.185800e+03
2.220000e-02,-2.628900e+03
2.204900e-02,-6.706200e+02
2.191300e-02,-2067
2.178100e-02,-3575
2.167100e-02,-1.729100e+03
2.152700e-02,-2.128300e+03
2.136200e-02,-4.041000e+03
2.124600e-02,-2.178300e+03
2.109500e-02,-3161
2.096400e-02,-2.917600e+03
2.085300e-02,-3.618100e+03
2.070800e-02,-5.829700e+03
2.060100e-02,-8.234800e+03
2.047200e-02,-5.419700e+03
2.032300e-02,-5.944700e+03
2.017700e-02,-5.788700e+03
2.004200e-02,-5.575700e+03
1.995500e-02,-3.991600e+03
1.977800e-02,-3.171600e+03
1.967000e-02,-3802
1.952700e-02,-3.101900e+03
1.937300e-02,-3.901700e+03
1.922800e-02,-3.994300e+03
1.912600e-02,-3.704600e+03
1.898800e-02,-3.044700e+03
1.881400e-02,-5.423600e+03
1.868500e-02,-5.372500e+03
1.855200e-02,-3.638800e+03
1.843600e-02,-4.218100e+03
1.827600e-02,-6043
1.813500e-02,-4.166200e+03
1.800300e-02,-5.549100e+03
1.785700e-02,-6.692100e+03
1.774800e-02,-5.546900e+03
1.762300e-02,-5.823300e+03
1.747900e-02,-7.549600e+03
1.735900e-02,-6.074300e+03
1.722700e-02,-5.686200e+03
1.706500e-02,-6.200900e+03
1.698000e-02,-5.752100e+03
1.683500e-02,-6.539700e+03
1.668200e-02,-8.180100e+03
1.655700e-02,-6.288600e+03
1.642400e-02,-6.738900e+03
1.629100e-02,-8.512200e+03
1.615800e-02,-9.018600e+03
1.603100e-02,-7.112700e+03
1.588900e-02,-8.786300e+03
1.575600e-02,-9.918600e+03
1.563700e-02,-9.003900e+03
1.550500e-02,-8.400900e+03
1.536000e-02,-10817
1.522400e-02,-10342
1.507000e-02,-10592
1.491700e-02,-11175
1.481800e-02,-10968
1.469400e-02,-9.317400e+03
1.455400e-02,-10184
1.444100e-02,-11854
1.430700e-02,-10373
1.419700e-02,-11103
1.404300e-02,-12446
1.394400e-02,-11217
1.379200e-02,-11656
1.364300e-02,-12806
1.350600e-02,-11079
1.337200e-02,-11976
1.323500e-02,-12698
1.310100e-02,-11254
1.298000e-02,-9.799200e+03
1.283600e-02,-11012
1.273300e-02,-10105
1.259600e-02,-9.625900e+03
1.248400e-02,-10692
1.231300e-02,-11530
1.225400e-02,-10336
1.206500e-02,-10907
1.191900e-02,-12612
1.178300e-02,-11561
1.164200e-02,-11640
1.149600e-02,-11767
1.137800e-02,-11317
1.123500e-02,-11426
1.111100e-02,-11904
1.096700e-02,-13417
1.085800e-02,-11293
1.075600e-02,-11916
1.059300e-02,-13764
1.052700e-02,-11031
1.036000e-02,-12050
1.021800e-02,-13891
1.011700e-02,-12423
9.979900e-03,-11590
9.832900e-03,-13619
9.712900e-03,-11592
9.564700e-03,-12073
9.397800e-03,-13923
9.274800e-03,-13532
9.167700e-03,-12558
9.030900e-03,-13737
8.922900e-03,-13506
8.807600e-03,-13066
8.640400e-03,-14485
8.485000e-03,-15597
8.383700e-03,-15137
8.220600e-03,-16878
8.081000e-03,-16975
7.967900e-03,-15440
7.794400e-03,-15180
7.657600e-03,-14763
7.527400e-03,-15601
7.383400e-03,-14358
7.282000e-03,-14615
7.151300e-03,-15616
7.071200e-03,-14366
6.946300e-03,-15062
6.792400e-03,-17011
6.694500e-03,-15509
6.525600e-03,-15318
6.382800e-03,-16911
6.220500e-03,-15693
6.081700e-03,-1.609500e+04
5.893200e-03,-18444
5.766100e-03,-17103
5.590000e-03,-18094
5.461300e-03,-18637
5.374600e-03,-18919
5.290900e-03,-17044
5.156400e-03,-19131
5.061400e-03,-19152
4.978000e-03,-18456
4.777500e-03,-19634
4.653300e-03,-21082
4.500100e-03,-19961
4.310700e-03,-20815
4.121900e-03,-21812
3.953700e-03,-19346
3.806900e-03,-17653
3.662600e-03,-16363
3.551400e-03,-15961
3.493600e-03,-13758
3.404100e-03,-13925
3.286200e-03,-15011
3.218300e-03,-14916
3.106700e-03,-15656
2.973800e-03,-17587
2.843200e-03,-16576
2.662700e-03,-18584
2.482800e-03,-20725
2.326600e-03,-19203
2.182700e-03,-19281
2.035600e-03,-20994
1.970700e-03,-16680
1.940400e-03,-14800
1.930600e-03,-14712
1.941200e-03,-14709
1.937300e-03,-14710
1.935000e-03,-14711
1.928200e-03,-14713
1.919200e-03,-14716
1.916500e-03,-14716
1.932700e-03,-14712
1.924700e-03,-14714
1.924400e-03,-14714
1.925200e-03,-14714
1.920200e-03,-14715
1.924500e-03,-14714
1.913100e-03,-14717
1.921300e-03,-14715
1.920900e-03,-14715
1.921100e-03,-14715
1.907000e-03,-14719
1.905200e-03,-14720
1.918800e-03,-14716
1.923700e-03,-14714
1.923100e-03,-14714
1.924000e-03,-14714
1.912900e-03,-14717
1.916700e-03,-14716
1.926700e-03,-14713
1.904900e-03,-14720
1.913900e-03,-14717
1.914900e-03,-14717
1.911000e-03,-14718
1.917900e-03,-14716
1.907800e-03,-14719
1.902500e-03,-14720
1.911900e-03,-14718
1.906700e-03,-14719
1.901900e-03,-14721
1.907400e-03,-14719
1.911300e-03,-14718
1.904200e-03,-14720
1.905800e-03,-14719
1.877900e-03,-14728
1.886700e-03,-14725
1.906700e-03,-14719
1.896800e-03,-14722
1.900000e-03,-14721
1.897700e-03,-14722
1.898800e-03,-14721
1.921100e-03,-14715
1.905500e-03,-14720
1.917500e-03,-14716
1.909200e-03,-14718
1.905100e-03,-14720
1.906600e-03,-14719
1.894700e-03,-14723
1.898800e-03,-14721
1.918600e-03,-14716
1.910800e-03,-14718
1.900100e-03,-14721
1.896800e-03,-14722
1.908900e-03,-14719
1.914400e-03,-14717
1.907000e-03,-14719
1.905100e-03,-14720
1.899200e-03,-14721
1.906500e-03,-14719
1.907700e-03,-14719
1.896600e-03,-14722
1.928000e-03,-14713
1.907700e-03,-14719
1.912600e-03,-14717
1.897800e-03,-14722
1.917100e-03,-14716
1.905500e-03,-14720
1.912200e-03,-14718
1.918900e-03,-14716
1.907200e-03,-14719
1.912800e-03,-14717
1.905700e-03,-14719
1.904800e-03,-14720
1.914000e-03,-14717
1.898800e-03,-14721
1.896200e-03,-14722
1.895800e-03,-14722
1.896900e-03,-14722
1.894400e-03,-14723
1.889100e-03,-14724
1.903800e-03,-14720
1.903800e-03,-14720
1.894500e-03,-14723
1.889700e-03,-14724
1.882700e-03,-14726
1.883700e-03,-14726
1.884000e-03,-14726
1.885100e-03,-14725
1.879700e-03,-14727
1.864700e-03,-14731
1.867300e-03,-14731
1.863000e-03,-14732
1.834400e-03,-14740
1.848800e-03,-14736
1.858000e-03,-14733
1.830100e-03,-14742
1.833000e-03,-14741
1.850000e-03,-14736
1.843600e-03,-14738
1.830600e-03,-14741
1.842500e-03,-14738
1.822100e-03,-14744
1.846000e-03,-14737
1.834800e-03,-14740
1.830800e-03,-14741
1.826200e-03,-14743
1.820400e-03,-14744
1.809200e-03,-14748
1.808500e-03,-14748
1.808700e-03,-14748
1.802200e-03,-14750
1.791000e-03,-14753
1.801500e-03,-14750
1.784600e-03,-14755
1.776600e-03,-14757
1.787300e-03,-14754
1.792300e-03,-14753
1.770300e-03,-14759
1.780500e-03,-14756
1.778100e-03,-14757
1.766800e-03,-14760
1.785500e-03,-14755
1.773800e-03,-14758
1.794800e-03,-14752
1.788700e-03,-14754
1.780500e-03,-14756
1.789400e-03,-14753
1.782500e-03,-14755
1.779900e-03,-14756
1.799300e-03,-14751
1.781700e-03,-14756
1.771000e-03,-14759
1.782700e-03,-14755
1.798200e-03,-14751
1.767100e-03,-14760
1.774500e-03,-14758
1.767900e-03,-14760
1.771400e-03,-14759
1.757000e-03,-14763
1.735900e-03,-14769
1.719200e-03,-14774
1.721400e-03,-14773
1.721600e-03,-14773
1.712400e-03,-14776
1.709400e-03,-14777
1.701800e-03,-14779
1.709700e-03,-14777
1.713500e-03,-14776
1.697600e-03,-14780
1.703600e-03,-14779
1.708700e-03,-14777
1.714600e-03,-14775
1.712500e-03,-14776
1.703000e-03,-14779
1.713400e-03,-14776
1.709800e-03,-14777
1.703300e-03,-14779
1.702200e-03,-14779
1.711000e-03,-14776
1.711500e-03,-14776
1.705300e-03,-14778
1.699000e-03,-14780
1.695200e-03,-14781
1.709700e-03,-14777
1.708000e-03,-14777
1.705700e-03,-14778
1.708700e-03,-14777
1.689100e-03,-14783
1.690200e-03,-14782
1.684100e-03,-14784
1.686300e-03,-14784
1.670100e-03,-14788
1.675600e-03,-14787
1.677400e-03,-14786
1.695200e-03,-14781
1.671700e-03,-14788
1.680900e-03,-14785
1.673700e-03,-14787
1.662800e-03,-14791
1.658700e-03,-14792
1.663000e-03,-14790
1.659400e-03,-14791
1.666700e-03,-14789
1.661400e-03,-14791
1.649500e-03,-14794
1.647100e-03,-14795
1.652900e-03,-14793
1.649100e-03,-14795
1.657700e-03,-14792
1.611200e-03,-14806
1.611700e-03,-14805
1.606600e-03,-14807
1.603200e-03,-14808
1.599400e-03,-14809
1.622400e-03,-14802
1.595700e-03,-14810
1.596000e-03,-14810
1.603000e-03,-14808
1.610300e-03,-14806
1.602000e-03,-14808
1.595700e-03,-14810
1.587900e-03,-14812
1.570600e-03,-14817
1.578300e-03,-14815
1.591900e-03,-14811
1.589900e-03,-14812
1.576600e-03,-14816
1.579500e-03,-14815
1.569100e-03,-14818
1.556400e-03,-14822
1.563200e-03,-14820
1.559900e-03,-14821
1.571500e-03,-14817
1.568700e-03,-14818
1.564000e-03,-14819
1.545900e-03,-14825
1.561000e-03,-14820
1.550100e-03,-14823
1.547500e-03,-14824
1.551100e-03,-14823
1.558900e-03,-14821
1.564800e-03,-14819
1.559800e-03,-14821
1.515600e-03,-14834
1.509300e-03,-14835
1.501900e-03,-14838
1.499400e-03,-14838
1.497300e-03,-14839
1.476800e-03,-14845
1.487000e-03,-14842
1.480300e-03,-14844
1.477700e-03,-14845
1.487500e-03,-14842
1.487000e-03,-14842
1.484400e-03,-14843
1.474300e-03,-14846
1.481400e-03,-14844
1.477800e-03,-14845
1.483200e-03,-14843
1.489500e-03,-14841
1.469200e-03,-14847
1.484300e-03,-14843
1.481100e-03,-14844
1.482600e-03,-14843
1.468800e-03,-14847
1.472100e-03,-14846
1.472100e-03,-14846
1.470300e-03,-14847
1.460000e-03,-14850
1.484200e-03,-14843
1.473600e-03,-14846
1.474700e-03,-14846
1.491300e-03,-14841
1.485600e-03,-14842
1.469500e-03,-14847
1.478300e-03,-14844
1.474600e-03,-14846
1.476100e-03,-14845
1.466500e-03,-14848
1.475100e-03,-14845
1.462500e-03,-14849
1.475600e-03,-14845
