Chord Rotation [rads],Moment [kN-mm]
-1.359857e-05,-1.907281e+05
-1.951725e-04,-2.797517e+05
-4.855362e-04,-4.028878e+05
-6.117661e-04,-5.353193e+05
-8.115947e-04,-6.325476e+05
-1.021445e-03,-7.183693e+05
-1.213166e-03,-8.072834e+05
-1.356281e-03,-8.868872e+05
-1.543875e-03,-9.633452e+05
-1.416320e-03,-8.857984e+05
-1.182879e-03,-8.030955e+05
-1.123629e-03,-7.203952e+05
-8.547599e-04,-6.366349e+05
-7.008297e-04,-5.445899e+05
-4.646976e-04,-4.411381e+05
-2.544239e-04,-2.952531e+05
-2.630154e-05,-2.124574e+05
1.037599e-04,-1.876193e+05
-2.438143e-04,-2.973389e+05
-5.352983e-04,-4.401296e+05
-7.090888e-04,-5.508259e+05
-8.793740e-04,-6.459794e+05
-1.059111e-03,-7.287017e+05
-1.249028e-03,-8.145087e+05
-1.471124e-03,-8.982329e+05
-1.618801e-03,-9.767812e+05
-1.731794e-03,-1.061509e+06
-1.943645e-03,-1.132774e+06
-1.936356e-03,-1.125534e+06
-1.858761e-03,-1.053183e+06
-1.671579e-03,-9.694887e+05
-1.410768e-03,-8.961207e+05
-1.244652e-03,-8.082512e+05
-1.143912e-03,-7.245153e+05
-9.506453e-04,-6.314607e+05
-7.238867e-04,-5.352777e+05
-4.920887e-04,-4.266528e+05
-3.002058e-04,-2.838688e+05
-3.081370e-05,-1.969308e+05
3.038796e-05,-1.658769e+05
1.993228e-04,-1.255003e+05
4.748818e-04,-1.141261e+05
6.959017e-04,-4.888505e+04
8.608686e-04,3.087393e+04
1.053486e-03,1.168624e+05
1.283595e-03,2.070114e+05
1.500698e-03,2.982108e+05
1.663994e-03,3.935769e+05
1.756429e-03,4.848106e+05
1.999398e-03,5.770990e+05
2.225381e-03,6.693847e+05
2.197285e-03,6.891014e+05
2.121483e-03,5.802301e+05
1.819319e-03,4.858692e+05
1.629982e-03,3.998212e+05
1.599013e-03,3.106707e+05
1.381625e-03,2.215341e+05
1.160030e-03,1.324127e+05
9.825514e-04,4.227155e+04
7.812008e-04,-4.267262e+04
5.960044e-04,-1.141343e+05
2.310604e-04,-1.234382e+05
3.921886e-05,-1.751999e+05
8.609156e-06,-1.731245e+05
2.263410e-05,-1.886588e+05
-2.049632e-04,-2.755996e+05
-5.525994e-04,-4.287506e+05
-7.024184e-04,-5.218592e+05
-8.223945e-04,-6.170102e+05
-1.008221e-03,-7.080088e+05
-1.183142e-03,-7.958841e+05
-1.441728e-03,-8.847793e+05
-1.593090e-03,-9.684924e+05
-1.752567e-03,-1.045988e+06
-1.930846e-03,-1.127607e+06
-1.948704e-03,-1.121387e+06
-1.948020e-03,-1.132764e+06
-1.771060e-03,-1.050084e+06
-1.639749e-03,-9.725836e+05
-1.359137e-03,-8.868020e+05
-1.189289e-03,-7.958425e+05
-1.126326e-03,-7.048646e+05
-7.913511e-04,-6.159460e+05
-6.638613e-04,-5.156245e+05
-5.134113e-04,-4.080320e+05
-2.697654e-04,-2.621336e+05
4.848035e-05,-1.762248e+05
6.291765e-05,-1.679464e+05
5.962821e-05,-1.700174e+05
2.509608e-04,-1.213613e+05
5.280746e-04,-1.068805e+05
7.544256e-04,-2.816950e+04
9.581979e-04,5.366436e+04
1.198280e-03,1.324065e+05
1.317162e-03,2.267016e+05
1.625358e-03,3.210197e+05
1.702548e-03,4.101674e+05
1.898629e-03,5.024391e+05
2.013182e-03,5.905827e+05
2.279774e-03,6.818427e+05
2.269209e-03,6.745869e+05
2.350193e-03,6.849637e+05
2.117796e-03,5.906048e+05
1.857658e-03,4.972800e+05
1.653457e-03,4.091551e+05
1.535540e-03,3.137821e+05
1.373036e-03,2.225712e+05
1.216759e-03,1.344842e+05
9.814750e-04,5.159582e+04
7.922131e-04,-3.127891e+04
5.841419e-04,-1.099937e+05
3.002668e-04,-1.203319e+05
1.861260e-05,-1.762361e+05
-2.930570e-06,-1.762354e+05
-5.065397e-06,-1.679500e+05
-1.749117e-04,-2.631858e+05
-5.500583e-04,-4.070232e+05
-6.653034e-04,-5.125462e+05
-8.972446e-04,-6.066664e+05
-9.671325e-04,-6.997364e+05
-1.223805e-03,-7.865890e+05
-1.417900e-03,-8.682523e+05
-1.585016e-03,-9.467846e+05
-1.729547e-03,-1.029460e+06
-1.931184e-03,-1.111078e+06
-1.928050e-03,-1.120362e+06
-2.006903e-03,-1.112083e+06
-1.767277e-03,-1.034587e+06
-1.596281e-03,-9.519155e+05
-1.469757e-03,-8.661377e+05
-1.312328e-03,-7.772393e+05
-1.010631e-03,-6.852252e+05
-8.084329e-04,-5.942319e+05
-6.669646e-04,-4.959684e+05
-4.704095e-04,-3.821693e+05
-1.017257e-04,-2.466105e+05
8.853547e-05,-1.669110e+05
2.842201e-05,-1.648401e+05
6.625544e-05,-1.575932e+05
2.811651e-04,-1.213665e+05
5.490944e-04,-9.445563e+04
8.192877e-04,-1.366847e+04
9.378408e-04,7.231309e+04
1.225972e-03,1.655630e+05
1.307762e-03,2.588313e+05
1.624023e-03,3.500451e+05
1.647944e-03,4.371273e+05
1.851077e-03,5.314797e+05
2.137210e-03,6.206609e+05
2.234905e-03,6.756375e+05
2.287067e-03,6.839300e+05
1.893202e-03,5.356477e+05
1.769674e-03,4.433657e+05
1.590401e-03,3.510990e+05
1.502826e-03,2.588487e+05
1.278644e-03,1.728284e+05
1.100643e-03,8.785700e+04
9.024412e-04,4.976894e+03
7.087815e-04,-7.581668e+04
4.218556e-04,-1.193054e+05
2.562567e-05,-1.410366e+05
1.929832e-05,-1.752014e+05
-4.376027e-05,-1.710601e+05
-5.387022e-05,-2.259242e+05
-3.369464e-04,-3.335550e+05
-5.934669e-04,-4.701340e+05
-7.755473e-04,-5.673737e+05
-9.973602e-04,-6.625090e+05
-1.210561e-03,-7.514380e+05
-1.283504e-03,-8.351699e+05
-1.529341e-03,-9.219965e+05
-1.701439e-03,-1.002605e+06
-1.853851e-03,-1.081115e+06
-1.946496e-03,-1.121397e+06
-1.979294e-03,-1.121397e+06
-1.752512e-03,-1.003577e+06
-1.557207e-03,-9.219400e+05
-1.414248e-03,-8.382263e+05
-1.200012e-03,-7.555310e+05
-9.533362e-04,-6.583411e+05
-7.879950e-04,-5.694092e+05
-6.270514e-04,-4.732147e+05
-3.771940e-04,-3.418195e+05
-8.905515e-05,-2.228084e+05
5.823037e-05,-1.638053e+05
4.293163e-05,-1.689826e+05
6.274841e-05,-1.410306e+05
3.797618e-04,-1.172291e+05
6.319001e-04,-7.684924e+04
8.055532e-04,3.940760e+03
9.905975e-04,8.578212e+04
1.219167e-03,1.759286e+05
1.355230e-03,2.681622e+05
1.540399e-03,3.635177e+05
1.693916e-03,4.485269e+05
1.891165e-03,5.397756e+05
2.157468e-03,6.300025e+05
2.223418e-03,6.735616e+05
2.235096e-03,6.683843e+05
1.950652e-03,5.397958e+05
1.727722e-03,4.495839e+05
1.572305e-03,3.500627e+05
1.470187e-03,2.536634e+05
1.268349e-03,1.624645e+05
1.045395e-03,7.335243e+04
8.490334e-04,-5.382171e+03
6.507754e-04,-8.513896e+04
3.674275e-04,-1.193029e+05
7.655004e-05,-1.544961e+05
-1.938633e-05,-1.710608e+05
-4.202312e-05,-1.741659e+05
-1.682951e-04,-2.342046e+05
-3.821910e-04,-3.614992e+05
-6.317190e-04,-4.815096e+05
-7.604970e-04,-5.746087e+05
-9.788602e-04,-6.656136e+05
-1.195460e-03,-7.524694e+05
-1.350283e-03,-8.362009e+05
-1.572122e-03,-9.219965e+05
-1.742806e-03,-1.002587e+06
-1.878530e-03,-1.084214e+06
-1.943758e-03,-1.122431e+06
-1.899389e-03,-1.097612e+06
-1.797398e-03,-1.008741e+06
-1.559298e-03,-9.291815e+05
-1.540292e-03,-8.495920e+05
-1.227823e-03,-7.575905e+05
-1.003614e-03,-6.717790e+05
-8.207818e-04,-5.797509e+05
-6.594443e-04,-4.804538e+05
-4.409732e-04,-3.500920e+05
-1.601762e-04,-2.290187e+05
4.221324e-05,-1.638046e+05
5.462492e-05,-1.544888e+05
1.009312e-04,-1.482766e+05
3.571302e-04,-1.182632e+05
6.240997e-04,-7.581315e+04
8.149654e-04,1.869022e+03
1.030264e-03,8.785404e+04
1.202347e-03,1.800721e+05
1.402905e-03,2.671260e+05
1.586208e-03,3.655917e+05
1.713856e-03,4.588960e+05
1.921724e-03,5.491103e+05
2.147675e-03,6.414042e+05
2.274974e-03,6.704435e+05
1.947237e-03,5.574251e+05
1.826514e-03,4.651393e+05
1.629797e-03,3.676873e+05
1.585177e-03,2.733567e+05
1.314131e-03,1.883717e+05
1.136693e-03,1.033996e+05
8.587560e-04,1.637199e+04
6.910680e-04,-6.753165e+04
4.670954e-04,-1.193080e+05
1.512568e-04,-1.327545e+05
1.189343e-05,-1.720956e+05
-2.518464e-05,-1.720941e+05
-1.076813e-04,-2.031493e+05
-3.046372e-04,-3.107887e+05
-5.920692e-04,-4.546174e+05
-7.555364e-04,-5.539166e+05
-1.002091e-03,-6.470003e+05
-1.185388e-03,-7.359198e+05
-1.250892e-03,-8.186225e+05
-1.518284e-03,-9.075285e+05
-1.671569e-03,-9.912297e+05
-1.899725e-03,-1.071820e+06
-1.934659e-03,-1.110024e+06
-1.993549e-03,-1.122431e+06
-1.784022e-03,-9.942852e+05
-1.556158e-03,-9.147186e+05
-1.402822e-03,-8.330606e+05
-1.208242e-03,-7.483044e+05
-1.003944e-03,-6.573177e+05
-7.891952e-04,-5.663069e+05
-6.246417e-04,-4.670085e+05
-4.061735e-04,-3.407828e+05
-7.455886e-05,-2.197032e+05
2.916502e-05,-1.638067e+05
7.145345e-05,-1.627719e+05
1.149808e-04,-1.410306e+05
3.649901e-04,-1.130866e+05
6.639488e-04,-7.167102e+04
8.334762e-04,1.222785e+04
9.883527e-04,1.023597e+05
1.211304e-03,1.842179e+05
1.336618e-03,2.795646e+05
1.603926e-03,3.666356e+05
1.762460e-03,4.620108e+05
1.957987e-03,5.542971e+05
2.197725e-03,6.414069e+05
2.304805e-03,6.714940e+05
2.268813e-03,6.870426e+05
2.009745e-03,5.657216e+05
1.801890e-03,4.724039e+05
1.668337e-03,3.811673e+05
1.553774e-03,2.847622e+05
1.295712e-03,1.966631e+05
1.151241e-03,1.106536e+05
9.363126e-04,2.258817e+04
7.378575e-04,-5.820967e+04
5.235057e-04,-1.130962e+05
1.932780e-04,-1.286134e+05
2.053483e-05,-1.720963e+05
-3.227795e-05,-1.669181e+05
-1.883163e-05,-2.041856e+05
-2.909848e-04,-3.076882e+05
-5.550334e-04,-4.494399e+05
-7.420088e-04,-5.487511e+05
-9.187346e-04,-6.418287e+05
-1.076323e-03,-7.338694e+05
-1.380595e-03,-8.620521e+05
-1.580982e-03,-9.405980e+05
-1.779847e-03,-1.050121e+06
-1.870221e-03,-1.127612e+06
-2.135014e-03,-1.235029e+06
-2.129804e-03,-1.315569e+06
-2.493073e-03,-1.391944e+06
-2.566150e-03,-1.418733e+06
-2.554703e-03,-1.425964e+06
-2.396563e-03,-1.317532e+06
-2.111940e-03,-1.241125e+06
-2.054187e-03,-1.161607e+06
-1.897021e-03,-1.085172e+06
-1.703346e-03,-1.006663e+06
-1.591352e-03,-9.177940e+05
-1.459739e-03,-8.309841e+05
-1.152448e-03,-7.431146e+05
-9.895085e-04,-6.521407e+05
-7.429832e-04,-5.600925e+05
-6.334820e-04,-4.659614e+05
-4.519921e-04,-3.469865e+05
-1.468497e-04,-2.155590e+05
2.704377e-05,-1.596655e+05
8.799478e-05,-1.524179e+05
6.783231e-05,-1.410276e+05
3.738977e-04,-1.151574e+05
6.400893e-04,-7.167011e+04
8.553628e-04,9.119987e+03
1.010321e-03,9.510537e+04
1.196979e-03,1.821427e+05
1.351565e-03,2.691972e+05
1.925159e-03,3.573017e+05
1.615871e-03,4.433453e+05
1.874243e-03,5.387347e+05
2.120584e-03,6.330962e+05
2.356568e-03,7.285175e+05
2.535896e-03,8.187616e+05
2.787453e-03,9.028099e+05
2.910382e-03,9.941263e+05
3.072389e-03,1.057443e+06
3.137784e-03,1.065756e+06
2.806400e-03,9.111491e+05
2.653436e-03,8.240063e+05
2.481669e-03,7.327216e+05
2.232571e-03,6.362507e+05
1.974366e-03,5.377319e+05
1.819106e-03,4.485569e+05
1.649269e-03,3.604331e+05
1.557107e-03,2.764665e+05
1.299994e-03,1.831895e+05
1.112441e-03,1.034000e+05
9.081211e-04,1.326418e+04
6.712732e-04,-6.545916e+04
3.828935e-04,-1.161984e+05
9.437219e-05,-1.451763e+05
7.293958e-06,-1.679529e+05
8.813838e-06,-1.607031e+05
-8.539077e-05,-2.217797e+05
-2.954142e-04,-3.511393e+05
-6.108321e-04,-4.701279e+05
-7.813468e-04,-5.652842e+05
-9.206070e-04,-6.604393e+05
-1.235477e-03,-7.503967e+05
-1.378813e-03,-8.362009e+05
-1.545826e-03,-9.240494e+05
-1.747377e-03,-1.008789e+06
-1.903962e-03,-1.087298e+06
-2.036669e-03,-1.168913e+06
-2.168661e-03,-1.251516e+06
-2.354388e-03,-1.333107e+06
-2.514300e-03,-1.412599e+06
-2.590532e-03,-1.432200e+06
-2.596171e-03,-1.440433e+06
-2.385823e-03,-1.341291e+06
-2.216419e-03,-1.259717e+06
-2.074338e-03,-1.179157e+06
-1.793220e-03,-1.102740e+06
-1.775781e-03,-1.025255e+06
-1.667925e-03,-9.374329e+05
-1.471939e-03,-8.526958e+05
-1.218137e-03,-7.710346e+05
-8.043225e-04,-5.642395e+05
-5.829124e-04,-4.649284e+05
-4.500836e-04,-3.459543e+05
-1.365259e-04,-2.134900e+05
4.078273e-05,-1.596635e+05
6.109668e-05,-1.575953e+05
5.874059e-05,-1.368880e+05
3.503422e-04,-1.141232e+05
6.182066e-04,-6.959888e+04
8.478676e-04,1.015593e+04
1.022610e-03,9.303385e+04
1.208646e-03,1.717829e+05
1.394508e-03,2.691949e+05
1.647954e-03,3.552292e+05
1.736412e-03,4.506015e+05
2.006292e-03,5.387414e+05
2.214846e-03,6.372555e+05
2.339987e-03,7.243831e+05
2.618463e-03,8.146251e+05
2.774804e-03,9.069644e+05
3.020574e-03,1.002433e+06
3.103205e-03,1.041877e+06
3.314983e-03,1.041898e+06
2.858007e-03,9.173775e+05
2.663863e-03,8.250431e+05
2.515031e-03,7.358285e+05
2.184576e-03,6.486922e+05
2.090955e-03,5.553613e+05
1.901715e-03,4.651451e+05
1.697597e-03,3.656146e+05
1.636564e-03,2.816488e+05
1.373828e-03,1.894062e+05
1.130748e-03,1.054716e+05
9.288652e-04,2.155158e+04
6.719181e-04,-5.820893e+04
5.789702e-04,-1.141305e+05
1.641781e-04,-1.327523e+05
8.029854e-05,-1.669181e+05
-2.464058e-05,-1.669167e+05
-1.499525e-04,-2.052185e+05
-3.185598e-04,-3.273379e+05
-6.152932e-04,-4.525355e+05
-7.151989e-04,-5.487345e+05
-9.488909e-04,-6.407827e+05
-1.200964e-03,-7.266132e+05
-1.266498e-03,-8.134563e+05
-1.548936e-03,-8.982133e+05
-1.675849e-03,-9.850185e+05
-1.835883e-03,-1.065614e+06
-1.929104e-03,-1.153410e+06
-2.168688e-03,-1.228797e+06
-2.344407e-03,-1.309341e+06
-2.453983e-03,-1.390910e+06
-2.550935e-03,-1.432193e+06
-2.523523e-03,-1.416672e+06
-2.290999e-03,-1.316504e+06
-2.144901e-03,-1.239062e+06
-2.078802e-03,-1.157470e+06
-1.892412e-03,-1.081035e+06
-1.847317e-03,-1.000461e+06
-1.656621e-03,-9.198670e+05
-1.464783e-03,-8.382299e+05
-1.230493e-03,-7.462252e+05
-9.909004e-04,-6.521294e+05
-8.708535e-04,-5.580226e+05
-6.239444e-04,-4.607903e+05
-3.752691e-04,-3.428502e+05
-1.285066e-04,-2.145245e+05
6.717498e-05,-1.586273e+05
5.091667e-05,-1.596655e+05
2.581478e-04,-1.348165e+05
3.436790e-04,-1.141232e+05
6.354573e-04,-6.234959e+04
8.471953e-04,1.947884e+04
1.034446e-03,1.023579e+05
1.223100e-03,1.862900e+05
1.370151e-03,2.691983e+05
1.579215e-03,3.573017e+05
1.709433e-03,4.547468e+05
1.926825e-03,5.439236e+05
2.217528e-03,6.351877e+05
2.351702e-03,7.254258e+05
2.564359e-03,8.218920e+05
2.751135e-03,9.121633e+05
3.019279e-03,1.002438e+06
3.078439e-03,1.054333e+06
2.801559e-03,9.153152e+05
2.578210e-03,8.229696e+05
2.540692e-03,7.275292e+05
2.302345e-03,6.352168e+05
2.017065e-03,5.418778e+05
1.830831e-03,4.568500e+05
1.561198e-03,3.656146e+05
1.520247e-03,2.712832e+05
1.370327e-03,1.811165e+05
1.223773e-03,9.614619e+04
9.457336e-04,1.637185e+04
6.777722e-04,-6.753022e+04
4.476944e-04,-1.182723e+05
1.412057e-04,-1.348228e+05
-8.438316e-06,-1.669160e+05
-3.983722e-05,-1.669167e+05
-4.515312e-05,-2.145346e+05
-4.828332e-04,-3.418297e+05
-5.929325e-04,-4.659876e+05
-7.569433e-04,-5.590842e+05
-1.003929e-03,-6.531954e+05
-1.193533e-03,-7.400492e+05
-1.343464e-03,-8.268854e+05
-1.512787e-03,-9.116509e+05
-1.728064e-03,-9.984579e+05
-1.853841e-03,-1.076978e+06
-1.999027e-03,-1.158576e+06
-2.189541e-03,-1.238105e+06
-2.384809e-03,-1.318648e+06
-2.534238e-03,-1.396061e+06
-2.573421e-03,-1.421848e+06
-2.535339e-03,-1.417699e+06
-2.421185e-03,-1.324770e+06
-2.115174e-03,-1.243199e+06
-2.020032e-03,-1.167812e+06
-1.859159e-03,-1.084133e+06
-1.744300e-03,-1.005633e+06
-1.571696e-03,-9.260740e+05
-1.469981e-03,-8.392609e+05
-1.167619e-03,-7.544963e+05
-1.007817e-03,-6.676456e+05
-8.400249e-04,-5.735365e+05
-6.323252e-04,-4.773425e+05
-5.221507e-04,-3.625079e+05
-2.035896e-04,-2.196976e+05
4.839039e-05,-1.534533e+05
8.433512e-05,-1.503469e+05
5.674485e-05,-1.451701e+05
3.313119e-04,-1.172281e+05
6.283571e-04,-7.063375e+04
8.081740e-04,1.119174e+04
1.008858e-03,9.303385e+04
1.196536e-03,1.759293e+05
1.341650e-03,2.588335e+05
1.584453e-03,3.510813e+05
1.746714e-03,4.350565e+05
1.876582e-03,5.325228e+05
2.122844e-03,6.268851e+05
2.365127e-03,7.171210e+05
2.558040e-03,8.094551e+05
2.757714e-03,8.997108e+05
2.956603e-03,9.910240e+05
3.084491e-03,1.043968e+06
3.195541e-03,1.056428e+06
2.770955e-03,9.122047e+05
2.625902e-03,8.208927e+05
2.629076e-03,7.244192e+05
2.248833e-03,6.372899e+05
2.040401e-03,5.429143e+05
1.786969e-03,4.495952e+05
1.594481e-03,3.593953e+05
1.513804e-03,2.775051e+05
1.330680e-03,1.883701e+05
1.111249e-03,1.023640e+05
9.219945e-04,1.533607e+04
6.674270e-04,-6.131589e+04
4.798274e-04,-1.130943e+05
1.957386e-04,-1.306812e+05
-3.034941e-05,-1.648471e+05
-1.327872e-05,-1.586341e+05
-4.982678e-05,-2.072893e+05
-4.526041e-04,-3.180248e+05
-5.007141e-04,-4.483932e+05
-6.604503e-04,-5.508045e+05
-9.633332e-04,-6.376781e+05
-1.258752e-03,-7.338534e+05
-1.302695e-03,-8.144874e+05
-1.583725e-03,-8.992440e+05
-1.717349e-03,-9.839927e+05
-1.897733e-03,-1.066648e+06
-2.027285e-03,-1.148253e+06
-2.158316e-03,-1.230871e+06
-2.308796e-03,-1.308319e+06
-2.472929e-03,-1.383684e+06
-2.577272e-03,-1.431153e+06
-2.633242e-03,-1.428032e+06
-2.364869e-03,-1.313414e+06
-2.168702e-03,-1.238034e+06
-2.040555e-03,-1.156441e+06
-1.888048e-03,-1.071745e+06
-1.749928e-03,-9.921903e+05
-1.582579e-03,-9.105685e+05
-1.420267e-03,-8.258183e+05
-1.221822e-03,-7.348466e+05
-1.037057e-03,-6.449053e+05
-8.289726e-04,-5.497505e+05
-5.643696e-04,-4.576971e+05
-3.499623e-04,-3.211182e+05
-8.244070e-05,-1.979611e+05
4.492091e-05,-1.555216e+05
5.611993e-05,-1.534520e+05
-2.184635e-05,-1.182501e+05
4.658804e-04,-1.120548e+05
6.599643e-04,-5.717092e+04
8.217934e-04,2.776615e+04
1.071328e-03,1.127200e+05
1.237476e-03,1.935450e+05
1.397385e-03,2.847455e+05
1.663723e-03,3.718185e+05
1.786924e-03,4.557927e+05
1.930380e-03,5.491103e+05
2.143404e-03,6.424434e+05
2.450664e-03,7.347522e+05
2.623730e-03,8.312326e+05
2.774812e-03,9.225349e+05
3.008506e-03,1.010745e+06
3.072730e-03,1.052267e+06
3.103773e-03,1.057456e+06
2.731302e-03,9.360595e+05
2.630614e-03,8.395748e+05
2.463834e-03,7.462044e+05
2.223735e-03,6.518128e+05
2.054900e-03,5.553590e+05
1.858868e-03,4.641126e+05
1.651284e-03,3.780583e+05
1.543294e-03,2.899446e+05
1.310349e-03,1.997699e+05
1.140897e-03,1.168693e+05
9.336071e-04,3.087549e+04
7.157985e-04,-4.888670e+04
5.269821e-04,-1.120605e+05
1.789287e-04,-1.234334e+05
-2.441933e-05,-1.658812e+05
-1.388507e-05,-1.627754e+05
-2.083872e-05,-1.969384e+05
-3.192026e-04,-3.107807e+05
-5.402991e-04,-4.380537e+05
-7.137056e-04,-5.321866e+05
-8.926235e-04,-6.263054e+05
-1.150533e-03,-7.141990e+05
-1.257210e-03,-8.051789e+05
-1.503597e-03,-8.909752e+05
-1.676106e-03,-9.736479e+05
-1.836368e-03,-1.058387e+06
-1.971370e-03,-1.138955e+06
-2.169572e-03,-1.222614e+06
-2.290776e-03,-1.301086e+06
-2.456122e-03,-1.380595e+06
-2.578377e-03,-1.430119e+06
-2.642205e-03,-1.423909e+06
-2.366212e-03,-1.313414e+06
-2.154080e-03,-1.234932e+06
-1.985801e-03,-1.151270e+06
-1.887562e-03,-1.075882e+06
-1.775810e-03,-9.932334e+05
-1.593657e-03,-9.136680e+05
-1.443389e-03,-8.268493e+05
-1.199110e-03,-7.400137e+05
-1.021105e-03,-6.500682e+05
-8.168824e-04,-5.621623e+05
-6.289152e-04,-4.659634e+05
-5.300529e-04,-3.407799e+05
-1.821344e-04,-2.093468e+05
-2.440495e-05,-1.596648e+05
5.404056e-05,-1.358531e+05
3.952391e-04,-1.151593e+05
6.421072e-04,-6.752736e+04
8.201867e-04,1.222780e+04
1.001340e-03,1.002864e+05
1.232602e-03,1.811097e+05
1.383504e-03,2.733475e+05
1.622655e-03,3.573062e+05
1.754623e-03,4.506109e+05
1.914780e-03,5.439281e+05
2.171665e-03,6.372608e+05
2.376856e-03,7.306179e+05
2.634466e-03,8.239722e+05
2.826490e-03,9.173510e+05
3.000789e-03,1.005565e+06
3.073447e-03,1.037746e+06
3.172384e-03,1.032570e+06
2.829265e-03,9.256835e+05
2.765050e-03,8.343876e+05
2.512643e-03,7.368652e+05
2.326279e-03,6.435200e+05
2.106757e-03,5.543271e+05
1.818292e-03,4.620359e+05
1.754725e-03,3.614694e+05
1.551609e-03,2.723239e+05
1.347958e-03,1.831895e+05
1.138146e-03,9.821945e+04
9.559631e-04,1.533607e+04
6.842143e-04,-6.442416e+04
4.303041e-04,-1.141295e+05
1.266254e-04,-1.348234e+05
-2.149410e-05,-1.658812e+05
2.138867e-05,-1.700232e+05
-7.342265e-05,-2.135010e+05
-3.615925e-04,-3.407945e+05
-5.827140e-04,-4.577089e+05
-7.433532e-04,-5.487393e+05
-9.793164e-04,-6.407882e+05
-1.129367e-03,-7.286891e+05
-1.286656e-03,-8.175985e+05
-1.524521e-03,-9.002864e+05
-1.639170e-03,-9.881220e+05
-1.803020e-03,-1.067683e+06
-1.994195e-03,-1.147219e+06
-2.094907e-03,-1.227796e+06
-2.224952e-03,-1.312455e+06
-2.443666e-03,-1.385746e+06
-2.608213e-03,-1.473492e+06
-2.710254e-03,-1.547773e+06
-2.902060e-03,-1.628263e+06
-3.060745e-03,-1.706633e+06
-3.177449e-03,-1.784993e+06
-3.357169e-03,-1.865402e+06
-3.555864e-03,-1.943701e+06
-3.725391e-03,-2.017875e+06
-3.807210e-03,-1.999260e+06
-3.465028e-03,-1.885815e+06
-3.340512e-03,-1.807461e+06
-3.216803e-03,-1.733211e+06
-3.133066e-03,-1.650702e+06
-3.050497e-03,-1.576445e+06
-2.877329e-03,-1.491836e+06
-2.731816e-03,-1.412379e+06
-2.533557e-03,-1.334992e+06
-2.373256e-03,-1.250327e+06
-2.223695e-03,-1.163588e+06
-1.955564e-03,-1.078895e+06
-1.947374e-03,-9.880007e+05
-1.744272e-03,-9.001604e+05
-1.498294e-03,-8.123223e+05
-1.236004e-03,-7.172159e+05
-1.203858e-03,-6.283043e+05
-8.983395e-04,-5.342010e+05
-7.374134e-04,-4.390376e+05
-5.387835e-04,-3.107473e+05
-2.153757e-04,-1.855293e+05
5.095431e-05,-1.203175e+05
6.269157e-05,-1.213535e+05
2.912045e-05,-1.244589e+05
3.599825e-04,-1.089436e+05
5.571335e-04,-3.645365e+04
7.543336e-04,4.123053e+04
8.055716e-04,1.303246e+05
1.235860e-03,2.142549e+05
1.301009e-03,3.085646e+05
1.563097e-03,3.987432e+05
1.693822e-03,4.868650e+05
1.893389e-03,5.791550e+05
2.088287e-03,6.683426e+05
2.269388e-03,7.689475e+05
2.601773e-03,8.529786e+05
2.756454e-03,9.494716e+05
2.897198e-03,1.047018e+06
3.105154e-03,1.136276e+06
3.269620e-03,1.229722e+06
3.413851e-03,1.326269e+06
3.605698e-03,1.430127e+06
3.791684e-03,1.516347e+06
4.027083e-03,1.602580e+06
4.140516e-03,1.696111e+06
4.381254e-03,1.791750e+06
4.380232e-03,1.774104e+06
4.422123e-03,1.767885e+06
4.428691e-03,1.758547e+06
4.368475e-03,1.705594e+06
4.246235e-03,1.623513e+06
4.087745e-03,1.531056e+06
3.836416e-03,1.439673e+06
3.774965e-03,1.347243e+06
3.593797e-03,1.249635e+06
3.770255e-03,1.159303e+06
3.328280e-03,1.059648e+06
3.151248e-03,9.693380e+05
2.925521e-03,8.728305e+05
2.740631e-03,7.773723e+05
2.540149e-03,6.891929e+05
2.358107e-03,6.041296e+05
2.043884e-03,5.170130e+05
1.857923e-03,4.299072e+05
1.661084e-03,3.438521e+05
1.592012e-03,2.588476e+05
1.315659e-03,1.790451e+05
1.136457e-03,9.303816e+04
9.333648e-04,1.015648e+04
7.016904e-04,-6.753050e+04
4.153721e-04,-1.141275e+05
1.413785e-04,-1.389644e+05
7.321182e-06,-1.399963e+05
2.896365e-05,-1.431034e+05
-2.063071e-04,-2.517957e+05
-5.312348e-04,-3.739011e+05
-6.571024e-04,-4.721940e+05
-8.571732e-04,-5.611493e+05
-9.904198e-04,-6.573319e+05
-1.218464e-03,-7.452099e+05
-1.424444e-03,-8.351480e+05
-1.598796e-03,-9.250759e+05
-1.794369e-03,-1.013944e+06
-1.980153e-03,-1.101759e+06
-2.115219e-03,-1.188517e+06
-2.271556e-03,-1.272154e+06
-2.443213e-03,-1.359903e+06
-2.619843e-03,-1.443522e+06
-2.801863e-03,-1.529172e+06
-2.954329e-03,-1.609642e+06
-3.149494e-03,-1.685969e+06
-3.188232e-03,-1.767448e+06
-3.337773e-03,-1.844768e+06
-3.490122e-03,-1.922081e+06
-3.697157e-03,-2.003501e+06
-3.799126e-03,-2.036461e+06
-3.731894e-03,-2.014748e+06
-3.551814e-03,-1.936390e+06
-3.444862e-03,-1.859068e+06
-3.255056e-03,-1.777591e+06
-3.168311e-03,-1.695097e+06
-3.085106e-03,-1.611552e+06
-2.898358e-03,-1.534197e+06
-2.744598e-03,-1.455773e+06
-2.582083e-03,-1.372158e+06
-2.463289e-03,-1.293727e+06
-2.288331e-03,-1.206989e+06
-2.077632e-03,-1.120244e+06
-1.903840e-03,-1.029343e+06
-1.767678e-03,-9.404786e+05
-1.568188e-03,-8.567817e+05
-1.432575e-03,-7.585855e+05
-1.188295e-03,-6.665761e+05
-1.013406e-03,-5.735116e+05
-5.786638e-04,-4.742190e+05
-4.917808e-04,-3.811095e+05
-3.450058e-04,-2.486651e+05
5.058894e-05,-1.410234e+05
-8.172819e-06,-1.244578e+05
-4.036210e-06,-1.296373e+05
3.421659e-04,-1.151529e+05
5.773294e-04,-6.752478e+04
7.186759e-04,1.119136e+04
9.578541e-04,9.406663e+04
1.283733e-03,1.769564e+05
1.270012e-03,2.681532e+05
1.591001e-03,3.531493e+05
1.672168e-03,4.381563e+05
1.854415e-03,5.273231e+05
2.130145e-03,6.113222e+05
2.293121e-03,6.994814e+05
2.579882e-03,7.866185e+05
2.726224e-03,8.841410e+05
2.938255e-03,9.733895e+05
3.132215e-03,1.071986e+06
3.323617e-03,1.166434e+06
3.511243e-03,1.261953e+06
3.625904e-03,1.352308e+06
3.770393e-03,1.445768e+06
3.943844e-03,1.533012e+06
4.075887e-03,1.624445e+06
4.306392e-03,1.711723e+06
4.363333e-03,1.775120e+06
4.427992e-03,1.772021e+06
4.221161e-03,1.638038e+06
4.045767e-03,1.545586e+06
3.891203e-03,1.453147e+06
3.761534e-03,1.359690e+06
3.609225e-03,1.265193e+06
3.443208e-03,1.171753e+06
3.315294e-03,1.079351e+06
3.123275e-03,9.838673e+05
2.894971e-03,8.800849e+05
2.720745e-03,7.856599e+05
2.532176e-03,6.902153e+05
2.292310e-03,5.958220e+05
2.062658e-03,5.076696e+05
1.822352e-03,4.143489e+05
1.652740e-03,3.355532e+05
1.529295e-03,2.526283e+05
1.268490e-03,1.655714e+05
1.064706e-03,7.749606e+04
8.522481e-04,-4.346202e+03
6.325783e-04,-8.410101e+04
3.265655e-04,-1.161925e+05
-1.595087e-06,-1.431022e+05
2.301767e-05,-1.410294e+05
3.724962e-06,-1.607031e+05
-3.508303e-04,-2.921523e+05
-5.492666e-04,-4.059793e+05
-7.602457e-04,-5.001214e+05
-9.272462e-04,-5.952797e+05
-1.112438e-03,-6.852491e+05
-1.280167e-03,-7.762249e+05
-1.543572e-03,-8.692566e+05
-1.721303e-03,-9.571130e+05
-1.857359e-03,-1.044926e+06
-2.067933e-03,-1.132724e+06
-2.201404e-03,-1.220529e+06
-2.352075e-03,-1.304154e+06
-2.535252e-03,-1.388824e+06
-2.688071e-03,-1.468270e+06
-2.831475e-03,-1.552880e+06
-3.078280e-03,-1.633344e+06
-3.179630e-03,-1.713791e+06
-3.203017e-03,-1.799389e+06
-3.455370e-03,-1.875685e+06
-3.637607e-03,-1.954007e+06
-4.193705e-03,-2.032338e+06
-4.193705e-03,-2.032338e+06
-3.764813e-03,-2.011676e+06
-3.638743e-03,-1.962148e+06
-3.468911e-03,-1.885849e+06
-3.310989e-03,-1.808535e+06
-3.231311e-03,-1.726047e+06
-3.133991e-03,-1.642500e+06
-3.004155e-03,-1.570285e+06
-2.731504e-03,-1.487754e+06
-2.688732e-03,-1.402097e+06
-2.494568e-03,-1.323654e+06
-2.273197e-03,-1.242115e+06
-2.104903e-03,-1.152264e+06
-1.953524e-03,-1.064458e+06
-1.823166e-03,-9.776873e+05
-1.574176e-03,-8.898511e+05
-1.475792e-03,-7.916659e+05
-1.190016e-03,-7.017298e+05
-1.003188e-03,-6.045336e+05
-8.109785e-04,-5.124885e+05
-6.047539e-04,-4.193928e+05
-4.859549e-04,-3.211016e+05
-1.422149e-04,-1.741480e+05
1.296013e-05,-1.265298e+05
1.062347e-04,-1.368863e+05
2.330612e-04,-1.203232e+05
4.663543e-04,-9.859192e+04
6.980402e-04,-1.988261e+04
7.204474e-04,5.780602e+04
1.057845e-03,1.396539e+05
1.255920e-03,2.173712e+05
1.414434e-03,3.044277e+05
1.642917e-03,3.883956e+05
1.830521e-03,4.723743e+05
2.022910e-03,5.625840e+05
2.232384e-03,6.507356e+05
2.501320e-03,7.409749e+05
2.672337e-03,8.333060e+05
2.885483e-03,9.308407e+05
3.055624e-03,1.021130e+06
3.253327e-03,1.114551e+06
3.410080e-03,1.205909e+06
3.550704e-03,1.300400e+06
3.818714e-03,1.390741e+06
3.894689e-03,1.490438e+06
4.107555e-03,1.586021e+06
4.269034e-03,1.674338e+06
4.435254e-03,1.767835e+06
4.347297e-03,1.781360e+06
4.389704e-03,1.746081e+06
4.336224e-03,1.680658e+06
4.090634e-03,1.595454e+06
4.022723e-03,1.501959e+06
3.834886e-03,1.408501e+06
3.800028e-03,1.319182e+06
3.615482e-03,1.222623e+06
3.379870e-03,1.125032e+06
3.200879e-03,1.029536e+06
3.072501e-03,9.309328e+05
2.842831e-03,8.344220e+05
2.644772e-03,7.389691e+05
2.455880e-03,6.476906e+05
2.176253e-03,5.605648e+05
1.992177e-03,4.724138e+05
1.800460e-03,3.873934e+05
1.603812e-03,3.054933e+05
1.403191e-03,2.277511e+05
1.220746e-03,1.396639e+05
9.797995e-04,5.781017e+04
7.869155e-04,-2.609888e+04
5.815752e-04,-1.017054e+05
2.689485e-04,-1.172246e+05
-8.737873e-06,-1.462087e+05
2.963106e-05,-1.389596e+05
-5.400935e-06,-1.803711e+05
-3.392641e-04,-3.221603e+05
-5.881773e-04,-4.194253e+05
-7.133676e-04,-5.135634e+05
-9.562651e-04,-5.973391e+05
-1.177381e-03,-6.924867e+05
-1.234466e-03,-7.844990e+05
-1.571368e-03,-8.775257e+05
-2.111289e-03,-9.663981e+05
-1.821540e-03,-1.057325e+06
-2.061881e-03,-1.138915e+06
-2.174861e-03,-1.226707e+06
-2.393986e-03,-1.310335e+06
-2.582517e-03,-1.396030e+06
-2.740980e-03,-1.474447e+06
-2.902399e-03,-1.560116e+06
-3.095247e-03,-1.643636e+06
-3.165838e-03,-1.726163e+06
-3.289328e-03,-1.803506e+06
-3.522697e-03,-1.882884e+06
-3.622952e-03,-1.963288e+06
-3.762313e-03,-2.029239e+06
-3.782226e-03,-2.030244e+06
-3.534435e-03,-1.901321e+06
-3.364994e-03,-1.822977e+06
-3.183160e-03,-1.743568e+06
-3.120032e-03,-1.663111e+06
-3.032258e-03,-1.583709e+06
-2.898341e-03,-1.493943e+06
-2.647921e-03,-1.416546e+06
-2.508145e-03,-1.338112e+06
-2.340216e-03,-1.251389e+06
-2.111446e-03,-1.163624e+06
-1.908435e-03,-1.076864e+06
-1.839745e-03,-9.880180e+05
-1.675080e-03,-9.012185e+05
-1.501233e-03,-8.123401e+05
-1.245572e-03,-7.193009e+05
-1.051953e-03,-6.314223e+05
-8.589260e-04,-5.383499e+05
-6.815628e-04,-4.431872e+05
-5.112629e-04,-3.511091e+05
-2.350676e-04,-2.072707e+05
2.541822e-05,-1.286002e+05
4.800032e-05,-1.306723e+05
1.308956e-04,-1.265320e+05
4.004190e-04,-1.089459e+05
6.511290e-04,-3.852595e+04
8.027375e-04,4.433896e+04
1.019692e-03,1.241111e+05
1.238961e-03,2.121909e+05
1.395292e-03,2.951010e+05
1.584334e-03,3.842457e+05
1.722086e-03,4.640757e+05
1.908538e-03,5.542879e+05
2.172425e-03,6.382946e+05
2.417386e-03,7.254258e+05
2.621521e-03,8.125686e+05
2.821253e-03,9.059501e+05
3.043080e-03,9.993394e+05
3.225906e-03,1.093794e+06
3.351977e-03,1.182042e+06
3.548936e-03,1.276524e+06
3.751928e-03,1.366862e+06
3.869960e-03,1.464487e+06
4.034355e-03,1.555897e+06
4.154074e-03,1.647322e+06
4.362188e-03,1.737710e+06
4.432453e-03,1.768901e+06
4.289851e-03,1.655723e+06
4.054470e-03,1.565329e+06
3.967807e-03,1.477043e+06
3.809637e-03,1.379421e+06
3.686746e-03,1.279735e+06
3.491797e-03,1.185251e+06
3.326507e-03,1.095967e+06
3.151018e-03,1.000471e+06
3.043486e-03,9.029105e+05
2.797729e-03,8.001878e+05
2.581756e-03,7.099237e+05
2.358267e-03,6.165712e+05
2.115950e-03,5.294510e+05
1.888784e-03,4.371584e+05
1.671122e-03,3.531789e+05
1.572623e-03,2.640308e+05
1.279253e-03,1.759345e+05
1.072940e-03,9.821738e+04
8.963147e-04,1.015627e+04
6.397624e-04,-7.270803e+04
3.335029e-04,-1.151603e+05
1.754100e-05,-1.451739e+05
-1.238149e-05,-1.503501e+05
2.049744e-05,-1.379235e+05
-3.451033e-04,-2.683512e+05
-5.824602e-04,-3.883885e+05
-6.720500e-04,-4.763198e+05
-8.943600e-04,-5.725189e+05
-1.046927e-03,-6.635324e+05
-1.266310e-03,-7.555507e+05
-1.508523e-03,-8.434177e+05
-1.625439e-03,-9.312668e+05
-1.858100e-03,-1.019089e+06
-1.956167e-03,-1.108965e+06
-2.185806e-03,-1.194701e+06
-2.285710e-03,-1.281433e+06
-2.499365e-03,-1.365054e+06
-2.659293e-03,-1.446585e+06
-2.860228e-03,-1.530185e+06
-3.019159e-03,-1.610633e+06
-3.136141e-03,-1.686965e+06
-3.235446e-03,-1.763282e+06
-3.430693e-03,-1.845760e+06
-3.576901e-03,-1.922055e+06
-3.680250e-03,-1.999342e+06
-3.739160e-03,-2.025106e+06
-3.786952e-03,-2.014766e+06
-3.665976e-03,-1.930173e+06
-3.436919e-03,-1.852844e+06
-3.301443e-03,-1.775524e+06
-3.162081e-03,-1.699216e+06
-3.080653e-03,-1.616705e+06
-2.887505e-03,-1.540365e+06
-2.788019e-03,-1.455767e+06
-2.590533e-03,-1.375260e+06
-2.426787e-03,-1.292693e+06
-2.273645e-03,-1.202853e+06
-2.101390e-03,-1.118175e+06
-1.941489e-03,-1.028299e+06
-1.711061e-03,-9.425433e+05
-1.561334e-03,-8.454131e+05
-1.349098e-03,-7.503084e+05
-1.203204e-03,-6.593329e+05
-9.410172e-04,-5.652328e+05
-7.129026e-04,-4.721470e+05
-5.178684e-04,-3.769709e+05
-3.452184e-04,-2.538436e+05
1.743642e-05,-1.358462e+05
4.643443e-05,-1.296357e+05
7.578046e-06,-1.296373e+05
3.045471e-04,-1.141193e+05
5.435801e-04,-6.648990e+04
7.774996e-04,2.051401e+04
9.708115e-04,9.820992e+04
1.112521e-03,1.811028e+05
1.307759e-03,2.702265e+05
1.595040e-03,3.531493e+05
1.683829e-03,4.391963e+05
1.890060e-03,5.262933e+05
2.204230e-03,6.227313e+05
2.393492e-03,7.046789e+05
2.546203e-03,7.918116e+05
2.807524e-03,8.862291e+05
2.997276e-03,9.775530e+05
3.170183e-03,1.072013e+06
3.341703e-03,1.161282e+06
3.519228e-03,1.263010e+06
3.661532e-03,1.348165e+06
3.822550e-03,1.439562e+06
3.902570e-03,1.530969e+06
4.120707e-03,1.623421e+06
4.318459e-03,1.712788e+06
4.429716e-03,1.755384e+06
4.422517e-03,1.742975e+06
4.208225e-03,1.634919e+06
4.056501e-03,1.538324e+06
3.918181e-03,1.441736e+06
3.752653e-03,1.348280e+06
3.621561e-03,1.252747e+06
3.454849e-03,1.156187e+06
3.317238e-03,1.065866e+06
3.111177e-03,9.672601e+05
2.925171e-03,8.707496e+05
2.706093e-03,7.752923e+05
2.541042e-03,6.850263e+05
2.317566e-03,5.885660e+05
2.062405e-03,4.993778e+05
1.832300e-03,4.143472e+05
1.646753e-03,3.314053e+05
1.527007e-03,2.505538e+05
1.237748e-03,1.655714e+05
1.032038e-03,8.371125e+04
8.342116e-04,3.940843e+03
6.960443e-04,-7.892177e+04
3.357884e-04,-1.151583e+05
-2.506185e-05,-1.389596e+05
1.540488e-05,-1.431028e+05
-1.046661e-05,-1.503501e+05
-3.137290e-04,-2.797361e+05
-5.546227e-04,-3.873500e+05
-7.395029e-04,-4.814971e+05
-8.668866e-04,-5.797584e+05
-1.077019e-03,-6.676659e+05
-1.213981e-03,-7.576135e+05
-1.573526e-03,-8.475451e+05
-1.669991e-03,-9.364394e+05
-1.846455e-03,-1.023222e+06
-1.990428e-03,-1.112063e+06
-2.157805e-03,-1.196754e+06
-2.381142e-03,-1.282467e+06
-2.532299e-03,-1.366076e+06
-2.664456e-03,-1.447612e+06
-2.835376e-03,-1.531212e+06
-3.051632e-03,-1.609592e+06
-3.136918e-03,-1.696244e+06
-3.245367e-03,-1.776677e+06
-3.424358e-03,-1.857110e+06
-3.593847e-03,-1.932344e+06
-3.739641e-03,-2.009637e+06
-3.800788e-03,-2.027173e+06
-3.818860e-03,-2.003402e+06
-3.662507e-03,-1.949768e+06
-3.466593e-03,-1.876558e+06
-3.309459e-03,-1.799219e+06
-3.199338e-03,-1.717787e+06
-3.135652e-03,-1.639392e+06
-2.995012e-03,-1.562023e+06
-2.851388e-03,-1.479484e+06
-2.672585e-03,-1.402091e+06
-2.491157e-03,-1.316417e+06
-2.367099e-03,-1.235906e+06
-2.218899e-03,-1.147098e+06
-1.986413e-03,-1.061360e+06
-1.881592e-03,-9.756185e+05
-1.684451e-03,-8.857171e+05
-1.507816e-03,-7.937282e+05
-1.236783e-03,-6.975879e+05
-9.726675e-04,-6.096997e+05
-8.429625e-04,-5.176564e+05
-7.010657e-04,-4.214574e+05
-5.374591e-04,-3.262732e+05
-1.728870e-04,-1.762188e+05
2.792326e-05,-1.244594e+05
4.016873e-05,-1.234245e+05
1.880115e-04,-1.192872e+05
4.811707e-04,-1.006633e+05
6.828496e-04,-2.298987e+04
8.554675e-04,5.884214e+04
1.090387e-03,1.448350e+05
1.290635e-03,2.277338e+05
1.476603e-03,3.137597e+05
1.659335e-03,4.008324e+05
1.855546e-03,4.806672e+05
1.996987e-03,5.729556e+05
2.261310e-03,6.579968e+05
2.511544e-03,7.420146e+05
2.671048e-03,8.416135e+05
2.912046e-03,9.308484e+05
3.075401e-03,1.024254e+06
3.339578e-03,1.118708e+06
3.416641e-03,1.214226e+06
3.640182e-03,1.305591e+06
3.782549e-03,1.400099e+06
3.868808e-03,1.494606e+06
4.112672e-03,1.588108e+06
4.276209e-03,1.681600e+06
4.377965e-03,1.760593e+06
4.398676e-03,1.735698e+06
4.247316e-03,1.601725e+06
4.095444e-03,1.505114e+06
3.870542e-03,1.415791e+06
3.755964e-03,1.321289e+06
3.591099e-03,1.232003e+06
3.430422e-03,1.130245e+06
3.273313e-03,1.034746e+06
3.117370e-03,9.413328e+05
2.856857e-03,8.500056e+05
2.705903e-03,7.514345e+05
2.512345e-03,6.622199e+05
2.379766e-03,5.761297e+05
2.045655e-03,4.921266e+05
1.880679e-03,4.039834e+05
1.654039e-03,3.231165e+05
1.465602e-03,2.360462e+05
1.285364e-03,1.510636e+05
1.021468e-03,6.817077e+04
9.200646e-04,-1.159725e+04
5.990857e-04,-9.342147e+04
2.734692e-04,-1.151554e+05
-2.366772e-05,-1.441390e+05
2.065894e-05,-1.420667e+05
-3.210637e-05,-1.710557e+05
-3.581181e-04,-3.169896e+05
-5.544646e-04,-4.080461e+05
-7.293115e-04,-4.980513e+05
-8.982020e-04,-5.880352e+05
-1.091572e-03,-6.759357e+05
-1.275665e-03,-7.710514e+05
-1.528592e-03,-8.661529e+05
-1.733927e-03,-9.539928e+05
-1.900427e-03,-1.046990e+06
-2.057178e-03,-1.128587e+06
-2.188673e-03,-1.210177e+06
-2.352858e-03,-1.297949e+06
-2.549914e-03,-1.375382e+06
-2.718641e-03,-1.457932e+06
-2.841825e-03,-1.540475e+06
-3.080851e-03,-1.627142e+06
-3.171098e-03,-1.705531e+06
-3.242856e-03,-1.786988e+06
-3.411279e-03,-1.865352e+06
-3.587734e-03,-1.945741e+06
-3.731950e-03,-2.029239e+06
-3.940059e-03,-2.110616e+06
-4.103187e-03,-2.192004e+06
-4.350900e-03,-2.269183e+06
-4.612132e-03,-2.351482e+06
-4.960655e-03,-2.436866e+06
-5.249570e-03,-2.512855e+06
-5.262543e-03,-2.480853e+06
-5.340343e-03,-2.512797e+06
-5.480525e-03,-2.589921e+06
-5.792034e-03,-2.619442e+06
-5.748729e-03,-2.571982e+06
-5.568276e-03,-2.501967e+06
-5.473955e-03,-2.426838e+06
-5.393805e-03,-2.352749e+06
-5.249156e-03,-2.274495e+06
-5.125087e-03,-2.195205e+06
-5.000493e-03,-2.110785e+06
-4.770783e-03,-2.032504e+06
-4.629486e-03,-1.954199e+06
-4.411092e-03,-1.876937e+06
-4.180474e-03,-1.792404e+06
-4.000557e-03,-1.707902e+06
-3.855587e-03,-1.622309e+06
-3.685346e-03,-1.543953e+06
-3.517610e-03,-1.464521e+06
-3.389949e-03,-1.375797e+06
-3.292795e-03,-1.297373e+06
-3.099833e-03,-1.203460e+06
-2.947191e-03,-1.107456e+06
-2.756051e-03,-1.023810e+06
-2.561878e-03,-9.298234e+05
-2.334484e-03,-8.389186e+05
-2.143944e-03,-7.448906e+05
-2.061424e-03,-6.456697e+05
-1.781991e-03,-5.536685e+05
-1.588643e-03,-4.575124e+05
-1.383752e-03,-3.623636e+05
-1.156069e-03,-2.703064e+05
-7.455089e-04,-1.295906e+05
-4.036497e-04,-1.151204e+05
-1.822433e-04,-4.990213e+04
-6.250538e-05,-2.026077e+02
5.150190e-05,-3.309029e+03
1.063523e-04,2.775636e+04
1.973356e-04,1.116433e+05
4.383431e-04,1.945111e+05
5.621819e-04,2.763570e+05
7.594233e-04,3.551096e+05
9.662146e-04,4.390562e+05
1.135764e-03,5.250962e+05
1.329589e-03,6.080399e+05
1.554217e-03,6.941104e+05
1.767069e-03,7.822701e+05
1.874918e-03,8.694028e+05
2.185028e-03,9.524083e+05
2.450305e-03,1.041649e+06
2.650155e-03,1.132969e+06
2.855072e-03,1.214983e+06
3.019815e-03,1.312587e+06
3.266017e-03,1.400850e+06
3.414444e-03,1.492239e+06
3.613529e-03,1.586761e+06
3.714464e-03,1.677137e+06
3.832563e-03,1.774810e+06
4.097060e-03,1.870442e+06
4.408125e-03,1.962932e+06
4.413834e-03,2.059620e+06
4.629751e-03,2.150115e+06
4.918504e-03,2.245863e+06
5.169576e-03,2.335405e+06
5.538080e-03,2.430216e+06
5.794452e-03,2.449020e+06
5.774017e-03,2.404375e+06
6.047260e-03,2.526100e+06
6.286894e-03,2.615739e+06
6.335229e-03,2.578394e+06
6.220235e-03,2.461927e+06
6.035830e-03,2.367270e+06
5.866468e-03,2.285077e+06
5.683377e-03,2.194580e+06
5.564861e-03,2.102012e+06
5.399277e-03,2.014672e+06
5.314068e-03,1.913820e+06
5.158444e-03,1.822325e+06
5.041099e-03,1.722543e+06
4.884339e-03,1.629009e+06
4.737642e-03,1.535491e+06
4.564441e-03,1.440950e+06
4.459336e-03,1.346414e+06
4.250113e-03,1.256058e+06
4.063192e-03,1.161543e+06
3.939582e-03,1.067064e+06
3.780042e-03,9.829635e+05
3.540374e-03,8.781160e+05
3.357753e-03,7.826369e+05
3.059563e-03,6.788766e+05
2.840677e-03,5.906956e+05
2.629847e-03,5.025333e+05
2.362926e-03,4.143835e+05
2.093769e-03,3.272876e+05
1.869095e-03,2.495375e+05
1.737582e-03,1.655832e+05
1.477055e-03,8.060910e+04
1.276586e-03,-3.310519e+03
1.042005e-03,-7.271142e+04
7.565878e-04,-1.172306e+05
3.875214e-04,-1.969358e+05
3.419175e-04,-1.948650e+05
2.294343e-04,-2.321358e+05
5.038970e-05,-3.170045e+05
-1.302255e-04,-4.039281e+05
-3.444318e-04,-4.960070e+05
-4.456626e-04,-5.849609e+05
-6.624892e-04,-6.728663e+05
-9.025447e-04,-7.617889e+05
-1.072178e-03,-8.517169e+05
-1.310606e-03,-9.416326e+05
-1.575806e-03,-1.032554e+06
-1.755556e-03,-1.125534e+06
-1.899101e-03,-1.214356e+06
-2.122506e-03,-1.300046e+06
-2.300265e-03,-1.387790e+06
-2.473833e-03,-1.478615e+06
-2.661875e-03,-1.565285e+06
-2.960493e-03,-1.644685e+06
-3.067188e-03,-1.731315e+06
-3.135424e-03,-1.815875e+06
-3.395528e-03,-1.892133e+06
-3.557011e-03,-1.974582e+06
-3.774708e-03,-2.056993e+06
-3.945688e-03,-2.135263e+06
-4.216802e-03,-2.215590e+06
-4.416630e-03,-2.301041e+06
-4.677978e-03,-2.380287e+06
-4.897165e-03,-2.458470e+06
-5.122626e-03,-2.536598e+06
-5.340818e-03,-2.612701e+06
-5.488809e-03,-2.672236e+06
-5.663651e-03,-2.640144e+06
-5.403823e-03,-2.545420e+06
-5.327012e-03,-2.467195e+06
-5.158541e-03,-2.391042e+06
-5.068825e-03,-2.314863e+06
-4.922556e-03,-2.237638e+06
-4.772096e-03,-2.153199e+06
-4.510886e-03,-2.074919e+06
-4.399336e-03,-1.993535e+06
-4.188707e-03,-1.914217e+06
-3.924190e-03,-1.829691e+06
-3.795368e-03,-1.744131e+06
-3.590891e-03,-1.656471e+06
-3.408074e-03,-1.565730e+06
-3.281781e-03,-1.483215e+06
-3.208348e-03,-1.389326e+06
-2.957718e-03,-1.297488e+06
-2.799983e-03,-1.202522e+06
-2.613927e-03,-1.107540e+06
-2.428135e-03,-1.017696e+06
-2.200203e-03,-9.268071e+05
-2.024812e-03,-8.327869e+05
-1.862802e-03,-7.346122e+05
-1.640606e-03,-6.415855e+05
-1.489880e-03,-5.475092e+05
-1.239412e-03,-4.554789e+05
-1.023239e-03,-3.634284e+05
-7.719639e-04,-2.723939e+05
-5.810213e-04,-1.792756e+05
-1.323060e-04,-1.089147e+05
5.763343e-05,-8.614359e+04
1.311705e-04,-8.614433e+04
1.249628e-04,-4.472816e+04
4.204954e-04,3.086476e+04
5.691383e-04,1.168313e+05
7.766899e-04,2.007416e+05
8.925869e-04,2.846663e+05
1.118615e-03,3.634290e+05
1.283155e-03,4.484254e+05
1.674654e-03,5.261765e+05
1.686055e-03,6.101710e+05
1.960478e-03,6.952077e+05
2.212452e-03,7.823419e+05
2.468517e-03,8.715700e+05
2.697540e-03,9.576904e+05
2.910191e-03,1.046949e+06
3.163374e-03,1.138294e+06
3.386929e-03,1.234861e+06
3.507674e-03,1.332470e+06
3.754878e-03,1.422832e+06
3.925800e-03,1.514253e+06
4.054115e-03,1.610866e+06
4.287717e-03,1.700227e+06
4.446246e-03,1.796880e+06
4.654546e-03,1.893573e+06
4.816459e-03,1.984028e+06
5.008622e-03,2.075561e+06
5.164417e-03,2.168141e+06
5.418841e-03,2.262814e+06
5.541242e-03,2.355428e+06
5.763222e-03,2.448079e+06
6.021623e-03,2.538681e+06
6.288412e-03,2.610567e+06
6.065712e-03,2.462946e+06
6.016654e-03,2.448389e+06
5.870157e-03,2.378674e+06
5.771787e-03,2.284002e+06
5.674659e-03,2.190383e+06
5.434572e-03,2.108232e+06
5.370922e-03,2.013618e+06
5.223726e-03,1.918994e+06
5.073466e-03,1.828574e+06
4.976107e-03,1.738102e+06
4.865652e-03,1.637305e+06
4.640711e-03,1.546899e+06
4.532388e-03,1.455452e+06
4.366625e-03,1.367168e+06
4.212036e-03,1.276806e+06
4.063302e-03,1.186452e+06
3.930310e-03,1.091957e+06
3.709668e-03,1.005767e+06
3.565905e-03,9.206509e+05
3.368857e-03,8.345046e+05
3.191234e-03,7.504535e+05
2.945491e-03,6.684813e+05
2.703413e-03,5.771998e+05
2.465150e-03,4.973297e+05
2.144113e-03,4.091824e+05
1.940787e-03,3.283130e+05
1.742500e-03,2.474546e+05
1.520796e-03,1.593589e+05
1.388323e-03,7.749671e+04
1.161380e-03,-5.382240e+03
8.395594e-04,-8.721021e+04
4.501667e-04,-1.296484e+05
2.269446e-04,-1.700174e+05
1.168025e-04,-2.393724e+05
-4.923712e-05,-3.231997e+05
-2.711643e-04,-4.090865e+05
-4.047303e-04,-5.063359e+05
-6.629846e-04,-5.994193e+05
-8.590018e-04,-6.883505e+05
-1.165766e-03,-7.720861e+05
-1.300234e-03,-8.620145e+05
-1.471670e-03,-9.570962e+05
-1.661590e-03,-1.044917e+06
-1.823183e-03,-1.137860e+06
-2.006541e-03,-1.227725e+06
-2.242432e-03,-1.313414e+06
-2.441738e-03,-1.405274e+06
-2.642315e-03,-1.485740e+06
-2.826632e-03,-1.575496e+06
-3.082057e-03,-1.663193e+06
-3.119556e-03,-1.746716e+06
-3.342743e-03,-1.828152e+06
-3.501840e-03,-1.915769e+06
-3.672776e-03,-1.999224e+06
-3.923948e-03,-2.079598e+06
-4.135954e-03,-2.159906e+06
-4.412596e-03,-2.242290e+06
-4.666988e-03,-2.322558e+06
-4.833407e-03,-2.401806e+06
-5.076531e-03,-2.479992e+06
-5.262845e-03,-2.555039e+06
-5.462914e-03,-2.632119e+06
-5.723677e-03,-2.682457e+06
-5.688448e-03,-2.652516e+06
-5.438024e-03,-2.568068e+06
-5.350453e-03,-2.493986e+06
-5.159929e-03,-2.416794e+06
-5.051339e-03,-2.337544e+06
-4.936024e-03,-2.260332e+06
-4.726577e-03,-2.177952e+06
-4.539339e-03,-2.098662e+06
-4.429441e-03,-2.015215e+06
-4.155031e-03,-1.938963e+06
-3.990648e-03,-1.859615e+06
-3.786000e-03,-1.771993e+06
-3.651635e-03,-1.684369e+06
-3.391658e-03,-1.601854e+06
-3.314148e-03,-1.517285e+06
-3.187704e-03,-1.430624e+06
-3.108335e-03,-1.346012e+06
-2.883648e-03,-1.250022e+06
-2.719047e-03,-1.158156e+06
-2.492798e-03,-1.065215e+06
-2.238739e-03,-9.743268e+05
-2.092653e-03,-8.803205e+05
-2.140777e-03,-7.914684e+05
-1.751179e-03,-6.974174e+05
-1.534500e-03,-6.064500e+05
-1.243878e-03,-5.123661e+05
-1.116387e-03,-4.172215e+05
-8.553848e-04,-3.210211e+05
-6.501655e-04,-2.341150e+05
-3.962171e-04,-1.233954e+05
8.966252e-05,-8.614322e+04
7.925465e-05,-8.718052e+04
1.502917e-04,-9.028610e+04
3.367564e-04,-1.159361e+04
4.975799e-04,6.504331e+04
6.539023e-04,1.520528e+05
8.671569e-04,2.338999e+05
9.891862e-04,3.167976e+05
1.287174e-03,3.986762e+05
1.430315e-03,4.795303e+05
1.700608e-03,5.666232e+05
1.920998e-03,6.558089e+05
2.058259e-03,7.377485e+05
2.374339e-03,8.228195e+05
2.617465e-03,9.079034e+05
2.807992e-03,1.001306e+06
3.075387e-03,1.087446e+06
3.267411e-03,1.171542e+06
3.436172e-03,1.264986e+06
3.675231e-03,1.358459e+06
3.850380e-03,1.455050e+06
3.973077e-03,1.546473e+06
4.181522e-03,1.641037e+06
4.416450e-03,1.730398e+06
4.498121e-03,1.820840e+06
4.760119e-03,1.917525e+06
4.902873e-03,2.005942e+06
5.123192e-03,2.100571e+06
5.255298e-03,2.196263e+06
5.460133e-03,2.286799e+06
5.693013e-03,2.382496e+06
5.870044e-03,2.464760e+06
6.067097e-03,2.554307e+06
6.226505e-03,2.570056e+06
6.198556e-03,2.478562e+06
5.967598e-03,2.393239e+06
5.737584e-03,2.302718e+06
5.655297e-03,2.214315e+06
5.494502e-03,2.124876e+06
5.445649e-03,2.034395e+06
5.255616e-03,1.940830e+06
5.143833e-03,1.843112e+06
4.975391e-03,1.752674e+06
4.823018e-03,1.657028e+06
4.694795e-03,1.563526e+06
4.551700e-03,1.470008e+06
4.405968e-03,1.375473e+06
4.216181e-03,1.289254e+06
4.056426e-03,1.197872e+06
3.905222e-03,1.106496e+06
3.722726e-03,1.016159e+06
3.514324e-03,9.331064e+05
3.351284e-03,8.490283e+05
3.178355e-03,7.639353e+05
2.949941e-03,6.788542e+05
2.712112e-03,5.917175e+05
2.452194e-03,5.045854e+05
2.186986e-03,4.247375e+05
1.996801e-03,3.397154e+05
1.791582e-03,2.578190e+05
1.514812e-03,1.717944e+05
1.371510e-03,8.785923e+04
1.036239e-03,6.012787e+03
8.630212e-04,-7.478119e+04
5.437056e-04,-1.141217e+05
2.291381e-04,-1.731237e+05
2.209850e-04,-1.783010e+05
1.651775e-04,-2.134946e+05
-4.908824e-05,-3.004333e+05
-2.323417e-04,-3.852864e+05
-4.244309e-04,-4.752930e+05
-5.922375e-04,-5.663167e+05
-8.421764e-04,-6.511200e+05
-1.059383e-03,-7.400395e+05
-1.222668e-03,-8.320296e+05
-1.425937e-03,-9.240212e+05
-1.657939e-03,-1.014951e+06
-1.828905e-03,-1.098618e+06
-2.011118e-03,-1.186417e+06
-2.178804e-03,-1.275200e+06
-2.493634e-03,-1.363978e+06
-2.565036e-03,-1.449635e+06
-2.774043e-03,-1.541468e+06
-2.988101e-03,-1.622950e+06
-3.090418e-03,-1.708555e+06
-3.301043e-03,-1.794133e+06
-3.453643e-03,-1.871426e+06
-3.618627e-03,-1.949751e+06
-3.814288e-03,-2.033206e+06
-4.079266e-03,-2.123872e+06
-4.352677e-03,-2.200048e+06
-4.537132e-03,-2.279313e+06
-4.759718e-03,-2.360614e+06
-4.992523e-03,-2.441906e+06
-5.194107e-03,-2.520081e+06
-5.383294e-03,-2.597206e+06
-5.618782e-03,-2.675282e+06
-5.625547e-03,-2.667026e+06
-5.679009e-03,-2.631863e+06
-5.619162e-03,-2.612327e+06
-5.420641e-03,-2.543368e+06
-5.337446e-03,-2.459981e+06
-5.231250e-03,-2.379741e+06
-5.083926e-03,-2.301495e+06
-4.932419e-03,-2.218071e+06
-4.719173e-03,-2.143945e+06
-4.576786e-03,-2.063597e+06
-4.392316e-03,-1.981177e+06
-4.123364e-03,-1.899756e+06
-3.951817e-03,-1.816286e+06
-3.759172e-03,-1.731757e+06
-3.652219e-03,-1.643076e+06
-3.431987e-03,-1.552331e+06
-3.263067e-03,-1.459485e+06
-3.155553e-03,-1.371792e+06
-3.002391e-03,-1.276843e+06
-2.695816e-03,-1.183940e+06
-2.569387e-03,-1.089987e+06
-2.393835e-03,-9.970462e+05
-2.220679e-03,-9.040756e+05
-1.995109e-03,-8.059172e+05
-1.839925e-03,-7.077339e+05
-1.628884e-03,-6.167740e+05
-1.383896e-03,-5.226901e+05
-1.206262e-03,-4.254850e+05
-9.533934e-04,-3.334269e+05
-7.320816e-04,-2.444598e+05
-4.994912e-04,-1.409853e+05
2.947160e-06,-9.442464e+04
8.202226e-05,-9.235698e+04
7.693708e-05,-8.821559e+04
1.958652e-04,-1.987745e+04
4.076966e-04,5.675666e+04
5.827900e-04,1.427262e+05
8.061102e-04,2.256083e+05
9.878989e-04,3.053931e+05
1.231390e-03,3.914156e+05
1.417883e-03,4.764139e+05
1.640494e-03,5.593578e+05
1.773270e-03,6.433592e+05
2.025053e-03,7.304842e+05
2.320217e-03,8.186630e+05
2.574331e-03,9.068517e+05
2.771142e-03,9.909176e+05
3.007762e-03,1.078110e+06
3.227229e-03,1.170505e+06
3.428543e-03,1.263949e+06
3.621471e-03,1.356379e+06
3.840465e-03,1.447789e+06
3.997175e-03,1.539205e+06
4.208269e-03,1.632725e+06
4.452932e-03,1.718985e+06
4.500794e-03,1.811501e+06
4.713630e-03,1.905065e+06
4.905464e-03,1.996593e+06
5.059608e-03,2.086023e+06
5.249872e-03,2.182768e+06
5.478663e-03,2.278485e+06
5.658692e-03,2.366933e+06
5.851790e-03,2.455425e+06
6.062534e-03,2.543933e+06
6.267961e-03,2.595998e+06
6.372245e-03,2.562777e+06
6.323230e-03,2.545122e+06
6.233846e-03,2.477591e+06
6.000354e-03,2.393305e+06
5.877769e-03,2.307992e+06
5.738196e-03,2.216470e+06
5.587395e-03,2.125973e+06
5.453378e-03,2.029270e+06
5.307662e-03,1.932565e+06
5.156614e-03,1.840035e+06
4.989604e-03,1.748551e+06
4.853707e-03,1.652937e+06
4.709845e-03,1.555257e+06
4.558511e-03,1.466936e+06
4.462378e-03,1.369276e+06
4.277487e-03,1.285141e+06
4.032369e-03,1.192710e+06
3.979340e-03,1.105472e+06
3.748260e-03,1.013064e+06
3.539984e-03,9.217069e+05
3.383107e-03,8.376326e+05
3.174274e-03,7.525334e+05
2.928164e-03,6.674474e+05
2.708814e-03,5.792730e+05
2.438151e-03,4.962932e+05
2.166903e-03,4.143679e+05
1.922136e-03,3.272739e+05
1.775503e-03,2.464194e+05
1.527423e-03,1.614325e+05
1.327110e-03,7.957004e+04
1.155189e-03,1.869117e+03
8.278794e-04,-7.685249e+04
4.955058e-04,-1.172236e+05
2.260762e-04,-1.741584e+05
2.064130e-04,-1.814066e+05
1.181809e-04,-2.331612e+05
-1.316468e-04,-3.180276e+05
-3.035670e-04,-4.080549e+05
-3.801950e-04,-4.939134e+05
-6.161776e-04,-5.818358e+05
-8.745464e-04,-6.697327e+05
-1.092573e-03,-7.586450e+05
-1.306722e-03,-8.516761e+05
-1.508140e-03,-9.374493e+05
-1.646950e-03,-1.029411e+06
-1.856079e-03,-1.121347e+06
-2.040994e-03,-1.209127e+06
-2.271500e-03,-1.301017e+06
-2.425619e-03,-1.386694e+06
-2.661789e-03,-1.470279e+06
-2.833568e-03,-1.557979e+06
-3.055630e-03,-1.639451e+06
-3.120775e-03,-1.726070e+06
-3.321158e-03,-1.811660e+06
-3.536185e-03,-1.895148e+06
-3.697750e-03,-1.986872e+06
-3.918739e-03,-2.066197e+06
-4.089110e-03,-2.149587e+06
-4.459291e-03,-2.233026e+06
-4.646509e-03,-2.307121e+06
-4.905527e-03,-2.386373e+06
-5.077289e-03,-2.462498e+06
-5.249655e-03,-2.538581e+06
-5.434165e-03,-2.624978e+06
-5.690104e-03,-2.701021e+06
-5.856427e-03,-2.781133e+06
-6.313765e-03,-2.844514e+06
-6.623397e-03,-2.891431e+06
-7.032557e-03,-2.933171e+06
-7.498397e-03,-2.970727e+06
-7.881578e-03,-2.985629e+06
-8.115814e-03,-2.926716e+06
-8.096060e-03,-2.918455e+06
-8.285216e-03,-3.000693e+06
-8.635555e-03,-3.047512e+06
-8.753769e-03,-2.988629e+06
-8.817030e-03,-2.988615e+06
-8.818298e-03,-2.952562e+06
-8.733237e-03,-2.916578e+06
-8.556538e-03,-2.843641e+06
-8.381682e-03,-2.767640e+06
-8.299152e-03,-2.689562e+06
-8.091722e-03,-2.611494e+06
-7.951734e-03,-2.532377e+06
-7.794767e-03,-2.451170e+06
-7.619445e-03,-2.375113e+06
-7.452465e-03,-2.294882e+06
-7.245808e-03,-2.207448e+06
-7.114080e-03,-2.118974e+06
-6.917041e-03,-2.037692e+06
-6.773693e-03,-1.949171e+06
-6.531045e-03,-1.862712e+06
-6.386124e-03,-1.780353e+06
-6.244057e-03,-1.687647e+06
-6.051228e-03,-1.605259e+06
-5.890910e-03,-1.517704e+06
-5.776662e-03,-1.428050e+06
-5.591574e-03,-1.341455e+06
-5.405439e-03,-1.254849e+06
-5.202978e-03,-1.157924e+06
-5.029312e-03,-1.067158e+06
-4.746248e-03,-9.794617e+05
-4.489981e-03,-8.886605e+05
-4.283586e-03,-7.957720e+05
-4.077741e-03,-7.038958e+05
-3.899677e-03,-6.150962e+05
-3.680534e-03,-5.180136e+05
-3.610209e-03,-4.219476e+05
-3.382410e-03,-3.279183e+05
-3.141755e-03,-2.421448e+05
-2.940880e-03,-1.522194e+05
-2.468639e-03,-9.949982e+04
-2.204860e-03,-1.261612e+04
-1.990324e-03,6.601093e+04
-1.768237e-03,1.550020e+05
-1.589837e-03,2.336654e+05
-1.363819e-03,3.164834e+05
-1.116962e-03,3.982853e+05
-9.135029e-04,4.801067e+05
-7.565432e-04,5.650448e+05
-5.636280e-04,6.458665e+05
-3.317855e-04,7.287738e+05
-3.084258e-04,7.329189e+05
-2.347162e-04,7.194699e+05
-8.834522e-05,8.065207e+05
1.367320e-04,8.904981e+05
4.114591e-04,9.713815e+05
6.559346e-04,1.052285e+06
8.209595e-04,1.139427e+06
1.065350e-03,1.222448e+06
1.337822e-03,1.305510e+06
1.580734e-03,1.388551e+06
1.786729e-03,1.473707e+06
2.118356e-03,1.555765e+06
2.422449e-03,1.637841e+06
2.750190e-03,1.725148e+06
3.015095e-03,1.809350e+06
3.298811e-03,1.901885e+06
3.674859e-03,1.992359e+06
3.888337e-03,2.078705e+06
4.185100e-03,2.166108e+06
4.441582e-03,2.260805e+06
4.732397e-03,2.350335e+06
5.023580e-03,2.447181e+06
5.291139e-03,2.536786e+06
5.582475e-03,2.631594e+06
5.951966e-03,2.726480e+06
6.329704e-03,2.829790e+06
6.744357e-03,2.931010e+06
7.177101e-03,3.013609e+06
7.615361e-03,3.093069e+06
7.932411e-03,3.147624e+06
8.296479e-03,3.187678e+06
8.685554e-03,3.185096e+06
8.690881e-03,3.192385e+06
8.733491e-03,3.113400e+06
9.136872e-03,3.259452e+06
9.365452e-03,3.249558e+06
9.338231e-03,3.240187e+06
9.361735e-03,3.165325e+06
9.365326e-03,3.150754e+06
9.265893e-03,3.082049e+06
9.063088e-03,2.997614e+06
8.852389e-03,2.909030e+06
8.749178e-03,2.817339e+06
8.580196e-03,2.724610e+06
8.435926e-03,2.627726e+06
8.363723e-03,2.537083e+06
8.190238e-03,2.443336e+06
8.023261e-03,2.348564e+06
7.856539e-03,2.255912e+06
7.805253e-03,2.160105e+06
7.611785e-03,2.065386e+06
7.449705e-03,1.977954e+06
7.269464e-03,1.886372e+06
7.070470e-03,1.790650e+06
6.900722e-03,1.695968e+06
6.733792e-03,1.604426e+06
6.637938e-03,1.519148e+06
6.387618e-03,1.423480e+06
6.221229e-03,1.338197e+06
5.989966e-03,1.245673e+06
5.782945e-03,1.153165e+06
5.607292e-03,1.063783e+06
5.415260e-03,9.744227e+05
5.281542e-03,8.829883e+05
5.115098e-03,7.946963e+05
4.865226e-03,7.105744e+05
4.675351e-03,6.233504e+05
4.595026e-03,5.413375e+05
4.344668e-03,4.603671e+05
4.120764e-03,3.783864e+05
3.982978e-03,2.953777e+05
3.749965e-03,2.092749e+05
3.549930e-03,1.262994e+05
3.356033e-03,3.712121e+04
3.104215e-03,-6.136448e+04
2.521860e-03,-1.256041e+05
2.183497e-03,-1.950168e+05
1.856317e-03,-2.778849e+05
1.615210e-03,-3.679846e+05
1.349292e-03,-4.591046e+05
1.152096e-03,-5.481314e+05
8.345549e-04,-6.371491e+05
6.115496e-04,-7.219831e+05
4.122119e-04,-7.736881e+05
4.214002e-04,-7.633400e+05
3.406424e-04,-8.140395e+05
9.790900e-05,-9.060945e+05
-8.964008e-05,-9.950152e+05
-3.370669e-04,-1.087011e+06
-5.631838e-04,-1.180018e+06
-8.107757e-04,-1.269902e+06
-1.163943e-03,-1.355614e+06
-1.417829e-03,-1.447490e+06
-1.670598e-03,-1.541429e+06
-1.931271e-03,-1.624992e+06
-2.201778e-03,-1.719922e+06
-2.456592e-03,-1.804448e+06
-2.792559e-03,-1.900301e+06
-3.060042e-03,-1.990955e+06
-3.339444e-03,-2.079530e+06
-3.683248e-03,-2.162871e+06
-3.924248e-03,-2.252392e+06
-4.334130e-03,-2.339783e+06
-4.797161e-03,-2.426107e+06
-5.139081e-03,-2.517561e+06
-5.550278e-03,-2.593495e+06
-5.857213e-03,-2.677594e+06
-6.220961e-03,-2.760610e+06
-6.653114e-03,-2.832332e+06
-7.061275e-03,-2.903890e+06
-7.442955e-03,-2.967273e+06
-7.895713e-03,-3.022324e+06
-8.352674e-03,-3.066023e+06
-8.779238e-03,-3.089087e+06
-8.926119e-03,-3.065148e+06
-8.990542e-03,-3.020819e+06
-8.748393e-03,-2.958053e+06
-8.972354e-03,-2.942650e+06
-8.746683e-03,-2.882034e+06
-8.562363e-03,-2.803981e+06
-8.414003e-03,-2.722819e+06
-8.289106e-03,-2.643714e+06
-8.081059e-03,-2.560456e+06
-7.902317e-03,-2.475119e+06
-7.686399e-03,-2.390829e+06
-7.493488e-03,-2.305444e+06
-7.331186e-03,-2.219054e+06
-7.129083e-03,-2.131591e+06
-6.942260e-03,-2.042066e+06
-6.789906e-03,-1.954593e+06
-6.618355e-03,-1.862954e+06
-6.381552e-03,-1.772335e+06
-6.293488e-03,-1.677582e+06
-6.135697e-03,-1.583845e+06
-5.928691e-03,-1.485941e+06
-5.753825e-03,-1.397301e+06
-5.483911e-03,-1.302457e+06
-5.308996e-03,-1.211710e+06
-4.958907e-03,-1.119906e+06
-4.778092e-03,-1.020868e+06
-4.591042e-03,-9.352340e+05
-4.423385e-03,-8.423422e+05
-4.169795e-03,-7.545863e+05
-3.982464e-03,-6.668158e+05
-3.906061e-03,-5.676699e+05
-3.678993e-03,-4.746996e+05
-3.444352e-03,-3.786000e+05
-3.217014e-03,-2.897241e+05
-2.983536e-03,-1.997912e+05
-2.795681e-03,-1.253585e+05
-2.297965e-03,-6.330928e+04
-2.138946e-03,1.324808e+04
-1.809976e-03,9.499707e+04
-1.605047e-03,1.809032e+05
-1.379819e-03,2.637252e+05
-1.141974e-03,3.434581e+05
-1.067454e-03,4.242433e+05
-8.774033e-04,5.019397e+05
-6.134411e-04,5.827540e+05
-4.576842e-04,6.263016e+05
-3.069622e-04,6.677348e+05
-1.208107e-04,7.475558e+05
9.949426e-05,8.284265e+05
3.980230e-04,9.155372e+05
5.971379e-04,9.985191e+05
9.110811e-04,1.082560e+06
1.072094e-03,1.168706e+06
1.406226e-03,1.254873e+06
1.708409e-03,1.341062e+06
1.987535e-03,1.421040e+06
2.297400e-03,1.503128e+06
2.679264e-03,1.590414e+06
2.983808e-03,1.674617e+06
3.333049e-03,1.760944e+06
3.676239e-03,1.845204e+06
3.983925e-03,1.934666e+06
4.253875e-03,2.017949e+06
4.516736e-03,2.101263e+06
4.885302e-03,2.189780e+06
5.233623e-03,2.277310e+06
5.512486e-03,2.367961e+06
5.858455e-03,2.456589e+06
6.230349e-03,2.554609e+06
6.559560e-03,2.645368e+06
6.935614e-03,2.741367e+06
7.355120e-03,2.836367e+06
7.712396e-03,2.933486e+06
8.125262e-03,3.028590e+06
8.384594e-03,3.108095e+06
8.860244e-03,3.191855e+06
9.305218e-03,3.233984e+06
9.277471e-03,3.228869e+06
9.302305e-03,3.156084e+06
9.240876e-03,3.108269e+06
9.226868e-03,3.069709e+06
9.141590e-03,2.991533e+06
8.920145e-03,2.898808e+06
8.712476e-03,2.810221e+06
8.620101e-03,2.718528e+06
8.455168e-03,2.629955e+06
8.251051e-03,2.541416e+06
8.263074e-03,2.447653e+06
8.050951e-03,2.363287e+06
7.925916e-03,2.275806e+06
7.711856e-03,2.188339e+06
7.684026e-03,2.091532e+06
7.482613e-03,1.997841e+06
7.325656e-03,1.909368e+06
7.170250e-03,1.817786e+06
6.948002e-03,1.729342e+06
6.681524e-03,1.636738e+06
6.437043e-03,1.554555e+06
6.508557e-03,1.462006e+06
6.230451e-03,1.377779e+06
6.007516e-03,1.287309e+06
5.766398e-03,1.207258e+06
5.623466e-03,1.119944e+06
5.474243e-03,1.033689e+06
5.254082e-03,9.515956e+05
5.128377e-03,8.664005e+05
4.950484e-03,7.781145e+05
4.726159e-03,6.950212e+05
4.530931e-03,6.119500e+05
4.430119e-03,5.288926e+05
4.235399e-03,4.458537e+05
3.961909e-03,3.680186e+05
3.857376e-03,2.860495e+05
3.593208e-03,2.009829e+05
3.427182e-03,1.159322e+05
3.229238e-03,3.090129e+04
2.859425e-03,-7.795037e+04
2.368656e-03,-1.349338e+05
2.102499e-03,-2.074561e+05
1.766349e-03,-2.903258e+05
1.440110e-03,-3.773166e+05
1.241500e-03,-4.663638e+05
1.002190e-03,-5.522885e+05
7.292526e-04,-6.433687e+05
4.283364e-04,-7.302769e+05
3.314464e-04,-7.488723e+05
2.927005e-04,-7.571596e+05
2.695594e-04,-7.716501e+05
1.619332e-04,-8.244078e+05
-1.956172e-06,-9.123220e+05
-2.639011e-04,-1.008490e+06
-5.128101e-04,-1.097380e+06
-6.895664e-04,-1.183148e+06
-9.447526e-04,-1.273040e+06
-1.289972e-03,-1.363921e+06
-1.507762e-03,-1.453736e+06
-1.817375e-03,-1.541469e+06
-2.058400e-03,-1.628145e+06
-2.326552e-03,-1.717892e+06
-2.606897e-03,-1.809657e+06
-2.867628e-03,-1.902403e+06
-3.204231e-03,-1.994091e+06
-3.533202e-03,-2.084697e+06
-3.810592e-03,-2.175290e+06
-4.145801e-03,-2.266824e+06
-4.579643e-03,-2.351091e+06
-5.013817e-03,-2.445640e+06
-5.474604e-03,-2.530881e+06
-5.816841e-03,-2.615066e+06
-6.115952e-03,-2.690912e+06
-6.513572e-03,-2.770853e+06
-7.014361e-03,-2.855810e+06
-7.321867e-03,-2.921330e+06
-7.782068e-03,-2.986686e+06
-8.211908e-03,-3.053083e+06
-8.702177e-03,-3.116225e+06
-9.080012e-03,-3.154689e+06
-9.483207e-03,-3.183920e+06
-9.828613e-03,-3.193456e+06
-1.018427e-02,-3.208164e+06
-1.064292e-02,-3.202300e+06
-1.105623e-02,-3.182102e+06
-1.116667e-02,-3.129541e+06
-1.143504e-02,-3.238023e+06
-1.180297e-02,-3.235154e+06
-1.200820e-02,-3.159559e+06
-1.201456e-02,-3.157517e+06
-1.215314e-02,-3.116320e+06
-1.209053e-02,-3.080359e+06
-1.192723e-02,-3.009596e+06
-1.174852e-02,-2.928649e+06
-1.160580e-02,-2.849726e+06
-1.143207e-02,-2.768741e+06
-1.125250e-02,-2.686668e+06
-1.110611e-02,-2.597386e+06
-1.093124e-02,-2.516357e+06
-1.073177e-02,-2.434268e+06
-1.053356e-02,-2.348063e+06
-1.031804e-02,-2.262844e+06
-1.018656e-02,-2.178636e+06
-9.996927e-03,-2.091329e+06
-9.744447e-03,-1.998849e+06
-9.641026e-03,-1.913569e+06
-9.387846e-03,-1.827238e+06
-9.292360e-03,-1.727479e+06
-9.018342e-03,-1.633898e+06
-8.866492e-03,-1.547493e+06
-8.642076e-03,-1.455914e+06
-8.411726e-03,-1.366382e+06
-8.225527e-03,-1.270653e+06
-8.003817e-03,-1.183145e+06
-7.782086e-03,-1.083207e+06
-7.650560e-03,-9.956607e+05
-7.394252e-03,-9.018852e+05
-7.165603e-03,-8.050164e+05
-6.900957e-03,-7.132777e+05
-6.807096e-03,-6.204742e+05
-6.557120e-03,-5.307505e+05
-6.397317e-03,-4.358407e+05
-6.234430e-03,-3.409111e+05
-6.002960e-03,-2.552480e+05
-5.849992e-03,-1.561415e+05
-5.488002e-03,-1.096949e+05
-4.849208e-03,-5.368082e+03
-4.630664e-03,8.556370e+04
-4.451498e-03,1.641147e+05
-4.264565e-03,2.447515e+05
-4.111849e-03,3.254099e+05
-3.905303e-03,4.029797e+05
-3.670324e-03,4.836741e+05
-3.447799e-03,5.695579e+05
-3.244961e-03,6.513281e+05
-3.018721e-03,7.351902e+05
-2.747321e-03,8.159593e+05
-2.547954e-03,8.977967e+05
-2.295202e-03,9.827550e+05
-1.990164e-03,1.062565e+06
-1.688108e-03,1.147575e+06
-1.446694e-03,1.231593e+06
-1.184441e-03,1.311467e+06
-8.866041e-04,1.392426e+06
-5.412922e-04,1.467195e+06
-3.642765e-04,1.498383e+06
-1.685691e-04,1.577260e+06
2.057804e-04,1.657224e+06
4.525487e-04,1.740396e+06
9.278008e-04,1.822522e+06
1.265589e-03,1.895374e+06
1.630112e-03,1.975539e+06
2.146188e-03,2.056734e+06
2.540356e-03,2.136961e+06
3.059723e-03,2.214141e+06
3.536608e-03,2.286069e+06
4.012405e-03,2.360160e+06
4.417305e-03,2.440513e+06
4.811823e-03,2.510494e+06
5.193999e-03,2.579449e+06
5.562812e-03,2.645343e+06
6.044863e-03,2.719502e+06
6.474016e-03,2.790644e+06
6.794954e-03,2.862848e+06
7.158745e-03,2.935030e+06
7.551673e-03,3.008309e+06
7.899247e-03,3.078504e+06
8.269953e-03,3.149738e+06
8.531059e-03,3.212711e+06
8.945863e-03,3.262124e+06
9.199619e-03,3.311611e+06
9.385921e-03,3.348629e+06
9.623219e-03,3.373183e+06
9.850332e-03,3.397705e+06
1.003498e-02,3.408712e+06
1.022149e-02,3.393656e+06
1.023150e-02,3.378052e+06
1.024432e-02,3.314595e+06
1.023133e-02,3.305214e+06
1.040965e-02,3.387606e+06
1.057145e-02,3.449582e+06
1.073850e-02,3.395875e+06
1.072376e-02,3.360515e+06
1.073709e-02,3.266774e+06
1.054429e-02,3.191710e+06
1.036578e-02,3.109260e+06
1.018092e-02,3.019487e+06
1.013253e-02,2.938065e+06
9.992240e-03,2.848305e+06
9.882003e-03,2.760681e+06
9.536545e-03,2.670965e+06
9.611581e-03,2.580192e+06
9.495429e-03,2.488392e+06
9.280752e-03,2.397656e+06
8.961846e-03,2.316299e+06
8.933561e-03,2.228728e+06
8.805483e-03,2.133861e+06
8.608682e-03,2.045236e+06
8.473557e-03,1.954554e+06
8.283017e-03,1.865987e+06
8.152668e-03,1.776354e+06
7.970685e-03,1.685716e+06
7.741395e-03,1.594060e+06
7.495522e-03,1.508663e+06
7.384006e-03,1.424314e+06
7.212994e-03,1.342059e+06
7.062823e-03,1.258786e+06
6.843799e-03,1.176539e+06
6.692697e-03,1.094316e+06
6.478195e-03,1.008990e+06
6.432416e-03,9.195150e+05
6.228108e-03,8.383773e+05
6.013796e-03,7.583024e+05
5.798153e-03,6.678403e+05
5.605752e-03,5.867453e+05
5.373672e-03,5.015128e+05
5.292248e-03,4.121384e+05
5.015053e-03,3.352471e+05
4.757300e-03,2.500627e+05
4.567084e-03,1.700841e+05
4.293417e-03,8.597027e+04
4.010082e-03,-2.511727e+04
3.694931e-03,-1.071032e+05
3.409259e-03,-1.610476e+05
3.184667e-03,-2.367724e+05
2.917295e-03,-3.218166e+05
2.710515e-03,-4.109951e+05
2.538948e-03,-4.970367e+05
2.287751e-03,-5.851367e+05
2.099303e-03,-6.732116e+05
1.848040e-03,-7.591914e+05
1.653257e-03,-8.503306e+05
1.337798e-03,-9.372964e+05
1.069300e-03,-1.031491e+06
7.768242e-04,-1.120468e+06
4.752441e-04,-1.211497e+06
1.345107e-04,-1.301453e+06
-2.225550e-04,-1.389310e+06
-6.695353e-04,-1.485413e+06
-7.725861e-04,-1.487377e+06
-8.610253e-04,-1.499805e+06
-1.024540e-03,-1.575265e+06
-1.313246e-03,-1.662002e+06
-1.655854e-03,-1.748690e+06
-1.972886e-03,-1.844640e+06
-2.330124e-03,-1.935337e+06
-2.650840e-03,-2.024971e+06
-3.143826e-03,-2.121772e+06
-3.493723e-03,-2.209269e+06
-3.873125e-03,-2.284363e+06
-4.170044e-03,-2.346991e+06
-4.601789e-03,-2.430146e+06
-4.796163e-03,-2.494803e+06
-5.236671e-03,-2.561443e+06
-5.573632e-03,-2.625915e+06
-6.067780e-03,-2.682202e+06
-6.503257e-03,-2.741475e+06
-6.922867e-03,-2.791516e+06
-7.139559e-03,-2.841456e+06
-7.442198e-03,-2.889400e+06
-7.821210e-03,-2.933142e+06
-8.157294e-03,-2.968681e+06
-8.567953e-03,-3.006195e+06
-9.011682e-03,-3.042716e+06
-9.393128e-03,-3.080148e+06
-9.743985e-03,-3.107299e+06
-1.014983e-02,-3.135479e+06
-1.046437e-02,-3.161539e+06
-1.086350e-02,-3.178375e+06
-1.127474e-02,-3.190022e+06
-1.167942e-02,-3.199587e+06
-1.204929e-02,-3.206087e+06
-1.246463e-02,-3.196102e+06
-1.284599e-02,-3.158702e+06
-1.265834e-02,-3.112405e+06
-1.279773e-02,-3.078453e+06
-1.269873e-02,-3.038329e+06
-1.250276e-02,-2.963517e+06
-1.232894e-02,-2.884602e+06
-1.216521e-02,-2.803610e+06
-1.198850e-02,-2.718483e+06
-1.180965e-02,-2.630263e+06
-1.158900e-02,-2.545085e+06
-1.142198e-02,-2.460942e+06
-1.127629e-02,-2.369607e+06
-1.108356e-02,-2.282346e+06
-1.089281e-02,-2.192993e+06
-1.063641e-02,-2.102609e+06
-1.049641e-02,-2.014273e+06
-1.026893e-02,-1.926899e+06
-1.010922e-02,-1.834416e+06
-9.896022e-03,-1.747027e+06
-9.664695e-03,-1.653450e+06
-9.487981e-03,-1.569096e+06
-9.369290e-03,-1.472388e+06
-9.111561e-03,-1.380797e+06
-8.904933e-03,-1.293309e+06
-8.668798e-03,-1.203738e+06
-8.465264e-03,-1.110019e+06
-8.249568e-03,-1.018346e+06
-8.076113e-03,-9.225143e+05
-7.852810e-03,-8.339072e+05
-7.639985e-03,-7.400980e+05
-7.459587e-03,-6.483310e+05
-7.209756e-03,-5.617060e+05
-7.076400e-03,-4.719783e+05
-6.901066e-03,-3.760162e+05
-6.691105e-03,-2.903555e+05
-6.394078e-03,-2.057126e+05
-6.190911e-03,-1.241478e+05
-5.805108e-03,-8.388441e+04
-5.331790e-03,4.939736e+04
-5.116797e-03,1.341480e+05
-4.835957e-03,2.189165e+05
-4.788522e-03,2.995757e+05
-4.485988e-03,3.812885e+05
-4.296194e-03,4.692303e+05
-4.010263e-03,5.426918e+05
-3.854187e-03,6.234329e+05
-3.607645e-03,7.103855e+05
-3.386091e-03,7.859988e+05
-3.094700e-03,8.688669e+05
-2.911808e-03,9.486556e+05
-2.680744e-03,1.031574e+06
-2.296157e-03,1.116598e+06
-2.014880e-03,1.195421e+06
-1.848344e-03,1.274280e+06
-1.551952e-03,1.353167e+06
-1.209669e-03,1.370986e+06
-1.202198e-03,1.408287e+06
-9.303444e-04,1.490243e+06
-7.674192e-04,1.569127e+06
-4.086436e-04,1.650203e+06
-1.012026e-04,1.733362e+06
3.061352e-04,1.814520e+06
7.658474e-04,1.892573e+06
1.259413e-03,1.969670e+06
1.628593e-03,2.040524e+06
2.073059e-03,2.122879e+06
2.586168e-03,2.186539e+06
3.081155e-03,2.253341e+06
3.517659e-03,2.318108e+06
4.021297e-03,2.382907e+06
4.339369e-03,2.439404e+06
4.734319e-03,2.502129e+06
5.315679e-03,2.564944e+06
5.637268e-03,2.622496e+06
6.030966e-03,2.686328e+06
6.492700e-03,2.740861e+06
6.862508e-03,2.797403e+06
7.204151e-03,2.858239e+06
7.521975e-03,2.914880e+06
7.920931e-03,2.969482e+06
8.311945e-03,3.020912e+06
8.714263e-03,3.088027e+06
8.989845e-03,3.135361e+06
9.285750e-03,3.187970e+06
9.639488e-03,3.225917e+06
9.991547e-03,3.264950e+06
1.029185e-02,3.298871e+06
1.051733e-02,3.325440e+06
1.083041e-02,3.341637e+06
1.100486e-02,3.328218e+06
1.102012e-02,3.269933e+06
1.107108e-02,3.184512e+06
1.108609e-02,3.209507e+06
1.082252e-02,3.107345e+06
1.069759e-02,3.024846e+06
1.051298e-02,2.938204e+06
1.040236e-02,2.853687e+06
1.024500e-02,2.769170e+06
1.010796e-02,2.680461e+06
9.906746e-03,2.596979e+06
9.857526e-03,2.507274e+06
9.729502e-03,2.418595e+06
9.526987e-03,2.335169e+06
9.340865e-03,2.248632e+06
9.212163e-03,2.163099e+06
8.991542e-03,2.080749e+06
8.849545e-03,1.993179e+06
8.740419e-03,1.906656e+06
8.579417e-03,1.822243e+06
8.279131e-03,1.733669e+06
8.182716e-03,1.646157e+06
7.960501e-03,1.563842e+06
7.693470e-03,1.464916e+06
7.490834e-03,1.361839e+06
7.256811e-03,1.228567e+06
6.970339e-03,1.092216e+06
6.803474e-03,1.012096e+06
6.631765e-03,9.288537e+05
6.432864e-03,8.425306e+05
6.242721e-03,7.634947e+05
6.050790e-03,6.750998e+05
5.834303e-03,5.940056e+05
5.601048e-03,5.025456e+05
5.509701e-03,4.152461e+05
5.165375e-03,3.300466e+05
4.813590e-03,1.981215e+05
4.406864e-03,2.886453e+04
4.039131e-03,-8.012544e+04
3.693761e-03,-1.288823e+05
3.369098e-03,-2.046123e+05
3.313590e-03,-2.865510e+05
3.059198e-03,-3.726206e+05
2.882577e-03,-4.617840e+05
2.600103e-03,-5.509209e+05
2.217475e-03,-6.959768e+05
1.935571e-03,-7.943794e+05
1.739122e-03,-8.844698e+05
1.439597e-03,-9.735009e+05
1.144005e-03,-1.066633e+06
8.584503e-04,-1.155621e+06
5.014950e-04,-1.248689e+06
1.229494e-04,-1.339673e+06
-2.799891e-04,-1.429564e+06
-5.299941e-04,-1.470826e+06
-5.389188e-04,-1.454262e+06
-6.900708e-04,-1.509061e+06
-9.497416e-04,-1.596896e+06
-1.236387e-03,-1.688843e+06
-1.551132e-03,-1.782722e+06
-1.832392e-03,-1.873475e+06
-2.374451e-03,-1.969290e+06
-2.661094e-03,-2.058934e+06
-3.037066e-03,-2.146466e+06
-3.409965e-03,-2.229786e+06
-3.803405e-03,-2.309978e+06
-4.191394e-03,-2.384934e+06
-4.506084e-03,-2.452665e+06
-4.899711e-03,-2.524454e+06
-5.284090e-03,-2.589997e+06
-5.735967e-03,-2.651414e+06
-6.155822e-03,-2.707613e+06
-6.562962e-03,-2.761782e+06
-6.834762e-03,-2.810741e+06
-7.251599e-03,-2.858657e+06
-7.623842e-03,-2.897278e+06
-7.988485e-03,-2.940021e+06
-8.384681e-03,-2.979649e+06
-8.790026e-03,-3.015106e+06
-9.193252e-03,-3.044360e+06
-9.603299e-03,-3.076705e+06
-1.010683e-02,-3.109900e+06
-1.052907e-02,-3.135998e+06
-1.090511e-02,-3.154886e+06
-1.129561e-02,-3.176838e+06
-1.173064e-02,-3.192474e+06
-1.215393e-02,-3.205152e+06
-1.259424e-02,-3.214639e+06
-1.295194e-02,-3.213973e+06
-1.332133e-02,-3.207006e+06
-1.388547e-02,-3.202159e+06
-1.433343e-02,-3.192203e+06
-1.488412e-02,-3.185363e+06
-1.534941e-02,-3.170239e+06
-1.593338e-02,-3.155150e+06
-1.651680e-02,-3.141076e+06
-1.702522e-02,-3.127037e+06
-1.765814e-02,-3.113002e+06
-1.812674e-02,-3.092891e+06
-1.887162e-02,-3.069628e+06
-1.901704e-02,-3.047793e+06
-1.903188e-02,-2.996518e+06
-1.906766e-02,-2.996518e+06
-1.910981e-02,-2.990361e+06
-1.944050e-02,-3.063893e+06
-1.999228e-02,-3.072424e+06
-2.054434e-02,-2.987764e+06
-2.054607e-02,-2.956996e+06
-2.059724e-02,-2.913936e+06
-2.068540e-02,-2.928325e+06
-2.041769e-02,-2.850572e+06
-2.030206e-02,-2.772953e+06
-2.019902e-02,-2.693207e+06
-1.993003e-02,-2.610406e+06
-1.972667e-02,-2.526574e+06
-1.956466e-02,-2.443734e+06
-1.935464e-02,-2.360948e+06
-1.905515e-02,-2.272958e+06
-1.902230e-02,-2.186005e+06
-1.885054e-02,-2.100033e+06
-1.874742e-02,-2.015055e+06
-1.840729e-02,-1.931092e+06
-1.832934e-02,-1.843045e+06
-1.808843e-02,-1.754935e+06
-1.786195e-02,-1.662700e+06
-1.766142e-02,-1.569419e+06
-1.747173e-02,-1.480200e+06
-1.722424e-02,-1.388937e+06
-1.717388e-02,-1.294536e+06
-1.685104e-02,-1.199106e+06
-1.662412e-02,-1.109773e+06
-1.639228e-02,-1.015327e+06
-1.618527e-02,-9.249390e+05
-1.593744e-02,-8.345187e+05
-1.577517e-02,-7.420409e+05
-1.557014e-02,-6.484936e+05
-1.538923e-02,-5.590553e+05
-1.516145e-02,-4.695726e+05
-1.492732e-02,-3.841913e+05
-1.476638e-02,-2.998162e+05
-1.448701e-02,-2.133626e+05
-1.421800e-02,-1.340889e+05
-1.390341e-02,-9.085184e+04
-1.358194e-02,-5.353249e+03
-1.338290e-02,8.121073e+04
-1.316616e-02,1.739814e+05
-1.274661e-02,3.049242e+05
-1.254969e-02,3.843582e+05
-1.236167e-02,4.669036e+05
-1.208523e-02,5.504905e+05
-1.186391e-02,6.237919e+05
-1.157975e-02,7.063928e+05
-1.133492e-02,7.890253e+05
-1.105624e-02,8.716927e+05
-1.078892e-02,9.533485e+05
-1.047291e-02,1.035028e+06
-1.017350e-02,1.115714e+06
-9.873533e-03,1.197486e+06
-9.637942e-03,1.274082e+06
-9.380026e-03,1.347615e+06
-9.086929e-03,1.421190e+06
-8.734322e-03,1.499975e+06
-8.282389e-03,1.575688e+06
-7.773778e-03,1.649412e+06
-7.591712e-03,1.723142e+06
-7.052582e-03,1.789639e+06
-6.681586e-03,1.856224e+06
-6.217489e-03,1.913434e+06
-5.805150e-03,1.975896e+06
-5.375347e-03,2.031128e+06
-4.894985e-03,2.091591e+06
-4.492275e-03,2.137555e+06
-4.014079e-03,2.187687e+06
-3.589062e-03,2.230531e+06
-3.184955e-03,2.252719e+06
-3.175755e-03,2.244423e+06
-3.127860e-03,2.207152e+06
-2.674501e-03,2.330878e+06
-2.213376e-03,2.373834e+06
-1.819997e-03,2.413615e+06
-1.427610e-03,2.454495e+06
-8.498575e-04,2.498478e+06
-4.129690e-04,2.534240e+06
7.673613e-05,2.570999e+06
5.477871e-04,2.607800e+06
1.137455e-03,2.645639e+06
1.719298e-03,2.679296e+06
2.112809e-03,2.715103e+06
2.587091e-03,2.748811e+06
3.030345e-03,2.781501e+06
3.432506e-03,2.814167e+06
3.982216e-03,2.842710e+06
4.397744e-03,2.873281e+06
4.823981e-03,2.907011e+06
5.336882e-03,2.935553e+06
5.815144e-03,2.968236e+06
6.103214e-03,2.999957e+06
6.565483e-03,3.035788e+06
6.978022e-03,3.072644e+06
7.390148e-03,3.109520e+06
7.879811e-03,3.152694e+06
8.272965e-03,3.190665e+06
8.664019e-03,3.227641e+06
9.088977e-03,3.260416e+06
9.586028e-03,3.294275e+06
9.917987e-03,3.331265e+06
1.036859e-02,3.364099e+06
1.078520e-02,3.392690e+06
1.127286e-02,3.428761e+06
1.160131e-02,3.461605e+06
1.199496e-02,3.479857e+06
1.235688e-02,3.500220e+06
1.278142e-02,3.527845e+06
1.312819e-02,3.551306e+06
1.356507e-02,3.570735e+06
1.384071e-02,3.595246e+06
1.426525e-02,3.603111e+06
1.453190e-02,3.621369e+06
1.492464e-02,3.630300e+06
1.531371e-02,3.633966e+06
1.571700e-02,3.620883e+06
1.592728e-02,3.589732e+06
1.596345e-02,3.537588e+06
1.601344e-02,3.502106e+06
1.625186e-02,3.609895e+06
1.672714e-02,3.642800e+06
1.720928e-02,3.563818e+06
1.718587e-02,3.537673e+06
1.724340e-02,3.483412e+06
1.728407e-02,3.432270e+06
1.723355e-02,3.397731e+06
1.711743e-02,3.320286e+06
1.691557e-02,3.237620e+06
1.681410e-02,3.151822e+06
1.662900e-02,3.068091e+06
1.647882e-02,2.982335e+06
1.636788e-02,2.895488e+06
1.619699e-02,2.811830e+06
1.599436e-02,2.721914e+06
1.591216e-02,2.639268e+06
1.573277e-02,2.554582e+06
1.558530e-02,2.464668e+06
1.539390e-02,2.377913e+06
1.522492e-02,2.289053e+06
1.506592e-02,2.200223e+06
1.487957e-02,2.115593e+06
1.466869e-02,2.031997e+06
1.456021e-02,1.947392e+06
1.438782e-02,1.857567e+06
1.417128e-02,1.769824e+06
1.397350e-02,1.687338e+06
1.379405e-02,1.599642e+06
1.355072e-02,1.511967e+06
1.339716e-02,1.430568e+06
1.323687e-02,1.339780e+06
1.301849e-02,1.256320e+06
1.288424e-02,1.174940e+06
1.264391e-02,1.081079e+06
1.225292e-02,9.945293e+05
1.220796e-02,9.058956e+05
1.206107e-02,8.173012e+05
1.182744e-02,7.339225e+05
1.164585e-02,6.432655e+05
1.139760e-02,5.609568e+05
1.117517e-02,4.765850e+05
1.099449e-02,3.661964e+05
1.061389e-02,2.433415e+05
1.042351e-02,1.642263e+05
1.013603e-02,7.784021e+04
9.913989e-03,-1.893076e+04
9.666012e-03,-9.278561e+04
9.391055e-03,-1.437389e+05
9.134633e-03,-2.237997e+05
8.799136e-03,-3.038440e+05
8.596136e-03,-3.973867e+05
8.275590e-03,-4.867438e+05
7.994371e-03,-5.823173e+05
7.789006e-03,-6.799329e+05
7.448413e-03,-7.785774e+05
7.204054e-03,-8.740672e+05
6.937239e-03,-9.736787e+05
6.597136e-03,-1.075338e+06
6.309277e-03,-1.172800e+06
5.968801e-03,-1.275432e+06
5.587705e-03,-1.378011e+06
5.213273e-03,-1.482618e+06
4.833789e-03,-1.584081e+06
4.457570e-03,-1.682353e+06
4.163357e-03,-1.779575e+06
3.616398e-03,-1.877783e+06
3.136322e-03,-1.967629e+06
2.810273e-03,-2.038823e+06
2.376624e-03,-2.119258e+06
2.045718e-03,-2.194510e+06
1.587672e-03,-2.256287e+06
1.118698e-03,-2.315948e+06
6.085624e-04,-2.372455e+06
7.078377e-05,-2.403125e+06
1.293169e-04,-2.363767e+06
8.212102e-05,-2.373089e+06
-1.658379e-04,-2.447402e+06
-6.362852e-04,-2.520427e+06
-1.098818e-03,-2.573739e+06
-1.546620e-03,-2.623898e+06
-1.908437e-03,-2.665813e+06
-2.441500e-03,-2.709718e+06
-2.827254e-03,-2.745447e+06
-3.232424e-03,-2.782110e+06
-3.654059e-03,-2.814593e+06
-4.053815e-03,-2.843958e+06
-4.530525e-03,-2.873320e+06
-4.786847e-03,-2.898585e+06
-5.244798e-03,-2.921718e+06
-5.665819e-03,-2.943858e+06
-6.252434e-03,-2.962821e+06
-6.741900e-03,-2.978784e+06
-7.117074e-03,-2.996707e+06
-7.563219e-03,-3.008454e+06
-8.049430e-03,-3.020166e+06
-8.480847e-03,-3.030921e+06
-8.933784e-03,-3.037531e+06
-9.472326e-03,-3.046197e+06
-9.977118e-03,-3.048685e+06
-1.048666e-02,-3.051098e+06
-1.099040e-02,-3.055655e+06
-1.146490e-02,-3.057072e+06
-1.204433e-02,-3.059531e+06
-1.252053e-02,-3.058866e+06
-1.311426e-02,-3.058258e+06
-1.360719e-02,-3.054545e+06
-1.420395e-02,-3.049742e+06
-1.471707e-02,-3.047040e+06
-1.523261e-02,-3.045381e+06
-1.576196e-02,-3.036474e+06
-1.629360e-02,-3.035855e+06
-1.689731e-02,-3.022806e+06
-1.746233e-02,-3.017031e+06
-1.794194e-02,-3.010257e+06
-1.846695e-02,-3.001415e+06
-1.914402e-02,-2.990397e+06
-1.972467e-02,-2.981511e+06
-2.017692e-02,-2.968534e+06
-2.075829e-02,-2.956647e+06
-2.125390e-02,-2.947843e+06
-2.194854e-02,-2.929728e+06
-2.245167e-02,-2.908602e+06
-2.260390e-02,-2.863373e+06
-2.268837e-02,-2.829490e+06
-2.278597e-02,-2.791563e+06
-2.271561e-02,-2.756712e+06
-2.252399e-02,-2.695398e+06
-2.237916e-02,-2.617724e+06
-2.199677e-02,-2.543124e+06
-2.196719e-02,-2.454111e+06
-2.174444e-02,-2.371298e+06
-2.160796e-02,-2.288426e+06
-2.134704e-02,-2.207633e+06
-2.121483e-02,-2.124774e+06
-2.109540e-02,-2.036724e+06
-2.086332e-02,-1.955831e+06
-2.068090e-02,-1.867756e+06
-2.047823e-02,-1.781701e+06
-2.038795e-02,-1.695657e+06
-2.002305e-02,-1.607499e+06
-1.985887e-02,-1.519340e+06
-1.968540e-02,-1.427043e+06
-1.942808e-02,-1.335732e+06
-1.921476e-02,-1.252623e+06
-1.896013e-02,-1.160230e+06
-1.877136e-02,-1.068836e+06
-1.855155e-02,-9.825860e+05
-1.838543e-02,-8.880751e+05
-1.812061e-02,-7.986778e+05
-1.794230e-02,-7.092589e+05
-1.770323e-02,-6.177558e+05
-1.750724e-02,-5.293173e+05
-1.723168e-02,-4.346731e+05
-1.701159e-02,-3.420598e+05
-1.685571e-02,-2.628141e+05
-1.662950e-02,-1.732428e+05
-1.628923e-02,-1.186713e+05
-1.593065e-02,-7.850927e+04
-1.565033e-02,1.319583e+04
-1.543381e-02,1.059693e+05
-1.518144e-02,1.956774e+05
-1.483177e-02,3.163501e+05
-1.454970e-02,4.174660e+05
-1.427576e-02,5.000316e+05
-1.410856e-02,5.774602e+05
-1.380330e-02,6.580186e+05
-1.351951e-02,7.385869e+05
-1.323262e-02,8.150669e+05
-1.296083e-02,8.946703e+05
-1.265686e-02,9.773907e+05
-1.234549e-02,1.048788e+06
-1.203112e-02,1.125356e+06
-1.182545e-02,1.203011e+06
-1.148333e-02,1.277587e+06
-1.118290e-02,1.352206e+06
-1.082494e-02,1.426850e+06
-1.042050e-02,1.497393e+06
-9.949589e-03,1.570042e+06
-9.531399e-03,1.638618e+06
-9.054212e-03,1.705123e+06
-8.747153e-03,1.768587e+06
-8.259429e-03,1.831011e+06
-7.741086e-03,1.892472e+06
-7.426869e-03,1.944583e+06
-6.893665e-03,1.994667e+06
-6.470575e-03,2.043717e+06
-5.992383e-03,2.086552e+06
-5.599196e-03,2.132554e+06
-5.095510e-03,2.166085e+06
-4.829433e-03,2.173529e+06
-4.808210e-03,2.144518e+06
-4.561781e-03,2.207970e+06
-4.067783e-03,2.265407e+06
-3.634286e-03,2.308333e+06
-3.152239e-03,2.340855e+06
-2.608973e-03,2.384892e+06
-2.226788e-03,2.421613e+06
-1.710021e-03,2.456251e+06
-1.189756e-03,2.487856e+06
-5.696415e-04,2.521495e+06
-7.288455e-05,2.558329e+06
5.598003e-04,2.589933e+06
9.994157e-04,2.615264e+06
1.500720e-03,2.653156e+06
1.948557e-03,2.674367e+06
2.497318e-03,2.711177e+06
3.002932e-03,2.740755e+06
3.519888e-03,2.773383e+06
3.894320e-03,2.800844e+06
4.404553e-03,2.826287e+06
4.907378e-03,2.853793e+06
5.393590e-03,2.882302e+06
5.878140e-03,2.911857e+06
6.483255e-03,2.938376e+06
6.995712e-03,2.964824e+06
7.368153e-03,2.990259e+06
7.912087e-03,3.014702e+06
8.441231e-03,3.049538e+06
8.884051e-03,3.076020e+06
9.500332e-03,3.103639e+06
9.959875e-03,3.134309e+06
1.055639e-02,3.161873e+06
1.111034e-02,3.190517e+06
1.163987e-02,3.219214e+06
1.215840e-02,3.250986e+06
1.273226e-02,3.272286e+06
1.321857e-02,3.301985e+06
1.374862e-02,3.326478e+06
1.431204e-02,3.345762e+06
1.487055e-02,3.368223e+06
1.539670e-02,3.388509e+06
1.593115e-02,3.408833e+06
1.651594e-02,3.427097e+06
1.699447e-02,3.449433e+06
1.771210e-02,3.460385e+06
1.823989e-02,3.472357e+06
1.881135e-02,3.486372e+06
1.933039e-02,3.464858e+06
1.936156e-02,3.427285e+06
1.949957e-02,3.343753e+06
1.947146e-02,3.362600e+06
1.928080e-02,3.264292e+06
1.921077e-02,3.182664e+06
1.908267e-02,3.096841e+06
1.891478e-02,3.011019e+06
1.874295e-02,2.927326e+06
1.860831e-02,2.844668e+06
1.840688e-02,2.759935e+06
1.825012e-02,2.674178e+06
1.805049e-02,2.589459e+06
1.791696e-02,2.502658e+06
1.769205e-02,2.414827e+06
1.745829e-02,2.333268e+06
1.737591e-02,2.243369e+06
1.714015e-02,2.159765e+06
1.701631e-02,2.070930e+06
1.680627e-02,1.988394e+06
1.664011e-02,1.903739e+06
1.643063e-02,1.819119e+06
1.628746e-02,1.730350e+06
1.605707e-02,1.648892e+06
1.590778e-02,1.562236e+06
1.572502e-02,1.475600e+06
1.548987e-02,1.383757e+06
1.527150e-02,1.297132e+06
1.499104e-02,1.208440e+06
1.465497e-02,1.126036e+06
1.470355e-02,1.040504e+06
1.447164e-02,9.570792e+05
1.427366e-02,8.642823e+05
1.412879e-02,7.798469e+05
1.388830e-02,6.923024e+05
1.362508e-02,6.047669e+05
1.340103e-02,5.193330e+05
1.312688e-02,4.099714e+05
1.278536e-02,2.933424e+05
1.255392e-02,2.079630e+05
1.233007e-02,1.163568e+05
1.214641e-02,2.268966e+04
1.190582e-02,-6.262985e+04
1.163486e-02,-1.187945e+05
1.126814e-02,-1.832673e+05
1.099914e-02,-2.664440e+05
1.075384e-02,-3.599981e+05
1.051033e-02,-4.472945e+05
1.016690e-02,-5.470374e+05
9.873485e-03,-6.477952e+05
9.578222e-03,-7.495601e+05
9.326012e-03,-8.492180e+05
9.000838e-03,-9.488587e+05
8.622713e-03,-1.052604e+06
8.356473e-03,-1.158404e+06
8.038271e-03,-1.255850e+06
7.632567e-03,-1.366752e+06
7.281048e-03,-1.469298e+06
6.785927e-03,-1.572846e+06
6.433495e-03,-1.668046e+06
5.902107e-03,-1.771461e+06
5.394430e-03,-1.868606e+06
4.982668e-03,-1.956413e+06
4.556567e-03,-2.040027e+06
4.096982e-03,-2.120487e+06
3.627202e-03,-2.187455e+06
3.171909e-03,-2.249249e+06
2.597658e-03,-2.308898e+06
2.057686e-03,-2.366459e+06
1.499633e-03,-2.400221e+06
1.477385e-03,-2.399125e+06
1.452137e-03,-2.324547e+06
1.408629e-03,-2.333879e+06
1.144813e-03,-2.403105e+06
6.310889e-04,-2.496964e+06
3.672173e-04,-2.552383e+06
-7.785212e-05,-2.600497e+06
-6.861341e-04,-2.639286e+06
-1.097196e-03,-2.676021e+06
-1.571136e-03,-2.715866e+06
-1.976750e-03,-2.746361e+06
-2.537582e-03,-2.780916e+06
-3.011697e-03,-2.811354e+06
-3.509811e-03,-2.836646e+06
-3.909669e-03,-2.857792e+06
-4.426049e-03,-2.882981e+06
-4.928163e-03,-2.903031e+06
-5.385464e-03,-2.916924e+06
-5.897775e-03,-2.934980e+06
-6.536170e-03,-2.946738e+06
-7.065258e-03,-2.962617e+06
-7.502331e-03,-2.972349e+06
-7.965798e-03,-2.981042e+06
-8.490740e-03,-2.990760e+06
-9.006402e-03,-2.992235e+06
-9.598816e-03,-3.000940e+06
-1.013327e-02,-3.002378e+06
-1.076855e-02,-3.007923e+06
-1.135934e-02,-3.006190e+06
-1.197291e-02,-3.005572e+06
-1.246892e-02,-3.011204e+06
-1.300361e-02,-3.008476e+06
-1.357824e-02,-3.005848e+06
-1.421473e-02,-3.004117e+06
-1.480365e-02,-3.001442e+06
-1.537977e-02,-2.993606e+06
-1.592782e-02,-2.988857e+06
-1.638318e-02,-2.987281e+06
-1.699563e-02,-2.980399e+06
-1.759404e-02,-2.973591e+06
-1.817512e-02,-2.966813e+06
-1.906158e-02,-2.957921e+06
-1.926541e-02,-2.949133e+06
-1.991079e-02,-2.943369e+06
-2.056378e-02,-2.931338e+06
-2.103266e-02,-2.921483e+06
-2.152120e-02,-2.911614e+06
-2.207803e-02,-2.905898e+06
-2.270025e-02,-2.895020e+06
-2.340905e-02,-2.879966e+06
-2.403794e-02,-2.872126e+06
-2.456529e-02,-2.860126e+06
-2.522747e-02,-2.850298e+06
-2.583874e-02,-2.839371e+06
-2.643685e-02,-2.828553e+06
-2.711292e-02,-2.817676e+06
-2.779236e-02,-2.801651e+06
-2.835061e-02,-2.791789e+06
-2.898484e-02,-2.775816e+06
-2.961644e-02,-2.765975e+06
-3.030665e-02,-2.751004e+06
-3.082721e-02,-2.706602e+06
-3.078367e-02,-2.690290e+06
-3.093409e-02,-2.679034e+06
-3.122058e-02,-2.761480e+06
-3.187677e-02,-2.756741e+06
-3.249677e-02,-2.750046e+06
-3.322997e-02,-2.725926e+06
-3.331390e-02,-2.675754e+06
-3.337881e-02,-2.665501e+06
-3.342862e-02,-2.616529e+06
-3.344480e-02,-2.603223e+06
-3.326645e-02,-2.539078e+06
-3.307103e-02,-2.461678e+06
-3.285404e-02,-2.383249e+06
-3.273015e-02,-2.296615e+06
-3.247294e-02,-2.215073e+06
-3.233758e-02,-2.127394e+06
-3.205981e-02,-2.039688e+06
-3.181232e-02,-1.958088e+06
-3.161133e-02,-1.875481e+06
-3.151580e-02,-1.786705e+06
-3.118654e-02,-1.698898e+06
-3.110894e-02,-1.613139e+06
-3.075170e-02,-1.526312e+06
-3.064586e-02,-1.437434e+06
-3.040227e-02,-1.347502e+06
-3.019009e-02,-1.258566e+06
-3.005233e-02,-1.165501e+06
-2.977606e-02,-1.080600e+06
-2.953216e-02,-9.925928e+05
-2.927873e-02,-9.015065e+05
-2.911019e-02,-8.093456e+05
-2.908522e-02,-7.222849e+05
-2.851621e-02,-6.311072e+05
-2.839625e-02,-5.439908e+05
-2.810834e-02,-4.537717e+05
-2.786724e-02,-3.676335e+05
-2.767246e-02,-2.865948e+05
-2.735910e-02,-2.014304e+05
-2.707135e-02,-1.285564e+05
-2.679696e-02,-1.018824e+05
-2.644215e-02,-1.971960e+04
-2.617300e-02,6.144755e+04
-2.590134e-02,1.436732e+05
-2.562532e-02,2.331219e+05
-2.546026e-02,3.246547e+05
-2.496962e-02,4.481118e+05
-2.476341e-02,5.397059e+05
-2.442128e-02,6.179559e+05
-2.419155e-02,6.972715e+05
-2.389767e-02,7.714650e+05
-2.357765e-02,8.508401e+05
-2.326622e-02,9.220042e+05
-2.294692e-02,9.962658e+05
-2.266614e-02,1.070592e+06
-2.225663e-02,1.142875e+06
-2.191070e-02,1.215207e+06
-2.148398e-02,1.287556e+06
-2.110837e-02,1.351694e+06
-2.065998e-02,1.426183e+06
-2.024232e-02,1.497631e+06
-1.980380e-02,1.556735e+06
-1.935021e-02,1.625146e+06
-1.885301e-02,1.680152e+06
-1.833451e-02,1.738299e+06
-1.782834e-02,1.791342e+06
-1.737313e-02,1.838147e+06
-1.683658e-02,1.889141e+06
-1.632363e-02,1.932901e+06
-1.588636e-02,1.973552e+06
-1.534664e-02,2.012196e+06
-1.489836e-02,2.050817e+06
-1.433847e-02,2.092607e+06
-1.388517e-02,2.131322e+06
-1.337240e-02,2.161704e+06
-1.284935e-02,2.197265e+06
-1.228472e-02,2.228750e+06
-1.173539e-02,2.259180e+06
-1.139601e-02,2.289621e+06
-1.085140e-02,2.314886e+06
-1.031842e-02,2.343295e+06
-9.791676e-03,2.368616e+06
-9.257263e-03,2.393914e+06
-8.766416e-03,2.414011e+06
-8.253867e-03,2.437209e+06
-7.783188e-03,2.458383e+06
-7.291783e-03,2.476443e+06
-6.786735e-03,2.435380e+06
-6.673179e-03,2.459289e+06
-6.186201e-03,2.533288e+06
-5.676457e-03,2.555575e+06
-5.082729e-03,2.581974e+06
-4.477727e-03,2.603194e+06
-3.939763e-03,2.629596e+06
-3.417156e-03,2.649736e+06
-2.914127e-03,2.667762e+06
-2.320698e-03,2.687986e+06
-1.675406e-03,2.712324e+06
-1.101583e-03,2.732504e+06
-4.393396e-04,2.748546e+06
1.053003e-04,2.773960e+06
6.570946e-04,2.793147e+06
1.228196e-03,2.811278e+06
1.778066e-03,2.832518e+06
2.312623e-03,2.849551e+06
2.875723e-03,2.868754e+06
3.392120e-03,2.890029e+06
3.915633e-03,2.910202e+06
4.490145e-03,2.927292e+06
5.145079e-03,2.947550e+06
5.647236e-03,2.967746e+06
6.266304e-03,2.983861e+06
6.793983e-03,3.007174e+06
7.457158e-03,3.023317e+06
8.023712e-03,3.044656e+06
8.580537e-03,3.062788e+06
9.075847e-03,3.077798e+06
9.770558e-03,3.098106e+06
1.031783e-02,3.117254e+06
1.094842e-02,3.131341e+06
1.155675e-02,3.148488e+06
1.211374e-02,3.162490e+06
1.257139e-02,3.178555e+06
1.323588e-02,3.194678e+06
1.399943e-02,3.205546e+06
1.425469e-02,3.224811e+06
1.503150e-02,3.239863e+06
1.562480e-02,3.250767e+06
1.623752e-02,3.266920e+06
1.687694e-02,3.278869e+06
1.754456e-02,3.297068e+06
1.815887e-02,3.307997e+06
1.876255e-02,3.324090e+06
1.933160e-02,3.340196e+06
1.993190e-02,3.354292e+06
2.052879e-02,3.362090e+06
2.111671e-02,3.380277e+06
2.183816e-02,3.392254e+06
2.259432e-02,3.409378e+06
2.317423e-02,3.420322e+06
2.375554e-02,3.432268e+06
2.444593e-02,3.444256e+06
2.526250e-02,3.453078e+06
2.586796e-02,3.455626e+06
2.641942e-02,3.462312e+06
2.719530e-02,3.461783e+06
2.783802e-02,3.460100e+06
2.847834e-02,3.443813e+06
2.892335e-02,3.369859e+06
2.914112e-02,3.367747e+06
2.942338e-02,3.440174e+06
3.003161e-02,3.453125e+06
3.014274e-02,3.426087e+06
3.019955e-02,3.377942e+06
3.026464e-02,3.322484e+06
3.018298e-02,3.287941e+06
3.007494e-02,3.215574e+06
2.992454e-02,3.132735e+06
2.980057e-02,3.055100e+06
2.962358e-02,2.975446e+06
2.946150e-02,2.897857e+06
2.931447e-02,2.812974e+06
2.915746e-02,2.731205e+06
2.900616e-02,2.651530e+06
2.886279e-02,2.569807e+06
2.864846e-02,2.492245e+06
2.838978e-02,2.408444e+06
2.821138e-02,2.324625e+06
2.800765e-02,2.233516e+06
2.783946e-02,2.156000e+06
2.765936e-02,2.064890e+06
2.750370e-02,1.981135e+06
2.718606e-02,1.894245e+06
2.698143e-02,1.811560e+06
2.670194e-02,1.723651e+06
2.667408e-02,1.637852e+06
2.632813e-02,1.547882e+06
2.611785e-02,1.462104e+06
2.590643e-02,1.375300e+06
2.579424e-02,1.287461e+06
2.551802e-02,1.199633e+06
2.534617e-02,1.107632e+06
2.516562e-02,1.019835e+06
2.499753e-02,9.299613e+05
2.459505e-02,8.432357e+05
2.431549e-02,7.513093e+05
2.411942e-02,6.583487e+05
2.387322e-02,5.476604e+05
2.364639e-02,4.432565e+05
2.342734e-02,3.493145e+05
2.322198e-02,2.585163e+05
2.300595e-02,1.666937e+05
2.278451e-02,7.489206e+04
2.250717e-02,-1.584723e+04
2.224127e-02,-9.509327e+04
2.182677e-02,-1.524224e+05
2.157968e-02,-2.535171e+05
2.123252e-02,-3.399984e+05
2.093577e-02,-4.400022e+05
2.065007e-02,-5.420594e+05
2.029492e-02,-6.399245e+05
1.996788e-02,-7.419193e+05
1.973611e-02,-8.490848e+05
1.911852e-02,-9.562262e+05
1.861091e-02,-1.060196e+06
1.826393e-02,-1.161017e+06
1.777771e-02,-1.263868e+06
1.724190e-02,-1.364606e+06
1.677669e-02,-1.454908e+06
1.623064e-02,-1.549318e+06
1.569907e-02,-1.633301e+06
1.527019e-02,-1.717247e+06
1.478958e-02,-1.791836e+06
1.419086e-02,-1.871555e+06
1.378053e-02,-1.937744e+06
1.329234e-02,-1.997672e+06
1.275047e-02,-2.059678e+06
1.213915e-02,-2.123689e+06
1.174764e-02,-2.172135e+06
1.128348e-02,-2.222648e+06
1.076963e-02,-2.270016e+06
1.027592e-02,-2.318395e+06
9.694047e-03,-2.366716e+06
9.271307e-03,-2.401563e+06
8.614622e-03,-2.443637e+06
8.114340e-03,-2.479489e+06
7.594005e-03,-2.516320e+06
7.080159e-03,-2.547006e+06
6.472034e-03,-2.576558e+06
5.945349e-03,-2.607174e+06
5.389867e-03,-2.632606e+06
4.802858e-03,-2.652845e+06
4.117994e-03,-2.668941e+06
3.448709e-03,-2.674660e+06
3.548572e-03,-2.641548e+06
3.504327e-03,-2.636335e+06
2.953827e-03,-2.722857e+06
2.341605e-03,-2.746114e+06
1.751115e-03,-2.767311e+06
1.139085e-03,-2.786440e+06
6.134645e-04,-2.805509e+06
3.944876e-05,-2.815317e+06
-5.073562e-04,-2.833407e+06
-9.928164e-04,-2.843263e+06
-1.697824e-03,-2.855056e+06
-2.168639e-03,-2.863854e+06
-2.736163e-03,-2.873551e+06
-3.272076e-03,-2.881265e+06
-3.887587e-03,-2.893118e+06
-4.352668e-03,-2.894609e+06
-5.026990e-03,-2.900201e+06
-5.584436e-03,-2.904768e+06
-6.198580e-03,-2.911502e+06
-6.857278e-03,-2.912991e+06
-7.467752e-03,-2.914449e+06
-8.016797e-03,-2.915971e+06
-8.637417e-03,-2.914369e+06
-9.243908e-03,-2.915886e+06
-9.762594e-03,-2.911227e+06
-1.036868e-02,-2.909591e+06
-1.110023e-02,-2.906951e+06
-1.176175e-02,-2.905270e+06
-1.242424e-02,-2.897488e+06
-1.300479e-02,-2.894871e+06
-1.365435e-02,-2.890124e+06
-1.429742e-02,-2.884346e+06
-1.502336e-02,-2.874477e+06
-1.557505e-02,-2.868742e+06
-1.621290e-02,-2.860990e+06
-1.681106e-02,-2.850124e+06
-1.737236e-02,-2.846461e+06
-1.799511e-02,-2.833555e+06
-1.859162e-02,-2.824779e+06
-1.926137e-02,-2.812906e+06
-1.985219e-02,-2.805076e+06
-2.051431e-02,-2.792179e+06
-2.116605e-02,-2.780271e+06
-2.183789e-02,-2.768351e+06
-2.238991e-02,-2.758530e+06
-2.295850e-02,-2.747698e+06
-2.368485e-02,-2.734801e+06
-2.438148e-02,-2.723960e+06
-2.502952e-02,-2.709031e+06
-2.561621e-02,-2.698139e+06
-2.625291e-02,-2.685213e+06
-2.686077e-02,-2.673343e+06
-2.757467e-02,-2.660451e+06
-2.822766e-02,-2.647562e+06
-2.880487e-02,-2.635785e+06
-2.939521e-02,-2.628011e+06
-3.007891e-02,-2.614065e+06
-3.063353e-02,-2.601230e+06
-3.131412e-02,-2.586240e+06
-3.181293e-02,-2.576469e+06
-3.253270e-02,-2.562566e+06
-3.324079e-02,-2.547644e+06
-3.386459e-02,-2.530708e+06
-3.456375e-02,-2.515767e+06
-3.484237e-02,-2.495096e+06
-3.484311e-02,-2.471565e+06
-3.490658e-02,-2.424504e+06
-3.484016e-02,-2.403058e+06
-3.471035e-02,-2.332775e+06
-3.453059e-02,-2.255391e+06
-3.434928e-02,-2.172844e+06
-3.413395e-02,-2.088240e+06
-3.395083e-02,-2.003632e+06
-3.377347e-02,-1.918988e+06
-3.354439e-02,-1.836355e+06
-3.337409e-02,-1.755784e+06
-3.314399e-02,-1.670057e+06
-3.308063e-02,-1.584286e+06
-3.276808e-02,-1.499529e+06
-3.255690e-02,-1.410671e+06
-3.245065e-02,-1.317677e+06
-3.218397e-02,-1.232823e+06
-3.203874e-02,-1.142850e+06
-3.181604e-02,-1.055916e+06
-3.159245e-02,-9.679473e+05
-3.141061e-02,-8.819734e+05
-3.116590e-02,-7.949382e+05
-3.093955e-02,-7.099470e+05
-3.065369e-02,-6.157000e+05
-3.044168e-02,-5.326990e+05
-3.025250e-02,-4.445384e+05
-2.990957e-02,-3.573700e+05
-2.973007e-02,-2.763426e+05
-2.945084e-02,-1.942486e+05
-2.926290e-02,-1.234273e+05
-2.887402e-02,-9.059002e+04
-2.858909e-02,-3.283108e+03
-2.836605e-02,8.201034e+04
-2.800806e-02,1.817283e+05
-2.753006e-02,2.825184e+05
-2.730565e-02,3.596795e+05
-2.708739e-02,4.348183e+05
-2.684672e-02,5.089551e+05
-2.656026e-02,5.810518e+05
-2.619069e-02,6.511300e+05
-2.604276e-02,7.243284e+05
-2.558457e-02,7.965217e+05
-2.525129e-02,8.739024e+05
-2.489807e-02,9.441147e+05
-2.461519e-02,1.014341e+06
-2.416193e-02,1.079459e+06
-2.371154e-02,1.150814e+06
-2.318085e-02,1.221176e+06
-2.280550e-02,1.284323e+06
-2.232268e-02,1.340296e+06
-2.178489e-02,1.410759e+06
-2.118945e-02,1.463689e+06
-2.064033e-02,1.510443e+06
-2.004387e-02,1.559258e+06
-1.948747e-02,1.603978e+06
-1.891025e-02,1.655972e+06
-1.827360e-02,1.694524e+06
-1.770794e-02,1.741392e+06
-1.712657e-02,1.786198e+06
-1.660706e-02,1.823770e+06
-1.599961e-02,1.860298e+06
-1.545873e-02,1.898990e+06
-1.499820e-02,1.933492e+06
-1.438365e-02,1.963826e+06
-1.377842e-02,2.000455e+06
-1.318472e-02,2.032923e+06
-1.263348e-02,2.064376e+06
-1.222028e-02,2.090601e+06
-1.156894e-02,2.120002e+06
-1.099349e-02,2.148368e+06
-1.040791e-02,2.172619e+06
-9.895990e-03,2.198874e+06
-9.271126e-03,2.222076e+06
-8.637519e-03,2.248402e+06
-8.167258e-03,2.268517e+06
-7.621105e-03,2.285470e+06
-7.331500e-03,2.277367e+06
-7.249862e-03,2.215157e+06
-7.258552e-03,2.202717e+06
-6.939706e-03,2.286876e+06
-6.630343e-03,2.359907e+06
-6.058357e-03,2.382113e+06
-5.369114e-03,2.402220e+06
-4.722920e-03,2.422333e+06
-4.171864e-03,2.445593e+06
-3.561292e-03,2.465755e+06
-2.941533e-03,2.485892e+06
-2.350082e-03,2.507122e+06
-1.800153e-03,2.523075e+06
-1.020777e-03,2.544264e+06
-4.124035e-04,2.560254e+06
2.650999e-04,2.582561e+06
9.675120e-04,2.599578e+06
1.525494e-03,2.618666e+06
2.191873e-03,2.634710e+06
2.753346e-03,2.652826e+06
3.318320e-03,2.668847e+06
4.032924e-03,2.686939e+06
4.571140e-03,2.700885e+06
5.120707e-03,2.715904e+06
5.726973e-03,2.730875e+06
6.449297e-03,2.744858e+06
6.953555e-03,2.758782e+06
7.680523e-03,2.770657e+06
8.309486e-03,2.781481e+06
8.829955e-03,2.797534e+06
9.450759e-03,2.807310e+06
1.017830e-02,2.817087e+06
1.075159e-02,2.831071e+06
1.143222e-02,2.844016e+06
1.206251e-02,2.857993e+06
1.268797e-02,2.871973e+06
1.331104e-02,2.886996e+06
1.389191e-02,2.902022e+06
1.442171e-02,2.913891e+06
1.508379e-02,2.928960e+06
1.561096e-02,2.939779e+06
1.616757e-02,2.951701e+06
1.669883e-02,2.967788e+06
1.725180e-02,2.976562e+06
1.777567e-02,2.987404e+06
1.826295e-02,2.997193e+06
1.885869e-02,3.008026e+06
1.941494e-02,3.022002e+06
1.998938e-02,3.031851e+06
2.051555e-02,3.042715e+06
2.103716e-02,3.047294e+06
2.165503e-02,3.058129e+06
2.216677e-02,3.068984e+06
2.279470e-02,3.073589e+06
2.339352e-02,3.085508e+06
2.415508e-02,3.092212e+06
2.465614e-02,3.095731e+06
2.509894e-02,3.103525e+06
2.575565e-02,3.101813e+06
2.644334e-02,3.110602e+06
2.675883e-02,3.105711e+06
2.736425e-02,3.107139e+06
2.781655e-02,3.101225e+06
2.832098e-02,3.092214e+06
2.882541e-02,3.077957e+06
2.906660e-02,3.051907e+06
2.913538e-02,2.998545e+06
2.926622e-02,2.985946e+06
2.906479e-02,2.917859e+06
2.903316e-02,2.836074e+06
2.885739e-02,2.754275e+06
2.870265e-02,2.671432e+06
2.855626e-02,2.590709e+06
2.847502e-02,2.505826e+06
2.835386e-02,2.426155e+06
2.803261e-02,2.340241e+06
2.798188e-02,2.258500e+06
2.782467e-02,2.174667e+06
2.760943e-02,2.090872e+06
2.745165e-02,2.010212e+06
2.733719e-02,1.930592e+06
2.717114e-02,1.844719e+06
2.699310e-02,1.756779e+06
2.678184e-02,1.673018e+06
2.657619e-02,1.578826e+06
2.637922e-02,1.489868e+06
2.605500e-02,1.403016e+06
2.585838e-02,1.315129e+06
2.561206e-02,1.227274e+06
2.536769e-02,1.139406e+06
2.516807e-02,1.049487e+06
2.504409e-02,9.606245e+05
2.480102e-02,8.717682e+05
2.460637e-02,7.777078e+05
2.442792e-02,6.847073e+05
2.419918e-02,5.979928e+05
2.389315e-02,4.966754e+05
2.369117e-02,3.964214e+05
2.342179e-02,2.857507e+05
2.310487e-02,1.865841e+05
2.290594e-02,9.474480e+04
2.263805e-02,3.968931e+03
2.231575e-02,-8.574097e+04
2.193812e-02,-1.524782e+05
2.167752e-02,-2.504819e+05
2.133118e-02,-3.463743e+05
2.106479e-02,-4.484877e+05
2.082403e-02,-5.484917e+05
2.046497e-02,-6.526289e+05
2.008382e-02,-7.525758e+05
1.964549e-02,-8.545569e+05
1.923504e-02,-9.606632e+05
1.863747e-02,-1.063607e+06
1.814484e-02,-1.156116e+06
1.760432e-02,-1.254819e+06
1.704452e-02,-1.345167e+06
1.658068e-02,-1.421966e+06
1.607107e-02,-1.503931e+06
1.552896e-02,-1.582727e+06
1.501256e-02,-1.650074e+06
1.450044e-02,-1.719456e+06
1.384114e-02,-1.780513e+06
1.347959e-02,-1.839480e+06
1.283834e-02,-1.897344e+06
1.238527e-02,-1.954151e+06
1.176946e-02,-2.000551e+06
1.131804e-02,-2.045924e+06
1.075458e-02,-2.089210e+06
1.024692e-02,-2.135571e+06
9.664168e-03,-2.173614e+06
9.075054e-03,-2.216815e+06
8.611634e-03,-2.248615e+06
8.047196e-03,-2.285518e+06
7.432659e-03,-2.318262e+06
6.829559e-03,-2.344832e+06
6.309866e-03,-2.377576e+06
5.644746e-03,-2.405099e+06
5.195336e-03,-2.426458e+06
4.517605e-03,-2.445612e+06
3.767135e-03,-2.470039e+06
3.081178e-03,-2.484113e+06
2.454355e-03,-2.496097e+06
1.883787e-03,-2.499820e+06
1.728512e-03,-2.496554e+06
1.733826e-03,-2.436506e+06
1.308333e-03,-2.530403e+06
6.241151e-04,-2.558869e+06
1.929821e-04,-2.569752e+06
-5.489513e-04,-2.587853e+06
-1.206073e-03,-2.596651e+06
-1.775784e-03,-2.607524e+06
-2.409079e-03,-2.618390e+06
-2.984131e-03,-2.627170e+06
-3.608293e-03,-2.635908e+06
-4.116001e-03,-2.640610e+06
-4.693794e-03,-2.646282e+06
-5.276630e-03,-2.651973e+06
-5.950177e-03,-2.654584e+06
-6.602729e-03,-2.657156e+06
-7.162560e-03,-2.656590e+06
-7.670743e-03,-2.663322e+06
-8.291080e-03,-2.662785e+06
-8.915424e-03,-2.660194e+06
-9.502958e-03,-2.660747e+06
-1.016210e-02,-2.657060e+06
-1.079184e-02,-2.656565e+06
-1.140329e-02,-2.649904e+06
-1.213429e-02,-2.646226e+06
-1.279252e-02,-2.644670e+06
-1.337934e-02,-2.637947e+06
-1.402588e-02,-2.633323e+06
-1.468489e-02,-2.627668e+06
-1.534596e-02,-2.621975e+06
-1.605479e-02,-2.612137e+06
-1.668377e-02,-2.605415e+06
-1.732628e-02,-2.596622e+06
-1.792560e-02,-2.588986e+06
-1.857866e-02,-2.579154e+06
-1.932135e-02,-2.568256e+06
-1.989363e-02,-2.561539e+06
-2.051736e-02,-2.549705e+06
-2.121248e-02,-2.539943e+06
-2.192923e-02,-2.529130e+06
-2.245443e-02,-2.518293e+06
-2.310247e-02,-2.506432e+06
-2.366321e-02,-2.496691e+06
-2.436859e-02,-2.482742e+06
-2.484363e-02,-2.475047e+06
-2.549606e-02,-2.455972e+06
-2.596345e-02,-2.447242e+06
-2.655415e-02,-2.432319e+06
-2.718706e-02,-2.420516e+06
-2.778314e-02,-2.405552e+06
-2.825248e-02,-2.396882e+06
-2.895778e-02,-2.384013e+06
-2.949071e-02,-2.371160e+06
-3.004137e-02,-2.357311e+06
-3.069765e-02,-2.346539e+06
-3.135408e-02,-2.334759e+06
-3.191157e-02,-2.316774e+06
-3.245957e-02,-2.307012e+06
-3.318448e-02,-2.297227e+06
-3.377641e-02,-2.283426e+06
-3.432575e-02,-2.272586e+06
-3.511369e-02,-2.257758e+06
-3.565202e-02,-2.249020e+06
-3.625796e-02,-2.235234e+06
-3.687737e-02,-2.223484e+06
-3.771215e-02,-2.207663e+06
-3.807177e-02,-2.205129e+06
-3.865022e-02,-2.192330e+06
-3.924245e-02,-2.179584e+06
-3.975748e-02,-2.167888e+06
-4.044601e-02,-2.154068e+06
-4.111260e-02,-2.143412e+06
-4.179210e-02,-2.126551e+06
-4.235760e-02,-2.115854e+06
-4.306297e-02,-2.100121e+06
-4.305132e-02,-2.067497e+06
-4.302598e-02,-2.043020e+06
-4.368103e-02,-2.110807e+06
-4.432936e-02,-2.101135e+06
-4.490642e-02,-2.092485e+06
-4.527027e-02,-2.038140e+06
-4.534374e-02,-2.021848e+06
-4.549944e-02,-1.999466e+06
-4.533263e-02,-1.959793e+06
-4.516390e-02,-1.890772e+06
-4.500151e-02,-1.818673e+06
-4.483411e-02,-1.739477e+06
-4.469245e-02,-1.667341e+06
-4.441638e-02,-1.586041e+06
-4.423512e-02,-1.509838e+06
-4.399800e-02,-1.425428e+06
-4.377865e-02,-1.347086e+06
-4.358833e-02,-1.266714e+06
-4.339978e-02,-1.188353e+06
-4.318844e-02,-1.105872e+06
-4.292416e-02,-1.027462e+06
-4.271534e-02,-9.439300e+05
-4.243797e-02,-8.613449e+05
-4.219950e-02,-7.767012e+05
-4.201000e-02,-6.961291e+05
-4.174680e-02,-6.144877e+05
-4.147741e-02,-5.307861e+05
-4.128511e-02,-4.480790e+05
-4.112005e-02,-3.673657e+05
-4.082888e-02,-2.917464e+05
-4.051990e-02,-2.079048e+05
-4.024988e-02,-1.393816e+05
-3.996636e-02,-1.066607e+05
-3.951088e-02,-2.579787e+04
-3.927171e-02,5.101139e+04
-3.880625e-02,1.391328e+05
-3.853584e-02,2.088438e+05
-3.827516e-02,2.806357e+05
-3.793808e-02,3.555377e+05
-3.752512e-02,4.181749e+05
-3.720206e-02,4.859677e+05
-3.689017e-02,5.538005e+05
-3.662178e-02,6.196271e+05
-3.604055e-02,6.865076e+05
-3.567965e-02,7.452002e+05
-3.519531e-02,8.070305e+05
-3.476162e-02,8.585865e+05
-3.414083e-02,9.173865e+05
-3.348891e-02,9.628262e+05
-3.295528e-02,1.013467e+06
-3.237768e-02,1.057932e+06
-3.185476e-02,1.097254e+06
-3.119569e-02,1.141758e+06
-3.054428e-02,1.184247e+06
-2.970247e-02,1.224687e+06
-2.897440e-02,1.256877e+06
-2.847764e-02,1.295247e+06
-2.793125e-02,1.327472e+06
-2.734868e-02,1.362826e+06
-2.689085e-02,1.394021e+06
-2.614764e-02,1.427288e+06
-2.523041e-02,1.452328e+06
-2.484183e-02,1.484608e+06
-2.417579e-02,1.510699e+06
-2.368427e-02,1.540932e+06
-2.302753e-02,1.572245e+06
-2.250107e-02,1.596258e+06
-2.189464e-02,1.621362e+06
-2.129012e-02,1.650620e+06
-2.073071e-02,1.674711e+06
-2.016539e-02,1.698809e+06
-1.953693e-02,1.720834e+06
-1.887015e-02,1.749097e+06
-1.832706e-02,1.769071e+06
-1.770947e-02,1.794243e+06
-1.714194e-02,1.816338e+06
-1.665478e-02,1.839433e+06
-1.607876e-02,1.860468e+06
-1.544237e-02,1.883602e+06
-1.474680e-02,1.905709e+06
-1.413419e-02,1.926737e+06
-1.362003e-02,1.950919e+06
-1.307263e-02,1.966869e+06
-1.243611e-02,1.985861e+06
-1.178990e-02,2.004876e+06
-1.118956e-02,2.024931e+06
-1.063016e-02,2.042929e+06
-9.965824e-03,2.061933e+06
-9.278732e-03,2.082048e+06
-8.706350e-03,2.096916e+06
-8.141932e-03,2.106629e+06
-7.633207e-03,2.091370e+06
-7.595258e-03,2.078892e+06
-7.460078e-03,2.110096e+06
-6.827135e-03,2.157211e+06
-6.293919e-03,2.173124e+06
-5.644256e-03,2.200480e+06
-4.934975e-03,2.215417e+06
-4.301125e-03,2.231359e+06
-3.758461e-03,2.253552e+06
-3.193044e-03,2.269466e+06
-2.490167e-03,2.283370e+06
-1.938808e-03,2.297232e+06
-1.157965e-03,2.313191e+06
-4.001856e-04,2.332326e+06
2.821510e-04,2.350353e+06
8.828657e-04,2.364226e+06
1.671479e-03,2.371911e+06
2.239101e-03,2.388944e+06
2.832663e-03,2.402788e+06
3.570766e-03,2.412529e+06
4.081939e-03,2.419123e+06
4.704449e-03,2.429897e+06
5.232473e-03,2.440691e+06
5.874076e-03,2.450408e+06
6.474241e-03,2.462245e+06
7.079564e-03,2.473006e+06
7.700009e-03,2.483804e+06
8.388717e-03,2.496669e+06
9.056335e-03,2.509570e+06
9.695672e-03,2.525572e+06
1.024084e-02,2.535344e+06
1.100898e-02,2.547200e+06
1.165806e-02,2.560099e+06
1.232802e-02,2.567754e+06
1.297453e-02,2.579622e+06
1.351282e-02,2.590378e+06
1.408202e-02,2.602249e+06
1.489784e-02,2.612000e+06
1.540906e-02,2.626993e+06
1.608053e-02,2.632600e+06
1.656228e-02,2.644475e+06
1.713513e-02,2.651169e+06
1.752650e-02,2.661966e+06
1.806417e-02,2.668581e+06
1.867298e-02,2.677318e+06
1.924903e-02,2.682887e+06
1.974072e-02,2.687456e+06
2.027198e-02,2.694095e+06
2.074810e-02,2.699680e+06
2.121643e-02,2.705256e+06
2.181309e-02,2.709821e+06
2.245776e-02,2.718580e+06
2.291075e-02,2.719965e+06
2.367018e-02,2.716148e+06
2.425865e-02,2.717588e+06
2.481758e-02,2.729438e+06
2.539353e-02,2.732957e+06
2.593228e-02,2.734367e+06
2.647016e-02,2.737882e+06
2.695335e-02,2.741323e+06
2.761278e-02,2.745865e+06
2.797427e-02,2.744129e+06
2.855826e-02,2.751775e+06
2.921666e-02,2.752111e+06
2.933899e-02,2.753515e+06
3.018099e-02,2.752753e+06
3.074001e-02,2.758333e+06
3.144286e-02,2.749207e+06
3.202540e-02,2.751618e+06
3.249119e-02,2.754051e+06
3.308875e-02,2.743922e+06
3.376385e-02,2.739009e+06
3.421089e-02,2.739324e+06
3.481521e-02,2.736493e+06
3.556039e-02,2.729475e+06
3.636768e-02,2.714077e+06
3.677013e-02,2.699678e+06
3.750999e-02,2.672731e+06
3.751672e-02,2.662284e+06
3.755839e-02,2.588908e+06
3.762708e-02,2.601487e+06
3.786959e-02,2.670796e+06
3.801756e-02,2.686639e+06
3.797683e-02,2.586014e+06
3.798705e-02,2.596490e+06
3.789538e-02,2.507278e+06
3.778639e-02,2.419058e+06
3.760820e-02,2.333993e+06
3.745329e-02,2.247879e+06
3.723648e-02,2.160747e+06
3.706735e-02,2.070481e+06
3.698797e-02,1.987536e+06
3.669581e-02,1.905671e+06
3.656339e-02,1.811245e+06
3.639089e-02,1.724156e+06
3.618282e-02,1.633927e+06
3.590963e-02,1.539524e+06
3.574958e-02,1.444083e+06
3.550660e-02,1.353899e+06
3.529990e-02,1.260588e+06
3.504669e-02,1.166247e+06
3.478022e-02,1.072957e+06
3.455621e-02,9.849208e+05
3.437045e-02,8.937649e+05
3.415776e-02,8.005192e+05
3.392565e-02,7.093952e+05
3.362103e-02,6.203744e+05
3.341938e-02,5.250857e+05
3.316309e-02,4.298248e+05
3.289122e-02,3.345780e+05
3.263037e-02,2.299312e+05
3.234961e-02,1.305408e+05
3.201254e-02,1.966629e+04
3.162309e-02,-7.967852e+04
3.113926e-02,-1.413522e+05
3.087936e-02,-2.385574e+05
3.053808e-02,-3.430497e+05
2.950652e-02,-4.464655e+05
2.905613e-02,-5.529786e+05
2.864824e-02,-6.531802e+05
2.820746e-02,-7.470904e+05
2.782135e-02,-8.409511e+05
2.721962e-02,-9.326849e+05
2.672755e-02,-1.005613e+06
2.619940e-02,-1.085827e+06
2.566510e-02,-1.156624e+06
2.504730e-02,-1.232589e+06
2.450309e-02,-1.297058e+06
2.392680e-02,-1.359438e+06
2.336293e-02,-1.415524e+06
2.278659e-02,-1.472647e+06
2.228848e-02,-1.521403e+06
2.167934e-02,-1.568046e+06
2.120806e-02,-1.612619e+06
2.066658e-02,-1.655081e+06
2.013499e-02,-1.693341e+06
1.955007e-02,-1.734724e+06
1.900958e-02,-1.768805e+06
1.842770e-02,-1.804957e+06
1.786773e-02,-1.834866e+06
1.734442e-02,-1.874114e+06
1.673799e-02,-1.894652e+06
1.612133e-02,-1.925505e+06
1.557863e-02,-1.952267e+06
1.491474e-02,-1.982075e+06
1.438478e-02,-2.002501e+06
1.376408e-02,-2.028177e+06
1.312068e-02,-2.045502e+06
1.250841e-02,-2.073222e+06
1.204546e-02,-2.093647e+06
1.139256e-02,-2.110903e+06
1.075807e-02,-2.127186e+06
1.014953e-02,-2.146520e+06
9.542013e-03,-2.163783e+06
8.960550e-03,-2.174824e+06
8.317379e-03,-2.191050e+06
7.732126e-03,-2.201040e+06
7.102844e-03,-2.212018e+06
6.589894e-03,-2.223033e+06
5.904197e-03,-2.232978e+06
5.330531e-03,-2.240842e+06
4.651465e-03,-2.245643e+06
3.848484e-03,-2.251432e+06
3.300568e-03,-2.255227e+06
2.505670e-03,-2.259989e+06
1.973896e-03,-2.260612e+06
1.305383e-03,-2.259131e+06
6.502554e-04,-2.253524e+06
3.448850e-04,-2.248145e+06
3.761276e-04,-2.201547e+06
4.149362e-05,-2.256232e+06
-4.203941e-04,-2.273445e+06
-1.072187e-03,-2.272979e+06
-1.873541e-03,-2.272541e+06
-2.358133e-03,-2.276241e+06
-2.969343e-03,-2.273777e+06
-3.573317e-03,-2.271213e+06
-4.245327e-03,-2.270826e+06
-4.769213e-03,-2.265226e+06
-5.331423e-03,-2.260710e+06
-5.900258e-03,-2.256114e+06
-6.605887e-03,-2.254649e+06
-7.232524e-03,-2.250092e+06
-7.806422e-03,-2.240348e+06
-8.310915e-03,-2.236844e+06
-8.946093e-03,-2.232267e+06
-9.575890e-03,-2.224591e+06
-1.014930e-02,-2.220065e+06
-1.087036e-02,-2.207189e+06
-1.148240e-02,-2.202663e+06
-1.202077e-02,-2.195053e+06
-1.273987e-02,-2.187372e+06
-1.338824e-02,-2.181785e+06
-1.393902e-02,-2.172135e+06
-1.466022e-02,-2.163427e+06
-1.528787e-02,-2.148565e+06
-1.594781e-02,-2.147085e+06
-1.655551e-02,-2.138442e+06
-1.716342e-02,-2.128709e+06
-1.790832e-02,-2.121100e+06
-1.848067e-02,-2.111401e+06
-1.906687e-02,-2.104844e+06
-1.979935e-02,-2.089931e+06
-2.050596e-02,-2.088503e+06
-2.092837e-02,-2.075755e+06
-2.157414e-02,-2.068073e+06
-2.215235e-02,-2.060474e+06
-2.285265e-02,-2.047684e+06
-2.346054e-02,-2.041096e+06
-2.413677e-02,-2.033461e+06
-2.478548e-02,-2.024820e+06
-2.548399e-02,-2.014137e+06
-2.612502e-02,-2.003405e+06
-2.659752e-02,-1.997841e+06
-2.723212e-02,-1.989178e+06
-2.788279e-02,-1.979490e+06
-2.851496e-02,-1.970830e+06
-2.909216e-02,-1.965282e+06
-2.973809e-02,-1.957702e+06
-3.035244e-02,-1.944935e+06
-3.086403e-02,-1.938315e+06
-3.149614e-02,-1.929695e+06
-3.186631e-02,-1.922113e+06
-3.249118e-02,-1.916562e+06
-3.314981e-02,-1.906914e+06
-3.376689e-02,-1.896254e+06
-3.415579e-02,-1.889653e+06
-3.480625e-02,-1.884137e+06
-3.550269e-02,-1.874468e+06
-3.620255e-02,-1.865824e+06
-3.682180e-02,-1.857274e+06
-3.763872e-02,-1.852787e+06
-3.806729e-02,-1.844180e+06
-3.859905e-02,-1.834552e+06
-3.926837e-02,-1.829998e+06
-3.983206e-02,-1.828622e+06
-4.039639e-02,-1.818008e+06
-4.100686e-02,-1.810442e+06
-4.163791e-02,-1.806973e+06
-4.229682e-02,-1.798389e+06
-4.284177e-02,-1.788786e+06
-4.354652e-02,-1.779126e+06
-4.422219e-02,-1.769569e+06
-4.480957e-02,-1.766086e+06
-4.565580e-02,-1.751394e+06
-4.631383e-02,-1.750933e+06
-4.705042e-02,-1.738337e+06
-4.791285e-02,-1.722628e+06
-4.791285e-02,-1.722628e+06
-4.799789e-02,-1.666602e+06
-4.805717e-02,-1.654381e+06
-4.786869e-02,-1.605635e+06
-4.771380e-02,-1.535567e+06
-4.763295e-02,-1.459397e+06
-4.726847e-02,-1.391316e+06
-4.714211e-02,-1.316108e+06
-4.690232e-02,-1.241890e+06
-4.667269e-02,-1.165606e+06
-4.647574e-02,-1.087262e+06
-4.626792e-02,-1.005815e+06
-4.607546e-02,-9.335491e+05
-4.576070e-02,-8.530535e+05
-4.554610e-02,-7.776450e+05
-4.542062e-02,-7.001546e+05
-4.522778e-02,-6.256893e+05
-4.497370e-02,-5.573358e+05
-4.479394e-02,-4.828273e+05
-4.455439e-02,-4.082755e+05
-4.418655e-02,-3.326724e+05
-4.389115e-02,-2.580545e+05
-4.359156e-02,-1.854523e+05
-4.322551e-02,-1.199780e+05
-4.323410e-02,-9.134028e+04
-4.245534e-02,-1.556528e+04
-4.210089e-02,4.795760e+04
-4.172161e-02,1.135659e+05
-4.133090e-02,1.781821e+05
-4.099681e-02,2.469371e+05
-4.051990e-02,3.147068e+05
-4.014878e-02,3.701997e+05
-3.967080e-02,4.298258e+05
-3.917569e-02,4.781785e+05
-3.862462e-02,5.347958e+05
-3.802029e-02,5.852764e+05
-3.742961e-02,6.316651e+05
-3.685406e-02,6.719111e+05
-3.618778e-02,7.152576e+05
-3.562510e-02,7.503959e+05
-3.510988e-02,7.875998e+05
-3.412454e-02,8.258493e+05
-3.335362e-02,8.548471e+05
-3.284817e-02,8.859241e+05
-3.221863e-02,9.211549e+05
-3.163178e-02,9.481281e+05
-3.090490e-02,9.782207e+05
-3.038549e-02,1.002141e+06
-2.998541e-02,1.029122e+06
-2.932927e-02,1.050991e+06
-2.861989e-02,1.077001e+06
-2.799061e-02,1.097830e+06
-2.724129e-02,1.123892e+06
-2.653777e-02,1.147826e+06
-2.589465e-02,1.172834e+06
-2.529465e-02,1.187520e+06
-2.462591e-02,1.210457e+06
-2.405155e-02,1.231377e+06
-2.338982e-02,1.249190e+06
-2.266829e-02,1.272162e+06
-2.214891e-02,1.291045e+06
-2.161933e-02,1.310909e+06
-2.101237e-02,1.326675e+06
-2.037535e-02,1.348666e+06
-1.977996e-02,1.365484e+06
-1.921226e-02,1.382289e+06
-1.849629e-02,1.401192e+06
-1.793754e-02,1.416991e+06
-1.725176e-02,1.437951e+06
-1.667725e-02,1.452720e+06
-1.619025e-02,1.469570e+06
-1.563787e-02,1.486393e+06
-1.497964e-02,1.500134e+06
-1.438331e-02,1.516999e+06
-1.371030e-02,1.534891e+06
-1.310128e-02,1.551779e+06
-1.254198e-02,1.564461e+06
-1.198603e-02,1.579266e+06
-1.141309e-02,1.591967e+06
-1.079842e-02,1.606799e+06
-1.014396e-02,1.620538e+06
-9.570183e-03,1.630158e+06
-8.859344e-03,1.633549e+06
-8.846685e-03,1.615935e+06
-8.717128e-03,1.607636e+06
-8.212836e-03,1.671225e+06
-7.666786e-03,1.688118e+06
-6.954639e-03,1.702961e+06
-6.338630e-03,1.718839e+06
-5.738569e-03,1.737835e+06
-5.107106e-03,1.751623e+06
-4.407821e-03,1.766461e+06
-3.743455e-03,1.782361e+06
-3.126006e-03,1.791996e+06
-2.503917e-03,1.807882e+06
-1.956639e-03,1.820618e+06
-1.120452e-03,1.833399e+06
-3.736854e-04,1.844139e+06
2.762647e-04,1.855857e+06
8.799855e-04,1.865518e+06
1.566761e-03,1.877254e+06
2.162473e-03,1.888992e+06
2.752337e-03,1.900726e+06
3.431792e-03,1.913501e+06
4.090497e-03,1.923178e+06
4.671814e-03,1.942240e+06
5.311881e-03,1.951928e+06
5.905557e-03,1.964706e+06
6.531108e-03,1.978563e+06
7.079529e-03,1.986138e+06
7.835316e-03,2.001083e+06
8.462728e-03,2.010772e+06
9.195326e-03,2.021476e+06
9.762086e-03,2.032195e+06
1.035859e-02,2.042938e+06
1.094796e-02,2.056788e+06
1.160592e-02,2.064391e+06
1.231700e-02,2.076166e+06
1.291064e-02,2.084813e+06
1.358798e-02,2.096619e+06
1.418696e-02,2.102146e+06
1.476605e-02,2.113947e+06
1.538352e-02,2.123634e+06
1.602650e-02,2.131256e+06
1.661010e-02,2.137798e+06
1.725416e-02,2.148539e+06
1.780975e-02,2.156133e+06
1.841207e-02,2.163756e+06
1.896881e-02,2.177639e+06
1.955797e-02,2.181057e+06
2.006159e-02,2.187629e+06
2.065713e-02,2.194180e+06
2.125717e-02,2.199693e+06
2.180737e-02,2.208361e+06
2.227091e-02,2.219066e+06
2.296600e-02,2.221442e+06
2.351015e-02,2.226954e+06
2.411362e-02,2.240859e+06
2.479849e-02,2.243246e+06
2.537884e-02,2.249790e+06
2.600280e-02,2.256367e+06
2.662969e-02,2.258751e+06
2.710458e-02,2.265294e+06
2.768271e-02,2.277108e+06
2.817665e-02,2.284730e+06
2.897428e-02,2.287092e+06
2.951792e-02,2.300943e+06
3.002142e-02,2.308552e+06
3.064193e-02,2.318235e+06
3.120590e-02,2.318526e+06
3.182787e-02,2.319830e+06
3.230759e-02,2.322174e+06
3.287894e-02,2.326643e+06
3.343462e-02,2.328991e+06
3.393630e-02,2.331325e+06
3.448308e-02,2.331550e+06
3.517820e-02,2.330775e+06
3.585509e-02,2.318460e+06
3.654503e-02,2.309304e+06
3.721093e-02,2.287497e+06
3.790177e-02,2.213269e+06
3.796351e-02,2.222734e+06
3.816033e-02,2.127316e+06
3.818496e-02,2.123111e+06
3.801855e-02,2.044406e+06
3.787318e-02,1.968775e+06
3.763245e-02,1.876386e+06
3.747053e-02,1.787157e+06
3.720384e-02,1.692677e+06
3.716229e-02,1.603442e+06
3.677163e-02,1.504786e+06
3.659108e-02,1.409301e+06
3.640397e-02,1.316957e+06
3.615464e-02,1.220442e+06
3.586080e-02,1.123953e+06
3.568565e-02,1.030612e+06
3.537060e-02,9.320399e+05
3.467663e-02,8.376917e+05
3.447297e-02,7.433499e+05
3.415700e-02,6.490295e+05
3.386679e-02,5.547250e+05
3.358868e-02,4.541606e+05
3.330720e-02,3.557102e+05
3.303327e-02,2.667032e+05
3.273177e-02,1.724795e+05
3.252072e-02,7.513900e+04
3.201011e-02,-2.008455e+04
3.144851e-02,-1.058658e+05
3.094173e-02,-1.581517e+05
3.054742e-02,-2.606223e+05
3.015550e-02,-3.567872e+05
2.936607e-02,-4.476963e+05
2.886223e-02,-5.438031e+05
2.841515e-02,-6.367323e+05
2.791721e-02,-7.212705e+05
2.746289e-02,-7.880361e+05
2.694560e-02,-8.589303e+05
2.642865e-02,-9.266960e+05
2.595299e-02,-9.881395e+05
2.540971e-02,-1.040158e+06
2.496678e-02,-1.096338e+06
2.443448e-02,-1.145219e+06
2.388357e-02,-1.188861e+06
2.339499e-02,-1.236661e+06
2.286628e-02,-1.278183e+06
2.225661e-02,-1.318652e+06
2.178994e-02,-1.355987e+06
2.123988e-02,-1.390170e+06
2.069828e-02,-1.426426e+06
2.006103e-02,-1.457466e+06
1.952914e-02,-1.488483e+06
1.901171e-02,-1.516368e+06
1.843838e-02,-1.542169e+06
1.789786e-02,-1.562745e+06
1.726643e-02,-1.589546e+06
1.673300e-02,-1.615328e+06
1.599468e-02,-1.634818e+06
1.547401e-02,-1.655340e+06
1.481415e-02,-1.670680e+06
1.418661e-02,-1.690144e+06
1.366094e-02,-1.707549e+06
1.295740e-02,-1.718706e+06
1.240788e-02,-1.735058e+06
1.183140e-02,-1.749296e+06
1.117694e-02,-1.760421e+06
1.058100e-02,-1.770521e+06
9.999809e-03,-1.782661e+06
9.280675e-03,-1.787575e+06
8.785361e-03,-1.797660e+06
8.111887e-03,-1.807712e+06
7.430840e-03,-1.811548e+06
6.947551e-03,-1.820588e+06
6.357918e-03,-1.823364e+06
5.697492e-03,-1.828242e+06
5.190911e-03,-1.834155e+06
4.489367e-03,-1.836914e+06
3.694610e-03,-1.836543e+06
3.072140e-03,-1.837267e+06
2.328480e-03,-1.837989e+06
1.766176e-03,-1.839716e+06
1.014512e-03,-1.840418e+06
4.307434e-04,-1.837003e+06
-1.562942e-04,-1.831508e+06
-7.408202e-04,-1.829098e+06
-9.856931e-04,-1.805114e+06
-9.325474e-04,-1.761634e+06
-1.380665e-03,-1.833948e+06
-1.965930e-03,-1.844970e+06
-2.582333e-03,-1.840451e+06
-3.210887e-03,-1.843251e+06
-3.808524e-03,-1.839813e+06
-4.478724e-03,-1.836343e+06
-5.071730e-03,-1.831830e+06
-5.681536e-03,-1.830429e+06
-6.249719e-03,-1.825955e+06
-6.964009e-03,-1.825634e+06
-7.660020e-03,-1.820110e+06
-8.228062e-03,-1.808367e+06
-8.731526e-03,-1.813156e+06
-9.365571e-03,-1.808682e+06
-9.953240e-03,-1.806290e+06
-1.050831e-02,-1.801831e+06
-1.114035e-02,-1.797332e+06
-1.182682e-02,-1.790785e+06
-1.247684e-02,-1.786262e+06
-1.304520e-02,-1.784909e+06
-1.363884e-02,-1.775267e+06
-1.441344e-02,-1.773897e+06
-1.509298e-02,-1.768401e+06
-1.600716e-02,-1.762872e+06
-1.669487e-02,-1.758407e+06
-1.728354e-02,-1.753960e+06
-1.778680e-02,-1.743278e+06
-1.838213e-02,-1.742947e+06
-1.906347e-02,-1.734329e+06
-1.931835e-02,-1.730873e+06
-2.038838e-02,-1.725348e+06
-2.093985e-02,-1.718802e+06
-2.151097e-02,-1.712274e+06
-2.217246e-02,-1.706819e+06
-2.288796e-02,-1.702301e+06
-2.346336e-02,-1.698863e+06
-2.404559e-02,-1.691301e+06
-2.465496e-02,-1.684753e+06
-2.538567e-02,-1.676183e+06
-2.601302e-02,-1.675840e+06
-2.680850e-02,-1.671325e+06
-2.739791e-02,-1.663795e+06
-2.803424e-02,-1.656225e+06
-2.881963e-02,-1.647629e+06
-2.942770e-02,-1.647301e+06
-3.012349e-02,-1.641780e+06
-3.088836e-02,-1.635241e+06
-3.148469e-02,-1.629713e+06
-3.204850e-02,-1.625246e+06
-3.279976e-02,-1.616668e+06
-3.337062e-02,-1.615253e+06
-3.402823e-02,-1.610804e+06
-3.470117e-02,-1.604281e+06
-3.532632e-02,-1.598834e+06
-3.600100e-02,-1.592313e+06
-3.672433e-02,-1.587843e+06
-3.744307e-02,-1.584405e+06
-3.805795e-02,-1.581991e+06
-3.873066e-02,-1.576532e+06
-3.936718e-02,-1.569018e+06
-4.013812e-02,-1.565599e+06
-4.067943e-02,-1.560134e+06
-4.138654e-02,-1.556648e+06
-4.220314e-02,-1.550094e+06
-4.282383e-02,-1.543611e+06
-4.344269e-02,-1.542212e+06
-4.406047e-02,-1.534709e+06
-4.466718e-02,-1.530255e+06
-4.535643e-02,-1.528874e+06
-4.585414e-02,-1.521375e+06
-4.650932e-02,-1.519977e+06
-4.713089e-02,-1.518603e+06
-4.779576e-02,-1.510045e+06
-4.838985e-02,-1.505629e+06
-4.908988e-02,-1.505232e+06
-4.966970e-02,-1.494666e+06
-5.024139e-02,-1.493293e+06
-5.084459e-02,-1.490867e+06
-5.152855e-02,-1.483389e+06
-5.209553e-02,-1.479971e+06
-5.273890e-02,-1.476562e+06
-5.340259e-02,-1.473187e+06
-5.401867e-02,-1.469752e+06
-5.463875e-02,-1.465344e+06
-5.525213e-02,-1.460910e+06
-5.527772e-02,-1.458789e+06
-5.584066e-02,-1.457477e+06
-5.637077e-02,-1.444972e+06
-5.648614e-02,-1.417478e+06
-5.702107e-02,-1.462870e+06
-5.769635e-02,-1.457411e+06
-5.834653e-02,-1.448879e+06
-5.892143e-02,-1.440412e+06
-5.931016e-02,-1.427026e+06
-5.936466e-02,-1.387412e+06
-5.946948e-02,-1.387437e+06
-5.923517e-02,-1.329696e+06
-5.914524e-02,-1.265970e+06
-5.863881e-02,-1.198175e+06
-5.839140e-02,-1.128322e+06
-5.798651e-02,-1.058437e+06
-5.756940e-02,-9.905764e+05
-5.712637e-02,-9.247094e+05
-5.676254e-02,-8.496738e+05
-5.635735e-02,-7.776501e+05
-5.613079e-02,-7.096546e+05
-5.576183e-02,-6.355218e+05
-5.544428e-02,-5.694923e+05
-5.507249e-02,-4.993673e+05
-5.469831e-02,-4.342934e+05
-5.434022e-02,-3.640939e+05
-5.392946e-02,-3.030293e+05
-5.342150e-02,-2.358081e+05
-5.310055e-02,-1.777246e+05
-5.267236e-02,-1.216470e+05
-1.030685e-01,-1.216601e+05
-1.028911e-01,-1.043321e+05
-1.026875e-01,-4.207084e+04
-1.024155e-01,8.994091e+03
-1.021609e-01,6.008946e+04
-1.019702e-01,3.046261e+04
-1.019561e-01,4.910199e+03
-1.018692e-01,3.864166e+04
-1.016458e-01,9.079629e+04
-1.014747e-01,1.225253e+05
-1.016271e-01,-3.703492e+04
-1.010808e-01,-1.657227e+04
-1.011344e-01,-4.010666e+04
-1.009365e-01,1.105785e+04
-1.006601e-01,4.074933e+04
-1.003498e-01,6.636177e+04
-1.000504e-01,8.379008e+04
-9.964848e-02,1.022586e+05
-9.944569e-02,1.176556e+05
-9.915156e-02,1.340884e+05
-9.888141e-02,1.443721e+05
-9.856021e-02,1.536372e+05
-9.822715e-02,1.608558e+05
-9.783768e-02,1.547353e+05
-9.736435e-02,1.167956e+05
-9.696032e-02,1.137432e+05
-9.663962e-02,1.137665e+05
-9.636950e-02,1.178970e+05
-9.630812e-02,1.127652e+05
-9.626963e-02,9.324619e+04
-9.631149e-02,7.681239e+04
-9.647188e-02,3.573112e+04
-9.661846e-02,-6.359208e+03
-9.666847e-02,-2.175313e+04
-9.665140e-02,-4.637738e+04
-9.682240e-02,-8.432247e+04
-9.700873e-02,-1.058482e+05
-9.710449e-02,-1.099412e+05
-9.734546e-02,-1.170868e+05
-9.737724e-02,-1.201627e+05
-9.741630e-02,-1.201577e+05
-9.739303e-02,-1.181078e+05
-9.761905e-02,-1.426844e+05
-9.764128e-02,-1.539503e+05
