Displacement [mm],Force [kN]
1.024382e+00,1.730272e+02
1.029970e+00,1.730272e+02
1.029462e+00,1.730272e+02
1.022096e+00,1.730272e+02
1.019302e+00,1.730272e+02
1.029716e+00,1.730272e+02
1.030224e+00,1.730272e+02
1.029462e+00,1.730272e+02
1.032002e+00,1.730272e+02
1.032256e+00,1.730272e+02
1.027430e+00,1.730272e+02
1.024636e+00,1.730272e+02
1.029462e+00,1.734720e+02
1.029970e+00,1.730272e+02
1.032510e+00,1.730272e+02
1.027430e+00,1.730272e+02
1.029716e+00,1.730272e+02
1.024382e+00,1.730272e+02
1.027176e+00,1.730272e+02
1.026922e+00,1.734720e+02
1.026922e+00,1.730272e+02
1.024382e+00,1.730272e+02
1.024382e+00,1.708032e+02
1.025144e+00,1.623520e+02
1.006221e+00,1.427808e+02
9.841484e-01,1.183168e+02
9.357868e-01,9.785600e+01
8.577326e-01,8.562400e+01
7.462012e-01,7.601632e+01
6.108827e-01,6.067072e+01
4.501820e-01,3.500576e+01
2.622410e-01,1.890400e+00
5.784850e-02,-3.331552e+01
-1.467104e-01,-6.640864e+01
-3.588258e-01,-9.696640e+01
-5.756402e-01,-1.263232e+02
-7.943469e-01,-1.570144e+02
-1.009193e+00,-1.894848e+02
-1.216914e+00,-2.246240e+02
-1.432052e+00,-2.610976e+02
-1.625854e+00,-2.966816e+02
-1.837690e+00,-3.304864e+02
-2.046986e+00,-3.629568e+02
-2.248535e+00,-3.949824e+02
-2.450973e+00,-4.270080e+02
-2.656205e+00,-4.594784e+02
-2.867406e+00,-4.897248e+02
-3.065399e+00,-5.119648e+02
-3.240786e+00,-5.248640e+02
-3.415665e+00,-5.293120e+02
-3.565144e+00,-5.319808e+02
-3.653282e+00,-5.386528e+02
-3.716020e+00,-5.479936e+02
-3.742436e+00,-5.524416e+02
-3.706749e+00,-5.444352e+02
-3.658997e+00,-5.217504e+02
-3.559683e+00,-4.923936e+02
-3.410331e+00,-4.643712e+02
-3.261106e+00,-4.434656e+02
-3.073781e+00,-4.270080e+02
-2.874137e+00,-4.069920e+02
-2.647950e+00,-3.767456e+02
-2.432685e+00,-3.349344e+02
-2.206498e+00,-2.904544e+02
-1.991995e+00,-2.499776e+02
-1.768094e+00,-2.183968e+02
-1.541653e+00,-1.925984e+02
-1.323721e+00,-1.645760e+02
-1.102741e+00,-1.294368e+02
-8.925306e-01,-8.815936e+01
-6.781800e-01,-4.648160e+01
-4.775200e-01,-1.174272e+01
-2.632329e-01,1.721376e+01
-6.117590e-02,4.576992e+01
1.472959e-01,7.993056e+01
3.567595e-01,1.183168e+02
5.688584e-01,1.561248e+02
7.769098e-01,1.885952e+02
9.957054e-01,2.170624e+02
1.204989e+00,2.455296e+02
1.416939e+00,2.771104e+02
1.623822e+00,3.118048e+02
1.843278e+00,3.478336e+02
2.056638e+00,3.807488e+02
2.270760e+00,4.101056e+02
2.482977e+00,4.367936e+02
2.702941e+00,4.634816e+02
2.911221e+00,4.883904e+02
3.119628e+00,5.075168e+02
3.316478e+00,5.159680e+02
3.488690e+00,5.177472e+02
3.623437e+00,5.204160e+02
3.722751e+00,5.310912e+02
3.773932e+00,5.457696e+02
3.788918e+00,5.533312e+02
3.766693e+00,5.435456e+02
3.694176e+00,5.199712e+02
3.585210e+00,4.972864e+02
3.463290e+00,4.879456e+02
3.316351e+00,4.870560e+02
3.157093e+00,4.786048e+02
3.010535e+00,4.505824e+02
2.839085e+00,4.074368e+02
2.691511e+00,3.651808e+02
2.520442e+00,3.380480e+02
2.333371e+00,3.242592e+02
2.133981e+00,3.122496e+02
1.933321e+00,2.873408e+02
1.720952e+00,2.459744e+02
1.511567e+00,1.979360e+02
1.292923e+00,1.565696e+02
1.074931e+00,1.276576e+02
8.528050e-01,1.067520e+02
6.253493e-01,8.219904e+01
4.040124e-01,4.759360e+01
1.790827e-01,5.675648e+00
-4.155440e-02,-3.651808e+01
-2.411857e-01,-7.263584e+01
-4.499610e-01,-1.027488e+02
-6.681470e-01,-1.303264e+02
-8.766810e-01,-1.587936e+02
-1.080389e+00,-1.921536e+02
-1.293749e+00,-2.286272e+02
-1.499997e+00,-2.673248e+02
-1.707515e+00,-3.037984e+02
-1.917192e+00,-3.371584e+02
-2.122551e+00,-3.678496e+02
-2.336419e+00,-3.985408e+02
-2.550160e+00,-4.319008e+02
-2.757170e+00,-4.661504e+02
-2.957068e+00,-4.986208e+02
-3.144647e+00,-5.248640e+02
-3.344672e+00,-5.417664e+02
-3.519678e+00,-5.515520e+02
-3.656838e+00,-5.582240e+02
-3.769360e+00,-5.671200e+02
-3.832733e+00,-5.786848e+02
-3.883152e+00,-5.871360e+02
-3.871722e+00,-5.840224e+02
-3.823208e+00,-5.662304e+02
-3.749929e+00,-5.382080e+02
-3.652139e+00,-5.092960e+02
-3.503295e+00,-4.866112e+02
-3.341497e+00,-4.710432e+02
-3.154680e+00,-4.532512e+02
-2.941066e+00,-4.270080e+02
-2.727833e+00,-3.892000e+02
-2.502154e+00,-3.442752e+02
-2.277364e+00,-3.015744e+02
-2.048510e+00,-2.668800e+02
-1.819656e+00,-2.397472e+02
-1.599946e+00,-2.135040e+02
-1.372870e+00,-1.814784e+02
-1.164463e+00,-1.423360e+02
-9.568180e-01,-9.919040e+01
-7.434580e-01,-5.955872e+01
-5.332222e-01,-2.815584e+01
-3.298063e-01,-3.064672e+00
-1.252220e-01,2.406368e+01
8.328660e-02,5.920288e+01
2.848483e-01,1.014144e+02
5.064011e-01,1.423360e+02
7.116788e-01,1.748064e+02
9.235313e-01,2.006048e+02
1.137247e+00,2.250688e+02
1.350150e+00,2.562048e+02
1.566037e+00,2.944576e+02
1.786763e+00,3.353792e+02
1.996694e+00,3.714080e+02
2.215515e+00,4.003200e+02
2.431034e+00,4.234496e+02
2.646426e+00,4.456896e+02
2.854071e+00,4.652608e+02
3.061843e+00,4.808288e+02
3.246628e+00,4.906144e+02
3.394202e+00,4.977312e+02
3.467608e+00,5.057376e+02
3.542919e+00,5.150784e+02
3.543427e+00,5.199712e+02
3.520948e+00,5.128544e+02
3.461893e+00,4.946176e+02
3.364865e+00,4.759360e+02
3.231134e+00,4.643712e+02
3.097022e+00,4.568096e+02
2.938145e+00,4.425760e+02
2.791587e+00,4.141088e+02
2.620010e+00,3.763008e+02
2.444623e+00,3.398272e+02
2.265045e+00,3.131392e+02
2.067179e+00,2.953472e+02
1.858658e+00,2.762208e+02
1.647647e+00,2.464192e+02
1.425816e+00,2.054976e+02
1.211984e+00,1.619072e+02
9.844151e-01,1.240992e+02
7.591666e-01,9.429760e+01
5.448681e-01,6.916640e+01
3.095625e-01,4.061024e+01
9.648190e-02,6.391776e+00
-1.174623e-01,-3.349344e+01
-3.288030e-01,-7.370336e+01
-5.332730e-01,-1.112000e+02
-7.501890e-01,-1.427808e+02
-9.560560e-01,-1.712480e+02
-1.172845e+00,-1.992704e+02
-1.377950e+00,-2.312960e+02
-1.591310e+00,-2.686592e+02
-1.803908e+00,-3.082464e+02
-2.007362e+00,-3.456096e+02
-2.212848e+00,-3.789696e+02
-2.428494e+00,-4.087712e+02
-2.635250e+00,-4.376832e+02
-2.842768e+00,-4.652608e+02
-3.030220e+00,-4.897248e+02
-3.231261e+00,-5.079616e+02
-3.393440e+00,-5.190816e+02
-3.530981e+00,-5.270880e+02
-3.618103e+00,-5.350944e+02
-3.682111e+00,-5.435456e+02
-3.695192e+00,-5.479936e+02
-3.672332e+00,-5.422112e+02
-3.611626e+00,-5.230848e+02
-3.501009e+00,-4.950624e+02
-3.377438e+00,-4.661504e+02
-3.215513e+00,-4.430208e+02
-3.015361e+00,-4.234496e+02
-2.827909e+00,-4.020992e+02
-2.602738e+00,-3.722976e+02
-2.385314e+00,-3.331552e+02
-2.158619e+00,-2.891200e+02
-1.923034e+00,-2.477536e+02
-1.705102e+00,-2.135040e+02
-1.473708e+00,-1.850368e+02
-1.249807e+00,-1.570144e+02
-1.031113e+00,-1.227648e+02
-8.224520e-01,-8.357792e+01
-6.076950e-01,-4.296768e+01
-3.977259e-01,-7.183520e+00
-1.924431e-01,2.379680e+01
1.918970e-02,5.342048e+01
2.179701e-01,8.638016e+01
4.266184e-01,1.218752e+02
6.346685e-01,1.574592e+02
8.534654e-01,1.899296e+02
1.064387e+00,2.201760e+02
1.277188e+00,2.508672e+02
1.498448e+00,2.837824e+02
1.709293e+00,3.180320e+02
1.929130e+00,3.531712e+02
2.141474e+00,3.860864e+02
2.360295e+00,4.163328e+02
2.585720e+00,4.465792e+02
2.793365e+00,4.772704e+02
3.013837e+00,5.066272e+02
3.221228e+00,5.306464e+02
3.428619e+00,5.462144e+02
3.612388e+00,5.524416e+02
3.795649e+00,5.551104e+02
3.918331e+00,5.600032e+02
4.004056e+00,5.715680e+02
4.054602e+00,5.849120e+02
4.044061e+00,5.866912e+02
4.010533e+00,5.742368e+02
3.938905e+00,5.537760e+02
3.844163e+00,5.368736e+02
3.697224e+00,5.293120e+02
3.564128e+00,5.199712e+02
3.405251e+00,5.008448e+02
3.245993e+00,4.674848e+02
3.074162e+00,4.301216e+02
2.890393e+00,3.994304e+02
2.694051e+00,3.785248e+02
2.514727e+00,3.611776e+02
2.295779e+00,3.371584e+02
2.077974e+00,3.015744e+02
1.855483e+00,2.588736e+02
1.628254e+00,2.175072e+02
1.400658e+00,1.850368e+02
1.169149e+00,1.596832e+02
9.489821e-01,1.334400e+02
7.296163e-01,1.005248e+02
5.108194e-01,6.018144e+01
2.943479e-01,1.872608e+01
8.042910e-02,-1.725824e+01
-1.308989e-01,-4.701536e+01
-3.473450e-01,-7.570496e+01
-5.546090e-01,-1.080864e+02
-7.693660e-01,-1.441152e+02
-9.798050e-01,-1.810336e+02
-1.193038e+00,-2.157280e+02
-1.402461e+00,-2.477536e+02
-1.610106e+00,-2.784448e+02
-1.820164e+00,-3.113600e+02
-2.030222e+00,-3.469440e+02
-2.239518e+00,-3.843072e+02
-2.447798e+00,-4.194464e+02
-2.664206e+00,-4.483584e+02
-2.866644e+00,-4.670400e+02
-3.054604e+00,-4.777152e+02
-3.204591e+00,-4.843872e+02
-3.342513e+00,-4.928384e+02
-3.429889e+00,-5.066272e+02
-3.481197e+00,-5.208608e+02
-3.482594e+00,-5.257536e+02
-3.447288e+00,-5.141888e+02
-3.386709e+00,-4.870560e+02
-3.275203e+00,-4.545856e+02
-3.126613e+00,-4.265632e+02
-2.951861e+00,-4.078816e+02
-2.773807e+00,-3.927584e+02
-2.567305e+00,-3.714080e+02
-2.336038e+00,-3.380480e+02
-2.113788e+00,-2.949024e+02
-1.887220e+00,-2.490880e+02
-1.672082e+00,-2.099456e+02
-1.441704e+00,-1.801440e+02
-1.215771e+00,-1.552352e+02
-9.975850e-01,-1.267680e+02
-7.890510e-01,-9.029440e+01
-5.758180e-01,-4.901696e+01
-3.713099e-01,-9.429760e+00
-1.579753e-01,2.495328e+01
4.046220e-02,5.466592e+01
2.512187e-01,8.433408e+01
4.550156e-01,1.160928e+02
6.632956e-01,1.498976e+02
8.736635e-01,1.837024e+02
1.088403e+00,2.179520e+02
1.301420e+00,2.499776e+02
1.506906e+00,2.820032e+02
1.727073e+00,3.140288e+02
1.943608e+00,3.460544e+02
2.148967e+00,3.785248e+02
2.364740e+00,4.105504e+02
2.587371e+00,4.412416e+02
2.795524e+00,4.674848e+02
2.990596e+00,4.870560e+02
3.186557e+00,4.981760e+02
3.382899e+00,5.035136e+02
3.530219e+00,5.092960e+02
3.629152e+00,5.204160e+02
3.691636e+00,5.337600e+02
3.718179e+00,5.417664e+02
3.694557e+00,5.342048e+02
3.636010e+00,5.132992e+02
3.538601e+00,4.910592e+02
3.417062e+00,4.794944e+02
3.282696e+00,4.768256e+02
3.124454e+00,4.692640e+02
2.951861e+00,4.439104e+02
2.780157e+00,4.029888e+02
2.634234e+00,3.611776e+02
2.457069e+00,3.313760e+02
2.269617e+00,3.158080e+02
2.067687e+00,3.029088e+02
1.872145e+00,2.784448e+02
1.650390e+00,2.384128e+02
1.430896e+00,1.912640e+02
1.210363e+00,1.494528e+02
9.889236e-01,1.192064e+02
7.559421e-01,9.785600e+01
5.327523e-01,7.348096e+01
3.110103e-01,4.007648e+01
1.031621e-01,-7.090112e-01
-1.063244e-01,-4.314560e+01
-3.093720e-01,-8.064224e+01
-5.144770e-01,-1.125344e+02
-7.240270e-01,-1.396672e+02
-9.331960e-01,-1.676896e+02
-1.149985e+00,-1.997152e+02
-1.362964e+00,-2.357440e+02
-1.577721e+00,-2.744416e+02
-1.778381e+00,-3.118048e+02
-1.979295e+00,-3.456096e+02
-2.199386e+00,-3.763008e+02
-2.410079e+00,-4.052128e+02
-2.603500e+00,-4.336800e+02
-2.804160e+00,-4.599232e+02
-2.991612e+00,-4.799392e+02
-3.166364e+00,-4.928384e+02
-3.316478e+00,-5.004000e+02
-3.430143e+00,-5.075168e+02
-3.493643e+00,-5.173024e+02
-3.519043e+00,-5.253088e+02
-3.508502e+00,-5.244192e+02
-3.447669e+00,-5.092960e+02
-3.362452e+00,-4.830528e+02
-3.238119e+00,-4.528064e+02
-3.089021e+00,-4.265632e+02
-2.914015e+00,-4.069920e+02
-2.721737e+00,-3.883104e+02
-2.512568e+00,-3.629568e+02
-2.288286e+00,-3.278176e+02
-2.066290e+00,-2.846720e+02
-1.840484e+00,-2.415264e+02
-1.615821e+00,-2.041632e+02
-1.390904e+00,-1.743616e+02
-1.164971e+00,-1.472288e+02
-9.493250e-01,-1.165376e+02
-7.252970e-01,-7.944128e+01
-5.201920e-01,-3.940928e+01
-3.080893e-01,-1.632416e+00
-1.109853e-01,3.140288e+01
9.906000e-02,6.182720e+01
3.047238e-01,9.296320e+01
5.150612e-01,1.258784e+02
7.104063e-01,1.587936e+02
9.279382e-01,1.917088e+02
1.139088e+00,2.246240e+02
1.351077e+00,2.566496e+02
1.558366e+00,2.891200e+02
1.779905e+00,3.220352e+02
1.995043e+00,3.540608e+02
2.202561e+00,3.860864e+02
2.424811e+00,4.158880e+02
2.637282e+00,4.430208e+02
2.844546e+00,4.625920e+02
3.053588e+00,4.741568e+02
3.211957e+00,4.799392e+02
3.347085e+00,4.852768e+02
3.445256e+00,4.968416e+02
3.520440e+00,5.110752e+02
3.534410e+00,5.181920e+02
3.511677e+00,5.101856e+02
3.439922e+00,4.883904e+02
3.367151e+00,4.657056e+02
3.233293e+00,4.532512e+02
3.099816e+00,4.505824e+02
2.940685e+00,4.430208e+02
2.794508e+00,4.190016e+02
2.622042e+00,3.776352e+02
2.459863e+00,3.349344e+02
2.282063e+00,3.037984e+02
2.093341e+00,2.873408e+02
1.891513e+00,2.753312e+02
1.686014e+00,2.522016e+02
1.479029e+00,2.135040e+02
1.256314e+00,1.659104e+02
1.040422e+00,1.223200e+02
8.136636e-01,9.118400e+01
5.859653e-01,6.925536e+01
3.577463e-01,4.608128e+01
1.430528e-01,1.472288e+01
-6.968490e-02,-2.570944e+01
-2.895600e-01,-6.983360e+01
-4.848860e-01,-1.103104e+02
-6.939280e-01,-1.427808e+02
-8.976360e-01,-1.685792e+02
-1.113790e+00,-1.930432e+02
-1.328420e+00,-2.241792e+02
-1.530985e+00,-2.624320e+02
-1.741043e+00,-3.042432e+02
-1.949069e+00,-3.438304e+02
-2.160270e+00,-3.767456e+02
-2.374392e+00,-4.043232e+02
-2.570734e+00,-4.310112e+02
-2.778506e+00,-4.594784e+02
-2.978912e+00,-4.883904e+02
-3.166237e+00,-5.115200e+02
-3.342132e+00,-5.266432e+02
-3.491992e+00,-5.337600e+02
-3.604641e+00,-5.390976e+02
-3.680587e+00,-5.462144e+02
-3.706241e+00,-5.542208e+02
-3.695954e+00,-556
-3.659632e+00,-5.448800e+02
-3.574415e+00,-5.208608e+02
-3.450717e+00,-4.901696e+02
-3.314065e+00,-4.621472e+02
-3.151886e+00,-4.399072e+02
-2.938907e+00,-4.212256e+02
-2.750693e+00,-3.980960e+02
-2.522220e+00,-3.651808e+02
-2.289810e+00,-3.233696e+02
-2.065528e+00,-2.793344e+02
-1.834388e+00,-2.401920e+02
-1.613408e+00,-2.081664e+02
-1.387348e+00,-1.810336e+02
-1.169924e+00,-1.521216e+02
-9.531350e-01,-1.160928e+02
-7.352030e-01,-7.472640e+01
-5.257800e-01,-3.473888e+01
-3.256153e-01,-7.972595e-01
-1.176020e-01,2.833376e+01
8.947150e-02,5.786848e+01
2.995295e-01,9.162880e+01
5.051298e-01,1.285472e+02
7.235685e-01,1.641312e+02
9.364726e-01,1.957120e+02
1.149477e+00,2.246240e+02
1.358227e+00,2.548704e+02
1.573378e+00,2.877856e+02
1.787525e+00,3.233696e+02
1.994916e+00,3.580640e+02
2.217674e+00,3.909792e+02
2.428621e+00,4.207808e+02
2.649220e+00,4.492480e+02
2.869565e+00,4.754912e+02
3.076702e+00,4.981760e+02
3.272663e+00,5.137440e+02
3.443859e+00,5.217504e+02
3.616198e+00,5.257536e+02
3.725926e+00,5.328704e+02
3.813302e+00,5.453248e+02
3.839337e+00,5.564448e+02
3.816096e+00,556
3.781933e+00,5.413216e+02
3.697605e+00,5.195264e+02
3.588385e+00,5.030688e+02
3.455035e+00,4.932832e+02
3.307842e+00,4.817184e+02
3.161665e+00,4.603680e+02
2.990342e+00,4.278976e+02
2.806319e+00,3.909792e+02
2.610231e+00,3.602880e+02
2.408047e+00,3.371584e+02
2.197735e+00,3.166976e+02
1.979041e+00,2.900096e+02
1.759433e+00,2.535360e+02
1.539418e+00,2.121696e+02
1.317862e+00,1.721376e+02
1.092365e+00,1.392224e+02
8.637638e-01,1.116448e+02
6.372479e-01,8.388928e+01
4.164711e-01,5.057376e+01
2.053971e-01,1.276576e+01
-1.652270e-02,-2.553152e+01
-2.290826e-01,-6.138240e+01
-4.296410e-01,-9.474240e+01
-6.333490e-01,-1.263232e+02
-8.449310e-01,-1.579040e+02
-1.062736e+00,-1.899296e+02
-1.269619e+00,-2.224000e+02
-1.481328e+00,-2.575392e+02
-1.696466e+00,-2.931232e+02
-1.902206e+00,-3.291520e+02
-2.108962e+00,-3.634016e+02
-2.321052e+00,-3.958720e+02
-2.527300e+00,-4.278976e+02
-2.734564e+00,-4.608128e+02
-2.941320e+00,-4.950624e+02
-3.140964e+00,-5.302016e+02
-3.353816e+00,-5.617824e+02
-3.541649e+00,-5.871360e+02
-3.754628e+00,-6.018144e+02
-3.915918e+00,-6.093760e+02
-4.053586e+00,-6.147136e+02
-4.166108e+00,-6.231648e+02
-4.228338e+00,-6.333952e+02
-4.267581e+00,-6.400672e+02
-4.256786e+00,-6.351744e+02
-4.208272e+00,-6.160480e+02
-4.135755e+00,-5.871360e+02
-4.012565e+00,-5.582240e+02
-3.864483e+00,-5.355392e+02
-3.677285e+00,-5.186368e+02
-3.477387e+00,-4.999552e+02
-3.264535e+00,-4.728224e+02
-3.051429e+00,-4.341248e+02
-2.812669e+00,-3.892000e+02
-2.582672e+00,-3.464992e+02
-2.351532e+00,-3.113600e+02
-2.129409e+00,-2.837824e+02
-1.900174e+00,-2.570944e+02
-1.685290e+00,-2.250688e+02
-1.479550e+00,-1.854816e+02
-1.275715e+00,-1.423360e+02
-1.061593e+00,-1.018592e+02
-8.498840e-01,-6.832128e+01
-6.386830e-01,-4.163328e+01
-4.327398e-01,-1.601280e+01
-2.231009e-01,1.521216e+01
-1.503680e-02,5.413216e+01
1.993392e-01,9.741120e+01
4.035171e-01,1.361088e+02
6.053328e-01,1.654656e+02
8.243621e-01,1.885952e+02
1.039914e+00,2.139488e+02
1.257656e+00,2.481984e+02
1.468488e+00,2.891200e+02
1.686433e+00,3.295968e+02
1.903603e+00,3.642912e+02
2.120011e+00,3.909792e+02
2.340737e+00,4.154432e+02
2.572131e+00,4.439104e+02
2.794254e+00,4.781600e+02
3.014345e+00,5.141888e+02
3.233928e+00,5.435456e+02
3.442081e+00,5.586688e+02
3.624199e+00,5.595584e+02
3.807206e+00,5.573344e+02
3.928491e+00,5.622272e+02
4.026281e+00,5.795744e+02
4.076319e+00,6.000352e+02
4.103624e+00,6.075968e+02
4.056888e+00,5.915840e+02
3.998976e+00,5.617824e+02
3.877437e+00,5.368736e+02
3.758184e+00,5.306464e+02
3.586480e+00,5.346496e+02
3.428365e+00,5.302016e+02
3.269996e+00,5.021792e+02
3.098165e+00,4.545856e+02
2.925953e+00,4.078816e+02
2.755265e+00,3.798592e+02
2.574417e+00,3.696288e+02
2.371598e+00,3.620672e+02
2.184781e+00,3.384928e+02
1.967865e+00,2.957920e+02
1.757464e+00,2.441952e+02
1.534795e+00,2.014944e+02
1.308972e+00,1.743616e+02
1.077824e+00,1.570144e+02
8.497938e-01,1.347744e+02
6.287008e-01,9.919040e+01
4.030345e-01,5.293120e+01
1.922018e-01,7.748416e+00
-2.693670e-02,-2.686592e+01
-2.357120e-01,-5.239744e+01
-4.448810e-01,-7.703936e+01
-6.496050e-01,-1.085312e+02
-8.549640e-01,-1.467840e+02
-1.062736e+00,-1.872608e+02
-1.277366e+00,-2.228448e+02
-1.480058e+00,-2.539808e+02
-1.705737e+00,-2.824480e+02
-1.914144e+00,-3.131392e+02
-2.129790e+00,-3.491680e+02
-2.348484e+00,-3.878656e+02
-2.562352e+00,-4.261184e+02
-2.769870e+00,-4.608128e+02
-2.966212e+00,-4.906144e+02
-3.166110e+00,-5.150784e+02
-3.365373e+00,-5.355392e+02
-3.553968e+00,-5.515520e+02
-3.716274e+00,-5.644512e+02
-3.853561e+00,-5.760160e+02
-3.954018e+00,-5.866912e+02
-4.029329e+00,-5.951424e+02
-4.042918e+00,-5.973664e+02
-4.031742e+00,-5.889152e+02
-3.958844e+00,-5.688992e+02
-3.872738e+00,-5.431008e+02
-3.737483e+00,-5.177472e+02
-3.588512e+00,-4.968416e+02
-3.401441e+00,-4.781600e+02
-3.202051e+00,-4.563648e+02
-3.001264e+00,-4.265632e+02
-2.779395e+00,-3.878656e+02
-2.543810e+00,-3.456096e+02
-2.302002e+00,-3.060224e+02
-2.089150e+00,-2.722176e+02
-1.867408e+00,-2.428608e+02
-1.641475e+00,-2.139488e+02
-1.420495e+00,-1.796992e+02
-1.209548e+00,-1.405568e+02
-9.966960e-01,-9.963520e+01
-7.901940e-01,-6.227200e+01
-5.767070e-01,-3.078016e+01
-3.747643e-01,-3.660704e+00
-1.622679e-01,2.495328e+01
3.836670e-02,6.018144e+01
2.391791e-01,1.005248e+02
4.450842e-01,1.396672e+02
6.592570e-01,1.716928e+02
8.785098e-01,1.979360e+02
1.088390e+00,2.241792e+02
1.310437e+00,2.566496e+02
1.529842e+00,2.949024e+02
1.741170e+00,3.340448e+02
1.962023e+00,3.691840e+02
2.183003e+00,3.976512e+02
2.392045e+00,4.238944e+02
2.610866e+00,4.519168e+02
2.830068e+00,4.852768e+02
3.050286e+00,5.213056e+02
3.270377e+00,5.546656e+02
3.502533e+00,5.795744e+02
3.697097e+00,5.938080e+02
3.903091e+00,6.000352e+02
4.097528e+00,6.027040e+02
4.241419e+00,6.098208e+02
4.363593e+00,6.231648e+02
4.436491e+00,6.382880e+02
4.461637e+00,6.467392e+02
4.451731e+00,6.391776e+02
4.406138e+00,6.191616e+02
4.323842e+00,5.987008e+02
4.204716e+00,5.880256e+02
4.073779e+00,5.844672e+02
3.916807e+00,5.751264e+02
3.758819e+00,5.502176e+02
3.601593e+00,5.128544e+02
3.430397e+00,4.763808e+02
3.246374e+00,4.505824e+02
3.038602e+00,4.341248e+02
2.842514e+00,4.176672e+02
2.622550e+00,3.905344e+02
2.399919e+00,3.505024e+02
2.181225e+00,3.055776e+02
1.955165e+00,2.664352e+02
1.729918e+00,2.379680e+02
1.499133e+00,2.143936e+02
1.266939e+00,1.877056e+02
1.041921e+00,1.512320e+02
8.278635e-01,1.080864e+02
6.141593e-01,6.640864e+01
3.923919e-01,3.158080e+01
1.695323e-01,4.644157e+00
-3.736340e-02,-1.992704e+01
-2.565400e-01,-4.995104e+01
-4.629150e-01,-8.873760e+01
-6.719570e-01,-1.312160e+02
-8.860790e-01,-1.708032e+02
-1.090422e+00,-2.010496e+02
-1.300480e+00,-2.264032e+02
-1.514602e+00,-2.539808e+02
-1.734820e+00,-2.886752e+02
-1.947545e+00,-3.295968e+02
-2.153285e+00,-3.718528e+02
-2.364994e+00,-4.087712e+02
-2.573782e+00,-4.394624e+02
-2.800985e+00,-4.665952e+02
-3.015361e+00,-4.937280e+02
-3.214878e+00,-5.226400e+02
-3.415157e+00,-5.497728e+02
-3.602355e+00,-5.693440e+02
-3.765169e+00,-5.809088e+02
-3.903345e+00,-5.858016e+02
-4.003675e+00,-5.911392e+02
-4.066286e+00,-5.982560e+02
-4.093464e+00,-6.035936e+02
-4.057015e+00,-6.004800e+02
-3.996817e+00,-5.853568e+02
-3.898646e+00,-5.591136e+02
-3.775075e+00,-5.297568e+02
-3.626104e+00,-5.048480e+02
-3.426079e+00,-4.848320e+02
-3.226689e+00,-4.643712e+02
-3.013075e+00,-4.376832e+02
-2.797683e+00,-4.012096e+02
-2.562479e+00,-3.585088e+02
-2.340483e+00,-3.158080e+02
-2.111756e+00,-2.793344e+02
-1.886204e+00,-2.495328e+02
-1.662684e+00,-2.219552e+02
-1.451483e+00,-1.903744e+02
-1.241171e+00,-1.525664e+02
-1.029970e+00,-1.112000e+02
-8.251190e-01,-7.196864e+01
-6.080760e-01,-3.887552e+01
-4.057650e-01,-1.187616e+01
-1.923161e-01,1.494528e+01
1.221740e-02,4.768256e+01
2.274824e-01,8.855968e+01
4.296029e-01,1.298816e+02
6.412357e-01,1.654656e+02
8.481416e-01,1.925984e+02
1.072464e+00,2.170624e+02
1.286294e+00,2.464192e+02
1.509814e+00,2.833376e+02
1.723136e+00,3.238144e+02
1.937512e+00,3.611776e+02
2.167382e+00,3.918688e+02
2.377694e+00,4.172224e+02
2.600071e+00,4.439104e+02
2.832481e+00,4.754912e+02
3.039745e+00,5.110752e+02
3.272155e+00,5.462144e+02
3.479038e+00,5.729024e+02
3.686302e+00,5.862464e+02
3.893185e+00,5.893600e+02
4.061968e+00,5.902496e+02
4.207002e+00,5.969216e+02
4.316349e+00,6.129344e+02
4.365879e+00,6.311712e+02
4.391660e+00,6.387328e+02
4.369308e+00,6.271680e+02
4.311650e+00,6.035936e+02
4.217035e+00,5.831328e+02
4.109974e+00,5.755712e+02
3.965956e+00,5.746816e+02
3.808349e+00,5.648960e+02
3.649853e+00,5.368736e+02
3.503422e+00,4.963968e+02
3.320288e+00,4.581440e+02
3.149219e+00,4.345696e+02
2.951988e+00,4.225600e+02
2.744216e+00,4.087712e+02
2.532380e+00,3.807488e+02
2.325497e+00,3.376032e+02
2.098421e+00,2.904544e+02
1.873733e+00,2.513120e+02
1.647596e+00,2.250688e+02
1.421427e+00,2.041632e+02
1.192467e+00,1.783648e+02
9.781921e-01,1.410016e+02
7.528179e-01,9.607680e+01
5.334127e-01,5.275328e+01
3.101721e-01,1.868160e+01
9.099550e-02,-6.414016e+00
-1.198880e-01,-2.953472e+01
-3.296920e-01,-6.053728e+01
-5.355590e-01,-1.009696e+02
-7.522210e-01,-1.450048e+02
-9.531350e-01,-1.841472e+02
-1.161415e+00,-2.139488e+02
-1.379855e+00,-2.379680e+02
-1.597406e+00,-2.646560e+02
-1.812798e+00,-2.997952e+02
-2.018411e+00,-3.416064e+02
-2.230374e+00,-3.838624e+02
-2.445639e+00,-4.207808e+02
-2.658618e+00,-4.510272e+02
-2.877312e+00,-4.763808e+02
-3.076956e+00,-5.021792e+02
-3.277235e+00,-5.284224e+02
-3.477641e+00,-5.515520e+02
-3.652393e+00,-5.684544e+02
-3.802761e+00,-5.777952e+02
-3.915410e+00,-5.840224e+02
-4.003675e+00,-5.902496e+02
-4.028821e+00,-5.955872e+02
-4.031234e+00,-5.960320e+02
-3.983609e+00,-5.849120e+02
-3.897249e+00,-5.626720e+02
-3.773551e+00,-5.342048e+02
-3.625469e+00,-5.070720e+02
-3.450717e+00,-4.848320e+02
-3.263392e+00,-4.648160e+02
-3.037713e+00,-4.412416e+02
-2.815971e+00,-4.092160e+02
-2.600071e+00,-3.687392e+02
-2.372995e+00,-3.251488e+02
-2.154047e+00,-2.860064e+02
-1.928114e+00,-2.535360e+02
-1.706245e+00,-2.259584e+02
-1.486281e+00,-1.966016e+02
-1.270381e+00,-1.614624e+02
-1.061339e+00,-1.209856e+02
-8.445500e-01,-8.019744e+01
-6.419850e-01,-4.456896e+01
-4.347210e-01,-1.561248e+01
-2.263140e-01,1.107552e+01
-2.315210e-02,4.158880e+01
1.936623e-01,7.957472e+01
3.943223e-01,1.205408e+02
6.055614e-01,1.579040e+02
8.141957e-01,1.872608e+02
1.028941e+00,2.126144e+02
1.255344e+00,2.406368e+02
1.467206e+00,2.748864e+02
1.683893e+00,3.144736e+02
1.909064e+00,3.531712e+02
2.128901e+00,3.851968e+02
2.338070e+00,4.114400e+02
2.552827e+00,4.381280e+02
2.783713e+00,4.683744e+02
3.003423e+00,5.035136e+02
3.236341e+00,5.395424e+02
3.455670e+00,5.697888e+02
3.649218e+00,5.884704e+02
3.867912e+00,5.969216e+02
4.049903e+00,5.991456e+02
4.206748e+00,6.040384e+02
4.339717e+00,6.160480e+02
4.437507e+00,6.333952e+02
4.474591e+00,6.462944e+02
4.476496e+00,6.449600e+02
4.454525e+00,6.276128e+02
4.372356e+00,6.044832e+02
4.277487e+00,5.898048e+02
4.133342e+00,5.871360e+02
4.001643e+00,5.849120e+02
3.844925e+00,5.693440e+02
3.686048e+00,5.350944e+02
3.528441e+00,4.923936e+02
3.344799e+00,4.590336e+02
3.160776e+00,4.403520e+02
2.977642e+00,4.296768e+02
2.769362e+00,4.123296e+02
2.553335e+00,3.794144e+02
2.343404e+00,3.340448e+02
2.115947e+00,2.886752e+02
1.891360e+00,2.539808e+02
1.660525e+00,2.308512e+02
1.434356e+00,2.095008e+02
1.209332e+00,1.796992e+02
1.000595e+00,1.392224e+02
7.672451e-01,9.385280e+01
5.519039e-01,5.288672e+01
3.360801e-01,2.210656e+01
1.226947e-01,-1.779200e+00
-1.020572e-01,-2.664352e+01
-3.096260e-01,-6.044832e+01
-5.226050e-01,-1.027488e+02
-7.232650e-01,-1.463392e+02
-9.330690e-01,-1.828128e+02
-1.143508e+00,-2.099456e+02
-1.358265e+00,-2.335200e+02
-1.574800e+00,-2.619872e+02
-1.789684e+00,-2.993504e+02
-2.006854e+00,-3.424960e+02
-2.220722e+00,-3.843072e+02
-2.431669e+00,-4.194464e+02
-2.644267e+00,-4.479136e+02
-2.851912e+00,-4.732672e+02
-3.064637e+00,-4.986208e+02
-3.264535e+00,-5.253088e+02
-3.464941e+00,-5.479936e+02
-3.627501e+00,-5.640064e+02
-3.777361e+00,-5.729024e+02
-3.889883e+00,-5.782400e+02
-3.952875e+00,-5.844672e+02
-3.979037e+00,-5.898048e+02
-3.981196e+00,-5.884704e+02
-3.919855e+00,-5.760160e+02
-3.835019e+00,-5.524416e+02
-3.710813e+00,-5.239744e+02
-3.562731e+00,-4.977312e+02
-3.388106e+00,-4.763808e+02
-3.187827e+00,-4.563648e+02
-2.974975e+00,-4.319008e+02
-2.757043e+00,-3.985408e+02
-2.531999e+00,-3.576192e+02
-2.304923e+00,-3.153632e+02
-2.080006e+00,-2.766656e+02
-1.854708e+00,-2.455296e+02
-1.626997e+00,-2.175072e+02
-1.418717e+00,-1.868160e+02
-1.202055e+00,-1.507872e+02
-9.895840e-01,-1.103104e+02
-7.885430e-01,-7.032288e+01
-5.745480e-01,-3.549504e+01
-3.695700e-01,-7.032288e+00
-1.578991e-01,2.019392e+01
5.026660e-02,5.204160e+01
2.531364e-01,9.073920e+01
4.662170e-01,1.307712e+02
6.737858e-01,1.659104e+02
8.898179e-01,1.939328e+02
1.107326e+00,2.197312e+02
1.323111e+00,2.495328e+02
1.537995e+00,2.855616e+02
1.758188e+00,3.251488e+02
1.974596e+00,3.620672e+02
2.192782e+00,3.927584e+02
2.413508e+00,4.190016e+02
2.625217e+00,4.461344e+02
2.856865e+00,4.777152e+02
3.077337e+00,5.128544e+02
3.284474e+00,5.479936e+02
3.516757e+00,5.764608e+02
3.723005e+00,5.955872e+02
3.942080e+00,6.040384e+02
4.123436e+00,6.071520e+02
4.279773e+00,6.124896e+02
4.412996e+00,6.240544e+02
4.497451e+00,6.400672e+02
4.547108e+00,6.534112e+02
4.549521e+00,6.525216e+02
4.515485e+00,6.360640e+02
4.445000e+00,6.147136e+02
4.338574e+00,6.009248e+02
4.218940e+00,5.969216e+02
4.087241e+00,5.924736e+02
3.930015e+00,5.746816e+02
3.784473e+00,5.417664e+02
3.588385e+00,5.021792e+02
3.443224e+00,4.710432e+02
3.259328e+00,4.532512e+02
3.050540e+00,4.407968e+02
2.843276e+00,4.207808e+02
2.623566e+00,3.865312e+02
2.418842e+00,3.416064e+02
2.197481e+00,2.984608e+02
1.966671e+00,2.655456e+02
1.737792e+00,2.410816e+02
1.512760e+00,2.183968e+02
1.284719e+00,1.868160e+02
1.060399e+00,1.463392e+02
8.336420e-01,1.023040e+02
6.189345e-01,6.280576e+01
4.010787e-01,3.229248e+01
1.850263e-01,7.850720e+00
-2.900680e-02,-1.828128e+01
-2.426970e-01,-5.177472e+01
-4.451350e-01,-9.340800e+01
-6.516370e-01,-1.365536e+02
-8.596630e-01,-1.734720e+02
-1.083818e+00,-2.014944e+02
-1.292098e+00,-2.255136e+02
-1.511554e+00,-2.535360e+02
-1.719834e+00,-2.904544e+02
-1.933448e+00,-3.331552e+02
-2.149983e+00,-3.745216e+02
-2.361438e+00,-4.105504e+02
-2.572385e+00,-4.394624e+02
-2.783840e+00,-4.652608e+02
-2.989199e+00,-4.946176e+02
-3.202051e+00,-5.284224e+02
-3.402457e+00,-5.635616e+02
-3.601720e+00,-5.933632e+02
-3.801872e+00,-6.116000e+02
-3.964432e+00,-6.187168e+02
-4.113784e+00,-6.209408e+02
-4.226560e+00,-6.262784e+02
-4.289298e+00,-6.369536e+02
-4.314825e+00,-6.476288e+02
-4.304792e+00,-6.489632e+02
-4.257294e+00,-6.342848e+02
-4.171315e+00,-6.062624e+02
-4.060698e+00,-5.737920e+02
-3.912108e+00,-5.475488e+02
-3.737483e+00,-5.284224e+02
-3.550666e+00,-5.132992e+02
-3.350260e+00,-4.910592e+02
-3.124454e+00,-4.568096e+02
-2.898775e+00,-4.127744e+02
-2.665349e+00,-3.669600e+02
-2.436749e+00,-3.287072e+02
-2.225802e+00,-2.993504e+02
-1.991233e+00,-2.735520e+02
-1.765427e+00,-2.446400e+02
-1.555115e+00,-2.072768e+02
-1.340739e+00,-1.645760e+02
-1.126363e+00,-1.218752e+02
-9.217660e-01,-8.557952e+01
-7.124700e-01,-5.648960e+01
-5.048250e-01,-3.113600e+01
-2.982976e-01,-2.704829e+00
-9.315450e-02,3.309312e+01
1.185037e-01,7.517120e+01
3.195447e-01,1.165376e+02
5.329428e-01,1.512320e+02
7.631582e-01,1.761408e+02
9.749155e-01,1.992704e+02
1.189888e+00,2.290720e+02
1.410068e+00,2.673248e+02
1.626743e+00,3.095808e+02
1.858518e+00,3.478336e+02
2.070608e+00,3.780800e+02
2.291080e+00,4.025440e+02
2.511679e+00,4.283424e+02
2.735072e+00,4.594784e+02
2.955163e+00,4.968416e+02
3.175000e+00,5.346496e+02
3.394583e+00,5.653408e+02
3.613277e+00,5.875808e+02
3.831971e+00,6.004800e+02
4.013962e+00,6.084864e+02
4.207510e+00,6.147136e+02
4.364228e+00,6.240544e+02
4.485386e+00,6.373984e+02
4.533011e+00,6.516320e+02
4.558538e+00,6.587488e+02
4.560443e+00,6.516320e+02
4.514469e+00,6.325056e+02
4.432173e+00,6.120448e+02
4.313428e+00,5.991456e+02
4.194810e+00,5.942528e+02
4.037965e+00,5.849120e+02
3.881501e+00,5.631168e+02
3.711829e+00,5.279776e+02
3.528314e+00,4.910592e+02
3.332988e+00,4.617024e+02
3.125216e+00,4.425760e+02
2.916936e+00,4.247840e+02
2.709545e+00,3.985408e+02
2.483104e+00,3.616224e+02
2.258441e+00,3.184768e+02
2.031492e+00,2.793344e+02
1.812709e+00,2.481984e+02
1.582598e+00,2.232896e+02
1.353193e+00,1.961568e+02
1.136828e+00,1.614624e+02
9.103106e-01,1.200960e+02
6.911594e-01,7.868512e+01
4.670933e-01,4.301216e+01
2.535047e-01,1.445600e+01
3.251200e-02,-1.098656e+01
-1.751330e-01,-4.056576e+01
-3.877310e-01,-7.726176e+01
-5.962650e-01,-1.196512e+02
-8.058150e-01,-1.587936e+02
-1.012444e+00,-1.917088e+02
-1.227201e+00,-2.183968e+02
-1.440434e+00,-2.450848e+02
-1.652016e+00,-2.775552e+02
-1.876044e+00,-3.166976e+02
-2.086737e+00,-3.580640e+02
-2.293239e+00,-3.972064e+02
-2.507107e+00,-4.292320e+02
-2.715387e+00,-4.568096e+02
-2.925699e+00,-4.848320e+02
-3.126232e+00,-5.159680e+02
-3.339592e+00,-5.528864e+02
-3.564255e+00,-5.915840e+02
-3.751707e+00,-6.267232e+02
-3.963289e+00,-6.547456e+02
-4.163187e+00,-6.729824e+02
-4.337304e+00,-6.827680e+02
-4.499610e+00,-6.885504e+02
-4.637405e+00,-6.943328e+02
-4.749800e+00,-7.032288e+02
-4.825492e+00,-7.125696e+02
-4.851527e+00,-7.161280e+02
-4.840986e+00,-7.072320e+02
-4.806315e+00,-6.858816e+02
-4.734052e+00,-6.565248e+02
-4.610862e+00,-6.293920e+02
-4.474845e+00,-6.075968e+02
-4.301617e+00,-5.906944e+02
-4.126992e+00,-5.715680e+02
-3.901186e+00,-5.444352e+02
-3.687826e+00,-5.079616e+02
-3.450209e+00,-4.670400e+02
-3.237357e+00,-4.283424e+02
-2.985897e+00,-3.949824e+02
-2.763266e+00,-3.674048e+02
-2.531491e+00,-3.389376e+02
-2.302383e+00,-3.046880e+02
-2.082927e+00,-2.628768e+02
-1.865503e+00,-2.197312e+02
-1.659636e+00,-1.805888e+02
-1.445514e+00,-1.467840e+02
-1.240663e+00,-1.178720e+02
-1.030478e+00,-8.820384e+01
-8.256270e-01,-5.390976e+01
-6.158230e-01,-1.685792e+01
-4.070096e-01,2.068320e+01
-2.016379e-01,5.577792e+01
6.629400e-03,8.820384e+01
2.263902e-01,1.178720e+02
4.546981e-01,1.467840e+02
6.712572e-01,1.779200e+02
8.898128e-01,2.130592e+02
1.107669e+00,2.508672e+02
1.328661e+00,2.873408e+02
1.549146e+00,3.211456e+02
1.772031e+00,3.513920e+02
1.983994e+00,3.803040e+02
2.211451e+00,4.105504e+02
2.427605e+00,4.425760e+02
2.657348e+00,4.759360e+02
2.876804e+00,5.088512e+02
3.097276e+00,5.395424e+02
3.316605e+00,5.684544e+02
3.535680e+00,5.964768e+02
3.753993e+00,6.249440e+02
3.971925e+00,6.538560e+02
4.188968e+00,6.809888e+02
4.407154e+00,7.010048e+02
4.612767e+00,7.112352e+02
4.806823e+00,7.116800e+02
4.964811e+00,7.099008e+02
5.124323e+00,7.139040e+02
5.211699e+00,7.276928e+02
5.262499e+00,7.419264e+02
5.277993e+00,7.450400e+02
5.256911e+00,7.290272e+02
5.198364e+00,7.023392e+02
5.103368e+00,6.809888e+02
4.970399e+00,6.743168e+02
4.824984e+00,6.760960e+02
4.679950e+00,6.698688e+02
4.521581e+00,6.436256e+02
4.339717e+00,6.022592e+02
4.170553e+00,5.622272e+02
4.001643e+00,5.377632e+02
3.808857e+00,5.279776e+02
3.590036e+00,5.190816e+02
3.383788e+00,4.950624e+02
3.176905e+00,4.536960e+02
2.958084e+00,4.047680e+02
2.738882e+00,3.625120e+02
2.484374e+00,3.353792e+02
2.259457e+00,3.171424e+02
2.034896e+00,2.944576e+02
1.807616e+00,2.606528e+02
1.581676e+00,2.170624e+02
1.359421e+00,1.725824e+02
1.139240e+00,1.356640e+02
9.249537e-01,1.076416e+02
7.051675e-01,8.202112e+01
4.817237e-01,5.181920e+01
2.657983e-01,1.485632e+01
5.410200e-02,-2.530912e+01
-1.600200e-01,-6.414016e+01
-3.769360e-01,-9.830080e+01
-5.849620e-01,-1.285472e+02
-7.954010e-01,-1.561248e+02
-1.015111e+00,-1.845920e+02
-1.237742e+00,-2.170624e+02
-1.458976e+00,-2.535360e+02
-1.674876e+00,-2.926784e+02
-1.894713e+00,-3.309312e+02
-2.106295e+00,-3.651808e+02
-2.314956e+00,-3.967616e+02
-2.522728e+00,-4.274528e+02
-2.726563e+00,-4.594784e+02
-2.936621e+00,-4.941728e+02
-3.149092e+00,-5.293120e+02
-3.362198e+00,-5.635616e+02
-3.574669e+00,-5.946976e+02
-3.787775e+00,-6.231648e+02
-3.986911e+00,-6.480736e+02
-4.186809e+00,-6.680896e+02
-4.386326e+00,-6.823232e+02
-4.574286e+00,-6.903296e+02
-4.723892e+00,-6.934432e+02
-4.849241e+00,-6.952224e+02
-4.950841e+00,-6.978912e+02
-5.002149e+00,-6.992256e+02
-5.030089e+00,-6.938880e+02
-5.007991e+00,-6.774304e+02
-4.948682e+00,-6.507424e+02
-4.876038e+00,-6.200512e+02
-4.740275e+00,-5.938080e+02
-4.590923e+00,-5.742368e+02
-4.402963e+00,-5.604480e+02
-4.178046e+00,-5.448800e+02
-3.939032e+00,-5.208608e+02
-3.700526e+00,-4.888352e+02
-3.461512e+00,-4.532512e+02
-3.198114e+00,-4.185568e+02
-2.950210e+00,-3.878656e+02
-2.717673e+00,-3.576192e+02
-2.477897e+00,-3.251488e+02
-2.267204e+00,-2.868960e+02
-2.059940e+00,-2.450848e+02
-1.849882e+00,-2.028288e+02
-1.654556e+00,-1.645760e+02
-1.449451e+00,-1.303264e+02
-1.253109e+00,-9.830080e+01
-1.045464e+00,-6.529664e+01
-8.501380e-01,-3.238144e+01
-6.342380e-01,-8.273280e-01
-4.122420e-01,2.886752e+01
-1.957451e-01,5.835776e+01
2.261870e-02,8.958272e+01
2.438781e-01,1.223200e+02
4.686046e-01,1.556800e+02
6.936461e-01,1.903744e+02
9.096629e-01,2.255136e+02
1.120483e+00,2.619872e+02
1.334300e+00,2.980160e+02
1.546987e+00,3.322656e+02
1.772920e+00,3.634016e+02
1.985645e+00,3.900896e+02
2.215134e+00,4.163328e+02
2.434082e+00,4.434656e+02
2.677160e+00,4.741568e+02
2.889504e+00,5.075168e+02
3.108960e+00,5.422112e+02
3.328543e+00,5.746816e+02
3.535299e+00,6.049280e+02
3.753739e+00,6.329504e+02
3.972306e+00,6.583040e+02
4.189857e+00,6.805440e+02
4.394708e+00,6.952224e+02
4.600448e+00,7.001152e+02
4.795266e+00,7.001152e+02
4.954143e+00,7.005600e+02
5.089271e+00,7.103456e+02
5.163693e+00,7.268032e+02
5.202809e+00,7.401472e+02
5.206365e+00,7.388128e+02
5.159502e+00,7.196864e+02
5.076190e+00,6.952224e+02
4.955286e+00,6.792096e+02
4.834382e+00,6.725376e+02
4.689348e+00,6.685344e+02
4.544060e+00,6.520768e+02
4.374134e+00,6.213856e+02
4.204716e+00,5.849120e+02
4.023614e+00,556
3.842893e+00,5.395424e+02
3.637153e+00,5.270880e+02
3.430905e+00,5.066272e+02
3.199765e+00,4.705984e+02
2.980563e+00,4.247840e+02
2.760980e+00,3.807488e+02
2.526919e+00,3.487232e+02
2.288540e+00,3.264832e+02
2.059178e+00,3.060224e+02
1.825904e+00,2.771104e+02
1.600149e+00,2.384128e+02
1.379385e+00,1.948224e+02
1.155408e+00,1.552352e+02
9.388094e-01,1.218752e+02
7.209536e-01,9.309664e+01
4.926711e-01,6.271680e+01
2.808859e-01,2.828928e+01
6.654800e-02,-8.095360e+00
-1.418590e-01,-4.439104e+01
-3.569970e-01,-7.872960e+01
-5.645150e-01,-1.107552e+02
-7.760970e-01,-1.401120e+02
-9.983470e-01,-1.681344e+02
-1.215644e+00,-1.970464e+02
-1.437132e+00,-2.295168e+02
-1.659890e+00,-2.677696e+02
-1.875409e+00,-3.082464e+02
-2.087880e+00,-3.473888e+02
-2.294890e+00,-3.829728e+02
-2.506218e+00,-4.141088e+02
-2.712085e+00,-4.434656e+02
-2.919476e+00,-4.746016e+02
-3.123438e+00,-5.070720e+02
-3.336417e+00,-5.395424e+02
-3.562223e+00,-5.715680e+02
-3.774567e+00,-5.991456e+02
-3.987292e+00,-6.200512e+02
-4.212590e+00,-6.347296e+02
-4.413504e+00,-6.422912e+02
-4.626229e+00,-6.449600e+02
-4.776343e+00,-6.467392e+02
-4.940554e+00,-6.498528e+02
-5.029454e+00,-6.538560e+02
-5.080889e+00,-6.560800e+02
-5.096891e+00,-6.507424e+02
-5.087112e+00,-6.356192e+02
-5.014341e+00,-6.111552e+02
-4.904105e+00,-5.862464e+02
-4.741164e+00,-5.671200e+02
-4.579366e+00,-5.555552e+02
-4.379214e+00,-5.462144e+02
-4.127246e+00,-5.315360e+02
-3.888486e+00,-5.057376e+02
-3.649980e+00,-4.714880e+02
-3.398012e+00,-4.327904e+02
-3.147314e+00,-3.980960e+02
-2.922397e+00,-3.678496e+02
-2.677414e+00,-3.389376e+02
-2.471420e+00,-3.064672e+02
-2.245614e+00,-2.677696e+02
-2.040382e+00,-2.232896e+02
-1.844802e+00,-1.801440e+02
-1.641856e+00,-1.418912e+02
-1.438783e+00,-1.103104e+02
-1.239393e+00,-8.251040e+01
-1.025525e+00,-5.439904e+01
-8.130540e-01,-2.530912e+01
-6.002020e-01,5.528864e+00
-3.874770e-01,3.829728e+01
-1.548257e-01,7.241344e+01
6.049010e-02,1.063072e+02
2.776093e-01,1.387776e+02
4.992116e-01,1.703584e+02
7.109612e-01,2.028288e+02
9.285859e-01,2.384128e+02
1.142873e+00,2.762208e+02
1.358544e+00,3.126944e+02
1.571244e+00,3.442752e+02
1.791843e+00,3.709632e+02
2.020570e+00,3.945376e+02
2.245487e+00,4.203360e+02
2.468626e+00,4.514720e+02
2.693797e+00,4.861664e+02
2.926334e+00,5.221952e+02
3.133852e+00,5.551104e+02
3.365754e+00,5.844672e+02
3.572637e+00,6.124896e+02
3.777488e+00,6.391776e+02
3.995420e+00,6.649760e+02
4.212971e+00,6.872160e+02
4.431411e+00,7.014496e+02
4.637659e+00,7.063424e+02
4.844796e+00,7.054528e+02
4.990592e+00,7.076768e+02
5.126228e+00,7.187968e+02
5.225923e+00,7.374784e+02
5.251831e+00,7.526016e+02
5.241417e+00,7.499328e+02
5.194808e+00,7.285824e+02
5.122926e+00,7.010048e+02
5.015357e+00,6.836576e+02
4.869688e+00,6.809888e+02
4.736592e+00,6.832128e+02
4.580128e+00,6.720928e+02
4.409440e+00,6.405120e+02
4.240530e+00,5.982560e+02
4.071366e+00,5.631168e+02
3.878199e+00,5.439904e+02
3.684651e+00,5.346496e+02
3.465957e+00,5.199712e+02
3.259709e+00,4.883904e+02
3.041015e+00,4.421312e+02
2.809748e+00,3.958720e+02
2.586609e+00,3.607328e+02
2.344928e+00,3.393824e+02
2.118868e+00,3.220352e+02
1.888147e+00,2.957920e+02
1.664449e+00,2.566496e+02
1.435273e+00,2.103904e+02
1.219378e+00,1.663552e+02
9.994278e-01,1.321056e+02
7.804023e-01,1.058624e+02
5.627243e-01,7.970816e+01
3.368421e-01,4.826080e+01
1.197610e-01,1.151142e+01
-9.652000e-02,-2.637664e+01
-3.024759e-01,-6.151584e+01
-5.116830e-01,-9.296320e+01
-7.251700e-01,-1.218752e+02
-9.476740e-01,-1.503424e+02
-1.158240e+00,-1.814784e+02
-1.383284e+00,-2.179520e+02
-1.601597e+00,-2.566496e+02
-1.819148e+00,-2.962368e+02
-2.023872e+00,-3.318208e+02
-2.239899e+00,-3.638464e+02
-2.452878e+00,-3.932032e+02
-2.662174e+00,-4.230048e+02
-2.881249e+00,-4.541408e+02
-3.098800e+00,-4.857216e+02
-3.312160e+00,-5.168576e+02
-3.524504e+00,-5.444352e+02
-3.749929e+00,-5.706784e+02
-3.974973e+00,-5.938080e+02
-4.201033e+00,-6.156032e+02
-4.413631e+00,-6.342848e+02
-4.626229e+00,-6.471840e+02
-4.814189e+00,-6.543008e+02
-4.977892e+00,-6.574144e+02
-5.103495e+00,-6.596384e+02
-5.193030e+00,-6.627520e+02
-5.232781e+00,-6.627520e+02
-5.248529e+00,-6.543008e+02
-5.214112e+00,-6.338400e+02
-5.154295e+00,-6.053728e+02
-5.056505e+00,-5.760160e+02
-4.919218e+00,-5.542208e+02
-4.731512e+00,-5.422112e+02
-4.518152e+00,-5.346496e+02
-4.291711e+00,-5.235296e+02
-4.040378e+00,-5.026240e+02
-3.763137e+00,-4.723776e+02
-3.523869e+00,-4.385728e+02
-3.260217e+00,-4.052128e+02
-3.008884e+00,-3.754112e+02
-2.759964e+00,-3.456096e+02
-2.548890e+00,-3.131392e+02
-2.324481e+00,-2.735520e+02
-2.119630e+00,-2.295168e+02
-1.924177e+00,-1.859264e+02
-1.741297e+00,-1.454496e+02
-1.546987e+00,-1.116448e+02
-1.343279e+00,-8.090912e+01
-1.143508e+00,-5.244192e+01
-9.340850e-01,-2.535360e+01
-7.175500e-01,1.770304e+00
-5.017770e-01,2.975712e+01
-2.766568e-01,6.102656e+01
-4.792980e-02,9.443104e+01
1.812290e-01,1.289920e+02
4.025138e-01,1.623520e+02
6.126950e-01,1.961568e+02
8.328787e-01,2.321856e+02
1.048423e+00,2.695488e+02
1.262024e+00,3.069120e+02
1.473454e+00,3.398272e+02
1.699768e+00,3.669600e+02
1.918335e+00,3.896448e+02
2.145665e+00,4.127744e+02
2.370455e+00,4.403520e+02
2.599436e+00,4.737120e+02
2.827909e+00,5.101856e+02
3.048254e+00,5.457696e+02
3.267202e+00,5.782400e+02
3.473958e+00,6.071520e+02
3.692017e+00,6.338400e+02
3.897503e+00,6.587488e+02
4.115435e+00,6.800992e+02
4.346829e+00,6.934432e+02
4.540123e+00,6.974464e+02
4.734179e+00,6.965568e+02
4.906137e+00,6.978912e+02
5.028438e+00,7.090112e+02
5.127625e+00,7.276928e+02
5.179060e+00,7.432608e+02
5.169027e+00,7.437056e+02
5.121783e+00,7.263584e+02
5.050917e+00,7.027840e+02
4.954651e+00,6.841024e+02
4.821174e+00,6.756512e+02
4.687697e+00,6.685344e+02
4.530217e+00,6.529664e+02
4.359910e+00,6.258336e+02
4.191508e+00,5.951424e+02
4.023106e+00,5.680096e+02
3.817366e+00,5.488832e+02
3.624453e+00,5.306464e+02
3.393948e+00,5.052928e+02
3.150235e+00,4.688192e+02
2.918079e+00,4.265632e+02
2.703195e+00,3.874208e+02
2.475230e+00,3.571744e+02
2.248408e+00,3.327104e+02
2.014677e+00,3.086912e+02
1.785556e+00,278
1.558353e+00,2.401920e+02
1.345781e+00,1.992704e+02
1.110844e+00,1.605728e+02
8.911209e-01,1.258784e+02
6.789166e-01,9.474240e+01
4.589907e-01,6.325056e+01
2.409317e-01,2.966816e+01
2.171700e-02,-3.808822e+00
-1.870710e-01,-3.700736e+01
-3.982720e-01,-6.938880e+01
-6.102350e-01,-1.014144e+02
-8.322310e-01,-1.312160e+02
-1.042924e+00,-1.605728e+02
-1.264666e+00,-1.908192e+02
-1.486408e+00,-2.246240e+02
-1.703324e+00,-2.624320e+02
-1.917446e+00,-3.024640e+02
-2.134362e+00,-3.411616e+02
-2.337308e+00,-3.763008e+02
-2.549525e+00,-4.065472e+02
-2.758186e+00,-4.354592e+02
-2.959989e+00,-4.639264e+02
-3.186049e+00,-4.937280e+02
-3.399409e+00,-5.239744e+02
-3.624072e+00,-5.524416e+02
-3.849370e+00,-5.769056e+02
-4.075557e+00,-5.964768e+02
-4.301109e+00,-6.089312e+02
-4.526915e+00,-6.160480e+02
-4.727321e+00,-6.178272e+02
-4.916678e+00,-6.187168e+02
-5.055235e+00,-6.218304e+02
-5.170297e+00,-6.267232e+02
-5.223129e+00,-6.302816e+02
-5.225923e+00,-6.253888e+02
-5.203317e+00,-6.093760e+02
-5.116957e+00,-5.853568e+02
-5.006086e+00,-5.617824e+02
-4.855718e+00,-5.457696e+02
-4.668520e+00,-5.382080e+02
-4.442206e+00,-5.324256e+02
-4.203192e+00,-5.195264e+02
-3.963924e+00,-4.950624e+02
-3.712337e+00,-4.603680e+02
-3.461004e+00,-4.234496e+02
-3.209417e+00,-3.892000e+02
-2.971292e+00,-3.598432e+02
-2.742438e+00,-3.318208e+02
-2.526538e+00,-2.989056e+02
-2.321179e+00,-2.584288e+02
-2.114931e+00,-2.135040e+02
-1.912366e+00,-1.699136e+02
-1.719834e+00,-1.325504e+02
-1.513459e+00,-1.027488e+02
-1.304163e+00,-7.703936e+01
-1.093978e+00,-5.110752e+01
-8.831580e-01,-2.344096e+01
-6.700520e-01,7.410368e+00
-4.475480e-01,4.047680e+01
-2.263267e-01,7.512672e+01
3.683000e-03,1.089760e+02
2.160143e-01,1.410016e+02
4.317365e-01,1.716928e+02
6.481508e-01,2.050528e+02
8.622030e-01,2.419712e+02
1.079830e+00,2.802240e+02
1.298270e+00,3.158080e+02
1.511148e+00,3.451648e+02
1.728470e+00,3.696288e+02
1.956943e+00,3.923136e+02
2.188591e+00,4.181120e+02
2.417445e+00,4.501376e+02
2.640711e+00,4.861664e+02
2.864866e+00,5.221952e+02
3.084703e+00,5.546656e+02
3.290824e+00,5.840224e+02
3.510534e+00,6.107104e+02
3.728974e+00,6.373984e+02
3.946906e+00,6.631968e+02
4.164457e+00,6.849920e+02
4.369689e+00,6.996704e+02
4.589399e+00,7.054528e+02
4.783709e+00,7.067872e+02
4.966335e+00,7.099008e+02
5.101082e+00,7.205760e+02
5.188204e+00,7.392576e+02
5.238242e+00,7.543808e+02
5.240528e+00,7.548256e+02
5.218303e+00,7.370336e+02
5.134229e+00,7.116800e+02
5.025390e+00,6.938880e+02
4.917821e+00,6.894400e+02
4.784217e+00,6.894400e+02
4.627245e+00,6.774304e+02
4.456811e+00,6.489632e+02
4.313047e+00,6.107104e+02
4.143883e+00,5.782400e+02
3.937762e+00,5.577792e+02
3.744976e+00,5.457696e+02
3.526028e+00,5.288672e+02
3.321177e+00,4.972864e+02
3.102229e+00,4.545856e+02
2.858389e+00,4.109952e+02
2.633345e+00,3.771904e+02
2.387981e+00,3.536160e+02
2.167128e+00,3.336000e+02
1.927339e+00,3.064672e+02
1.709598e+00,2.677696e+02
1.485952e+00,2.228448e+02
1.274331e+00,1.796992e+02
1.045489e+00,1.458944e+02
8.271637e-01,1.192064e+02
6.083935e-01,9.216256e+01
3.923665e-01,6.071520e+01
1.630680e-01,2.441952e+01
-5.422900e-02,-1.169824e+01
-2.668270e-01,-4.505824e+01
-4.833620e-01,-7.548256e+01
-6.882130e-01,-1.054176e+02
-9.091930e-01,-1.369984e+02
-1.121664e+00,-1.703584e+02
-1.332484e+00,-2.059424e+02
-1.549400e+00,-2.424160e+02
-1.757426e+00,-2.788896e+02
-1.976628e+00,-3.131392e+02
-2.187194e+00,-3.460544e+02
-2.413000e+00,-3.771904e+02
-2.622296e+00,-4.074368e+02
-2.848229e+00,-4.372384e+02
-3.061208e+00,-4.661504e+02
-3.273552e+00,-4.937280e+02
-3.499866e+00,-5.208608e+02
-3.725164e+00,-5.466592e+02
-3.963289e+00,-5.715680e+02
-4.176141e+00,-5.942528e+02
-4.401693e+00,-6.120448e+02
-4.601591e+00,-6.227200e+02
-4.789932e+00,-6.276128e+02
-4.940554e+00,-6.293920e+02
-5.067300e+00,-6.316160e+02
-5.157597e+00,-6.338400e+02
-5.185029e+00,-6.329504e+02
-5.213731e+00,-6.222752e+02
-5.166741e+00,-6.000352e+02
-5.081397e+00,-5.702336e+02
-4.982083e+00,-5.439904e+02
-4.819904e+00,-5.270880e+02
-4.632071e+00,-5.204160e+02
-4.405757e+00,-5.164128e+02
-4.153408e+00,-5.052928e+02
-3.901948e+00,-4.826080e+02
-3.649853e+00,-4.496928e+02
-3.385820e+00,-4.141088e+02
-3.134106e+00,-3.807488e+02
-2.880360e+00,-3.509472e+02
-2.654173e+00,-3.215904e+02
-2.431288e+00,-2.873408e+02
-2.225548e+00,-2.459744e+02
-2.024507e+00,-2.001600e+02
-1.833753e+00,-1.556800e+02
-1.640459e+00,-1.174272e+02
-1.454023e+00,-8.646912e+01
-1.256284e+00,-5.960320e+01
-1.046861e+00,-3.509472e+01
-8.235950e-01,-1.029267e+01
-5.984240e-01,1.716928e+01
-3.825240e-01,4.821632e+01
-1.545971e-01,8.268832e+01
7.086600e-02,1.174272e+02
2.977134e-01,1.507872e+02
5.111115e-01,1.828128e+02
7.297737e-01,2.175072e+02
9.452229e-01,2.548704e+02
1.157757e+00,2.935680e+02
1.367803e+00,3.291520e+02
1.583055e+00,3.580640e+02
1.801749e+00,3.803040e+02
2.032381e+00,4.007648e+02
2.268093e+00,4.256736e+02
2.494026e+00,4.572544e+02
2.718943e+00,4.946176e+02
2.939415e+00,5.324256e+02
3.145663e+00,5.662304e+02
3.377311e+00,5.951424e+02
3.583178e+00,6.213856e+02
3.788537e+00,6.467392e+02
4.007358e+00,6.698688e+02
4.212082e+00,6.863264e+02
4.431792e+00,6.934432e+02
4.638040e+00,6.934432e+02
4.821428e+00,6.934432e+02
4.967732e+00,7.014496e+02
5.078984e+00,7.183520e+02
5.129784e+00,7.370336e+02
5.143754e+00,7.437056e+02
5.108702e+00,7.308064e+02
5.049139e+00,7.050080e+02
4.953889e+00,6.823232e+02
4.832858e+00,6.712032e+02
4.674743e+00,6.680896e+02
4.529963e+00,6.600832e+02
4.361053e+00,6.378432e+02
4.191889e+00,6.031488e+02
4.023360e+00,5.688992e+02
3.829939e+00,5.444352e+02
3.623945e+00,5.279776e+02
3.405251e+00,5.101856e+02
3.187065e+00,4.817184e+02
2.980309e+00,4.403520e+02
2.729103e+00,3.963168e+02
2.506853e+00,3.589536e+02
2.274570e+00,3.327104e+02
2.038350e+00,3.122496e+02
1.820494e+00,2.873408e+02
1.589519e+00,2.530912e+02
1.363683e+00,2.112800e+02
1.142937e+00,1.685792e+02
9.242552e-01,1.307712e+02
7.033895e-01,9.919040e+01
4.833747e-01,7.041184e+01
2.658999e-01,3.932032e+01
5.486400e-02,5.942528e+00
-1.637030e-01,-2.864512e+01
-3.832860e-01,-6.302816e+01
-5.896610e-01,-9.563200e+01
-8.068310e-01,-1.254336e+02
-1.028319e+00,-1.525664e+02
-1.241298e+00,-1.805888e+02
-1.464310e+00,-2.126144e+02
-1.677670e+00,-2.508672e+02
-1.889506e+00,-2.922336e+02
-2.098802e+00,-3.322656e+02
-2.316734e+00,-3.674048e+02
-2.523109e+00,-3.980960e+02
-2.733040e+00,-4.256736e+02
-2.951988e+00,-4.541408e+02
-3.161284e+00,-4.834976e+02
-3.386455e+00,-5.141888e+02
-3.599688e+00,-5.422112e+02
-3.824732e+00,-5.671200e+02
-4.063238e+00,-5.875808e+02
-4.288917e+00,-6.067072e+02
-4.527423e+00,-6.267232e+02
-4.765929e+00,-6.454048e+02
-5.017516e+00,-6.614176e+02
-5.243576e+00,-6.694240e+02
-5.444744e+00,-6.680896e+02
-5.634990e+00,-6.583040e+02
-5.801106e+00,-6.449600e+02
-5.929503e+00,-6.307264e+02
-6.010148e+00,-6.129344e+02
-6.090666e+00,-5.871360e+02
-6.107811e+00,-5.515520e+02
-6.073648e+00,-5.101856e+02
-6.000115e+00,-4.754912e+02
-5.850509e+00,-4.572544e+02
-5.674360e+00,-4.590336e+02
-5.421503e+00,-4.723776e+02
-5.130292e+00,-4.843872e+02
-4.813935e+00,-4.834976e+02
-4.497578e+00,-4.661504e+02
-4.181348e+00,-4.372384e+02
-3.878580e+00,-4.038784e+02
-3.613658e+00,-3.714080e+02
-3.350260e+00,-3.393824e+02
-3.151632e+00,-3.029088e+02
-2.948686e+00,-2.597632e+02
-2.769108e+00,-2.103904e+02
-2.610358e+00,-1.601280e+02
-2.437257e+00,-1.174272e+02
-2.265553e+00,-8.638016e+01
-2.059813e+00,-6.760960e+01
-1.849501e+00,-5.560000e+01
-1.609725e+00,-4.323456e+01
-1.364615e+00,-2.570944e+01
-1.110742e+00,-4.448000e-01
-8.783320e-01,3.336000e+01
-6.330950e-01,7.370336e+01
-4.139692e-01,1.152032e+02
-1.974723e-01,1.547904e+02
6.667500e-03,1.903744e+02
2.138388e-01,2.246240e+02
4.154678e-01,2.602080e+02
6.198489e-01,2.935680e+02
8.359775e-01,3.215904e+02
1.067600e+00,3.411616e+02
1.309497e+00,3.562848e+02
1.547495e+00,3.736320e+02
1.794383e+00,4.020992e+02
2.035810e+00,4.399072e+02
2.261108e+00,4.839424e+02
2.475992e+00,5.253088e+02
2.693035e+00,5.591136e+02
2.890520e+00,5.849120e+02
3.109341e+00,6.067072e+02
3.328797e+00,6.271680e+02
3.548253e+00,6.471840e+02
3.767455e+00,6.667552e+02
4.011549e+00,6.854368e+02
4.241800e+00,7.063424e+02
4.486148e+00,7.316960e+02
4.691888e+00,7.592736e+02
4.935982e+00,7.850720e+02
5.141976e+00,8.006400e+02
5.336794e+00,8.041984e+02
5.508117e+00,7.979712e+02
5.655945e+00,7.917440e+02
5.768594e+00,7.930784e+02
5.845175e+00,8.010848e+02
5.860923e+00,8.068672e+02
5.851017e+00,8.015296e+02
5.805932e+00,7.859616e+02
5.723128e+00,7.699488e+02
5.589397e+00,7.610528e+02
5.444236e+00,7.566048e+02
5.286502e+00,7.445952e+02
5.128514e+00,7.183520e+02
4.946650e+00,6.805440e+02
4.764786e+00,6.445152e+02
4.571111e+00,6.200512e+02
4.366133e+00,6.075968e+02
4.148328e+00,5.964768e+02
3.932174e+00,5.746816e+02
3.714242e+00,5.386528e+02
3.496691e+00,4.950624e+02
3.278886e+00,4.545856e+02
3.034919e+00,4.230048e+02
2.790317e+00,3.989856e+02
2.562987e+00,3.736320e+02
2.338197e+00,3.420512e+02
2.119135e+00,3.046880e+02
1.888769e+00,2.664352e+02
1.666977e+00,2.330752e+02
1.438948e+00,2.063872e+02
1.225131e+00,1.805888e+02
9.907397e-01,1.503424e+02
7.769225e-01,1.120896e+02
5.552313e-01,6.956672e+01
3.445510e-01,2.935680e+01
1.192530e-01,-3.549504e+00
-9.144000e-02,-2.989056e+01
-3.122422e-01,-5.675648e+01
-5.253990e-01,-8.887104e+01
-7.378700e-01,-1.245440e+02
-9.659620e-01,-1.583488e+02
-1.189228e+00,-1.872608e+02
-1.404366e+00,-2.117248e+02
-1.630680e+00,-2.397472e+02
-1.861566e+00,-2.731072e+02
-2.070989e+00,-3.131392e+02
-2.287016e+00,-3.549504e+02
-2.508123e+00,-3.932032e+02
-2.711450e+00,-4.247840e+02
-2.933192e+00,-4.505824e+02
-3.148457e+00,-4.741568e+02
-3.361055e+00,-4.995104e+02
-3.599307e+00,-5.266432e+02
-3.837559e+00,-5.537760e+02
-4.063492e+00,-5.760160e+02
-4.328414e+00,-5.915840e+02
-4.579620e+00,-6.013696e+02
-4.844288e+00,-6.071520e+02
-5.109083e+00,-6.102656e+02
-5.387594e+00,-6.093760e+02
-5.653278e+00,-6.013696e+02
-5.920867e+00,-5.844672e+02
-6.176518e+00,-5.595584e+02
-6.394831e+00,-5.324256e+02
-6.564757e+00,-5.084064e+02
-6.682740e+00,-4.897248e+02
-6.724015e+00,-4.759360e+02
-6.714363e+00,-4.661504e+02
-6.627114e+00,-4.603680e+02
-6.450711e+00,-4.608128e+02
-6.247511e+00,-4.688192e+02
-5.981065e+00,-4.803840e+02
-5.676011e+00,-4.879456e+02
-5.359527e+00,-4.821632e+02
-5.055489e+00,-4.612576e+02
-4.765040e+00,-4.270080e+02
-4.487291e+00,-3.878656e+02
-4.249547e+00,-3.500576e+02
-4.036949e+00,-3.158080e+02
-3.837686e+00,-2.828928e+02
-3.650361e+00,-2.490880e+02
-3.451479e+00,-2.130592e+02
-3.251835e+00,-1.792544e+02
-3.053080e+00,-1.512320e+02
-2.830957e+00,-1.334400e+02
-2.593213e+00,-1.200960e+02
-2.350770e+00,-1.054176e+02
-2.092452e+00,-8.317760e+01
-1.860931e+00,-5.190816e+01
-1.624711e+00,-1.605728e+01
-1.397889e+00,2.139488e+01
-1.192149e+00,5.924736e+01
-9.901047e-01,9.652160e+01
-7.695438e-01,1.321056e+02
-5.803646e-01,1.632416e+02
-3.660521e-01,1.908192e+02
-1.588935e-01,2.148384e+02
7.979410e-02,2.388576e+02
3.237738e-01,2.619872e+02
5.630291e-01,2.877856e+02
8.064881e-01,3.162528e+02
1.043521e+00,3.464992e+02
1.273048e+00,3.803040e+02
1.506474e+00,4.149984e+02
1.710817e+00,4.505824e+02
1.927225e+00,4.839424e+02
2.150745e+00,5.137440e+02
2.375662e+00,5.373184e+02
2.603754e+00,5.573344e+02
2.823464e+00,5.746816e+02
3.057017e+00,5.938080e+02
3.302000e+00,6.164928e+02
3.520440e+00,6.431808e+02
3.764280e+00,6.720928e+02
3.982974e+00,7.005600e+02
4.213352e+00,7.272480e+02
4.430903e+00,7.512672e+02
4.649343e+00,7.735072e+02
4.881499e+00,7.926336e+02
5.114163e+00,8.073120e+02
5.334381e+00,8.153184e+02
5.542280e+00,8.162080e+02
5.739511e+00,8.144288e+02
5.910961e+00,8.166528e+02
6.059805e+00,8.264384e+02
6.147054e+00,8.424512e+02
6.198616e+00,8.557952e+02
6.200902e+00,8.549056e+02
6.179185e+00,8.380032e+02
6.120765e+00,8.153184e+02
6.025388e+00,7.997504e+02
5.905119e+00,7.953024e+02
5.759069e+00,7.917440e+02
5.626354e+00,7.779552e+02
5.456428e+00,7.490432e+02
5.299329e+00,7.130144e+02
5.092700e+00,6.827680e+02
4.911598e+00,6.636416e+02
4.705858e+00,6.502976e+02
4.476623e+00,6.333952e+02
4.259707e+00,6.035936e+02
4.018280e+00,5.640064e+02
3.800856e+00,5.235296e+02
3.558032e+00,4.919488e+02
3.340862e+00,4.688192e+02
3.096514e+00,4.488032e+02
2.852166e+00,4.225600e+02
2.634361e+00,3.865312e+02
2.409444e+00,3.447200e+02
2.185543e+00,3.051328e+02
1.964500e+00,2.722176e+02
1.743977e+00,2.450848e+02
1.520566e+00,2.183968e+02
1.300161e+00,1.872608e+02
1.076985e+00,1.507872e+02
8.546211e-01,1.129792e+02
6.314313e-01,7.779552e+01
4.012565e-01,4.759360e+01
1.743710e-01,2.023840e+01
-4.381500e-02,-8.486784e+00
-2.636520e-01,-4.252288e+01
-4.776470e-01,-8.113152e+01
-6.922770e-01,-1.209856e+02
-9.076690e-01,-1.561248e+02
-1.127125e+00,-1.841472e+02
-1.347597e+00,-2.077216e+02
-1.572895e+00,-2.326304e+02
-1.800479e+00,-2.633216e+02
-2.017776e+00,-2.989056e+02
-2.253615e+00,-3.344896e+02
-2.489200e+00,-3.651808e+02
-2.720848e+00,-3.896448e+02
-2.948178e+00,-4.105504e+02
-3.188970e+00,-4.336800e+02
-3.414776e+00,-4.612576e+02
-3.653409e+00,-4.923936e+02
-3.879342e+00,-5.226400e+02
-4.104894e+00,-5.479936e+02
-4.343146e+00,-5.657856e+02
-4.595114e+00,-5.773504e+02
-4.847590e+00,-5.862464e+02
-5.112258e+00,-5.915840e+02
-5.377815e+00,-5.920288e+02
-5.657723e+00,-5.804640e+02
-5.949823e+00,-556
-6.207379e+00,-5.208608e+02
-6.451854e+00,-4.826080e+02
-6.658229e+00,-4.523616e+02
-6.789166e+00,-4.354592e+02
-6.867271e+00,-4.314560e+02
-6.843522e+00,-4.381280e+02
-6.741541e+00,-4.488032e+02
-6.562471e+00,-4.625920e+02
-6.320028e+00,-4.763808e+02
-6.053328e+00,-4.870560e+02
-5.722874e+00,-4.883904e+02
-5.419217e+00,-4.759360e+02
-5.117338e+00,-4.474688e+02
-4.841240e+00,-4.074368e+02
-4.603623e+00,-3.629568e+02
-4.391406e+00,-3.224800e+02
-4.191508e+00,-2.868960e+02
-3.979418e+00,-2.575392e+02
-3.792474e+00,-2.317408e+02
-3.592195e+00,-2.077216e+02
-3.380359e+00,-1.868160e+02
-3.141980e+00,-1.690240e+02
-2.900934e+00,-1.539008e+02
-2.638298e+00,-1.383328e+02
-2.391664e+00,-1.165376e+02
-2.147062e+00,-8.557952e+01
-1.901444e+00,-4.821632e+01
-1.688973e+00,-8.273280e+00
-1.480947e+00,3.149184e+01
-1.282954e+00,6.934432e+01
-1.098677e+00,1.045280e+02
-8.944610e-01,1.343296e+02
-6.883019e-01,1.583488e+02
-4.671568e-01,1.765856e+02
-2.321611e-01,1.952672e+02
2.490470e-02,2.175072e+02
2.665336e-01,2.450848e+02
5.167884e-01,2.771104e+02
7.567295e-01,3.118048e+02
1.003135e+00,3.464992e+02
1.225296e+00,3.807488e+02
1.436497e+00,4.145536e+02
1.645158e+00,4.465792e+02
1.861947e+00,4.750464e+02
2.073910e+00,4.986208e+02
2.298446e+00,5.186368e+02
2.521966e+00,5.355392e+02
2.752090e+00,5.537760e+02
3.009900e+00,5.769056e+02
3.241675e+00,6.058176e+02
3.461131e+00,6.373984e+02
3.692906e+00,6.680896e+02
3.909949e+00,6.961120e+02
4.154043e+00,7.192416e+02
4.359021e+00,7.397024e+02
4.577715e+00,7.579392e+02
4.797171e+00,7.739520e+02
5.029581e+00,7.886304e+02
5.262499e+00,7.984160e+02
5.483479e+00,8.033088e+02
5.691886e+00,8.064224e+02
5.863971e+00,8.117600e+02
5.999226e+00,8.233248e+02
6.086094e+00,8.397824e+02
6.137275e+00,8.522368e+02
6.164707e+00,8.513472e+02
6.116828e+00,834
6.046343e+00,8.104256e+02
5.963285e+00,7.939680e+02
5.855208e+00,7.895200e+02
5.709539e+00,7.881856e+02
5.551551e+00,7.761760e+02
5.394706e+00,7.485984e+02
5.224526e+00,7.116800e+02
5.042662e+00,6.787648e+02
4.849114e+00,6.574144e+02
4.656582e+00,6.445152e+02
4.426585e+00,6.289472e+02
4.197350e+00,6.013696e+02
3.968242e+00,5.626720e+02
3.738245e+00,5.221952e+02
3.521202e+00,4.901696e+02
3.277997e+00,4.665952e+02
3.046603e+00,4.465792e+02
2.805938e+00,4.203360e+02
2.583307e+00,3.834176e+02
2.358517e+00,3.407168e+02
2.134921e+00,2.997952e+02
1.912315e+00,2.673248e+02
1.697342e+00,2.415264e+02
1.474041e+00,2.175072e+02
1.244752e+00,1.877056e+02
1.022032e+00,1.512320e+02
7.854569e-01,1.125344e+02
5.725033e-01,7.650560e+01
3.508756e-01,4.545856e+01
1.228090e-01,1.796992e+01
-9.740900e-02,-1.036384e+01
-3.116580e-01,-4.394624e+01
-5.354320e-01,-8.304416e+01
-7.388860e-01,-1.232096e+02
-9.645650e-01,-1.574592e+02
-1.183386e+00,-1.837024e+02
-1.412240e+00,-2.050528e+02
-1.629283e+00,-2.281824e+02
-1.855978e+00,-2.584288e+02
-2.103628e+00,-2.940128e+02
-2.325878e+00,-3.295968e+02
-2.556002e+00,-3.607328e+02
-2.790698e+00,-3.860864e+02
-3.022092e+00,-4.078816e+02
-3.265297e+00,-4.310112e+02
-3.491103e+00,-4.576992e+02
-3.716909e+00,-4.870560e+02
-3.955415e+00,-5.146336e+02
-4.181602e+00,-5.355392e+02
-4.433443e+00,-5.488832e+02
-4.685792e+00,-5.564448e+02
-4.950714e+00,-5.604480e+02
-5.241163e+00,-5.626720e+02
-5.520563e+00,-5.595584e+02
-5.812409e+00,-5.462144e+02
-6.106414e+00,-5.217504e+02
-6.374257e+00,-4.897248e+02
-6.618732e+00,-4.581440e+02
-6.799453e+00,-4.376832e+02
-6.916420e+00,-4.323456e+02
-6.956552e+00,-4.394624e+02
-6.919214e+00,-4.523616e+02
-6.804533e+00,-4.643712e+02
-6.625209e+00,-4.732672e+02
-6.371082e+00,-4.794944e+02
-6.091428e+00,-4.812736e+02
-5.812282e+00,-4.768256e+02
-5.509133e+00,-4.608128e+02
-5.232654e+00,-4.323456e+02
-4.968494e+00,-3.940928e+02
-4.744212e+00,-3.527264e+02
-4.519168e+00,-3.144736e+02
-4.306697e+00,-2.846720e+02
-4.106672e+00,-2.615424e+02
-3.893820e+00,-2.419712e+02
-3.668014e+00,-2.228448e+02
-3.442843e+00,-2.023840e+02
-3.217291e+00,-1.810336e+02
-2.968879e+00,-1.592384e+02
-2.703703e+00,-1.374432e+02
-2.459990e+00,-1.116448e+02
-2.227834e+00,-8.033088e+01
-2.001266e+00,-4.465792e+01
-1.783969e+00,-7.179072e+00
-1.588643e+00,3.024640e+01
-1.382141e+00,6.587488e+01
-1.182116e+00,9.741120e+01
-9.733153e-01,1.236544e+02
-7.675880e-01,1.432256e+02
-5.358892e-01,1.614624e+02
-2.951099e-01,1.828128e+02
-4.645152e-02,2.103904e+02
1.987804e-01,2.433056e+02
4.424934e-01,278
6.814185e-01,3.109152e+02
9.137269e-01,3.424960e+02
1.129030e+00,3.740768e+02
1.355725e+00,4.052128e+02
1.568069e+00,4.367936e+02
1.779397e+00,4.652608e+02
1.998091e+00,4.883904e+02
2.227580e+00,5.075168e+02
2.475865e+00,5.257536e+02
2.701544e+00,5.466592e+02
2.948686e+00,5.729024e+02
3.168523e+00,6.035936e+02
3.400298e+00,6.347296e+02
3.618992e+00,6.631968e+02
3.837178e+00,6.876608e+02
4.055237e+00,7.085664e+02
4.286123e+00,7.276928e+02
4.505071e+00,7.463744e+02
4.737735e+00,7.646112e+02
4.970399e+00,7.815136e+02
5.190744e+00,7.935232e+02
5.410454e+00,7.997504e+02
5.619242e+00,8.028640e+02
5.802884e+00,8.073120e+02
5.938774e+00,8.175424e+02
6.025388e+00,8.322208e+02
6.075426e+00,8.442304e+02
6.102604e+00,8.442304e+02
6.068568e+00,8.286624e+02
5.997067e+00,8.064224e+02
5.901055e+00,7.877408e+02
5.781294e+00,7.775104e+02
5.636260e+00,7.712832e+02
5.465953e+00,7.588288e+02
5.296408e+00,7.352544e+02
5.115052e+00,7.041184e+02
4.908677e+00,6.720928e+02
4.691634e+00,6.454048e+02
4.486529e+00,6.240544e+02
4.245102e+00,6.031488e+02
4.003548e+00,5.755712e+02
3.786886e+00,5.417664e+02
3.543808e+00,5.057376e+02
3.326257e+00,4.728224e+02
3.069971e+00,4.452448e+02
2.839466e+00,4.190016e+02
2.634234e+00,3.905344e+02
2.394839e+00,3.558400e+02
2.175637e+00,3.171424e+02
1.955152e+00,2.797792e+02
1.731048e+00,2.473088e+02
1.509023e+00,2.188416e+02
1.283081e+00,1.912640e+02
1.059548e+00,1.614624e+02
8.338312e-01,1.267680e+02
6.091809e-01,9.073920e+01
3.852037e-01,5.568896e+01
1.670050e-01,2.401920e+01
-6.375400e-02,-4.860774e+00
-2.767330e-01,-3.487232e+01
-4.916043e-01,-6.898848e+01
-7.100570e-01,-1.071968e+02
-9.331960e-01,-1.441152e+02
-1.141222e+00,-1.748064e+02
-1.364488e+00,-1.992704e+02
-1.589786e+00,-2.224000e+02
-1.823720e+00,-2.490880e+02
-2.054733e+00,-2.806688e+02
-2.278634e+00,-3.153632e+02
-2.514854e+00,-3.482784e+02
-2.751074e+00,-3.763008e+02
-2.987548e+00,-3.989856e+02
-3.215640e+00,-4.207808e+02
-3.454400e+00,-4.439104e+02
-3.680079e+00,-4.697088e+02
-3.918839e+00,-4.959520e+02
-4.170426e+00,-5.186368e+02
-4.409948e+00,-5.355392e+02
-4.662043e+00,-5.453248e+02
-4.926203e+00,-5.511072e+02
-5.204079e+00,-5.546656e+02
-5.508625e+00,-5.568896e+02
-5.799963e+00,-5.577792e+02
-6.116447e+00,-5.555552e+02
-6.434201e+00,-5.506624e+02
-6.764147e+00,-5.435456e+02
-7.082409e+00,-5.377632e+02
-7.413371e+00,-5.342048e+02
-7.744460e+00,-5.342048e+02
-8.063611e+00,-5.364288e+02
-8.382762e+00,-5.368736e+02
-8.716137e+00,-5.333152e+02
-9.035796e+00,-5.248640e+02
-9.355328e+00,-5.119648e+02
-9.687306e+00,-4.959520e+02
-1.001966e+01,-4.799392e+02
-1.035164e+01,-4.648160e+02
-1.070877e+01,-4.532512e+02
-1.103973e+01,-4.456896e+02
-1.137095e+01,-4.416864e+02
-1.170064e+01,-4.412416e+02
-1.201788e+01,-4.425760e+02
-1.233627e+01,-4.434656e+02
-1.264133e+01,-4.425760e+02
-1.294638e+01,-4.381280e+02
-1.326363e+01,-4.301216e+02
-1.356944e+01,-4.198912e+02
-1.390053e+01,-4.101056e+02
-1.421867e+01,-4.020992e+02
-1.454963e+01,-3.976512e+02
-1.485544e+01,-3.954272e+02
-1.518564e+01,-3.945376e+02
-1.549146e+01,-3.940928e+02
-1.580947e+01,-3.923136e+02
-1.611351e+01,-3.887552e+02
-1.643228e+01,-3.843072e+02
-1.673733e+01,-3.789696e+02
-1.705470e+01,-3.731872e+02
-1.737297e+01,-3.682944e+02
-1.767815e+01,-3.629568e+02
-1.799577e+01,-3.576192e+02
-1.830146e+01,-3.464992e+02
-1.860652e+01,-3.273728e+02
-1.887360e+01,-3.006848e+02
-1.910271e+01,-2.735520e+02
-1.928165e+01,-2.566496e+02
-1.940865e+01,-2.562048e+02
-1.943329e+01,-2.722176e+02
-1.938185e+01,-2.957920e+02
-1.925371e+01,-3.158080e+02
-1.907565e+01,-3.224800e+02
-1.884680e+01,-3.149184e+02
-1.859369e+01,-2.980160e+02
-1.831581e+01,-2.802240e+02
-1.803768e+01,-2.708832e+02
-1.774698e+01,-2.726624e+02
-1.744320e+01,-2.820032e+02
-1.713916e+01,-2.913440e+02
-1.683588e+01,-2.908992e+02
-1.653223e+01,-2.793344e+02
-1.625308e+01,-2.597632e+02
-1.596073e+01,-2.393024e+02
-1.567028e+01,-2.250688e+02
-1.540447e+01,-2.183968e+02
-1.513840e+01,-2.166176e+02
-1.484706e+01,-2.152832e+02
-1.458100e+01,-2.108352e+02
-1.429029e+01,-2.010496e+02
-1.401229e+01,-1.877056e+02
-1.374661e+01,-1.725824e+02
-1.348118e+01,-1.579040e+02
-1.319022e+01,-1.450048e+02
-1.292606e+01,-1.356640e+02
-1.264768e+01,-1.285472e+02
-1.236955e+01,-1.223200e+02
-1.209269e+01,-1.143136e+02
-1.182726e+01,-1.036384e+02
-1.154938e+01,-8.971616e+01
-1.127188e+01,-7.437056e+01
-1.099452e+01,-5.942528e+01
-1.071778e+01,-4.652608e+01
-1.046556e+01,-3.620672e+01
-1.018819e+01,-2.651008e+01
-9.924288e+00,-1.685792e+01
-9.646412e+00,-5.826880e+00
-9.381871e+00,7.988608e+00
-9.117711e+00,2.433056e+01
-8.839708e+00,4.198912e+01
-8.588756e+00,5.844672e+01
-8.324088e+00,7.219104e+01
-8.034147e+00,8.366688e+01
-7.783271e+00,9.474240e+01
-7.493813e+00,1.063072e+02
-7.217588e+00,1.187616e+02
-6.953656e+00,1.321056e+02
-6.689039e+00,1.463392e+02
-6.412179e+00,1.623520e+02
-6.135776e+00,1.788096e+02
-5.872071e+00,1.966016e+02
-5.607905e+00,2.130592e+02
-5.356441e+00,2.272928e+02
-5.080521e+00,2.401920e+02
-4.816589e+00,2.522016e+02
-4.565128e+00,2.642112e+02
-4.302596e+00,2.784448e+02
-4.039807e+00,2.949024e+02
-3.789718e+00,3.113600e+02
-3.527158e+00,3.278176e+02
-3.263938e+00,3.429408e+02
-3.009710e+00,3.571744e+02
-2.745486e+00,3.709632e+02
-2.498090e+00,3.851968e+02
-2.232914e+00,3.985408e+02
-1.979803e+00,4.127744e+02
-1.716151e+00,4.274528e+02
-1.455166e+00,4.416864e+02
-1.209548e+00,4.563648e+02
-9.508490e-01,4.719328e+02
-6.977380e-01,4.879456e+02
-4.387850e-01,5.035136e+02
-1.864360e-01,5.186368e+02
6.642100e-02,5.328704e+02
3.194050e-01,5.466592e+02
5.803900e-01,5.600032e+02
8.392160e-01,5.742368e+02
1.083818e+00,5.889152e+02
1.344422e+00,6.044832e+02
1.594485e+00,6.204960e+02
1.839722e+00,6.360640e+02
2.099437e+00,6.516320e+02
2.342515e+00,6.663104e+02
2.582799e+00,6.814336e+02
2.850769e+00,6.952224e+02
3.085338e+00,7.099008e+02
3.346450e+00,7.245792e+02
3.594354e+00,7.388128e+02
3.855212e+00,7.539360e+02
4.103878e+00,7.686144e+02
4.351274e+00,7.832928e+02
4.600194e+00,7.979712e+02
4.860163e+00,8.122048e+02
5.108194e+00,8.264384e+02
5.344033e+00,8.411168e+02
5.592572e+00,8.549056e+02
5.853176e+00,8.686944e+02
6.101334e+00,8.820384e+02
6.349365e+00,8.927136e+02
6.597523e+00,9.073920e+02
6.845554e+00,9.162880e+02
7.118350e+00,9.296320e+02
7.354570e+00,9.429760e+02
7.603490e+00,9.563200e+02
7.852664e+00,9.652160e+02
8.114157e+00,9.785600e+02
8.350885e+00,9.874560e+02
8.624316e+00,9.963520e+02
8.886190e+00,1.005248e+03
9.150350e+00,1.014144e+03
9.399270e+00,1.023040e+03
9.662160e+00,1.031936e+03
9.937750e+00,1.040832e+03
1.021334e+01,1.045280e+03
1.047623e+01,1.049728e+03
1.074039e+01,1.058624e+03
1.101725e+01,1.067520e+03
1.129284e+01,1.076416e+03
1.159383e+01,1.076416e+03
1.187069e+01,1.085312e+03
1.213485e+01,1.089760e+03
1.241044e+01,1.094208e+03
1.268730e+01,1.098656e+03
1.296416e+01,1.103104e+03
1.324229e+01,1.103104e+03
1.352042e+01,1112
1.379728e+01,1112
1.408811e+01,1.116448e+03
1.436624e+01,1.116448e+03
1.464437e+01,1.120896e+03
1.493647e+01,1.120896e+03
1.522603e+01,1.125344e+03
1.551813e+01,1.125344e+03
1.581023e+01,1.125344e+03
1.610233e+01,1.125344e+03
1.639189e+01,1.125344e+03
1.668399e+01,1.129792e+03
1.697609e+01,1.129792e+03
1.727962e+01,1.129792e+03
1.757172e+01,1.134240e+03
1.786255e+01,1.134240e+03
1.816735e+01,1.129792e+03
1.847215e+01,1.120896e+03
1.876425e+01,1112
1.903349e+01,1.094208e+03
1.927606e+01,1.085312e+03
1.946910e+01,1.076416e+03
1.963674e+01,1.080864e+03
1.975485e+01,1.089760e+03
1.982216e+01,1.098656e+03
1.983740e+01,1.098656e+03
1.983994e+01,1.089760e+03
1.979295e+01,1.071968e+03
1.973199e+01,1.058624e+03
1.963420e+01,1.045280e+03
1.952498e+01,1.036384e+03
1.940433e+01,1.018592e+03
1.924685e+01,1.000800e+03
1.907794e+01,9.785600e+02
1.887220e+01,9.518720e+02
1.866913e+01,9.340800e+02
1.842668e+01,9.073920e+02
1.818627e+01,8.878208e+02
1.794561e+01,8.602432e+02
1.769174e+01,8.299968e+02
1.743824e+01,7.979712e+02
1.718475e+01,7.686144e+02
1.694205e+01,7.419264e+02
1.670075e+01,7.170176e+02
1.644574e+01,6.903296e+02
1.621561e+01,6.614176e+02
1.598651e+01,6.298368e+02
1.574394e+01,5.982560e+02
1.552613e+01,5.697888e+02
1.528242e+01,5.431008e+02
1.507693e+01,5.168576e+02
1.483258e+01,4.897248e+02
1.460055e+01,4.594784e+02
1.439367e+01,4.278976e+02
1.416126e+01,3.963168e+02
1.394155e+01,3.665152e+02
1.372171e+01,3.380480e+02
1.348952e+01,3.091360e+02
1.326849e+01,2.784448e+02
1.303574e+01,2.459744e+02
1.280228e+01,2.126144e+02
1.255521e+01,1.805888e+02
1.232083e+01,1.503424e+02
1.211091e+01,1.209856e+02
1.186294e+01,9.113952e+01
1.162685e+01,5.995904e+01
1.139000e+01,2.877856e+01
1.115301e+01,-6.760960e-01
1.091654e+01,-2.851168e+01
1.068019e+01,-5.640064e+01
1.045591e+01,-8.562400e+01
1.021880e+01,-1.152032e+02
9.994265e+00,-1.432256e+02
9.757029e+00,-1.681344e+02
9.520301e+00,-1.908192e+02
9.282430e+00,-2.139488e+02
9.044940e+00,-2.397472e+02
8.806688e+00,-2.673248e+02
8.568944e+00,-2.940128e+02
8.330692e+00,-3.166976e+02
8.066532e+00,-3.353792e+02
7.827772e+00,-3.509472e+02
7.588504e+00,-3.660704e+02
7.323074e+00,-3.829728e+02
7.059295e+00,-3.994304e+02
6.793484e+00,-4.141088e+02
6.502273e+00,-4.243392e+02
6.224016e+00,-4.296768e+02
5.933567e+00,-4.314560e+02
5.654421e+00,-4.310112e+02
5.350383e+00,-4.305664e+02
5.033264e+00,-4.296768e+02
4.728210e+00,-4.278976e+02
4.424172e+00,-4.256736e+02
4.094607e+00,-4.225600e+02
3.789553e+00,-4.198912e+02
3.480943e+00,-4.198912e+02
3.160649e+00,-4.221152e+02
2.855849e+00,-4.265632e+02
2.554351e+00,-4.301216e+02
2.247011e+00,-4.327904e+02
1.942211e+00,-4.319008e+02
1.658874e+00,-4.292320e+02
1.353058e+00,-4.243392e+02
1.039241e+00,-4.181120e+02
7.313930e-01,-4.118848e+02
4.093210e-01,-4.061024e+02
8.216900e-02,-4.020992e+02
-2.343150e-01,-4.007648e+02
-5.528310e-01,-4.016544e+02
-8.606790e-01,-4.038784e+02
-1.180973e+00,-4.061024e+02
-1.476629e+00,-4.074368e+02
-1.786763e+00,-4.061024e+02
-2.089404e+00,-4.016544e+02
-2.401824e+00,-3.958720e+02
-2.716530e+00,-3.892000e+02
-3.022854e+00,-3.847520e+02
-3.351022e+00,-3.825280e+02
-3.654044e+00,-3.820832e+02
-3.971925e+00,-3.829728e+02
-4.276471e+00,-3.838624e+02
-4.569587e+00,-3.829728e+02
-4.874387e+00,-3.803040e+02
-5.179568e+00,-3.763008e+02
-5.485130e+00,-3.718528e+02
-5.789930e+00,-3.678496e+02
-6.108827e+00,-3.647360e+02
-6.412484e+00,-3.634016e+02
-6.718173e+00,-3.625120e+02
-7.048500e+00,-3.620672e+02
-7.354062e+00,-3.611776e+02
-7.684262e+00,-3.589536e+02
-7.990078e+00,-3.553952e+02
-8.307070e+00,-3.522816e+02
-8.612759e+00,-3.487232e+02
-8.917432e+00,-3.456096e+02
-9.248394e+00,-3.433856e+02
-9.552940e+00,-3.416064e+02
-9.857994e+00,-3.398272e+02
-1.016356e+01,-3.384928e+02
-1.046861e+01,-3.358240e+02
-1.077392e+01,-3.331552e+02
-1.109142e+01,-3.304864e+02
-1.139660e+01,-3.278176e+02
-1.170165e+01,-3.247040e+02
-1.200683e+01,-3.224800e+02
-1.233754e+01,-3.207008e+02
-1.264285e+01,-3.189216e+02
-1.296086e+01,-3.175872e+02
-1.326515e+01,-3.153632e+02
-1.358329e+01,-3.135840e+02
-1.390104e+01,-3.113600e+02
-1.420597e+01,-3.086912e+02
-1.451127e+01,-3.064672e+02
-1.481658e+01,-3.042432e+02
-1.513408e+01,-3.029088e+02
-1.543952e+01,-3.006848e+02
-1.574444e+01,-2.993504e+02
-1.606233e+01,-2.980160e+02
-1.636763e+01,-2.962368e+02
-1.667307e+01,-2.949024e+02
-1.697774e+01,-2.931232e+02
-1.729524e+01,-2.913440e+02
-1.760068e+01,-2.891200e+02
-1.790611e+01,-2.864512e+02
-1.821091e+01,-2.828928e+02
-1.852917e+01,-2.748864e+02
-1.882077e+01,-2.606528e+02
-1.908772e+01,-2.393024e+02
-1.934197e+01,-2.143936e+02
-1.953349e+01,-1.966016e+02
-1.967243e+01,-1.925984e+02
-1.972374e+01,-2.054976e+02
-1.970951e+01,-2.286272e+02
-1.962048e+01,-2.499776e+02
-1.946758e+01,-2.579840e+02
-1.925218e+01,-2.504224e+02
-1.903654e+01,-2.344096e+02
-1.877035e+01,-2.206208e+02
-1.847952e+01,-2.179520e+02
-1.817561e+01,-2.277376e+02
-1.787182e+01,-2.415264e+02
-1.755496e+01,-2.490880e+02
-1.726286e+01,-2.450848e+02
-1.695856e+01,-2.312960e+02
-1.665376e+01,-2.148384e+02
-1.635023e+01,-2.023840e+02
-1.605788e+01,-1.988256e+02
-1.576654e+01,-2.010496e+02
-1.547444e+01,-2.041632e+02
-1.519606e+01,-2.032736e+02
-1.489151e+01,-1.966016e+02
-1.462532e+01,-1.837024e+02
-1.434617e+01,-1.708032e+02
-1.405484e+01,-1.614624e+02
-1.377671e+01,-1.574592e+02
-1.348435e+01,-1.565696e+02
-1.319301e+01,-1.556800e+02
-1.291387e+01,-1.521216e+02
-1.262228e+01,-1.450048e+02
-1.233043e+01,-1.347744e+02
-1.205243e+01,-1.245440e+02
-1.174813e+01,-1.169824e+02
-1.147026e+01,-1.120896e+02
-1.116546e+01,-1.080864e+02
-1.088707e+01,-1.045280e+02
-1.060869e+01,-9.830080e+01
-1.030491e+01,-9.073920e+01
-1.002576e+01,-8.144288e+01
-9.748012e+00,-7.241344e+01
-9.443847e+00,-6.476288e+01
-9.177528e+00,-5.853568e+01
-8.874125e+00,-5.284224e+01
-8.583549e+00,-4.661504e+01
-8.305419e+00,-3.945376e+01
-8.014335e+00,-3.131392e+01
-7.735570e+00,-2.308512e+01
-7.431913e+00,-1.463392e+01
-7.154672e+00,-7.401472e+00
-6.876542e+00,1.023040e-01
-6.597650e+00,8.597984e+00
-6.320028e+00,1.823680e+01
-6.042533e+00,2.837824e+01
-5.764022e+00,3.745216e+01
-5.473827e+00,4.465792e+01
-5.195697e+00,5.084064e+01
-4.917313e+00,5.684544e+01
-4.639691e+00,6.391776e+01
-4.361536e+00,7.223552e+01
-4.083545e+00,8.144288e+01
-3.805758e+00,9.100608e+01
-3.531222e+00,1.009696e+02
-3.258325e+00,1.098656e+02
-2.980144e+00,1.183168e+02
-2.688107e+00,1.254336e+02
-2.415362e+00,1.325504e+02
-2.143519e+00,1.405568e+02
-1.851431e+00,1.498976e+02
-1.575676e+00,1.601280e+02
-1.292212e+00,1.712480e+02
-1.009409e+00,1.805888e+02
-7.308723e-01,1.885952e+02
-4.489679e-01,1.961568e+02
-1.790357e-01,2.041632e+02
1.114603e-01,2.121696e+02
3.839337e-01,2.215104e+02
6.693408e-01,2.317408e+02
9.474073e-01,2.415264e+02
1.229563e+00,2.508672e+02
1.500835e+00,2.588736e+02
1.776870e+00,2.677696e+02
2.051431e+00,2.762208e+02
2.332787e+00,2.851168e+02
2.607794e+00,2.935680e+02
2.879292e+00,3.024640e+02
3.166821e+00,3.118048e+02
3.444926e+00,3.215904e+02
3.725354e+00,3.322656e+02
4.002900e+00,3.420512e+02
4.279405e+00,3.518368e+02
4.543082e+00,3.607328e+02
4.832668e+00,3.696288e+02
5.097056e+00,3.789696e+02
5.373230e+00,3.887552e+02
5.636387e+00,3.989856e+02
5.913755e+00,4.096608e+02
6.176010e+00,4.198912e+02
6.451473e+00,4.305664e+02
6.727698e+00,4.403520e+02
6.990969e+00,4.505824e+02
7.266559e+00,4.608128e+02
7.543038e+00,4.705984e+02
7.819263e+00,4.808288e+02
8.069453e+00,4.915040e+02
8.346567e+00,5.017344e+02
8.597392e+00,5.128544e+02
8.861552e+00,5.244192e+02
9.138158e+00,5.355392e+02
9.401175e+00,5.462144e+02
9.651492e+00,5.573344e+02
9.926955e+00,5.680096e+02
1.018997e+01,5.791296e+02
1.045248e+01,5.906944e+02
1.072706e+01,6.022592e+02
1.098893e+01,6.142688e+02
1.125118e+01,6.258336e+02
1.153706e+01,6.378432e+02
1.179868e+01,6.498528e+02
1.206056e+01,6.618624e+02
1.233399e+01,6.734272e+02
1.258329e+01,6.854368e+02
1.285761e+01,6.974464e+02
1.312024e+01,7.094560e+02
1.336878e+01,7.214656e+02
1.363066e+01,7.330304e+02
1.389266e+01,7.450400e+02
1.414145e+01,7.561600e+02
1.439075e+01,7.686144e+02
1.464005e+01,7.801792e+02
1.491297e+01,7.921888e+02
1.517523e+01,8.041984e+02
1.542440e+01,8.157632e+02
1.568564e+01,8.277728e+02
1.593520e+01,8.397824e+02
1.618437e+01,8.517920e+02
1.643278e+01,8.638016e+02
1.669529e+01,8.762560e+02
1.695602e+01,8.878208e+02
1.720532e+01,8.980512e+02
1.745425e+01,9.118400e+02
1.770253e+01,9.207360e+02
1.795043e+01,9.207360e+02
1.819935e+01,9.207360e+02
1.842465e+01,9.162880e+02
1.862366e+01,9.118400e+02
1.878813e+01,9.118400e+02
1.891436e+01,9.162880e+02
1.899285e+01,9.296320e+02
1.902041e+01,9.340800e+02
1.901190e+01,9.296320e+02
1.896605e+01,9.162880e+02
1.889557e+01,8.971616e+02
1.878609e+01,8.869312e+02
1.866532e+01,8.789248e+02
1.851990e+01,8.682496e+02
1.837436e+01,8.473440e+02
1.819123e+01,8.188768e+02
1.802244e+01,7.904096e+02
1.780426e+01,7.677248e+02
1.758506e+01,7.503776e+02
1.735557e+01,7.330304e+02
1.711274e+01,7.090112e+02
1.687131e+01,6.778752e+02
1.662938e+01,6.422912e+02
1.638859e+01,6.093760e+02
1.615897e+01,5.817984e+02
1.590408e+01,5.595584e+02
1.567383e+01,5.359840e+02
1.544257e+01,5.079616e+02
1.519822e+01,4.754912e+02
1.499171e+01,4.412416e+02
1.475905e+01,4.105504e+02
1.452677e+01,3.838624e+02
1.430604e+01,3.589536e+02
1.408586e+01,3.322656e+02
1.385292e+01,3.002400e+02
1.361994e+01,2.664352e+02
1.339826e+01,2.330752e+02
1.316435e+01,2.032736e+02
1.291750e+01,1.770304e+02
1.269535e+01,1.521216e+02
1.244643e+01,1.249888e+02
1.221054e+01,9.434208e+01
1.197394e+01,6.311712e+01
1.172426e+01,3.313760e+01
1.150010e+01,6.814336e+00
1.125106e+01,-1.632416e+01
1.101369e+01,-4.083264e+01
1.077646e+01,-6.849920e+01
1.054024e+01,-9.830080e+01
1.031494e+01,-1.263232e+02
1.006437e+01,-1.472288e+02
9.801606e+00,-1.632416e+02
9.563227e+00,-1.783648e+02
9.299575e+00,-1.961568e+02
9.048115e+00,-2.166176e+02
8.771763e+00,-2.379680e+02
8.506714e+00,-2.557600e+02
8.229346e+00,-2.686592e+02
7.964424e+00,-2.766656e+02
7.686421e+00,-2.842272e+02
7.409180e+00,-2.940128e+02
7.130669e+00,-3.060224e+02
6.851777e+00,-3.175872e+02
6.561709e+00,-3.255936e+02
6.257417e+00,-3.295968e+02
5.965698e+00,-3.309312e+02
5.674233e+00,-3.322656e+02
5.369687e+00,-3.344896e+02
5.065395e+00,-3.389376e+02
4.760849e+00,-3.433856e+02
4.469511e+00,-3.469440e+02
4.164838e+00,-3.487232e+02
3.860292e+00,-3.491680e+02
3.561207e+00,-3.500576e+02
3.276600e+00,-3.513920e+02
2.971927e+00,-3.536160e+02
2.672842e+00,-3.540608e+02
2.368296e+00,-3.531712e+02
2.063877e+00,-3.509472e+02
1.759204e+00,-3.491680e+02
1.455039e+00,-3.478336e+02
1.144778e+00,-3.487232e+02
8.374380e-01,-3.500576e+02
5.458460e-01,-3.509472e+02
2.346960e-01,-3.505024e+02
-6.896100e-02,-3.491680e+02
-3.769360e-01,-3.473888e+02
-6.826250e-01,-3.456096e+02
-9.955530e-01,-3.442752e+02
-1.314450e+00,-3.433856e+02
-1.624584e+00,-3.420512e+02
-1.932940e+00,-3.411616e+02
-2.236343e+00,-3.407168e+02
-2.547620e+00,-3.402720e+02
-2.861056e+00,-3.402720e+02
-3.155696e+00,-3.389376e+02
-3.458464e+00,-3.376032e+02
-3.757803e+00,-3.349344e+02
-4.076065e+00,-3.327104e+02
-4.380865e+00,-3.309312e+02
-4.672711e+00,-3.300416e+02
-4.978019e+00,-3.291520e+02
-5.282819e+00,-3.282624e+02
-5.587873e+00,-3.273728e+02
-5.893308e+00,-3.264832e+02
-6.197727e+00,-3.247040e+02
-6.516116e+00,-3.229248e+02
-6.821551e+00,-3.215904e+02
-7.138543e+00,-3.202560e+02
-7.443597e+00,-3.193664e+02
-7.748651e+00,-3.184768e+02
-8.053197e+00,-3.171424e+02
-8.371459e+00,-3.162528e+02
-8.688959e+00,-3.149184e+02
-8.994775e+00,-3.135840e+02
-9.299448e+00,-3.118048e+02
-9.617075e+00,-3.109152e+02
-9.909937e+00,-3.091360e+02
-1.021461e+01,-3.082464e+02
-1.050735e+01,-3.069120e+02
-1.082561e+01,-3.055776e+02
-1.113041e+01,-3.042432e+02
-1.143584e+01,-3.024640e+02
-1.174039e+01,-3.006848e+02
-1.205890e+01,-2.989056e+02
-1.237653e+01,-2.971264e+02
-1.268184e+01,-2.953472e+02
-1.299972e+01,-2.940128e+02
-1.330490e+01,-2.926784e+02
-1.362227e+01,-2.908992e+02
-1.392746e+01,-2.891200e+02
-1.424559e+01,-2.877856e+02
-1.455077e+01,-2.864512e+02
-1.485582e+01,-2.851168e+02
-1.514843e+01,-2.837824e+02
-1.546682e+01,-2.824480e+02
-1.577124e+01,-2.811136e+02
-1.608938e+01,-2.793344e+02
-1.638186e+01,-2.775552e+02
-1.668666e+01,-2.757760e+02
-1.700466e+01,-2.739968e+02
-1.732216e+01,-2.731072e+02
-1.762773e+01,-2.717728e+02
-1.793227e+01,-2.708832e+02
-1.826311e+01,-2.695488e+02
-1.855572e+01,-2.682144e+02
-1.887322e+01,-2.668800e+02
-1.916532e+01,-2.655456e+02
-1.948345e+01,-2.637664e+02
-1.978876e+01,-2.624320e+02
-2.009356e+01,-2.606528e+02
-2.039811e+01,-2.597632e+02
-2.071548e+01,-2.584288e+02
-2.100821e+01,-2.570944e+02
-2.132597e+01,-2.562048e+02
-2.163026e+01,-2.544256e+02
-2.193531e+01,-2.530912e+02
-2.224100e+01,-2.517568e+02
-2.254606e+01,-2.508672e+02
-2.286356e+01,-2.495328e+02
-2.316823e+01,-2.486432e+02
-2.347354e+01,-2.477536e+02
-2.377808e+01,-2.464192e+02
-2.409609e+01,-2.455296e+02
-2.441334e+01,-2.441952e+02
-2.469312e+01,-2.428608e+02
-2.497239e+01,-2.419712e+02
-2.525204e+01,-2.410816e+02
-2.565845e+01,-2.397472e+02
-2.593835e+01,-2.384128e+02
-2.623109e+01,-2.370784e+02
-2.647252e+01,-2.357440e+02
-2.698039e+01,-2.339648e+02
-2.723439e+01,-2.330752e+02
-2.748940e+01,-2.321856e+02
-2.774328e+01,-2.312960e+02
-2.799690e+01,-2.295168e+02
-2.850490e+01,-2.281824e+02
-2.875966e+01,-2.264032e+02
-2.901366e+01,-2.241792e+02
-2.926766e+01,-2.232896e+02
-2.964929e+01,-2.219552e+02
-3.003029e+01,-2.206208e+02
-3.028429e+01,-2.192864e+02
-3.053944e+01,-2.152832e+02
-3.079318e+01,-2.054976e+02
-3.117444e+01,-1.872608e+02
-3.155594e+01,-1.619072e+02
-3.168358e+01,-1.365536e+02
-3.181020e+01,-1.227648e+02
-3.206407e+01,-1.289920e+02
-3.206344e+01,-1.525664e+02
-3.193694e+01,-1.801440e+02
-3.180931e+01,-1.970464e+02
-3.155531e+01,-1.952672e+02
-3.142818e+01,-1.779200e+02
-3.117418e+01,-1.601280e+02
-3.079344e+01,-1.534560e+02
-3.053982e+01,-1.627968e+02
-3.028594e+01,-1.814784e+02
-3.003271e+01,-1.961568e+02
-2.977871e+01,-1.974912e+02
-2.927147e+01,-1.854816e+02
-2.901772e+01,-1.672448e+02
-2.876347e+01,-1.534560e+02
-2.850972e+01,-1.507872e+02
-2.825572e+01,-1.570144e+02
-2.774848e+01,-1.645760e+02
-2.749372e+01,-1.668000e+02
-2.724099e+01,-1.596832e+02
-2.698737e+01,-1.472288e+02
-2.673248e+01,-1.352192e+02
-2.645359e+01,-1.285472e+02
-2.617457e+01,-1.289920e+02
-2.576855e+01,-1.329952e+02
-2.550173e+01,-1.338848e+02
-2.523566e+01,-1.312160e+02
-2.495677e+01,-1.227648e+02
-2.469007e+01,-1.129792e+02
-2.441118e+01,-1.054176e+02
-2.406840e+01,-1.027488e+02
-2.377656e+01,-1.027488e+02
-2.347252e+01,-1.031936e+02
-2.316747e+01,-1.009696e+02
-2.287613e+01,-9.563200e+01
-2.259736e+01,-8.749216e+01
-2.229320e+01,-8.028640e+01
-2.198916e+01,-7.521568e+01
-2.170976e+01,-7.276928e+01
-2.140471e+01,-7.147936e+01
-2.110105e+01,-6.921088e+01
-2.079638e+01,-6.476288e+01
-2.049234e+01,-5.884704e+01
-2.021294e+01,-5.221952e+01
-1.992186e+01,-4.648160e+01
-1.960461e+01,-4.230048e+01
-1.932623e+01,-3.936480e+01
-1.902219e+01,-3.674048e+01
-1.873060e+01,-3.336000e+01
-1.843875e+01,-2.833376e+01
-1.813471e+01,-2.237344e+01
-1.785582e+01,-1.645760e+01
-1.756423e+01,-1.174272e+01
-1.727327e+01,-7.472640e+00
-1.698168e+01,-2.797036e+00
-1.670317e+01,2.815584e+00
-1.641208e+01,8.780352e+00
-1.613281e+01,1.445600e+01
-1.584185e+01,1.881504e+01
-1.553794e+01,2.206208e+01
-1.525867e+01,2.535360e+01
-1.498029e+01,2.957920e+01
-1.468920e+01,3.496128e+01
-1.439862e+01,4.127744e+01
-1.410652e+01,4.719328e+01
-1.381608e+01,5.221952e+01
-1.351153e+01,5.644512e+01
-1.323327e+01,6.009248e+01
-1.294206e+01,6.427360e+01
-1.265098e+01,6.943328e+01
-1.234681e+01,7.494880e+01
-1.205583e+01,8.086464e+01
-1.177620e+01,8.642464e+01
-1.147309e+01,9.113952e+01
-1.118099e+01,9.607680e+01
-1.088997e+01,9.963520e+01
-1.061131e+01,1.045280e+02
-1.030784e+01,1.094208e+02
-1.002867e+01,1.143136e+02
-9.737547e+00,1.205408e+02
-9.446654e+00,1.254336e+02
-9.142463e+00,1.294368e+02
-8.863038e+00,1.338848e+02
-8.559190e+00,1.383328e+02
-8.268475e+00,1.427808e+02
-7.977327e+00,1.476736e+02
-7.672527e+00,1.530112e+02
-7.381634e+00,1.579040e+02
-7.090880e+00,1.627968e+02
-6.786931e+00,1.676896e+02
-6.483096e+00,1.721376e+02
-6.204445e+00,1.765856e+02
-5.900991e+00,1.814784e+02
-5.609615e+00,1.863712e+02
-5.319077e+00,1.912640e+02
-5.027905e+00,1.957120e+02
-4.736033e+00,2.006048e+02
-4.457560e+00,2.054976e+02
-4.179313e+00,2.103904e+02
-3.875432e+00,2.157280e+02
-3.608964e+00,2.206208e+02
-3.319746e+00,2.255136e+02
-3.024758e+00,2.304064e+02
-2.741201e+00,2.352992e+02
-2.445398e+00,2.393024e+02
-2.147646e+00,2.446400e+02
-1.866633e+00,2.490880e+02
-1.571066e+00,2.535360e+02
-1.284173e+00,2.588736e+02
-9.855835e-01,2.642112e+02
-6.913118e-01,2.695488e+02
-4.035933e-01,2.748864e+02
-1.185545e-01,2.802240e+02
1.691640e-01,2.855616e+02
4.601083e-01,2.904544e+02
7.522591e-01,2.957920e+02
1.040308e+00,3.011296e+02
1.320242e+00,3.069120e+02
1.619277e+00,3.122496e+02
1.889023e+00,3.180320e+02
2.175636e+00,3.233696e+02
2.462021e+00,3.291520e+02
2.742768e+00,3.349344e+02
3.032735e+00,3.402720e+02
3.328162e+00,3.464992e+02
3.609911e+00,3.527264e+02
3.899954e+00,3.589536e+02
4.190479e+00,3.647360e+02
4.467568e+00,3.709632e+02
4.757966e+00,3.771904e+02
5.048491e+00,3.838624e+02
5.326113e+00,3.900896e+02
5.616511e+00,3.963168e+02
5.894337e+00,4.025440e+02
6.170955e+00,4.092160e+02
6.461862e+00,4.163328e+02
6.751193e+00,4.230048e+02
7.028307e+00,4.301216e+02
7.304405e+00,4.372384e+02
7.594219e+00,4.443552e+02
7.870444e+00,4.514720e+02
8.147431e+00,4.594784e+02
8.411464e+00,4.665952e+02
8.688070e+00,4.746016e+02
8.952738e+00,4.817184e+02
9.242298e+00,4.888352e+02
9.519158e+00,4.968416e+02
9.784207e+00,5.048480e+02
1.007402e+01,5.124096e+02
1.035088e+01,5.204160e+02
1.062774e+01,5.288672e+02
1.090562e+01,5.373184e+02
1.118222e+01,5.457696e+02
1.145883e+01,5.542208e+02
1.174813e+01,5.626720e+02
1.202449e+01,5.715680e+02
1.230084e+01,5.800192e+02
1.256500e+01,5.884704e+02
1.285278e+01,5.973664e+02
1.311554e+01,6.067072e+02
1.337920e+01,6.160480e+02
1.365466e+01,6.258336e+02
1.391653e+01,6.347296e+02
1.419162e+01,6.445152e+02
1.444155e+01,6.543008e+02
1.472959e+01,6.636416e+02
1.499197e+01,6.738720e+02
1.525410e+01,6.841024e+02
1.552943e+01,6.943328e+02
1.579232e+01,7.045632e+02
1.605458e+01,7.143488e+02
1.631709e+01,7.250240e+02
1.659166e+01,7.352544e+02
1.686712e+01,7.463744e+02
1.712951e+01,7.570496e+02
1.739113e+01,7.681696e+02
1.765364e+01,7.788448e+02
1.790357e+01,7.904096e+02
1.816506e+01,8.019744e+02
1.843926e+01,8.135392e+02
1.868856e+01,8.251040e+02
1.895107e+01,8.366688e+02
1.921319e+01,8.473440e+02
1.947507e+01,8.589088e+02
1.973745e+01,8.704736e+02
2.001215e+01,8.802592e+02
2.026158e+01,8.953824e+02
2.052282e+01,9.073920e+02
2.078393e+01,9.207360e+02
2.101977e+01,9.296320e+02
2.129409e+01,9.385280e+02
2.154301e+01,9.518720e+02
2.179193e+01,9.652160e+02
2.204110e+01,9.741120e+02
2.228863e+01,9.874560e+02
2.255177e+01,1.000800e+03
2.280107e+01,1.009696e+03
2.305025e+01,1.018592e+03
2.331212e+01,1.031936e+03
2.356104e+01,1.040832e+03
2.382266e+01,1.049728e+03
2.408682e+01,1.063072e+03
2.428621e+01,1.071968e+03
2.454910e+01,1.080864e+03
2.480056e+01,1.089760e+03
2.506345e+01,1.098656e+03
2.544064e+01,1.107552e+03
2.570353e+01,1.107552e+03
2.595626e+01,1.116448e+03
2.621915e+01,1.120896e+03
2.647061e+01,1.125344e+03
2.672461e+01,1.125344e+03
2.697734e+01,1.129792e+03
2.722880e+01,1.134240e+03
2.760980e+01,1.134240e+03
2.799080e+01,1.134240e+03
2.824480e+01,1.134240e+03
2.849880e+01,1.134240e+03
2.875280e+01,1.134240e+03
2.900553e+01,1.134240e+03
2.925953e+01,1.134240e+03
2.976753e+01,1.134240e+03
3.002153e+01,1.134240e+03
3.027680e+01,1.134240e+03
3.052826e+01,1.125344e+03
3.078480e+01,1.116448e+03
3.104134e+01,1.103104e+03
3.129534e+01,1.085312e+03
3.155188e+01,1.080864e+03
3.181096e+01,1.080864e+03
3.181350e+01,1.089760e+03
3.194431e+01,1.098656e+03
3.207385e+01,1.103104e+03
3.207639e+01,1.094208e+03
3.195193e+01,1.080864e+03
3.182874e+01,1.063072e+03
3.183128e+01,1.049728e+03
3.170809e+01,1.040832e+03
3.158744e+01,1.023040e+03
3.133979e+01,1.009696e+03
3.134830e+01,9.919040e+02
3.110446e+01,9.696640e+02
3.086227e+01,9.429760e+02
3.062084e+01,9.207360e+02
3.037980e+01,8.944928e+02
3.013888e+01,8.713632e+02
2.989770e+01,8.424512e+02
2.965704e+01,8.130944e+02
2.941460e+01,7.841824e+02
2.917266e+01,7.561600e+02
2.893111e+01,7.294720e+02
2.868879e+01,7.027840e+02
2.844648e+01,6.752064e+02
2.820403e+01,6.467392e+02
2.796121e+01,6.173824e+02
2.771737e+01,5.880256e+02
2.747378e+01,5.600032e+02
2.722931e+01,5.333152e+02
2.698521e+01,5.061824e+02
2.674010e+01,4.786048e+02
2.662250e+01,4.488032e+02
2.637739e+01,4.185568e+02
2.613269e+01,3.892000e+02
2.588713e+01,3.598432e+02
2.564220e+01,3.309312e+02
2.539721e+01,3.015744e+02
2.516305e+01,2.713280e+02
2.491599e+01,2.397472e+02
2.466914e+01,2.081664e+02
2.442183e+01,1.779200e+02
2.421217e+01,1.485632e+02
2.397620e+01,1.192064e+02
2.372703e+01,8.971616e+01
2.350376e+01,5.987008e+01
2.328024e+01,3.046880e+01
2.305596e+01,2.771104e+00
2.280729e+01,-2.388576e+01
2.257069e+01,-5.137440e+01
2.234641e+01,-8.099808e+01
2.210829e+01,-1.112000e+02
2.187181e+01,-1.383328e+02
2.163458e+01,-1.610176e+02
2.139633e+01,-1.814784e+02
2.115782e+01,-2.019392e+02
2.090687e+01,-2.255136e+02
2.064296e+01,-2.508672e+02
2.039239e+01,-2.753312e+02
2.012785e+01,-2.957920e+02
1.987639e+01,-3.109152e+02
1.961109e+01,-3.233696e+02
1.935937e+01,-3.344896e+02
1.906854e+01,-3.460544e+02
1.880349e+01,-3.580640e+02
1.851279e+01,-3.682944e+02
1.823504e+01,-3.745216e+02
1.793138e+01,-3.776352e+02
1.762658e+01,-3.776352e+02
1.732204e+01,-3.758560e+02
1.701838e+01,-3.758560e+02
1.671358e+01,-3.767456e+02
1.640903e+01,-3.780800e+02
1.609103e+01,-3.789696e+02
1.578648e+01,-3.794144e+02
1.548168e+01,-3.798592e+02
1.519034e+01,-3.816384e+02
1.488567e+01,-3.829728e+02
1.459332e+01,-3.851968e+02
1.427556e+01,-3.860864e+02
1.399578e+01,-3.847520e+02
1.367739e+01,-3.811936e+02
1.337069e+01,-3.767456e+02
1.306424e+01,-3.714080e+02
1.274521e+01,-3.674048e+02
1.242670e+01,-3.651808e+02
1.210742e+01,-3.642912e+02
1.180186e+01,-3.647360e+02
1.147064e+01,-3.656256e+02
1.116508e+01,-3.656256e+02
1.085952e+01,-3.647360e+02
1.055434e+01,-3.634016e+02
1.023747e+01,-3.602880e+02
9.932543e+00,-3.571744e+02
9.614281e+00,-3.536160e+02
9.309481e+00,-3.500576e+02
9.017000e+00,-3.478336e+02
8.686419e+00,-3.469440e+02
8.380984e+00,-3.464992e+02
8.075930e+00,-3.469440e+02
7.783576e+00,-3.456096e+02
7.452741e+00,-3.438304e+02
7.147814e+00,-3.407168e+02
6.843014e+00,-3.371584e+02
6.525133e+00,-3.344896e+02
6.207887e+00,-3.318208e+02
5.902198e+00,-3.304864e+02
5.597906e+00,-3.295968e+02
5.279136e+00,-3.287072e+02
4.974336e+00,-3.278176e+02
4.669282e+00,-3.260384e+02
4.363847e+00,-3.238144e+02
4.059555e+00,-3.215904e+02
3.745357e+00,-3.189216e+02
3.424428e+00,-3.166976e+02
3.112262e+00,-3.149184e+02
2.804160e+00,-3.135840e+02
2.493772e+00,-3.118048e+02
2.178685e+00,-3.109152e+02
1.872869e+00,-3.091360e+02
1.565275e+00,-3.069120e+02
1.252601e+00,-3.046880e+02
9.475470e-01,-3.024640e+02
6.400800e-01,-3.011296e+02
3.246120e-01,-2.989056e+02
1.917700e-02,-2.971264e+02
-2.922270e-01,-2.953472e+02
-6.005830e-01,-2.931232e+02
-9.259570e-01,-2.908992e+02
-1.233551e+00,-2.891200e+02
-1.545463e+00,-2.873408e+02
-1.853184e+00,-2.851168e+02
-2.178685e+00,-2.833376e+02
-2.483993e+00,-2.820032e+02
-2.790317e+00,-2.802240e+02
-3.098546e+00,-2.784448e+02
-3.407791e+00,-2.753312e+02
-3.722370e+00,-2.726624e+02
-4.028567e+00,-2.699936e+02
-4.333367e+00,-2.677696e+02
-4.637913e+00,-2.651008e+02
-4.943856e+00,-2.633216e+02
-5.249164e+00,-2.606528e+02
-5.567299e+00,-2.584288e+02
-5.872226e+00,-2.553152e+02
-6.190361e+00,-2.526464e+02
-6.495923e+00,-2.499776e+02
-6.800596e+00,-2.477536e+02
-7.131431e+00,-2.455296e+02
-7.436231e+00,-2.428608e+02
-7.754747e+00,-2.406368e+02
-8.072755e+00,-2.384128e+02
-8.390890e+00,-2.357440e+02
-8.695690e+00,-2.339648e+02
-9.013571e+00,-2.317408e+02
-9.318879e+00,-2.295168e+02
-9.624441e+00,-2.277376e+02
-9.929495e+00,-2.259584e+02
-1.023442e+01,-2.232896e+02
-1.053973e+01,-2.215104e+02
-1.084504e+01,-2.192864e+02
-1.116292e+01,-2.175072e+02
-1.145565e+01,-2.157280e+02
-1.177341e+01,-2.139488e+02
-1.207948e+01,-2.126144e+02
-1.239723e+01,-2.108352e+02
-1.270203e+01,-2.090560e+02
-1.300658e+01,-2.068320e+02
-1.332471e+01,-2.050528e+02
-1.364310e+01,-2.028288e+02
-1.394765e+01,-2.019392e+02
-1.425346e+01,-2.006048e+02
-1.455801e+01,-1.992704e+02
-1.486306e+01,-1.979360e+02
-1.518031e+01,-1.966016e+02
-1.548536e+01,-1.948224e+02
-1.579067e+01,-1.930432e+02
-1.609623e+01,-1.912640e+02
-1.640116e+01,-1.899296e+02
-1.671790e+01,-1.890400e+02
-1.703642e+01,-1.872608e+02
-1.734083e+01,-1.863712e+02
-1.765884e+01,-1.850368e+02
-1.796364e+01,-1.841472e+02
-1.828190e+01,-1.828128e+02
-1.858620e+01,-1.814784e+02
-1.887931e+01,-1.805888e+02
-1.919630e+01,-1.792544e+02
-1.951457e+01,-1.779200e+02
-1.980667e+01,-1.770304e+02
-2.011185e+01,-1.756960e+02
-2.041677e+01,-1.743616e+02
-2.073427e+01,-1.739168e+02
-2.103933e+01,-1.725824e+02
-2.134413e+01,-1.716928e+02
-2.164918e+01,-1.708032e+02
-2.195373e+01,-1.699136e+02
-2.225853e+01,-1.685792e+02
-2.256384e+01,-1.676896e+02
-2.286940e+01,-1.668000e+02
-2.318639e+01,-1.659104e+02
-2.349144e+01,-1.645760e+02
-2.379624e+01,-1.632416e+02
-2.410155e+01,-1.627968e+02
-2.438121e+01,-1.619072e+02
-2.466099e+01,-1.610176e+02
-2.506713e+01,-1.601280e+02
-2.534653e+01,-1.592384e+02
-2.563851e+01,-1.583488e+02
-2.591765e+01,-1.574592e+02
-2.619781e+01,-1.561248e+02
-2.660447e+01,-1.556800e+02
-2.685898e+01,-1.547904e+02
-2.711209e+01,-1.543456e+02
-2.749309e+01,-1.534560e+02
-2.774747e+01,-1.525664e+02
-2.812872e+01,-1.512320e+02
-2.838298e+01,-1.507872e+02
-2.863647e+01,-1.498976e+02
-2.901798e+01,-1.494528e+02
-2.927198e+01,-1.490080e+02
-2.965323e+01,-1.481184e+02
-2.990723e+01,-1.472288e+02
-3.016098e+01,-1.441152e+02
-3.054274e+01,-1.361088e+02
-3.079674e+01,-1.205408e+02
-3.117774e+01,-9.803392e+01
-3.130499e+01,-7.392576e+01
-3.143199e+01,-5.973664e+01
-3.168625e+01,-6.302816e+01
-3.168599e+01,-8.353344e+01
-3.168498e+01,-1.107552e+02
-3.143060e+01,-1.294368e+02
-3.130334e+01,-1.303264e+02
-3.117634e+01,-1.169824e+02
-3.092234e+01,-9.985760e+01
-3.066898e+01,-9.274080e+01
-3.041523e+01,-1.000800e+02
-3.003512e+01,-1.169824e+02
-2.965399e+01,-1.316608e+02
-2.940050e+01,-1.347744e+02
-2.914675e+01,-1.254336e+02
-2.876601e+01,-1.094208e+02
-2.851175e+01,-9.741120e+01
-2.813101e+01,-9.456448e+01
-2.787713e+01,-1.000800e+02
-2.762352e+01,-1.076416e+02
-2.736926e+01,-1.094208e+02
-2.698852e+01,-1.040832e+02
-2.673452e+01,-9.287424e+01
-2.640508e+01,-8.251040e+01
-2.612568e+01,-7.766208e+01
-2.585910e+01,-7.846272e+01
-2.559228e+01,-8.215456e+01
-2.518702e+01,-8.348896e+01
-2.490711e+01,-8.037536e+01
-2.464067e+01,-7.290272e+01
-2.437473e+01,-6.485184e+01
-2.406993e+01,-5.933632e+01
-2.377796e+01,-5.777952e+01
-2.348636e+01,-5.853568e+01
-2.318156e+01,-5.902496e+01
-2.288972e+01,-5.697888e+01
-2.258581e+01,-5.181920e+01
-2.229371e+01,-4.576992e+01
-2.200186e+01,-4.034336e+01
-2.168462e+01,-3.705184e+01
-2.139302e+01,-3.545056e+01
-2.108835e+01,-3.424960e+01
-2.078431e+01,-3.264832e+01
-2.049221e+01,-2.935680e+01
-2.020049e+01,-2.486432e+01
-1.989620e+01,-2.050528e+01
-1.959089e+01,-1.699136e+01
-1.929943e+01,-1.467840e+01
-1.899463e+01,-1.307712e+01
-1.870329e+01,-1.120896e+01
-1.841170e+01,-7.872960e+00
-1.810741e+01,-3.213680e+00
-1.781543e+01,2.308512e+00
-1.751114e+01,6.725376e+00
-1.721929e+01,9.269632e+00
-1.692720e+01,1.071968e+01
-1.662328e+01,1.178720e+01
-1.633093e+01,1.405568e+01
-1.603997e+01,1.779200e+01
-1.574775e+01,2.228448e+01
-1.545666e+01,2.677696e+01
-1.517701e+01,3.046880e+01
-1.488542e+01,3.282624e+01
-1.458176e+01,3.496128e+01
-1.428966e+01,3.700736e+01
-1.398537e+01,3.989856e+01
-1.369378e+01,4.323456e+01
-1.341463e+01,4.683744e+01
-1.311046e+01,4.999552e+01
-1.281874e+01,5.248640e+01
-1.252741e+01,5.471040e+01
-1.222286e+01,5.666752e+01
-1.191870e+01,5.911392e+01
-1.162685e+01,6.173824e+01
-1.134745e+01,6.476288e+01
-1.104328e+01,6.787648e+01
-1.073950e+01,7.081216e+01
-1.044740e+01,7.365888e+01
-1.015568e+01,7.628320e+01
-9.863328e+00,7.872960e+01
-9.559671e+00,8.126496e+01
-9.280779e+00,8.388928e+01
-8.975725e+00,8.695840e+01
-8.684895e+00,8.998304e+01
-8.392160e+00,9.256288e+01
-8.087868e+00,9.518720e+01
-7.784465e+00,9.785600e+01
-7.479919e+00,1.005248e+02
-7.175500e+00,1.023040e+02
-6.871729e+00,1.049728e+02
-6.567653e+00,1.076416e+02
-6.276162e+00,1.103104e+02
-5.971845e+00,1.129792e+02
-5.667286e+00,1.152032e+02
-5.375224e+00,1.178720e+02
-5.084305e+00,1.200960e+02
-4.780128e+00,1.223200e+02
-4.501693e+00,1.245440e+02
-4.209847e+00,1.267680e+02
-3.905009e+00,1.294368e+02
-3.607829e+00,1.325504e+02
-3.312643e+00,1.352192e+02
-3.023311e+00,1.383328e+02
-2.729179e+00,1.410016e+02
-2.444483e+00,1.436704e+02
-2.139963e+00,1.463392e+02
-1.843240e+00,1.481184e+02
-1.551889e+00,1.507872e+02
-1.249477e+00,1.539008e+02
-9.500362e-01,1.570144e+02
-6.462014e-01,1.592384e+02
-3.535807e-01,1.619072e+02
-4.751070e-02,1.641312e+02
2.416048e-01,1.668000e+02
5.431663e-01,1.690240e+02
8.424926e-01,1.721376e+02
1.130656e+00,1.748064e+02
1.422921e+00,1.779200e+02
1.725993e+00,1.805888e+02
2.015566e+00,1.828128e+02
2.317115e+00,1.859264e+02
2.603983e+00,1.881504e+02
2.905544e+00,1.917088e+02
3.207042e+00,1.948224e+02
3.494976e+00,1.979360e+02
3.790963e+00,2.010496e+02
4.094772e+00,2.046080e+02
4.386961e+00,2.077216e+02
4.678108e+00,2.108352e+02
4.982400e+00,2.135040e+02
5.261178e+00,2.166176e+02
5.565750e+00,2.201760e+02
5.856732e+00,2.241792e+02
6.161065e+00,2.272928e+02
6.452192e+00,2.308512e+02
6.742913e+00,2.344096e+02
7.034078e+00,2.379680e+02
7.351117e+00,2.410816e+02
7.629822e+00,2.446400e+02
7.921003e+00,2.490880e+02
8.211490e+00,2.526464e+02
8.515363e+00,2.566496e+02
8.794064e+00,2.610976e+02
9.085478e+00,2.655456e+02
9.363494e+00,2.695488e+02
9.654667e+00,2.735520e+02
9.958324e+00,2.784448e+02
1.023633e+01,2.828928e+02
1.052704e+01,2.873408e+02
1.081844e+01,2.917888e+02
1.110963e+01,2.966816e+02
1.141327e+01,3.015744e+02
1.169105e+01,3.064672e+02
1.199469e+01,3.113600e+02
1.229857e+01,3.171424e+02
1.256365e+01,3.224800e+02
1.286701e+01,3.273728e+02
1.315778e+01,3.327104e+02
1.343538e+01,3.380480e+02
1.371356e+01,3.438304e+02
1.400411e+01,3.491680e+02
1.429461e+01,3.549504e+02
1.457254e+01,3.611776e+02
1.484991e+01,3.674048e+02
1.512697e+01,3.740768e+02
1.541703e+01,3.803040e+02
1.570704e+01,3.869760e+02
1.598479e+01,3.936480e+02
1.626259e+01,4.003200e+02
1.654019e+01,4.074368e+02
1.683013e+01,4.136640e+02
1.711969e+01,4.207808e+02
1.738385e+01,4.283424e+02
1.767413e+01,4.363488e+02
1.795005e+01,4.439104e+02
1.822691e+01,4.519168e+02
1.851546e+01,4.594784e+02
1.879194e+01,4.674848e+02
1.906892e+01,4.754912e+02
1.937080e+01,4.834976e+02
1.964639e+01,4.923936e+02
1.989785e+01,5.012896e+02
2.018805e+01,5.097408e+02
2.047710e+01,5.181920e+02
2.075396e+01,5.275328e+02
2.103044e+01,5.364288e+02
2.130768e+01,5.462144e+02
2.157108e+01,5.555552e+02
2.184768e+01,5.653408e+02
2.212378e+01,5.751264e+02
2.238693e+01,5.849120e+02
2.265058e+01,5.955872e+02
2.292566e+01,6.053728e+02
2.318817e+01,6.160480e+02
2.345030e+01,6.262784e+02
2.372500e+01,6.373984e+02
2.398700e+01,6.476288e+02
2.424887e+01,6.587488e+02
2.449830e+01,6.689792e+02
2.476043e+01,6.796544e+02
2.502256e+01,6.912192e+02
2.528418e+01,7.027840e+02
2.553399e+01,7.143488e+02
2.579688e+01,7.259136e+02
2.605773e+01,7.374784e+02
2.625687e+01,7.485984e+02
2.675979e+01,7.606080e+02
2.700846e+01,7.721728e+02
2.725737e+01,7.841824e+02
2.750553e+01,7.957472e+02
2.775547e+01,8.073120e+02
2.800388e+01,8.188768e+02
2.825255e+01,8.317760e+02
2.850185e+01,8.442304e+02
2.875064e+01,8.562400e+02
2.900032e+01,8.686944e+02
2.924988e+01,8.824832e+02
2.949854e+01,8.931584e+02
2.974696e+01,9.029440e+02
2.999575e+01,9.118400e+02
3.024492e+01,9.207360e+02
3.049359e+01,9.251840e+02
3.074226e+01,9.207360e+02
3.099270e+01,9.109504e+02
3.111652e+01,9.109504e+02
3.124289e+01,9.162880e+02
3.136938e+01,9.251840e+02
3.149854e+01,9.340800e+02
3.150298e+01,9.340800e+02
3.138056e+01,9.251840e+02
3.125813e+01,9.118400e+02
3.126296e+01,8.967168e+02
3.126930e+01,8.842624e+02
3.102115e+01,8.722528e+02
3.077362e+01,8.549056e+02
3.078074e+01,8.326656e+02
3.053512e+01,8.090912e+02
3.029039e+01,7.868512e+02
3.004693e+01,7.659456e+02
2.980360e+01,7.450400e+02
2.956192e+01,7.201312e+02
2.931986e+01,6.916640e+02
2.907881e+01,6.605280e+02
2.883751e+01,6.298368e+02
2.859545e+01,6.022592e+02
2.835288e+01,5.764608e+02
2.810942e+01,5.506624e+02
2.786634e+01,5.230848e+02
2.774950e+01,4.923936e+02
2.750401e+01,4.617024e+02
2.725903e+01,4.314560e+02
2.701417e+01,4.038784e+02
2.689600e+01,3.771904e+02
2.665034e+01,3.491680e+02
2.635386e+01,3.198112e+02
2.610747e+01,2.882304e+02
2.587448e+01,2.566496e+02
2.561448e+01,2.264032e+02
2.536763e+01,1.979360e+02
2.513297e+01,1.716928e+02
2.488476e+01,1.436704e+02
2.476259e+01,1.147584e+02
2.451303e+01,8.526816e+01
2.421395e+01,5.595584e+01
2.396388e+01,2.811136e+01
2.374011e+01,2.619872e+00
2.350300e+01,-2.166176e+01
2.326653e+01,-4.705984e+01
2.302967e+01,-7.508224e+01
2.279269e+01,-1.031936e+02
2.256790e+01,-1.281024e+02
2.231631e+01,-1.472288e+02
2.205406e+01,-1.627968e+02
2.178926e+01,-1.783648e+02
2.153793e+01,-1.966016e+02
2.126158e+01,-2.161728e+02
2.098472e+01,-2.361888e+02
2.070697e+01,-2.513120e+02
2.041639e+01,-2.610976e+02
2.015071e+01,-2.682144e+02
1.986064e+01,-2.748864e+02
1.957032e+01,-2.842272e+02
1.927898e+01,-2.949024e+02
1.898752e+01,-3.046880e+02
1.869694e+01,-3.109152e+02
1.839278e+01,-3.135840e+02
1.810131e+01,-3.144736e+02
1.779727e+01,-3.149184e+02
1.748041e+01,-3.171424e+02
1.717561e+01,-3.202560e+02
1.687182e+01,-3.233696e+02
1.656639e+01,-3.251488e+02
1.626286e+01,-3.251488e+02
1.597063e+01,-3.247040e+02
1.566558e+01,-3.247040e+02
1.536129e+01,-3.264832e+02
1.508188e+01,-3.278176e+02
1.477734e+01,-3.282624e+02
1.448498e+01,-3.278176e+02
1.418018e+01,-3.255936e+02
1.388783e+01,-3.229248e+02
1.356957e+01,-3.215904e+02
1.325143e+01,-3.211456e+02
1.295857e+01,-3.211456e+02
1.265352e+01,-3.211456e+02
1.233449e+01,-3.198112e+02
1.202893e+01,-3.180320e+02
1.172299e+01,-3.153632e+02
1.139241e+01,-3.126944e+02
1.109751e+01,-3.109152e+02
1.077938e+01,-3.086912e+02
1.047267e+01,-3.060224e+02
1.014158e+01,-3.033536e+02
9.836658e+00,-3.006848e+02
9.518650e+00,-2.966816e+02
9.201023e+00,-2.935680e+02
8.895461e+00,-2.895648e+02
8.577707e+00,-2.851168e+02
8.272653e+00,-2.806688e+02
7.954645e+00,-2.757760e+02
7.649845e+00,-2.717728e+02
7.331710e+00,-2.677696e+02
7.000875e+00,-2.646560e+02
6.695821e+00,-2.615424e+02
6.377559e+00,-2.584288e+02
6.047613e+00,-2.553152e+02
5.741035e+00,-2.513120e+02
5.435981e+00,-2.481984e+02
5.106289e+00,-2.441952e+02
4.800219e+00,-2.410816e+02
4.495673e+00,-2.384128e+02
4.190111e+00,-2.357440e+02
3.883406e+00,-2.335200e+02
3.560318e+00,-2.312960e+02
3.251581e+00,-2.286272e+02
2.946527e+00,-2.259584e+02
2.625979e+00,-2.228448e+02
2.305431e+00,-2.206208e+02
1.998345e+00,-2.179520e+02
1.690370e+00,-2.161728e+02
1.385011e+00,-2.143936e+02
1.075817e+00,-2.126144e+02
7.633970e-01,-2.099456e+02
4.592320e-01,-2.077216e+02
1.574800e-01,-2.054976e+02
-1.572260e-01,-2.028288e+02
-4.657090e-01,-2.010496e+02
-7.758430e-01,-1.992704e+02
-1.085469e+00,-1.983808e+02
-1.396365e+00,-1.966016e+02
-1.716405e+00,-1.952672e+02
-2.024126e+00,-1.934880e+02
-2.329180e+00,-1.917088e+02
-2.638552e+00,-1.899296e+02
-2.945765e+00,-1.890400e+02
-3.250819e+00,-1.877056e+02
-3.558413e+00,-1.863712e+02
-3.858387e+00,-1.845920e+02
-4.164076e+00,-1.832576e+02
-4.468495e+00,-1.819232e+02
-4.773930e+00,-1.805888e+02
-5.078984e+00,-1.788096e+02
-5.383911e+00,-1.779200e+02
-5.689092e+00,-1.765856e+02
-6.007227e+00,-1.761408e+02
-6.299581e+00,-1.743616e+02
-6.604762e+00,-1.734720e+02
-6.922262e+00,-1.725824e+02
-7.227824e+00,-1.716928e+02
-7.532624e+00,-1.699136e+02
-7.838313e+00,-1.685792e+02
-8.155432e+00,-1.676896e+02
-8.460994e+00,-1.659104e+02
-8.778494e+00,-1.659104e+02
-9.083167e+00,-1.654656e+02
-9.388348e+00,-1.645760e+02
-9.692894e+00,-1.636864e+02
-9.998202e+00,-1.627968e+02
-1.029106e+01,-1.614624e+02
-1.058367e+01,-1.605728e+02
-1.088822e+01,-1.592384e+02
-1.120597e+01,-1.583488e+02
-1.151052e+01,-1.579040e+02
-1.181633e+01,-1.570144e+02
-1.212152e+01,-1.565696e+02
-1.243863e+01,-1.556800e+02
-1.274356e+01,-1.547904e+02
-1.306119e+01,-1.539008e+02
-1.336650e+01,-1.530112e+02
-1.367092e+01,-1.516768e+02
-1.397635e+01,-1.507872e+02
-1.429448e+01,-1.498976e+02
-1.459916e+01,-1.498976e+02
-1.489215e+01,-1.490080e+02
-1.520914e+01,-1.485632e+02
-1.550137e+01,-1.476736e+02
-1.580655e+01,-1.472288e+02
-1.611173e+01,-1.463392e+02
-1.641589e+01,-1.454496e+02
-1.672209e+01,-1.441152e+02
-1.703883e+01,-1.441152e+02
-1.735684e+01,-1.432256e+02
-1.767459e+01,-1.427808e+02
-1.796618e+01,-1.423360e+02
-1.827200e+01,-1.418912e+02
-1.857718e+01,-1.414464e+02
-1.888160e+01,-1.401120e+02
-1.919935e+01,-1.392224e+02
-1.949196e+01,-1.387776e+02
-1.979651e+01,-1.383328e+02
-2.011477e+01,-1.378880e+02
-2.043227e+01,-1.374432e+02
-2.072411e+01,-1.365536e+02
-2.102904e+01,-1.361088e+02
-2.133473e+01,-1.352192e+02
-2.165160e+01,-1.347744e+02
-2.194408e+01,-1.343296e+02
-2.224964e+01,-1.334400e+02
-2.255393e+01,-1.334400e+02
-2.287143e+01,-1.329952e+02
-2.317623e+01,-1.321056e+02
-2.346909e+01,-1.316608e+02
-2.377415e+01,-1.307712e+02
-2.409088e+01,-1.303264e+02
-2.435847e+01,-1.303264e+02
-2.463787e+01,-1.298816e+02
-2.504453e+01,-1.294368e+02
-2.532418e+01,-1.289920e+02
-2.561603e+01,-1.285472e+02
-2.589568e+01,-1.276576e+02
-2.617546e+01,-1.267680e+02
-2.658161e+01,-1.258784e+02
-2.686139e+01,-1.258784e+02
-2.711577e+01,-1.254336e+02
-2.736977e+01,-1.254336e+02
-2.775052e+01,-1.249888e+02
-2.813152e+01,-1.245440e+02
-2.838564e+01,-1.245440e+02
-2.863990e+01,-1.236544e+02
-2.889402e+01,-1.227648e+02
-2.940253e+01,-1.227648e+02
-2.965577e+01,-1.218752e+02
-2.991041e+01,-1.218752e+02
-3.016440e+01,-1.214304e+02
-3.041866e+01,-1.209856e+02
-3.092628e+01,-1.209856e+02
-3.118002e+01,-1.205408e+02
-3.143428e+01,-1.205408e+02
-3.168853e+01,-1.196512e+02
-3.194279e+01,-1.187616e+02
-3.245079e+01,-1.183168e+02
-3.270491e+01,-1.178720e+02
-3.295917e+01,-1.174272e+02
-3.321202e+01,-1.178720e+02
-3.359366e+01,-1.174272e+02
-3.397491e+01,-1.169824e+02
-3.422917e+01,-1.160928e+02
-3.448291e+01,-1.156480e+02
-3.473602e+01,-1.152032e+02
-3.511740e+01,-1.147584e+02
-3.549980e+01,-1.147584e+02
-3.575342e+01,-1.138688e+02
-3.600653e+01,-1.138688e+02
-3.638842e+01,-1.138688e+02
-3.664191e+01,-1.129792e+02
-3.702355e+01,-1.125344e+02
-3.727742e+01,-1.125344e+02
-3.753117e+01,-1.120896e+02
-3.791268e+01,-1.116448e+02
-3.816642e+01,-1.112000e+02
-3.854742e+01,-1.112000e+02
-3.880142e+01,-1.107552e+02
-3.905568e+01,-1.103104e+02
-3.943642e+01,-1.103104e+02
-3.969055e+01,-1.098656e+02
-4.007218e+01,-1.094208e+02
-4.032593e+01,-1.094208e+02
-4.057917e+01,-1.089760e+02
-4.096068e+01,-1.089760e+02
-4.121493e+01,-1.080864e+02
-4.159517e+01,-1.080864e+02
-4.184967e+01,-1.071968e+02
-4.210406e+01,-1.067520e+02
-4.248442e+01,-1.063072e+02
-4.273791e+01,-1.040832e+02
-4.311968e+01,-9.683296e+01
-4.337406e+01,-8.139840e+01
-4.362806e+01,-5.831328e+01
-4.388256e+01,-3.411616e+01
-4.400918e+01,-2.014499e+01
-4.413631e+01,-2.504224e+01
-4.413606e+01,-4.746016e+01
-4.413593e+01,-7.597184e+01
-4.400791e+01,-9.518720e+01
-4.388117e+01,-9.549856e+01
-4.362653e+01,-8.068672e+01
-4.337253e+01,-6.289472e+01
-4.311853e+01,-5.662304e+01
-4.286517e+01,-6.631968e+01
-4.248442e+01,-8.513472e+01
-4.223067e+01,-1.005248e+02
-4.197731e+01,-1.027488e+02
-4.159644e+01,-9.171776e+01
-4.121556e+01,-7.530464e+01
-4.096156e+01,-6.485184e+01
-4.070807e+01,-6.507424e+01
-4.045331e+01,-7.316960e+01
-4.007244e+01,-8.148736e+01
-3.981806e+01,-8.188768e+01
-3.943718e+01,-7.423712e+01
-3.918356e+01,-6.262784e+01
-3.892931e+01,-5.399872e+01
-3.854882e+01,-5.164128e+01
-3.829533e+01,-5.542208e+01
-3.804171e+01,-6.022592e+01
-3.778771e+01,-6.133792e+01
-3.740722e+01,-5.680096e+01
-3.715372e+01,-4.888352e+01
-3.689921e+01,-4.198912e+01
-3.651847e+01,-3.869760e+01
-3.626396e+01,-3.967616e+01
-3.588360e+01,-4.207808e+01
-3.562998e+01,-4.274528e+01
-3.537649e+01,-3.994304e+01
-3.512185e+01,-3.464992e+01
-3.474148e+01,-2.895648e+01
-3.448774e+01,-2.562048e+01
-3.410674e+01,-2.464192e+01
-3.385312e+01,-2.548704e+01
-3.359950e+01,-2.570944e+01
-3.321850e+01,-2.410816e+01
-3.296425e+01,-2.077216e+01
-3.258375e+01,-1.681344e+01
-3.232988e+01,-1.374432e+01
-3.207601e+01,-1.183168e+01
-3.182214e+01,-1.009696e+01
-3.144114e+01,-8.144288e+00
-3.106039e+01,-6.138240e+00
-3.080639e+01,-4.307443e+00
-3.055264e+01,-2.615424e+00
-3.029890e+01,-1.214304e+00
-2.991815e+01,1.868160e-01
-2.966479e+01,1.800106e+00
-2.928379e+01,4.243392e+00
-2.902991e+01,6.823232e+00
-2.877604e+01,9.247392e+00
-2.852191e+01,1.116448e+01
-2.814142e+01,1.303264e+01
-2.776068e+01,1.463392e+01
-2.750693e+01,1.592384e+01
-2.725318e+01,1.748064e+01
-2.699944e+01,1.921536e+01
-2.661869e+01,2.130592e+01
-2.640254e+01,2.326304e+01
-2.599652e+01,2.495328e+01
-2.571725e+01,2.624320e+01
-2.543797e+01,2.757760e+01
-2.517127e+01,2.868960e+01
-2.489238e+01,3.011296e+01
-2.448674e+01,3.202560e+01
-2.420772e+01,3.411616e+01
-2.395322e+01,3.576192e+01
-2.364842e+01,3.718528e+01
-2.336927e+01,3.856416e+01
-2.305202e+01,3.976512e+01
-2.276018e+01,4.145536e+01
-2.246808e+01,4.319008e+01
-2.216353e+01,4.496928e+01
-2.187169e+01,4.617024e+01
-2.156689e+01,4.746016e+01
-2.127491e+01,4.866112e+01
-2.097062e+01,4.999552e+01
-2.066620e+01,5.177472e+01
-2.036140e+01,5.355392e+01
-2.006930e+01,5.524416e+01
-1.976501e+01,5.653408e+01
-1.946097e+01,5.751264e+01
-1.915643e+01,5.817984e+01
-1.885112e+01,5.915840e+01
-1.854695e+01,6.018144e+01
-1.824203e+01,6.169376e+01
-1.795031e+01,6.351744e+01
-1.764551e+01,6.529664e+01
-1.734096e+01,6.685344e+01
-1.703642e+01,6.818784e+01
-1.674381e+01,6.912192e+01
-1.642720e+01,6.978912e+01
-1.613535e+01,7.094560e+01
-1.584300e+01,7.196864e+01
-1.552626e+01,7.348096e+01
-1.524699e+01,7.521568e+01
-1.494244e+01,7.681696e+01
-1.465059e+01,7.832928e+01
-1.434605e+01,7.921888e+01
-1.404188e+01,8.024192e+01
-1.373696e+01,8.126496e+01
-1.343241e+01,8.259936e+01
-1.314056e+01,8.402272e+01
-1.283551e+01,8.535712e+01
-1.254404e+01,8.678048e+01
-1.221397e+01,8.811488e+01
-1.192200e+01,8.887104e+01
-1.161758e+01,9.011648e+01
-1.131354e+01,9.122848e+01
-1.102169e+01,9.238496e+01
-1.072883e+01,9.363040e+01
-1.042403e+01,9.563200e+01
-1.011999e+01,9.652160e+01
-9.828403e+00,9.785600e+01
-9.523730e+00,9.874560e+01
-9.218676e+00,1.000800e+02
-8.927211e+00,1.014144e+02
-8.634857e+00,1.027488e+02
-8.318627e+00,1.045280e+02
-8.013332e+00,1.058624e+02
-7.709294e+00,1.071968e+02
-7.416673e+00,1.080864e+02
-7.099935e+00,1.094208e+02
-6.808216e+00,1.103104e+02
-6.503645e+00,1.112000e+02
-6.186627e+00,1.129792e+02
-5.895010e+00,1.147584e+02
-5.589499e+00,1.160928e+02
-5.285156e+00,1.178720e+02
-4.993564e+00,1.187616e+02
-4.689234e+00,1.196512e+02
-4.397261e+00,1.214304e+02
-4.105034e+00,1.227648e+02
-3.813315e+00,1.240992e+02
-3.524479e+00,1.254336e+02
-3.225495e+00,1.272128e+02
-2.929585e+00,1.285472e+02
-2.627300e+00,1.298816e+02
-2.335924e+00,1.316608e+02
-2.021573e+00,1.329952e+02
-1.720444e+00,1.343296e+02
-1.419073e+00,1.361088e+02
-1.119581e+00,1.374432e+02
-8.177911e-01,1.396672e+02
-5.165598e-01,1.410016e+02
-2.264537e-01,1.427808e+02
8.294370e-02,1.441152e+02
3.799713e-01,1.454496e+02
6.817487e-01,1.472288e+02
9.795891e-01,1.490080e+02
1.284262e+00,1.512320e+02
1.570279e+00,1.530112e+02
1.874114e+00,1.543456e+02
2.171395e+00,1.556800e+02
2.465946e+00,1.574592e+02
2.770264e+00,1.592384e+02
3.084106e+00,1.614624e+02
3.368586e+00,1.636864e+02
3.677704e+00,1.659104e+02
3.975684e+00,1.681344e+02
4.267302e+00,1.699136e+02
4.571225e+00,1.716928e+02
4.863706e+00,1.734720e+02
5.167668e+00,1.752512e+02
5.459514e+00,1.774752e+02
5.763362e+00,1.801440e+02
6.068390e+00,1.823680e+02
6.372238e+00,1.845920e+02
6.664198e+00,1.872608e+02
6.968274e+00,1.890400e+02
7.272820e+00,1.917088e+02
7.564438e+00,1.939328e+02
7.855598e+00,1.961568e+02
8.160487e+00,1.983808e+02
8.451609e+00,2.010496e+02
8.755456e+00,2.037184e+02
9.035326e+00,2.063872e+02
9.339745e+00,2.090560e+02
9.630639e+00,2.117248e+02
9.922739e+00,2.139488e+02
1.021374e+01,2.170624e+02
1.051805e+01,2.197312e+02
1.082211e+01,2.228448e+02
1.111419e+01,2.255136e+02
1.140521e+01,2.272928e+02
1.170930e+01,2.295168e+02
1.202634e+01,2.308512e+02
1.230504e+01,2.335200e+02
1.262231e+01,2.357440e+02
1.291326e+01,2.388576e+02
1.320466e+01,2.424160e+02
1.350876e+01,2.455296e+02
1.379995e+01,2.486432e+02
1.409158e+01,2.504224e+02
1.438298e+01,2.526464e+02
1.468664e+01,2.548704e+02
1.496534e+01,2.570944e+02
1.526968e+01,2.597632e+02
1.557401e+01,2.624320e+02
1.586451e+01,2.659904e+02
1.615544e+01,2.699936e+02
1.643438e+01,2.739968e+02
1.673849e+01,278
1.702920e+01,2.815584e+02
1.733262e+01,2.855616e+02
1.762379e+01,2.895648e+02
1.791496e+01,2.944576e+02
1.819252e+01,2.993504e+02
1.849686e+01,3.046880e+02
1.878757e+01,3.095808e+02
1.907845e+01,3.144736e+02
1.936877e+01,3.198112e+02
1.965919e+01,3.255936e+02
1.994995e+01,3.318208e+02
2.024047e+01,3.389376e+02
2.053097e+01,3.456096e+02
2.082101e+01,3.518368e+02
2.111058e+01,3.585088e+02
2.138825e+01,3.647360e+02
2.166534e+01,3.731872e+02
2.194315e+01,3.807488e+02
2.221981e+01,3.892000e+02
2.249712e+01,3.976512e+02
2.277449e+01,4.052128e+02
2.305061e+01,4.132192e+02
2.332770e+01,4.203360e+02
2.361726e+01,4.283424e+02
2.388166e+01,4.359040e+02
2.417204e+01,4.416864e+02
2.450224e+01,4.452448e+02
2.478474e+01,4.421312e+02
2.508173e+01,4.270080e+02
2.551995e+01,3.927584e+02
2.584601e+01,3.438304e+02
2.629647e+01,2.953472e+02
2.678537e+01,2.682144e+02
2.704329e+01,2.691040e+02
2.755383e+01,2.882304e+02
2.780760e+01,3.073568e+02
2.806021e+01,3.131392e+02
2.831005e+01,3.086912e+02
2.856055e+01,3.078016e+02
2.880932e+01,3.233696e+02
2.905700e+01,3.562848e+02
2.930600e+01,3.963168e+02
2.955416e+01,4.292320e+02
2.980258e+01,4.470240e+02
3.005150e+01,4.510272e+02
3.030195e+01,4.501376e+02
3.055290e+01,4.541408e+02
3.080448e+01,4.639264e+02
3.105747e+01,4.732672e+02
3.143910e+01,4.754912e+02
3.169412e+01,4.661504e+02
3.207715e+01,4.510272e+02
3.233318e+01,4.359040e+02
3.271622e+01,4.270080e+02
3.310026e+01,4.256736e+02
3.335680e+01,4.274528e+02
3.374034e+01,4.274528e+02
3.399671e+01,4.216704e+02
3.438046e+01,4.105504e+02
3.476512e+01,3.963168e+02
3.502237e+01,3.825280e+02
3.540700e+01,3.691840e+02
3.579288e+01,3.562848e+02
3.618222e+01,3.384928e+02
3.657943e+01,3.073568e+02
3.711150e+01,2.397472e+02
