data_ind,gamma_t,V
0,0.0,0.0
1,-2.2566999999999982e-07,-1.231831641
2,-3.0956700000000003e-06,-1.423328286
3,-5.96567e-06,-1.3145834330000001
4,-8.99867e-06,-1.203498549
5,-1.158567e-05,-0.6504679360000001
6,-1.56036e-05,-0.955218739
7,-1.324253e-05,-1.386696296
8,-1.231711e-05,-0.516809488
9,-1.592297e-05,-0.842550596
10,-1.19658e-05,-0.47959149
11,-1.333834e-05,-0.606534143
12,-1.081759e-05,-0.612879864
13,-8.391871e-06,-0.787309565
14,-6.2870900000000005e-06,-1.118793481
15,-2.9686699999999996e-06,-1.459179164
16,-7.65964e-06,-1.420947146
17,-5.48864e-06,-1.220154311
18,-7.3722e-06,-0.6504679360000001
19,-6.28631e-06,-0.24357501700000006
20,-5.74414e-06,0.48431353099999996
21,-8.623300000000006e-07,0.707679212
22,1.7231299999999992e-06,0.876602742
23,3.66893e-06,0.6777632679999999
24,4.5305300000000005e-06,0.730681049
25,6.12583e-06,0.525495729
26,6.38053e-06,0.03563503999999995
27,2.9359300000000005e-06,-0.744157001
28,2.2644300000000003e-06,-0.704341761
29,-5.2658600000000004e-06,-0.984137879
30,-6.95623e-06,-0.606534143
31,-9.350007e-06,0.195790256
32,-5.4567e-06,0.3779738209999999
33,-4.85144e-06,0.31818264500000004
34,-4.21191e-06,-0.45326958300000003
35,4.179229999999999e-06,-0.49783040100000003
36,-4.11687e-06,-1.43285732
37,-2.1375000000000003e-06,-0.841594566
38,-9.44582e-06,-0.43169329200000006
39,2.61653e-06,0.5664622930000001
40,1.7861300000000001e-06,1.280117374
41,7.849729999999999e-06,0.64866947
42,1.4836330000000001e-05,0.5361761039999999
43,6.9881300000000005e-06,0.09046496800000003
44,1.167753e-05,0.9348111889999999
45,4.4634999999999955e-07,1.306614009
46,2.8971529999999997e-05,2.176911879
47,1.193233e-05,2.224028776
48,3.363053e-05,1.835940302
49,2.271793e-05,2.223443147
50,3.717253e-05,2.46246785
51,3.720453e-05,2.1509603409999998
52,4.1575330000000004e-05,2.191556632
53,2.619683e-05,2.260660882
54,3.618403000000001e-05,0.922489704
55,4.116163e-05,2.097497456
56,1.493293e-05,1.3397336709999998
57,3.586463e-05,2.507398749
58,2.032573e-05,2.591147752
59,3.5480629999999996e-05,2.515111885
60,3.5961230000000006e-05,3.080422965
61,4.521313e-05,2.381453058
62,5.1946530000000004e-05,2.13412959
63,5.133973e-05,1.706030454
64,6.171093e-05,2.258649417
65,5.7434429999999996e-05,3.269537759
66,6.135963e-05,3.4178414800000003
67,7.160152999999999e-05,4.565512117999999
68,6.971883e-05,3.80296221
69,7.731373e-05,3.426354942
70,7.760123e-05,3.165168438
71,7.354973e-05,2.806173581
72,7.661273e-05,4.564515874
73,7.032562999999999e-05,4.378779863
74,8.117512999999999e-05,4.546903349999999
75,7.613283e-05,4.182948205000001
76,7.616473e-05,2.330546622
77,7.718602999999999e-05,3.2944523230000002
78,6.550843e-05,2.039073773
79,7.610092999999999e-05,3.345358702
80,5.303083e-05,3.451095086
81,7.294292999999999e-05,3.076458921
82,7.351623e-05,3.33764551
83,4.980823e-05,1.100708917
84,6.413663e-05,1.785033866
85,4.479873e-05,2.230159642
86,3.685313e-05,1.5502097419999998
87,5.743592999999999e-05,2.935457381
88,3.8831730000000005e-05,2.1988587
89,5.622313e-05,2.003397663
90,4.1353330000000005e-05,1.70165523
91,5.0926029999999995e-05,1.4234419209999998
92,5.513723e-05,2.17728233
93,4.288473e-05,1.3428350390000001
94,5.373352999999999e-05,0.487047773
95,4.463973e-05,0.5454309129999999
96,4.505493e-05,0.518934257
97,3.4620629999999994e-05,0.6306054560000001
98,2.9450629999999998e-05,0.3793584029999999
99,3.3120330000000004e-05,0.977923069
100,2.3708030000000003e-05,0.8123779250000001
101,3.1557730000000007e-05,1.4250422839999999
102,2.4314029999999997e-05,0.896537996
103,3.2578129999999994e-05,0.533619802
104,2.779213e-05,-0.25488221
105,2.814193e-05,-1.163587373
106,1.7613329999999998e-05,-0.6075312580000001
107,1.0051030000000001e-05,-1.259013655
108,2.3452529999999998e-05,0.481716381
109,1.247603e-05,-1.61800839
110,2.3643330000000003e-05,-1.920162064
111,1.614423e-05,-1.256457562
112,1.123123e-05,-2.152841456
113,1.5187629999999999e-05,-0.09906145500000008
114,1.0816030000000002e-05,-1.0645496540000001
115,2.038883e-05,-0.102614714
116,1.103963e-05,-1.860353817
117,1.914553e-05,-1.424911631
118,8.83903e-06,-2.729243443
119,1.4070529999999999e-05,-1.445531887
120,1.1805329999999999e-05,-0.8283582970000001
121,1.349643e-05,-2.248267808
122,1.129583e-05,-2.774215837
123,8.104429999999999e-06,-2.988244743
124,7.656529999999999e-06,-2.218803801
125,6.22163e-06,-1.804937821
126,7.881630000000001e-06,-1.841744754
127,7.019330000000001e-06,-2.979534513
128,7.0824300000000006e-06,-3.1617186250000002
129,4.49853e-06,-4.501859641999999
130,2.71083e-06,-4.0404911519999995
131,-3.2720000000000256e-08,-3.695143133
132,-1.596900000000005e-07,-3.072637751
133,2.61583e-06,-2.348302768
134,4.59433e-06,-2.390457831
135,8.42303e-06,-2.847887548
136,7.370629999999999e-06,-3.346458563
137,7.62453e-06,-2.9389795750000003
138,7.81773e-06,-2.1009788350000003
139,9.98723e-06,-0.7873507200000001
140,1.569863e-05,0.29715127099999994
141,2.080323e-05,0.2387681319999999
142,3.4492130000000003e-05,0.708008585
143,3.6662330000000005e-05,0.7800803649999999
144,4.955353e-05,0.7580929839999999
145,5.293663e-05,0.935315364
146,6.238083e-05,2.204793705
147,6.0721629999999993e-05,2.233712732
148,7.080392999999999e-05,3.92945314
149,6.815542999999999e-05,2.3297246
150,7.342202999999999e-05,2.585950675
151,6.627412999999999e-05,2.230334232
152,6.285993e-05,2.578022446
153,5.912633e-05,2.738218383
154,6.253973e-05,3.156418385
155,6.310433e-05,2.153869113
156,5.5304329999999994e-05,2.606337489
157,4.3604329999999994e-05,1.1604768669999999
158,4.600433e-05,1.668946627
159,2.7904330000000002e-05,-0.020877077000000077
160,4.210433e-05,0.964645492
161,2.3204330000000003e-05,-0.834334066
162,2.5404330000000002e-05,-1.21094065
163,1.590433e-05,-1.091926792
164,1.0304330000000001e-05,-1.223204001
165,1.5104329999999999e-05,-0.24898860900000008
166,9.904330000000001e-06,-1.505381544
167,1.590433e-05,-1.4837639340000002
168,1.0904329999999999e-05,-2.896783029
169,1.080433e-05,-2.784525982
170,5.5043299999999995e-06,-3.774969191
171,4.60433e-06,-3.104877665
172,-1.53567e-06,-3.197980903
173,2.80433e-06,-2.726317818
174,-4.756700000000008e-07,-3.356593608
175,1.6432999999999983e-07,-4.976885507
176,3.843299999999994e-07,-4.35278001
177,-9.12667e-06,-5.807954573
178,-9.22267e-06,-4.602659899
179,-1.547567e-05,-3.0714489990000002
180,-1.909567e-05,-5.699251126
181,-9.50867e-06,-3.421131219
182,-2.0895670000000002e-05,-5.388154288000001
183,-1.899567e-05,-6.843328936000001
184,-2.029567e-05,-4.615704482
185,-2.909567e-05,-4.396713136000001
186,-2.419567e-05,-6.153085488
187,-1.889567e-05,-4.91235104
188,-3.340857e-05,-6.227933895
189,-3.018597e-05,-6.899568178000001
190,-2.686757e-05,-4.602252145
191,-3.529137e-05,-6.520790631000001
192,-4.0492570000000004e-05,-8.674375218
193,-4.011007e-05,-7.335204585
194,-5.1214270000000007e-05,-7.023738627
195,-5.667097e-05,-10.01350362
196,-6.346677e-05,-10.604591535
197,-8.439927000000001e-05,-10.156870874
198,-0.00010118307,-10.5839715
199,-0.00010172447000000001,-11.261363506
200,-0.00012071067000000001,-11.830875196000001
201,-0.00014062167000000001,-15.161612866
202,-0.00014275967,-14.693915636
203,-0.00014757767,-12.974584986
204,-0.00015769367000000002,-16.533038905999998
205,-0.00015909767,-17.009035866
206,-0.00016509567,-14.856903796000001
207,-0.00017750767,-16.464933646
208,-0.00017591267,-18.577336086
209,-0.00017929567,-17.133014726
210,-0.00018238967,-16.153056656
211,-0.00017980667,-16.637408116
212,-0.00017849867,-16.667283506
213,-0.00017907167,-17.836947616
214,-0.00017712567000000002,-15.393882616
215,-0.00017597767,-14.591145296
216,-0.00017409467,-15.356663316
217,-0.00016812667,-14.275714536
218,-0.00016563867,-11.879591666
219,-0.00015625767,-11.092673826
220,-0.00013905867000000002,-10.716068536
221,-0.00013385667,-10.326199694
222,-0.00012741266999999999,-9.122272054
223,-0.00010092757,-6.4265377180000005
224,-8.593077e-05,-5.467199874
225,-6.882767e-05,-4.01832853
226,-5.4405770000000005e-05,-3.554594949
227,-3.6631969999999995e-05,-2.707708738
228,-1.9560770000000002e-05,-1.279072369
229,3.2218300000000006e-06,0.060466826999999945
230,2.405853e-05,1.1757072769999999
231,5.0414330000000005e-05,3.02947611
232,7.460133e-05,3.5805535330000002
233,8.375972999999999e-05,5.0503726790000005
234,9.349233e-05,5.197701258
235,0.00011630433,6.880593767000001
236,0.00012230433,7.36789748
237,0.00012830433,7.482537518999999
238,0.00013363233,7.832218276999999
239,0.00014757633,8.358126417
240,0.00014830433,9.669741374
241,0.00014930433,9.042257494
242,0.00015330433,9.144030374
243,0.00015682933,9.971720423999999
244,0.00015781933,8.528223414
245,0.00016633933,10.533889914
246,0.00016177533,10.344169974
247,0.00017619933,10.381797724
248,0.00018688933,11.690639533999999
249,0.00018028333,10.325972334
250,0.00019981133,11.667089623999999
251,0.00021806433,14.000409414
252,0.00022339233,13.839669484
253,0.00024202632999999999,12.820308473999999
254,0.00025089633,15.286134554
255,0.00025628933,16.202902683999998
256,0.00028389133,17.747800914
257,0.00029572933,18.747969034
258,0.00031519333,17.266845674
259,0.00034489933,19.629706414
260,0.00033759333,20.529878254
261,0.00035692933,20.786106624
262,0.00036733133,21.955349834
263,0.00036414033,19.916256584
264,0.00037489433,21.018335124
265,0.00037189533,22.285016954
266,0.00036841633,19.444183794
267,0.00037132133,19.531920544
268,0.00035504733,19.174464374
269,0.00034965433,17.426256864
270,0.00035444132999999997,17.668795624
271,0.00032562733,14.583197914
272,0.00031484233,12.592176934
273,0.00030826833,13.503243734
274,0.00025134433,10.915220254
275,0.00023794133000000001,7.019349262
276,0.00020916033,7.539730178999999
277,0.00015616033,5.362017022
278,0.00014872533,2.709847136
279,0.00012568733,2.394590521
280,5.801003e-05,-1.30443515
281,4.722443e-05,-1.885993997
282,4.62553e-06,-3.860359915
283,3.816899999999994e-07,-5.532983633000001
284,-3.159047e-05,-5.766988652
285,-3.7748170000000004e-05,-8.701336596
286,-6.662547e-05,-9.758698622
287,-7.275207e-05,-11.127569486
288,-9.888587e-05,-11.161234616
289,-0.00011850967,-12.923952786000001
290,-0.00013392167000000001,-14.096950416
291,-0.00014438667000000002,-15.523617186000001
292,-0.00015303467,-15.861447596
293,-0.00016091567,-16.781775896
294,-0.00017211567,-17.550260496
295,-0.00017811467,-18.529438896000002
296,-0.00018411367,-19.034767586
297,-0.00018845167,-19.389795826
298,-0.00019655767000000002,-19.870347436
299,-0.00019831267,-20.068186796
300,-0.00020268467,-20.308168456
301,-0.00020376967,-20.447158526
302,-0.00020616267,-20.784165556
303,-0.00020664067,-21.106351706
304,-0.00021254367,-21.363575666
305,-0.00021560667,-19.920666346
306,-0.00021008767,-19.241686516
307,-0.00020916267,-20.208956756
308,-0.00021155467,-19.499910606
309,-0.00020380167000000002,-18.671218606
310,-0.00020415267,-19.600313336
311,-0.00020456767000000001,-18.560138256000002
312,-0.00020105767000000002,-17.124950176000002
313,-0.00019978067,-17.988081906
314,-0.00020083267,-18.658761946000002
315,-0.00020051567,-15.269403766
316,-0.00019876067,-15.951937706
317,-0.00019129267,-16.239459006
318,-0.00018870867,-13.595219816
319,-0.00019291967,-13.645903396000001
320,-0.00017150967,-12.608693696000001
321,-0.00015105667,-9.951601709
322,-0.00012294567,-8.755206724
323,-9.387627e-05,-6.259897820000001
324,-7.339087000000001e-05,-3.85862039
325,-3.8641670000000004e-05,-1.654542135
326,1.994243e-05,1.891413692
327,8.257963e-05,5.023544764
328,0.00013519633,8.970519356999999
329,0.00017747432999999998,12.458306074
330,0.00024464233,15.794194604000001
331,0.00032428633,20.323661194
332,0.00038319033,23.819158784
333,0.00046111133,27.531655854
334,0.00050259233,31.773242143999997
335,0.00056098633,35.056684504
336,0.00060568933,38.909332654
337,0.00067499533,41.667237074000006
338,0.00071906133,45.134801994
339,0.00075518133,48.091682134
340,0.00080623533,50.227426304000005
341,0.00084130333,52.775223344000004
342,0.00086989333,54.294510604
343,0.00090435433,56.098776894000004
344,0.00092720133,57.289798224
345,0.00094098633,58.531344674
346,0.00094500533,59.141587844
347,0.00095662033,59.912397824
348,0.00095649333,60.183717564000005
349,0.00095840633,60.261522744000004
350,0.00095505633,59.94493429400001
351,0.00095617433,60.213421614000005
352,0.00095269633,60.018950284000006
353,0.00094982533,59.297984784
354,0.00094838833,57.870334504000006
355,0.00093951833,56.211409124000006
356,0.00093450833,55.859751734
357,0.00091204433,55.319157834
358,0.00090716133,52.882869394000004
359,0.00090620533,53.104443504
360,0.00089050633,51.298609754000005
361,0.00088492233,48.916944644000004
362,0.00087180733,47.980550234000006
363,0.00083230333,46.069967704
364,0.00081035033,43.681951764000004
365,0.00079197133,42.025038244
366,0.0007570963299999999,40.260545514
367,0.00070479833,37.515341054000004
368,0.00066414533,35.368908224
369,0.00062489833,32.355795944
370,0.00056976033,29.259516164
371,0.00052850233,26.581606953999998
372,0.00046372633,23.039021104
373,0.00041682133,19.518603684
374,0.00037358533,15.892996504
375,0.00031158633,12.328021304
376,0.00023222932999999998,7.590420219
377,0.00016774333,3.0963510260000002
378,7.591003e-05,-1.043058889
379,3.988329999999999e-06,-5.818310207
380,-6.949757e-05,-11.121052906000001
381,-0.00014263167,-15.927179326000001
382,-0.00018886767,-20.903227636
383,-0.00028488067000000003,-26.761386276
384,-0.00037211867,-32.007885256
385,-0.00043242567,-36.791487325999995
386,-0.00051819767,-42.377370856
387,-0.00061478467,-47.843288756
388,-0.00070317167,-52.682679686
389,-0.0007442376700000001,-57.448812006
390,-0.00085585367,-62.722698986
391,-0.00093903967,-67.255605516
392,-0.00099350767,-70.852478476
393,-0.0010596546699999999,-75.856636686
394,-0.00111307067,-79.16700224600001
395,-0.0011589536699999998,-81.818001006
396,-0.0012169966699999998,-85.838829206
397,-0.0012490656699999999,-87.426122926
398,-0.00128352567,-89.186838076
399,-0.00132733767,-91.341389726
400,-0.0013597876699999998,-91.530337296
401,-0.0013686576699999998,-92.426546886
402,-0.0013730936699999999,-92.47900794600001
403,-0.0014084806699999999,-92.21840774600001
404,-0.0013868776699999998,-90.785629396
405,-0.0013887606699999999,-91.467940426
406,-0.00138732567,-89.962860256
407,-0.00136690367,-87.44929770600001
408,-0.00133773867,-84.243077056
409,-0.0013233166699999999,-81.993272276
410,-0.0012794106699999998,-82.975186076
411,-0.0012079976699999999,-77.324332146
412,-0.00119073567,-73.952746296
413,-0.00116798367,-71.918795856
414,-0.00109204167,-69.68304238600001
415,-0.0010543576699999998,-64.709347606
416,-0.00102519267,-60.881801976
417,-0.00097621367,-58.918916716
418,-0.00086632067,-55.329933716
419,-0.00079912067,-50.168177625999995
420,-0.00076360667,-46.517020945999995
421,-0.00071178667,-43.154795926
422,-0.00060884967,-38.645479695999995
423,-0.00055390267,-33.908451526
424,-0.00050320067,-30.048610756000002
425,-0.00042486367,-25.805826076
426,-0.00034537867,-20.525065966
427,-0.00029273067,-16.540471296
428,-0.00023054067,-11.865621846
429,-0.00016231967,-6.512382365000001
430,-8.822877000000001e-05,-2.369006285
431,-3.790717e-05,1.7747970290000001
432,5.306353e-05,6.538723041999999
433,0.00013494133,11.871337784
434,0.00019901433,16.166020453999998
435,0.00027916833,21.038646063999998
436,0.00038264833,26.680339694
437,0.00045613333,30.829880564
438,0.00052132333,35.766278164000006
439,0.00059484033,41.252145874
440,0.00069934133,46.127735574000006
441,0.00075489533,50.838180434
442,0.00085384233,56.508371234
443,0.00093048733,61.510314214000005
444,0.00098221033,66.537792504
445,0.00104296533,71.431574214
446,0.0011349903300000002,76.977445694
447,0.00121447433,81.931623184
448,0.00125869933,85.880162594
449,0.0013663913300000002,90.786438354
450,0.0014682433300000001,94.316318864
451,0.0015524193300000002,98.476144214
452,0.00159163533,101.31740790399999
453,0.0016501873300000002,103.447581804
454,0.00170526033,107.145588304
455,0.0017317463300000001,105.645873604
456,0.0017798643300000001,107.717832104
457,0.00177724633,108.120010404
458,0.00177201333,105.834181304
459,0.0017748853300000001,105.03942720399999
460,0.0017446363300000001,102.787014904
461,0.0017242473300000001,97.77484499399999
462,0.0017050063300000002,94.957175854
463,0.00165066633,90.454614364
464,0.0015823483300000001,85.12280968399999
465,0.00145707633,79.65242308399999
466,0.00135605333,73.34499227399999
467,0.0012734733300000002,66.956234174
468,0.0011592403300000002,60.176756914
469,0.00106130433,53.596085704000004
470,0.00095330433,46.419815464
471,0.00087530433,39.686867064000005
472,0.00079436533,32.800655784
473,0.00067230433,26.321954773999998
474,0.00057330433,20.140077364
475,0.00045730433,13.518967203999999
476,0.00038430433,7.986557355
477,0.00029430433,2.166637216
478,0.00018930432999999998,-3.524800311
479,7.630433e-05,-8.782791629
480,1.1134629999999999e-05,-13.956624716
481,-5.689457e-05,-17.947930756
482,-0.00013095467,-23.218792206
483,-0.00017852967,-27.870471346000002
484,-0.00024844167,-31.810918566
485,-0.00034273067,-36.950504525999996
486,-0.00041631267,-41.699211856
487,-0.00046864267,-45.687738675999995
488,-0.00053935167,-50.555096825999996
489,-0.00064918167,-55.944978956
490,-0.00069410967,-60.258295765999996
491,-0.00075339567,-65.103618326
492,-0.00088686967,-70.678245006
493,-0.00094657067,-75.026412076
494,-0.00101766367,-80.475694956
495,-0.0011198016699999998,-85.223641496
496,-0.0011718456699999998,-89.448233606
497,-0.0012660406699999999,-95.371373416
498,-0.0013237946699999998,-98.75760622600001
499,-0.00140761867,-102.862422196
500,-0.00153072267,-107.931725896
501,-0.0015608126699999999,-110.291296196
502,-0.00162654367,-114.49331429600001
503,-0.00170535767,-116.029703896
504,-0.00175022067,-117.985702696
505,-0.0018425336699999999,-122.32054019600001
506,-0.00186515567,-121.597887996
507,-0.00188318667,-124.13061229600001
508,-0.0019100836699999998,-124.348609396
509,-0.0019164976699999998,-123.65640589600001
510,-0.0019412896699999998,-125.382270496
511,-0.0019302826699999999,-121.88200399600001
512,-0.00192556067,-122.10852289600001
513,-0.0019163706699999998,-121.39807949600001
514,-0.00190092667,-117.108929696
515,-0.0018908106699999999,-115.39390109600001
516,-0.00182664367,-110.987368496
517,-0.00175312467,-107.28035749600001
518,-0.0017086956699999998,-102.679916696
519,-0.0016286956699999998,-97.122903616
520,-0.0015586956699999998,-92.667562086
521,-0.0014432926699999998,-85.953177306
522,-0.0013186956699999999,-79.294617356
523,-0.0012186956699999998,-73.08332989600001
524,-0.00110869567,-65.409972716
525,-0.00100646367,-57.389897866
526,-0.00087860467,-50.806800986
527,-0.00072652867,-42.444751915999994
528,-0.00060093567,-34.170011916
529,-0.00048804367,-27.168722336000002
530,-0.00037176867,-19.087905986
531,-0.00024432467,-11.422873036
532,-0.00014802467,-4.289901
533,-3.940817e-05,2.465874475
534,6.110493e-05,9.957014154
535,0.00019081232999999998,16.107831854
536,0.00030265232999999997,22.546353004
537,0.00039671833,28.808841384
538,0.00046902533,33.860266864
539,0.00056133633,39.566929764
540,0.00064965933,43.963758224
541,0.00075202233,49.201723154
542,0.00081220233,53.766216724
543,0.00088351733,57.96874123400001
544,0.00092219033,62.521388814000005
545,0.0009802643300000002,66.513834844
546,0.0010578033300000002,71.449649814
547,0.0011252273300000001,75.576335114
548,0.00119159633,80.059092114
549,0.0012632633300000001,84.92889519399999
550,0.00132538833,89.099191124
551,0.00140761733,93.739322524
552,0.00150873633,98.302469574
553,0.00159543133,102.799634804
554,0.00165774833,107.862133004
555,0.00170698333,111.469870504
556,0.0018017523300000002,116.005871704
557,0.0018820663300000001,119.759117304
558,0.0019677413300000003,123.43756050399999
559,0.0020441633300000003,125.368345204
560,0.00211359633,128.520274204
561,0.0021636293300000002,130.061780104
562,0.00220673833,130.285157604
563,0.00222677633,130.086907204
564,0.0022586523300000003,129.675075304
565,0.00225067533,128.727980004
566,0.00222798933,126.596041504
567,0.00220724833,123.349733704
568,0.00218835833,119.941390304
569,0.00212868833,115.658835404
570,0.00203717433,110.429066904
571,0.00196822033,105.137450704
572,0.0018420533300000002,98.40790067399999
573,0.0017596663300000002,91.594190614
574,0.0016789363300000002,84.54189216399999
575,0.00152848733,76.419957024
576,0.00139265233,68.327463674
577,0.00126884633,60.076190754
578,0.00113313833,51.373869454
579,0.00099941033,42.512511134
580,0.00087199833,34.215333334
581,0.00076338133,25.273120454
582,0.00061216733,16.114925744
583,0.00044943232999999997,7.178099282
584,0.00033095633,-1.117557581
585,0.00015405532999999998,-11.443472956
586,7.4976299999999996e-06,-20.265685976
587,-8.567447e-05,-27.331928676
588,-0.00023877267,-36.428149925999996
589,-0.00038756267,-44.065098735999996
590,-0.00048312967,-51.568760815999994
591,-0.00061877367,-59.016357875999994
592,-0.00073903667,-65.82941110600001
593,-0.00084924967,-72.444402346
594,-0.00094280567,-79.38353182600001
595,-0.0010550926699999998,-84.284514666
596,-0.0011385966699999999,-89.68970285600001
597,-0.00124281067,-95.116405466
598,-0.0012996076699999999,-98.48823122600001
599,-0.0013732206699999998,-102.870199396
600,-0.00146604367,-106.575239596
601,-0.0014969626699999998,-108.906840196
602,-0.00156116267,-112.947065296
603,-0.00160775067,-114.453385196
604,-0.0016310746699999999,-116.262889496
605,-0.0016962636699999999,-118.72115909600001
606,-0.00170848567,-119.50511179600001
607,-0.00172424867,-121.409781596
608,-0.0017839176699999998,-121.614927496
609,-0.0017812056699999998,-121.792549396
610,-0.0018283026699999999,-125.11500959600001
611,-0.0018259726699999998,-123.358846996
612,-0.00182715367,-124.259405996
613,-0.00183580067,-124.42060189600001
614,-0.0018069226699999998,-121.606268496
615,-0.00182868567,-121.95872919600001
616,-0.00181119867,-120.456609396
617,-0.00177064267,-119.439609996
618,-0.00175835867,-116.454971696
619,-0.00173356567,-113.437621796
620,-0.00169722167,-111.715905596
621,-0.00162689467,-106.943000696
622,-0.0015632696699999999,-102.078222296
623,-0.00149868567,-97.531266716
624,-0.00137066867,-91.541380296
625,-0.00126166867,-84.94654251600001
626,-0.0011685276699999999,-78.360248686
627,-0.0010471786699999999,-70.925445626
628,-0.00092372367,-62.289146695999996
629,-0.00076127667,-54.351857546
630,-0.00063874667,-45.232221325999994
631,-0.00047706767,-35.794145095999994
632,-0.00034534767,-26.535525026000002
633,-0.00017434967,-16.792976746
634,-5.711737e-05,-7.642477526
635,0.00010564933,2.468997219
636,0.00028858133,11.813306564
637,0.00042747933,21.143439314
638,0.00058858633,30.936460784
639,0.00076743433,39.798784394
640,0.00086788333,48.097427394
641,0.0009788613300000001,56.723689404000005
642,0.0011175033300000001,64.47520554399999
643,0.00121894133,71.543384764
644,0.00132736733,78.974490394
645,0.00145991633,85.86953114399999
646,0.00158024333,91.364493724
647,0.0016774063300000002,98.060547144
648,0.0017503803300000001,104.144390304
649,0.00183356633,108.702947704
650,0.0019480873300000002,114.163016104
651,0.0020383563300000003,119.500923504
652,0.00209524933,122.992835004
653,0.00219119833,127.53551270399998
654,0.0022738093300000003,131.797622704
655,0.0023790443300000003,134.287602604
656,0.00245894433,137.668061204
657,0.00253759933,140.009863304
658,0.00264994833,141.068826904
659,0.0027090113300000003,142.560243504
660,0.00278348633,143.025138904
661,0.00284778233,142.988502604
662,0.00285850333,142.899441104
663,0.00286992633,141.563296704
664,0.00286724633,140.81597760399998
665,0.0028635453300000003,137.436387604
666,0.00284261233,136.251316004
667,0.00279972833,132.467728004
668,0.00275062033,128.245213204
669,0.0026838353300000003,124.78003060399999
670,0.00258099433,119.78817700399999
671,0.00251325133,114.82809790399999
672,0.0024318213300000002,109.909743604
673,0.00231417333,103.914226904
674,0.0022305423300000003,98.62953568399999
675,0.00214346133,93.027497494
676,0.00204429133,87.32403890399999
677,0.0019598283300000002,81.93025144399999
678,0.00187246233,76.574681994
679,0.00180401833,71.531977224
680,0.0017378083300000002,66.047101714
681,0.00166914133,60.958477624000004
682,0.0015814233300000002,56.452772714000005
683,0.0014843263300000002,51.335804404
684,0.00140417133,46.51907163400001
685,0.0013498943300000001,42.027772934000005
686,0.00125704033,36.646269364000005
687,0.0011842883300000001,31.664526573999996
688,0.00109669833,26.942974124
689,0.00102123533,21.428349234
690,0.00092637133,15.748236444
691,0.00084292933,9.555627714
692,0.00077005133,4.434886746
693,0.00067799433,-3.751291075
694,0.00054311633,-9.236008866
695,0.00042227933,-16.475312876
696,0.00029263433,-25.277135656000002
697,0.00017804932999999998,-32.027182466
698,3.736413e-05,-40.067825995999996
699,-0.00010182097,-47.918394375999995
700,-0.00023066967,-55.790589915999995
701,-0.00038057567,-64.958540826
702,-0.00052805667,-71.619284846
703,-0.00062553767,-79.42594151600001
704,-0.00081363867,-87.54998084600001
705,-0.00089692067,-93.342905106
706,-0.0010407326699999999,-101.174701696
707,-0.00117749467,-106.787562496
708,-0.00126757267,-111.703851996
709,-0.0014071706699999998,-117.57091769600001
710,-0.0014609696699999998,-121.134841796
711,-0.00153994367,-125.826546296
712,-0.0016380946699999998,-128.698511296
713,-0.0016850956699999999,-130.324797996
714,-0.0017674516699999999,-134.11494789600002
715,-0.00178787467,-134.199945996
716,-0.0017964886699999999,-135.36957779600002
717,-0.00183050367,-135.826000396
718,-0.00181952767,-133.904919496
719,-0.00182839767,-136.044600996
720,-0.0018125076699999998,-132.96015139600001
721,-0.0018015316699999998,-130.571566096
722,-0.00180379767,-129.364827996
723,-0.00174824367,-124.387382796
724,-0.00172064167,-122.33257759600001
725,-0.0016451786699999999,-118.287386696
726,-0.0015615146699999999,-115.506645996
727,-0.00149383567,-109.174600696
728,-0.0013815806699999998,-102.58930449600001
729,-0.0013410266699999999,-99.757714296
730,-0.00121380467,-93.05239634600001
731,-0.00113751267,-88.505018186
732,-0.0010454876699999998,-81.175595246
733,-0.00093055267,-76.98223018600001
734,-0.00086896867,-72.057068196
735,-0.00071768967,-64.382524796
736,-0.00066379567,-60.362643465999994
737,-0.00057974867,-54.078559375999994
738,-0.00048399067,-50.542437656
739,-0.00043012867,-45.468393676
740,-0.00034812467,-40.875732625999994
741,-0.00030463267,-38.442732905999996
742,-0.00023140267,-34.001337326
743,-0.00017469567,-31.692912126
744,-0.00014669567,-28.751253076
745,-9.749567000000001e-05,-25.997312046
746,-8.548437000000001e-05,-24.809066756
747,-5.0695669999999994e-05,-21.975888476
748,-7.33567e-06,-19.475429936
749,2.220433e-05,-16.700682106
750,5.421253e-05,-15.611838796
751,0.00010552132999999999,-11.804094186
752,0.00016043633,-8.445015465
753,0.00027077533,-4.759239981
754,0.00031819233,-0.393490425
755,0.00038906133,4.258746832
756,0.00046979033,9.848007014
757,0.00056376133,15.120855354
758,0.00068635433,21.950846874
759,0.00081095833,29.215867583999998
760,0.00087088233,35.280747734
761,0.0009905393300000001,42.982160804
762,0.0011127813300000002,50.576846364000005
763,0.00123250233,57.769409484
764,0.0013536283300000001,65.612396914
765,0.0014531823300000001,71.378667334
766,0.0016183103300000002,77.72547545399999
767,0.00170155933,84.362206004
768,0.0017591543300000002,87.699039594
769,0.00184310533,92.343353614
770,0.00189598033,96.421970074
771,0.00193404633,97.075779684
772,0.00198385633,98.58482976399999
773,0.00198347233,99.32339020399999
774,0.0019686353300000002,96.484359024
775,0.00196774233,96.412448934
776,0.00193596033,92.72174612399999
777,0.00188104533,86.786783274
778,0.0018477013300000002,84.025905954
779,0.0017737683300000002,79.489890574
780,0.00168809333,71.934623954
781,0.0015968363300000001,67.059820244
782,0.00146750933,60.676922114
783,0.0013817403300000002,53.544000224
784,0.0012768243300000002,47.951984244
785,0.0011758643300000002,42.035452454
786,0.0010754803300000002,35.598671964000005
787,0.00101019433,30.708803793999998
788,0.00090368433,24.977380524
789,0.00085176833,20.762346414
790,0.00078357933,16.736969553999998
791,0.00075508533,12.682538853999999
792,0.00071571033,10.785943024
793,0.00066535833,7.898768258999999
794,0.00062537733,6.173910254000001
795,0.00058191733,4.188079921
796,0.00057081333,3.1592256720000003
797,0.00056331533,3.2324875160000004
798,0.00055323133,1.9533413670000002
799,0.00054793533,1.933951286
800,0.00055214633,2.384817428
801,0.00054723333,2.015141295
802,0.00054678633,2.183243527
803,0.00054758333,1.685298375
804,0.00055052033,2.346815746
805,0.00054675333,2.3949880439999998
806,0.00054190433,0.777993666
807,0.00053437333,0.513660813
808,0.00051404633,-0.230635284
809,0.00048839333,-2.4158925140000003
810,0.00046912133,-3.745318949
811,0.00041455533,-6.222462203999999
812,0.00036924633,-9.715375739
813,0.00032135133,-13.024779556
814,0.00024729133,-17.319433526
815,0.00017495433,-21.988537316000002
816,7.654882999999999e-05,-27.871294166000002
817,-3.54277e-06,-33.091305575999996
818,-0.00011050067000000001,-39.858551066
819,-0.00022141467,-46.866007366
820,-0.00033341367,-52.994682755999996
821,-0.00045945367,-60.746270276
822,-0.00056685767,-67.44025886600001
823,-0.00071666867,-75.075848406
824,-0.00081099067,-80.30873368600001
825,-0.00090422767,-87.411442546
826,-0.00100394267,-92.928282666
827,-0.0010798216699999998,-96.27053918600001
828,-0.00116989967,-100.710401866
829,-0.00122893067,-102.87822509600001
830,-0.0012308136699999998,-103.58222949600001
831,-0.00124443867,-105.006288596
832,-0.00123671567,-101.03199689600001
833,-0.0012302706699999998,-98.599399656
834,-0.00119466167,-96.523193336
835,-0.00109318967,-90.533319386
836,-0.00099248767,-82.91063685600001
837,-0.00091076967,-77.07575638600001
838,-0.00075540467,-68.244579946
839,-0.00062834567,-59.941140825999994
840,-0.00048596867,-52.065797915999994
841,-0.00031736467,-40.971195636
842,-0.00017144567,-32.211329666
843,-5.9989470000000004e-05,-24.627845726
844,0.00010166033,-14.888672846
845,0.00026630433,-6.672553456999999
846,0.00034230433,-0.5908290780000001
847,0.00046630433,4.91964585
848,0.00055730433,10.920761784
849,0.00062230433,15.388103974
850,0.00068030433,17.600639614
851,0.00073830433,19.950252034
852,0.00075730433,22.159445134
853,0.00076730433,22.314857814
854,0.00077130433,21.928956304
855,0.00076730433,21.351147064
856,0.00075730433,20.337896894
857,0.00075430433,19.196352104
858,0.00074430433,17.579168434
859,0.00074030433,16.407339034
860,0.00073230433,15.636042954
861,0.00071330433,14.029790924
862,0.00072130433,14.455293954
863,0.00071730433,14.602036454
864,0.00071330433,14.349148404
865,0.00073730433,16.912219674
866,0.00074830433,18.510347874
867,0.00075330433,20.277403054
868,0.00078530433,23.848530034
869,0.00082830433,26.930168234
870,0.00085530433,30.224472044
871,0.00092930433,35.054355694
872,0.00097330433,38.866277744
873,0.00104765633,43.154403664
874,0.00112187533,48.209992784
875,0.0011945313300000002,51.940144264000004
876,0.00126546533,56.960872074
877,0.00133754533,62.128745604
878,0.0014127543300000002,65.64875940399999
879,0.0014718813300000002,69.793723954
880,0.00157517033,73.955111664
881,0.0016445073300000001,77.37730618399999
882,0.00168251033,79.52673882399999
883,0.0017088673300000002,82.947160244
884,0.00174272133,84.69378896399999
885,0.0017623133300000001,85.74246693399999
886,0.0017663983300000002,86.404410664
887,0.00178592733,85.812195504
888,0.00178800033,86.330015694
889,0.0017839793300000002,84.484748844
890,0.00177038633,81.32708619399999
891,0.0017640053300000001,79.80895399399999
892,0.0017242793300000002,75.455494844
893,0.0016413483300000001,69.897965164
894,0.00155768333,65.506288864
895,0.0014449833300000001,59.781229734
896,0.00134293833,51.876645864000004
897,0.00123760833,45.049050484000006
898,0.00110588933,37.870956444
899,0.0009866783300000001,28.739868504
900,0.00085007833,20.047184773999998
901,0.00075179933,12.301376074
902,0.00058654433,3.1922998220000003
903,0.00045801533,-5.733858709
904,0.00032837133,-12.882669916000001
905,0.00017259232999999999,-21.650594606000002
906,4.668063e-05,-30.248292026
907,-3.6886670000000005e-05,-36.194780806
908,-0.00018038067,-42.523021625999995
909,-0.00029339967,-50.083115236
910,-0.00037712967,-55.77593813599999
911,-0.00047071667,-60.473981005999995
912,-0.00056877267,-66.82842359600001
913,-0.00063680167,-72.224484626
914,-0.00076031967,-76.440555426
915,-0.00084041067,-82.562496196
916,-0.00090330267,-88.17596145600001
917,-0.00098664767,-92.552243606
918,-0.0011171856699999998,-99.166473776
919,-0.00122641067,-105.758180296
920,-0.0013239866699999998,-111.90233879600001
921,-0.00145583267,-118.783095196
922,-0.0015989116699999999,-126.636898696
923,-0.00176209267,-134.792293396
924,-0.00189167267,-140.759816496
925,-0.0020813066699999997,-148.53942339600002
926,-0.00231487667,-154.606132996
927,-0.00259720467,-157.135965496
928,-0.00294689267,-161.086711296
929,-0.00323834567,-164.190764596
930,-0.00339348567,-165.315539896
931,-0.0037534776699999998,-165.59612019600002
932,-0.00391452167,-167.574077196
933,-0.00401446067,-169.439573496
934,-0.004133861670000001,-165.811194696
935,-0.00418826567,-167.80001979600002
936,-0.00418067167,-167.881633096
937,-0.004141232670000001,-160.826444196
938,-0.004151602670000001,-158.852238396
939,-0.00410048567,-155.897816196
940,-0.00400086667,-150.875200596
941,-0.00386786967,-142.910121196
942,-0.00375137367,-136.494846996
943,-0.00362341767,-129.872494896
944,-0.00345755767,-121.286832896
945,-0.00333298767,-112.683758196
946,-0.00317344467,-104.008204296
947,-0.00298317267,-95.385504596
948,-0.00282918067,-86.75173273600001
949,-0.00268201767,-77.760338436
950,-0.00253820667,-68.933938576
951,-0.00234180767,-60.946271046
952,-0.0022105986699999997,-52.872894196
953,-0.00206104467,-44.203330855999994
954,-0.0019240596699999998,-37.295254785999994
955,-0.0018372366699999998,-29.715542196
956,-0.0017069216699999998,-22.727511986
957,-0.00160149667,-16.605531486
958,-0.00146945767,-9.382092798
959,-0.0013878036699999999,-4.400287712
960,-0.0012970876699999999,1.5152710379999998
961,-0.00119194767,7.004350033
962,-0.00112631167,10.115325124
963,-0.0010216516699999999,15.539826244
964,-0.00096501367,17.966060244
965,-0.00093967767,20.259241134
966,-0.00087136167,22.912958154
967,-0.00085837467,22.811384504
968,-0.00084056967,24.483773194
969,-0.00083938967,23.783804354
970,-0.00085027067,21.949419333999998
971,-0.00085566267,20.867473284
972,-0.00088744367,17.637113984
973,-0.00090451467,14.789302924
974,-0.00094079467,11.616765164
975,-0.00099845367,6.782298126000001
976,-0.00109663667,1.4211624189999998
977,-0.00113259867,-0.53897578
978,-0.0012169636699999999,-4.249338581
979,-0.0013164866699999999,-9.871078397
980,-0.0013409616699999998,-11.702907416
981,-0.0013816766699999998,-13.303229376
982,-0.0014287106699999998,-17.192358066
983,-0.00143119967,-19.556658806
984,-0.00144932367,-17.885027786000002
985,-0.00146974467,-17.282496426
986,-0.0014586956699999998,-19.321597886
987,-0.00143869567,-16.024102146
988,-0.00142869567,-11.628044676
989,-0.00142869567,-10.392638079000001
990,-0.00135869567,-7.4467961
991,-0.0012909596699999999,-2.147420083
992,-0.0012493516699999998,0.8332732030000001
993,-0.0011743986699999998,5.134448711999999
994,-0.00110352967,9.744789294
995,-0.0010480396699999999,11.320583884
996,-0.0010047396699999999,14.622210744
997,-0.00096983167,16.415589854
998,-0.0009504636700000001,16.599957414
999,-0.00094909167,16.508083634
1000,-0.00095158067,16.116030414
1001,-0.00096976767,12.922126694
1002,-0.0009863606699999999,9.615144844
1003,-0.0010366806699999998,4.891157123999999
1004,-0.00111495267,-0.448037004
1005,-0.00124395967,-7.620209280999999
1006,-0.0013591816699999998,-14.564899896
1007,-0.00147290367,-22.798215756
1008,-0.00162389567,-29.296245436
1009,-0.0017740896699999999,-39.925119806
1010,-0.0018976076699999999,-49.099819786
1011,-0.0020163396699999997,-55.592285755999995
1012,-0.0021621936699999997,-63.890394005999994
1013,-0.00227633167,-70.664626776
1014,-0.00237847067,-75.285258156
1015,-0.0024905976699999997,-79.72095833600001
1016,-0.00255639467,-81.212221146
1017,-0.00255179867,-81.48135709600001
1018,-0.00254528867,-79.755475786
1019,-0.00250396767,-74.780576666
1020,-0.0023769396699999997,-68.314690896
1021,-0.0022576656699999998,-58.908937855999994
1022,-0.00203928167,-45.577371526
1023,-0.0018425336699999999,-32.341056066
1024,-0.0015445066699999999,-13.309595386
1025,-0.0012378656699999998,6.389163315999999
1026,-0.00088303967,27.554515074
1027,-0.00043756367,52.761433184000005
1028,4.8755829999999994e-05,76.085827454
1029,0.00065770133,102.225300604
1030,0.00135640433,127.87105850399999
1031,0.0022197883300000003,152.271309204
1032,0.00355816433,166.656407904
1033,0.005535925329999999,174.876332304
1034,0.0076162103299999995,180.518570904
1035,0.00974429433,186.867821704
1036,0.01176178133,190.866225404
1037,0.01380808333,197.06063390399999
1038,0.015391933330000001,200.038420904
1039,0.01766998733,199.151559204
1040,0.01946497633,202.616042104
1041,0.02128166333,202.719294804
1042,0.02290067633,208.567486504
1043,0.02394447133,209.653257204
1044,0.02600749233,204.468435904
1045,0.02715380933,211.643076704
1046,0.02835718233,212.731872304
1047,0.02951776433,217.018958204
1048,0.030449622330000002,212.951936504
1049,0.031958007329999996,211.413818504
1050,0.032561050329999994,219.367377904
1051,0.033432475329999996,219.141595104
1052,0.034291304329999994,221.481441104
1053,0.03519130433,218.69072910399998
1054,0.03615373933,221.669113804
1055,0.03669130433,221.52097300399998
1056,0.03789130433,219.311426404
1057,0.038391304329999994,224.12569470399998
1058,0.03909130433,226.161934604
1059,0.039691304329999996,222.955962904
1060,0.040391304329999995,225.97918460399998
1061,0.04099130433,224.781361004
1062,0.041591304329999995,226.131270904
1063,0.042291304329999994,225.609846804
1064,0.042591304329999996,226.805551804
1065,0.043091304329999996,225.335655304
1066,0.04319130433,224.606142404
1067,0.04319130433,222.011407804
1068,0.04319130433,214.671923504
1069,0.043091304329999996,206.646321804
1070,0.04289130433,191.53181640399998
1071,0.04249130433,175.02992540399998
1072,0.042091304329999996,153.343148004
1073,0.041591304329999995,125.82177110399999
1074,0.04099130433,96.64431403399999
1075,0.04019130433,63.668974564
1076,0.03949130433,28.633869504
1077,0.038691304329999995,-3.702485337
1078,0.03762144233,-37.938793796
1079,0.036495770329999996,-66.791560626
1080,0.03518943033,-93.341989666
1081,0.033842596329999995,-111.988832396
1082,0.032362449329999994,-127.366829096
1083,0.03097295833,-138.856279296
1084,0.02992964033,-146.678863796
1085,0.02896386133,-150.699763596
1086,0.02829894933,-151.112256096
1087,0.028023449330000002,-151.959803996
1088,0.028055549330000002,-146.623290196
1089,0.02823439733,-132.977166496
1090,0.02856037633,-115.494396396
1091,0.02902608233,-93.085921326
1092,0.02959842733,-65.904122736
1093,0.03025124833,-34.09937781599999
1094,0.03090508633,-0.865213342
1095,0.031644730329999995,34.392311704
1096,0.03250543233,69.74946101399999
1097,0.033415117329999994,102.293575304
1098,0.03443405533,130.717912504
1099,0.035534712329999996,154.794153204
1100,0.03664957033,173.194183404
1101,0.03781882833,186.348703104
1102,0.038825835329999996,194.655622704
1103,0.03968937733,201.148519204
1104,0.040295835329999995,204.58553060399998
1105,0.040622931329999994,205.809658804
1106,0.04080937133,205.120145304
1107,0.040796574329999995,199.48586580399999
1108,0.04066705933,191.288631304
1109,0.040416670329999994,179.675959804
1110,0.04013945033,163.370083004
1111,0.039789189329999995,146.481630804
1112,0.039411484329999996,126.877855004
1113,0.038967828329999996,104.207469804
1114,0.038556653329999996,81.988673314
1115,0.038098285329999995,58.946565604
1116,0.037580726329999994,35.215508824000004
1117,0.037049256329999995,12.399200854
1118,0.03650084333,-10.746818971
1119,0.035857916329999996,-33.064870686
1120,0.03524437733,-53.742205225999996
1121,0.034475442329999995,-74.224923116
1122,0.03375772133,-90.454761626
1123,0.03275278833,-108.064533096
1124,0.03178646733,-121.113897796
1125,0.03060160433,-135.968552496
1126,0.02950818933,-147.073810896
1127,0.02812552633,-157.251822396
1128,0.02672955333,-162.467172796
1129,0.02491178333,-168.938874296
1130,0.02346826733,-174.608267796
1131,0.02154439833,-180.321019596
1132,0.02027685933,-188.311481296
1133,0.018742117330000002,-192.34526179600002
1134,0.01704295033,-196.106558696
1135,0.015267170330000001,-197.098664396
1136,0.013280090330000001,-202.676414696
1137,0.01238872233,-207.763662196
1138,0.01032946733,-204.349462996
1139,0.00878212033,-207.891078196
1140,0.00703745133,-211.974420296
1141,0.00626226333,-217.06111829600002
1142,0.00434330933,-214.638214696
1143,0.00339415433,-220.195834996
1144,0.00209346233,-219.534654096
1145,0.00113473433,-220.870574796
1146,-0.00011886067,-218.308112596
1147,-0.00081679867,-221.070735596
1148,-0.0019106266699999998,-218.897477796
1149,-0.0022556866699999997,-222.517579096
1150,-0.0028658116699999997,-219.517475496
1151,-0.00318866367,-219.331527696
1152,-0.00336432067,-222.898708296
1153,-0.0033942826699999997,-214.655928596
1154,-0.0033809126699999997,-210.579755396
1155,-0.00331224567,-203.29701569600002
1156,-0.00314472567,-196.631384596
1157,-0.00286306767,-184.139997396
1158,-0.00260505367,-169.18900989600002
1159,-0.00232626767,-158.360953096
1160,-0.00194901267,-143.365079996
1161,-0.00155315367,-123.810674796
1162,-0.0012113806699999999,-106.669340496
1163,-0.00084934467,-92.443780116
1164,-0.00047336567,-77.712702386
1165,-0.00015823567,-61.262453336
1166,0.00011617833,-47.136885815999996
1167,0.00038564733,-38.567429225999994
1168,0.00064184133,-30.142306906
1169,0.00085125733,-20.250777016
1170,0.00093364633,-16.547717736
1171,0.0010253203300000001,-15.676267496000001
1172,0.0010696093300000002,-14.944441606
1173,0.0010474963300000002,-16.577075785999998
1174,0.0010251603300000002,-20.681299196
1175,0.00094896233,-26.433223166
1176,0.00085460933,-32.554456396
1177,0.00068226933,-39.374657776
1178,0.00054656233,-47.868513646
1179,0.00034790033,-56.109059376
1180,0.00019534433,-62.963935975999995
1181,2.568503e-05,-70.164593266
1182,-9.582217e-05,-77.768338586
1183,-0.00020705567,-80.03451072600001
1184,-0.00026557567,-84.25651288600001
1185,-0.00029435767,-86.245997876
1186,-0.00029107167,-84.320910006
1187,-0.00027964767,-82.835844506
1188,-0.00024908066999999997,-77.99242900600001
1189,-0.00013347467,-70.940153776
1190,3.38153e-06,-62.94851491599999
1191,0.00019234333,-52.444671936
1192,0.00049033833,-40.194750576
1193,0.00072560133,-26.847635756
1194,0.00103620133,-11.585995306000001
1195,0.0013949813300000002,4.720790962000001
1196,0.00183359833,21.299191984
1197,0.00236784433,37.251830214
1198,0.00289810233,54.014292844
1199,0.00356508933,69.708898064
1200,0.00425393233,85.053358124
1201,0.005117157329999999,100.524293504
1202,0.00603430733,114.281069004
1203,0.007091218329999999,126.517235004
1204,0.00827046533,137.242264904
1205,0.00951933733,147.594203504
1206,0.010887740330000001,155.890973704
1207,0.01219739933,163.120512504
1208,0.01377256833,169.479195804
1209,0.01520060933,175.100716404
1210,0.01676828033,180.351566304
1211,0.01822960033,183.993179704
1212,0.01967637133,188.015962004
1213,0.02111245133,191.015448104
1214,0.02229993233,194.16246880399999
1215,0.02360541133,196.564347404
1216,0.02463318733,197.68297120399998
1217,0.02560037133,200.099663304
1218,0.02629256333,199.338229204
1219,0.02673584033,200.074409604
1220,0.02703016633,196.70652310399998
1221,0.02703533333,192.755675604
1222,0.02693319333,184.822033704
1223,0.02667805133,171.516365304
1224,0.02632102633,152.935456504
1225,0.025918786330000002,129.457131804
1226,0.025393666330000002,102.791372904
1227,0.02480533433,73.140515444
1228,0.02417775633,40.494713084000004
1229,0.02347780733,7.807539651999999
1230,0.022655044330000002,-24.736698666
1231,0.02168610533,-56.229261216
1232,0.02072048633,-83.436836166
1233,0.019501702330000002,-107.459747396
1234,0.01825442533,-124.993398096
1235,0.01694521333,-139.377785896
1236,0.01565412633,-149.417307496
1237,0.01450710633,-157.167835696
1238,0.013607856330000001,-162.158918396
1239,0.01291802433,-164.774915896
1240,0.012462081330000001,-166.441594196
1241,0.01223026433,-166.029512396
1242,0.012206109330000001,-163.838277396
1243,0.01226463033,-158.219003996
1244,0.01238317033,-149.873984796
1245,0.01259456533,-139.969285896
1246,0.01281818033,-125.388657296
1247,0.01315826433,-112.393902596
1248,0.01341426633,-98.955801896
1249,0.01376178433,-83.380609416
1250,0.01400180133,-70.715923716
1251,0.014277300330000001,-56.454738666
1252,0.014540865330000001,-47.462140315999996
1253,0.01474887733,-36.162429016
1254,0.01494645633,-29.339874246
1255,0.015074825330000001,-23.091943636
1256,0.01516972133,-19.016054866
1257,0.015240112330000001,-16.644007416
1258,0.01527221233,-14.574406256
1259,0.01528162433,-16.773928896
1260,0.01527109433,-17.908379656
1261,0.015269945330000001,-17.826569916
1262,0.01524936533,-19.216606026
1263,0.01521621133,-20.453785516
1264,0.01523098633,-20.709450806
1265,0.01522773133,-20.205300116
1266,0.01525242833,-17.606972156
1267,0.01529406933,-15.556131226
1268,0.01534138933,-11.553659146000001
1269,0.01541101333,-7.000752895
1270,0.01549892333,-4.854263417
1271,0.015624898330000001,1.088512641
1272,0.01570265833,6.563584187
1273,0.01576095633,7.9898832849999994
1274,0.01583951533,10.587999633999999
1275,0.01587668833,11.139481154
1276,0.01586016033,9.778337394
1277,0.01582783633,5.835289963999999
1278,0.015727229330000002,-2.494732328
1279,0.01563501333,-9.333928079
1280,0.01541194033,-21.332969066
1281,0.015133249330000001,-34.155970915999994
1282,0.014794603330000001,-50.503442715999995
1283,0.014447468330000001,-67.67305838600001
1284,0.01410920633,-84.625737726
1285,0.013723493330000001,-102.898707896
1286,0.01335890533,-120.572573096
1287,0.01299616733,-135.06092829600001
1288,0.01258831033,-151.608071596
1289,0.01229385933,-162.754367596
1290,0.01198463133,-170.494380196
1291,0.011595985330000001,-170.400703896
1292,0.01131914533,-169.474437596
1293,0.01127137733,-169.204132096
1294,0.011347543330000001,-163.155346296
1295,0.01146573333,-151.271690196
1296,0.011723555330000001,-138.329602196
1297,0.01205451133,-122.221863196
1298,0.012479374330000001,-102.16510789600001
1299,0.01293168133,-78.831256776
1300,0.013414044330000001,-55.170487116
1301,0.01391009533,-31.105809746000002
1302,0.01446642333,-6.4980567229999995
1303,0.01504620333,19.181900294
1304,0.01556015533,41.436551674
1305,0.01612653333,59.824541254
1306,0.01667631933,76.60681456399999
1307,0.01714674933,92.432492704
1308,0.01752997133,101.965718704
1309,0.01793122333,109.02970790399999
1310,0.01825184133,114.85295030399999
1311,0.01840168433,117.968247104
1312,0.01847667033,116.292466604
1313,0.01849453733,115.20752310399999
1314,0.01846492633,112.326282704
1315,0.01835707633,104.26633630399999
1316,0.01827647433,98.801591604
1317,0.01813368333,92.613742624
1318,0.01794519933,84.424323894
1319,0.01781357533,76.961851294
1320,0.01770065133,70.34684787399999
1321,0.01759560833,65.79968752399999
1322,0.017478471330000002,61.74672845400001
1323,0.01742266233,59.161357504
1324,0.01741458933,58.745508624
1325,0.01740878233,59.961501914
1326,0.01744668933,62.960024154
1327,0.017487501330000002,66.912160444
1328,0.01759299233,73.125981494
1329,0.01771172433,78.389517144
1330,0.01783103033,85.151849824
1331,0.01792937133,91.963642904
1332,0.01807289833,97.557714374
1333,0.01819328933,102.84655870399999
1334,0.01827564433,107.126207204
1335,0.01834067533,110.151038304
1336,0.018406949330000002,112.13926460399999
1337,0.01842657233,112.332131904
1338,0.018425200330000002,111.784439404
1339,0.01841543633,109.46055920399999
1340,0.01838346433,106.067858004
1341,0.01831352133,101.82091420399999
1342,0.01823776933,98.154512934
1343,0.01808652233,90.619568574
1344,0.017979276330000002,85.105722594
1345,0.01788428533,79.480218744
1346,0.017773530330000002,73.560499634
1347,0.01767292233,67.843716534
1348,0.01755518033,62.683547164000004
1349,0.01744630733,57.950689714000006
1350,0.01734675233,53.262969854000005
1351,0.01726522533,48.569165404
1352,0.01719697233,44.380040454
1353,0.01711567033,38.257705414
1354,0.01704397033,33.779870864
1355,0.016930919330000002,28.026055694
1356,0.01679588133,20.210104754
1357,0.01663898633,11.423469914
1358,0.01642513433,0.570588552
1359,0.016198359330000002,-10.419940787
1360,0.01589130433,-23.974172886
1361,0.01549130433,-42.086905156
1362,0.01519130433,-60.087619505999996
1363,0.01474383533,-77.172495676
1364,0.014196571330000001,-97.32388383600001
1365,0.01370441233,-117.28257739600001
1366,0.013096010330000001,-135.318355596
1367,0.01239552033,-151.397005996
1368,0.011514043330000001,-167.282364096
1369,0.01051511133,-176.099548196
1370,0.009316718330000001,-181.774424696
1371,0.00813029133,-185.337687896
1372,0.00704360933,-187.977602396
1373,0.00602358633,-190.603493496
1374,0.00533528433,-193.67564789600002
1375,0.004736486329999999,-193.569123796
1376,0.00426845133,-194.234992396
1377,0.00402186033,-193.615181596
1378,0.0039738703299999996,-192.678965096
1379,0.00401640433,-187.338664296
1380,0.004047291329999999,-181.700357096
1381,0.00420348433,-172.698785996
1382,0.00448705733,-161.43209069600002
1383,0.00472350033,-146.974008596
1384,0.00500831633,-133.443611296
1385,0.005310906329999999,-119.282383196
1386,0.00571008333,-102.037067396
1387,0.00597425533,-85.949720356
1388,0.00627531333,-74.38447904600001
1389,0.00657914633,-62.723808725999994
1390,0.00686281533,-50.597762566
1391,0.00704048333,-40.603040586
1392,0.007181646329999999,-35.976805846
1393,0.0072996133299999995,-34.70001345599999
1394,0.00735857933,-31.576362106
1395,0.007336977329999999,-32.207043666
1396,0.00727564933,-39.85792000599999
1397,0.00721907533,-45.110216646
1398,0.00702015633,-52.129271665999994
1399,0.00683856533,-62.051543126
1400,0.006608663329999999,-73.61268140600001
1401,0.00640961733,-83.901713226
1402,0.00618849033,-93.62839255600001
1403,0.00595584433,-103.799244296
1404,0.005785739329999999,-113.132151396
1405,0.00563487633,-119.642498696
1406,0.005476320329999999,-125.507274996
1407,0.00537896733,-129.652762096
1408,0.00532245833,-130.769580796
1409,0.005319681329999999,-130.38680939600002
1410,0.0053750423299999996,-126.749523896
1411,0.00540344133,-121.28693599600001
1412,0.00556601533,-113.523120096
1413,0.00578296333,-103.281418696
1414,0.00596366133,-92.573550976
1415,0.00625502033,-79.403034116
1416,0.006528859329999999,-64.953710716
1417,0.006834193329999999,-50.822430516
1418,0.00718218933,-33.939559325999994
1419,0.00749339333,-18.187376666000002
1420,0.00786602433,-1.743588114
1421,0.00832199733,15.930621454
1422,0.00873441733,32.628840004000004
1423,0.00927159833,48.767765254000004
1424,0.00982754333,64.605341224
1425,0.01046629133,81.313045644
1426,0.011171759330000001,95.491643254
1427,0.01199583133,109.729749004
1428,0.01295605933,123.603249804
1429,0.01402439133,135.492078104
1430,0.015362928330000001,146.082196604
1431,0.01684575433,156.440067904
1432,0.01836530933,165.102529004
1433,0.01999507433,172.741313504
1434,0.021788309330000002,179.366451304
1435,0.02357860633,185.823282404
1436,0.02539041033,191.653442904
1437,0.02725531133,196.46859490399999
1438,0.02921383433,200.156654304
1439,0.03123062033,203.487892104
1440,0.03308144733,207.226702604
1441,0.03487685233,210.466300704
1442,0.036640219329999994,212.980002804
1443,0.038503460329999996,214.906260204
1444,0.040261149329999996,217.254900804
1445,0.04178331833,219.97028200399998
1446,0.04327380333,221.415760304
1447,0.04482606433,221.139353804
1448,0.04629469133,221.192084804
1449,0.04743539433,223.349064704
1450,0.048209050329999996,225.572688404
1451,0.04904205733,224.528514504
1452,0.049722159329999994,223.91017090399998
1453,0.050177813329999994,224.189795004
1454,0.050351494329999996,223.25882410399998
1455,0.050473254329999995,220.314266904
1456,0.050452582329999995,215.650705504
1457,0.05036454433,209.158800404
1458,0.050177653329999995,198.250450404
1459,0.049920918329999994,185.378613704
1460,0.04963476133,169.960159504
1461,0.049254442329999995,152.49187830399998
1462,0.04888777833,133.570811204
1463,0.048463492329999996,113.14163720399999
1464,0.04800987833,92.576413154
1465,0.047565294329999994,71.04231205399999
1466,0.04710922133,51.545901024
1467,0.04668969033,32.338391914000006
1468,0.04620295333,14.162072883999999
1469,0.04574161733,-1.881059875
1470,0.04527731633,-16.376788746
1471,0.044856378329999995,-28.309242636
1472,0.04446977233,-38.628096285999995
1473,0.04410677933,-47.767011485999994
1474,0.04374359333,-55.415847526
1475,0.043454917329999995,-61.326173796
1476,0.04326190233,-66.327016946
1477,0.04300242233,-71.05955489600001
1478,0.04278895133,-73.153155336
1479,0.042592491329999996,-78.27712309600001
1480,0.042436488329999994,-80.69309323600001
1481,0.04225885333,-83.35539416600001
1482,0.04204433133,-86.496298006
1483,0.04183992433,-89.60335057600001
1484,0.04160718433,-93.821257636
1485,0.04140727533,-96.556397966
1486,0.04109855833,-100.33729633600001
1487,0.040801106329999996,-104.453413096
1488,0.04045955733,-109.137257296
1489,0.04011586733,-112.057388896
1490,0.03968800633,-116.041017096
1491,0.03923978433,-120.783824196
1492,0.03886476233,-125.95483179600001
1493,0.038412712329999994,-129.447220596
1494,0.037941934329999996,-132.472701396
1495,0.03735321933,-134.879193996
1496,0.036807388329999996,-139.358085896
1497,0.03623507633,-143.734242596
1498,0.035809223329999994,-148.116471896
1499,0.035230016329999995,-150.694259396
1500,0.03475499233,-152.231084896
1501,0.033969179329999995,-152.902808996
1502,0.033483785329999995,-157.170022096
1503,0.03274838633,-159.922198196
1504,0.03235412333,-165.473382996
1505,0.031704237329999996,-166.156754196
1506,0.03121740833,-167.27536869600002
1507,0.03024824633,-165.254894496
1508,0.02984623033,-173.78375279600002
1509,0.02920971633,-173.548176396
1510,0.02864697633,-178.330583396
1511,0.02797191633,-176.791107896
1512,0.02740598433,-180.715301896
1513,0.02659818433,-178.76211339600002
1514,0.02607220333,-183.555663196
1515,0.02546929033,-185.159260496
1516,0.02506146533,-187.91222409600002
1517,0.02438596033,-185.563812896
1518,0.023911447330000002,-187.978602996
1519,0.023327326330000002,-188.073849096
1520,0.022980128330000002,-189.895906896
1521,0.02257440933,-190.297925396
1522,0.02239310433,-190.271990996
1523,0.02214756833,-188.743083996
1524,0.02213515533,-185.617049996
1525,0.02212839033,-184.740576096
1526,0.022221149330000002,-176.464779096
1527,0.02236748233,-168.329142396
1528,0.02263682233,-156.265208496
1529,0.02291075933,-141.841570796
1530,0.02327691033,-124.367502696
1531,0.02372867433,-103.02263499600001
1532,0.024160109330000002,-81.00038940600001
1533,0.02465887433,-58.424521696
1534,0.02523220933,-32.995931936
1535,0.02578863033,-7.080646091
1536,0.02636206033,16.696044764
1537,0.02707314633,40.566532534000004
1538,0.02772270933,63.40273759400001
1539,0.02843204033,81.415126574
1540,0.02918150833,98.229269034
1541,0.02983905133,112.244478504
1542,0.03042645833,121.004296004
1543,0.03098817833,126.876289004
1544,0.031446576329999996,132.047894804
1545,0.03168857033,135.089538504
1546,0.03177616133,135.484540804
1547,0.031782927329999995,132.964247604
1548,0.031770577329999994,127.320723404
1549,0.03161562733,118.23733950399999
1550,0.031435056329999995,106.77305920399999
1551,0.031188787330000002,94.172954124
1552,0.03088750433,79.326034194
1553,0.03059030833,62.153439124
1554,0.03023357033,45.250070064000006
1555,0.02991633433,28.526886234
1556,0.029549415330000002,11.879719064
1557,0.02920655833,-4.476397063
1558,0.02889707633,-18.752804306
1559,0.02858963633,-32.160926016
1560,0.02832983533,-42.695476346
1561,0.028050381330000002,-53.008429576
1562,0.02786231033,-61.513953275999995
1563,0.02771750933,-66.55302462600001
1564,0.02759804233,-69.568157536
1565,0.02754849033,-70.759849306
1566,0.027530013330000002,-70.88954085600001
1567,0.027532023330000002,-70.23030774600001
1568,0.027541212330000002,-67.653972466
1569,0.02760289433,-61.80619291599999
1570,0.02765330833,-58.970019635999996
1571,0.027785122330000002,-54.022831976
1572,0.02794552833,-46.042819736
1573,0.02804536933,-39.043226835999995
1574,0.02819144933,-32.736087456
1575,0.02831350033,-27.150682546
1576,0.02847495733,-19.510509876
1577,0.028612355330000002,-12.011929886
1578,0.02872981033,-5.290185677
1579,0.02888236533,-1.509485744
1580,0.02902276333,6.745478854
1581,0.02917704333,14.402256013999999
1582,0.02926207833,20.355567624
1583,0.02941405933,26.943055704
1584,0.02949130433,32.622679564
1585,0.02969130433,37.660945654
1586,0.02975940833,44.027841514
1587,0.02984555933,46.432164494000006
1588,0.02988662533,49.310279254
1589,0.02992223633,50.712817374000004
1590,0.029975427330000002,50.684132704
1591,0.02994144433,48.821799154000004
1592,0.02993174433,44.951243374
1593,0.02983228533,37.952709164000005
1594,0.02968668733,29.832994334
1595,0.02947066433,18.575949704
1596,0.02920681333,4.771811629
1597,0.02892630333,-10.321005619000001
1598,0.028560026330000002,-29.742006576
1599,0.02818152433,-47.720547716
1600,0.02772066933,-67.590930086
1601,0.02722764733,-89.037717876
1602,0.02663076633,-108.887940596
1603,0.025989559330000002,-126.73448089600001
1604,0.02528597333,-142.475079396
1605,0.02451506233,-156.68766559600002
1606,0.02374804033,-169.598410496
1607,0.02300383633,-177.695497996
1608,0.02226243933,-182.834986796
1609,0.02147464633,-186.522952696
1610,0.02103082933,-189.151707396
1611,0.02072859033,-188.255475996
1612,0.02052348133,-184.18328229600002
1613,0.02052325733,-181.100755596
1614,0.02061202833,-175.91993369600002
1615,0.02082514533,-164.539736896
1616,0.02111375933,-149.367967496
1617,0.02141590333,-133.224960196
1618,0.02183843633,-114.838059996
1619,0.02226042933,-94.089224646
1620,0.022735994330000002,-71.499066006
1621,0.02322968533,-50.499363765999995
1622,0.023752573330000002,-27.225358086
1623,0.024225364330000002,-4.686603602
1624,0.02467830633,13.077004074
1625,0.02520827733,30.358441954
1626,0.02566520933,47.391696014000004
1627,0.02605909033,59.45798936400001
1628,0.02641152033,67.33135581399999
1629,0.02677550133,74.416008044
1630,0.02697311233,79.40511793399999
1631,0.02704318433,80.927226554
1632,0.027085974330000002,79.638722424
1633,0.02708224133,78.03283704399999
1634,0.02702221833,73.384675764
1635,0.02697100733,67.181337464
1636,0.02681143233,58.510325634000004
1637,0.026618225330000002,52.052519594
1638,0.02644556633,43.084503734
1639,0.02626866433,34.430930774000004
1640,0.02612239533,26.996286043999998
1641,0.025976382330000002,19.934362774
1642,0.02587532833,13.870956154
1643,0.02575203133,9.403392574
1644,0.02564864833,5.059763253
1645,0.02560978333,4.286110946999999
1646,0.02558952133,3.6388163629999997
1647,0.02559140533,4.387136041
1648,0.02561546333,6.807064072999999
1649,0.025651233330000002,10.744571184
1650,0.02573722633,15.410761134000001
1651,0.025863425330000002,19.737178554
1652,0.02592618833,24.299441884
1653,0.02605245233,30.796421864
1654,0.02613177733,36.605718594
1655,0.02622705633,39.867794384
1656,0.02636304933,45.909386454
1657,0.026422465330000002,51.285797344
1658,0.02648653833,53.909252894000005
1659,0.026558651330000002,56.769955984000006
1660,0.02664355833,60.348423654
1661,0.02673389333,63.413669844000005
1662,0.02678577733,65.07654616399999
1663,0.02686972933,68.287713054
1664,0.02689551133,69.681137894
1665,0.02694819133,72.728496274
1666,0.02696082633,74.62626837399999
1667,0.027007285330000002,76.638267914
1668,0.02706545533,79.893574524
1669,0.02710655433,81.52818168399999
1670,0.027174615330000002,83.830082424
1671,0.02724491133,85.832012464
1672,0.02728849833,86.59617364399999
1673,0.02733128533,87.291018094
1674,0.02736329033,86.997978574
1675,0.02735751633,86.700191944
1676,0.02734076433,82.732852974
1677,0.02731335433,79.10212108399999
1678,0.02718297533,71.797659614
1679,0.02703058033,63.359790884
1680,0.026869952330000002,52.358385114
1681,0.02654470733,38.975305734
1682,0.02626442033,23.783753674
1683,0.02593774033,5.506283227000001
1684,0.02552653233,-13.742058166
1685,0.02511820033,-34.522064785999994
1686,0.02460944733,-58.283767596
1687,0.024136657330000002,-79.673371286
1688,0.02360502733,-103.020299896
1689,0.02300855933,-125.587308096
1690,0.022382383330000002,-145.463139596
1691,0.02170560033,-164.030014896
1692,0.02098079533,-179.649257296
1693,0.02019702433,-189.765847696
1694,0.019097548330000002,-193.124803496
1695,0.018026022330000002,-195.158406396
1696,0.01719508933,-196.472251296
1697,0.01640972333,-196.406128696
1698,0.015837154330000002,-196.948269096
1699,0.015469343330000001,-197.986622296
1700,0.01523909033,-196.788996996
1701,0.015109542330000001,-195.268462596
1702,0.015118411330000001,-193.67110469600001
1703,0.01515657533,-189.056300496
1704,0.01522138133,-183.787070496
1705,0.01536579933,-176.629847096
1706,0.015548157330000001,-168.466423696
1707,0.01574165233,-159.969978996
1708,0.01595081233,-149.851368796
1709,0.01613052233,-141.503649196
1710,0.016382504330000002,-130.933986896
1711,0.01656687333,-121.493999696
1712,0.01675797433,-113.556336396
1713,0.016938289330000002,-105.277936896
1714,0.017088132330000002,-97.573546676
1715,0.017203482330000002,-92.034281796
1716,0.01733031933,-86.669040506
1717,0.01744110533,-81.475126926
1718,0.01748619233,-78.045877726
1719,0.01754819033,-74.967787406
1720,0.01762123033,-71.915535746
1721,0.01767956033,-69.153060666
1722,0.01773807933,-66.65729557600001
1723,0.017821648330000002,-64.053009786
1724,0.01791306633,-60.260241345999994
1725,0.01800793133,-57.334597595999995
1726,0.01809038333,-51.922468015999996
1727,0.01822325133,-45.367616786
1728,0.01837985733,-39.068990815999996
1729,0.018550761330000002,-31.271794676
1730,0.01875267933,-21.852861526
1731,0.01897753933,-11.897491336
1732,0.01923934933,-1.060829142
1733,0.01949130433,9.942373653999999
1734,0.019791304330000002,22.176047313999998
1735,0.02017363433,33.912093184
1736,0.02053174533,45.387730044
1737,0.02095223833,57.449067234000005
1738,0.021359199330000002,68.402520574
1739,0.02178301133,77.941962834
1740,0.02223885733,87.76569075399999
1741,0.02266640233,95.65941657399999
1742,0.023162421330000002,103.140252804
1743,0.02356293833,109.225562304
1744,0.02393872733,114.459336704
1745,0.02431844133,118.77835740399999
1746,0.02457102933,122.28473820399999
1747,0.02483807333,124.881386104
1748,0.02508195133,126.546678804
1749,0.025211181330000002,127.454742004
1750,0.02528957933,127.909349604
1751,0.02536329033,127.23674670399998
1752,0.02535081333,125.817385704
1753,0.02532748833,122.46369110399999
1754,0.02530374933,118.97157090399999
1755,0.02522506233,113.447233304
1756,0.025126719330000002,107.439398504
1757,0.02497042833,101.16581100399999
1758,0.02481382233,92.901580414
1759,0.02464339633,84.34550101399999
1760,0.02449859833,75.60484644399999
1761,0.02431001633,65.796337634
1762,0.02408777133,55.306453624
1763,0.02390924433,45.509368764
1764,0.02369386233,34.180879614000006
1765,0.02350684233,23.899241793999998
1766,0.023302278330000002,13.982947013999999
1767,0.02309021133,3.524446678
1768,0.02285306633,-6.400761194999999
1769,0.02267131633,-15.150814516
1770,0.02244613633,-23.734504946
1771,0.022304940330000002,-31.541821706
1772,0.02215024833,-37.797509756
1773,0.02201492433,-44.430939986
1774,0.02194041633,-47.571467115999994
1775,0.02180729333,-50.830596355999994
1776,0.02175279333,-54.762968085999994
1777,0.021750592330000002,-53.024999175999994
1778,0.02173048933,-51.751169766
1779,0.02173715833,-51.358917426
1780,0.02177481133,-46.652116455999995
1781,0.02187985433,-40.789138476
1782,0.021996256330000002,-34.423151536
1783,0.02213273033,-26.575647766
1784,0.02227832933,-19.234665486
1785,0.02243883033,-10.220275918
1786,0.02267281433,1.037788692
1787,0.02286956533,11.658262134
1788,0.02312381133,21.939121254
1789,0.02335020433,32.540939874
1790,0.023512236330000002,43.685335934
1791,0.023707837330000002,51.913539714
1792,0.02390755433,61.608236604000005
1793,0.02405120633,70.557431094
1794,0.02423796833,76.765657854
1795,0.024411837330000002,82.99099888399999
1796,0.024467804330000002,88.84319048399999
1797,0.02451397733,90.254645884
1798,0.024561937330000002,92.547842054
1799,0.02457153833,93.10479512399999
1800,0.02457195533,91.442712164
1801,0.02455236133,87.819481344
1802,0.02453171833,84.315417704
1803,0.02447054833,78.29152763399999
1804,0.02432702333,71.759906414
1805,0.024165343330000002,64.94610260399999
1806,0.02401406333,56.564409914
1807,0.02388432433,48.708864144
1808,0.02370972033,40.199059254000005
1809,0.02354989033,32.729006844000004
1810,0.02341861533,24.280784794
1811,0.02327142233,16.541414453999998
1812,0.02313169433,10.117284673999999
1813,0.02298692533,3.0852266480000003
1814,0.02285661033,-1.5461157540000001
1815,0.02275628833,-5.851714134
1816,0.02269518533,-9.560109811
1817,0.02264831133,-11.819244846
1818,0.02258245133,-13.658575916
1819,0.02255076533,-14.864070596000001
1820,0.02254661633,-14.491215216
1821,0.02254339533,-14.498523716000001
1822,0.02254984033,-14.136935556000001
1823,0.02256646433,-12.008641596
1824,0.02257463333,-12.529217216000001
1825,0.022588959330000002,-11.862326766
1826,0.02258883133,-12.180508646
1827,0.022573324330000002,-13.531713746000001
1828,0.02254859533,-15.232061186000001
1829,0.022504370330000002,-18.383269276
1830,0.02242734233,-23.233764786000002
1831,0.02233720033,-28.100365716
1832,0.02218649633,-35.671224026
1833,0.02202554933,-44.339698975999994
1834,0.02184108533,-53.279455305999996
1835,0.02160240933,-64.881961226
1836,0.02131570933,-76.26364447600001
1837,0.02097904033,-88.880564406
1838,0.02060417733,-102.782052296
1839,0.02016170133,-115.621399096
1840,0.01970180233,-129.37589229600002
1841,0.01914461333,-143.106070296
1842,0.018547379330000002,-153.24168619600002
1843,0.01776437233,-165.817718596
1844,0.017062063330000002,-176.621415896
1845,0.01632972833,-185.219623396
1846,0.01526831933,-190.48858829600002
1847,0.014260643330000001,-196.736923096
1848,0.013263881330000001,-200.621350596
1849,0.01245241233,-203.042078896
1850,0.01119967933,-199.641563096
1851,0.01035189733,-203.32185589600002
1852,0.009399233330000001,-204.303988696
1853,0.00888371833,-207.30747129600002
1854,0.00818995933,-205.777425696
1855,0.007498787329999999,-201.244016396
1856,0.006789712329999999,-205.084510396
1857,0.006641210329999999,-207.252417696
1858,0.00638686533,-207.213783696
1859,0.00618880833,-206.12647779600002
1860,0.0060689603299999995,-206.515956996
1861,0.00601611933,-204.459332196
1862,0.006062865329999999,-200.827974996
1863,0.00611168533,-196.248451196
1864,0.00625572133,-188.629201296
1865,0.006389514329999999,-180.067582796
1866,0.00661788433,-169.461906996
1867,0.00689178833,-155.995256196
1868,0.00721336333,-141.896933096
1869,0.00756924033,-125.606413296
1870,0.007921289330000001,-108.238492396
1871,0.00833527233,-89.41538047600001
1872,0.00874076633,-69.565359396
1873,0.00919610233,-49.678542195999995
1874,0.00968714533,-30.091574176
1875,0.010155213330000001,-10.745014329
1876,0.010696064330000001,8.708442937
1877,0.011169175330000001,25.099974054
1878,0.011689731330000001,40.556659604000004
1879,0.012240124330000001,54.288627964
1880,0.01273502733,66.451323824
1881,0.01328283633,76.466777624
1882,0.013734184330000001,84.677722684
1883,0.01415087833,91.86253179399999
1884,0.01449641733,96.68590996399999
1885,0.01478710433,100.25722070399999
1886,0.015027568330000001,102.742857704
1887,0.015168157330000001,103.22242950399999
1888,0.01524384433,103.333872204
1889,0.01525478933,102.25056150399999
1890,0.01523826133,99.16194140399999
1891,0.01518826033,94.757962494
1892,0.01508171633,88.673821674
1893,0.01493831933,82.277267074
1894,0.014796422330000001,75.21317247399999
1895,0.01463004933,66.961799574
1896,0.01446371033,58.661870654000005
1897,0.01428741533,49.940425494
1898,0.014148803330000001,42.220079464
1899,0.01397241333,33.600982324
1900,0.01384570333,25.590734104
1901,0.013709486330000001,20.342005214
1902,0.01358580833,14.192108134
1903,0.01347964833,8.102977337999999
1904,0.01338455933,3.3587320999999997
1905,0.013313403330000001,1.54317204
1906,0.01325548933,-0.745639821
1907,0.013240300330000001,-3.19704955
1908,0.013235515330000001,-2.2224516960000003
1909,0.013238003330000001,1.0560340190000002
1910,0.013243682330000001,1.2370504580000001
1911,0.01330880933,5.847009998000001
1912,0.01338858033,11.649387464
1913,0.01345916233,16.471818474
1914,0.013577575330000001,22.013415504
1915,0.013691304330000001,29.597545974
1916,0.01389130433,37.168356584
1917,0.01400109933,44.673643894
1918,0.014165492330000001,53.301068044000004
1919,0.01427854433,61.164360744
1920,0.01447433633,67.519160504
1921,0.01462574233,75.45749254399999
1922,0.01476716233,82.954627894
1923,0.01488752133,88.204908714
1924,0.01503120533,93.787485124
1925,0.01512673933,97.332856084
1926,0.01519812033,99.360947404
1927,0.01523159133,100.31137730399999
1928,0.01525967133,99.667056804
1929,0.01524891733,97.225208044
1930,0.01521011633,93.095889734
1931,0.015105967330000001,87.723038894
1932,0.014954752330000001,80.42073799399999
1933,0.01479102933,71.757712144
1934,0.01458189933,61.628196034000005
1935,0.01434226633,49.628590954
1936,0.01415288833,38.824213904000004
1937,0.013887409330000001,24.727467574
1938,0.01364503033,12.571023044
1939,0.01340057933,-1.252877662
1940,0.01314763733,-14.207766416
1941,0.01285621633,-25.424870796
1942,0.01263330233,-36.690098916
1943,0.01240777233,-47.062314105999995
1944,0.012228605330000001,-55.353389756
1945,0.01205958533,-61.337388155999996
1946,0.01191532533,-66.362998476
1947,0.011842894330000001,-69.811431876
1948,0.01180390033,-69.042345986
1949,0.011807092330000001,-68.940162516
1950,0.01186529333,-64.742074406
1951,0.01196229533,-56.619677306
1952,0.01210409833,-48.823441366
1953,0.012295390330000001,-39.303932476
1954,0.01248767133,-28.550733696
1955,0.01275375733,-15.577641236
1956,0.01303062933,-2.299798227
1957,0.01330245933,12.138727644
1958,0.01358915833,26.778269164
1959,0.013859297330000001,40.103988254
1960,0.014112682330000001,51.820222824000005
1961,0.01439769133,66.12326835399999
1962,0.01462692233,76.940672224
1963,0.01482322533,86.175973054
1964,0.015054754330000001,93.891889194
1965,0.015219148330000001,99.443364004
1966,0.01532869033,103.081593904
1967,0.01539008233,103.612053404
1968,0.015401313330000001,103.09962640399999
1969,0.015380191330000001,99.486688304
1970,0.01534662233,95.34724384399999
1971,0.015236059330000001,88.37762118399999
1972,0.01506321033,80.075760844
1973,0.01485733533,70.753737554
1974,0.01465902333,59.220076774000006
1975,0.01439903233,48.129397384
1976,0.01417538433,35.872424174
1977,0.013943950330000001,23.082524044
1978,0.01370967833,11.307068324
1979,0.013500452330000001,0.42223707600000004
1980,0.01325823333,-12.048659226
1981,0.013060591330000001,-22.011734896
1982,0.012833944330000001,-29.778448346
1983,0.01267625133,-38.163354676
1984,0.01254006533,-44.863164155999996
1985,0.01245011533,-49.406435326
1986,0.01237595933,-51.652889646
1987,0.01232914933,-53.531685446
1988,0.01232930833,-54.177558645999994
1989,0.01233135133,-52.201565556
1990,0.012352188330000001,-48.774708325999995
1991,0.01238572333,-44.868885625999994
1992,0.01247088833,-39.361892385999994
1993,0.012611509330000001,-32.254736076
1994,0.01274236533,-25.218516936
1995,0.01288854033,-17.544266686
1996,0.01307485433,-9.264928524
1997,0.01324617133,-0.37981051600000004
1998,0.013381337330000001,7.06867866
1999,0.01357751133,16.014729274
2000,0.013718038330000001,23.615486364
2001,0.01384496933,30.725350734
2002,0.01396204233,36.257279954000005
2003,0.01405588533,40.451601244
2004,0.01413862433,45.060570744
2005,0.01418572233,46.415967064
2006,0.014204102330000001,46.938947064000004
2007,0.014203782330000001,46.640512094
2008,0.014177937330000001,43.247015274000006
2009,0.014135976330000001,37.737480794
2010,0.01405148233,32.370141824
2011,0.01389123733,23.217567214
2012,0.013691458330000001,13.080263274
2013,0.013510599330000001,1.851303638
2014,0.01325405233,-11.616638196
2015,0.01293946533,-25.402565166
2016,0.01266013733,-41.138951385999995
2017,0.012363483330000001,-56.728878075999994
2018,0.01204943833,-71.001187406
2019,0.01165297333,-86.006373096
2020,0.01129633033,-100.660492526
2021,0.010946420330000001,-113.61665619600001
2022,0.01056093133,-125.309054696
2023,0.01018514333,-136.035099696
2024,0.009888233330000001,-143.358946196
2025,0.00962316933,-149.378219696
2026,0.00937683433,-153.496372396
2027,0.00927131133,-156.104582196
2028,0.009251209330000001,-154.900687796
2029,0.009252198330000001,-151.428265896
2030,0.00930510233,-146.619880496
2031,0.009481366330000001,-137.044645896
2032,0.009697898330000001,-124.68970439600001
2033,0.00996073133,-111.344005196
2034,0.01031628933,-94.266390516
2035,0.01074960733,-73.502366366
2036,0.011142849330000001,-52.758509835999995
2037,0.01158571033,-30.965820966
2038,0.01210684133,-8.145696244
2039,0.01264051333,17.293706703999998
2040,0.013177536330000001,39.520477384
2041,0.01376867633,62.003834584
2042,0.014364953330000001,83.094680414
2043,0.01507954733,100.99054320399999
2044,0.01587375333,115.954801404
2045,0.01684881833,125.811352704
2046,0.01778058133,132.930261504
2047,0.01873413933,139.69821850399998
2048,0.01957815533,144.859992404
2049,0.02026594633,148.597581604
2050,0.02096544833,151.346973204
2051,0.02149956733,153.676398404
2052,0.02191511333,156.173401804
2053,0.02221502333,156.550845804
2054,0.02247089833,156.864105004
2055,0.02259355433,157.035955604
2056,0.02264077933,155.418817904
2057,0.022643331330000002,153.619688204
2058,0.02262523933,150.859978404
2059,0.02260427633,146.478622804
2060,0.022515187330000002,140.59747890399998
2061,0.022398657330000002,134.434386304
2062,0.02225267433,127.227372204
2063,0.02208601633,119.587100104
2064,0.021985854330000002,112.365612204
2065,0.02179953933,102.75731120399999
2066,0.02162579733,94.34797586399999
2067,0.02147391233,85.81587593399999
2068,0.02130141433,76.800375844
2069,0.02114719933,68.635150994
2070,0.02097403233,60.519033914000005
2071,0.02083963233,52.668853294
2072,0.02067112233,45.719017574000006
2073,0.02054524333,38.893145994
2074,0.02040481233,32.20882442400001
2075,0.02031495933,26.107435914
2076,0.02019510933,20.547844234
2077,0.02006201933,14.341704574
2078,0.01994650933,10.035554774
2079,0.01981845933,4.457916001999999
2080,0.01971134233,-0.916938571
2081,0.01961577633,-5.717203066
2082,0.01951982733,-10.908492350000001
2083,0.01938833133,-17.837395756
2084,0.01922712833,-24.244724786
2085,0.019058586330000002,-30.973422586
2086,0.018893140330000002,-37.653041796
2087,0.01868745733,-47.117339916
2088,0.01848008333,-56.019833616
2089,0.01823362133,-64.283620696
2090,0.01789481533,-74.313249586
2091,0.01752757833,-85.63554510600001
2092,0.017191420330000002,-96.448968026
2093,0.01678758533,-106.293665696
2094,0.01627385533,-116.41739719600001
2095,0.01568680133,-128.441095296
2096,0.015070165330000001,-138.832165896
2097,0.01439303133,-147.508005796
2098,0.01361975833,-155.862669396
2099,0.01277631733,-164.524086696
2100,0.01192263333,-172.637083896
2101,0.01115101733,-178.570846096
2102,0.010188493330000001,-183.005427196
2103,0.00908927333,-185.782112996
2104,0.00805999533,-191.790457696
2105,0.00721655533,-197.901947396
2106,0.00651434033,-202.58852499600002
2107,0.0056303753299999995,-202.329152596
2108,0.00471584133,-200.852551796
2109,0.00374103233,-201.568687196
2110,0.0032121793300000003,-207.068962496
2111,0.00278859133,-209.568896296
2112,0.00222074533,-204.322328496
2113,0.0016615783300000001,-203.16801919600002
2114,0.00138461033,-206.723017496
2115,0.0012462553300000001,-208.874610196
2116,0.00109025533,-205.687173796
2117,0.00102433133,-203.969155196
2118,0.0010234363300000002,-202.777285296
2119,0.00106338733,-199.817549296
2120,0.00111284633,-194.398297896
2121,0.00122739733,-188.284785796
2122,0.0014045533300000002,-180.333636796
2123,0.00158496533,-171.605279996
2124,0.00178710733,-161.014032496
2125,0.0020314633300000003,-149.779401496
2126,0.00229167833,-137.682296296
2127,0.0026107963300000003,-124.060399996
2128,0.0028839023300000002,-110.406270496
2129,0.00319089533,-95.47119662600001
2130,0.00349160433,-80.522245056
2131,0.00385242633,-65.497674066
2132,0.00418338233,-49.900085426
2133,0.00460058833,-34.425067375999994
2134,0.00493531033,-19.199762336
2135,0.00533735833,-3.834343572
2136,0.005795725329999999,11.748516674
2137,0.00616404833,24.354235944
2138,0.00667895833,37.263255364
2139,0.00721042733,50.946908754000006
2140,0.00767801733,62.778908484000006
2141,0.008249022330000001,73.680437224
2142,0.008844118330000001,83.517038734
2143,0.00950919133,93.29604147399999
2144,0.01011794333,101.559619804
2145,0.01080082133,109.202222104
2146,0.01146863633,116.116565404
2147,0.01219156033,122.274673004
2148,0.01286776633,128.510394804
2149,0.01358737133,133.364201804
2150,0.01429434033,137.76462690399998
2151,0.015091304330000001,142.392492304
2152,0.015767529330000002,146.457033604
2153,0.01650694833,149.380854704
2154,0.01720740733,152.240080104
2155,0.01786673533,155.959955104
2156,0.01848873033,158.760407904
2157,0.01911436433,160.146266904
2158,0.01975173833,161.459802404
2159,0.02029105933,164.152191504
2160,0.02074329933,166.648473204
2161,0.02114764733,167.950176404
2162,0.02159041133,167.444282904
2163,0.022000309330000002,167.766819404
2164,0.02229725133,169.64945820399998
2165,0.022523037330000002,171.031363104
2166,0.02270721433,170.460326404
2167,0.02292566133,168.939996004
2168,0.02300894233,170.155763004
2169,0.02303386033,169.740953604
2170,0.02305629433,167.281630004
2171,0.02305319733,167.026030704
2172,0.02303817133,162.818069104
2173,0.02302665233,160.984715104
2174,0.022962034330000002,157.757934504
2175,0.02291044033,153.051414804
2176,0.02281611733,149.290801904
2177,0.02268717433,144.68091070399998
2178,0.02259074633,139.366704404
2179,0.022506539330000002,134.376228404
2180,0.02241343133,129.366756604
2181,0.02229543233,124.247173104
2182,0.02219635533,119.028638504
2183,0.022077146330000002,113.60546770399999
2184,0.02201284933,108.43998890399999
2185,0.02193116333,103.246162904
2186,0.02180796333,97.708002084
2187,0.02170173933,92.382515664
2188,0.02160240833,86.571257214
2189,0.02148865333,80.31667097399999
2190,0.02136756133,73.911819114
2191,0.021222664330000002,67.018054084
2192,0.02107310833,59.033010494
2193,0.02092770033,51.069161834000006
2194,0.020743076330000002,42.261770564
2195,0.02055966533,33.370006874000005
2196,0.02034278333,22.270794004
2197,0.02011693433,10.468043183999999
2198,0.01985314433,-0.439745544
2199,0.01958144233,-11.896204466
2200,0.01930039133,-25.102358916
2201,0.01895970233,-37.397854056
2202,0.01865168733,-49.397713206
2203,0.01827401733,-62.083322206
2204,0.01786753233,-74.088165266
2205,0.01743003333,-84.39824274600001
2206,0.01700178833,-94.928871266
2207,0.01656502233,-104.860934396
2208,0.01609915533,-113.300510496
2209,0.01561510233,-120.314412496
2210,0.01505539233,-127.153817296
2211,0.01455375633,-133.987933496
2212,0.01416373733,-139.318330196
2213,0.01373874533,-142.744733096
2214,0.01330201133,-145.98406039600002
2215,0.01287242633,-150.371722596
2216,0.01260905233,-153.881895496
2217,0.01232063033,-154.836360096
2218,0.011967337330000001,-155.637493296
2219,0.01172049233,-158.722820996
2220,0.011561300330000001,-160.662766796
2221,0.01142393233,-160.58073649600001
2222,0.011276069330000001,-160.100621096
2223,0.011191988330000001,-160.948457696
2224,0.011127820330000001,-162.005500296
2225,0.01110079433,-160.772019396
2226,0.01108512733,-158.859365296
2227,0.011081713330000001,-158.43228169600002
2228,0.011102868330000001,-157.270524496
2229,0.01115101833,-153.944838696
2230,0.011154081330000001,-150.780766596
2231,0.01121052833,-150.136010496
2232,0.01134390633,-145.582826796
2233,0.01137268733,-139.418810196
2234,0.01140986133,-135.698483796
2235,0.011518159330000001,-133.016158596
2236,0.01165472933,-126.91727729600001
2237,0.011751859330000001,-120.86889429600001
2238,0.01183909633,-115.896728196
2239,0.01194490533,-111.273852096
2240,0.01209979033,-105.435964696
2241,0.01222260633,-99.027219156
2242,0.01234232733,-93.209506206
2243,0.01244574333,-88.436785126
2244,0.01257254933,-82.427763516
2245,0.012688280330000001,-76.080650636
2246,0.01277727533,-71.155596276
2247,0.01288110533,-65.845057056
2248,0.01304900833,-59.806162005999994
2249,0.01316656033,-54.609709736
2250,0.01326404133,-49.678375925999994
2251,0.01337288233,-44.083876485999994
2252,0.013483093330000001,-38.573128036
2253,0.01358902933,-33.728513006
2254,0.013712581330000001,-27.918984026
2255,0.013832430330000001,-21.828284356
2256,0.013915393330000001,-16.728212686
2257,0.01405036533,-11.371204366
2258,0.01418948733,-3.941911845
2259,0.01430541033,2.187005883
2260,0.01451119033,8.961437826
2261,0.014662468330000001,16.580399644
2262,0.01483918033,23.972217724
2263,0.01505347833,31.826239384
2264,0.01525386433,39.510507014000005
2265,0.015484626330000001,47.388218664
2266,0.01568345033,54.963801884000006
2267,0.01590620433,62.286704894
2268,0.01615458033,69.615507254
2269,0.01638435533,76.323361064
2270,0.01662887233,82.509886454
2271,0.016840808330000002,88.59971079399999
2272,0.01705348033,93.499310274
2273,0.01720134333,97.953154304
2274,0.01737795933,101.403894104
2275,0.01756615633,104.415667204
2276,0.01767295433,106.987257704
2277,0.01777404033,107.794110404
2278,0.01783626233,107.829954804
2279,0.01785910933,106.873965204
2280,0.01785559833,105.849854204
2281,0.01780697133,102.82544590399999
2282,0.01777241433,99.192699904
2283,0.01767646433,93.96222758399999
2284,0.01756896433,88.116153994
2285,0.017432331330000002,81.347286094
2286,0.01728934833,73.818691434
2287,0.01715376933,65.731870264
2288,0.01701426433,56.798133934000006
2289,0.01683800133,47.836490714
2290,0.016671341330000002,37.991731004
2291,0.01646425433,28.380737524
2292,0.01627497333,18.750172394
2293,0.01608473233,8.41566209
2294,0.01586124533,-1.326999839
2295,0.01568000433,-10.832048738000001
2296,0.015483446330000001,-20.368998946
2297,0.01527077533,-29.331274136
2298,0.01508726933,-39.088644626
2299,0.01487325833,-46.623060456
2300,0.01467015833,-55.357090586
2301,0.01450828633,-64.094086816
2302,0.01427315233,-71.369495396
2303,0.014116257330000001,-79.44776722600001
2304,0.01392330433,-87.292286136
2305,0.01372856733,-93.668990066
2306,0.01356337533,-101.040472296
2307,0.013337972330000001,-108.227862296
2308,0.01312654633,-114.08689529600001
2309,0.012890390330000001,-121.45410719600001
2310,0.01263840833,-128.335134796
2311,0.01247564133,-133.423164396
2312,0.01217043533,-140.574690096
2313,0.01189113933,-146.133140096
2314,0.01167463933,-151.09362789600002
2315,0.011314263330000001,-156.54913269600002
2316,0.01106460933,-160.128277296
2317,0.01063467333,-164.987961596
2318,0.01035199333,-166.339018696
2319,0.00994726433,-170.699250396
2320,0.00960431033,-169.693403296
2321,0.00930104933,-174.464341096
2322,0.008903151330000001,-172.033313596
2323,0.008804009330000001,-176.115569996
2324,0.008379305330000001,-173.69818249600002
2325,0.00836140433,-175.131884796
2326,0.00809053233,-176.717333796
2327,0.008120749330000001,-173.885000096
2328,0.00797633233,-176.807809496
2329,0.00799605133,-173.065926396
2330,0.00798785133,-173.614389896
2331,0.00800658133,-170.251357396
2332,0.008075344330000001,-168.323837596
2333,0.00808568233,-164.904720496
2334,0.008211115330000001,-159.119686796
2335,0.00827078533,-155.045507596
2336,0.008424042330000001,-148.822688796
2337,0.00854593233,-142.645968096
2338,0.008684288330000001,-135.950297296
2339,0.00882073033,-128.170449396
2340,0.008972710330000001,-120.85084279600001
2341,0.009150218330000001,-113.10803149600001
2342,0.00934652033,-104.07023549600001
2343,0.00956614733,-94.662144576
2344,0.00972071233,-86.49697693600001
2345,0.009915515330000001,-76.423140356
2346,0.010131569330000001,-66.340245716
2347,0.01032113833,-56.871794435999995
2348,0.01057937433,-45.397840306
2349,0.01082810333,-34.333021116
2350,0.011044890330000001,-24.021230586
2351,0.01128915133,-12.606556436
2352,0.01156493833,-1.3385741740000001
2353,0.01185530633,11.229943453999999
2354,0.01220617333,23.938633664
2355,0.01251702833,35.801384474
2356,0.012898399330000001,48.193769584
2357,0.01333902633,60.652720024000004
2358,0.013772665330000001,72.478362404
2359,0.01424344433,83.672788184
2360,0.01479862333,94.678216544
2361,0.015425405330000001,104.875580804
2362,0.01606721533,113.975773904
2363,0.01676148333,123.07219430399999
2364,0.017409452330000002,130.64980240399998
2365,0.01820850933,137.575035804
2366,0.019009512330000002,144.064021304
2367,0.01976459833,149.80648810399998
2368,0.020575397330000002,154.93693080399999
2369,0.02140259633,158.853368504
2370,0.02218209233,163.123414604
2371,0.02299130433,166.41059550399999
2372,0.023763007330000002,169.493134904
2373,0.02457552733,171.63773970399998
2374,0.02526801133,173.908707104
2375,0.02601470433,175.628847204
2376,0.02660989733,177.53524080399998
2377,0.02729245333,178.913925204
2378,0.02778148533,180.190492704
2379,0.02834473733,180.795203904
2380,0.028817784330000002,181.005470804
2381,0.02919551633,182.939565404
2382,0.02950819033,182.239603104
2383,0.02981074933,182.632585904
2384,0.03001971933,183.656377804
2385,0.03017635733,182.554796604
2386,0.030272563330000002,183.565457404
2387,0.03033902833,180.803429204
2388,0.03036717233,180.192212004
2389,0.03035182233,178.88552460399998
2390,0.03033430633,176.055535704
2391,0.03031819233,173.322012904
2392,0.03025000233,169.70355160399998
2393,0.03018841933,165.25828410399998
2394,0.03011694333,160.641639904
2395,0.02997973633,155.076762404
2396,0.02989208233,149.056476804
2397,0.02977066933,142.903474204
2398,0.029623094330000002,136.130946204
2399,0.029478036330000002,128.82990400399999
2400,0.02933243633,121.16115910399999
2401,0.029183616330000002,113.053019804
2402,0.029050205330000002,105.07518330399999
2403,0.02885128733,96.034580984
2404,0.02866159033,86.496771044
2405,0.02847256333,77.08094651399999
2406,0.02825995433,66.58810886399999
2407,0.02804141433,56.287313764000004
2408,0.02781055533,45.40934076400001
2409,0.027560327330000002,34.432549214000005
2410,0.02732908433,23.383846714
2411,0.02707783833,11.547214173999999
2412,0.02684499933,0.318673462
2413,0.026486600330000002,-10.942936475
2414,0.02618040633,-22.931865466
2415,0.025907298330000002,-32.473552326
2416,0.02550674933,-43.267903155999996
2417,0.02516382733,-54.363052366
2418,0.02482907333,-63.959811296
2419,0.02446107133,-72.571856576
2420,0.024036144330000002,-79.872448406
2421,0.02363425633,-88.263541006
2422,0.023260541330000002,-95.607323136
2423,0.02287770233,-101.65375609600001
2424,0.02244613733,-106.734801196
2425,0.02202995333,-111.496438196
2426,0.02166051333,-116.98662559600001
2427,0.02133795033,-120.60613999600001
2428,0.02099416633,-123.143492896
2429,0.02064834033,-126.565813996
2430,0.02040334533,-129.40656019600002
2431,0.02014498033,-131.34848899600001
2432,0.01991817433,-133.082304696
2433,0.019734572330000002,-134.50664529600002
2434,0.01955901033,-135.487570096
2435,0.019390149330000002,-136.690495996
2436,0.01930540033,-136.361610896
2437,0.01922677733,-137.117438896
2438,0.01918829633,-137.35977709600002
2439,0.01918188133,-135.970129296
2440,0.01918054233,-135.819846396
2441,0.019183988330000002,-133.980100196
2442,0.019187976330000002,-133.059703496
2443,0.01920855833,-131.98586379600002
2444,0.01927285333,-126.45192129600001
2445,0.01929021233,-124.27096419600001
2446,0.01933785133,-122.726850096
2447,0.01943373733,-118.674865896
2448,0.01949777833,-114.232991596
2449,0.01955195833,-110.385350896
2450,0.01963026333,-106.98046189600001
2451,0.01974130433,-102.13306679600001
2452,0.01983862633,-97.236347896
2453,0.01990726233,-93.152698806
2454,0.020030811330000002,-88.076746076
2455,0.02015634033,-82.63628955600001
2456,0.020251045330000002,-77.75385618600001
2457,0.02035972533,-72.371245986
2458,0.020450825330000002,-66.21233121600001
2459,0.02057396133,-60.560218846
2460,0.020687491330000002,-55.194438266
2461,0.02083660133,-48.674981695999996
2462,0.020951056330000002,-42.298125096
2463,0.02108150033,-36.821458756
2464,0.02121277233,-30.067407766
2465,0.02134573533,-23.971733786
2466,0.02147790033,-17.751117606
2467,0.02160132333,-11.900221846
2468,0.02172117233,-5.070325092999999
2469,0.02182302433,1.17582889
2470,0.02194293633,6.2586360029999994
2471,0.02210863933,12.171700754
2472,0.02221706533,17.854073524
2473,0.02231451333,23.315067574
2474,0.02241805633,28.400836874
2475,0.02256190233,33.223065374
2476,0.02266662733,37.936141834000004
2477,0.02276825633,42.753996524
2478,0.02288714633,46.618201194
2479,0.02301213133,50.988932664000004
2480,0.02312591933,55.064370594
2481,0.02322978233,58.080729374
2482,0.02332174033,61.766329874
2483,0.02340604433,65.065827184
2484,0.02346204333,67.776198944
2485,0.02351638433,70.691299604
2486,0.02358738133,73.06964059399999
2487,0.02366013233,75.45191212399999
2488,0.023754392330000002,77.604510554
2489,0.02381846433,79.33591053399999
2490,0.02385151933,80.697039654
2491,0.02388208933,82.344714144
2492,0.02391026433,83.375756954
2493,0.02392832633,84.333335814
2494,0.02395094733,84.09294685399999
2495,0.02395206633,84.269341454
2496,0.02395289633,83.632163764
2497,0.02394983233,82.89361295399999
2498,0.023943831330000002,81.491484684
2499,0.02393997233,79.818059624
2500,0.02391948733,77.475423154
2501,0.02389405433,74.79493050399999
2502,0.02386233933,71.790657614
2503,0.02379906433,68.323083914
2504,0.02369989233,64.132970454
2505,0.02360907933,59.646194554000004
2506,0.02352694633,55.037875654000004
2507,0.02345141833,49.508781964
2508,0.02335055533,44.404411084
2509,0.02325256433,38.325222724
2510,0.02312397233,32.522852944
2511,0.02299496633,26.123069684
2512,0.02283902733,19.637957794
2513,0.02270970333,13.295387304
2514,0.022577568330000002,6.011465824
2515,0.02241633433,-0.304732004
2516,0.02229157033,-8.314996088000001
2517,0.02217035033,-14.959563446
2518,0.02202676233,-21.712603716
2519,0.02186345233,-28.954793086000002
2520,0.02171600333,-36.751580915999995
2521,0.02158051933,-44.418092736
2522,0.02144059933,-50.692411535999994
2523,0.02126101833,-58.489207726
2524,0.02110581533,-66.11357581600001
2525,0.020956099330000002,-72.505077676
2526,0.02078226133,-80.077181276
2527,0.02061592033,-87.008095366
2528,0.02045666433,-92.859472356
2529,0.020311033330000002,-99.667407696
2530,0.02015129933,-105.309848496
2531,0.02000247633,-110.380050596
2532,0.01986485433,-115.794191796
2533,0.01973112533,-120.00734149600001
2534,0.019583707330000002,-123.908439196
2535,0.01946111533,-127.10143329600001
2536,0.01935342333,-130.095047296
2537,0.01927377933,-131.789091396
2538,0.01919515633,-133.254955996
2539,0.01916369433,-134.460876996
2540,0.01914480533,-134.076332996
2541,0.01913035033,-134.50087939600002
2542,0.01912782833,-133.392010696
2543,0.01913379533,-132.201332396
2544,0.01914285833,-130.680931096
2545,0.01915929133,-125.948000596
2546,0.01918287233,-124.55319129600001
2547,0.01927744933,-122.246289096
2548,0.01933025733,-117.016706396
2549,0.01940872033,-112.89857019600001
2550,0.01948444033,-109.280613896
2551,0.01956896533,-105.026856396
2552,0.01966146833,-99.676899676
2553,0.01976520433,-94.99521794600001
2554,0.01985659133,-90.67988785600001
2555,0.01997490733,-85.25210382600001
2556,0.02007599433,-80.145877156
2557,0.020187068330000002,-75.97313402600001
2558,0.02031109633,-69.698223536
2559,0.02038882733,-64.006698456
2560,0.020486307330000002,-59.106239046
2561,0.02061824933,-52.684810225999996
2562,0.020739056330000002,-46.523032175999994
2563,0.02087096633,-40.618615735999995
2564,0.02100989633,-33.708329246
2565,0.02113727633,-27.370293306
2566,0.02129678733,-20.041387856
2567,0.02142451733,-12.924971636
2568,0.02160394033,-5.367178332
2569,0.02172324633,2.257120227
2570,0.021878961330000002,10.075882113999999
2571,0.022083368330000002,18.145929373999998
2572,0.02223522033,26.267014504
2573,0.02238471233,34.027555554
2574,0.02259074733,41.727287294
2575,0.022753672330000002,49.687210804
2576,0.022979106330000002,57.199972284000005
2577,0.02319161833,64.23908672399999
2578,0.02336931933,71.201405444
2579,0.02350735533,77.719334784
2580,0.023685373330000002,83.745452824
2581,0.023869327330000002,89.63509229399999
2582,0.02400713833,94.735658964
2583,0.02419801833,99.237650604
2584,0.02439987033,103.694074604
2585,0.02448605733,106.906989704
2586,0.02461094733,110.22622780399999
2587,0.02473500733,113.36370440399999
2588,0.02486092033,115.346779404
2589,0.02498089433,117.424871204
2590,0.02507237833,119.097481104
2591,0.02513214233,120.34989330399999
2592,0.02517694333,120.993422404
2593,0.02519130433,121.399942404
2594,0.02522343233,121.35580640399999
2595,0.02522493433,120.662761404
2596,0.02522212633,119.628506604
2597,0.02521485133,117.973994404
2598,0.02519838333,116.152079304
2599,0.02519203533,113.38094560399999
2600,0.025150744330000002,110.348797204
2601,0.02507675033,106.976276104
2602,0.02500240233,103.069889504
2603,0.02489937033,98.500820744
2604,0.02481978933,93.76673913399999
2605,0.02469342933,88.307796884
2606,0.024587749330000002,82.274751614
2607,0.02449336333,76.15263269399999
2608,0.02441107133,69.48540103399999
2609,0.02425053933,62.260324954000005
2610,0.024069266330000002,54.621789144000005
2611,0.02393320833,46.660125124000004
2612,0.02380267033,38.326587944
2613,0.02359813433,29.589047894
2614,0.02345422533,20.765801354
2615,0.02328230133,11.261181314
2616,0.023087087330000002,1.985857308
2617,0.022847323330000002,-6.907936252000001
2618,0.02266152033,-17.399519806
2619,0.02241218633,-26.298618066
2620,0.02223043433,-36.276768616
2621,0.022021560330000002,-46.639052526
2622,0.02178380933,-55.784123795999996
2623,0.02157270133,-64.805131516
2624,0.02130674233,-75.066619556
2625,0.02106669333,-83.697880486
2626,0.020818061330000002,-91.957864766
2627,0.02050267633,-100.785193936
2628,0.02028349633,-109.22305559600001
2629,0.019998902330000002,-116.046999696
2630,0.01968897433,-123.29774229600001
2631,0.01936439933,-130.857172196
2632,0.01909936633,-136.144771496
2633,0.018707209330000002,-140.114791596
2634,0.01824405533,-144.203590596
2635,0.01784267633,-148.383491196
2636,0.01744177733,-151.253771796
2637,0.01705820233,-151.752178396
2638,0.01664651633,-153.61466259600002
2639,0.01625617833,-155.968687896
2640,0.01594229333,-158.818492496
2641,0.01568067433,-160.12480989600002
2642,0.01539378333,-159.956890396
2643,0.01505564733,-159.587170796
2644,0.01486936533,-161.110112996
2645,0.014663427330000001,-163.518733596
2646,0.01456878633,-162.84430769600002
2647,0.01448703533,-162.073843296
2648,0.01438617233,-160.756453596
2649,0.014370025330000001,-161.738608996
2650,0.01436594133,-161.887078096
2651,0.01438888533,-157.14342459600002
2652,0.014378419330000001,-156.02125009600002
2653,0.01439501133,-154.587252696
2654,0.014468369330000001,-151.738611696
2655,0.01456406233,-144.814158896
2656,0.01457637933,-143.112637496
2657,0.014728712330000001,-142.406472996
2658,0.014871024330000001,-133.882937496
2659,0.01490985733,-127.977689696
2660,0.01495089233,-127.255907596
2661,0.015111520330000001,-123.39879279600001
2662,0.015236283330000001,-116.226464996
2663,0.01528481533,-112.729905496
2664,0.01533733733,-110.747789896
2665,0.01542929833,-108.054557896
2666,0.01550026333,-105.042932096
2667,0.01556379333,-102.05826229600001
2668,0.01558880933,-100.445635486
2669,0.01561471933,-99.884097886
2670,0.015641744330000002,-98.194596626
2671,0.01565645533,-96.37090508600001
2672,0.01566069833,-95.792883426
2673,0.01567690833,-95.216288726
2674,0.01571054033,-93.757700036
2675,0.01573341933,-92.600317546
2676,0.01577161333,-90.68173883600001
2677,0.01579714033,-88.661787866
2678,0.01584937433,-85.572161136
2679,0.01591552133,-82.138985936
2680,0.01603249933,-77.64803193600001
2681,0.01614315733,-72.094076756
2682,0.01622937533,-67.61621359600001
2683,0.01639967133,-60.325892945999996
2684,0.01656266133,-52.281353145999994
2685,0.01673158533,-44.086697855999994
2686,0.01689750933,-35.144173685999995
2687,0.01709419533,-25.472387946
2688,0.01726481033,-15.441604686
2689,0.01751210333,-4.935559218
2690,0.01779532333,5.071844873
2691,0.01802631033,16.096626044
2692,0.01829469333,26.077484304
2693,0.01857131033,35.813168434000005
2694,0.01882792033,45.618218874
2695,0.019074478330000002,54.163606774
2696,0.01937617333,62.291054914
2697,0.01959194033,69.74956921399999
2698,0.01983849833,76.273474374
2699,0.02009217233,81.979338544
2700,0.020322074330000002,87.26604104399999
2701,0.02048011833,91.382516634
2702,0.020665825330000002,95.004323034
2703,0.02084109933,97.89527852399999
2704,0.02095861933,100.301302604
2705,0.02106088733,102.133280104
2706,0.021182522330000002,103.531452104
2707,0.02122231233,104.704291304
2708,0.02127837633,105.023439704
2709,0.02131921833,105.423824504
2710,0.02133855633,105.496711204
2711,0.02135128733,105.292329204
2712,0.02134997933,104.659905204
2713,0.02134733033,103.655355604
2714,0.02134235333,102.723714804
2715,0.02132805733,101.362568404
2716,0.02131085933,99.928570404
2717,0.021276654330000002,97.666144154
2718,0.02124930733,96.08973396399999
2719,0.021233098330000002,94.05811658399999
2720,0.02119522133,91.144415414
2721,0.02114391333,88.528060434
2722,0.02108915733,85.957670384
2723,0.02100539733,82.795061214
2724,0.02096107633,79.416560314
2725,0.02092029733,76.391165004
2726,0.02086567033,73.23998631399999
2727,0.020789184330000002,70.23715144399999
2728,0.02071381633,66.467182494
2729,0.02066378333,63.69996227400001
2730,0.020604465330000002,60.719281954
2731,0.02053381933,57.430882304
2732,0.02047351133,54.612784624
2733,0.020422139330000002,51.846139954
2734,0.02038474333,49.311588964
2735,0.02035222833,46.541014884000006
2736,0.020312820330000002,43.816943614
2737,0.02024983333,41.546135654000004
2738,0.02020720233,38.928413474
2739,0.02015930833,36.101604714000004
2740,0.02008885333,33.584463134
2741,0.02002411033,30.380419474
2742,0.019963835330000002,27.376379134
2743,0.019898231330000002,24.057860194
2744,0.01982228833,20.313656834
2745,0.01974609033,16.783487204
2746,0.01965642733,12.208575763999999
2747,0.019575731330000002,8.305168211
2748,0.01950243633,2.737376081
2749,0.01941341233,-2.646182855
2750,0.01927744733,-8.283260115
2751,0.01916685333,-14.266435166
2752,0.01901321233,-20.297151506
2753,0.01890989233,-26.130071386
2754,0.01879652233,-32.316612076
2755,0.01866062333,-38.148532956
2756,0.01853021233,-44.260628825999994
2757,0.01842335033,-49.697337215999994
2758,0.01826926333,-55.391047226
2759,0.01815311533,-60.299616666
2760,0.01804165933,-64.664436336
2761,0.01792474633,-69.054450286
2762,0.01782742333,-72.86919030600001
2763,0.01773894233,-75.644577776
2764,0.01764946933,-79.16468476600001
2765,0.01757247433,-81.626588956
2766,0.01752062133,-83.294510366
2767,0.01745122133,-86.162119996
2768,0.01739234933,-87.374602506
2769,0.01734981533,-88.58069453600001
2770,0.01732728733,-89.58799664600001
2771,0.017282711330000002,-90.94659217600001
2772,0.01727144833,-92.049905656
2773,0.01725128133,-92.736015506
2774,0.01723050933,-93.525086606
2775,0.01719301633,-93.815029726
2776,0.017184018330000002,-95.164489886
2777,0.01717323233,-95.40310490600001
2778,0.01715207733,-95.416375316
2779,0.01714327133,-94.39580137600001
2780,0.01714180233,-95.12291632600001
2781,0.01714834433,-95.360521596
2782,0.01715156633,-93.632264176
2783,0.01716270333,-92.405195316
2784,0.01717438233,-90.809573466
2785,0.01719130433,-88.623872086
2786,0.01721924433,-85.734219786
2787,0.01727020333,-82.76816404600001
2788,0.01735999433,-78.990052766
2789,0.01744321233,-74.620253446
2790,0.01754101233,-70.03346539600001
2791,0.017662392330000002,-64.780485016
2792,0.01780282233,-58.909970836
2793,0.01789532533,-53.186332725999996
2794,0.01799721033,-46.971458016
2795,0.01817133533,-40.439558096
2796,0.018293642330000002,-33.911626946
2797,0.01841741433,-27.587643926000002
2798,0.01856432333,-20.758512206
2799,0.01867705533,-14.411412926
2800,0.018806094330000002,-7.499080872
2801,0.01890312833,-2.442223711
2802,0.01901828733,3.836189532
2803,0.019167332330000002,10.241115213999999
2804,0.01926685433,15.149488024
2805,0.01938842633,19.688139323999998
2806,0.019493087330000002,25.174499874
2807,0.01955655433,29.299280664
2808,0.01963058133,33.240344494000006
2809,0.01971115033,37.661952014
2810,0.01977260733,41.352308974
2811,0.01988888233,45.119927594
2812,0.01995008333,48.550702894000004
2813,0.02003620433,51.845797794000006
2814,0.02011632733,55.161511514000004
2815,0.02019322733,58.01248527400001
2816,0.02026776533,60.794355564
2817,0.02031132033,63.557618904
2818,0.02035462133,66.293542404
2819,0.02039881433,68.596431944
2820,0.02044364533,70.835728194
2821,0.02050873933,73.16220916399999
2822,0.02056164333,74.919553454
2823,0.020590010330000002,76.45254787399999
2824,0.02062341833,78.24715111399999
2825,0.02063902233,78.984912534
2826,0.02066253933,79.65637825399999
2827,0.02067983433,79.933571284
2828,0.02068197233,80.191201124
2829,0.02068493933,79.82766716399999
2830,0.02068343933,79.419127324
2831,0.02067610033,78.51839834399999
2832,0.02066499633,77.123437774
2833,0.02066687833,75.989388394
2834,0.02065650833,74.534198034
2835,0.02065031833,73.372865744
2836,0.02060574233,71.85348869399999
2837,0.020581204330000002,69.658139284
2838,0.02055066633,68.129889714
2839,0.02050979133,66.630725034
2840,0.02048206433,64.941904684
2841,0.02046378033,63.590675974
2842,0.02043793333,62.329099004
2843,0.02041869333,61.010167984000006
2844,0.02040612133,60.011179844000004
2845,0.02038439233,58.616006274
2846,0.02036553233,57.707120524000004
2847,0.02036320433,56.376102754
2848,0.020347952330000002,55.213611724
2849,0.02031272433,53.523144614
2850,0.020275934330000002,51.664057294
2851,0.02023407033,49.612613034000006
2852,0.02019246133,46.820049824
2853,0.02014408733,44.042134704000006
2854,0.02006102933,40.792549844
2855,0.01998779833,37.087954634000006
2856,0.01990904833,33.109065094
2857,0.01982248033,28.676155694
2858,0.01972158433,23.597108834
2859,0.01962292333,18.563610814
2860,0.019544652330000002,12.991312524
2861,0.01943916133,7.151103462
2862,0.01934426533,1.536231597
2863,0.01920661233,-4.6184592559999995
2864,0.01907112633,-10.229955964
2865,0.01894381133,-16.450160136
2866,0.01883746133,-22.431968146
2867,0.01873136433,-28.166817216000002
2868,0.01863755233,-33.438388896
2869,0.018515629330000002,-39.061986256
2870,0.01842156333,-43.808386025999994
2871,0.01830771333,-48.387284676
2872,0.01823253533,-52.545377445999996
2873,0.01811568733,-56.720713935999996
2874,0.01803830833,-60.107346686
2875,0.01797002433,-63.795779026
2876,0.01788699733,-66.708373566
2877,0.01783907133,-69.378019506
2878,0.01775661833,-72.215154946
2879,0.01770199033,-74.43470646600001
2880,0.017664402330000002,-76.294250656
2881,0.01759860633,-78.61324329600001
2882,0.01754841533,-80.602703926
2883,0.01752457933,-81.902440266
2884,0.01746877133,-83.729328456
2885,0.01742164133,-85.238398356
2886,0.01739614633,-86.265490806
2887,0.01735185733,-87.549269916
2888,0.01733497733,-88.557930736
2889,0.01732269233,-88.62644448600001
2890,0.01729780533,-89.798331746
2891,0.01729991033,-89.289377856
2892,0.01729397533,-88.66347485600001
2893,0.01730179233,-88.742065466
2894,0.01731522633,-86.936173936
2895,0.01731765133,-86.434624536
2896,0.01733654033,-83.499459356
2897,0.01738883933,-81.96442700600001
2898,0.01740871833,-78.99576942600001
2899,0.01746328333,-76.037422096
2900,0.017566124330000002,-74.704792126
2901,0.017645544330000002,-68.31763320600001
2902,0.01768708933,-65.81590276600001
2903,0.01777621033,-63.517359565999996
2904,0.017849760330000002,-59.626346416
2905,0.01792675633,-54.807281145999994
2906,0.017960292330000002,-51.617255656
2907,0.01803141533,-48.910215386
2908,0.01814166033,-45.433629235999994
2909,0.01818977933,-42.365037685999994
2910,0.01823480133,-39.916182696
2911,0.01828990833,-37.842151945999994
2912,0.01834022833,-35.273739486
2913,0.01836371333,-33.817350716
2914,0.018391123330000002,-32.323149476
2915,0.01842469033,-30.757466966
2916,0.01845241833,-29.787981586
2917,0.01848203033,-28.590605456
2918,0.01850375933,-27.704871226
2919,0.01852462833,-26.577014886
2920,0.01853767933,-26.081163276
2921,0.01856907633,-24.146172616
2922,0.01858563733,-23.792323906
2923,0.01859855933,-21.119135536
2924,0.01863407433,-19.127305646
2925,0.01868988233,-17.242223136
2926,0.01874374433,-14.476387716
2927,0.018777184330000002,-11.812501076
2928,0.01885475533,-8.791407766
2929,0.01889224833,-5.668117157999999
2930,0.01893392133,-2.183245099
2931,0.01900402433,1.13029469
2932,0.01909745233,4.531959013
2933,0.01916787433,7.976621004
2934,0.01924308333,11.171554814
2935,0.01933533033,14.542345804
2936,0.01938782033,17.363047144
2937,0.01944410733,20.453667434
2938,0.01949130033,22.645061104
2939,0.019526335330000002,24.862814324
2940,0.01955157633,26.394828164
2941,0.019577900330000002,27.988639264
2942,0.01959085533,29.000499854
2943,0.01960690533,28.854924424
2944,0.01961615833,29.558688984
2945,0.019616446330000002,28.677523184
2946,0.01960827833,27.750808254
2947,0.01960716133,27.523493974
2948,0.01959261033,27.807624994
2949,0.01957987933,24.719802224
2950,0.01957735733,23.085430154
2951,0.01955352233,21.851201814
2952,0.01950403233,18.918243084
2953,0.01949002433,17.045837824
2954,0.01943708833,15.067657323999999
2955,0.01940399833,12.003008264
2956,0.019369728330000002,9.300517804
2957,0.019297902330000002,6.961794138
2958,0.01923354233,4.5412728
2959,0.01919257233,0.7077130229999999
2960,0.01914056033,-1.5898297920000002
2961,0.01905801333,-4.221417532
2962,0.018988611330000002,-7.3761691460000005
2963,0.01895162833,-9.88085418
2964,0.018913403330000002,-12.389135206
2965,0.01886065733,-15.066843326
2966,0.01881633633,-17.530562296
2967,0.018795884330000002,-19.656226956
2968,0.01875583833,-21.543494866
2969,0.018713240330000002,-23.099094676
2970,0.01867616133,-24.638085316
2971,0.01866639833,-25.324198506000002
2972,0.01865420933,-26.105555116
2973,0.01865130533,-26.001597716
2974,0.01865184833,-25.713663306
2975,0.01865172133,-25.019617206
2976,0.01865593233,-23.776487366
2977,0.01866231333,-22.712956346000002
2978,0.018690361330000002,-20.979545926
2979,0.01871569733,-18.918801836
2980,0.01874779633,-16.743010186
2981,0.01876301733,-14.828234436
2982,0.01883726833,-12.449089986
2983,0.01887195433,-10.382003368000001
2984,0.01888774733,-9.213323437
2985,0.01890708433,-6.299736073
2986,0.01891710533,-5.962137359
2987,0.01892718733,-5.984496097999999
2988,0.01893902533,-4.573276043
2989,0.01893593033,-5.99617441
2990,0.01893430333,-5.7223344229999995
2991,0.01892425133,-7.3321800800000005
2992,0.01892048733,-10.30396408
2993,0.01891614733,-10.503587005
2994,0.01885319133,-14.606832056
2995,0.018816943330000002,-18.714413386
2996,0.01876943133,-21.491610206
2997,0.01868324633,-24.064579416
2998,0.01862778833,-27.582529496
2999,0.01857217233,-32.473295656
3000,0.01848809233,-34.470865196
3001,0.01843898533,-36.811194955999994
3002,0.01837114733,-41.548692456
3003,0.01831227533,-43.449237765999996
3004,0.01827392233,-43.593793815999994
3005,0.018250118330000002,-46.153537686
3006,0.01824396033,-45.718677666
3007,0.01824262033,-44.828797955999995
3008,0.01825238333,-44.934172415999996
3009,0.01826549833,-42.782327126
3010,0.01828362233,-39.058872025999996
3011,0.01834207933,-36.868436276
3012,0.01839916333,-34.916570226
3013,0.01847727533,-29.256353956
3014,0.01856390833,-25.004392546000002
3015,0.01863286233,-20.679359046000002
3016,0.01871071933,-17.676451896
3017,0.01882766433,-11.708515446
3018,0.01888816233,-6.260965554
3019,0.01892176433,-4.19606442
3020,0.01902642433,0.4125130129999999
3021,0.01911296033,4.215746898000001
3022,0.01916477833,6.955668171999999
3023,0.01924158333,10.073198194
3024,0.019295700330000002,12.051926483999999
3025,0.01933539533,13.155288424
3026,0.01936404933,15.054228414
3027,0.019368707330000002,15.333230804
3028,0.019374323330000002,15.167098163999999
3029,0.01937327033,15.071437283999998
3030,0.01937199433,14.150085584
3031,0.01936979133,12.974477323999999
3032,0.019355465330000002,11.350554864
3033,0.01932371633,9.126863823999999
3034,0.01929637033,7.451662174999999
3035,0.01924126333,5.255291135
3036,0.01920849433,3.5345325520000004
3037,0.01917926633,0.932647097
3038,0.01913102033,-1.016379809
3039,0.01907779633,-2.770410805
3040,0.01903810133,-4.518682746
3041,0.019010086330000002,-5.730926286000001
3042,0.01898229333,-6.63325635
3043,0.01897087033,-7.1754548929999995
3044,0.01896761533,-7.528326305
3045,0.01896844533,-7.146340292
3046,0.01897173133,-6.025776663
3047,0.01898197433,-5.022273444
3048,0.019000482330000002,-3.048054295
3049,0.019025497330000002,-0.7857361810000001
3050,0.01907690233,2.216157385
3051,0.01914515533,5.522179735
3052,0.01920281533,9.044246582
3053,0.01931465433,13.082149064
3054,0.01939509533,17.662175574
3055,0.01947981333,22.198673464
3056,0.01955288433,27.674546444
3057,0.01963016633,31.931419254
3058,0.01971944733,36.756410774
3059,0.01981230133,41.720564574
3060,0.01991584533,46.100856564000004
3061,0.02001629433,49.952768284
3062,0.02010519033,53.918779704
3063,0.02017414633,56.794921694
3064,0.02025359833,59.243567084000006
3065,0.02029370633,61.35178843400001
3066,0.02031052333,62.004437604
3067,0.02031224533,62.38604547400001
3068,0.02031313933,62.054763034000004
3069,0.02031642633,60.311656704
3070,0.02030235533,57.549377904
3071,0.02025576733,54.460365804000006
3072,0.02018279233,49.830463374000004
3073,0.020066741330000002,43.784527524000005
3074,0.01995790033,38.319989844000006
3075,0.01980994033,30.677272264
3076,0.01965706633,22.907611413999998
3077,0.01952726133,14.824111554
3078,0.01939305433,6.601009651
3079,0.01919971933,-2.543896294
3080,0.01899729133,-10.937099953
3081,0.01882961033,-20.660556686
3082,0.01866598233,-29.225470596
3083,0.01850589733,-38.271541436
3084,0.01833761133,-46.092507725999994
3085,0.01818965133,-53.225815116
3086,0.01802162033,-60.330202455999995
3087,0.01788288133,-66.025462926
3088,0.017753301330000002,-71.778027306
3089,0.017669412330000002,-75.72701395600001
3090,0.01757604733,-79.236862806
3091,0.01752355733,-80.601159136
3092,0.01747247233,-83.229192986
3093,0.01744027633,-84.007178596
3094,0.01742859733,-83.372533366
3095,0.017431118330000002,-82.966231976
3096,0.01743660633,-82.416928126
3097,0.01746133533,-80.122898936
3098,0.01748619233,-78.023339956
3099,0.01750661433,-76.517462746
3100,0.01756516633,-73.627409936
3101,0.01762371933,-71.53240461600001
3102,0.017652979330000002,-69.82768566600001
3103,0.01770215033,-67.552501916
3104,0.01773594233,-66.008997556
3105,0.017789963330000002,-65.156289266
3106,0.01780342833,-64.060502076
3107,0.01780875733,-63.834562655999996
3108,0.01780945833,-64.310797676
3109,0.017802216330000002,-65.138492666
3110,0.01779609033,-66.021623026
3111,0.01775078033,-67.501410326
3112,0.01772164633,-69.743947426
3113,0.01772056133,-70.946470616
3114,0.01766721133,-73.086462826
3115,0.01759768233,-75.797695636
3116,0.01754972333,-78.622972626
3117,0.01752394133,-81.419924656
3118,0.01747078133,-82.889983486
3119,0.01741510033,-84.583383276
3120,0.01738392633,-86.468336166
3121,0.017361334330000002,-87.236052306
3122,0.017342061330000002,-87.24932271600001
3123,0.01733858433,-87.480174956
3124,0.01734062533,-86.705981656
3125,0.01736238633,-85.235314996
3126,0.01738561633,-82.814369166
3127,0.01741656733,-79.738601986
3128,0.01747923733,-76.22501690600001
3129,0.01757493133,-71.990888356
3130,0.01767582633,-66.95536289600001
3131,0.01781249133,-61.293949735999995
3132,0.01790901433,-55.292279646
3133,0.01801878033,-48.702168865999994
3134,0.01819124533,-41.649281556
3135,0.01833844033,-34.165327385999994
3136,0.01849747333,-26.292499746
3137,0.01863525533,-18.171338006
3138,0.01879377833,-10.153959864
3139,0.01891857233,-3.10761012
3140,0.01910830033,5.917830546999999
3141,0.01929040433,13.877398723999999
3142,0.019433896330000002,20.647081994
3143,0.01956143533,28.606814594
3144,0.01968524033,35.383013624
3145,0.01978916733,41.238269324
3146,0.01993980833,47.323982424
3147,0.02006045433,52.080243234
3148,0.02017232633,56.432947544
3149,0.02026259733,60.306263224000006
3150,0.02030768233,62.953888864
3151,0.02033831633,65.200523894
3152,0.02035650433,66.013377334
3153,0.02036917133,66.41057761399999
3154,0.02037012833,66.160692994
3155,0.02036837433,64.746883864
3156,0.02036400133,63.000228234000005
3157,0.02034964333,60.690603794000005
3158,0.02033656033,57.722794514
3159,0.02026259633,54.615963444
3160,0.02020123533,50.328194694000004
3161,0.02012640933,46.492877214
3162,0.02003240733,42.652811484000004
3163,0.019960006330000002,38.876316374000005
3164,0.01987050233,34.751301634
3165,0.01979995333,31.427048193999997
3166,0.019732752330000002,27.640415044
3167,0.01966612733,24.974958244
3168,0.019606810330000002,21.501810073999998
3169,0.01958358033,19.624449264
3170,0.01954468333,17.831248544
3171,0.01952221933,16.014258524
3172,0.01950543633,15.664574003999999
3173,0.01948814133,14.933901173999999
3174,0.01948913033,14.916286814
3175,0.01949248033,15.839238993999999
3176,0.01949324733,16.281205784
3177,0.01951631733,17.663132454
3178,0.019526144330000002,19.222323044
3179,0.01953453733,20.722683004
3180,0.019549853330000002,22.394095634
3181,0.01957362533,24.131096144
3182,0.01959538633,25.574202594
3183,0.01962595433,27.111779293999998
3184,0.019641461330000002,28.159660784
3185,0.01965977733,28.956118533999998
3186,0.01967231733,29.564593704
3187,0.01967873233,29.434308764
3188,0.01967742333,28.744815024
3189,0.019666159330000002,28.162078814
3190,0.01965505633,26.623134344
3191,0.01964325033,24.914267614
3192,0.01961663733,22.572542604
3193,0.01958437733,19.801355594
3194,0.019540407330000002,16.696522364
3195,0.01948897033,13.734816473999999
3196,0.01942687733,9.887023233999999
3197,0.01937301533,6.092088469
3198,0.01926452633,2.361338354
3199,0.01919812433,-1.943892885
3200,0.01911104533,-5.5736927949999995
3201,0.01900606433,-9.56546032
3202,0.01893580233,-14.018588526
3203,0.01887428333,-17.781637946
3204,0.01880733933,-21.263507276000002
3205,0.01874348933,-25.245011306000002
3206,0.01866378133,-28.627487806
3207,0.01861042933,-31.455912426
3208,0.01854989933,-34.598403835999996
3209,0.01850270733,-36.880124216
3210,0.01844479333,-39.621008966
3211,0.01841505333,-41.438038096
3212,0.018366266330000002,-43.257571645999995
3213,0.018320508330000002,-44.847428705999995
3214,0.01830069333,-45.436517155999994
3215,0.01827791033,-46.348021196
3216,0.01826970933,-46.682019065999995
3217,0.01825745633,-46.545221276
3218,0.01825930833,-46.710172375999996
3219,0.01825863733,-46.227187156
3220,0.01826789033,-45.444416186
3221,0.01827673033,-44.469190846
3222,0.01828240933,-43.775554705999994
3223,0.01830139533,-42.393798835999995
3224,0.01831955133,-41.211888796
3225,0.01833917433,-40.565325345999995
3226,0.01834670633,-39.044397276
3227,0.01836534033,-37.588787425999996
3228,0.018396547330000002,-36.643073535999996
3229,0.018432220330000002,-35.335171916
3230,0.01843939933,-34.999755865999994
3231,0.01846361833,-32.835867726
3232,0.01848225333,-32.760418535999996
3233,0.018504621330000002,-32.505788786
3234,0.01850628133,-31.456297096
3235,0.01851671433,-31.233140456
3236,0.01852210733,-31.033931346
3237,0.018524692330000002,-30.400689236
3238,0.01853302033,-30.024675126
3239,0.01854533733,-29.168273266
3240,0.01855902633,-28.468477826
3241,0.01857606433,-27.371500506
3242,0.01858184133,-27.140587376
3243,0.01859112633,-25.919673236
3244,0.018622779330000002,-23.678555966
3245,0.01864919933,-22.239776926
3246,0.01870204033,-19.902223326
3247,0.01874766933,-17.058568446
3248,0.01879725633,-14.200403676
3249,0.01887597333,-10.593765022000001
3250,0.01891407233,-6.578055289
3251,0.01897836933,-2.5305012
3252,0.01910019533,1.9852094230000001
3253,0.019189413330000002,7.143096163999999
3254,0.01932275933,12.289265023999999
3255,0.01943217433,18.068292964
3256,0.01952142233,23.488108034
3257,0.019617211330000002,29.618790183999998
3258,0.019714277330000002,35.455030504
3259,0.01984172133,41.608275634
3260,0.01996233633,47.324505284000004
3261,0.02009504433,53.093205914
3262,0.020222359330000002,58.508674904
3263,0.02031138533,64.019160234
3264,0.02039996233,69.04131245399999
3265,0.02050822933,73.682954384
3266,0.02060156133,78.264941204
3267,0.02069100133,82.28793251399999
3268,0.02079419433,85.955300784
3269,0.02087939033,88.976738644
3270,0.02094196433,91.43091488399999
3271,0.02100306833,93.969413694
3272,0.02105916433,96.323340444
3273,0.02112186533,97.913015934
3274,0.02117623633,99.148191404
3275,0.02119586033,99.929324704
3276,0.02121168633,100.40295050399999
3277,0.02122665233,100.56892070399999
3278,0.02123095933,100.548299104
3279,0.02123038533,100.078075304
3280,0.02122355833,98.975127174
3281,0.02121558033,98.219340014
3282,0.02121318733,96.589885584
3283,0.02121325033,94.717290784
3284,0.021193371330000002,92.738163344
3285,0.02113976433,90.422021524
3286,0.02108970033,87.842471744
3287,0.02102266033,85.106981324
3288,0.02097952033,81.894039644
3289,0.02093293233,78.684071424
3290,0.02088140033,75.529993194
3291,0.02080095933,71.832673884
3292,0.02071595433,68.024702764
3293,0.02065194533,64.055147144
3294,0.02057169533,59.829381844000004
3295,0.020476479330000002,55.483200864000004
3296,0.020403505330000002,51.330056314000004
3297,0.020341539330000002,46.240772834000005
3298,0.020252640330000002,41.743715564000006
3299,0.02015943533,36.647090194
3300,0.020034450330000002,31.379688593999997
3301,0.01994057333,26.404055874
3302,0.01981992733,20.907384783999998
3303,0.01970834233,15.375892774
3304,0.01961351033,9.892905793999999
3305,0.019523336330000002,4.254093178
3306,0.019420463330000002,-1.2601602710000002
3307,0.01930319833,-7.191703866999999
3308,0.01917802233,-12.811913786
3309,0.01904090933,-18.974734896
3310,0.01892763333,-24.668802946
3311,0.01881161433,-30.570611216
3312,0.018695595330000002,-36.702509406
3313,0.01858480733,-42.622931515999994
3314,0.01846119433,-47.796850256
3315,0.018318722330000002,-54.199254626
3316,0.01821466833,-59.755756995999995
3317,0.01805407133,-64.686317836
3318,0.01792962733,-70.75034741600001
3319,0.01781954233,-75.387053296
3320,0.01769034433,-79.993864786
3321,0.01754614933,-85.645029436
3322,0.01743185333,-89.720373896
3323,0.01731899233,-93.15953143600001
3324,0.017214938330000002,-97.604309486
3325,0.01713755933,-101.126863396
3326,0.01707741133,-103.48799099600001
3327,0.01696065633,-106.406513496
3328,0.01690676333,-109.484889896
3329,0.01684313833,-110.69588369600001
3330,0.01677941633,-112.28421919600001
3331,0.016729320330000002,-114.564771396
3332,0.01670414433,-114.835438596
3333,0.01666416133,-115.147313396
3334,0.01664530433,-116.580942296
3335,0.01664326333,-115.871671496
3336,0.01662188333,-116.332017596
3337,0.01663512433,-116.702337696
3338,0.016666141330000002,-112.425771696
3339,0.01664463433,-111.929567596
3340,0.01664766633,-113.174274796
3341,0.01668866833,-111.065803896
3342,0.01671476933,-107.561706496
3343,0.01671378133,-106.379990496
3344,0.01675105033,-106.266543396
3345,0.01681110233,-101.531163996
3346,0.01683382033,-99.501512276
3347,0.01687584333,-98.07837827600001
3348,0.01692236733,-95.787352016
3349,0.01699696933,-92.129617056
3350,0.017052617330000002,-88.874033146
3351,0.01708407933,-86.49925136600001
3352,0.01715048233,-83.09916579600001
3353,0.01719544233,-79.349921026
3354,0.01724244233,-76.028425506
3355,0.01733086133,-72.85029387600001
3356,0.01740533533,-68.93255381600001
3357,0.01748351233,-64.935022196
3358,0.01757729233,-61.457109345999996
3359,0.01766666933,-57.425912536
3360,0.01776922233,-53.219696535999994
3361,0.017829274330000002,-49.196212675999995
3362,0.01792768133,-44.992596545999994
3363,0.01798017133,-40.223614815999994
3364,0.01810745433,-36.200136896
3365,0.01819788333,-31.558105796
3366,0.01829217433,-27.099225456
3367,0.01837839133,-22.757985356
3368,0.01848403933,-17.863658386
3369,0.01857992533,-12.865375976000001
3370,0.01863972233,-8.624130235
3371,0.01875280733,-4.265608718999999
3372,0.01886576233,0.8971622879999999
3373,0.01891649733,5.631280428
3374,0.01900766133,9.917861603999999
3375,0.01913708233,14.993947314
3376,0.01922901133,19.569839164
3377,0.01935310333,23.846554714
3378,0.01944082133,28.537272964
3379,0.01951832733,32.323672444
3380,0.01958054833,36.482352654
3381,0.01965562933,40.180255164
3382,0.01972455233,43.597954644000005
3383,0.01978473233,46.730503164000005
3384,0.01988869033,49.714738434000004
3385,0.01993582033,52.264585584
3386,0.019996892330000002,54.322105084
3387,0.02005356233,56.266994894
3388,0.02009849033,57.742738934
3389,0.02012937733,58.923088034
3390,0.02015678633,59.691008674
3391,0.02017433633,60.123070834
3392,0.020179857330000002,60.189609254000004
3393,0.02018761033,60.587809944
3394,0.020181452330000002,60.044236624
3395,0.02016805133,56.726748404000006
3396,0.02016687133,56.334083374
3397,0.02014644833,55.317304864
3398,0.02012101733,52.356016084000004
3399,0.02007759033,50.673712824000006
3400,0.02000997533,47.958927334
3401,0.019957040330000002,44.313535164
3402,0.01989411433,41.460575044
3403,0.01982608533,37.844066954000006
3404,0.01975496133,33.864766994
3405,0.01966963833,30.016603684
3406,0.01959752333,25.616947074
3407,0.01952876133,20.898510564
3408,0.01944717033,16.292730324
3409,0.01937202533,11.003605603999999
3410,0.01923909533,6.010484139000001
3411,0.01914336833,0.243340393
3412,0.01901225633,-5.184236194
3413,0.01892670933,-10.123079507
3414,0.018806924330000002,-16.697353556
3415,0.01870405033,-22.174977916
3416,0.01859077533,-28.552834886
3417,0.01845388733,-35.007100586
3418,0.01832966533,-41.162996856
3419,0.01821288033,-47.458067025999995
3420,0.01803897833,-54.003022376
3421,0.01791648133,-60.457346826
3422,0.01776698933,-66.94249922600001
3423,0.017619890330000002,-73.06852460600001
3424,0.01748724533,-79.718813346
3425,0.01733312633,-85.34087384600001
3426,0.01721445833,-91.200560006
3427,0.01711110733,-97.787123186
3428,0.01698149433,-102.55948909600001
3429,0.01685363633,-107.72452199600001
3430,0.01673480733,-113.901176996
3431,0.01663110533,-117.27755949600001
3432,0.01647060433,-121.753109996
3433,0.01633279033,-126.652438196
3434,0.01621673933,-129.088025296
3435,0.01601571433,-132.32198229600002
3436,0.01589340833,-136.428254996
3437,0.01581501033,-138.170798796
3438,0.01569863833,-139.71118639600002
3439,0.01552371533,-142.656242096
3440,0.01547087433,-145.03658499600002
3441,0.015398314330000001,-145.458714996
3442,0.01523618633,-146.591199496
3443,0.01518845033,-149.176907496
3444,0.01516011633,-147.306230296
3445,0.01503260933,-147.381672896
3446,0.014994637330000001,-151.279611896
3447,0.01501681533,-149.051942996
3448,0.01499071433,-146.06565529600002
3449,0.01496735633,-147.97689329600001
3450,0.01499530733,-148.224612196
3451,0.01505737033,-142.445299396
3452,0.01504224633,-141.147919396
3453,0.015092247330000001,-141.953853196
3454,0.01519460933,-136.963457696
3455,0.01526209633,-133.033853196
3456,0.01531034233,-129.920461996
3457,0.01537830833,-126.974352396
3458,0.01548130833,-122.76673409600001
3459,0.01560029533,-117.128254696
3460,0.01565569033,-112.801597196
3461,0.01575818033,-108.682684896
3462,0.015850555330000002,-103.321043896
3463,0.015966129330000002,-97.62888178600001
3464,0.01607886133,-92.59453829600001
3465,0.01619635033,-87.56497874600001
3466,0.01631112633,-81.508476016
3467,0.01643071833,-75.91136480600001
3468,0.01655605633,-70.579791826
3469,0.01668439233,-64.400761836
3470,0.01678452233,-58.730215285999996
3471,0.01689278733,-53.013143836
3472,0.01702610233,-46.460478386
3473,0.017119626330000002,-40.820405166
3474,0.01721790633,-34.916219856
3475,0.01735533533,-28.270455836
3476,0.01748865033,-22.845466966
3477,0.01765288433,-15.965475836000001
3478,0.01780725833,-10.763647342
3479,0.01791584233,-4.103244939
3480,0.01805384833,2.957924975
3481,0.01821351833,8.828424238
3482,0.01835739533,14.705267853999999
3483,0.01851741633,21.499089544
3484,0.01862530033,27.041885874
3485,0.018779833330000002,32.594004804
3486,0.01890264933,38.112796734
3487,0.01902457333,43.168861134000004
3488,0.01918130733,47.874048764
3489,0.01931465433,52.393267944
3490,0.019440343330000002,56.565190814000005
3491,0.01953629133,60.177156564
3492,0.01961012833,63.358215494
3493,0.01971086433,66.48201724399999
3494,0.01979047533,69.095233064
3495,0.01988329733,71.102249254
3496,0.01995477333,73.443353964
3497,0.02001709133,74.984068694
3498,0.02008043033,76.499247814
3499,0.02014217333,77.922957924
3500,0.02018374933,78.672227984
3501,0.020212116330000002,79.611441214
3502,0.02024992833,80.293143274
3503,0.02027277533,80.89114419399999
3504,0.020294983330000002,81.293662324
3505,0.02030905533,81.644371134
3506,0.02031789433,81.982367524
3507,0.02032418033,82.267907094
3508,0.02032663733,82.090671824
3509,0.02032619033,81.94041187399999
3510,0.020328072330000002,80.60874746399999
3511,0.020328646330000002,80.645626024
3512,0.020325680330000002,79.527644064
3513,0.02031597833,78.12791144399999
3514,0.02030174733,76.617070724
3515,0.02027583833,74.716777204
3516,0.02023946233,72.465395054
3517,0.02019574733,69.88984548399999
3518,0.02014600233,66.707759244
3519,0.02006141233,62.985522924
3520,0.01998384233,59.056177064
3521,0.019888212330000002,54.775137554000004
3522,0.01980968533,49.737714104000005
3523,0.01969165433,44.596503764000005
3524,0.01960253433,39.352931504000004
3525,0.01950936033,33.267387504000006
3526,0.01941401833,27.712334194
3527,0.01926947233,21.051184864
3528,0.019159514330000002,14.596934914
3529,0.01899735533,8.333128712999999
3530,0.018891354330000002,1.5565076640000002
3531,0.01878436533,-4.80427432
3532,0.01864875233,-11.370204636
3533,0.01853158433,-17.656551326
3534,0.01840729933,-23.928667746000002
3535,0.01824922533,-29.156821146000002
3536,0.01813141733,-36.016837435999996
3537,0.01800675033,-41.833303556
3538,0.01788875233,-46.598729766
3539,0.017778125330000002,-52.075812465999995
3540,0.01767084833,-57.247950755999994
3541,0.01755904033,-61.576925695999996
3542,0.01743861733,-66.146939066
3543,0.01734151933,-70.375144766
3544,0.01724892033,-74.24335786600001
3545,0.017182805330000002,-77.561890966
3546,0.01710861733,-81.462984666
3547,0.01705931933,-84.589666976
3548,0.01697699533,-86.895518646
3549,0.01690941233,-90.215287246
3550,0.01685618733,-92.724315106
3551,0.01680149733,-94.089247016
3552,0.016747954330000002,-96.65487267600001
3553,0.01670921733,-98.24021967600001
3554,0.01668388133,-99.302987476
3555,0.016652068330000002,-100.92670287600001
3556,0.01661968233,-101.462497596
3557,0.016601716330000002,-102.05063459600001
3558,0.01659699433,-101.978146396
3559,0.01657041533,-102.575762396
3560,0.01657903033,-102.685657996
3561,0.01659007033,-100.05145851600001
3562,0.01660059933,-99.718999216
3563,0.01661732033,-98.428939516
3564,0.01663659333,-96.358088996
3565,0.01665079233,-94.82998954600001
3566,0.01669029633,-92.557986036
3567,0.01673742433,-89.455677186
3568,0.01678835033,-86.85354515600001
3569,0.01683439533,-83.767521246
3570,0.01690207333,-79.894338406
3571,0.01699266233,-76.171057496
3572,0.01704607733,-72.116687896
3573,0.017119626330000002,-68.076187186
3574,0.01718031633,-63.807198736
3575,0.01725520733,-59.261774366
3576,0.01736503633,-54.516371606
3577,0.017472822330000002,-49.289582526
3578,0.01759500233,-44.060194986
3579,0.01771583933,-38.390610316
3580,0.01782841333,-32.621498425999995
3581,0.017930011330000002,-27.223833316
3582,0.01804902933,-20.864408936
3583,0.01817526033,-15.273659016
3584,0.01832216833,-9.301378894
3585,0.018448653330000002,-2.928275215
3586,0.01857689533,3.6126983979999996
3587,0.01869476533,9.780025054
3588,0.01882198433,16.165382764
3589,0.01890788233,21.784588894
3590,0.01902859333,27.650333864
3591,0.01916688433,33.442429924
3592,0.01928868133,38.151582354000006
3593,0.01940517833,43.044484314
3594,0.019496054330000002,47.730620864
3595,0.01956510433,51.524357424
3596,0.01963281533,55.222087154
3597,0.01970751333,58.80192571400001
3598,0.01976810733,61.631701144000004
3599,0.01983058433,64.098543924
3600,0.01991211133,66.263204174
3601,0.01994357433,68.205530094
3602,0.01998460833,69.551194814
3603,0.020027812330000002,71.071289314
3604,0.02006718733,72.349894444
3605,0.020100437330000002,73.380744374
3606,0.020123474330000002,74.26606107399999
3607,0.02015334133,75.395885624
3608,0.02018352733,76.147145174
3609,0.02020449033,77.00174438399999
3610,0.02022625233,78.08608920399999
3611,0.02025854433,79.06462251399999
3612,0.02028400733,79.849787444
3613,0.02030407633,80.602605664
3614,0.02032089333,81.430471164
3615,0.02033732633,82.965048334
3616,0.02035340733,83.230640944
3617,0.02037733933,83.38649037399999
3618,0.02038831633,84.405448994
3619,0.02039019833,84.401659504
3620,0.02039300733,84.265641764
3621,0.020392688330000002,83.63340209399999
3622,0.02039071033,82.978769954
3623,0.020385444330000002,81.689713504
3624,0.020378457330000002,79.976510624
3625,0.020370607330000002,78.022917944
3626,0.02035768433,75.250759414
3627,0.02029833433,72.49622698399999
3628,0.02023062333,69.042891814
3629,0.020166008330000002,65.107983654
3630,0.02007810033,60.924218194000005
3631,0.01998224633,56.424155454
3632,0.01988160633,51.636037674
3633,0.019797303330000002,46.597594274
3634,0.01967592433,41.137564944000005
3635,0.01958909933,35.993411724000005
3636,0.01949816033,30.288446573999998
3637,0.01941002833,24.798945164
3638,0.019285107330000002,19.229788574
3639,0.01918730733,13.559091623999999
3640,0.01904531233,8.13589201
3641,0.01893727133,2.407977236
3642,0.018842215330000002,-3.118992049
3643,0.01875274233,-8.770501261
3644,0.01864253033,-14.169749566
3645,0.018540709330000002,-20.024025916
3646,0.01844603733,-24.445087966
3647,0.01831351933,-29.957431716000002
3648,0.01821977333,-35.473284236
3649,0.01809861533,-39.755771945999996
3650,0.01798894633,-45.208081256
3651,0.01787152133,-50.205785526
3652,0.017782719330000002,-54.554008685999996
3653,0.01767553933,-59.339185856
3654,0.01756756033,-63.802038646
3655,0.01746372833,-67.598761706
3656,0.01737802233,-71.333361206
3657,0.01728819933,-74.890693716
3658,0.01722610533,-78.029218336
3659,0.01716541533,-80.756299326
3660,0.01710833133,-83.589699396
3661,0.01708628233,-85.565474666
3662,0.01704792833,-86.941487826
3663,0.01699655533,-88.51511997600001
3664,0.01696209433,-89.545589516
3665,0.01694160733,-90.07587825600001
3666,0.01693777833,-90.474879386
3667,0.01692501633,-90.696092366
3668,0.01692233533,-90.74001398600001
3669,0.01692144233,-90.209540566
3670,0.01692677133,-89.945377486
3671,0.01692976933,-88.931932726
3672,0.01693379033,-88.939639146
3673,0.01695382933,-89.051771456
3674,0.01695159533,-86.89019994600001
3675,0.01694186333,-86.94763245600001
3676,0.01695986033,-87.531559976
3677,0.01696770833,-85.895174356
3678,0.01696531533,-85.178771016
3679,0.01696691233,-85.445893966
3680,0.01698797233,-85.06115459600001
3681,0.01701726333,-83.79822826600001
3682,0.01702205033,-82.615066016
3683,0.01702549633,-81.774306826
3684,0.01704288633,-79.851230816
3685,0.01707294333,-77.856610096
3686,0.017112382330000002,-75.690515516
3687,0.01716598933,-72.242661626
3688,0.017205875330000002,-68.89128728600001
3689,0.01729100733,-64.493148566
3690,0.01738692533,-59.691503755999996
3691,0.01749701033,-54.060966426
3692,0.01762075233,-48.953190135999996
3693,0.017783773330000002,-42.521865436
3694,0.01789877233,-34.974315995999994
3695,0.01802410933,-27.719125026
3696,0.018203563330000002,-19.982507386
3697,0.01836151133,-11.651234696000001
3698,0.01854827233,-3.586326673
3699,0.01870232633,5.005488996
3700,0.01886898633,13.459674114
3701,0.01899601433,21.531289804
3702,0.01918606133,29.696999844
3703,0.01938242933,37.799478584000006
3704,0.01952059233,45.199007084
3705,0.01963859133,52.195006844000005
3706,0.01976798133,59.055359914
3707,0.01993033233,65.213721514
3708,0.02006728433,70.696683454
3709,0.02020825533,76.08757108399999
3710,0.02031390533,80.574297424
3711,0.02038464633,84.670153634
3712,0.02047884133,88.308630174
3713,0.02059032933,91.391666454
3714,0.020661230330000002,93.66898668399999
3715,0.02075800933,95.749104574
3716,0.02085855433,97.617500894
3717,0.02091815933,99.015841094
3718,0.020960278330000002,99.994830704
3719,0.02100408933,100.685882804
3720,0.02103937933,101.134994404
3721,0.02105967433,101.548445104
3722,0.02107652233,101.388830804
3723,0.02107818233,101.125501004
3724,0.02107393733,99.894662504
3725,0.02106832233,98.725776184
3726,0.021050548330000002,96.56529260399999
3727,0.02102023533,94.41269644399999
3728,0.02098813533,91.242362724
3729,0.02094234633,88.091569804
3730,0.02088704833,84.660249544
3731,0.02080258633,80.264778944
3732,0.02070386033,76.047310344
3733,0.02062820533,71.409049754
3734,0.02052829933,66.60906332399999
3735,0.02042989333,61.489299144
3736,0.02035682333,56.59637282400001
3737,0.02027267933,51.475168074
3738,0.02017765633,46.182673574000006
3739,0.02007085733,41.499300894
3740,0.01995646533,36.52183023400001
3741,0.01985486733,31.497651133999998
3742,0.01977027733,27.110280944
3743,0.01967014833,22.235199374
3744,0.01960065033,18.258898293999998
3745,0.01953983233,13.799659764
3746,0.019461752330000002,9.813652313999999
3747,0.01939445833,5.635166326
3748,0.01929343433,1.2705317909999998
3749,0.01919991033,-2.911902635
3750,0.01911123733,-7.724625226000001
3751,0.01900622533,-12.107833356
3752,0.01891541233,-16.752645735999998
3753,0.01881072033,-22.605739946
3754,0.01870031733,-28.921792526
3755,0.018590296330000002,-34.670153326
3756,0.01844144133,-40.86423190599999
3757,0.01826150933,-48.453342156
3758,0.018114282330000002,-56.274731036
3759,0.01793865733,-63.439709025999996
3760,0.01773425133,-70.976958686
3761,0.01751931333,-80.00882104600001
3762,0.01731347133,-87.639719836
3763,0.01712275433,-94.642317696
3764,0.01691033833,-103.078972996
3765,0.01672108833,-110.538038496
3766,0.016512692330000002,-116.269589796
3767,0.01626188933,-122.763267196
3768,0.01604411233,-128.589509996
3769,0.01586813733,-132.748258396
3770,0.01568705633,-137.39839529600002
3771,0.01552633233,-140.686892696
3772,0.015386604330000001,-143.198528396
3773,0.01522425233,-145.781632196
3774,0.015158936330000001,-146.549931596
3775,0.01504112833,-148.831468396
3776,0.01502102733,-148.448293396
3777,0.01498452433,-146.68673589600002
3778,0.01498337433,-147.731489296
3779,0.01502520733,-143.700887296
3780,0.01503733133,-141.42072069600002
3781,0.01509546933,-140.938929396
3782,0.01518675933,-134.374516496
3783,0.01523500633,-132.119132196
3784,0.01533638033,-128.714651496
3785,0.01542728833,-123.39316619600001
3786,0.01552183333,-119.218221996
3787,0.015627896330000002,-114.516939996
3788,0.01570948733,-109.327757096
3789,0.01579953433,-104.094985396
3790,0.01590703433,-98.813302746
3791,0.01604963333,-93.108501876
3792,0.01617318433,-87.002904406
3793,0.01628655533,-81.521426076
3794,0.01642197633,-75.354254266
3795,0.01655994833,-68.49540804600001
3796,0.016676193330000002,-62.875949395999996
3797,0.01681068633,-56.029369216
3798,0.016954180330000002,-48.783607476
3799,0.01706078733,-42.44556283599999
3800,0.01718472033,-35.305001936
3801,0.01733453133,-28.034296226000002
3802,0.017482109330000002,-21.352900736
3803,0.01765572333,-14.334284556
3804,0.01782707233,-6.345998868000001
3805,0.01794092333,-0.3355041630000001
3806,0.01813607733,6.281331458
3807,0.01830008633,13.635360003999999
3808,0.018432794330000002,19.963663774
3809,0.01858857333,26.117705664
3810,0.01875003033,32.460241094000004
3811,0.018883504330000002,37.918090874
3812,0.01901200033,43.748768054
3813,0.01918823233,49.606379184000005
3814,0.01935795533,54.481458774000004
3815,0.019501670330000002,59.966779824
3816,0.01961210633,64.904029694
3817,0.01975687633,69.63215644399999
3818,0.01993770233,74.658096454
3819,0.02010148933,78.999692334
3820,0.02029278133,84.238876334
3821,0.02041901233,88.67273006399999
3822,0.02060156233,93.189372314
3823,0.02079148233,97.96083778399999
3824,0.02098162533,102.003410404
3825,0.02119120233,106.181649004
3826,0.02139586333,110.488591704
3827,0.02161459733,114.036544104
3828,0.02182870433,117.601332104
3829,0.02204865033,120.936997104
3830,0.02228432933,123.559485604
3831,0.02247115433,126.313793504
3832,0.02270612933,128.556656804
3833,0.02289320833,130.265275704
3834,0.02309554233,131.846414604
3835,0.02323089933,133.295494604
3836,0.02334248433,134.004330304
3837,0.02344018733,134.52174380399998
3838,0.02350639733,134.517403704
3839,0.02352611633,134.291265404
3840,0.02353068033,133.239216904
3841,0.02352554333,132.015718004
3842,0.023510482330000002,129.564360304
3843,0.02348485833,125.970681204
3844,0.02342732733,122.49553620399999
3845,0.02334570533,118.607978504
3846,0.02326762333,114.18815290399999
3847,0.02318134233,109.671735804
3848,0.023097838330000002,104.469606004
3849,0.02298197833,99.325854104
3850,0.02285179033,93.780898634
3851,0.02274987433,88.470605264
3852,0.02266276533,83.390628244
3853,0.02253117433,78.327265004
3854,0.022435127330000002,73.761152424
3855,0.02236011133,68.759142324
3856,0.02227877533,64.062300114
3857,0.022195878330000002,59.925847524000005
3858,0.02212220033,55.259511794000005
3859,0.02203515333,50.847367644
3860,0.02194896733,46.854480044000006
3861,0.02185630433,42.518194084
3862,0.02177053533,37.875412964000006
3863,0.02168961433,33.441134944000005
3864,0.02161325733,28.512789324
3865,0.02151440533,23.174534684
3866,0.02138935433,17.651946244
3867,0.02129216033,11.847759494
3868,0.02112448033,5.7305187239999995
3869,0.02101825733,-1.269434102
3870,0.02087454033,-7.7345894479999995
3871,0.02071289133,-14.501320016000001
3872,0.02056027233,-21.807049576
3873,0.02038164733,-29.245481266
3874,0.02025966133,-36.367429275999996
3875,0.02004067133,-43.729000356
3876,0.01985212333,-50.471429396
3877,0.01966858433,-57.224713376
3878,0.01950460533,-63.723732125999994
3879,0.01935169933,-69.219665656
3880,0.01917731933,-74.532810416
3881,0.01897572033,-79.77406546600001
3882,0.01884301233,-83.638293926
3883,0.01872830033,-87.478641486
3884,0.01860363333,-91.108406106
3885,0.01848464633,-93.33471518600001
3886,0.018412341330000002,-95.660009656
3887,0.01830359633,-98.284132236
3888,0.01824137533,-98.949442006
3889,0.018169835330000002,-100.541091406
3890,0.01810563533,-101.711922496
3891,0.01808128933,-102.25649699600001
3892,0.01806798333,-102.629562396
3893,0.01804909433,-102.803812296
3894,0.01803288333,-103.136659596
3895,0.01802359833,-103.033722196
3896,0.01801667433,-102.820238296
3897,0.01800885633,-103.280229696
3898,0.01800923933,-103.12599249600001
3899,0.01802216333,-100.444855156
3900,0.01800850633,-101.72679549600001
3901,0.01803221333,-102.117088896
3902,0.01804041533,-97.696599906
3903,0.01803789233,-97.77916297600001
3904,0.01804647733,-97.029685016
3905,0.01809756233,-93.657093656
3906,0.01814874433,-90.619147946
3907,0.01821667733,-88.229128636
3908,0.01826961433,-84.502054566
3909,0.01836479733,-79.899011036
3910,0.01843451733,-75.75359754600001
3911,0.01855063433,-71.420605406
3912,0.01863592533,-65.67478810600001
3913,0.018755933330000002,-59.643055655999994
3914,0.018873452330000002,-54.109546515999995
3915,0.01895804333,-47.815248176
3916,0.01910846033,-41.226091636
3917,0.019231117330000002,-35.593596536
3918,0.01938590733,-28.965259916
3919,0.019505499330000002,-22.142876336
3920,0.01959822633,-16.546192706
3921,0.019700876330000002,-10.470320624000001
3922,0.019791304330000002,-5.076816751999999
3923,0.01993246933,0.13194325799999995
3924,0.02004801033,4.9537408240000005
3925,0.02014584333,9.052067833999999
3926,0.02024839733,13.360618144
3927,0.020292973330000002,16.102107013999998
3928,0.02035232333,19.825754264
3929,0.02041106733,23.006216974
3930,0.02048665833,25.521410994
3931,0.02053193633,27.999534984
3932,0.02056879133,30.614290774
3933,0.02062061133,32.678544894000005
3934,0.02065006333,34.602676834
3935,0.02070746633,36.694857384
3936,0.02075896733,38.908649484
3937,0.02078644033,40.614956564
3938,0.02083057033,42.772482534000005
3939,0.02087403033,44.715940284000006
3940,0.02092734933,46.344436524
3941,0.02097128633,48.268328824
3942,0.02101414033,49.860360884
3943,0.02105498333,51.511563424
3944,0.021092443330000002,52.705774334000004
3945,0.02109991033,53.280826784000006
3946,0.02110846333,54.544140304
3947,0.02111430133,54.947865044000004
3948,0.02111931133,54.717783794000006
3949,0.021115737330000002,53.646142054
3950,0.02111452533,52.834694624
3951,0.02111382333,51.357923274
3952,0.02109739033,48.940783634000006
3953,0.02107157633,46.843040224000006
3954,0.021020458330000002,44.027671004000005
3955,0.020956099330000002,40.799490674000005
3956,0.02090488433,37.341570954000005
3957,0.02082986833,33.398731774000005
3958,0.02075165933,29.812538403999998
3959,0.020669430330000002,25.820192084
3960,0.02060280633,21.828427534
3961,0.02053557433,18.041030784
3962,0.02044412433,13.797603094
3963,0.02036923533,9.633961634
3964,0.02031090633,5.9220119780000005
3965,0.02026671333,2.02352152
3966,0.02017730433,-1.8803014120000001
3967,0.02009389533,-5.409306475999999
3968,0.01998779933,-9.339669857
3969,0.01992075933,-14.395564766
3970,0.01982851033,-17.418646126
3971,0.01973626233,-21.959133916
3972,0.01965323733,-27.037575296
3973,0.01956826433,-31.695667346
3974,0.019490629330000002,-36.162263036
3975,0.01939972333,-42.123288316
3976,0.019262993330000002,-47.455039465999995
3977,0.01915252633,-53.275481436
3978,0.01898944033,-60.06936915599999
3979,0.01888905633,-65.492585636
3980,0.01876282633,-72.36293286600001
3981,0.01863050133,-79.022580176
3982,0.01848391333,-84.78047997600001
3983,0.01832395433,-91.755149986
3984,0.018191916330000002,-97.503341696
3985,0.01804535933,-102.71311199600001
3986,0.01786163033,-108.60407809600001
3987,0.01769423833,-112.31603649600001
3988,0.017498318330000002,-115.757391396
3989,0.01732913933,-119.649764696
3990,0.01721784133,-121.823977496
3991,0.01706455133,-123.61701809600001
3992,0.01697472933,-126.281517796
3993,0.01690542333,-127.046446896
3994,0.01680845333,-127.664401896
3995,0.01677587433,-129.337061896
3996,0.01674345633,-128.329414796
3997,0.01670692033,-128.606989596
3998,0.01671512033,-128.473343696
3999,0.01671946033,-125.953000696
4000,0.01671534433,-126.36901129600001
4001,0.01675487833,-123.622134896
4002,0.01677329033,-120.425609296
4003,0.016767003330000002,-120.797453796
4004,0.01683646933,-117.861688996
4005,0.01688758633,-114.11126539600001
4006,0.016900190330000002,-112.99803249600001
4007,0.01697070833,-110.682408996
4008,0.01706282933,-106.554975396
4009,0.01708139933,-103.326935296
4010,0.01711949933,-101.206783496
4011,0.01717932833,-98.056575796
4012,0.01722230833,-94.81491092600001
4013,0.01727457533,-91.69653069600001
4014,0.01736261033,-88.447049506
4015,0.01744002133,-84.60917605600001
4016,0.01751251833,-80.68809686600001
4017,0.01761028533,-77.04915778600001
4018,0.01769758833,-73.187822346
4019,0.01780933133,-68.457056636
4020,0.017869192330000002,-64.306261286
4021,0.01795406933,-59.98955634599999
4022,0.01806546133,-54.577427056
4023,0.01818381233,-49.996148616
4024,0.01828690933,-44.846176496
4025,0.01838968733,-39.146533436
4026,0.01851282233,-34.260545666
4027,0.01859674133,-28.979883736
4028,0.01871643133,-23.375676576
4029,0.01883165333,-17.854441916
4030,0.01890852133,-12.347484136
4031,0.01901681933,-6.952023319
4032,0.01913121133,-2.239476694
4033,0.01928099033,3.080955922
4034,0.01938750133,8.527316357
4035,0.01948207933,12.729975443999999
4036,0.01956733833,17.578303253999998
4037,0.01965314033,22.142496274
4038,0.01972595633,26.286360144
4039,0.01984255133,30.637883064
4040,0.01993894733,34.557573234
4041,0.02003811933,38.253874584
4042,0.02012803733,41.680864654000004
4043,0.020237196330000002,45.177775044
4044,0.02029453733,48.340811354
4045,0.02034102833,51.131430114000004
4046,0.02041630133,54.029523284
4047,0.02050181533,56.472986494000004
4048,0.020550890330000002,58.665199024
4049,0.02059719033,60.643922554
4050,0.02064055433,62.688396244
4051,0.02068892733,64.082205444
4052,0.02073155733,65.104956094
4053,0.02076420033,65.928289444
4054,0.02078829133,66.615967614
4055,0.02080009733,66.753593594
4056,0.02080619133,66.540513324
4057,0.02080338333,66.02333552399999
4058,0.02080268133,65.370475054
4059,0.020789632330000002,63.835870404
4060,0.02077693233,62.470400604000005
4061,0.02075494633,60.695784274000005
4062,0.020734685330000002,59.022186434000005
4063,0.02067878133,55.814392384
4064,0.02064444633,53.844922054
4065,0.020589436330000002,50.729820904
4066,0.01076885133,-0.952498496
4067,0.02043270833,32.423442644000005
4068,0.02039026833,29.894214564
4069,0.02034109833,27.454506794
4070,0.02030647633,25.019339454
4071,0.02027884533,22.914255393999998
4072,0.02025328433,20.760654294
4073,0.02021990933,19.057350134
4074,0.02017533233,17.312292843999998
4075,0.02014824233,15.568359164
4076,0.02012080033,14.309818823999999
4077,0.02008755233,12.699992424
4078,0.020060908330000002,11.634491354
4079,0.02002963733,10.279467204
4080,0.019996740330000002,8.753016215999999
4081,0.01996767133,7.693862576999999
4082,0.01993021033,5.756450124000001
4083,0.01989657833,3.872972662
4084,0.01986709533,1.9635217109999998
4085,0.01979702433,-0.830042244
4086,0.01974641633,-3.877043891
4087,0.01969545733,-6.3962005600000005
4088,0.01962592933,-9.939654516000001
4089,0.01955375233,-14.146864516
4090,0.01949567933,-18.119012446
4091,0.019420054330000002,-22.437897116000002
4092,0.01934404933,-27.687022816
4093,0.01921660533,-32.141987606
4094,0.01912799533,-37.323010436
4095,0.01898459833,-42.785215615999995
4096,0.01888568033,-47.682929846
4097,0.01879572933,-53.003590966
4098,0.01870836433,-58.237904916
4099,0.01860561933,-62.734013336
4100,0.018506223330000002,-67.819618926
4101,0.01840775233,-72.547461876
4102,0.01831952533,-76.483774056
4103,0.01821129233,-80.831174106
4104,0.01815047433,-84.173884666
4105,0.01804801433,-87.52685223600001
4106,0.01798920833,-90.167220666
4107,0.017926314330000002,-93.117212666
4108,0.01787414433,-94.953811496
4109,0.01783642833,-96.787037776
4110,0.017804233330000002,-98.11333589600001
4111,0.01775783833,-99.225584766
4112,0.01774523433,-99.38698402600001
4113,0.01773690533,-99.746576976
4114,0.01773352233,-99.832692746
4115,0.01773272533,-99.243023076
4116,0.01773971333,-98.65037370600001
4117,0.01777136733,-96.920885036
4118,0.01778783133,-95.47557865600001
4119,0.01779957533,-92.878606426
4120,0.017804233330000002,-92.612658356
4121,0.01786613533,-90.94953703600001
4122,0.01790538333,-85.791449486
4123,0.017926953330000002,-84.458817536
4124,0.018009629330000002,-83.20993627600001
4125,0.018115501330000002,-78.194440496
4126,0.01814827133,-74.80201008600001
4127,0.01819623133,-72.55158217600001
4128,0.01828018133,-69.748695676
4129,0.01833283133,-65.340854526
4130,0.01838729933,-62.587280295999996
4131,0.01846464533,-60.166930975999996
4132,0.01852843233,-57.031368775999994
4133,0.01855801033,-53.698380746
4134,0.01861206333,-51.252534346
4135,0.018680731330000002,-48.841312746
4136,0.01871088533,-46.041805595999996
4137,0.018754568330000002,-44.051937376
4138,0.01881481133,-42.333986245999995
4139,0.01883606333,-39.506516976
4140,0.01885808033,-37.402609956
4141,0.01889177533,-35.409409655999994
4142,0.01893399033,-33.004712546
4143,0.01899056433,-30.789549226000002
4144,0.019030322330000002,-28.933561416
4145,0.01908013133,-26.896209226
4146,0.01912298533,-24.377064446000002
4147,0.01920250133,-21.556983456
4148,0.019273625330000002,-18.664977516
4149,0.01932956133,-15.417376776000001
4150,0.01940011233,-11.974288276000001
4151,0.01946357733,-8.155995852
4152,0.01952340733,-4.171764381
4153,0.01959526533,-0.06832345699999998
4154,0.01966718833,4.505770232
4155,0.01976942233,9.466825354
4156,0.019869775330000002,13.721928754
4157,0.01998777333,19.041744684
4158,0.02009355133,23.799993444
4159,0.02021738833,28.387362274
4160,0.02027367533,32.892957704000004
4161,0.02036014833,37.473594574
4162,0.02046541333,41.692672974000004
4163,0.02053889933,45.261244974
4164,0.02059898333,48.713768634000004
4165,0.02067301133,51.297449314000005
4166,0.02073992433,53.859551164
4167,0.02078900033,55.690365644
4168,0.02082393933,56.970718954000006
4169,0.02085023133,57.635832994000005
4170,0.02085495533,57.305551244
4171,0.02086057033,57.680764094000004
4172,0.02085648733,56.271152024
4173,0.02085122133,55.135326734
4174,0.02083379833,53.541522714
4175,0.02081905833,50.468552314
4176,0.02077725833,47.534615694
4177,0.02070294233,44.623820264
4178,0.02063366933,41.318205704
4179,0.02056882933,37.335767634
4180,0.02050526833,33.460634364
4181,0.02041499733,29.299393844
4182,0.02033975833,24.968669274
4183,0.02027584533,20.623844414
4184,0.02021390933,16.438255654
4185,0.02011776833,12.009096074
4186,0.02001479933,7.163715166999999
4187,0.01992261533,3.250953576
4188,0.01984574833,-1.281528048
4189,0.01974759733,-5.340215397
4190,0.01967226133,-9.460120031
4191,0.01959379733,-13.570847406
4192,0.019527587330000002,-17.251927556000002
4193,0.01947168433,-21.156804696000002
4194,0.01940285633,-25.235649926
4195,0.01934717533,-28.082096246
4196,0.01925856533,-32.387705666
4197,0.01917687933,-35.150401845999994
4198,0.01912241033,-38.615033546
4199,0.01902225033,-42.551798346
4200,0.01894231833,-45.865533625999994
4201,0.018883893330000002,-48.639543415999995
4202,0.01883804133,-52.424952686
4203,0.01877262833,-55.454597176
4204,0.01872502033,-58.459288975999996
4205,0.01864910933,-62.079157716
4206,0.01859084533,-65.006030726
4207,0.018528080330000002,-68.01743222600001
4208,0.01845880633,-71.49872272600001
4209,0.01839601033,-74.80420775600001
4210,0.01831844133,-78.10609506600001
4211,0.01822769233,-81.822031806
4212,0.01817086433,-84.852645826
4213,0.01806061933,-88.859894886
4214,0.01798825033,-92.86097551600001
4215,0.01789386333,-95.920514686
4216,0.01780790233,-100.496042476
4217,0.01770643333,-104.52012229600001
4218,0.01760812233,-107.539041896
4219,0.01749937733,-112.16903949600001
4220,0.01740345933,-115.455524096
4221,0.01727923933,-119.184790496
4222,0.01721944333,-123.533784596
4223,0.017123462330000002,-125.135331296
4224,0.01702310833,-129.850669996
4225,0.01698079833,-132.984446596
4226,0.01690223933,-131.903898996
4227,0.01680351433,-136.131144196
4228,0.01679923833,-137.775480996
4229,0.01675727833,-137.611293196
4230,0.01672527433,-139.858809696
4231,0.01672581633,-138.12590909600002
4232,0.01672540233,-135.60701959600001
4233,0.01672900733,-135.66941139600002
4234,0.016752588330000002,-134.552173196
4235,0.01679643033,-129.54853619600001
4236,0.01683845333,-126.171901596
4237,0.01690737733,-122.66508589600001
4238,0.01702186533,-117.815114796
4239,0.01708769233,-112.471039596
4240,0.01717234533,-107.237724596
4241,0.01730492633,-101.061012096
4242,0.017432561330000002,-94.430247456
4243,0.01758770033,-88.419126176
4244,0.01774520133,-81.87511741600001
4245,0.01786166833,-75.049343836
4246,0.01798748433,-68.26298183600001
4247,0.018145974330000002,-61.694026336
4248,0.01828015033,-55.337553746
4249,0.01841346433,-48.960690645999996
4250,0.01853092033,-43.191754075999995
4251,0.01863708033,-37.446175825999994
4252,0.01875290933,-31.708906946
4253,0.01884119933,-26.419945876
4254,0.01893070333,-21.166249536
4255,0.01906191233,-16.468932706
4256,0.01916025433,-10.883575095000001
4257,0.01925550133,-7.517148933
4258,0.01937078833,-3.221443743
4259,0.01944937933,1.2593753469999998
4260,0.01951169633,5.315504108000001
4261,0.019591755330000002,9.382078774
4262,0.019663964330000002,12.826897454
4263,0.01973036733,17.168172983999998
4264,0.01984578033,21.314568094
4265,0.019947792330000002,25.122956654
4266,0.02004801733,29.161598114
4267,0.02015826133,32.945607324
4268,0.02023969333,36.576182744
4269,0.020303190330000002,40.482178754
4270,0.02040778633,44.751135144
4271,0.020499206330000002,48.192221244
4272,0.020581019330000002,51.904727034000004
4273,0.02068481733,55.483001464000004
4274,0.02079002033,58.870813914
4275,0.02087007933,62.148903304
4276,0.02097917433,65.609717174
4277,0.02107710233,68.665471664
4278,0.02114854633,71.200018974
4279,0.02125550433,73.832175124
4280,0.02132927733,76.181189904
4281,0.02139931633,78.340695164
4282,0.02148623533,79.996255644
4283,0.02152589833,81.622327054
4284,0.02158381333,82.451006584
4285,0.021633653330000002,83.903221784
4286,0.02165439433,84.599816944
4287,0.02166549833,84.439628544
4288,0.02167117733,84.615669664
4289,0.02167229433,84.263594214
4290,0.02166884933,83.329992564
4291,0.02166785933,82.11503027399999
4292,0.02166575333,80.337638744
4293,0.02164660833,78.027444424
4294,0.02159427833,75.15885590399999
4295,0.02154558633,72.04632913399999
4296,0.02150818833,68.543651384
4297,0.02142379033,64.56563592399999
4298,0.02133648733,59.737885064000004
4299,0.02125071833,54.740237164
4300,0.02113983433,49.584005214
4301,0.02102119933,43.405259624
4302,0.02090891333,37.428052844
4303,0.02080090133,31.010445334
4304,0.02065054833,24.390066964
4305,0.02053331633,17.549331344
4306,0.02038832333,10.537067023999999
4307,0.02027316433,3.295125021
4308,0.02015896333,-3.242880447
4309,0.019992910330000002,-10.664650235
4310,0.019853725330000002,-17.355927436
4311,0.01970049933,-23.672976236
4312,0.01956916333,-30.606018786
4313,0.019467789330000002,-36.902917476
4314,0.019362076330000002,-42.802720766
4315,0.01920266133,-49.142950606
4316,0.019107765330000002,-54.556856386
4317,0.01896312333,-58.917124085999994
4318,0.01885919733,-64.646104406
4319,0.018773203330000002,-68.850137456
4320,0.01868389033,-72.83279580600001
4321,0.01857648633,-77.446555196
4322,0.01849629933,-81.138368876
4323,0.01840759333,-84.62061672600001
4324,0.01830398533,-88.428479646
4325,0.01821920433,-91.41849304600001
4326,0.01815347333,-94.485723906
4327,0.01803582633,-97.74468772600001
4328,0.01798978233,-100.147975456
4329,0.01789380033,-102.988688196
4330,0.01783148333,-105.597756296
4331,0.01774635033,-107.831573496
4332,0.01767529033,-110.413275596
4333,0.01760866433,-112.228901596
4334,0.01755234633,-114.012207496
4335,0.01749819633,-115.55417749600001
4336,0.01745125933,-116.812953296
4337,0.01741520333,-118.395112396
4338,0.01737573233,-118.11054629600001
4339,0.01734509833,-119.085416996
4340,0.01734895933,-119.382232196
4341,0.01734076033,-119.099824896
4342,0.01735524633,-116.427437796
4343,0.017362554330000002,-116.209622596
4344,0.01737873233,-115.761115196
4345,0.01741880833,-112.28653439600001
4346,0.017453588330000002,-109.125007196
4347,0.01751686433,-106.414173696
4348,0.017601612330000002,-102.89008889600001
4349,0.01769718033,-98.578540376
4350,0.017775323330000002,-94.408119536
4351,0.01786221133,-89.82031465600001
4352,0.01793582333,-84.699079036
4353,0.01808148633,-79.71998001600001
4354,0.018186946330000002,-74.05121278600001
4355,0.01829473233,-68.68378233600001
4356,0.018412156330000002,-63.197205956
4357,0.018529134330000002,-57.016585285999994
4358,0.01861930833,-51.947400026
4359,0.01873338133,-46.15684083599999
4360,0.01883606333,-40.094825105999995
4361,0.01892307733,-34.816583916
4362,0.01906631533,-28.606049596000002
4363,0.01917340133,-23.998456476
4364,0.019307130330000002,-17.852327516
4365,0.01941076933,-13.864712396
4366,0.01949957033,-7.974584252
4367,0.019589777330000002,-2.5605216100000003
4368,0.01966721933,1.8692544660000001
4369,0.01978250433,7.096208906999999
4370,0.01987673133,11.388530754
4371,0.01999482533,16.354878254
4372,0.02008432933,19.996586953999998
4373,0.02019977433,24.125330714
4374,0.020262474330000002,28.561793404
4375,0.020325462330000002,32.112579584
4376,0.02041646633,35.743735194
4377,0.02049311033,39.268164364
4378,0.02055341833,42.440930534
4379,0.02062214933,45.390713814
4380,0.02070884533,48.549787264
4381,0.02076758833,51.215612024
4382,0.02082949233,53.57378953400001
4383,0.02088118333,55.768520634000005
4384,0.02094662833,57.870628794000005
4385,0.02099366233,59.790559974000004
4386,0.02103903633,61.362756944000004
4387,0.02107171033,62.949221334
4388,0.02108361233,64.016326124
4389,0.02110259833,64.623605734
4390,0.02113259233,65.284379964
4391,0.02115563033,65.731496954
4392,0.021176115330000002,66.027920344
4393,0.02118872033,66.36630193399999
4394,0.02119021933,66.021973984
4395,0.02118891033,65.309915564
4396,0.02118122033,64.857884054
4397,0.02115748033,63.202319044
4398,0.02114519533,62.025520374
4399,0.02113552633,60.358854864
4400,0.02113364433,58.351792214
4401,0.02107643333,56.180582584
4402,0.02102531433,53.515336514000005
4403,0.02097914333,50.802566354
4404,0.02092011233,48.046638454
4405,0.02087173833,44.685782474
4406,0.02080939033,40.897410224000005
4407,0.02073319133,37.207464074
4408,0.02064154933,33.087977684
4409,0.02056688433,28.695252914
4410,0.02048829233,24.119217324
4411,0.02038258033,19.284695734
4412,0.02029932933,14.153407154
4413,0.02023886233,9.147420623999999
4414,0.02012574633,3.796703886
4415,0.01999964333,-1.967646313
4416,0.01988190133,-7.5265015250000005
4417,0.019751011330000002,-13.018810706
4418,0.01964335033,-19.231076236
4419,0.019533427330000002,-25.420399186
4420,0.01944676233,-30.856924946
4421,0.01934089033,-36.763070025999994
4422,0.01917537933,-43.427624206
4423,0.01907844033,-48.431076006
4424,0.01890587833,-55.182172515999994
4425,0.01881749133,-60.847971945999994
4426,0.01872690333,-66.264252986
4427,0.01859492933,-71.905697366
4428,0.018478749330000002,-77.385749296
4429,0.01838321533,-82.110579966
4430,0.018242466330000002,-87.03723010600001
4431,0.01815497233,-91.75572212600001
4432,0.01802529633,-95.538223926
4433,0.01794364133,-99.934534056
4434,0.01783863033,-103.809666996
4435,0.01775368933,-106.355385096
4436,0.01765758133,-109.981234696
4437,0.01757522533,-112.93603109600001
4438,0.017519575330000002,-114.560970396
4439,0.01744395333,-117.47671939600001
4440,0.01739108033,-119.069957196
4441,0.01733061333,-120.073890096
4442,0.01728846233,-122.129477896
4443,0.01726488033,-122.58692589600001
4444,0.01724229033,-123.462113896
4445,0.01723740633,-123.522318196
4446,0.01721976233,-123.58646799600001
4447,0.01722509033,-123.76825379600001
4448,0.017221932330000002,-121.857962996
4449,0.01722908033,-121.777171396
4450,0.01724276833,-121.125749196
4451,0.01724484233,-118.374124796
4452,0.01725310633,-117.894333696
4453,0.01729752433,-116.815912596
4454,0.01734047333,-112.469464196
4455,0.01737129633,-110.54714099600001
4456,0.01742273333,-108.267790796
4457,0.01750518433,-105.20234829600001
4458,0.01757653333,-101.630967596
4459,0.017641115330000002,-98.446435886
4460,0.01774702133,-95.02495797600001
4461,0.017798011330000002,-90.66741023600001
4462,0.017880463330000002,-86.67189444600001
4463,0.01794862033,-82.253183346
4464,0.01808234933,-77.48022349600001
4465,0.01816614033,-72.92490042600001
4466,0.01828056533,-67.628405716
4467,0.01836789933,-62.626315735999995
4468,0.01849390633,-57.323119536
4469,0.018574029330000002,-51.766024626
4470,0.01869375033,-46.284015225999994
4471,0.01881047233,-40.50276135599999
4472,0.01888424533,-34.773792365999995
4473,0.01902320733,-28.675972496
4474,0.01912981433,-23.077333206
4475,0.01927298833,-18.003815696
4476,0.01940218633,-11.839860446000001
4477,0.01948923233,-6.1305109479999995
4478,0.01957857733,-1.138754099
4479,0.01967072833,4.302235635000001
4480,0.01979089733,9.509016374
4481,0.01990219433,13.902328674
4482,0.02001141733,18.737980674
4483,0.02011129133,22.788366014
4484,0.02021742033,26.733971564
4485,0.02026684633,30.204559514
4486,0.02032651533,33.780852034000006
4487,0.02040153233,36.541730864
4488,0.02046713633,39.116469544000005
4489,0.02051707333,41.284133224
4490,0.02054499333,43.121681784
4491,0.020584625330000002,44.74717724400001
4492,0.02061318333,45.885357494000004
4493,0.02063609433,46.843344764
4494,0.020659035330000002,47.40351071400001
4495,0.02067824533,47.737554064
4496,0.02068440333,47.698735144000004
4497,0.02068414733,47.421538914
4498,0.02068402133,47.233417934
4499,0.02067779733,46.333644124
4500,0.02066449233,44.954892004
4501,0.02065715333,44.739050524
4502,0.02064148633,42.482481724
4503,0.02063181833,42.038363124
4504,0.02060463133,40.018018704000006
4505,0.02058443233,38.140084294000005
4506,0.020547897330000002,35.922333194000004
4507,0.02051717033,33.936438774
4508,0.02046551033,31.427251084
4509,0.02041199933,28.880404994
4510,0.02037067733,26.244449394
4511,0.02032425033,23.746699374
4512,0.02028047133,20.758090424
4513,0.02025405133,18.075598064
4514,0.02019479633,15.162849154
4515,0.020136531330000002,11.982772213999999
4516,0.02006291933,8.908396886
4517,0.019998750330000002,5.843957338999999
4518,0.01992654033,2.700102717
4519,0.01987089333,-0.683190139
4520,0.01980126733,-3.44445748
4521,0.01973001533,-6.957624298000001
4522,0.01967107933,-10.139110611000001
4523,0.01960573133,-13.777623186000001
4524,0.01954791333,-16.612761956
4525,0.01949535933,-20.632440206000002
4526,0.01943230733,-24.239258406
4527,0.01937579833,-26.321997746
4528,0.01932123333,-31.147775146
4529,0.01920594833,-35.134616705999996
4530,0.01915288433,-38.111934246
4531,0.01905961533,-42.170629225999996
4532,0.01895731633,-46.438654656
4533,0.01888871233,-49.665678236
4534,0.01884164733,-53.545785755999994
4535,0.01876420333,-57.287678996
4536,0.018705779330000002,-60.657892825999994
4537,0.01862230633,-64.452655006
4538,0.01856611633,-67.306994226
4539,0.01850347933,-70.895616376
4540,0.01842724933,-73.98228437600001
4541,0.01837772633,-76.701007206
4542,0.01831745233,-79.575009306
4543,0.01823471233,-82.114550726
4544,0.01819635733,-84.550136716
4545,0.01817284133,-86.285564666
4546,0.01811786333,-88.39598963600001
4547,0.01805685433,-89.85261235600001
4548,0.018016999330000002,-91.24207889600001
4549,0.01799696033,-92.159875416
4550,0.017987548330000002,-92.94461660600001
4551,0.01798161333,-93.258043246
4552,0.01797539033,-93.689527876
4553,0.01797226433,-92.74819232600001
4554,0.01797465733,-92.135521776
4555,0.01797235933,-92.49155693600001
4556,0.017971274330000002,-91.492972136
4557,0.017979539330000002,-89.321728796
4558,0.01801297933,-89.006474976
4559,0.01802832733,-85.463599656
4560,0.01808269933,-83.69473820600001
4561,0.01814425133,-82.229824456
4562,0.018186115330000002,-78.110730586
4563,0.01823649933,-75.660864986
4564,0.018303252330000002,-72.335217156
4565,0.01835376333,-68.808770386
4566,0.01844505533,-65.611031106
4567,0.01852042233,-61.757466105999995
4568,0.018567200330000002,-57.759349586
4569,0.01865734233,-53.927364436
4570,0.01871981933,-49.915973836
4571,0.01881372633,-46.021224165999996
4572,0.01885281533,-42.256388105999996
4573,0.01892093933,-37.869939876
4574,0.01902320733,-33.926704715999996
4575,0.01909557633,-30.161693816
4576,0.019189769330000002,-26.368897816
4577,0.01927771033,-22.651007276
4578,0.01934810133,-18.981603726
4579,0.019424681330000002,-15.555153106
4580,0.019467822330000002,-13.408684186
4581,0.01951498333,-9.387038137000001
4582,0.01956179333,-6.593881810999999
4583,0.01962101533,-4.226410902
4584,0.01965844433,-1.029674995
4585,0.01968055833,1.192828622
4586,0.01975630833,3.6994646770000004
4587,0.019803756330000002,6.063928897
4588,0.01984893933,8.154779353999999
4589,0.01991061833,10.533105054
4590,0.01995257833,12.391276364
4591,0.02000050533,14.746011764
4592,0.020044060330000002,16.679606784
4593,0.02008030833,18.391819724
4594,0.020122109330000002,20.163270194
4595,0.02018276833,22.231515914
4596,0.02021684633,23.819387134
4597,0.02022954533,25.568849734
4598,0.02025941233,27.352114914
4599,0.02027782233,29.094269904
4600,0.02030469033,30.493608044
4601,0.02033018533,31.936921864000002
4602,0.02036432833,33.418062634
4603,0.02040335133,34.786535684
4604,0.02043475033,35.887064604
4605,0.02045899933,37.026821844000004
4606,0.02047811433,38.102870104000004
4607,0.02048666533,38.695503804000005
4608,0.020508810330000002,39.343000904
4609,0.02051726533,40.204572884
4610,0.02052469933,40.034649884000004
4611,0.02053216633,40.389314204
4612,0.02053047533,40.336426584
4613,0.02053069933,39.773088534
4614,0.02052951833,39.430748254
4615,0.02052332833,38.378871304
4616,0.02051455333,37.316513324000006
4617,0.02050603433,36.276759044
4618,0.020496972330000002,34.821156264
4619,0.02047881533,32.972339074000004
4620,0.020432388330000002,31.331994534
4621,0.020392886330000002,28.890919894
4622,0.02035363833,26.662447584
4623,0.02031592233,24.235200404
4624,0.02027335533,21.507195644
4625,0.02024534033,18.483727774
4626,0.02018592633,15.611164534
4627,0.02012478933,12.309065364
4628,0.02004974033,9.009971382
4629,0.01997258533,5.717189031
4630,0.019902067330000002,2.3695728799999998
4631,0.01984814133,-1.24157881
4632,0.01975618133,-4.653927014000001
4633,0.01969153333,-7.966690917999999
4634,0.01962876833,-11.685591956
4635,0.01956440933,-15.103725956
4636,0.019512367330000002,-18.406785746
4637,0.01946274833,-21.856781756
4638,0.019398006330000002,-25.527771116
4639,0.01935202533,-27.935433056
4640,0.019292866330000002,-31.456491766
4641,0.01919714133,-34.446538415999996
4642,0.01915428833,-37.195180336
4643,0.019101318330000002,-39.778652445999995
4644,0.019030131330000002,-42.561139356
4645,0.018970781330000002,-44.572583175999995
4646,0.01890938933,-47.298236636
4647,0.01888485133,-48.805535436
4648,0.01886691933,-50.947438106
4649,0.01883360533,-52.965224545999995
4650,0.01880565333,-53.878463155999995
4651,0.01877304333,-55.465357506
4652,0.01875026033,-57.285306856
4653,0.01874595233,-58.033003236
4654,0.018710406330000002,-59.373936416
4655,0.01867677533,-60.973512885999995
4656,0.018661906330000002,-61.911339926
4657,0.01862623233,-63.151873785999996
4658,0.01859898233,-64.747480916
4659,0.01858822833,-65.658937936
4660,0.01855587333,-67.172343686
4661,0.01852804833,-68.686755796
4662,0.01850552133,-69.874467456
4663,0.01846614633,-71.820363916
4664,0.01843114133,-73.32053976600001
4665,0.01840178633,-74.85018882600001
4666,0.01838765033,-75.955511326
4667,0.01832903333,-78.41249080600001
4668,0.01832230233,-79.294070426
4669,0.01826320633,-79.81623779600001
4670,0.01821087633,-82.071401216
4671,0.01821607833,-81.813810176
4672,0.01819658133,-83.489375686
4673,0.01819023233,-83.52777892600001
4674,0.01818965733,-83.74144522600001
4675,0.01819023133,-84.355720046
4676,0.018186689330000002,-82.382310966
4677,0.01818962533,-82.601499906
4678,0.018202357330000002,-82.378159786
4679,0.01822105533,-78.096853756
4680,0.01823117133,-77.333923536
4681,0.01827928933,-75.878310006
4682,0.01832176033,-72.496833376
4683,0.01838666133,-69.217662006
4684,0.01845357333,-66.264706176
4685,0.01852163533,-62.831314285999994
4686,0.01857492233,-58.745063916
4687,0.01865574733,-54.756251876
4688,0.01872093633,-51.296952776
4689,0.01881647033,-46.673894575999995
4690,0.01885964233,-42.266697515999994
4691,0.01894171133,-38.313741525999994
4692,0.01904385133,-33.719016585999995
4693,0.01911417933,-29.740519756
4694,0.01924669533,-25.549535926
4695,0.01929609033,-21.759531076000002
4696,0.01939395333,-17.834499596
4697,0.01945324033,-14.084724826
4698,0.019502922330000002,-10.578898992000001
4699,0.01954768933,-8.037579615
4700,0.01961785633,-4.784020799
4701,0.01965605133,-1.9858868
4702,0.01968527933,0.41050245500000004
4703,0.01975452133,3.00186883
4704,0.019800565330000002,5.018809937
4705,0.01984239733,7.036594110999999
4706,0.01987580533,8.26744557
4707,0.01991917033,9.883621093999999
4708,0.01994278133,11.153116923999999
4709,0.01997079833,12.083178064
4710,0.019983498330000002,12.820746024
4711,0.019996931330000002,13.285894983999999
4712,0.02001090633,13.675181794
4713,0.020011801330000002,13.892595944
4714,0.02001588533,13.854359814
4715,0.02001594833,13.970407644
4716,0.02001508633,13.722910184
4717,0.02001591733,13.340319754
4718,0.02001553333,12.938163893999999
4719,0.02001030133,12.568852944
4720,0.02000771633,12.158773124
4721,0.02000289833,12.071643633999999
4722,0.01999600633,11.433839974
4723,0.01999441033,11.424549103999999
4724,0.01998844333,11.574434334
4725,0.01998225333,9.996296094
4726,0.01998391233,9.620626664
4727,0.01997245833,9.610899314
4728,0.019972042330000002,10.085574244
4729,0.01997443633,10.274277944
4730,0.019970414330000002,9.888370764
4731,0.01997111733,9.333122814
4732,0.01996936133,9.442848714
4733,0.01996773533,9.028604962
4734,0.01996432033,8.806409424
4735,0.01995608833,8.129611119
4736,0.01995130233,7.4480416169999994
4737,0.019941761330000002,6.405311512999999
4738,0.01992105333,5.122596829000001
4739,0.01989613233,3.887582293
4740,0.01987105233,2.084279077
4741,0.01983761133,-0.08434940600000007
4742,0.01976463633,-2.429048554
4743,0.01972443133,-5.136500772
4744,0.019673027330000002,-7.933209615000001
4745,0.01961434733,-11.017314476000001
4746,0.01956246333,-14.229867346
4747,0.019508155330000002,-17.628982956
4748,0.01945448333,-21.504706756
4749,0.01939085833,-25.259871716
4750,0.01933390133,-28.817193776
4751,0.01923383533,-32.654697196
4752,0.01915926533,-36.168868216
4753,0.01908945033,-39.999065265999995
4754,0.01899659533,-43.22234495599999
4755,0.01891452633,-46.604234555999994
4756,0.01887425733,-49.717808186
4757,0.01883469033,-52.495374635999994
4758,0.01877154333,-55.395875356
4759,0.01874544233,-57.587092285999994
4760,0.01869831233,-59.773385915999995
4761,0.01866021433,-61.217683685999994
4762,0.01862364633,-62.975870615999995
4763,0.01860255433,-64.140586786
4764,0.01857999533,-65.248879636
4765,0.018566818330000002,-65.92610252600001
4766,0.01855520233,-66.593603156
4767,0.018540142330000002,-67.426235596
4768,0.01853337733,-67.545660796
4769,0.01852942033,-67.774745326
4770,0.01852457133,-67.70622987600001
4771,0.01852351733,-67.971581446
4772,0.01852479333,-67.70996979600001
4773,0.01852332633,-67.778121556
4774,0.01852737933,-67.426468986
4775,0.01852508233,-66.629004326
4776,0.01852977233,-65.954207116
4777,0.01853912133,-67.46665636600001
4778,0.01854151433,-65.543705836
4779,0.01854148233,-64.351074276
4780,0.01854949133,-65.479159726
4781,0.01855284133,-63.279412146
4782,0.01855430933,-62.549735565999995
4783,0.01856429633,-63.01068377599999
4784,0.01856260533,-61.807787276
4785,0.018577028330000002,-59.588014265999995
4786,0.01859598233,-59.479310876
4787,0.018620136330000002,-59.703284606
4788,0.01864381333,-56.895200345999996
4789,0.01866315033,-56.371664065999994
4790,0.01868567833,-56.051482406
4791,0.018691357330000002,-54.149743515999994
4792,0.01870995933,-53.169179365999995
4793,0.01872888133,-51.948629296
4794,0.01875670633,-51.061713135999995
4795,0.01878823233,-49.747693796
4796,0.01881471633,-48.628727006
4797,0.01883022333,-47.019845505999996
4798,0.01884289233,-45.125452186
4799,0.01886401433,-43.545491575999996
4800,0.01889397633,-41.56000255599999
4801,0.01892534333,-39.803232955999995
4802,0.018982619330000002,-37.337728205999994
4803,0.019026334330000002,-36.281943995999995
4804,0.01907588733,-32.983216446
4805,0.01911306133,-30.455582856
4806,0.01919458833,-27.920007696
4807,0.01926619133,-25.091583046
4808,0.01930882133,-21.828708026
4809,0.01938265833,-18.604846206
4810,0.01944280533,-15.363548516
4811,0.01948722233,-11.992340026
4812,0.01954392533,-8.616211353
4813,0.01960735933,-5.422679448
4814,0.01965684933,-1.69008826
4815,0.019700692330000002,1.3163545559999998
4816,0.019786941330000002,4.497017799
4817,0.01984788633,7.443086031
4818,0.01991495833,10.129133044
4819,0.019971851330000002,12.568264364
4820,0.020017767330000002,14.763450634
4821,0.02005503633,16.491919354
4822,0.02008525333,17.881937934
4823,0.020113620330000002,18.982912544
4824,0.020133723330000002,19.858139914
4825,0.02015606033,20.101878874
4826,0.020158580330000002,20.222297574
4827,0.02015749533,20.164461554
4828,0.02015845233,19.660903854
4829,0.02014926233,18.736956904
4830,0.020136690330000002,17.811268434
4831,0.020120864330000002,16.614082923999998
4832,0.02010838833,15.238266614
4833,0.02009868733,15.020680264
4834,0.02008209533,13.745245444
4835,0.02006196133,12.481514994
4836,0.02003751933,10.269124373999999
4837,0.02001119333,8.973714542
4838,0.01997941333,7.825620941
4839,0.019956822330000002,6.82348741
4840,0.01992721033,6.981905556999999
4841,0.01991278733,4.438813486999999
4842,0.01989651433,4.2199962499999994
4843,0.01987580533,3.3002445750000002
4844,0.01987513633,2.376703587
4845,0.01986451133,1.6499927099999998
4846,0.01984715333,0.49558730799999995
4847,0.01983040033,-0.07727395999999997
4848,0.01979128033,-1.067125123
4849,0.019770699330000002,-2.109272502
4850,0.01974877733,-3.304275102
4851,0.01972819633,-4.71235418
4852,0.01970168133,-5.886364935
4853,0.01967692033,-7.447125282
4854,0.01965480733,-9.255387308000001
4855,0.01961412333,-10.989212486000001
4856,0.01958866033,-12.763634206
4857,0.01955190233,-14.710479066000001
4858,0.019514154330000002,-16.942472066
4859,0.01949050933,-18.892736376000002
4860,0.01944663533,-21.523370926000002
4861,0.01941112133,-23.775343016
4862,0.01937238333,-25.986171836
4863,0.01933766633,-28.422342246
4864,0.01927790233,-31.024469396
4865,0.01920262833,-33.443995715999996
4866,0.01916373233,-35.907078575999996
4867,0.01912075133,-38.654719875999994
4868,0.01905495733,-41.059419276
4869,0.01899289433,-43.481906226
4870,0.01892435433,-46.279042366
4871,0.01888405233,-48.565735616
4872,0.01885756933,-51.262881986
4873,0.01881905633,-53.542277526
4874,0.01876082233,-56.196451706
4875,0.01873803933,-58.442546596
4876,0.01868251833,-60.790178026
4877,0.01862281833,-63.362974206
4878,0.01858707933,-65.312838306
4879,0.01855411733,-67.22880637600001
4880,0.01851378533,-69.351736156
4881,0.01848573833,-70.838640176
4882,0.01845035133,-72.30118659600001
4883,0.018423388330000002,-73.429685296
4884,0.01840143533,-74.389270916
4885,0.01839479833,-74.82330358600001
4886,0.01838879933,-74.935381796
4887,0.01838924633,-75.15242404600001
4888,0.01838621433,-74.988841276
4889,0.01838704433,-73.47680556600001
4890,0.01839400133,-72.061379696
4891,0.01841483733,-72.099017616
4892,0.01842887633,-69.02065254600001
4893,0.01846136033,-67.050631596
4894,0.01850041633,-66.329077806
4895,0.018532133330000002,-64.356273166
4896,0.01855332033,-60.749402356
4897,0.01860979933,-58.768066206
4898,0.01864690833,-57.530865246
4899,0.01869151733,-53.597294846
4900,0.01871449133,-52.236746925999995
4901,0.01878535933,-51.019573666
4902,0.01881959833,-48.028933736
4903,0.01882690433,-46.658075845999996
4904,0.01884646533,-45.002665205999996
4905,0.01886379133,-43.423706415999995
4906,0.01888057533,-42.576020846
4907,0.01890421933,-41.329104996
4908,0.018928405330000002,-39.836862446
4909,0.01895658233,-38.760870696
4910,0.01898718233,-37.642905446
4911,0.01901663433,-36.578180456
4912,0.01903785333,-35.378796765999994
4913,0.01905610533,-34.249520485999994
4914,0.01908099333,-32.631376005999996
4915,0.01909244833,-31.971769586
4916,0.01912876133,-30.301716846
4917,0.01918405833,-28.642385236
4918,0.01922506133,-26.985977236
4919,0.01926367033,-25.086237806
4920,0.01929577033,-22.645103796
4921,0.01934290033,-20.749752416
4922,0.01939369933,-18.280699116
4923,0.01944066733,-15.760780516
4924,0.01947599033,-12.898461746
4925,0.01951460033,-10.561141372
4926,0.019564058330000002,-7.7224098560000005
4927,0.01961667633,-5.040285055
4928,0.01965487033,-2.181383282
4929,0.01968553433,0.4399341189999999
4930,0.01974692733,2.639082706
4931,0.01980356533,5.223181511
4932,0.01985350233,7.297338391
4933,0.01990560833,9.518063373999999
4934,0.01994696333,11.380744174
4935,0.01998375333,13.032596183999999
4936,0.02001929933,14.402064484
4937,0.02005127233,15.849336854
4938,0.02007446833,17.279985233999998
4939,0.02008685033,17.777979114
4940,0.02010857933,18.805069014
4941,0.020122683330000002,19.218937464
4942,0.02014805133,19.568210154
4943,0.02014584833,19.846806724
4944,0.02015121033,19.666059754
4945,0.02015210233,19.958517743999998
4946,0.02014884833,20.039880124
4947,0.02013541533,18.185497864
4948,0.020133756330000002,16.819992664
4949,0.02012376733,17.079777414
4950,0.02009887933,14.677690624
4951,0.02009578433,14.023462664
4952,0.02006840633,13.275140043999999
4953,0.02004409233,9.655454274
4954,0.02001065233,9.064418534
4955,0.01994313333,6.513611426000001
4956,0.01991888333,4.466324466
4957,0.019874370330000002,2.25253073
4958,0.01983694133,-0.28161947600000004
4959,0.019770093330000002,-2.524917202
4960,0.01972420733,-4.961082694
4961,0.01967995033,-7.500623345999999
4962,0.01963875633,-9.94905327
4963,0.01959580733,-12.419488886
4964,0.01955014733,-14.691122626
4965,0.01951584533,-16.818159256
4966,0.01949095533,-18.891949056
4967,0.01945994033,-20.985361146
4968,0.01942110833,-22.454016426
4969,0.01938846533,-24.590992776
4970,0.01936884133,-25.896112816
4971,0.01934577233,-27.271306816
4972,0.01933367833,-28.567715526
4973,0.01930055733,-29.981129506000002
4974,0.01924417433,-31.654148086
4975,0.01922697533,-32.426381976
4976,0.01919015233,-33.684981996
4977,0.01917135833,-34.845135465999995
4978,0.019162553330000002,-35.920581725999995
4979,0.01913996133,-36.755586885999996
4980,0.01911031733,-38.455929395999995
4981,0.01908313133,-40.139847685999996
4982,0.01903210933,-41.707539706
4983,0.01898070433,-43.451034646
4984,0.01894742333,-45.509186336
4985,0.01889981633,-47.295288666
4986,0.01887457733,-49.469489325999994
4987,0.01885010333,-51.944482076
4988,0.01879598533,-54.156910085999996
4989,0.01875721633,-56.393652356
4990,0.01872942433,-58.758938766
4991,0.01867482833,-61.183436435999994
4992,0.01862645433,-63.165185265999995
4993,0.01858870633,-65.238396036
4994,0.01855399033,-67.341114856
4995,0.01851882733,-68.965822746
4996,0.01849272533,-70.707949626
4997,0.01846895333,-71.641032666
4998,0.01843165233,-72.94793670600001
4999,0.01841930433,-73.79324814600001
5000,0.01840969933,-72.533877626
5001,0.01839467133,-73.008097956
5002,0.018397510330000002,-74.733213666
5003,0.018398723330000002,-72.81902094600001
5004,0.01841049733,-71.267391806
5005,0.01842389933,-71.869753516
5006,0.01843203533,-69.800462236
5007,0.018462732330000002,-67.486084726
5008,0.018493013330000002,-66.32136826600001
5009,0.01851841233,-65.094063186
5010,0.01853912133,-63.172527155999994
5011,0.01857648633,-59.882690346
5012,0.01862600833,-57.905502825999996
5013,0.01866841433,-55.440818066
5014,0.01869971633,-53.260275635999996
5015,0.01876222633,-50.572847266
5016,0.01881273733,-48.228358396
5017,0.01883555233,-45.630608955999996
5018,0.01886382433,-43.270295976
5019,0.01890763333,-40.821437016
5020,0.01896465533,-38.064859866
5021,0.01902729133,-36.023126976
5022,0.01906870833,-33.357271596
5023,0.01910428633,-31.297709336
5024,0.01916998633,-28.970286086
5025,0.01922126433,-27.234681026
5026,0.01926874433,-24.544661866000002
5027,0.01930409933,-22.728097306000002
5028,0.01934596233,-20.857234996
5029,0.01939191133,-18.792330996
5030,0.01942532033,-17.669399366
5031,0.019445741330000002,-15.547694916000001
5032,0.01946715133,-13.894668646000001
5033,0.019486839330000002,-12.815302136
5034,0.01950949533,-11.234349876000001
5035,0.01953157633,-10.012420393000001
5036,0.01955710233,-8.918780567
5037,0.01956922733,-7.641433924999999
5038,0.01959430833,-6.60955742
5039,0.01961654833,-5.451362025
5040,0.01963055533,-4.390020716
5041,0.01964606333,-3.314619009
5042,0.01965968933,-2.3380241020000003
5043,0.01966993133,-1.061222677
5044,0.01968700333,0.2464488869999999
5045,0.01971961333,1.311167931
5046,0.01975145733,2.573733694
5047,0.01978512133,4.128320576
5048,0.01981269133,5.405705426999999
5049,0.01984345133,7.074389148
5050,0.01987800733,8.393910158999999
5051,0.01991629733,9.791305183999999
5052,0.019951206330000002,11.580545253999999
5053,0.01998260433,12.685474614
5054,0.02002134133,14.413534054
5055,0.02002950933,15.081623544
5056,0.02006556733,15.948143804
5057,0.02008624333,17.286334074
5058,0.02009769933,17.699792114
5059,0.02010545233,17.290843274
5060,0.02013046833,18.119565014
5061,0.02012172533,18.890658144
5062,0.02011378133,17.879205784
5063,0.02011553633,17.540380644
5064,0.02010149533,16.555459384
5065,0.02009192333,14.390587274
5066,0.02007721233,13.040719533999999
5067,0.02005873833,11.019382954
5068,0.02001145033,8.943624144
5069,0.01995832233,6.413227506
5070,0.01990401233,3.939001905
5071,0.01986540333,1.190369891
5072,0.019794343330000002,-1.828318602
5073,0.01973087633,-4.6636707049999995
5074,0.01967685533,-7.716063641
5075,0.01962631233,-10.602324105000001
5076,0.019575322330000002,-13.440645336000001
5077,0.019525577330000002,-16.368106106
5078,0.01949162633,-19.120667446
5079,0.01944271033,-21.709106086000002
5080,0.01940796133,-24.257946086
5081,0.01935914133,-26.537293956
5082,0.01933326233,-28.686361356
5083,0.01927933833,-31.041747696
5084,0.01920875633,-33.123665636
5085,0.01917148633,-34.891701886
5086,0.019144874330000002,-36.645138356
5087,0.01911695533,-38.575752546
5088,0.01908466333,-39.890183996
5089,0.01903128033,-41.368739205999994
5090,0.01900575333,-42.773853685999995
5091,0.01896870733,-44.005714696
5092,0.01893233133,-45.585629985999994
5093,0.01891229233,-46.502471136
5094,0.01888676533,-48.060444305999994
5095,0.018873300330000002,-49.244184366
5096,0.01886359933,-50.388281995999996
5097,0.018847389330000002,-51.755809256
5098,0.01883185033,-52.720134916
5099,0.01880128133,-53.684460865999995
5100,0.01877789233,-54.842245555999995
5101,0.01876414133,-55.681217225999994
5102,0.01874943133,-56.752877936
5103,0.018745888330000002,-57.738778636
5104,0.01873130633,-58.298994355999994
5105,0.01870453433,-59.424116536
5106,0.01869231433,-59.972605505999994
5107,0.01867026533,-60.549423675999996
5108,0.01866085333,-61.505036276
5109,0.018635421330000002,-61.983460466
5110,0.01862106233,-62.942037475999996
5111,0.018610532330000002,-62.703056216
5112,0.01859792833,-64.295880506
5113,0.01858851633,-64.933454736
5114,0.01857836833,-63.954487496
5115,0.01856656233,-65.271106696
5116,0.01856110633,-66.870863306
5117,0.01855593633,-65.397051536
5118,0.01855932033,-66.161755696
5119,0.01855603233,-66.513458396
5120,0.01854636533,-65.397819126
5121,0.01855721333,-64.784604186
5122,0.01855963833,-65.466150466
5123,0.01856286133,-63.406577465999995
5124,0.018571827330000002,-61.821691865999995
5125,0.01858775033,-61.609621346
5126,0.018602491330000002,-59.657977925999994
5127,0.01865654533,-56.678649795999995
5128,0.01868586833,-54.796938036
5129,0.01872250033,-52.265698126
5130,0.01879557033,-49.378835755999994
5131,0.01882872333,-46.463279066
5132,0.01886675933,-43.526925975999994
5133,0.01892575733,-40.015122766
5134,0.019008656330000002,-36.549304305999996
5135,0.01906823033,-33.428975185999995
5136,0.01913361133,-30.142934276000002
5137,0.019228157330000002,-27.163607996
5138,0.01928594233,-23.490648516
5139,0.01935138833,-20.648360126
5140,0.01942011933,-17.762097116
5141,0.01945228233,-15.018792726000001
5142,0.01948549933,-12.652727396000001
5143,0.01952541733,-10.361116163
5144,0.01956294133,-8.37603839
5145,0.01958227833,-6.803014554000001
5146,0.01961747333,-5.528596228
5147,0.019637289330000002,-3.935948658
5148,0.01965091433,-3.529652259
5149,0.01966208133,-2.178825737
5150,0.01967181433,-1.397829471
5151,0.01968196033,-0.42758121800000004
5152,0.01969233033,0.12487131200000001
5153,0.01971383733,0.71692556
5154,0.01973508933,1.2472163740000002
5155,0.019752797330000002,1.919642542
5156,0.01975806333,2.520032292
5157,0.01977264633,3.216457079
5158,0.019789366330000002,3.8330570839999996
5159,0.01979877833,4.382540483
5160,0.019811000330000002,5.005114806
5161,0.01982775133,5.901921434
5162,0.01984539633,6.413777503
5163,0.019858735330000002,7.242063046
5164,0.01987692233,8.073317522
5165,0.019892813330000002,8.549323400999999
5166,0.01990771433,9.273300034
5167,0.01991441533,9.606761453999999
5168,0.01992599833,9.545171523999999
5169,0.01993269933,10.256825764
5170,0.01993458133,10.738806044
5171,0.019942367330000002,10.697600984
5172,0.01994501633,10.162765084
5173,0.01994811133,9.244381404
5174,0.01993751833,9.279648034
5175,0.01992874233,8.997092127
5176,0.019926126330000002,9.187771994
5177,0.019924498330000002,8.502441056
5178,0.01991735133,7.60283881
5179,0.01990752433,6.403291578999999
5180,0.01989925833,5.611438287
5181,0.01988793133,4.507527969
5182,0.01988177333,3.4075430609999997
5183,0.01987098733,2.166007749
5184,0.01984303533,0.3827027969999999
5185,0.019795523330000002,-0.9865586740000001
5186,0.01975267033,-3.0740335340000002
5187,0.01972207033,-4.77497677
5188,0.01968116333,-7.088574434
5189,0.01964568033,-9.416035581000001
5190,0.01960353033,-11.731565886
5191,0.019552061330000002,-14.404380186000001
5192,0.01950991033,-17.181310276
5193,0.01947455533,-20.121622936
5194,0.01942203333,-22.804122606
5195,0.01936877733,-26.180256546
5196,0.01932799933,-29.423154166
5197,0.01922802933,-32.668008136
5198,0.01916647633,-35.568506936
5199,0.01911401933,-38.764874876
5200,0.01903711933,-41.726180375999995
5201,0.018972600330000002,-44.170065326
5202,0.01890945333,-47.124073405999994
5203,0.01887406633,-49.576853545999995
5204,0.01885039033,-51.652660506
5205,0.01881535433,-53.707257526
5206,0.01876908633,-55.485602445999994
5207,0.01874764433,-56.680657415999995
5208,0.018739889330000002,-57.920597596
5209,0.01871378933,-58.982538616
5210,0.018698759330000002,-59.751859026
5211,0.01869269733,-60.052426526
5212,0.01868590133,-60.239955056
5213,0.01867805133,-60.582716966
5214,0.018678147330000002,-60.177555066
5215,0.01867830733,-60.181344826
5216,0.01868060333,-59.769429036
5217,0.018683572330000002,-59.68212252599999
5218,0.01868733733,-59.225872146
5219,0.01869333633,-59.055998316
5220,0.01869107033,-58.962350885999996
5221,0.01869582433,-58.213057596
5222,0.01870494933,-58.006738285999994
5223,0.018695984330000002,-59.574609886
5224,0.018695760330000002,-57.771856375999995
5225,0.01870108933,-58.775412065999994
5226,0.01869473933,-59.959745225999995
5227,0.01868854833,-58.459020175999996
5228,0.01868245433,-58.937210406
5229,0.01869094333,-60.710857776
5230,0.01868436833,-59.528073096
5231,0.01868500633,-58.721990815999995
5232,0.01869011233,-60.197396385999994
5233,0.01868114533,-59.718379645999995
5234,0.01869212333,-57.950296275999996
5235,0.01869662233,-58.378038436
5236,0.018710630330000002,-58.240001756
5237,0.01871417233,-55.588200005999994
5238,0.018713214330000002,-54.995555165999995
5239,0.018720425330000002,-53.876954045999994
5240,0.01874454833,-52.171459295999995
5241,0.01879021033,-50.160425036
5242,0.01881876833,-48.246416995999994
5243,0.018834628330000002,-46.269228915999996
5244,0.018868067330000002,-43.720383026
5245,0.01890425233,-41.467356376
5246,0.01895150933,-39.350997236
5247,0.01901778333,-36.784543666
5248,0.019055817330000002,-34.494885196
5249,0.01910811533,-31.412608716
5250,0.01917924033,-29.049509636
5251,0.01925700133,-26.054950786
5252,0.01928182733,-24.435393616
5253,0.01933903833,-21.055471096
5254,0.01938026433,-19.416717486
5255,0.01943862533,-16.413846226
5256,0.01946788633,-13.962034816000001
5257,0.01950678133,-11.471035426
5258,0.01954612633,-9.256829039000001
5259,0.01959465933,-6.680069179
5260,0.01963157733,-4.454011417
5261,0.01966071033,-2.2730602959999997
5262,0.01968550333,0.06074584500000002
5263,0.01974332233,2.017488538
5264,0.01978521733,4.038826255
5265,0.01982213533,5.664902673
5266,0.01985883033,7.305625458
5267,0.019898429330000002,8.758472289
5268,0.01992488133,9.842233634
5269,0.01994753633,10.800767583999999
5270,0.019962662330000002,11.542333484
5271,0.01997689233,11.957159574
5272,0.019982700330000002,12.157540454
5273,0.01998464733,12.291204184
5274,0.01998419933,11.812020334
5275,0.019982094330000002,11.402523144
5276,0.01997571233,10.702546373999999
5277,0.01996936133,10.386700004
5278,0.019951971330000002,8.877455914999999
5279,0.01993812333,7.779832189
5280,0.01992931733,7.739063603
5281,0.01991358533,7.079855416999999
5282,0.01990525833,5.7387197709999995
5283,0.01989597333,3.6031491460000002
5284,0.01987590233,2.930275684
5285,0.01986846733,1.897247577
5286,0.019846864330000002,2.063791712
5287,0.01984112133,0.8113620129999999
5288,0.01982909233,0.690978214
5289,0.01981061633,-0.010776632000000008
5290,0.01978524833,-0.888391043
5291,0.01978569633,-1.12677497
5292,0.01977787933,-1.309370512
5293,0.01976875333,-1.946962373
5294,0.01976339233,-2.200030288
5295,0.01974992533,-2.631887171
5296,0.01974287433,-3.508485908
5297,0.01973004633,-4.368037527
5298,0.019711317330000002,-5.262113853000001
5299,0.01968984333,-6.352921155000001
5300,0.01967433533,-7.536657218
5301,0.01964424533,-9.376221188
5302,0.01960930533,-11.157946356
5303,0.01957883233,-13.275885566000001
5304,0.01954076533,-15.310872666
5305,0.01950458033,-17.750419196
5306,0.01947072633,-20.687353696
5307,0.019417661330000002,-23.068517076
5308,0.01937180933,-26.095506576000002
5309,0.01933297633,-29.144938646
5310,0.01925215233,-31.834783836
5311,0.01917767633,-35.041461045999995
5312,0.01913996133,-37.450678225999994
5313,0.019083515330000002,-40.294927836
5314,0.01901098633,-42.888755806
5315,0.01894260533,-45.657974575999994
5316,0.018893786330000002,-47.840476456
5317,0.01887020433,-50.015090365999995
5318,0.01884305033,-52.370432746
5319,0.01880137833,-54.124285816
5320,0.01876672633,-55.729201096
5321,0.01874678233,-57.612328776
5322,0.01871736333,-59.093850085999996
5323,0.01869547333,-60.085680726
5324,0.01866174633,-61.443313515999996
5325,0.01864180333,-62.389983066
5326,0.01862269033,-63.213948615999996
5327,0.01860903333,-63.987189085999994
5328,0.01859642933,-64.630743676
5329,0.018589281330000002,-64.921227216
5330,0.01858663333,-65.207148316
5331,0.01857977233,-65.218827476
5332,0.01857954933,-65.551504596
5333,0.018579486330000002,-65.07983371600001
5334,0.018579262330000002,-64.654276756
5335,0.01858073033,-64.848742426
5336,0.01858545333,-63.311385525999995
5337,0.01859716333,-61.73416074599999
5338,0.01860558633,-62.713769246
5339,0.01860890533,-60.935375605999994
5340,0.01862852833,-58.609318656
5341,0.01864735533,-59.279419436
5342,0.01867935933,-56.701011965999996
5343,0.01869059133,-54.323681005999994
5344,0.018711586330000002,-53.823501926
5345,0.01875383433,-53.691984876
5346,0.01878111533,-50.406760926
5347,0.01880421833,-48.742410346
5348,0.018826936330000002,-48.092149465999995
5349,0.01883749933,-46.724078096
5350,0.01884914533,-45.249855915999994
5351,0.01887030033,-44.132258025999995
5352,0.01889081733,-42.759440966
5353,0.01890616633,-41.753512005999994
5354,0.018933098330000002,-40.475167446
5355,0.01895367833,-39.353190366
5356,0.01898159733,-38.529040146
5357,0.019017271330000002,-37.282581455999996
5358,0.01903048233,-36.49428331599999
5359,0.01905064833,-35.354108145999994
5360,0.01907122933,-33.639901296
5361,0.019096724330000002,-32.734965736
5362,0.019120209330000002,-31.168694106
5363,0.01915942433,-29.786156606
5364,0.019224104330000002,-27.875529726
5365,0.01925827733,-26.256341326
5366,0.01928179433,-24.049889286
5367,0.01931750033,-21.991916066
5368,0.01937369233,-19.699715976
5369,0.019428287330000002,-17.394827206000002
5370,0.01945662233,-14.756304126
5371,0.01949261433,-12.176165456
5372,0.019543189330000002,-9.38379063
5373,0.01958850033,-6.7365007420000005
5374,0.01963553333,-4.097606261
5375,0.019667411330000002,-1.487964711
5376,0.01971074333,1.0957250579999998
5377,0.01977414533,3.53147978
5378,0.01981967933,5.614580195
5379,0.01986661533,7.650563514
5380,0.01991004433,9.302589714
5381,0.01995104733,10.895411163999999
5382,0.01997692433,12.177167923999999
5383,0.019997570330000002,13.273362424
5384,0.02001218333,13.876684314
5385,0.02002076733,14.214518393999999
5386,0.02002606333,14.388368084
5387,0.02002762633,14.365798304
5388,0.02002708533,13.877879024
5389,0.020024595330000002,13.308222034
5390,0.020018597330000002,12.912961383999999
5391,0.020007972330000002,11.156392603999999
5392,0.01999728233,10.509880134
5393,0.01998710433,10.032445024
5394,0.01997118033,9.198221894
5395,0.01995663033,7.107197244
5396,0.01994249533,5.862282695999999
5397,0.01990229033,4.445904796000001
5398,0.01988920833,3.3061447979999996
5399,0.01986339433,2.427946287
5400,0.01985650133,0.9899907130000001
5401,0.019816998330000002,0.12899589700000003
5402,0.019769295330000002,-2.077868232
5403,0.01975372333,-2.912875059
5404,0.01972538933,-4.503724445
5405,0.01970174533,-6.0288091349999995
5406,0.01967950433,-7.205203165
5407,0.01966106033,-8.7372195
5408,0.01962726933,-10.363335801
5409,0.01960365733,-11.720919306
5410,0.01957650333,-13.300464316000001
5411,0.01954759333,-14.768337036
5412,0.01952324733,-16.200374226
5413,0.01950132633,-18.008638076
5414,0.01948208533,-19.448003296
5415,0.01945397333,-20.935499166
5416,0.01942235233,-22.680591236
5417,0.019394974330000002,-24.223916486
5418,0.01937263833,-25.825451226000002
5419,0.01934861133,-27.607763646000002
5420,0.01933071033,-28.683754096
5421,0.019293090330000002,-30.480165716000002
5422,0.01923836733,-32.138540735999996
5423,0.01919576833,-33.414331055999995
5424,0.019174773330000002,-34.866976185999995
5425,0.01915658533,-36.586937215999995
5426,0.01912413433,-38.115989406
5427,0.01909538433,-39.241888526
5428,0.01904362833,-41.316097715999994
5429,0.01899570133,-43.252687156
5430,0.01895725233,-44.872835706
5431,0.018916632330000002,-46.956353336
5432,0.01888335133,-48.632749596
5433,0.01886538733,-50.875467686
5434,0.01884231633,-52.639761295999996
5435,0.01878816733,-54.951587376
5436,0.01875341933,-56.775504086
5437,0.01873615733,-58.649506026
5438,0.01869180433,-60.705698256
5439,0.01864834333,-62.251994536
5440,0.01861254233,-63.981849995999994
5441,0.01859167533,-65.21330399600001
5442,0.01856870033,-66.64952882600001
5443,0.01855105533,-67.502187256
5444,0.01853762133,-67.99839643600001
5445,0.01851576333,-69.05144765600001
5446,0.01851672133,-68.848271186
5447,0.01851515733,-67.222556376
5448,0.01851550933,-67.893663806
5449,0.01853318533,-68.420163916
5450,0.01853672733,-65.655690576
5451,0.01853637733,-64.261246636
5452,0.01855236233,-63.598078736
5453,0.01856879633,-61.958135035999994
5454,0.01859757733,-58.566347015999995
5455,0.01865692733,-57.807156995999996
5456,0.01868803933,-56.431739496
5457,0.01871193833,-53.409260155999995
5458,0.01876621433,-50.331903436
5459,0.01880664333,-49.010950636
5460,0.01883504133,-47.859507996
5461,0.01885795233,-44.344326286
5462,0.01888098933,-42.818650526
5463,0.018912612330000002,-41.130352476
5464,0.01895552833,-39.276144546
5465,0.01900259433,-37.544327356
5466,0.01904069333,-35.906526936
5467,0.01905964633,-34.372139796
5468,0.01908791733,-32.975369986
5469,0.01911350933,-31.629052706
5470,0.019139674330000002,-30.606523806000002
5471,0.01918000633,-29.118071026
5472,0.01922751733,-27.616475566000002
5473,0.01926076733,-26.594358986
5474,0.01927420033,-25.591985976
5475,0.01928613533,-23.870849466
5476,0.01931510733,-22.253113906
5477,0.019352663330000002,-21.118873816
5478,0.01937633933,-19.804854046
5479,0.01941651333,-18.185122026000002
5480,0.01943916833,-16.451296246
5481,0.01945499433,-15.133312356000001
5482,0.01947512933,-13.472983116
5483,0.01950145433,-11.841534296
5484,0.019536776330000002,-10.148306081000001
5485,0.01955624133,-8.782423019
5486,0.01959223333,-7.012374769000001
5487,0.01961916533,-5.464678320999999
5488,0.01964354233,-3.570693493
5489,0.01966061433,-2.216488503
5490,0.01967810033,-0.691775941
5491,0.01971237033,0.878884588
5492,0.01975496833,2.341423221
5493,0.01978307933,3.453669493
5494,0.01980981933,5.105695777999999
5495,0.019833015330000002,5.886417923
5496,0.01986246833,7.33809933
5497,0.01988624033,8.547956196
5498,0.01990908633,9.011702267999999
5499,0.019937358330000002,10.148493133999999
5500,0.01994306933,10.671651574
5501,0.01996511733,11.103100514
5502,0.01997682833,11.300539084
5503,0.01998924033,11.751624564
5504,0.01998987933,12.946825974
5505,0.01999364433,12.519712883999999
5506,0.019998750330000002,13.124672184
5507,0.01999109233,11.764493624
5508,0.01999466633,10.407867183999999
5509,0.01997816933,10.504932474
5510,0.019954812330000002,8.290145076
5511,0.01995742833,8.235277031999999
5512,0.01992513633,7.047615786
5513,0.01990899133,4.021174643
5514,0.01988330433,2.82279326
5515,0.01985015133,0.5149380539999999
5516,0.01978540833,-1.884183395
5517,0.01973499233,-4.144510982
5518,0.01968620533,-6.711956119
5519,0.01965222233,-9.215275166
5520,0.01960451833,-11.833217996
5521,0.01955994233,-14.358660376000001
5522,0.01951823733,-16.738414176
5523,0.01948824433,-19.121706706
5524,0.01945135633,-21.403610206
5525,0.01941329033,-23.044373716
5526,0.01937299033,-25.541719556
5527,0.01934618633,-27.472965086000002
5528,0.01932605233,-29.136674776
5529,0.01928217733,-30.706921006
5530,0.01923399533,-32.087492816
5531,0.01919730033,-33.478919786
5532,0.01917110333,-35.067187686
5533,0.01915977633,-35.171329646
5534,0.019142067330000002,-36.890504146
5535,0.01912911133,-37.884120056
5536,0.01911098733,-38.110653715999995
5537,0.01909260833,-39.613795376
5538,0.01906957033,-40.659910585999995
5539,0.01903450333,-41.105031856
5540,0.01900757233,-42.598826276
5541,0.01898060833,-43.500430195999996
5542,0.01895616633,-44.748897625999994
5543,0.01893057733,-46.09183814599999
5544,0.01889882733,-47.311797375999994
5545,0.01887939433,-48.883636046
5546,0.01886991833,-50.081654275999995
5547,0.01885310133,-51.782768985999994
5548,0.01882945833,-53.063534405999995
5549,0.01879260333,-54.595552215999994
5550,0.01876870433,-55.879281756
5551,0.018747133330000002,-57.270346626
5552,0.01873484933,-58.532087596
5553,0.018708811330000002,-59.615428036
5554,0.01868784733,-60.771842696
5555,0.01866152333,-61.367451925999994
5556,0.018644419330000002,-62.343091376
5557,0.01862916733,-61.943492606
5558,0.01860319333,-63.249209865999994
5559,0.018615542330000002,-64.129787936
5560,0.01859409933,-63.686989245999996
5561,0.01858656833,-63.046859606
5562,0.01859614133,-64.223435086
5563,0.01860086433,-64.110763206
5564,0.01860178933,-61.243513856
5565,0.01860606533,-61.311616896
5566,0.01862351933,-61.838757986
5567,0.01862747633,-59.929493945999994
5568,0.01863960233,-58.410700946
5569,0.018670106330000002,-56.967406986
5570,0.01868060333,-56.044636475999994
5571,0.01870443933,-54.800727515999995
5572,0.01875322833,-51.398039245999996
5573,0.01877987133,-50.529734006
5574,0.01882323533,-49.263837046
5575,0.01884241233,-45.460959446
5576,0.018863855330000002,-43.747340775999994
5577,0.01891047433,-41.231382866
5578,0.01895961333,-38.833386636
5579,0.01903073833,-36.473663935999994
5580,0.019072889330000002,-33.644058506
5581,0.019110955330000002,-31.467071186000002
5582,0.01918932333,-28.934872566
5583,0.01925888433,-26.088205556000002
5584,0.019295739330000002,-23.478600576
5585,0.01934806833,-21.038465326
5586,0.01941159933,-19.203277426
5587,0.01943795533,-15.919195546000001
5588,0.01946929033,-15.472109006
5589,0.01947678933,-13.272546916
5590,0.01951683433,-11.532628436000001
5591,0.019496093330000002,-15.536252886
5592,0.01947953333,-17.195625056
5593,0.01947666133,-17.616799826
5594,0.01947375733,-18.337356266
5595,0.01946945033,-19.322879296
5596,0.01946003633,-19.718100956
5597,0.01945043133,-20.102642956
5598,0.019440923330000002,-20.662440536000002
5599,0.01943498833,-20.806996986
5600,0.01943383933,-20.781455376
5601,0.01943125433,-20.813341586
5602,0.01943084033,-20.662453686
5603,0.01943141433,-20.643419606000002
5604,0.01943106333,-20.538092316
5605,0.01943074433,-20.555744976
5606,0.01943183033,-20.559668846
5607,0.01943077633,-20.672339086
5608,0.01943001033,-20.706605076
5609,0.01943131833,-20.682061836
5610,0.01943176533,-20.716490186
5611,0.01943125533,-20.669959006
5612,0.01943026633,-20.734513046
5613,0.01942854233,-20.817265436
5614,0.01942898833,-20.888381086
5615,0.01943150933,-20.824608406
5616,0.019429117330000002,-20.806996986
5617,0.01942867033,-20.870594176
5618,0.01942918133,-20.901057436000002
5619,0.01942780933,-20.903437226
5620,0.01942806433,-21.055336636
5621,0.01942784133,-20.878482556
5622,0.01942701133,-21.008764196
5623,0.01942650033,-20.904435596
5624,0.01942675633,-20.975921166
5625,0.01942678833,-20.994119786
5626,0.019425894330000002,-21.081835346000002
5627,0.01942592633,-21.056293756
5628,0.019425479330000002,-20.987774906000002
5629,0.01942554333,-21.107201186
5630,0.01942506333,-21.182651556
5631,0.01942449133,-21.154730456
5632,0.01942541533,-21.215536416
5633,0.01942394733,-21.183238766
5634,0.019423851330000002,-21.164041766
5635,0.01942388333,-21.190540476
5636,0.019424681330000002,-21.169962356
5637,0.01942439433,-21.157110246000002
5638,0.01942295933,-21.251757606
5639,0.01942292633,-21.256679816000002
5640,0.01942426733,-21.403616006
5641,0.01942318233,-21.350740246
5642,0.01942302333,-21.277669396
