data_ind,gamma_t,V
0,0.0,0.0
1,1.666e-05,-0.176578234
2,1.666e-05,-0.088286468
3,8.33e-06,-0.088286468
4,0.0,-0.088286468
5,0.0,0.0
6,0.0,-0.176578234
7,2.503e-05,-0.26487
8,1.666e-05,-0.088286468
9,8.33e-06,-0.088286468
10,8.33e-06,-0.176578234
11,0.0,0.0
12,1.666e-05,0.0
13,0.0,-0.088286468
14,8.33e-06,-0.088286468
15,-8.37e-06,0.0
16,1.666e-05,0.0
17,0.0,-0.088286468
18,1.666e-05,-0.088286468
19,8.33e-06,-0.176578234
20,-8.37e-06,-0.176578234
21,1.666e-05,-0.26487
22,8.33e-06,0.0
23,8.33e-06,-0.088286468
24,1.666e-05,-0.088286468
25,8.33e-06,-0.26487
26,1.666e-05,-0.088286468
27,1.666e-05,-0.176578234
28,1.666e-05,-0.26487
29,2.503e-05,-0.176578234
30,2.503e-05,0.0
31,2.503e-05,-0.088286468
32,-1.667e-05,-0.26487
33,8.33e-06,-0.088286468
34,0.0,-0.088286468
35,0.0,-0.176578234
36,0.0,-0.088286468
37,-1.667e-05,-0.176578234
38,2.503e-05,-0.088286468
39,8.33e-06,0.0
40,2.503e-05,-0.176578234
41,0.0,-0.176578234
42,8.33e-06,-0.088286468
43,1.666e-05,-0.176578234
44,1.666e-05,-0.176578234
45,0.0,-0.26487
46,2.503e-05,-0.088286468
47,2.503e-05,-0.176578234
48,8.33e-06,-0.088286468
49,8.33e-06,-0.26487
50,8.33e-06,-0.26487
51,8.33e-06,-0.176578234
52,8.33e-06,-0.26487
53,8.33e-06,0.0
54,0.0,0.0
55,8.33e-06,-0.088286468
56,2.503e-05,0.0
57,0.0,-0.176578234
58,0.0,-0.176578234
59,1.666e-05,-0.176578234
60,1.666e-05,-0.176578234
61,1.666e-05,-0.088286468
62,2.503e-05,-0.088286468
63,-1.667e-05,-0.088286468
64,2.503e-05,-0.088286468
65,-8.37e-06,-0.176578234
66,2.503e-05,-0.088286468
67,0.0,-0.176578234
68,8.33e-06,-0.088286468
69,8.33e-06,-0.088286468
70,8.33e-06,-0.176578234
71,-1.667e-05,-0.176578234
72,2.503e-05,-0.088286468
73,8.33e-06,-0.26487
74,4.1630000000000006e-05,0.0
75,0.0,-0.176578234
76,0.000124997,2.472121766
77,9.163e-05,2.1189600000000004
78,0.00028333000000000004,4.76766
79,0.00025833000000000003,6.35688
80,0.000416663,8.652423531999998
81,0.00050833,11.389409996
82,0.000591663,13.861531765999999
83,0.0006083299999999999,14.744433535999999
84,0.00044999700000000005,15.185881766
85,0.000749997,18.452613536
86,0.00093333,21.189599996000002
87,0.001016663,23.573429996
88,0.001099997,24.809493536
89,0.001191663,28.076219996000003
90,0.0014583299999999999,34.874553536
91,0.00168333,41.054849995999994
92,0.001949997,45.204483536
93,0.002124997,49.530689996
94,0.00235833,55.710991766
95,0.002616663,62.244449996
96,0.002941663,67.453563536
97,0.003066663,70.896873536
98,0.00330833,75.487949996
99,0.003391663,77.51862353599999
100,0.00358333,80.343901766
101,0.00363333,81.668251766
102,0.003699997,83.610633536
103,0.003749997,85.464723536
104,0.003724997,84.84669176599999
105,0.00338333,78.224941766
106,0.003124997,71.603191766
107,0.002799997,66.394083536
108,0.0024083299999999998,56.417309996
109,0.002216663,54.739803536
110,0.00188333,46.175671766
111,0.001466663,36.728643536
112,0.00115833,28.959121766000003
113,0.000949997,23.926591766
114,0.000691663,19.335509996000003
115,0.00055833,15.009303536
116,0.000566663,10.771383536
117,0.000349997,4.326211766
118,0.0,-1.05948
119,-0.00016667,-5.2091082339999994
120,-0.000175003,-6.710036468
121,-0.000258337,-8.74071
122,-0.00031666999999999996,-10.153346464
123,-0.000350003,-12.890338234000001
124,-0.0005416700000000001,-15.627330004000001
125,-0.000558337,-18.452608234
126,-0.000725003,-23.485138233999997
127,-0.0009583370000000001,-26.398708233999997
128,-0.001133337,-29.577148234
129,-0.0013083370000000001,-34.521386464
130,-0.001625003,-41.143136464
131,-0.001900003,-47.146860004000004
132,-0.002158337,-52.444260004
133,-0.002433337,-58.977718234
134,-0.00266667,-63.657086464
135,-0.002975003,-68.954486464
136,-0.003258337,-75.223080004
137,-0.003300003,-77.695196464
138,-0.0035000030000000002,-80.43218823400001
139,-0.003483337,-80.873636464
140,-0.003725003,-82.904310004
141,-0.00374167,-82.374570004
142,-0.00374167,-82.551148234
143,-0.003475003,-80.07902646400001
144,-0.003033337,-72.13292646400001
145,-0.002758337,-66.129208234
146,-0.0024250030000000002,-58.271400004
147,-0.002075003,-50.943326464
148,-0.0017250030000000001,-41.584590004
149,-0.001458337,-34.697970004000005
150,-0.00096667,-26.133838234
151,-0.000733337,-19.776958234
152,-0.00042500299999999997,-14.832720004
153,-0.00049167,-13.861526464
154,-0.00030000299999999997,-10.241638234
155,-0.00022500300000000001,-7.15149
156,-0.000175003,-5.56227
157,-8.337000000000001e-05,-4.855946468
158,-4.997e-05,-1.765798234
159,0.00026666300000000005,5.209113532
160,0.000599997,14.391271766
161,0.0009083299999999999,21.542761766
162,0.0011333299999999999,27.369901766
163,0.00158333,38.317863536
164,0.00195833,46.440541765999996
165,0.002549997,57.300211766
166,0.0029499969999999998,67.453563536
167,0.00308333,71.514899996
168,0.003316663,75.752819996
169,0.003424997,78.578103536
170,0.003549997,79.990739996
171,0.003641663,81.579959996
172,0.003716663,83.787211766
173,0.003699997,83.257471766
174,0.003724997,83.08089353599999
175,0.003616663,82.904309996
176,0.00363333,83.08089353599999
177,0.003624997,83.787211766
178,0.003691663,83.875503536
179,0.003724997,84.405243536
180,0.003724997,84.670113536
181,0.003724997,85.023269996
182,0.00373333,85.376431766
183,0.003724997,85.817879996
184,0.003824997,86.082749996
185,0.00380833,86.524203536
186,0.003724997,84.670113536
187,0.003399997,78.489811766
188,0.0029083299999999998,69.749101766
189,0.002541663,61.714709995999996
190,0.00198333,49.618981766
191,0.001616663,38.847603535999994
192,0.00128333,30.018601766
193,0.00095833,22.513949996
194,0.000624997,17.304841766000003
195,0.0005333299999999999,11.742571766
196,0.00042499700000000004,7.063203532
197,0.000166663,1.147771766
198,-0.00024167,-5.385686467999999
199,-0.00030000299999999997,-9.00558
200,-0.00039167,-13.420078234
201,-0.0005000030000000001,-17.569706464
202,-0.00096667,-26.045546463999997
203,-0.001508337,-36.816930004
204,-0.00191667,-48.029756464
205,-0.002400003,-55.887570004000004
206,-0.002625003,-62.597606464
207,-0.002750003,-66.747240004
208,-0.002975003,-71.250030004
209,-0.003233337,-73.810438234
210,-0.00324167,-75.046496464
211,-0.00326667,-76.370846464
212,-0.003483337,-78.93126000400001
213,-0.0035000030000000002,-80.167318234
214,-0.003483337,-79.637578234
215,-0.0035833370000000002,-81.138506464
216,-0.00356667,-82.63944000400001
217,-0.003750003,-84.228660004
218,-0.003733337,-83.610628234
219,-0.003675003,-82.992596464
220,-0.00321667,-75.223080004
221,-0.00281667,-68.77790823400001
222,-0.002483337,-60.478646464
223,-0.00206667,-50.325300004
224,-0.001700003,-41.496298234
225,-0.00124167,-32.314140004
226,-0.00096667,-24.721196464
227,-0.000733337,-19.776958234
228,-0.0005416700000000001,-13.773240004
229,-0.00024167,-7.9461
230,-0.000208337,-5.6505564679999996
231,-8.337000000000001e-05,-4.23792
232,3.333e-05,0.618031766
233,0.00025833000000000003,5.385691766
234,0.000491663,10.771383536
235,0.00063333,15.097589996
236,0.000791663,20.041833536000002
237,0.001041663,23.220273536
238,0.00110833,26.486999996
239,0.00153333,36.728643536
240,0.002266663,51.737941766
241,0.00288333,64.981441766
242,0.003066663,70.72028999599999
243,0.003374997,77.077169996
244,0.00363333,82.551153536
245,0.003699997,83.875503536
246,0.00370833,83.34576353599999
247,0.00363333,83.169179996
248,0.003574997,83.257471766
249,0.00373333,84.934983536
250,0.003716663,84.758399996
251,0.003816663,87.142229996
252,0.003666663,84.052081766
253,0.0034416629999999998,79.990739996
254,0.003116663,74.340183536
255,0.002791663,66.040921766
256,0.002466663,58.183113536
257,0.001874997,46.970281766
258,0.00143333,34.609683536
259,0.00110833,27.811349996
260,0.0007749969999999999,20.571573536000002
261,0.000624997,17.393133536
262,0.0005249969999999999,11.830863535999999
263,0.000491663,7.857813532000001
264,0.000199997,1.942381766
265,-6.667e-05,-2.6487
266,-0.00021667,-6.180296468
267,-0.000325003,-8.564126468000001
268,-0.000408337,-9.976768234000001
269,-0.00035833699999999997,-13.420078234
270,-0.00042500299999999997,-15.892200004000001
271,-0.0007083370000000001,-21.807626464
272,-0.0009750030000000001,-28.164506464
273,-0.00156667,-39.200760004
274,-0.00189167,-46.175666464
275,-0.00226667,-54.474928234000004
276,-0.002683337,-63.215638234000004
277,-0.00299167,-70.102258234
278,-0.00324167,-76.10597646400001
279,-0.0035000030000000002,-80.167318234
280,-0.00359167,-81.403376464
281,-0.0035833370000000002,-82.904310004
282,-0.003733337,-84.228660004
283,-0.003750003,-83.78720646400001
284,-0.003758337,-83.698920004
285,-0.00324167,-76.10597646400001
286,-0.002758337,-67.100396464
287,-0.002400003,-58.359686464
288,-0.00206667,-51.296488234
289,-0.0018416700000000001,-46.175666464
290,-0.00156667,-37.876410004
291,-0.001133337,-29.135700004
292,-0.000725003,-21.895918234
293,-0.000558337,-17.216550004
294,-0.0005000030000000001,-13.773240004
295,-0.000325003,-10.771378234
296,-0.00022500300000000001,-7.504646468
297,-0.000158337,-5.6505564679999996
298,-9.167000000000001e-05,-4.944238234
299,-7.497000000000001e-05,-1.58922
300,0.000199997,3.3550235319999997
301,0.0005749969999999999,12.713759995999999
302,0.0007833299999999999,20.218411766000003
303,0.001116663,26.840161766
304,0.00188333,43.262101766
305,0.002341663,55.269543536
306,0.00295833,66.394083536
307,0.003399997,78.224941766
308,0.003691663,83.698919996
309,0.003591663,83.34576353599999
310,0.00373333,85.641301766
311,0.00373333,84.934983536
312,0.003799997,87.318813536
313,0.003674997,84.052081766
314,0.003349997,77.783493536
315,0.002874997,68.248173536
316,0.002466663,58.183113536
317,0.001899997,48.118053536
318,0.0014583299999999999,36.728643536
319,0.001116663,27.634771766
320,0.000791663,21.101313536000003
321,0.00063333,17.658003536000002
322,0.00044999700000000005,11.830863535999999
323,0.00043333,7.5929435320000005
324,0.000241663,2.030673532
325,-5.837e-05,-3.090148234
326,-0.000233337,-6.356879999999999
327,-0.000308337,-8.652418234
328,-0.000408337,-10.153346464
329,-0.000450003,-13.773240004
330,-0.00040000299999999996,-15.627330004000001
331,-0.000575003,-19.688666464
332,-0.000925003,-25.339228234
333,-0.00121667,-31.872686463999997
334,-0.001575003,-38.671020004
335,-0.001925003,-46.440536464000004
336,-0.002158337,-52.267676464000004
337,-0.0024250030000000002,-57.300206464000006
338,-0.00264167,-62.332736464
339,-0.002783337,-67.541850004
340,-0.003208337,-74.075308234
341,-0.00331667,-77.518618234
342,-0.00349167,-79.019546464
343,-0.00349167,-80.167318234
344,-0.0035416700000000002,-81.579960004
345,-0.0035833370000000002,-81.756538234
346,-0.003725003,-84.228660004
347,-0.003725003,-83.875498234
348,-0.003775003,-85.111556464
349,-0.00376667,-85.111556464
350,-0.00351667,-81.403376464
351,-0.0030000030000000002,-71.603186464
352,-0.0025833370000000002,-62.244450004
353,-0.00234167,-55.092960004000005
354,-0.0019666700000000002,-47.500016464000005
355,-0.001575003,-39.377338234
356,-0.001233337,-30.018596463999998
357,-0.00096667,-25.074358233999998
358,-0.000558337,-18.011160004
359,-0.00051667,-13.949818234
360,-0.000308337,-11.212826464
361,-0.000233337,-7.857808234
362,-0.000133337,-5.738848234
363,-9.167000000000001e-05,-5.120816468
364,-0.00011667,-2.030668234
365,7.502999999999999e-05,2.2072517659999997
366,0.000374997,6.886620000000001
367,0.000591663,12.272311766
368,0.000549997,15.185881766
369,0.0007833299999999999,18.276029996000002
370,0.00100833,22.160793536
371,0.00110833,25.515811766000002
372,0.00148333,34.874553536
373,0.001866663,43.791841766
374,0.00213333,49.265819996
375,0.00258333,58.271399996
376,0.00278333,64.451701766
377,0.003049997,70.543711766
378,0.003149997,73.19241176599999
379,0.003499997,79.196129996
380,0.00360833,80.608771766
381,0.00360833,82.37456999599999
382,0.003716663,84.052081766
383,0.003741663,85.817879996
384,0.003724997,84.934983536
385,0.003716663,84.934983536
386,0.003799997,86.70078176599999
387,0.00365833,84.316951766
388,0.003466663,80.255609996
389,0.00308333,71.603191766
390,0.00255833,61.714709995999996
391,0.001941663,49.089241766
392,0.0014583299999999999,36.552059996
393,0.0010916629999999999,27.193323536
394,0.0007333299999999999,20.394989996
395,0.0005749969999999999,15.362459996
396,0.000541663,11.654279996
397,0.00042499700000000004,5.915431766
398,0.00010833,0.618031766
399,-0.000158337,-4.23792
400,-0.00024167,-7.063198234
401,-0.000308337,-9.00558
402,-0.000408337,-10.683086464
403,-0.00059167,-14.391266464000001
404,-0.000475003,-15.627330004000001
405,-0.000558337,-19.600380003999998
406,-0.0007916700000000001,-24.456326464
407,-0.00111667,-28.959116463999997
408,-0.0013083370000000001,-34.874548234
409,-0.001608337,-41.496298234
410,-0.001908337,-47.676600004
411,-0.00219167,-53.503740004
412,-0.002475003,-58.624556464
413,-0.002758337,-63.657086464
414,-0.002958337,-69.484226464
415,-0.003150003,-73.545568234
416,-0.003225003,-74.60504823400001
417,-0.003475003,-79.019546464
418,-0.003483337,-80.343896464
419,-0.00359167,-81.403376464
420,-0.0035833370000000002,-82.992596464
421,-0.00374167,-83.963790004
422,-0.00376667,-85.199848234
423,-0.003725003,-84.670108234
424,-0.003300003,-79.196130004
425,-0.003150003,-74.60504823400001
426,-0.002758337,-67.188688234
427,-0.002525003,-60.655230004
428,-0.002183337,-53.062286464
429,-0.0018083370000000001,-43.880128234000004
430,-0.001400003,-34.874548234
431,-0.0011500030000000001,-29.135700004
432,-0.00084167,-23.750008234
433,-0.000733337,-21.277886463999998
434,-0.00056667,-17.304836463999997
435,-0.00042500299999999997,-14.038110004
436,-0.0005416700000000001,-12.802046464
437,-0.00022500300000000001,-8.74071
438,-0.00024167,-6.445166468
439,-0.000150003,-5.56227
440,-8.337000000000001e-05,-4.0613364679999995
441,-6.667e-05,-0.971188234
442,0.000216663,4.23792
443,0.000599997,13.155213536
444,0.000766663,18.187743536000003
445,0.001074997,23.573429996
446,0.001199997,27.546479996000002
447,0.001491663,34.874553536
448,0.00183333,42.467491765999995
449,0.00223333,51.119909996
450,0.00260833,60.743521766
451,0.003091663,70.808581766
452,0.00330833,75.664533536
453,0.003449997,79.01955176599999
454,0.00360833,80.608771766
455,0.003599997,82.286283536
456,0.00358333,81.844829996
457,0.003699997,83.434049996
458,0.003699997,83.34576353599999
459,0.003716663,85.023269996
460,0.00373333,85.023269996
461,0.003724997,84.581821766
462,0.003716663,84.934983536
463,0.003716663,85.376431766
464,0.00370833,85.641301766
465,0.003791663,86.171041766
466,0.003774997,86.259333536
467,0.003774997,86.259333536
468,0.00335833,77.960071766
469,0.00275833,65.776051766
470,0.002299997,53.680323535999996
471,0.001799997,43.968419995999994
472,0.00135833,32.843879996
473,0.001041663,24.897779996
474,0.00068333,18.187743536000003
475,0.00050833,13.331791765999998
476,0.000399997,6.268593532000001
477,3.333e-05,-1.147766468
478,-0.00024167,-5.2974
479,-0.00026667,-8.47584
480,-0.000350003,-12.095728234000001
481,-0.000475003,-15.715616464
482,-0.00056667,-20.394990004
483,-0.00096667,-25.692390004
484,-0.00121667,-31.519530004
485,-0.001575003,-38.671020004
486,-0.001900003,-46.705406464
487,-0.00216667,-54.033480004000005
488,-0.002625003,-62.332736464
489,-0.002975003,-70.013966464
490,-0.0030833370000000002,-72.83925000400001
491,-0.003250003,-75.664528234
492,-0.003450003,-78.93126000400001
493,-0.003508337,-80.43218823400001
494,-0.003575003,-81.844830004
495,-0.0035833370000000002,-83.257466464
496,-0.003733337,-84.75840000400001
497,-0.003725003,-84.316946464
498,-0.003725003,-84.228660004
499,-0.00374167,-84.14036823400001
500,-0.00374167,-84.14036823400001
501,-0.003725003,-84.316946464
502,-0.003750003,-84.228660004
503,-0.003733337,-84.228660004
504,-0.003725003,-84.14036823400001
505,-0.00374167,-84.228660004
506,-0.003750003,-84.05207646400001
507,-0.003725003,-84.228660004
508,-0.00374167,-84.228660004
509,-0.003725003,-84.14036823400001
510,-0.00374167,-84.05207646400001
511,-0.003733337,-84.05207646400001
512,-0.003725003,-83.963790004
513,-0.003733337,-84.05207646400001
514,-0.00374167,-84.05207646400001
515,-0.003733337,-84.05207646400001
516,-0.00374167,-84.14036823400001
517,-0.003725003,-84.14036823400001
518,-0.00371667,-84.05207646400001
519,-0.003733337,-84.14036823400001
520,-0.00371667,-83.963790004
521,-0.00374167,-84.05207646400001
522,-0.003708337,-84.228660004
523,-0.003733337,-84.05207646400001
524,-0.003708337,-84.14036823400001
525,-0.00376667,-84.05207646400001
526,-0.003758337,-84.14036823400001
527,-0.003750003,-84.228660004
528,-0.003733337,-84.05207646400001
529,-0.003725003,-84.05207646400001
530,-0.003725003,-84.14036823400001
531,-0.003733337,-84.05207646400001
532,-0.00374167,-83.78720646400001
533,-0.003733337,-83.963790004
534,-0.003725003,-83.78720646400001
535,-0.003725003,-84.05207646400001
536,-0.003475003,-81.226798234
537,-0.003250003,-76.370846464
538,-0.002975003,-70.63199823400001
539,-0.00264167,-63.480508234000006
540,-0.00219167,-53.856896464
541,-0.001825003,-44.939608234000005
542,-0.001608337,-40.348526464
543,-0.0012250030000000001,-31.254660003999998
544,-0.000983337,-24.721196464
545,-0.00064167,-19.247218233999998
546,-0.00045833699999999996,-13.773240004
547,-0.000325003,-10.859670004
548,-0.000233337,-7.41636
549,-0.00016667,-5.473978234
550,-7.497000000000001e-05,-4.591076468
551,-0.000108337,-2.207246468
552,0.00029999700000000003,6.09201
553,0.0006083299999999999,15.097589996
554,0.001016663,22.867111766
555,0.001399997,33.020463535999994
556,0.001641663,40.083661766
557,0.00250833,56.682179995999995
558,0.003099997,70.102263536
559,0.00353333,79.284421766
560,0.00380833,87.760261766
561,0.00400833,92.17475999599999
562,0.004149997,95.618069996
563,0.004241663,98.973093536
564,0.00448333,102.239819966
565,0.004574997,103.829039966
566,0.004641663,105.506551766
567,0.00465833,107.18406356599999
568,0.00478333,108.596699966
569,0.00488333,110.362503566
570,0.004999997,112.040009966
571,0.004991663,111.15711356599999
572,0.004491663,104.535363566
573,0.00428333,97.825321766
574,0.003974997,88.290001766
575,0.003549997,81.22680353599999
576,0.002941663,68.689621766
577,0.00238333,56.593893535999996
578,0.001966663,46.528833536
579,0.001541663,35.139423535999995
580,0.001274997,27.016739996000002
581,0.000949997,21.189599996000002
582,0.000799997,18.011159996
583,0.0005333299999999999,13.155213536
584,0.000591663,9.976773532
585,0.000441663,5.03253
586,0.00015832999999999998,0.176583532
587,8.33e-06,-4.23792
588,-0.000150003,-7.15149
589,-0.00016667,-9.00558
590,-0.000325003,-11.742566464000001
591,-0.000475003,-15.539038234000001
592,-0.00036667,-16.951680004
593,-0.00059167,-21.719340004
594,-0.000725003,-25.250936464
595,-0.00111667,-31.078076464
596,-0.001333337,-37.523248234
597,-0.001758337,-44.851316464
598,-0.002133337,-52.620838234000004
599,-0.00241667,-59.860620004000005
600,-0.002733337,-67.365266464
601,-0.003183337,-75.311366464
602,-0.003508337,-82.63944000400001
603,-0.003800003,-87.671970004
604,-0.003825003,-89.96750823400001
605,-0.004083337,-93.145948234
606,-0.00409167,-94.205428234
607,-0.004233337,-96.942420004
608,-0.004350003,-99.679406464
609,-0.004408337,-102.328106434
610,-0.004600003,-104.976806434
611,-0.004675003,-107.802090034
612,-0.0049083370000000005,-109.038148234
613,-0.00491667,-110.009336434
614,-0.0049083370000000005,-109.921050034
615,-0.005075003,-111.775140034
616,-0.005083337,-111.333686434
617,-0.00484167,-106.919188234
618,-0.004383337,-97.56044646400001
619,-0.00419167,-91.203566464
620,-0.003725003,-81.668246464
621,-0.003150003,-71.426608234
622,-0.002733337,-63.303930004
623,-0.00214167,-49.177528234
624,-0.001525003,-35.757450004
625,-0.0009750030000000001,-24.191456463999998
626,-0.000450003,-15.097590004
627,-0.000558337,-13.155208234
628,-0.000350003,-9.711898234000001
629,-0.00033333699999999996,-7.063198234
630,-0.000200003,-5.6505564679999996
631,-0.00022500300000000001,-4.767659999999999
632,-9.167000000000001e-05,-1.412636468
633,0.000141663,3.001861766
634,0.000274997,6.710041766
635,0.000549997,13.155213536
636,0.000641663,16.598523536000002
637,0.00095833,22.160793536
638,0.00110833,25.515811766000002
639,0.001391663,33.726781765999995
640,0.001799997,42.732361766
641,0.002041663,49.089241766
642,0.00295833,67.71843353599999
643,0.00375833,86.34761999599999
644,0.0042333299999999996,98.00189999599999
645,0.00458333,104.358779966
646,0.004641663,107.00747996599999
647,0.004749997,109.12643996599999
648,0.004899997,110.362503566
649,0.004991663,111.775139966
650,0.00498333,111.598561766
651,0.004874997,111.245399966
652,0.004866663,111.068821766
653,0.00488333,111.245399966
654,0.00490833,111.775139966
655,0.004966663,112.12830176599999
656,0.00498333,112.569749966
657,0.004949997,112.83461996599999
658,0.004974997,112.922911766
659,0.004749997,110.097633566
660,0.00463333,106.124583566
661,0.00440833,100.650599966
662,0.00405833,94.117141766
663,0.003741663,86.171041766
664,0.00328333,74.869923536
665,0.002916663,66.305791766
666,0.002274997,53.327161765999996
667,0.00178333,41.143141766
668,0.001374997,30.989789996000003
669,0.001041663,24.014883536000003
670,0.000891663,19.423801766
671,0.000591663,14.038109996
672,0.0006083299999999999,9.976773532
673,0.00036666300000000004,4.061341766
674,0.000149997,-1.58922
675,-4.167e-05,-5.120816468
676,-0.00014167,-7.592938234
677,-0.000150003,-9.182158234000001
678,-0.00035833699999999997,-11.124540004
679,-0.000508337,-14.832720004
680,-0.00036667,-15.892200004000001
681,-0.00056667,-19.776958234
682,-0.000725003,-24.368040003999997
683,-0.000983337,-29.842018233999998
684,-0.0013083370000000001,-35.757450004
685,-0.001575003,-41.496298234
686,-0.001825003,-45.822510004
687,-0.002075003,-51.031618234
688,-0.002375003,-57.388498234000004
689,-0.002608337,-63.921956464000004
690,-0.00291667,-70.013966464
691,-0.003233337,-76.017690004
692,-0.003400003,-79.637578234
693,-0.003475003,-82.021408234
694,-0.00371667,-84.846686464
695,-0.00381667,-87.583678234
696,-0.003825003,-90.055800004
697,-0.004083337,-92.704500004
698,-0.00409167,-95.353200004
699,-0.004325003,-98.26677000400001
700,-0.00441667,-100.91547003400001
701,-0.004558337,-103.74074823400001
702,-0.00466667,-104.800228234
703,-0.004808337,-106.124578234
704,-0.00484167,-109.038148234
705,-0.0049083370000000005,-110.53907643400001
706,-0.005075003,-111.598556434
707,-0.005150003,-113.099490034
708,-0.004725003,-106.654318234
709,-0.00431667,-95.618070004
710,-0.003900003,-87.053938234
711,-0.003433337,-76.81230000400001
712,-0.002908337,-68.42474646400001
713,-0.00249167,-58.624556464
714,-0.002158337,-50.501878234
715,-0.00181667,-41.849460004
716,-0.001333337,-33.461906464
717,-0.001100003,-27.193318234
718,-0.0007083370000000001,-21.807626464
719,-0.000475003,-16.245356464
720,-0.000433337,-12.007436464000001
721,-0.000233337,-7.769516468
722,-0.000158337,-6.003718234
723,-0.000175003,-5.738848234
724,-8.337000000000001e-05,-4.0613364679999995
725,0.00018333,3.884763532
726,0.0006166629999999999,12.713759995999999
727,0.0005333299999999999,15.715621766
728,0.000824997,20.306703536
729,0.001199997,28.252803536000002
730,0.001941663,44.321581765999994
731,0.00260833,60.566943536
732,0.00320833,72.486093536
733,0.003716663,84.316951766
734,0.004016663,90.67383176599999
735,0.00415833,93.763979996
736,0.004341663,98.973093536
737,0.004491663,102.151533566
738,0.004674997,105.683129966
739,0.004774997,108.331829966
740,0.004899997,110.362503566
741,0.00498333,111.951723566
742,0.00498333,111.333691766
743,0.004974997,113.629229966
744,0.004716663,108.508413566
745,0.004466663,104.535363566
746,0.00440833,100.385729966
747,0.00415833,95.706361766
748,0.003691663,84.758399996
749,0.003091663,72.83924999599999
750,0.00260833,60.037203536
751,0.001966663,47.676599996
752,0.00160833,36.993513535999995
753,0.001266663,29.223991766
754,0.00105833,24.014883536000003
755,0.000849997,19.423801766
756,0.000624997,14.391271766
757,0.0006499969999999999,11.124539996
758,0.00036666300000000004,4.061341766
759,1.666e-05,-3.531596468
760,-0.00014167,-8.210970000000001
761,-0.00034166999999999997,-11.389410004
762,-0.00035833699999999997,-15.627330004000001
763,-0.000558337,-20.130120004
764,-0.000725003,-25.692390004
765,-0.0011500030000000001,-31.872686463999997
766,-0.001533337,-39.200760004
767,-0.0018416700000000001,-47.235146464
768,-0.002158337,-55.092960004000005
769,-0.00256667,-63.303930004
770,-0.00294167,-71.161738234
771,-0.003325003,-78.048358234
772,-0.003733337,-86.171036464
773,-0.00409167,-94.205428234
774,-0.00431667,-99.41453646400001
775,-0.00481667,-107.625506434
776,-0.005083337,-113.27606823400001
777,-0.005083337,-112.834620034
778,-0.005083337,-112.658036434
779,-0.005058337,-112.56975003400001
780,-0.00456667,-103.299300034
781,-0.004333337,-97.295576464
782,-0.004083337,-91.203566464
783,-0.00374167,-84.49353000400001
784,-0.003425003,-78.136650004
785,-0.00321667,-72.83925000400001
786,-0.002858337,-66.30578646400001
787,-0.0024666700000000002,-57.565076464
788,-0.002075003,-49.177528234
789,-0.00181667,-43.262096464
790,-0.001450003,-34.874548234
791,-0.00114167,-27.634766464
792,-0.0007083370000000001,-20.924730004
793,-0.000508337,-16.333648233999998
794,-0.000408337,-11.742566464000001
795,-0.000258337,-6.7983282339999995
796,-0.000183337,-5.0325299999999995
797,8.332999999999999e-05,0.971193532
798,0.000374997,7.15149
799,0.00045833,10.947961765999999
800,0.000799997,19.158931766000002
801,0.001024997,23.308559996
802,0.001166663,27.546479996000002
803,0.001574997,37.434961766
804,0.001966663,46.175671766
805,0.0024083299999999998,55.446121766
806,0.0029499969999999998,65.422889996
807,0.003349997,75.752819996
808,0.00345833,79.549291766
809,0.00383333,87.318813536
810,0.004124997,93.763979996
811,0.004149997,95.088329996
812,0.00433333,98.70822353599999
813,0.004549997,102.151533566
814,0.004541663,103.29929996599999
815,0.00463333,105.594843566
816,0.004766663,108.684991766
817,0.00488333,110.274211766
818,0.00500833,111.775139966
819,0.00473333,108.86156996599999
820,0.004374997,100.47402176599999
821,0.003949997,89.790929996
822,0.003391663,78.931259996
823,0.0029499969999999998,69.042783536
824,0.002466663,58.447983535999995
825,0.001949997,46.705411766
826,0.001491663,34.521391766
827,0.001274997,27.369901766
828,0.000966663,20.659859996
829,0.00063333,16.068783536
830,0.00068333,11.389409996
831,0.00042499700000000004,6.180301766
832,0.00019166299999999998,0.618031766
833,1.666e-05,-3.9730499999999997
834,-0.000183337,-6.445166468
835,-0.000133337,-8.652418234
836,-0.00029166999999999995,-10.418216464
837,-0.000308337,-12.448890004
838,-0.000433337,-15.185876464000001
839,-0.000383337,-16.863388234
840,-0.00056667,-21.013016464
841,-0.000725003,-23.573430004
842,-0.00099167,-29.753726464
843,-0.001258337,-35.492580004000004
844,-0.001583337,-41.231428234
845,-0.0017666700000000001,-45.645926464000006
846,-0.002125003,-51.737936464
847,-0.00239167,-59.684036464
848,-0.002733337,-66.040916464
849,-0.003125003,-73.722146464
850,-0.003275003,-78.22493646400001
851,-0.003575003,-82.727726464
852,-0.003925003,-90.055800004
853,-0.00414167,-95.353200004
854,-0.004575003,-100.562308234
855,-0.004600003,-103.387586434
856,-0.00464167,-104.71193643400001
857,-0.0048250030000000005,-107.802090034
858,-0.0048250030000000005,-108.684986434
859,-0.004933337,-109.921050034
860,-0.0049083370000000005,-111.775140034
861,-0.004925003,-111.42197823400001
862,-0.00509167,-112.746328234
863,-0.00511667,-112.834620034
864,-0.004750003,-108.066960034
865,-0.004333337,-97.295576464
866,-0.004025003,-90.673826464
867,-0.0035000030000000002,-80.255610004
868,-0.00299167,-70.190550004
869,-0.002675003,-60.743516464
870,-0.00224167,-51.649650004
871,-0.00181667,-42.644070004
872,-0.00121667,-29.930310004
873,-0.0006666700000000001,-19.247218233999998
874,-0.000475003,-13.773240004
875,-0.00024167,-8.210970000000001
876,-0.000150003,-5.82714
877,-0.000108337,-2.030668234
878,0.00032499700000000005,6.09201
879,0.0006083299999999999,15.009303536
880,0.000766663,19.158931766000002
881,0.001116663,24.014883536000003
882,0.001324997,30.460049996000002
883,0.00175833,41.054849995999994
884,0.00208333,48.912663536
885,0.00250833,57.476789996
886,0.002999997,68.954491766
887,0.003624997,82.021413536
888,0.004149997,92.792791766
889,0.00455833,102.769559966
890,0.004399997,102.151533566
891,0.004649997,105.594843566
892,0.004666663,106.830901766
893,0.00478333,108.773283566
894,0.004891663,110.185919966
895,0.004991663,112.304879966
896,0.004949997,111.510269966
897,0.00498333,113.629229966
898,0.004974997,113.187781766
899,0.005016663,115.130163566
900,0.00475833,110.274211766
901,0.0043499969999999995,99.502833536
902,0.003824997,87.760261766
903,0.00323333,75.223079996
904,0.002624997,60.920099996
905,0.00198333,48.912663536
906,0.001616663,38.229571766
907,0.001366663,30.195179996
908,0.001041663,24.544623536
909,0.000916663,19.335509996000003
910,0.0006166629999999999,15.009303536
911,0.0005749969999999999,9.888481766
912,0.000199997,1.05948
913,-0.000108337,-5.738848234
914,-0.000150003,-9.182158234000001
915,-0.00036667,-13.949818234
916,-0.00041666999999999995,-18.011160004
917,-0.000850003,-26.575286463999998
918,-0.00131667,-37.258378234000006
919,-0.00181667,-46.617120004
920,-0.002158337,-55.092960004000005
921,-0.002600003,-64.098540004
922,-0.0030000030000000002,-71.956348234
923,-0.00324167,-77.871780004
924,-0.003575003,-83.434050004
925,-0.003833337,-88.819736464
926,-0.00399167,-91.115280004
927,-0.004308337,-96.854128234
928,-0.004325003,-99.41453646400001
929,-0.00441667,-102.151528234
930,-0.004600003,-105.153390034
931,-0.004833337,-108.949856434
932,-0.00491667,-110.185920034
933,-0.005050003,-111.863426434
934,-0.004983337,-111.42197823400001
935,-0.004958337,-111.42197823400001
936,-0.00456667,-103.564170034
937,-0.004233337,-94.558590004
938,-0.00374167,-85.729588234
939,-0.003433337,-78.489806464
940,-0.00299167,-70.27883646400001
941,-0.00314167,-71.161738234
942,-0.0029250030000000002,-69.484226464
943,-0.002658337,-61.714710004000004
944,-0.002408337,-55.004668234
945,-0.00209167,-49.265820004000005
946,-0.001833337,-43.791836464
947,-0.001500003,-36.022320004
948,-0.001208337,-29.665440004
949,-0.000633337,-18.805770004
950,-0.00056667,-13.684948234
951,-0.00022500300000000001,-7.9461
952,-0.00014167,-5.6505564679999996
953,-5.837e-05,-1.412636468
954,0.00033333,6.6217500000000005
955,0.000599997,15.185881766
956,0.001016663,22.955403536000002
957,0.001399997,33.373619995999995
958,0.001841663,43.438679996
959,0.002266663,52.179389996
960,0.002741663,63.303929996
961,0.00328333,73.987021766
962,0.00363333,81.138511766
963,0.003916663,89.17290353599999
964,0.00425833,97.383873536
965,0.00435833,100.297443566
966,0.004699997,107.360641766
967,0.00485833,110.185919966
968,0.00490833,111.775139966
969,0.004991663,113.01120356599999
970,0.004949997,113.099489966
971,0.005049997,115.306741766
972,0.004824997,112.304879966
973,0.00440833,101.798371766
974,0.00405833,92.17475999599999
975,0.0034833299999999998,80.697063536
976,0.003049997,70.543711766
977,0.00260833,59.419171766
978,0.001974997,47.764891766
979,0.001599997,38.052993535999995
980,0.001299997,28.959121766000003
981,0.001116663,25.162649996000003
982,0.000949997,21.189599996000002
983,0.00075833,18.187743536000003
984,0.0005249969999999999,13.155213536
985,0.000499997,7.769521766
986,0.00015832999999999998,-0.971188234
987,-0.00014167,-6.710036468
988,-0.00014167,-9.711898234000001
989,-0.0005000030000000001,-15.274168234000001
990,-0.000533337,-19.600380003999998
991,-0.00096667,-28.870830004
992,-0.001575003,-39.730500004
993,-0.0018416700000000001,-46.970276464
994,-0.002158337,-54.563220004
995,-0.002308337,-56.770466464
996,-0.0025083370000000002,-62.862476464000004
997,-0.002933337,-71.250030004
998,-0.00324167,-79.284416464
999,-0.00359167,-83.522336464
1000,-0.003800003,-87.230516464
1001,-0.003983337,-91.468436464
1002,-0.004233337,-95.70635646400001
1003,-0.004350003,-99.41453646400001
1004,-0.004583337,-103.74074823400001
1005,-0.004725003,-106.212870034
1006,-0.004850003,-109.126440034
1007,-0.004933337,-112.040010034
1008,-0.005075003,-113.452646434
1009,-0.005083337,-112.834620034
1010,-0.005075003,-112.834620034
1011,-0.005058337,-112.746328234
1012,-0.005083337,-112.746328234
1013,-0.005075003,-112.834620034
1014,-0.005075003,-112.658036434
1015,-0.00506667,-112.746328234
1016,-0.005058337,-112.834620034
1017,-0.005083337,-112.746328234
1018,-0.005083337,-112.658036434
1019,-0.005083337,-112.746328234
1020,-0.00506667,-112.658036434
1021,-0.005058337,-112.658036434
1022,-0.005075003,-112.658036434
1023,-0.00509167,-112.658036434
1024,-0.005075003,-112.658036434
1025,-0.005050003,-112.658036434
1026,-0.005058337,-112.658036434
1027,-0.005075003,-112.56975003400001
1028,-0.005083337,-112.56975003400001
1029,-0.00506667,-112.658036434
1030,-0.00504167,-112.56975003400001
1031,-0.00506667,-112.56975003400001
1032,-0.005075003,-112.56975003400001
1033,-0.00509167,-112.658036434
1034,-0.005083337,-112.481458234
1035,-0.005075003,-112.481458234
1036,-0.005075003,-112.56975003400001
1037,-0.005058337,-112.658036434
1038,-0.005058337,-112.481458234
1039,-0.005075003,-112.481458234
1040,-0.00506667,-112.56975003400001
1041,-0.005058337,-112.658036434
1042,-0.005075003,-112.39316643400001
1043,-0.005075003,-112.658036434
1044,-0.004750003,-107.625506434
1045,-0.004233337,-95.618070004
1046,-0.003733337,-84.670108234
1047,-0.003408337,-77.695196464
1048,-0.0029250030000000002,-68.689616464
1049,-0.002608337,-60.213776464000006
1050,-0.00216667,-50.148716464
1051,-0.001800003,-41.584590004
1052,-0.0013083370000000001,-32.843880004
1053,-0.0010583370000000001,-26.928448233999998
1054,-0.000558337,-16.951680004
1055,-0.000533337,-12.448890004
1056,-0.000233337,-7.063198234
1057,-0.000175003,-5.2974
1058,0.0,0.441453532
1059,0.00035833,8.829001766
1060,0.000566663,16.245361766000002
1061,0.001116663,24.368039996
1062,0.001524997,37.346669995999996
1063,0.00195833,45.381061765999995
1064,0.00245833,56.417309996
1065,0.0030249969999999998,69.042783536
1066,0.003374997,76.194273536
1067,0.003874997,88.643163536
1068,0.004466663,101.268631766
1069,0.00498333,113.01120356599999
1070,0.00533333,121.66362176599999
1071,0.00570833,127.667339966
1072,0.006116663,134.024219966
1073,0.006666663,139.851359966
1074,0.007174997,144.442441766
1075,0.00730833,143.471253566
1076,0.007524997,144.795603566
1077,0.007591663,143.471253566
1078,0.007349997,138.615301766
1079,0.0070749969999999995,133.847641766
1080,0.006674997,123.959159966
1081,0.00628333,113.98239176599999
1082,0.00558333,100.297443566
1083,0.00515833,88.55487176599999
1084,0.004499997,74.605053536
1085,0.003949997,62.862481765999995
1086,0.00353333,51.384779996
1087,0.003049997,40.701693536
1088,0.002691663,30.636633536
1089,0.002399997,24.632909996000002
1090,0.002299997,21.101313536000003
1091,0.002124997,18.364321766
1092,0.001924997,13.861531765999999
1093,0.001949997,10.153351766
1094,0.00173333,4.414503532
1095,0.001516663,-1.147766468
1096,0.001349997,-5.0325299999999995
1097,0.00110833,-7.328068234
1098,0.0009416629999999999,-10.771378234
1099,0.000824997,-15.539038234000001
1100,0.0006166629999999999,-21.542756464
1101,0.00011666299999999999,-31.078076464
1102,-0.00046667,-41.937746464
1103,-0.00106667,-54.828090004
1104,-0.00164167,-66.747240004
1105,-0.002058337,-74.95821000400001
1106,-0.002500003,-83.169180004
1107,-0.00281667,-91.203566464
1108,-0.003325003,-98.796510004
1109,-0.003625003,-105.59483823400001
1110,-0.00406667,-113.629230034
1111,-0.00441667,-119.544656434
1112,-0.004758337,-125.106926434
1113,-0.005150003,-130.139456434
1114,-0.005408337,-133.93592823400002
1115,-0.005475003,-134.818830034
1116,-0.005658337,-137.467530034
1117,-0.00576667,-138.527010034
1118,-0.005758337,-139.321620034
1119,-0.005925003,-140.734256434
1120,-0.006000003,-141.970320034
1121,-0.006183337,-144.442436434
1122,-0.006258337,-145.148760034
1123,-0.0065166700000000004,-147.532590034
1124,-0.00681667,-150.26957643400002
1125,-0.007025003,-151.152478234
1126,-0.007233337,-153.712886434
1127,-0.007383337,-154.330918234
1128,-0.00741667,-155.390398234
1129,-0.007525003,-154.24262643400002
1130,-0.00756667,-153.801178234
1131,-0.007433337,-150.799316434
1132,-0.007008337,-142.853216434
1133,-0.006775003,-137.732400034
1134,-0.006308337,-128.108788234
1135,-0.005908337,-117.425696434
1136,-0.005433337,-107.007480034
1137,-0.00491667,-98.619926464
1138,-0.004558337,-89.349476464
1139,-0.004100003,-80.255610004
1140,-0.00394167,-75.664528234
1141,-0.003183337,-60.478646464
1142,-0.002708337,-50.325300004
1143,-0.002375003,-41.672876464000005
1144,-0.001650003,-28.959116463999997
1145,-0.00114167,-19.070640003999998
1146,-0.001025003,-13.684948234
1147,-0.00081667,-7.68123
1148,-0.0006666700000000001,-5.6505564679999996
1149,-0.00049167,-1.765798234
1150,-0.000200003,6.35688
1151,0.00011666299999999999,15.185881766
1152,0.000516663,22.778819996000003
1153,0.000991663,32.755593536
1154,0.00160833,47.588313535999994
1155,0.002374997,63.127351766
1156,0.0029083299999999998,73.54557353599999
1157,0.00350833,85.994463536
1158,0.00405833,97.119003536
1159,0.004799997,108.773283566
1160,0.005399997,119.986109966
1161,0.00583333,128.020501766
1162,0.00618333,131.905259966
1163,0.006441663,135.171991766
1164,0.006549997,137.908983566
1165,0.006774997,138.791879966
1166,0.00693333,141.264001766
1167,0.007174997,144.265863566
1168,0.00725833,145.237051766
1169,0.00725833,144.089279966
1170,0.00738333,145.413629966
1171,0.00743333,144.883889966
1172,0.007591663,146.561401766
1173,0.007316663,141.352293566
1174,0.00693333,131.198941766
1175,0.006299997,117.69057176599999
1176,0.005641663,104.270493566
1177,0.00515833,91.733311766
1178,0.00455833,78.224941766
1179,0.003966663,63.833669996
1180,0.003491663,51.914519995999996
1181,0.002791663,35.316001766
1182,0.00228333,23.485143536000002
1183,0.00195833,15.539043536
1184,0.00185833,8.47584
1185,0.00135833,-0.176578234
1186,0.00105833,-5.915426468
1187,0.00095833,-9.53532
1188,0.000749997,-14.832720004
1189,0.000549997,-19.423796464
1190,0.000166663,-27.899636464
1191,-0.00033333699999999996,-38.671020004
1192,-0.001025003,-50.413586464000005
1193,-0.0016333370000000001,-63.568800004
1194,-0.00224167,-77.342040004
1195,-0.002983337,-90.58554000400001
1196,-0.003825003,-104.888520034
1197,-0.00464167,-118.22030643400001
1198,-0.005283337,-126.961016434
1199,-0.005775003,-135.613440034
1200,-0.00624167,-141.793736434
1201,-0.006583337,-146.737980034
1202,-0.00684167,-150.092998234
1203,-0.00711667,-152.388536434
1204,-0.007358337,-154.507496434
1205,-0.00741667,-154.595788234
1206,-0.00761667,-156.008430034
1207,-0.00766667,-155.302106434
1208,-0.007358337,-149.828128234
1209,-0.006800003,-138.791880034
1210,-0.00636667,-129.521430034
1211,-0.00591667,-118.485176434
1212,-0.005475003,-110.185920034
1213,-0.00491667,-98.178478234
1214,-0.00454167,-88.819736464
1215,-0.004300003,-81.668246464
1216,-0.00356667,-68.071590004
1217,-0.002800003,-53.856896464
1218,-0.002233337,-40.701688234
1219,-0.001650003,-28.341090003999998
1220,-0.001200003,-18.452608234
1221,-0.000933337,-14.126396464
1222,-0.0009083370000000001,-11.830858234
1223,-0.000808337,-7.504646468
1224,-0.000658337,-5.915426468
1225,-0.0006250030000000001,-4.591076468
1226,-0.000283337,2.6487
1227,0.00015832999999999998,11.742571766
1228,0.00033333,18.982353536
1229,0.000599997,25.868973536000002
1230,0.001374997,41.143141766
1231,0.002049997,55.975861765999994
1232,0.0029499969999999998,73.104119996
1233,0.00383333,90.232383536
1234,0.00468333,107.360641766
1235,0.005749997,124.400613566
1236,0.006391663,132.964739966
1237,0.006724997,137.555821766
1238,0.007149997,143.118091766
1239,0.00723333,143.736123566
1240,0.00733333,145.06047356599998
1241,0.007399997,145.855083566
1242,0.007599997,147.091141766
1243,0.00733333,142.05861176599998
1244,0.00700833,133.229609966
1245,0.00633333,119.80953176599999
1246,0.00573333,106.919193566
1247,0.005324997,96.942419996
1248,0.004891663,86.259333536
1249,0.00438333,73.898729996
1250,0.00395833,64.716571766
1251,0.003191663,47.146859995999996
1252,0.002466663,31.254659996
1253,0.002074997,20.748151766
1254,0.001774997,12.713759995999999
1255,0.001699997,5.82714
1256,0.001274997,-2.6487
1257,0.00098333,-7.239776468
1258,0.0008583299999999999,-10.506508234
1259,0.000641663,-15.627330004000001
1260,0.0005249969999999999,-21.277886463999998
1261,8.33e-06,-30.813206464
1262,-0.000558337,-41.937746464
1263,-0.00114167,-54.386636464000006
1264,-0.0017250030000000001,-67.27698000400001
1265,-0.002550003,-81.050220004
1266,-0.003225003,-94.29372000400001
1267,-0.00401667,-108.508408234
1268,-0.005000003,-122.546518234
1269,-0.00574167,-132.96474003400002
1270,-0.006208337,-140.999126434
1271,-0.006583337,-146.208240034
1272,-0.00691667,-149.651550034
1273,-0.00711667,-151.505640034
1274,-0.00741667,-154.066048234
1275,-0.00744167,-153.27143823400002
1276,-0.007425003,-153.006568234
1277,-0.007433337,-152.829990034
1278,-0.007475003,-152.565120034
1279,-0.00749167,-152.741698234
1280,-0.007483337,-152.653406434
1281,-0.007283337,-148.32720003400001
1282,-0.00669167,-136.408050034
1283,-0.006283337,-128.638528234
1284,-0.005833337,-117.337410034
1285,-0.005433337,-110.627368234
1286,-0.004700003,-94.205428234
1287,-0.00409167,-79.549286464
1288,-0.00334167,-65.422890004
1289,-0.00271667,-51.561358234000004
1290,-0.00214167,-38.229566464
1291,-0.00149167,-26.663578234
1292,-0.0010166700000000001,-17.216550004
1293,-0.0009166700000000001,-12.890338234000001
1294,-0.000650003,-6.88662
1295,-0.00064167,-5.2974
1296,-0.00036667,0.088291766
1297,2.503e-05,8.652423531999998
1298,0.00010833,15.539043536
1299,0.0005333299999999999,24.014883536000003
1300,0.001241663,36.463773536
1301,0.001891663,50.855039995999995
1302,0.002716663,68.071589996
1303,0.003624997,83.698919996
1304,0.004099997,93.940563536
1305,0.004649997,105.15338996599999
1306,0.00533333,117.337409966
1307,0.006074997,128.550241766
1308,0.00678333,137.908983566
1309,0.007491663,147.709173566
1310,0.007716663,148.856939966
1311,0.007424997,142.853221766
1312,0.007449997,143.206383566
1313,0.00743333,143.118091766
1314,0.00740833,141.705449966
1315,0.00730833,136.761211766
1316,0.006999997,130.40433176599998
1317,0.006649997,124.400613566
1318,0.006416663,118.485181766
1319,0.005966663,108.420121766
1320,0.005524997,98.178483536
1321,0.004899997,85.464723536
1322,0.004441663,74.869923536
1323,0.003974997,63.568799995999996
1324,0.003566663,51.737941766
1325,0.003066663,40.789979996
1326,0.002624997,30.371763536
1327,0.002316663,24.103169996000002
1328,0.00205833,18.629191766
1329,0.001924997,11.301123535999999
1330,0.00160833,3.001861766
1331,0.0013416629999999999,-4.326206468
1332,0.00103333,-8.652418234
1333,0.000824997,-12.537176464
1334,0.0008166629999999999,-16.598518234
1335,0.00039166300000000005,-24.191456463999998
1336,-6.667e-05,-34.344808234000006
1337,-0.000775003,-45.999088234000006
1338,-0.001375003,-58.624556464
1339,-0.001983337,-71.779770004
1340,-0.002708337,-85.641296464
1341,-0.003558337,-98.973088234
1342,-0.00414167,-108.861570034
1343,-0.004733337,-119.809526434
1344,-0.005633337,-132.170130034
1345,-0.006100003,-138.350426434
1346,-0.006333337,-142.676638234
1347,-0.006675003,-146.737980034
1348,-0.006925003,-149.828128234
1349,-0.007175003,-152.035380034
1350,-0.007400003,-152.829990034
1351,-0.007433337,-152.388536434
1352,-0.007433337,-152.123666434
1353,-0.007425003,-151.947088234
1354,-0.00741667,-151.858796434
1355,-0.007425003,-151.858796434
1356,-0.007433337,-151.947088234
1357,-0.007433337,-152.211958234
1358,-0.007425003,-152.30025003400002
1359,-0.00741667,-152.565120034
1360,-0.00744167,-153.006568234
1361,-0.007525003,-153.183146434
1362,-0.007525003,-153.359730034
1363,-0.007258337,-149.386680034
1364,-0.006808337,-140.999126434
1365,-0.006525003,-134.64224643400001
1366,-0.00621667,-124.93034823400001
1367,-0.005675003,-114.158970034
1368,-0.005158337,-103.475878234
1369,-0.00481667,-95.971226464
1370,-0.004400003,-85.199848234
1371,-0.003625003,-70.63199823400001
1372,-0.002875003,-56.593888234000005
1373,-0.002400003,-43.526966464000004
1374,-0.001700003,-30.813206464
1375,-0.00124167,-20.306698234
1376,-0.000925003,-13.773240004
1377,-0.000800003,-8.74071
1378,-0.000633337,-5.915426468
1379,-0.000558337,-2.7369864680000004
1380,-6.667e-05,5.2974000000000006
1381,0.000216663,14.744433535999999
1382,0.00048333,21.895923536
1383,0.000891663,29.930309996000002
1384,0.001624997,45.381061765999995
1385,0.002391663,61.008391765999995
1386,0.003341663,78.489811766
1387,0.004191663,95.882939996
1388,0.005116663,112.746333566
1389,0.006149997,128.726819966
1390,0.00640833,130.492623566
1391,0.006474997,133.40619356599998
1392,0.00680833,137.37924356599999
1393,0.0068416629999999996,137.997269966
1394,0.007016663,139.763073566
1395,0.00715833,141.175709966
1396,0.007249997,142.676643566
1397,0.007249997,143.824409966
1398,0.007391663,145.590213566
1399,0.0074166629999999996,144.354149966
1400,0.00758333,145.678499966
1401,0.007341663,140.999131766
1402,0.00690833,130.316039966
1403,0.006316663,119.456369966
1404,0.005699997,106.212869966
1405,0.00555833,100.827183566
1406,0.004624997,81.403381766
1407,0.00395833,63.392221766
1408,0.00315833,45.910801766
1409,0.00245833,30.283471766
1410,0.002041663,20.394989996
1411,0.0017083299999999999,12.448889996
1412,0.00168333,5.385691766
1413,0.001199997,-3.0018564679999997
1414,0.000949997,-7.41636
1415,0.000791663,-10.859670004
1416,0.00063333,-15.539038234000001
1417,0.00045833,-21.807626464
1418,0.0,-31.166368234
1419,-0.0005416700000000001,-42.644070004
1420,-0.001175003,-54.828090004
1421,-0.00194167,-68.42474646400001
1422,-0.002550003,-81.491668234
1423,-0.003400003,-95.176616464
1424,-0.00416667,-109.126440034
1425,-0.00501667,-122.546518234
1426,-0.005833337,-134.730538234
1427,-0.00624167,-140.910840034
1428,-0.006808337,-148.592070034
1429,-0.007283337,-153.712886434
1430,-0.007425003,-154.507496434
1431,-0.007458337,-153.624600034
1432,-0.00749167,-153.448016434
1433,-0.00751667,-153.27143823400002
1434,-0.00749167,-153.094860034
1435,-0.007125003,-146.56139643400002
1436,-0.00676667,-141.175710034
1437,-0.00661667,-136.054888234
1438,-0.006383337,-130.580910034
1439,-0.006175003,-124.842056434
1440,-0.005733337,-116.631086434
1441,-0.005325003,-107.537220034
1442,-0.0049083370000000005,-97.825316464
1443,-0.004433337,-88.025126464
1444,-0.004075003,-78.31322823400001
1445,-0.003575003,-69.219356464
1446,-0.002858337,-55.092960004000005
1447,-0.00226667,-42.202616464
1448,-0.001650003,-29.665440004
1449,-0.001183337,-19.688666464
1450,-0.000933337,-13.684948234
1451,-0.0007500030000000001,-7.857808234
1452,-0.000658337,-5.6505564679999996
1453,-0.00049167,-1.9423764680000002
1454,-7.497000000000001e-05,6.268593532000001
1455,0.00018333,15.097589996
1456,0.000516663,22.513949996
1457,0.001024997,31.607821766
1458,0.001641663,46.793703535999995
1459,0.00243333,62.685903536
1460,0.00343333,80.608771766
1461,0.00380833,88.20170999599999
1462,0.004249997,96.677549996
1463,0.004849997,106.566031766
1464,0.00505833,111.598561766
1465,0.005241663,113.187781766
1466,0.00548333,118.926629966
1467,0.00593333,124.577191766
1468,0.00635833,130.580909966
1469,0.00673333,136.761211766
1470,0.00710833,140.910839966
1471,0.007241663,142.676643566
1472,0.007274997,144.089279966
1473,0.00740833,145.237051766
1474,0.00738333,144.354149966
1475,0.007574997,146.473109966
1476,0.007316663,143.02979996599998
1477,0.007341663,141.264001766
1478,0.006991663,134.907121766
1479,0.00658333,124.224029966
1480,0.00598333,111.951723566
1481,0.005616663,103.21101356599999
1482,0.00520833,92.88108353599999
1483,0.004591663,81.315089996
1484,0.004141663,69.749101766
1485,0.003799997,59.066009996
1486,0.003266663,48.471209996
1487,0.002841663,39.730499996
1488,0.002374997,26.398713536000002
1489,0.001949997,17.922873536
1490,0.001866663,11.124539996
1491,0.0014583299999999999,2.560413532
1492,0.001124997,-4.855946468
1493,0.00093333,-8.828996468000001
1494,0.000766663,-12.890338234000001
1495,0.0006499969999999999,-16.863388234
1496,0.00029999700000000003,-24.456326464
1497,3.333e-05,-30.636628234
1498,-0.00036667,-38.229566464
1499,-0.0008333370000000001,-45.734218234000004
1500,-0.001400003,-58.006530004000005
1501,-0.002025003,-71.514900004
1502,-0.002733337,-84.670108234
1503,-0.003408337,-93.763980004
1504,-0.00391667,-103.74074823400001
1505,-0.004483337,-113.364360034
1506,-0.005083337,-122.634810034
1507,-0.00559167,-131.375520034
1508,-0.006075003,-137.820686434
1509,-0.00636667,-142.323476434
1510,-0.006683337,-146.56139643400002
1511,-0.006750003,-147.356006434
1512,-0.007000003,-151.240770034
1513,-0.00716667,-150.799316434
1514,-0.007258337,-153.27143823400002
1515,-0.007500003,-155.831846434
1516,-0.007525003,-154.860658234
1517,-0.00754167,-154.419210034
1518,-0.007500003,-154.419210034
1519,-0.007575003,-154.24262643400002
1520,-0.007608337,-154.330918234
1521,-0.007600003,-154.066048234
1522,-0.007608337,-153.889470034
1523,-0.007608337,-153.977756434
1524,-0.007583337,-153.624600034
1525,-0.00761667,-153.712886434
1526,-0.00761667,-153.536308234
1527,-0.007608337,-153.448016434
1528,-0.00761667,-153.27143823400002
1529,-0.007608337,-153.094860034
1530,-0.007600003,-152.918276434
1531,-0.00761667,-152.565120034
1532,-0.007583337,-152.123666434
1533,-0.007500003,-151.947088234
1534,-0.00749167,-151.858796434
1535,-0.007533337,-151.858796434
1536,-0.00749167,-151.947088234
1537,-0.00751667,-151.682218234
1538,-0.00751667,-151.858796434
1539,-0.007500003,-151.947088234
1540,-0.007508337,-151.770510034
1541,-0.00751667,-151.770510034
1542,-0.007508337,-151.593926434
1543,-0.007483337,-151.770510034
1544,-0.006983337,-140.734256434
1545,-0.006233337,-124.135738234
1546,-0.005508337,-108.508408234
1547,-0.00481667,-93.410818234
1548,-0.00419167,-78.93126000400001
1549,-0.003575003,-64.539988234
1550,-0.002808337,-50.943326464
1551,-0.002258337,-37.699826464000004
1552,-0.001650003,-25.780676464
1553,-0.001233337,-16.863388234
1554,-0.001050003,-12.360598234000001
1555,-0.00086667,-6.88662
1556,-0.000725003,-5.120816468
1557,-0.00056667,0.52974
1558,-8.337000000000001e-05,9.093871766
1559,5.8330000000000006e-05,16.068783536
1560,0.00048333,24.368039996
1561,0.00115833,37.346669995999996
1562,0.001741663,51.737941766
1563,0.002699997,68.777913536
1564,0.003649997,85.817879996
1565,0.004491663,102.063241766
1566,0.005416663,119.279791766
1567,0.00658333,135.525153566
1568,0.00768333,150.446159966
1569,0.00890833,158.568843566
1570,0.009524997,158.833713566
1571,0.009724997,158.65712996599999
1572,0.009883330000000001,159.010291766
1573,0.00993333,158.392259966
1574,0.010016663,157.950811766
1575,0.01003333,157.332779966
1576,0.009741663000000001,153.006573566
1577,0.00968333,150.622743566
1578,0.00943333,144.883889966
1579,0.009108330000000001,138.173853566
1580,0.008774997000000001,130.051169966
1581,0.008391663,120.78071996599999
1582,0.00793333,108.684991766
1583,0.00745833,98.266769996
1584,0.006849997,87.671969996
1585,0.006491663,79.549291766
1586,0.006324997,74.605053536
1587,0.00600833,67.630141766
1588,0.00565833,59.948911765999995
1589,0.005249997,50.325299996
1590,0.004891663,40.878271766
1591,0.004566663,32.137561766
1592,0.004274997,25.780681766
1593,0.00395833,20.483281766
1594,0.003816663,16.775101766000002
1595,0.003774997,13.508369995999999
1596,0.003816663,11.477701766
1597,0.003724997,9.711903532
1598,0.003641663,6.886620000000001
1599,0.00358333,5.209113532
1600,0.003374997,2.8252835320000003
1601,0.00328333,-0.882896468
1602,0.00313333,-3.17844
1603,0.003124997,-4.679368234
1604,0.002974997,-5.473978234
1605,0.002966663,-5.2091082339999994
1606,0.00295833,-6.9749064679999995
1607,0.00288333,-7.857808234
1608,0.002891663,-8.652418234
1609,0.002724997,-9.80019
1610,0.002641663,-11.654280004
1611,0.00245833,-15.539038234000001
1612,0.002599997,-16.863388234
1613,0.00243333,-19.600380003999998
1614,0.00245833,-22.249080004
1615,0.002174997,-26.133838234
1616,0.00178333,-32.490718234
1617,0.001541663,-38.582728234
1618,0.001224997,-43.615258234
1619,0.000991663,-47.676600004
1620,0.000766663,-51.914520004
1621,0.00035833,-59.154296464000005
1622,-0.000100003,-67.630136464
1623,-0.000650003,-75.664528234
1624,-0.001075003,-84.228660004
1625,-0.001550003,-92.08646823400001
1626,-0.001975003,-98.001900004
1627,-0.002450003,-106.919188234
1628,-0.003108337,-114.776996434
1629,-0.00349167,-120.33926643400001
1630,-0.004008337,-127.402470034
1631,-0.004583337,-134.289090034
1632,-0.005158337,-141.263996434
1633,-0.00584167,-147.974038234
1634,-0.006550003,-154.684080034
1635,-0.007050003,-158.922000034
1636,-0.007258337,-159.186870034
1637,-0.007533337,-161.305830034
1638,-0.00786667,-164.572556434
1639,-0.008200002999999999,-165.543750034
1640,-0.008333337,-165.632036434
1641,-0.008658336999999999,-168.369028234
1642,-0.00871667,-167.750996434
1643,-0.008833336999999998,-167.574418234
1644,-0.00901667,-169.075346434
1645,-0.009233337,-169.86995643400002
1646,-0.009283337,-170.841150034
1647,-0.009408337,-170.929436434
1648,-0.009616669999999999,-171.988916434
1649,-0.009791669999999999,-172.518656434
1650,-0.009958337,-173.048396434
1651,-0.009950002999999999,-172.077208234
1652,-0.010008336999999999,-171.282598234
1653,-0.010091669999999999,-171.370890034
1654,-0.010150003,-171.017728234
1655,-0.009600003,-161.570700034
1656,-0.009258336999999998,-152.741698234
1657,-0.008891669999999999,-144.530728234
1658,-0.008450003,-137.026076434
1659,-0.00806667,-127.755626434
1660,-0.007758337,-119.897818234
1661,-0.007608337,-117.513988234
1662,-0.007408337,-111.510270034
1663,-0.0070916700000000004,-106.212870034
1664,-0.00659167,-97.030706464
1665,-0.00634167,-88.908028234
1666,-0.005725003,-77.783488234
1667,-0.00526667,-67.100396464
1668,-0.00481667,-57.918238234
1669,-0.004433337,-49.000950004
1670,-0.003958337,-40.260240004
1671,-0.003525003,-31.784400004
1672,-0.002983337,-21.013016464
1673,-0.002600003,-13.773240004
1674,-0.002500003,-9.27045
1675,-0.002375003,-5.6505564679999996
1676,-0.002250003,-3.355018234
1677,-0.001933337,3.2667317660000004
1678,-0.0018083370000000001,7.328073532
1679,-0.001708337,10.506513536
1680,-0.00149167,14.921011766
1681,-0.0015166700000000001,15.980491766
1682,-0.001258337,20.041833536000002
1683,-0.0011500030000000001,22.955403536000002
1684,-0.00104167,26.133843536
1685,-0.000558337,35.139423535999995
1686,-0.00014167,41.849459996
1687,0.00026666300000000005,49.618981766
1688,0.00058333,56.240731765999996
1689,0.001024997,64.275123536
1690,0.001366663,70.72028999599999
1691,0.00153333,73.54557353599999
1692,0.001974997,81.579959996
1693,0.00245833,88.731449996
1694,0.002916663,95.882939996
1695,0.003141663,97.648743536
1696,0.003716663,106.566031766
1697,0.00365833,105.947999966
1698,0.00428333,114.600423566
1699,0.00485833,121.575329966
1700,0.005416663,128.903403566
1701,0.006124997,137.11437356599998
1702,0.006891663,144.530733566
1703,0.00758333,150.269581766
1704,0.00818333,154.507501766
1705,0.008441663,153.801183566
1706,0.00860833,156.008429966
1707,0.00888333,157.421071766
1708,0.009016663000000001,157.774233566
1709,0.009041663,156.979623566
1710,0.009216663000000002,159.098583566
1711,0.00933333,159.893193566
1712,0.009533330000000001,160.68780356599999
1713,0.00963333,161.835569966
1714,0.009674997000000001,160.68780356599999
1715,0.009841663,162.630179966
1716,0.009866663000000001,161.39412176599998
1717,0.009916663000000001,161.040959966
1718,0.009941663000000002,160.68780356599999
1719,0.009924997000000001,160.422933566
1720,0.009949997,160.246349966
1721,0.009949997,159.893193566
1722,0.009949997,159.893193566
1723,0.009949997,159.716609966
1724,0.00993333,159.628323566
1725,0.009958330000000001,159.451739966
1726,0.009958330000000001,159.540031766
1727,0.009949997,159.363453566
1728,0.009949997,159.275161766
1729,0.009941663000000002,159.098583566
1730,0.009958330000000001,159.275161766
1731,0.010041663000000001,159.010291766
1732,0.010041663000000001,159.010291766
1733,0.010016663,159.010291766
1734,0.009649997,150.887613566
1735,0.00900833,137.997269966
1736,0.00845833,125.901541766
1737,0.007958330000000001,114.070683566
1738,0.00748333,101.092053566
1739,0.00690833,89.879221766
1740,0.006416663,78.66638999599999
1741,0.005941663,68.248173536
1742,0.005466663,58.624561766
1743,0.00515833,49.530689996
1744,0.004741663,39.465629996
1745,0.004316663,30.371763536
1746,0.004124997,24.456331766
1747,0.003766663,19.423801766
1748,0.00370833,15.274173536
1749,0.003649997,11.565993535999999
1750,0.003466663,6.533463532
1751,0.003216663,0.26487
1752,0.002974997,-4.679368234
1753,0.00278333,-7.504646468
1754,0.00260833,-9.358736468
1755,0.002499997,-14.744428234
1756,0.0023666629999999998,-19.158926464
1757,0.001949997,-27.899636464
1758,0.001366663,-38.317858234
1759,0.000766663,-49.972138234
1760,6.663e-05,-62.597606464
1761,-0.00071667,-75.664528234
1762,-0.00156667,-88.731450004
1763,-0.00239167,-101.710080034
1764,-0.003308337,-114.776996434
1765,-0.004325003,-127.490756434
1766,-0.005375003,-139.674776434
1767,-0.00609167,-147.444298234
1768,-0.00676667,-153.977756434
1769,-0.00754167,-161.040960034
1770,-0.008341669999999999,-166.868100034
1771,-0.008633337,-167.662710034
1772,-0.009000003,-170.752858234
1773,-0.009258336999999998,-171.90063003400002
1774,-0.009500003,-172.871818234
1775,-0.009616669999999999,-171.63576003400001
1776,-0.009658337,-172.695240034
1777,-0.009725003,-172.165500034
1778,-0.009858337,-173.489850034
1779,-0.009875002999999999,-173.136688234
1780,-0.00994167,-172.60694823400001
1781,-0.010025003,-173.843006434
1782,-0.010083337,-173.489850034
1783,-0.009808336999999999,-168.987060034
1784,-0.00944167,-159.804896434
1785,-0.009100002999999999,-153.094860034
1786,-0.008850002999999999,-147.444298234
1787,-0.008441669999999998,-139.763068234
1788,-0.008008336999999999,-129.874586434
1789,-0.00761667,-122.19335643400001
1790,-0.007383337,-115.218450034
1791,-0.006858337,-106.56602643400001
1792,-0.006425003,-95.882940004
1793,-0.006008337,-86.347620004
1794,-0.005533337,-76.81230000400001
1795,-0.00506667,-67.27698000400001
1796,-0.004658337,-57.918238234
1797,-0.00434167,-51.296488234
1798,-0.004083337,-44.586446464000005
1799,-0.003725003,-38.671020004
1800,-0.00341667,-33.903360004
1801,-0.00314167,-29.135700004
1802,-0.002883337,-25.074358233999998
1803,-0.002758337,-21.189600004
1804,-0.0025833370000000002,-18.452608234
1805,-0.002500003,-14.214688234
1806,-0.0025083370000000002,-12.360598234000001
1807,-0.00241667,-8.387548234
1808,-0.00216667,-6.003718234
1809,-0.002158337,-5.473978234
1810,-0.00199167,-0.26487
1811,-0.001583337,7.9461
1812,-0.001375003,15.539043536
1813,-0.000900003,23.661721766
1814,-0.000350003,34.609683536
1815,0.000349997,48.736079996
1816,0.001299997,64.804863536
1817,0.00215833,81.138511766
1818,0.00320833,97.119003536
1819,0.004291663,112.481463566
1820,0.00540833,127.314183566
1821,0.006716663,141.08742356599998
1822,0.008141663,154.507501766
1823,0.009091663000000002,160.599511766
1824,0.009291663,160.68780356599999
1825,0.009399997,159.628323566
1826,0.009516663000000002,161.570699966
1827,0.009599997,162.630179966
1828,0.009716663,162.806763566
1829,0.009833330000000001,162.541893566
1830,0.009924997000000001,163.513081766
1831,0.009958330000000001,162.983341766
1832,0.009958330000000001,162.541893566
1833,0.009974997000000001,162.453601766
1834,0.010016663,162.188731766
1835,0.010049997000000001,161.923861766
1836,0.009891663,159.363453566
1837,0.00950833,151.152483566
1838,0.009016663000000001,140.469391766
1839,0.008599997000000002,129.43314356599998
1840,0.008016663,117.337409966
1841,0.007566663,105.947999966
1842,0.007099997,95.441491766
1843,0.006549997,83.522341766
1844,0.005941663,70.632003536
1845,0.005466663,59.154301765999996
1846,0.005049997,47.853183535999996
1847,0.004549997,36.198903535999996
1848,0.004174997,27.193323536
1849,0.003766663,18.540899996
1850,0.003599997,11.477701766
1851,0.003216663,3.001861766
1852,0.002966663,-4.23792
1853,0.002624997,-8.564126468000001
1854,0.002441663,-12.272306464000001
1855,0.002391663,-16.421940004
1856,0.00213333,-24.103170004
1857,0.001524997,-33.991646464000006
1858,0.000874997,-45.381056464000004
1859,0.00015832999999999998,-57.829946464
1860,-0.0005500030000000001,-70.720290004
1861,-0.001300003,-83.522336464
1862,-0.00214167,-96.765836464
1863,-0.00301667,-109.56788823400001
1864,-0.004058337,-122.458226434
1865,-0.004925003,-134.64224643400001
1866,-0.005475003,-139.763068234
1867,-0.00619167,-148.150616434
1868,-0.006958337,-155.302106434
1869,-0.007675003,-161.482408234
1870,-0.008108336999999998,-164.131108234
1871,-0.008391669999999999,-167.044678234
1872,-0.008600002999999998,-167.574418234
1873,-0.008691669999999999,-168.369028234
1874,-0.008933337,-168.987060034
1875,-0.009025002999999998,-169.693378234
1876,-0.009275002999999999,-171.90063003400002
1877,-0.009416669999999999,-173.048396434
1878,-0.00956667,-173.666428234
1879,-0.009858337,-175.697096434
1880,-0.009833337,-174.814200034
1881,-0.009883336999999999,-174.284460034
1882,-0.009933336999999999,-174.019590034
1883,-0.009950002999999999,-173.754720034
1884,-0.00994167,-173.754720034
1885,-0.009966669999999999,-173.754720034
1886,-0.010016669999999998,-173.843006434
1887,-0.010008336999999999,-174.019590034
1888,-0.009675003,-167.662710034
1889,-0.009458336999999999,-161.482408234
1890,-0.008933337,-150.622738234
1891,-0.00854167,-141.61715823400002
1892,-0.00789167,-128.903398234
1893,-0.007150003,-113.27606823400001
1894,-0.006525003,-98.001900004
1895,-0.00579167,-83.345758234
1896,-0.005058337,-68.954486464
1897,-0.004475003,-55.269538234
1898,-0.00381667,-42.026038234000005
1899,-0.003125003,-29.753726464
1900,-0.002600003,-19.776958234
1901,-0.0024250030000000002,-13.861526464
1902,-0.002183337,-8.034386468000001
1903,-0.002183337,-5.738848234
1904,-0.00204167,-2.1189600000000004
1905,-0.001550003,5.82714
1906,-0.00116667,14.744433535999999
1907,-0.0009083370000000001,21.895923536
1908,-0.0005833370000000001,30.195179996
1909,0.000274997,45.645931766
1910,0.00115833,60.920099996
1911,0.002074997,77.783493536
1912,0.003124997,93.499109996
1913,0.004091663,108.684991766
1914,0.005224997,123.341133566
1915,0.006416663,137.732399966
1916,0.00718333,144.795603566
1917,0.00765833,148.327199966
1918,0.008066663000000002,152.653411766
1919,0.00828333,153.889469966
1920,0.008499997,155.125533566
1921,0.008524997000000001,154.242631766
1922,0.00883333,157.68594176599998
1923,0.008924997,158.392259966
1924,0.009058330000000002,159.010291766
1925,0.009291663,161.65899176599999
1926,0.009533330000000001,162.983341766
1927,0.009641663,163.424789966
1928,0.009841663,163.866243566
1929,0.009849997000000001,163.336503566
1930,0.009849997000000001,163.071633566
1931,0.009941663000000002,164.484269966
1932,0.009974997000000001,164.131113566
1933,0.010016663,163.954529966
1934,0.009999997,162.012153566
1935,0.009691663000000001,155.655273566
1936,0.009091663000000002,144.795603566
1937,0.008691663,132.876453566
1938,0.008299997000000002,123.870873566
1939,0.007824997,113.099489966
1940,0.007266663,101.533501766
1941,0.006816663,91.115279996
1942,0.00650833,83.875503536
1943,0.00623333,77.16546176599999
1944,0.005899997,70.808581766
1945,0.005599997,63.833669996
1946,0.004841663,45.381061765999995
1947,0.0042333299999999996,30.195179996
1948,0.003816663,20.218411766000003
1949,0.0034083299999999998,12.448889996
1950,0.003274997,5.2974000000000006
1951,0.002891663,-2.91357
1952,0.002616663,-7.239776468
1953,0.002466663,-11.036248234
1954,0.00243333,-15.627330004000001
1955,0.002124997,-21.807626464
1956,0.0015916629999999999,-31.342946464
1957,0.000991663,-42.202616464
1958,0.000341663,-54.298350004
1959,-0.00046667,-67.27698000400001
1960,-0.00111667,-79.990740004
1961,-0.001900003,-92.969370004
1962,-0.00279167,-105.153390034
1963,-0.003308337,-112.040010034
1964,-0.003850003,-120.162688234
1965,-0.00441667,-127.314178234
1966,-0.0049083370000000005,-133.317896434
1967,-0.00556667,-140.381100034
1968,-0.006258337,-147.974038234
1969,-0.006958337,-155.302106434
1970,-0.00776667,-161.482408234
1971,-0.008350003,-166.514938234
1972,-0.008583337,-166.956386434
1973,-0.00859167,-167.662710034
1974,-0.008925002999999999,-169.693378234
1975,-0.009033336999999999,-170.399696434
1976,-0.009258336999999998,-171.017728234
1977,-0.009433337,-173.57813643400002
1978,-0.009533337,-174.284460034
1979,-0.009675003,-174.637616434
1980,-0.009708337,-174.372746434
1981,-0.009850003,-175.343940034
1982,-0.00986667,-175.079070034
1983,-0.010025003,-176.315128234
1984,-0.010033337,-175.873680034
1985,-0.010075002999999999,-175.60881003400002
1986,-0.00994167,-173.224980034
1987,-0.009708337,-168.810476434
1988,-0.009383336999999999,-160.334636434
1989,-0.008950003,-153.536308234
1990,-0.008650003,-146.208240034
1991,-0.008375002999999999,-138.880166434
1992,-0.008108336999999998,-133.053026434
1993,-0.007858337,-128.815106434
1994,-0.007858337,-127.490756434
1995,-0.00761667,-121.22216823400001
1996,-0.007183337,-113.805808234
1997,-0.006783337,-106.389448234
1998,-0.006350003,-95.882940004
1999,-0.006008337,-86.877360004
2000,-0.005533337,-78.842968234
2001,-0.00506667,-68.866200004
2002,-0.004425003,-54.916376464
2003,-0.003800003,-41.672876464000005
2004,-0.00306667,-29.488856463999998
2005,-0.00256667,-19.600380003999998
2006,-0.00241667,-13.773240004
2007,-0.00219167,-8.122678234
2008,-0.002158337,-5.56227
2009,-0.001983337,-2.030668234
2010,-0.001550003,5.915431766
2011,-0.001200003,14.921011766
2012,-0.0011500030000000001,17.746289996
2013,-0.00096667,21.807631766
2014,-0.00046667,31.166373536000002
2015,0.00028333000000000004,45.822509996
2016,0.0012499969999999999,61.626423536
2017,0.002116663,78.136649996
2018,0.003149997,94.293719996
2019,0.004199997,109.567893566
2020,0.005299997,123.959159966
2021,0.00658333,138.880171766
2022,0.007941663000000002,152.035379966
2023,0.008941663,159.981479966
2024,0.009233330000000001,160.069771766
2025,0.00950833,163.336503566
2026,0.009624997000000001,164.131113566
2027,0.009849997000000001,165.102301766
2028,0.00985833,163.954529966
2029,0.009833330000000001,163.513081766
2030,0.009841663,163.248211766
2031,0.009949997,165.102301766
2032,0.009958330000000001,164.572561766
2033,0.009958330000000001,163.866243566
2034,0.010041663000000001,164.131113566
2035,0.010049997000000001,163.777951766
2036,0.00963333,154.68407996599998
2037,0.009016663000000001,142.146903566
2038,0.008558330000000001,130.934071766
2039,0.008016663,119.103213566
2040,0.007574997,107.272349966
2041,0.007024997,95.971231766
2042,0.006491663,85.111561766
2043,0.005974997,75.311371766
2044,0.005566663,63.392221766
2045,0.00505833,51.208201765999995
2046,0.00470833,41.849459996
2047,0.00395833,27.369901766
2048,0.003816663,18.894061766
2049,0.003466663,11.389409996
2050,0.003166663,3.4433100000000003
2051,0.002849997,-4.326206468
2052,0.002591663,-8.652418234
2053,0.002416663,-12.007436464000001
2054,0.00235833,-16.333648233999998
2055,0.001949997,-23.926586464
2056,0.001441663,-33.726776464000004
2057,0.000766663,-45.116186464
2058,0.00011666299999999999,-57.565076464
2059,-0.00059167,-70.102258234
2060,-0.00134167,-83.080888234
2061,-0.002175003,-96.236096464
2062,-0.003025003,-109.214726434
2063,-0.004075003,-122.016778234
2064,-0.005000003,-134.553960034
2065,-0.00609167,-146.649688234
2066,-0.006675003,-153.359730034
2067,-0.007625003,-161.482408234
2068,-0.008608336999999999,-169.251930034
2069,-0.00904167,-170.311410034
2070,-0.009250003,-172.871818234
2071,-0.009425003,-173.489850034
2072,-0.009558336999999998,-174.461038234
2073,-0.009666669999999999,-175.520518234
2074,-0.009841669999999999,-176.491706434
2075,-0.009875002999999999,-175.520518234
2076,-0.009950002999999999,-177.021446434
2077,-0.009975003,-176.226836434
2078,-0.01006667,-175.873680034
2079,-0.009925003,-173.666428234
2080,-0.00956667,-166.868100034
2081,-0.009058337,-155.478690034
2082,-0.008583337,-144.883890034
2083,-0.008100003,-137.555816434
2084,-0.007841669999999999,-129.96287823400002
2085,-0.00759167,-122.016778234
2086,-0.00674167,-106.301156434
2087,-0.006108337,-91.380150004
2088,-0.005383337,-76.81230000400001
2089,-0.004708337,-62.685898234
2090,-0.004083337,-49.089236464
2091,-0.00339167,-36.198898234000005
2092,-0.002800003,-24.897780003999998
2093,-0.00241667,-15.892200004000001
2094,-0.002225003,-11.830858234
2095,-0.00206667,-6.445166468
2096,-0.0020083370000000002,-4.944238234
2097,-0.001783337,1.500933532
2098,-0.001300003,9.800189999999999
2099,-0.001158337,16.863393536
2100,-0.0007083370000000001,24.632909996000002
2101,-7.497000000000001e-05,37.964701766
2102,0.000624997,52.002811766
2103,0.0015916629999999999,68.248173536
2104,0.002616663,84.758399996
2105,0.003674997,100.562313566
2106,0.004666663,115.571611766
2107,0.00518333,121.487043566
2108,0.0058416629999999995,130.139461766
2109,0.00675833,139.939651766
2110,0.007441663,147.267719966
2111,0.007841663,149.210101766
2112,0.00810833,152.388541766
2113,0.008191663,152.829989966
2114,0.008491663,155.390403566
2115,0.008858330000000001,159.451739966
2116,0.009058330000000002,159.981479966
2117,0.00930833,162.541893566
2118,0.009533330000000001,163.424789966
2119,0.00960833,163.601373566
2120,0.009816663000000002,165.102301766
2121,0.009941663000000002,166.250073566
2122,0.009966663,165.014009966
2123,0.009941663000000002,164.660853566
2124,0.009966663,164.219399966
2125,0.01003333,164.219399966
2126,0.01003333,163.954529966
2127,0.009699997,160.158063566
2128,0.009124997000000001,146.737979966
2129,0.008674997,134.818829966
2130,0.008191663,122.723101766
2131,0.00733333,104.535363566
2132,0.00648333,85.729593536
2133,0.005624997,67.541849996
2134,0.005049997,50.413591765999996
2135,0.00430833,34.168229996
2136,0.003791663,22.602241766000002
2137,0.0034833299999999998,15.009303536
2138,0.00338333,8.387553532
2139,0.002966663,-0.52974
2140,0.002674997,-6.268588234
2141,0.002524997,-9.53532
2142,0.002299997,-15.185876464000001
2143,0.002224997,-19.423796464
2144,0.00168333,-28.252798234
2145,0.001216663,-38.671020004
2146,0.00045833,-50.766748234000005
2147,-0.00021667,-63.039060004
2148,-0.001075003,-76.10597646400001
2149,-0.00169167,-89.084606464
2150,-0.002575003,-102.239820034
2151,-0.0035833370000000002,-115.306736434
2152,-0.00441667,-127.843918234
2153,-0.005500003,-140.204516434
2154,-0.00669167,-152.211958234
2155,-0.007808336999999999,-163.689660034
2156,-0.00859167,-169.340216434
2157,-0.009191669999999999,-173.489850034
2158,-0.009525002999999999,-174.549330034
2159,-0.009591669999999998,-175.255648234
2160,-0.00969167,-174.461038234
2161,-0.009850003,-176.226836434
2162,-0.009858337,-175.343940034
2163,-0.00986667,-175.255648234
2164,-0.009858337,-174.990778234
2165,-0.009925003,-174.902486434
2166,-0.009933336999999999,-174.814200034
2167,-0.009958337,-174.725908234
2168,-0.009933336999999999,-174.814200034
2169,-0.009925003,-174.725908234
2170,-0.009958337,-174.902486434
2171,-0.009933336999999999,-175.167356434
2172,-0.00994167,-175.079070034
2173,-0.010016669999999998,-175.167356434
2174,-0.010058336999999999,-175.255648234
2175,-0.010075002999999999,-174.902486434
2176,-0.01006667,-175.079070034
2177,-0.010083337,-174.990778234
2178,-0.010075002999999999,-174.902486434
2179,-0.010091669999999999,-174.725908234
2180,-0.010108336999999998,-174.814200034
2181,-0.010100003,-174.814200034
2182,-0.010083337,-174.814200034
2183,-0.010108336999999998,-174.637616434
2184,-0.010100003,-174.549330034
2185,-0.010091669999999999,-174.549330034
2186,-0.010100003,-174.461038234
2187,-0.010108336999999998,-174.461038234
2188,-0.01011667,-174.461038234
2189,-0.010091669999999999,-174.549330034
2190,-0.010091669999999999,-174.284460034
2191,-0.01011667,-174.461038234
2192,-0.01011667,-174.372746434
2193,-0.010133337,-174.372746434
2194,-0.010141669999999998,-174.461038234
2195,-0.010175002999999998,-174.196168234
2196,-0.01016667,-174.196168234
2197,-0.010183336999999999,-174.196168234
2198,-0.010158337,-174.284460034
2199,-0.010200003,-174.196168234
2200,-0.009725003,-168.280736434
2201,-0.009583336999999999,-163.601368234
2202,-0.009200003,-154.330918234
2203,-0.008766669999999999,-146.737980034
2204,-0.008100003,-131.552098234
2205,-0.007400003,-115.748190034
2206,-0.006600003,-100.827178234
2207,-0.006008337,-85.90616646400001
2208,-0.005258337,-71.691478234
2209,-0.004658337,-57.741660004
2210,-0.004100003,-44.763030004
2211,-0.00331667,-31.872686463999997
2212,-0.002808337,-21.277886463999998
2213,-0.0024666700000000002,-13.861526464
2214,-0.00239167,-9.182158234000001
2215,-0.00216667,-5.6505564679999996
2216,-0.002025003,-3.355018234
2217,-0.001650003,4.50279
2218,-0.001275003,13.596661765999999
2219,-0.001075003,20.748151766
2220,-0.000758337,26.928453536000003
2221,4.1630000000000006e-05,42.908939996
2222,0.000891663,57.565081766
2223,0.00178333,74.163599996
2224,0.002799997,90.232383536
2225,0.003841663,105.506551766
2226,0.004999997,120.604141766
2227,0.00608333,134.553959966
2228,0.00748333,148.503783566
2229,0.00818333,153.977761766
2230,0.009124997000000001,162.100439966
2231,0.010049997000000001,169.605091766
2232,0.010699997000000001,170.487993566
2233,0.01090833,171.282603566
2234,0.011216663,173.136693566
2235,0.011541663,175.079069966
2236,0.011783330000000002,174.549329966
2237,0.012016663,175.961971766
2238,0.012299997,177.462899966
2239,0.012558330000000001,177.639483566
2240,0.012683330000000001,178.080931766
2241,0.012874997000000001,177.99263996599998
2242,0.013233330000000001,180.02331356599998
2243,0.013391663000000002,179.581859966
2244,0.013624997000000002,180.464761766
2245,0.013874997,180.641339966
2246,0.013949997,179.140411766
2247,0.014199997,180.376469966
2248,0.014316663,181.524241766
2249,0.014399997000000001,179.846729966
2250,0.014549997,180.729631766
2251,0.014858330000000001,182.230559966
2252,0.014991663,182.760299966
2253,0.015024997,181.259371766
2254,0.015108330000000001,180.464761766
2255,0.01458333,170.487993566
2256,0.014066663,159.451739966
2257,0.013566663000000001,149.03352356599999
2258,0.013024997000000002,137.11437356599998
2259,0.012549997,125.548379966
2260,0.011883330000000001,111.598561766
2261,0.01138333,97.913613536
2262,0.010699997000000001,85.464723536
2263,0.00993333,67.453563536
2264,0.009266663000000001,50.678461766
2265,0.008516663,34.786261765999996
2266,0.008091663,22.778819996000003
2267,0.007674997,15.539043536
2268,0.007624997,8.47584
2269,0.00715833,-0.176578234
2270,0.006824997,-5.738848234
2271,0.00665833,-9.358736468
2272,0.006474997,-14.656136464000001
2273,0.006391663,-18.894056464
2274,0.00588333,-27.634766464
2275,0.005241663,-37.964696464
2276,0.00465833,-49.442398234
2277,0.003949997,-62.156158234
2278,0.003149997,-74.693340004
2279,0.00228333,-87.230516464
2280,0.00140833,-99.41453646400001
2281,0.00033333,-112.304880034
2282,-0.00059167,-123.870868234
2283,-0.00171667,-136.054888234
2284,-0.002983337,-146.914558234
2285,-0.004200003,-157.862520034
2286,-0.00566667,-167.750996434
2287,-0.007225003,-176.668290034
2288,-0.008216669999999999,-180.641340034
2289,-0.009108337,-185.144130034
2290,-0.009825002999999999,-187.439668234
2291,-0.010441669999999998,-189.470336434
2292,-0.010958336999999999,-190.529816434
2293,-0.011291669999999998,-191.147848234
2294,-0.011733337,-192.560490034
2295,-0.012033337,-193.884840034
2296,-0.012208337,-193.531678234
2297,-0.012583337,-195.120898234
2298,-0.013008337,-196.180378234
2299,-0.01326667,-195.827216434
2300,-0.01346667,-195.562346434
2301,-0.013750002999999998,-197.151566434
2302,-0.014025003,-197.857890034
2303,-0.014300002999999999,-198.122760034
2304,-0.014475002999999998,-198.387630034
2305,-0.014675002999999999,-198.475916434
2306,-0.014941669999999999,-198.829078234
2307,-0.014958336999999999,-197.769598234
2308,-0.014941669999999999,-197.151566434
2309,-0.014983337,-196.710118234
2310,-0.015041669999999998,-196.356956434
2311,-0.015058337,-195.738930034
2312,-0.014800002999999999,-190.264946434
2313,-0.014533336999999999,-185.409000034
2314,-0.014183336999999999,-177.55118643400002
2315,-0.013783337,-169.86995643400002
2316,-0.013333336999999999,-160.687798234
2317,-0.012800002999999999,-149.828128234
2318,-0.012175002999999998,-134.553960034
2319,-0.011416669999999999,-119.014916434
2320,-0.010725002999999999,-104.182196434
2321,-0.010083337,-88.996320004
2322,-0.009333336999999999,-74.869918234
2323,-0.008633337,-60.743516464
2324,-0.007933336999999999,-47.853178234000005
2325,-0.007325003,-34.962840004
2326,-0.00681667,-23.661716463999998
2327,-0.006258337,-15.274168234000001
2328,-0.00626667,-11.124540004
2329,-0.006083337,-6.356879999999999
2330,-0.005933337,-4.767659999999999
2331,-0.005683337,2.030673532
2332,-0.005183337,10.418221765999998
2333,-0.004958337,17.393133536
2334,-0.004550003,25.074363536
2335,-0.003808337,38.759311765999996
2336,-0.002975003,52.091103536
2337,-0.002133337,67.71843353599999
2338,-0.001108337,83.434049996
2339,5.8330000000000006e-05,98.178483536
2340,0.0011749969999999999,112.481463566
2341,0.002374997,125.63667176599999
2342,0.00305833,130.580909966
2343,0.00368333,136.937789966
2344,0.004524997,143.206383566
2345,0.005249997,149.210101766
2346,0.006166663,153.977761766
2347,0.007691663,164.925723566
2348,0.009358330000000002,171.635759966
2349,0.01023333,175.520523566
2350,0.011016663000000001,179.316989966
2351,0.011866663000000001,181.524241766
2352,0.012558330000000001,184.172941766
2353,0.013316663000000001,185.585583566
2354,0.013533330000000001,184.437811766
2355,0.013849997000000001,185.585583566
2356,0.014016663,185.850453566
2357,0.01428333,185.585583566
2358,0.014566663,186.027031766
2359,0.014649997000000001,186.998219966
2360,0.014733330000000001,186.115323566
2361,0.014808330000000001,185.408999966
2362,0.014924997,186.380193566
2363,0.014983330000000001,185.93873996599999
2364,0.015099997,185.497291766
2365,0.014724997,179.581859966
2366,0.01415833,166.868099966
2367,0.013408330000000001,152.476833566
2368,0.012949997000000001,140.381099966
2369,0.01198333,119.014921766
2370,0.011108330000000001,99.591119996
2371,0.010224997000000001,81.668251766
2372,0.009491663000000001,63.568799995999996
2373,0.008874997,47.323443536
2374,0.008141663,31.607821766
2375,0.00765833,21.189599996000002
2376,0.007316663,13.684953536
2377,0.007166663,6.6217500000000005
2378,0.006824997,-1.85409
2379,0.006491663,-6.7983282339999995
2380,0.006324997,-10.329930004000001
2381,0.00605833,-15.539038234000001
2382,0.005999997,-20.483276464
2383,0.005391663,-29.312278233999997
2384,0.0048083299999999995,-39.907078234000004
2385,0.004174997,-51.737936464
2386,0.003499997,-64.275118234
2387,0.002599997,-76.370846464
2388,0.001791663,-88.996320004
2389,0.0008583299999999999,-101.445210034
2390,-0.000133337,-113.805808234
2391,-0.001183337,-125.724958234
2392,-0.00216667,-137.379238234
2393,-0.003458337,-148.680356434
2394,-0.004758337,-159.098578234
2395,-0.00609167,-168.987060034
2396,-0.007650003,-177.992640034
2397,-0.009291669999999998,-186.468480034
2398,-0.010775003,-191.147848234
2399,-0.011808336999999999,-196.268670034
2400,-0.013066669999999999,-200.065136434
2401,-0.013925002999999998,-200.771460034
2402,-0.014216669999999999,-199.358818234
2403,-0.014300002999999999,-198.475916434
2404,-0.01446667,-199.88855823400002
2405,-0.01454167,-200.065136434
2406,-0.014583336999999998,-199.800266434
2407,-0.014808337,-201.301200034
2408,-0.014866669999999998,-200.330006434
2409,-0.01489167,-199.88855823400002
2410,-0.014883337,-199.447110034
2411,-0.01491667,-199.182240034
2412,-0.01496667,-198.829078234
2413,-0.014975002999999999,-199.005656434
2414,-0.015033336999999999,-199.182240034
2415,-0.01509167,-199.182240034
2416,-0.014691669999999999,-191.23614003400002
2417,-0.014158337,-180.111600034
2418,-0.013708337,-169.693378234
2419,-0.013108337,-158.922000034
2420,-0.012625003,-148.32720003400001
2421,-0.012300002999999999,-140.469386434
2422,-0.011575002999999999,-125.548380034
2423,-0.010858337,-110.627368234
2424,-0.010141669999999998,-95.529778234
2425,-0.009475003,-81.050220004
2426,-0.008766669999999999,-66.65894823400001
2427,-0.008091669999999999,-53.238870004
2428,-0.00739167,-39.907078234000004
2429,-0.006775003,-28.252798234
2430,-0.006325003,-18.452608234
2431,-0.00611667,-13.508370004000001
2432,-0.005858337,-7.769516468
2433,-0.005800003,-5.738848234
2434,-0.005608337,-1.236058234
2435,-0.005258337,6.4451717660000005
2436,-0.0049083370000000005,15.009303536
2437,-0.004525003,22.337371766
2438,-0.004008337,31.342951766000002
2439,-0.003200003,45.645931766
2440,-0.002308337,60.743521766
2441,-0.001358337,76.282559996
2442,-0.000258337,91.291863536
2443,0.00080833,105.947999966
2444,0.002024997,119.80953176599999
2445,0.00333333,132.434999966
2446,0.004716663,144.883889966
2447,0.006299997,156.361591766
2448,0.007966663,166.691521766
2449,0.00980833,175.697101766
2450,0.011774997,183.731493566
2451,0.013549997000000001,188.145991766
2452,0.013541663,184.790973566
2453,0.013883330000000001,186.380193566
2454,0.013916663000000001,187.086511766
2455,0.014216663000000001,188.145991766
2456,0.01448333,188.67573176599998
2457,0.014633330000000002,188.852309966
2458,0.014799997,190.088373566
2459,0.014908330000000001,188.322569966
2460,0.014933330000000002,187.881121766
2461,0.014999997000000001,187.263089966
2462,0.014908330000000001,185.055843566
2463,0.014566663,180.288183566
2464,0.014349997000000001,173.843011766
2465,0.013883330000000001,164.131113566
2466,0.013299997000000001,150.799321766
2467,0.012691663,136.761211766
2468,0.012124997,124.577191766
2469,0.011791663,116.80766996599999
2470,0.010866663,96.589263536
2471,0.00998333,78.578103536
2472,0.009266663000000001,61.361553535999995
2473,0.008508330000000001,44.409873536
2474,0.007916663,29.488861766
2475,0.007466663,20.130119996
2476,0.007149997,12.095733536
2477,0.006991663,5.2974000000000006
2478,0.006591663,-3.090148234
2479,0.006316663,-7.15149
2480,0.00613333,-10.859670004
2481,0.006016663,-15.450746464
2482,0.005816663,-21.719340004
2483,0.00523333,-30.813206464
2484,0.004616663,-42.026038234000005
2485,0.003899997,-53.238870004
2486,0.00328333,-65.687760004
2487,0.0023666629999999998,-78.136650004
2488,0.00155833,-90.762118234
2489,0.000549997,-102.946138234
2490,-0.00041666999999999995,-115.306736434
2491,-0.001458337,-127.402470034
2492,-0.002550003,-138.703588234
2493,-0.003708337,-150.092998234
2494,-0.005033337,-160.24635003400002
2495,-0.006383337,-170.399696434
2496,-0.007975003,-179.670146434
2497,-0.009600003,-187.704538234
2498,-0.01134167,-195.20919003400002
2499,-0.013233337,-202.007518234
2500,-0.015158337,-207.658080034
2501,-0.015975002999999998,-204.83279643400002
2502,-0.016133336999999998,-203.949900034
2503,-0.016066669999999998,-201.124616434
2504,-0.015900003,-197.769598234
2505,-0.015650003,-194.502866434
2506,-0.015541669999999999,-189.735206434
2507,-0.015150002999999999,-181.877398234
2508,-0.014883337,-176.138550034
2509,-0.014875003,-174.549330034
2510,-0.014533336999999999,-168.369028234
2511,-0.014275003,-162.453596434
2512,-0.014150003,-159.628318234
2513,-0.013950002999999999,-156.27330003400002
2514,-0.01351667,-146.29652643400001
2515,-0.013225002999999999,-141.263996434
2516,-0.01296667,-135.083700034
2517,-0.012683337,-130.845780034
2518,-0.012641669999999999,-128.020496434
2519,-0.012125002999999999,-116.895956434
2520,-0.012008337,-114.24725643400001
2521,-0.011541669999999999,-105.59483823400001
2522,-0.01079167,-90.144086464
2523,-0.010183336999999999,-76.10597646400001
2524,-0.009500003,-62.067866464000005
2525,-0.00879167,-48.647788234000004
2526,-0.008133337,-35.669158234
2527,-0.007450003,-24.721196464
2528,-0.007108337,-15.892200004000001
2529,-0.00684167,-11.565988234
2530,-0.006700003,-6.533458233999999
2531,-0.0066333370000000004,-5.0325299999999995
2532,-0.006450003,1.147771766
2533,-0.00591667,9.270449999999999
2534,-0.00566667,16.245361766000002
2535,-0.005250003,24.103169996000002
2536,-0.004575003,36.816929996
2537,-0.003825003,50.325299996
2538,-0.002858337,65.776051766
2539,-0.00181667,80.961933536
2540,-0.000800003,95.706361766
2541,0.000349997,109.921049966
2542,0.00163333,122.899679966
2543,0.0029083299999999998,135.790023566
2544,0.00438333,147.885751766
2545,0.00588333,158.65712996599999
2546,0.007766663,168.633903566
2547,0.00810833,168.104163566
2548,0.008824997000000001,173.578141766
2549,0.010149997000000001,179.052119966
2550,0.011316663000000001,182.142273566
2551,0.011458330000000001,179.493573566
2552,0.011541663,180.99450176599998
2553,0.011899997,183.025169966
2554,0.012208330000000002,184.96755176599999
2555,0.012608330000000001,186.203609966
2556,0.012874997000000001,187.70454356599998
2557,0.012991663,185.585583566
2558,0.01320833,187.174803566
2559,0.013291663,187.174803566
2560,0.013549997000000001,188.322569966
2561,0.013833330000000001,189.293763566
2562,0.013883330000000001,187.792829966
2563,0.01403333,189.470341766
2564,0.014258330000000001,189.823503566
2565,0.014249997,189.117179966
2566,0.014516663,190.176659966
2567,0.01453333,189.205471766
2568,0.014624997,190.882983566
2569,0.014908330000000001,191.942463566
2570,0.014966663000000002,190.618113566
2571,0.015041663,190.000081766
2572,0.014866663,187.086511766
2573,0.014249997,175.343939966
2574,0.013766663,164.660853566
2575,0.013283330000000001,152.388541766
2576,0.01330833,153.006573566
2577,0.012949997000000001,147.091141766
2578,0.012599997000000002,137.908983566
2579,0.012099997000000001,125.195223566
2580,0.011458330000000001,112.040009966
2581,0.01095833,100.120859966
2582,0.010266663,88.20170999599999
2583,0.009549997000000001,70.455419996
2584,0.00888333,53.503739996
2585,0.008116663000000001,37.170091766
2586,0.00763333,24.721201766
2587,0.00723333,16.951679996000003
2588,0.007049997,10.594799995999999
2589,0.006616663,1.236063532
2590,0.006399997,-5.473978234
2591,0.006099997,-8.828996468000001
2592,0.005974997,-13.155208234
2593,0.005891663,-17.393128234
2594,0.00555833,-24.544618233999998
2595,0.005074997,-31.254660003999998
2596,0.004474997,-42.202616464
2597,0.003774997,-54.121766464000004
2598,0.003016663,-66.30578646400001
2599,0.002199997,-78.57809823400001
2600,0.001299997,-91.115280004
2601,0.000416663,-103.387586434
2602,-0.000600003,-115.659898234
2603,-0.001658337,-127.755626434
2604,-0.002633337,-138.968458234
2605,-0.00394167,-150.26957643400002
2606,-0.005183337,-160.864376434
2607,-0.00581667,-164.572556434
2608,-0.0070916700000000004,-173.401558234
2609,-0.00861667,-182.583716434
2610,-0.010108336999999998,-188.675726434
2611,-0.010800002999999999,-190.618108234
2612,-0.011625002999999998,-195.032606434
2613,-0.012816669999999999,-200.065136434
2614,-0.013550003,-200.771460034
2615,-0.013683336999999999,-199.005656434
2616,-0.013850003,-199.88855823400002
2617,-0.014125002999999999,-200.506590034
2618,-0.014358336999999999,-201.566070034
2619,-0.01446667,-202.360680034
2620,-0.014691669999999999,-202.713836434
2621,-0.01479167,-203.243576434
2622,-0.015033336999999999,-203.773316434
2623,-0.015066669999999999,-202.625550034
2624,-0.015133336999999998,-202.184096434
2625,-0.01514167,-201.830940034
2626,-0.015158337,-201.654356434
2627,-0.015158337,-201.301200034
2628,-0.015175003,-200.948038234
2629,-0.015175003,-200.771460034
2630,-0.01521667,-200.506590034
2631,-0.01521667,-200.153428234
2632,-0.015208336999999999,-199.800266434
2633,-0.015250003,-199.88855823400002
2634,-0.015233337,-199.358818234
2635,-0.015258336999999999,-199.093948234
2636,-0.015283337,-199.093948234
2637,-0.015283337,-198.829078234
2638,-0.015258336999999999,-198.652500034
2639,-0.015225002999999999,-198.034468234
2640,-0.01521667,-197.769598234
2641,-0.015208336999999999,-197.416436434
2642,-0.015200002999999998,-197.328150034
2643,-0.015208336999999999,-197.328150034
2644,-0.015200002999999998,-197.328150034
2645,-0.015200002999999998,-197.239858234
2646,-0.015208336999999999,-197.151566434
2647,-0.015208336999999999,-197.151566434
2648,-0.015208336999999999,-197.151566434
2649,-0.015200002999999998,-197.151566434
2650,-0.015208336999999999,-197.239858234
2651,-0.015183337,-197.239858234
2652,-0.01521667,-197.063280034
2653,-0.015225002999999999,-197.063280034
2654,-0.01501667,-193.355100034
2655,-0.014766669999999999,-186.998220034
2656,-0.01441667,-179.670146434
2657,-0.013950002999999999,-170.311410034
2658,-0.013191669999999999,-154.330918234
2659,-0.012508337,-138.968458234
2660,-0.011775003,-123.694290034
2661,-0.011100002999999999,-108.331830034
2662,-0.010325003,-93.234240004
2663,-0.009591669999999998,-78.93126000400001
2664,-0.008950003,-64.893150004
2665,-0.00831667,-51.826228234000006
2666,-0.0076333370000000005,-38.671020004
2667,-0.007000003,-26.928448233999998
2668,-0.0065166700000000004,-17.393128234
2669,-0.006375003,-13.331786464
2670,-0.006100003,-7.239776468
2671,-0.006025003,-5.56227
2672,-0.005850003,-0.618026468
2673,-0.00551667,7.15149
2674,-0.005125003,15.274173536
2675,-0.004758337,23.131981766000003
2676,-0.0042500030000000005,32.755593536
2677,-0.003333337,47.146859995999996
2678,-0.002450003,62.156163536
2679,-0.001458337,77.871779996
2680,-0.00039167,92.52792176599999
2681,0.000716663,107.272349966
2682,0.0019166629999999999,120.869011766
2683,0.00310833,133.317901766
2684,0.00455833,145.766791766
2685,0.006174997,157.421071766
2686,0.007874997000000002,167.486131766
2687,0.009666663,176.668289966
2688,0.011324997000000002,180.99450176599998
2689,0.012324997,186.645063566
2690,0.013233330000000001,190.176659966
2691,0.014566663,192.295619966
2692,0.015141663000000001,193.973131766
2693,0.015399997,192.913651766
2694,0.015824997,194.414579966
2695,0.016249997000000002,196.092091766
2696,0.016516663,195.562351766
2697,0.016899997,196.533539966
2698,0.017249997,197.59301996599999
2699,0.017724997,198.387629966
2700,0.018324997,200.241719966
2701,0.01890833,199.711979966
2702,0.019349997,200.506589966
2703,0.019499997,198.299343566
2704,0.019691663,198.740791766
2705,0.019724997,197.857889966
2706,0.019841663000000002,197.32814996599998
2707,0.01985833,196.62183176599999
2708,0.019849997,196.35696176599998
2709,0.01993333,196.268669966
2710,0.019941663000000002,196.180383566
2711,0.019924997,196.445253566
2712,0.019916663,196.62183176599999
2713,0.01993333,196.798409966
2714,0.020066663000000002,196.886701766
2715,0.020166663,196.886701766
2716,0.019774997000000002,189.735211766
2717,0.019241663,177.462899966
2718,0.018791663,168.192449966
2719,0.018199997000000002,155.125533566
2720,0.017591663,144.354149966
2721,0.016724997000000002,123.252841766
2722,0.015741663,103.122721766
2723,0.01495833,85.19985353599999
2724,0.014199997,66.923823536
2725,0.013449997,50.325299996
2726,0.012683330000000001,34.786261765999996
2727,0.012274997000000001,22.955403536000002
2728,0.011833330000000001,15.715621766
2729,0.011774997,8.917293531999999
2730,0.011283330000000001,-0.088286468
2731,0.011016663000000001,-5.915426468
2732,0.010799997,-9.182158234000001
2733,0.01058333,-14.302980004
2734,0.010491663,-18.452608234
2735,0.01005833,-26.575286463999998
2736,0.009341663,-36.640346464000004
2737,0.008774997000000001,-48.029756464
2738,0.007941663000000002,-60.213776464000006
2739,0.007216663,-72.574380004
2740,0.00635833,-84.846686464
2741,0.00533333,-96.854128234
2742,0.004466663,-108.949856434
2743,0.003341663,-120.780720034
2744,0.002274997,-132.258416434
2745,0.00108333,-142.676638234
2746,-0.00024167,-153.359730034
2747,-0.001583337,-163.159920034
2748,-0.003158337,-172.165500034
2749,-0.004725003,-180.464756434
2750,-0.0065166700000000004,-188.587440034
2751,-0.008300002999999999,-195.297476434
2752,-0.009608337,-198.299338234
2753,-0.010625003,-202.007518234
2754,-0.012650003,-208.187820034
2755,-0.014658336999999999,-210.395066434
2756,-0.01521667,-209.247300034
2757,-0.015800003,-211.807708234
2758,-0.01626667,-213.308636434
2759,-0.016983336999999998,-214.103246434
2760,-0.01759167,-214.54470003400002
2761,-0.017833336999999998,-214.191538234
2762,-0.018075003,-213.926668234
2763,-0.018333336999999998,-213.661798234
2764,-0.018625002999999998,-213.573506434
2765,-0.01889167,-213.750090034
2766,-0.019000002999999998,-215.074440034
2767,-0.019283336999999998,-215.692466434
2768,-0.019408336999999998,-215.957336434
2769,-0.019650003,-216.133920034
2770,-0.01984167,-214.721278234
2771,-0.02011667,-215.780758234
2772,-0.020166669999999998,-214.632986434
2773,-0.01996667,-210.57165003400002
2774,-0.01949167,-201.389486434
2775,-0.019033337,-193.090230034
2776,-0.01864167,-183.201748234
2777,-0.018225003,-174.814200034
2778,-0.017883337,-165.720328234
2779,-0.017025003,-149.739836434
2780,-0.01634167,-134.024220034
2781,-0.015558336999999998,-118.838338234
2782,-0.014800002999999999,-103.917326434
2783,-0.014150003,-89.261190004
2784,-0.013383336999999999,-74.781626464
2785,-0.012816669999999999,-61.096678234
2786,-0.012125002999999999,-47.853178234000005
2787,-0.011450002999999999,-35.315996464
2788,-0.010833336999999998,-23.926586464
2789,-0.01036667,-15.362460004
2790,-0.010266669999999999,-11.124540004
2791,-0.010133337,-6.533458233999999
2792,-0.010050002999999998,-4.855946468
2793,-0.009716669999999998,1.32435
2794,-0.009225002999999999,9.270449999999999
2795,-0.008991669999999998,16.157069996
2796,-0.008508337,24.279753536
2797,-0.00781667,36.640351765999995
2798,-0.007000003,50.148721765999994
2799,-0.00606667,65.069733536
2800,-0.005000003,80.255609996
2801,-0.00391667,94.911751766
2802,-0.002683337,108.773283566
2803,-0.001508337,121.66362176599999
2804,-0.00019167,133.759349966
2805,0.001274997,145.413629966
2806,0.00293333,156.185013566
2807,0.004699997,165.808619966
2808,0.006549997,174.196173566
2809,0.008566663,182.318851766
2810,0.009883330000000001,185.055843566
2811,0.010816663,187.969413566
2812,0.011966663,191.236139966
2813,0.012849997,192.737073566
2814,0.013916663000000001,196.533539966
2815,0.014558330000000001,195.738929966
2816,0.015224997,198.475921766
2817,0.015866663,199.005661766
2818,0.016374997000000002,199.093953566
2819,0.01690833,200.241719966
2820,0.017424997,200.771459966
2821,0.017899997,201.389491766
2822,0.018224997,201.389491766
2823,0.01840833,201.30119996599998
2824,0.018591663,202.272393566
2825,0.018924997000000002,201.742653566
2826,0.019199997,201.830939966
2827,0.019424997,202.713841766
2828,0.01965833,203.596743566
2829,0.019849997,204.126483566
2830,0.019916663,202.272393566
2831,0.019924997,201.477783566
2832,0.019941663000000002,200.948043566
2833,0.019991663,200.594881766
2834,0.020091663,200.418303566
2835,0.019808330000000002,194.502871766
2836,0.019241663,181.435949966
2837,0.018591663,166.779813566
2838,0.017916663,155.390403566
2839,0.017216663,139.939651766
2840,0.01633333,119.544661766
2841,0.01538333,100.297443566
2842,0.01465833,82.286283536
2843,0.013899997,64.804863536
2844,0.013099997,48.029761766
2845,0.01235833,32.490723536
2846,0.01193333,21.277891766
2847,0.011658330000000001,14.479563535999999
2848,0.01138333,7.41636
2849,0.011016663000000001,-1.236058234
2850,0.01065833,-6.533458233999999
2851,0.010499997,-9.888476468
2852,0.010341663000000001,-15.185876464000001
2853,0.010274997000000001,-19.600380003999998
2854,0.009599997,-28.076220004
2855,0.009424997000000001,-31.519530004
2856,0.00878333,-43.262096464
2857,0.00810833,-55.269538234
2858,0.007316663,-67.100396464
2859,0.00665833,-75.841106464
2860,0.006124997,-84.05207646400001
2861,0.00530833,-95.971226464
2862,0.00498333,-99.326250004
2863,0.00448333,-104.535358234
2864,0.004141663,-110.097628234
2865,0.003591663,-115.571606434
2866,0.003074997,-120.780720034
2867,0.00258333,-125.19521823400001
2868,0.00243333,-126.961016434
2869,0.001999997,-131.375520034
2870,0.00173333,-132.876448234
2871,0.001391663,-137.732400034
2872,0.0007749969999999999,-144.000988234
2873,-0.0005833370000000001,-154.507496434
2874,-0.0015166700000000001,-160.24635003400002
2875,-0.002558337,-167.750996434
2876,-0.004050003,-176.668290034
2877,-0.005683337,-184.790968234
2878,-0.006650003,-187.527960034
2879,-0.007708337,-191.324426434
2880,-0.00861667,-195.297476434
2881,-0.009833337,-199.447110034
2882,-0.011100002999999999,-203.066998234
2883,-0.011825002999999999,-204.303056434
2884,-0.012783336999999999,-206.686886434
2885,-0.013650002999999999,-209.159008234
2886,-0.014300002999999999,-207.481496434
2887,-0.014558337,-207.658080034
2888,-0.01491667,-211.366260034
2889,-0.015691669999999998,-212.337448234
2890,-0.016150003,-214.014960034
2891,-0.016925002999999997,-215.074440034
2892,-0.01756667,-216.310498234
2893,-0.017825003,-213.750090034
2894,-0.017983337,-214.014960034
2895,-0.018500002999999998,-218.341166434
2896,-0.019075003,-218.429458234
2897,-0.019441669999999998,-217.988010034
2898,-0.019833337,-217.016816434
2899,-0.01984167,-216.133920034
2900,-0.020066669999999998,-217.723140034
2901,-0.020175003,-216.398790034
2902,-0.020175003,-215.692466434
2903,-0.020200002999999998,-215.604180034
2904,-0.02024167,-215.25101823400001
2905,-0.02026667,-214.986148234
2906,-0.020350003,-214.632986434
2907,-0.020400003,-214.632986434
2908,-0.020400003,-214.368116434
2909,-0.02044167,-214.014960034
2910,-0.02049167,-214.103246434
2911,-0.020525003,-213.838376434
2912,-0.020500003,-213.661798234
2913,-0.020525003,-213.661798234
2914,-0.020508336999999998,-213.485220034
2915,-0.02051667,-213.396928234
2916,-0.020500003,-213.308636434
2917,-0.020525003,-213.308636434
2918,-0.020508336999999998,-213.132058234
2919,-0.02051667,-213.043766434
2920,-0.02051667,-212.955480034
2921,-0.020508336999999998,-213.220350034
2922,-0.020533337,-212.955480034
2923,-0.020533337,-212.778896434
2924,-0.02049167,-212.690610034
2925,-0.020525003,-212.867188234
2926,-0.020525003,-212.690610034
2927,-0.02049167,-212.690610034
2928,-0.02049167,-212.690610034
2929,-0.020541669999999998,-212.425740034
2930,-0.020525003,-212.51402643400002
2931,-0.020550003,-212.602318234
2932,-0.020508336999999998,-212.51402643400002
2933,-0.020525003,-212.602318234
2934,-0.020541669999999998,-212.249156434
2935,-0.020541669999999998,-212.51402643400002
2936,-0.020525003,-212.249156434
2937,-0.020533337,-212.160870034
2938,-0.020541669999999998,-212.249156434
2939,-0.020508336999999998,-212.072578234
2940,-0.020550003,-211.984286434
2941,-0.02056667,-212.160870034
2942,-0.02056667,-212.249156434
2943,-0.020558337,-212.160870034
2944,-0.020575002999999998,-212.160870034
2945,-0.020600003,-211.896000034
2946,-0.020583337,-211.896000034
2947,-0.02059167,-211.896000034
2948,-0.020600003,-211.896000034
2949,-0.020575002999999998,-212.072578234
2950,-0.02061667,-211.896000034
2951,-0.02059167,-211.984286434
2952,-0.02059167,-211.896000034
2953,-0.020608337,-211.719416434
2954,-0.020583337,-211.719416434
2955,-0.020608337,-211.896000034
2956,-0.02061667,-211.896000034
2957,-0.02061667,-211.631130034
2958,-0.020633336999999998,-211.631130034
2959,-0.02061667,-211.719416434
2960,-0.020633336999999998,-211.54283823400002
2961,-0.020633336999999998,-211.807708234
2962,-0.020650003,-211.454546434
2963,-0.020666669999999998,-211.54283823400002
2964,-0.020683337,-211.719416434
2965,-0.020658337,-211.719416434
2966,-0.02064167,-211.719416434
2967,-0.020666669999999998,-211.631130034
2968,-0.020666669999999998,-211.454546434
2969,-0.020666669999999998,-211.631130034
2970,-0.020650003,-211.366260034
2971,-0.020683337,-211.454546434
2972,-0.020666669999999998,-211.54283823400002
2973,-0.020666669999999998,-211.454546434
2974,-0.020675003,-211.366260034
2975,-0.020666669999999998,-211.454546434
2976,-0.020675003,-211.366260034
2977,-0.020683337,-211.277968234
2978,-0.020675003,-211.189676434
2979,-0.020675003,-211.277968234
2980,-0.020683337,-211.454546434
2981,-0.02069167,-211.366260034
2982,-0.020708337,-211.366260034
2983,-0.020708337,-211.366260034
2984,-0.020733336999999998,-211.277968234
2985,-0.020725003,-211.189676434
2986,-0.020708337,-211.277968234
2987,-0.020725003,-211.189676434
2988,-0.02074167,-211.101390034
2989,-0.020750003,-211.189676434
2990,-0.02071667,-211.277968234
2991,-0.02074167,-211.189676434
2992,-0.020733336999999998,-211.366260034
2993,-0.02074167,-211.277968234
2994,-0.02074167,-211.189676434
2995,-0.02059167,-209.600456434
2996,-0.020483337,-207.393210034
2997,-0.020100002999999998,-199.182240034
2998,-0.01959167,-188.322570034
2999,-0.01906667,-177.286316434
3000,-0.018300003,-161.129246434
3001,-0.017650002999999997,-146.031656434
3002,-0.016891669999999998,-130.492618234
3003,-0.016158337,-115.39502823400001
3004,-0.015358337,-100.297438234
3005,-0.014675002999999999,-86.082750004
3006,-0.013975003,-72.044640004
3007,-0.013275002999999999,-58.006530004000005
3008,-0.012641669999999999,-45.116186464
3009,-0.012000002999999999,-32.579010004000004
3010,-0.011433337,-21.542756464
3011,-0.010975002999999999,-13.773240004
3012,-0.010975002999999999,-9.711898234000001
3013,-0.010708336999999998,-5.82714
3014,-0.010658336999999999,-3.8847582340000004
3015,-0.010308336999999999,3.001861766
3016,-0.009758336999999999,11.301123535999999
3017,-0.009541669999999999,18.540899996
3018,-0.009133336999999998,25.339233536000002
3019,-0.00841667,39.642213536
3020,-0.00759167,52.797421766
3021,-0.006533337,68.513043536
3022,-0.00549167,83.434049996
3023,-0.004408337,97.737029996
3024,-0.00316667,111.245399966
3025,-0.001933337,124.48889996599999
3026,-0.000683337,135.878309966
3027,0.00095833,147.974043566
3028,0.002599997,158.303973566
3029,0.004424997,167.751001766
3030,0.006266663,176.138549966
3031,0.008324997,183.731493566
3032,0.010424997,190.618113566
3033,0.012558330000000001,194.238001766
3034,0.013158330000000001,194.944319966
3035,0.01393333,197.416441766
3036,0.014549997,196.533539966
3037,0.014908330000000001,198.122759966
3038,0.015458330000000001,199.535401766
3039,0.015991663,201.036329966
3040,0.01660833,202.713841766
3041,0.017224997000000002,202.007523566
3042,0.017541663000000002,201.477783566
3043,0.01790833,203.596743566
3044,0.018241663,203.773321766
3045,0.018424997000000002,204.126483566
3046,0.018599997,204.567931766
3047,0.018916663,204.744509966
3048,0.01925833,205.009379966
3049,0.019416663,205.627411766
3050,0.019524997000000002,203.773321766
3051,0.019666663,204.30306176599998
3052,0.01993333,205.715703566
3053,0.019924997,204.214769966
3054,0.019949997,203.508451766
3055,0.020024997,202.978711766
3056,0.02005833,202.625549966
3057,0.019908330000000002,199.623693566
3058,0.019599997,189.293763566
3059,0.01890833,176.933159966
3060,0.018249997,162.983341766
3061,0.017549997,149.563263566
3062,0.016991663,136.054893566
3063,0.01608333,115.571611766
3064,0.015191663000000001,96.236101766
3065,0.014383330000000001,78.401519996
3066,0.013599997,61.273261766
3067,0.01283333,44.674743535999994
3068,0.012141663,29.842023536000003
3069,0.011849997000000001,20.306703536
3070,0.011424997000000001,12.802051766
3071,0.01118333,5.650561766
3072,0.010841663000000001,-2.6487
3073,0.010508330000000001,-7.328068234
3074,0.01040833,-10.506508234
3075,0.010249997,-15.450746464
3076,0.01005833,-20.748146463999998
3077,0.00943333,-30.106888234
3078,0.009116663,-35.580866464
3079,0.00858333,-46.352250004000005
3080,0.007774997,-58.094816464000004
3081,0.006991663,-70.27883646400001
3082,0.00610833,-82.551148234
3083,0.005199997,-95.000038234
3084,0.004174997,-107.360636434
3085,0.003166663,-119.10320823400001
3086,0.002124997,-130.580910034
3087,0.000916663,-141.61715823400002
3088,-0.000325003,-151.682218234
3089,-0.001683337,-161.747278234
3090,-0.003225003,-171.106020034
3091,-0.004783337,-179.758438234
3092,-0.00649167,-187.704538234
3093,-0.008258337,-194.502866434
3094,-0.010175002999999998,-201.212908234
3095,-0.012266669999999999,-207.216626434
3096,-0.013275002999999999,-207.834658234
3097,-0.014266669999999999,-210.836520034
3098,-0.014816669999999999,-209.600456434
3099,-0.015683337,-214.103246434
3100,-0.016583337,-215.427596434
3101,-0.01724167,-215.339310034
3102,-0.017633337,-215.25101823400001
3103,-0.018125003,-216.575368234
3104,-0.018325003,-216.48707643400002
3105,-0.018575003,-216.310498234
3106,-0.018833337,-217.281686434
3107,-0.018975003,-217.634848234
3108,-0.019158336999999998,-218.164588234
3109,-0.019500003,-218.51775003400002
3110,-0.019475002999999998,-216.928530034
3111,-0.019750003,-218.25288003400001
3112,-0.019833337,-217.105108234
3113,-0.019833337,-216.575368234
3114,-0.020008336999999998,-218.429458234
3115,-0.020066669999999998,-217.281686434
3116,-0.019908336999999998,-215.25101823400001
3117,-0.01971667,-211.366260034
3118,-0.019408336999999998,-204.744510034
3119,-0.019158336999999998,-197.151566434
3120,-0.01866667,-187.439668234
3121,-0.01839167,-181.612528234
3122,-0.01766667,-166.073490034
3123,-0.016825002999999998,-150.181290034
3124,-0.016125003,-134.730538234
3125,-0.015416669999999999,-119.544656434
3126,-0.014683337,-104.71193643400001
3127,-0.01404167,-89.96750823400001
3128,-0.013283337,-75.929398234
3129,-0.012633337,-61.626418234
3130,-0.011883336999999999,-48.559496464000006
3131,-0.011283337,-35.580866464
3132,-0.010875003,-30.195180003999997
3133,-0.010433336999999999,-20.306698234
3134,-0.01016667,-13.773240004
3135,-0.009958337,-8.917288234
3136,-0.009750002999999998,-5.738848234
3137,-0.009608337,-3.4433100000000003
3138,-0.009241669999999999,4.23792
3139,-0.008833336999999998,12.713759995999999
3140,-0.00854167,20.218411766000003
3141,-0.008266669999999999,26.398713536000002
3142,-0.00731667,41.672881765999996
3143,-0.006525003,55.534413535999995
3144,-0.005525003,70.808581766
3145,-0.00446667,85.464723536
3146,-0.003300003,100.120859966
3147,-0.00211667,113.629229966
3148,-0.000900003,126.431281766
3149,0.0005249969999999999,138.262139966
3150,0.00208333,149.73984176599998
3151,0.003774997,160.246349966
3152,0.005516663,169.693383566
3153,0.006191663,171.282603566
3154,0.0075333299999999995,177.727769966
3155,0.00890833,183.290039966
3156,0.01005833,186.998219966
3157,0.01088333,189.205471766
3158,0.012224997000000001,193.531683566
3159,0.012949997000000001,193.531683566
3160,0.013591663,196.003799966
3161,0.014916663,200.33001176599998
3162,0.01635833,203.067003566
3163,0.017066663,200.771459966
3164,0.017249997,200.506589966
3165,0.01755833,201.477783566
3166,0.017724997,202.095809966
3167,0.017916663,202.272393566
3168,0.018266663000000002,202.448971766
3169,0.01830833,201.742653566
3170,0.018591663,202.360679966
3171,0.018674997000000002,203.773321766
3172,0.018791663,202.537263566
3173,0.018916663,204.214769966
3174,0.018949997,202.978711766
3175,0.019249997,203.949899966
3176,0.019466663000000002,205.539119966
3177,0.019599997,206.333729966
3178,0.01973333,205.627411766
3179,0.019924997,205.097671766
3180,0.02005833,205.892281766
3181,0.019916663,200.506589966
3182,0.01950833,190.618113566
3183,0.018874997,177.551191766
3184,0.018316663,165.985203566
3185,0.01768333,153.801183566
3186,0.01715833,140.910839966
3187,0.016724997000000002,132.611583566
3188,0.016224997,121.045589966
3189,0.015616663000000001,108.331829966
3190,0.015116663,97.119003536
3191,0.014749997,88.466579996
3192,0.013991663000000001,69.925679996
3193,0.013166663,52.620843535999995
3194,0.012433330000000001,36.905221766
3195,0.01193333,24.721201766
3196,0.01150833,16.951679996000003
3197,0.011358330000000002,10.418221765999998
3198,0.010858330000000001,1.500933532
3199,0.01058333,-5.2974
3200,0.010449997,-8.828996468000001
3201,0.010274997000000001,-13.155208234
3202,0.01018333,-17.039966464
3203,0.009591663,-25.074358233999998
3204,0.009099997,-35.051126464
3205,0.008449997,-46.263958234
3206,0.007716663,-58.183108234
3207,0.006949997,-70.27883646400001
3208,0.00610833,-82.551148234
3209,0.00515833,-94.558590004
3210,0.004166663,-106.74261003400001
3211,0.003074997,-118.485176434
3212,0.002099997,-130.139456434
3213,0.0008583299999999999,-141.087418234
3214,-0.000350003,-151.593926434
3215,-0.001733337,-161.570700034
3216,-0.00321667,-170.311410034
3217,-0.00386667,-174.461038234
3218,-0.004950003,-180.023308234
3219,-0.005900003,-184.702676434
3220,-0.00649167,-183.908066434
3221,-0.00701667,-187.527960034
3222,-0.007650003,-190.618108234
3223,-0.008400003,-194.591158234
3224,-0.008941669999999999,-195.032606434
3225,-0.009358337,-196.003800034
3226,-0.009875002999999999,-198.211046434
3227,-0.01049167,-201.654356434
3228,-0.011358337,-203.243576434
3229,-0.011925003,-204.303056434
3230,-0.012300002999999999,-204.656218234
3231,-0.012866669999999998,-207.040048234
3232,-0.013400002999999999,-208.54097643400002
3233,-0.014025003,-209.159008234
3234,-0.014558337,-210.748228234
3235,-0.014950003,-211.101390034
3236,-0.015675003,-214.014960034
3237,-0.016308337,-214.809570034
3238,-0.01716667,-215.692466434
3239,-0.017575003,-215.162726434
3240,-0.017933337,-217.105108234
3241,-0.01839167,-218.25288003400001
3242,-0.01881667,-218.341166434
3243,-0.019150003,-218.25288003400001
3244,-0.019508337,-219.753808234
3245,-0.019733337,-217.988010034
3246,-0.019783336999999998,-217.281686434
3247,-0.019858337,-216.663660034
3248,-0.019958337,-217.723140034
3249,-0.020083337,-217.281686434
3250,-0.020075002999999998,-216.751946434
3251,-0.020075002999999998,-216.663660034
3252,-0.020150003,-216.133920034
3253,-0.020183337,-215.869050034
3254,-0.020175003,-215.604180034
3255,-0.020166669999999998,-215.427596434
3256,-0.020183337,-215.162726434
3257,-0.020175003,-214.986148234
3258,-0.020175003,-214.809570034
3259,-0.020183337,-214.897856434
3260,-0.020233337,-214.632986434
3261,-0.020250003,-214.54470003400002
3262,-0.020233337,-214.279830034
3263,-0.02021667,-214.279830034
3264,-0.020233337,-214.014960034
3265,-0.02024167,-214.103246434
3266,-0.02024167,-214.014960034
3267,-0.020250003,-213.926668234
3268,-0.02026667,-213.838376434
3269,-0.020233337,-213.750090034
3270,-0.020233337,-213.750090034
3271,-0.020258336999999998,-213.838376434
3272,-0.020291669999999998,-213.750090034
3273,-0.020308337,-213.750090034
3274,-0.020308337,-213.750090034
3275,-0.020325002999999998,-213.661798234
3276,-0.02031667,-213.661798234
3277,-0.02031667,-213.573506434
3278,-0.020325002999999998,-213.573506434
3279,-0.020333337,-213.485220034
3280,-0.02034167,-213.396928234
3281,-0.020350003,-213.308636434
3282,-0.020308337,-213.396928234
3283,-0.02036667,-213.396928234
3284,-0.02034167,-213.308636434
3285,-0.02036667,-213.396928234
3286,-0.020166669999999998,-211.277968234
3287,-0.019758337,-203.331868234
3288,-0.019250002999999998,-192.737068234
3289,-0.018783337,-181.877398234
3290,-0.01829167,-170.929436434
3291,-0.017900002999999998,-162.100440034
3292,-0.017616669999999997,-155.831846434
3293,-0.017133337,-147.444298234
3294,-0.01669167,-137.467530034
3295,-0.016175003,-127.137600034
3296,-0.015725002999999998,-117.425696434
3297,-0.015275002999999999,-108.243538234
3298,-0.014758337,-99.149666464
3299,-0.014475002999999998,-91.380150004
3300,-0.014050002999999998,-82.551148234
3301,-0.013658337,-74.60504823400001
3302,-0.013208336999999999,-66.394078234
3303,-0.01291667,-59.860620004000005
3304,-0.012725002999999999,-55.269538234
3305,-0.012316669999999998,-48.118048234
3306,-0.011608337,-35.051126464
3307,-0.010983337,-23.750008234
3308,-0.010516669999999999,-15.274168234000001
3309,-0.010450003,-11.036248234
3310,-0.010350003,-6.533458233999999
3311,-0.010300002999999999,-4.767659999999999
3312,-0.009875002999999999,1.05948
3313,-0.009608337,4.8559517660000004
3314,-0.009400002999999999,10.153351766
3315,-0.009183337,15.009303536
3316,-0.009025002999999998,18.717483536
3317,-0.008858336999999999,22.513949996
3318,-0.008325003,32.049269996
3319,-0.007683337,41.408011765999994
3320,-0.00704167,52.885713536
3321,-0.00611667,67.895011766
3322,-0.004983337,83.522341766
3323,-0.003958337,97.560451766
3324,-0.002683337,111.510269966
3325,-0.001483337,124.135743566
3326,-0.00016667,136.054893566
3327,0.00135833,147.974043566
3328,0.003074997,158.568843566
3329,0.004841663,168.015871766
3330,0.006766663,176.756581766
3331,0.007916663,180.02331356599998
3332,0.009241663,185.232421766
3333,0.010424997,190.088373566
3334,0.012649997000000001,194.767741766
3335,0.013708330000000001,198.122759966
3336,0.015249997000000001,200.771459966
3337,0.01643333,201.566069966
3338,0.017266663,204.214769966
3339,0.01828333,206.157151766
3340,0.01915833,207.569793566
3341,0.020191663000000002,209.688753566
3342,0.021099997000000002,210.836519966
3343,0.02205833,211.895999966
3344,0.022941663,212.337453566
3345,0.023816663000000002,214.191543566
3346,0.024466663,214.103251766
3347,0.025141663,214.544699966
3348,0.025733330000000002,214.279829966
3349,0.026216663,215.251023566
3350,0.026674997000000002,215.869049966
3351,0.027224997,216.222211766
3352,0.027766663,217.369983566
3353,0.02830833,217.193399966
3354,0.02890833,216.487081766
3355,0.029316663,217.369983566
3356,0.029424997,215.074439966
3357,0.02968333,216.222211766
3358,0.029866663,216.751951766
3359,0.029991663000000002,215.339309966
3360,0.029991663000000002,214.544699966
3361,0.03000833,213.838381766
3362,0.029849997,208.98242996599998
3363,0.029416663,200.506589966
3364,0.028899997,188.322569966
3365,0.028424997,178.875541766
3366,0.02798333,168.545611766
3367,0.027349997,156.71475356599998
3368,0.026991663000000003,146.737979966
3369,0.026399997,133.935933566
3370,0.025774997,121.487043566
3371,0.025124997,108.596699966
3372,0.024633330000000002,95.441491766
3373,0.024224997,87.671969996
3374,0.023433330000000002,69.660809996
3375,0.022749997,53.062291765999994
3376,0.021916663,37.258383536
3377,0.021358330000000002,24.632909996000002
3378,0.021024997,16.863393536
3379,0.020841663,9.976773532
3380,0.020374997000000002,1.05948
3381,0.019991663,-5.2974
3382,0.019841663000000002,-8.917288234
3383,0.01958333,-12.713760004000001
3384,0.019516663,-16.157070003999998
3385,0.019091663000000002,-24.456326464
3386,0.018549997000000002,-34.168230004
3387,0.017874997,-45.292770004000005
3388,0.017091663,-56.947050004000005
3389,0.016241663,-68.77790823400001
3390,0.015399997,-80.961928234
3391,0.01445833,-93.057656464
3392,0.01338333,-105.065098234
3393,0.012474997000000002,-116.807670034
3394,0.01138333,-127.843918234
3395,0.010099997000000001,-138.61529643400002
3396,0.008766663000000001,-148.856940034
3397,0.007366663,-158.657130034
3398,0.005916663,-167.574418234
3399,0.00430833,-175.961966434
3400,0.00255833,-183.731488234
3401,0.00075833,-190.882978234
3402,-0.00114167,-197.239858234
3403,-0.003225003,-203.243576434
3404,-0.00531667,-208.54097643400002
3405,-0.00754167,-213.396928234
3406,-0.00974167,-217.458270034
3407,-0.012108336999999999,-221.343028234
3408,-0.014425002999999999,-225.051208234
3409,-0.016033336999999998,-225.580948234
3410,-0.01696667,-225.934110034
3411,-0.017625003,-227.081876434
3412,-0.01831667,-227.611616434
3413,-0.019258337,-228.935966434
3414,-0.020150003,-230.260316434
3415,-0.02099167,-230.790056434
3416,-0.021900002999999998,-231.408088234
3417,-0.022733337,-232.202698234
3418,-0.023575003,-233.438756434
3419,-0.02439167,-232.909016434
3420,-0.025200003,-234.85139823400002
3421,-0.026058337,-234.85139823400002
3422,-0.02691667,-235.734300034
3423,-0.02786667,-236.705488234
3424,-0.028575002999999998,-236.705488234
3425,-0.029200003,-236.264040034
3426,-0.029583336999999998,-236.440618234
3427,-0.029908337,-235.734300034
3428,-0.030000003,-233.703626434
3429,-0.030091669999999997,-232.997308234
3430,-0.029808337,-226.905298234
3431,-0.029508337,-217.634848234
3432,-0.029050002999999998,-207.658080034
3433,-0.028516669999999997,-197.593020034
3434,-0.028000003,-185.938740034
3435,-0.027250003,-169.86995643400002
3436,-0.026500002999999998,-154.24262643400002
3437,-0.025850003,-139.145036434
3438,-0.025075003,-123.959160034
3439,-0.024358337,-109.126440034
3440,-0.023533336999999998,-94.382006464
3441,-0.02291667,-79.990740004
3442,-0.022200003,-66.30578646400001
3443,-0.021475003,-52.709130004
3444,-0.020825002999999998,-39.995370004
3445,-0.020258336999999998,-27.899636464
3446,-0.019658336999999998,-17.834576463999998
3447,-0.01941667,-13.243500004000001
3448,-0.019208337,-7.68123
3449,-0.019091669999999998,-5.738848234
3450,-0.018858337,-2.1189600000000004
3451,-0.01851667,5.03253
3452,-0.018075003,13.243499995999999
3453,-0.017675002999999998,21.189599996000002
3454,-0.017350003,28.252803536000002
3455,-0.01644167,43.173809995999996
3456,-0.015558336999999998,56.947049996
3457,-0.014458337,71.956353536
3458,-0.013383336999999999,86.70078176599999
3459,-0.012150003,100.297443566
3460,-0.010850002999999999,113.629229966
3461,-0.009608337,125.460093566
3462,-0.008225003,137.026081766
3463,-0.006558337,148.062329966
3464,-0.004850003,158.215681766
3465,-0.003050003,167.132969966
3466,-0.001175003,175.432231766
3467,0.0008166629999999999,182.672013566
3468,0.002974997,188.940601766
3469,0.005191663,194.856033566
3470,0.0075333299999999995,199.888563566
3471,0.009891663,204.656223566
3472,0.01233333,208.364403566
3473,0.014741663,212.160869966
3474,0.015741663,211.542843566
3475,0.016966663,214.191543566
3476,0.018241663,214.721283566
3477,0.019624997,216.92852996599999
3478,0.02060833,217.016821766
3479,0.021599997,217.811431766
3480,0.022541663,219.400651766
3481,0.02325833,219.66552176599998
3482,0.02365833,219.488943566
3483,0.02418333,220.195261766
3484,0.024474997000000002,218.694333566
3485,0.024949997,220.195261766
3486,0.02530833,220.90157996599999
3487,0.025891663000000002,221.166449966
3488,0.026324997,220.548423566
3489,0.02665833,221.431319966
3490,0.027166663,222.66738356599998
3491,0.027649997000000003,222.579091766
3492,0.028199997,224.168311766
3493,0.028841663,223.373701766
3494,0.029066663,222.314221766
3495,0.029516663000000002,224.256603566
3496,0.029916663,223.285409966
3497,0.030099997,223.020539966
3498,0.029891663000000002,216.045633566
3499,0.029341663,206.951761766
3500,0.028991663,197.681311766
3501,0.028391663,184.261233566
3502,0.027791663,171.812343566
3503,0.026849997,150.622743566
3504,0.025941663,130.316039966
3505,0.024916663000000002,110.539081766
3506,0.024116663,92.086473536
3507,0.023349997,74.516761766
3508,0.02255833,57.211919996
3509,0.02180833,40.966563535999995
3510,0.021116663,27.634771766
3511,0.020758330000000002,18.982353536
3512,0.02043333,11.036253535999998
3513,0.020091663,3.3550235319999997
3514,0.019824997,-3.9730499999999997
3515,0.019491663,-8.210970000000001
3516,0.019308330000000002,-11.124540004
3517,0.019116663000000002,-15.539038234000001
3518,0.01890833,-21.542756464
3519,0.018349997,-31.431238234
3520,0.017716663,-41.672876464000005
3521,0.016883330000000002,-53.062286464
3522,0.016091663,-64.981436464
3523,0.015291663,-76.988878234
3524,0.01435833,-89.084606464
3525,0.013299997000000001,-101.268626434
3526,0.01235833,-112.834620034
3527,0.011341663,-123.959160034
3528,0.010141663,-134.995408234
3529,0.008766663000000001,-145.501916434
3530,0.007524997,-155.390398234
3531,0.00610833,-164.837426434
3532,0.00453333,-173.666428234
3533,0.002924997,-181.347658234
3534,0.00110833,-188.940596434
3535,-0.000650003,-195.650638234
3536,-0.00259167,-201.654356434
3537,-0.004700003,-207.658080034
3538,-0.006783337,-212.425740034
3539,-0.008775003,-216.398790034
3540,-0.010091669999999999,-218.341166434
3541,-0.011616669999999999,-221.166450034
3542,-0.013108337,-223.726858234
3543,-0.01446667,-226.287266434
3544,-0.016908337,-229.730576434
3545,-0.01934167,-232.644146434
3546,-0.02086667,-233.438756434
3547,-0.022283337,-236.087456434
3548,-0.024633336999999998,-238.118130034
3549,-0.026375002999999998,-236.970358234
3550,-0.02749167,-239.265896434
3551,-0.028433337,-236.793780034
3552,-0.028733336999999998,-236.440618234
3553,-0.028883337,-236.882066434
3554,-0.029075003,-237.235228234
3555,-0.029400002999999997,-237.85326003400002
3556,-0.029408337,-236.617196434
3557,-0.029658337,-236.617196434
3558,-0.029758337,-237.411806434
3559,-0.03006667,-238.294708234
3560,-0.030100003,-237.941546434
3561,-0.030250002999999998,-234.939690034
3562,-0.03024167,-235.027976434
3563,-0.030283337,-234.586528234
3564,-0.030408337,-234.321658234
3565,-0.030400003,-234.145080034
3566,-0.030408337,-233.791918234
3567,-0.03041667,-233.703626434
3568,-0.030408337,-233.615340034
3569,-0.03024167,-231.761250034
3570,-0.03024167,-231.496380034
3571,-0.030250002999999998,-231.496380034
3572,-0.03024167,-231.496380034
3573,-0.030258337,-231.496380034
3574,-0.030250002999999998,-231.231510034
3575,-0.030250002999999998,-231.231510034
3576,-0.030233337,-231.231510034
3577,-0.030258337,-231.319796434
3578,-0.030283337,-231.143218234
3579,-0.03039167,-231.143218234
3580,-0.030375002999999998,-231.143218234
3581,-0.030408337,-230.966640034
3582,-0.030400003,-230.701770034
3583,-0.030383337,-230.525186434
3584,-0.03041667,-230.348608234
3585,-0.03039167,-230.260316434
3586,-0.03039167,-230.260316434
3587,-0.030408337,-230.083738234
3588,-0.030408337,-229.995446434
3589,-0.030400003,-230.17203003400002
3590,-0.030400003,-229.90716003400001
3591,-0.030400003,-229.90716003400001
3592,-0.030400003,-229.730576434
3593,-0.030383337,-229.90716003400001
3594,-0.030408337,-229.818868234
3595,-0.03024167,-227.87648643400001
3596,-0.02984167,-218.164588234
3597,-0.02956667,-211.366260034
3598,-0.028850003,-194.94432003400001
3599,-0.028000003,-179.052120034
3600,-0.027275003,-163.513076434
3601,-0.026725003,-147.885746434
3602,-0.025958336999999998,-132.611578234
3603,-0.02521667,-117.337410034
3604,-0.024358337,-102.681268234
3605,-0.023775003,-88.378288234
3606,-0.023033336999999997,-74.163600004
3607,-0.022200003,-60.831808234
3608,-0.02154167,-47.500016464000005
3609,-0.02091667,-34.962840004
3610,-0.020283337,-23.308560004
3611,-0.019833337,-14.214688234
3612,-0.019650003,-10.329930004000001
3613,-0.019433337,-6.445166468
3614,-0.01939167,-4.855946468
3615,-0.019175003,0.176583532
3616,-0.01876667,7.328073532
3617,-0.01831667,16.157069996
3618,-0.017866669999999998,23.838299996
3619,-0.017308337,34.609683536
3620,-0.016483337,48.029761766
3621,-0.015491669999999999,62.862481765999995
3622,-0.01436667,77.342039996
3623,-0.013291669999999998,91.291863536
3624,-0.012108336999999999,104.623649966
3625,-0.010866669999999998,117.160831766
3626,-0.009533337,128.638533566
3627,-0.008075002999999999,139.763073566
3628,-0.0065166700000000004,149.474971766
3629,-0.004800003,159.275161766
3630,-0.0030000030000000002,167.751001766
3631,-0.001250003,175.343939966
3632,0.0007416629999999999,182.583721766
3633,0.002841663,189.028893566
3634,0.005016663,195.120903566
3635,0.00733333,200.241719966
3636,0.009641663,204.832801766
3637,0.01210833,209.159013566
3638,0.014524997000000001,212.867193566
3639,0.017041663000000002,216.310503566
3640,0.019558330000000002,219.047489966
3641,0.021841663,220.371839966
3642,0.02328333,222.755669966
3643,0.02495833,224.080019966
3644,0.02665833,226.110693566
3645,0.028374997000000002,227.258459966
3646,0.029324997000000002,227.435043566
3647,0.030649997000000002,229.024263566
3648,0.032016663,229.818873566
3649,0.033374997,231.31980176599998
3650,0.034424997,230.701769966
3651,0.035149997,230.966639966
3652,0.035891663000000004,231.849541766
3653,0.036874997,232.379281766
3654,0.037649997,230.966639966
3655,0.03848333,233.262183566
3656,0.039233330000000004,232.202703566
3657,0.03955833,232.026119966
3658,0.039841663,231.672963566
3659,0.039891663,229.907159966
3660,0.039899997,228.935971766
3661,0.03990833,228.317939966
3662,0.039991663000000004,228.053069966
3663,0.040074997,227.61162176599998
3664,0.03990833,222.402513566
3665,0.039466663,212.249161766
3666,0.038849997000000004,199.35882356599998
3667,0.038166663,185.144129966
3668,0.03755833,171.370889966
3669,0.03683333,156.449883566
3670,0.035833330000000004,136.231471766
3671,0.034949997000000003,116.366221766
3672,0.034049997,97.737029996
3673,0.033191663,79.990739996
3674,0.032449997,62.685903536
3675,0.03165833,46.440541765999996
3676,0.031049997,31.254659996
3677,0.030416663,21.013021766
3678,0.030199997,14.038109996
3679,0.029858330000000002,6.180301766
3680,0.029483330000000002,-1.58922
3681,0.029149997,-7.063198234
3682,0.029049997,-9.80019
3683,0.02883333,-14.656136464000001
3684,0.028749997,-18.540900003999997
3685,0.028149997,-27.193318234
3686,0.027574997,-37.699826464000004
3687,0.026791663,-48.912658234000006
3688,0.02605833,-60.213776464000006
3689,0.025224997000000002,-71.868056464
3690,0.024191663000000002,-83.522336464
3691,0.023374997,-95.176616464
3692,0.022274997,-106.830896434
3693,0.02118333,-117.867150034
3694,0.020091663,-128.815106434
3695,0.018741663000000002,-139.145036434
3696,0.01743333,-148.680356434
3697,0.016074997,-157.685936434
3698,0.014508330000000002,-165.985198234
3699,0.013899997,-167.574418234
3700,0.01355833,-168.104158234
3701,0.013424997000000001,-169.693378234
3702,0.012966663000000002,-172.695240034
3703,0.012416663000000001,-175.520518234
3704,0.011624997000000001,-179.58186003400002
3705,0.010649997000000001,-183.55491003400002
3706,0.00975833,-187.439668234
3707,0.007866663000000001,-194.237996434
3708,0.00603333,-200.065136434
3709,0.003991663,-205.539120034
3710,0.001974997,-210.57165003400002
3711,-0.000150003,-215.427596434
3712,-0.002450003,-219.312360034
3713,-0.00466667,-223.461988234
3714,-0.00696667,-226.817006434
3715,-0.009358337,-229.90716003400001
3716,-0.011750002999999998,-233.085600034
3717,-0.014250002999999999,-235.469430034
3718,-0.01661667,-238.118130034
3719,-0.019125002999999998,-240.148798234
3720,-0.021625003,-242.179466434
3721,-0.023258337,-241.649726434
3722,-0.024683337,-244.033556434
3723,-0.026241669999999998,-245.093036434
3724,-0.027883336999999998,-245.181328234
3725,-0.029741669999999998,-248.624638234
3726,-0.03134167,-248.624638234
3727,-0.032725003,-247.918320034
3728,-0.033675003,-249.419248234
3729,-0.035150003,-250.831890034
3730,-0.036150003,-250.655306434
3731,-0.036708337,-250.302150034
3732,-0.03746667,-249.948988234
3733,-0.03809167,-250.567020034
3734,-0.038525003,-251.979656434
3735,-0.039058337,-250.125566434
3736,-0.039225003,-249.595826434
3737,-0.03949167,-248.094898234
3738,-0.039525002999999996,-248.271476434
3739,-0.039825003,-249.772410034
3740,-0.039825003,-248.271476434
3741,-0.03989167,-247.653450034
3742,-0.040058337,-247.035418234
3743,-0.040083337,-246.50567823400002
3744,-0.040108337,-246.152516434
3745,-0.04014167,-245.622776434
3746,-0.040175003,-245.446198234
3747,-0.04019167,-245.357906434
3748,-0.04016667,-245.004750034
3749,-0.040183337,-244.828166434
3750,-0.040183337,-244.739880034
3751,-0.040183337,-244.651588234
3752,-0.040175003,-244.386718234
3753,-0.040150003,-244.475010034
3754,-0.040175003,-244.210140034
3755,-0.040183337,-244.033556434
3756,-0.040216669999999996,-244.121848234
3757,-0.040216669999999996,-243.945270034
3758,-0.040233337,-243.856978234
3759,-0.040258337,-243.768686434
3760,-0.040258337,-243.680400034
3761,-0.040283337,-243.768686434
3762,-0.040308337,-243.50381643400002
3763,-0.040308337,-243.592108234
3764,-0.04039167,-243.50381643400002
3765,-0.040425003,-243.415530034
3766,-0.04041667,-243.327238234
3767,-0.040408337,-243.327238234
3768,-0.04041667,-243.327238234
3769,-0.04039167,-243.150660034
3770,-0.04041667,-243.062368234
3771,-0.040408337,-242.974076434
3772,-0.040025002999999997,-237.676676434
3773,-0.039425003,-222.755670034
3774,-0.03866667,-206.333730034
3775,-0.03784167,-190.529816434
3776,-0.037208337,-174.461038234
3777,-0.036475003,-158.833708234
3778,-0.035633337,-143.824410034
3779,-0.03501667,-128.550236434
3780,-0.034425003,-113.717516434
3781,-0.033708337,-99.502828234
3782,-0.032950003,-84.934978234
3783,-0.032275003,-70.896868234
3784,-0.031600003,-57.741660004
3785,-0.03089167,-44.763030004
3786,-0.030108337,-32.137556464
3787,-0.029450003,-21.189600004
3788,-0.02906667,-13.331786464
3789,-0.028925002999999998,-8.74071
3790,-0.02874167,-5.82714
3791,-0.028683337,-4.414498234
3792,-0.028458337,1.236063532
3793,-0.02806667,8.299261765999999
3794,-0.027441669999999998,18.011159996
3795,-0.027075003,24.456331766
3796,-0.026400003,37.081799996
3797,-0.025575003,49.795559995999994
3798,-0.02451667,64.098539996
3799,-0.023400003,78.136649996
3800,-0.02219167,91.909889996
3801,-0.021033337,104.447071766
3802,-0.019691669999999998,116.366221766
3803,-0.01841667,127.225891766
3804,-0.01699167,137.290951766
3805,-0.015366669999999999,146.473109966
3806,-0.013758336999999999,154.595793566
3807,-0.012050002999999998,161.923861766
3808,-0.01036667,168.810481766
3809,-0.008583337,175.520523566
3810,-0.006550003,181.877403566
3811,-0.00461667,187.881121766
3812,-0.002533337,193.531683566
3813,-0.00034166999999999997,198.829083566
3814,0.001899997,203.420159966
3815,0.004274997,208.01124176599998
3816,0.006766663,211.719421766
3817,0.009174997,214.98615356599998
3818,0.011666663,218.076301766
3819,0.014141663,221.166449966
3820,0.016666663,223.815149966
3821,0.019399997000000002,226.64043356599998
3822,0.02200833,228.671101766
3823,0.02448333,230.966639966
3824,0.02720833,233.085599966
3825,0.029799997,235.29285176599998
3826,0.03243333,236.882071766
3827,0.03503333,238.736161766
3828,0.03730833,238.206421766
3829,0.03855833,239.795641766
3830,0.039991663000000004,240.766829966
3831,0.041341663,240.148803566
3832,0.042524997,242.179471766
3833,0.04375833,240.413673566
3834,0.044266663,240.148803566
3835,0.04473333,241.296569966
3836,0.045091663000000004,240.766829966
3837,0.045341663000000004,240.060511766
3838,0.045549997,240.148803566
3839,0.045774997,240.325381766
3840,0.046024997,240.590251766
3841,0.04628333,240.766829966
3842,0.04655833,240.943413566
3843,0.046766663,241.561439966
3844,0.046891663,239.442479966
3845,0.04703333,238.559583566
3846,0.04708333,237.676681766
3847,0.047149997,239.707349966
3848,0.04720833,238.559583566
3849,0.047416663,239.619063566
3850,0.047566663,240.943413566
3851,0.047774997,241.914601766
3852,0.04798333,242.091179966
3853,0.04825833,241.826309966
3854,0.048558330000000004,241.384861766
3855,0.048799997,242.26776356599999
3856,0.049049997,242.620919966
3857,0.049324997,243.062373566
3858,0.04938333,243.150659966
3859,0.049599997,241.031699966
3860,0.049749997000000004,242.356049966
3861,0.049949997,242.97408176599998
3862,0.05005833,241.208283566
3863,0.050049997,239.707349966
3864,0.049816663000000004,233.527053566
3865,0.049524997,224.60975996599998
3866,0.048974997,212.867193566
3867,0.04848333,202.360679966
3868,0.047799997000000004,188.410861766
3869,0.04725833,175.255653566
3870,0.046349997000000004,159.628323566
3871,0.045424997,138.968463566
3872,0.04450833,119.456369966
3873,0.043666663,100.738891766
3874,0.042816663,83.08089353599999
3875,0.041899997,65.952629996
3876,0.041224997,49.530689996
3877,0.04048333,33.991651766
3878,0.039991663000000004,22.690533536
3879,0.03958333,15.450751766
3880,0.039299997,7.504651766
3881,0.038824997,-0.26487
3882,0.03850833,-5.82714
3883,0.03835833,-9.00558
3884,0.038166663,-12.890338234000001
3885,0.03818333,-16.157070003999998
3886,0.037716663,-24.897780003999998
3887,0.037041663,-35.227710004
3888,0.036333330000000004,-45.734218234000004
3889,0.035474997,-56.947050004000005
3890,0.034691663,-68.42474646400001
3891,0.03378333,-80.343896464
3892,0.032816663,-91.998176464
3893,0.031741663,-103.034430034
3894,0.030749997,-114.42384003400001
3895,0.029574997000000002,-124.753770034
3896,0.028316663000000002,-134.730538234
3897,0.02708333,-144.000988234
3898,0.025616663,-152.565120034
3899,0.024283330000000002,-160.776090034
3900,0.02275833,-168.545606434
3901,0.021241663,-175.167356434
3902,0.019566663,-180.994496434
3903,0.017983330000000002,-186.203610034
3904,0.01623333,-191.412718234
3905,0.014399997000000001,-196.710118234
3906,0.012683330000000001,-201.919226434
3907,0.010774997000000001,-207.128340034
3908,0.008666663000000002,-211.896000034
3909,0.00655833,-216.928530034
3910,0.004324997,-221.431320034
3911,0.002066663,-224.874630034
3912,-0.00021667,-228.671096434
3913,-0.002608337,-232.026120034
3914,-0.00501667,-235.027976434
3915,-0.00744167,-237.676676434
3916,-0.009883336999999999,-240.325376434
3917,-0.012358336999999999,-242.444336434
3918,-0.01489167,-244.739880034
3919,-0.01744167,-246.50567823400002
3920,-0.019941669999999998,-248.536346434
3921,-0.022525003,-250.47872823400002
3922,-0.02496667,-251.891370034
3923,-0.02746667,-253.21572003400001
3924,-0.02991667,-254.716648234
3925,-0.032400003,-256.394160034
3926,-0.034275003,-255.246388234
3927,-0.035783337,-257.27705643400003
3928,-0.036883337,-257.541926434
3929,-0.038483337,-258.601406434
3930,-0.03934167,-258.513120034
3931,-0.040683337,-259.925756434
3932,-0.041700003,-259.925756434
3933,-0.042808337,-260.102340034
3934,-0.043883337,-260.808658234
3935,-0.044850003,-261.073528234
3936,-0.045600003,-261.779846434
3937,-0.04629167,-258.071666434
3938,-0.046483337,-256.040998234
3939,-0.046683337,-257.895088234
3940,-0.04691667,-258.777990034
3941,-0.04729167,-259.042860034
3942,-0.047733337,-259.925756434
3943,-0.04804167,-259.925756434
3944,-0.048200003,-259.749178234
3945,-0.04841667,-258.159958234
3946,-0.04841667,-257.188770034
3947,-0.048433337,-256.835608234
3948,-0.048625003,-257.806796434
3949,-0.04881667,-259.30773003400003
3950,-0.048825003,-258.248250034
3951,-0.049100002999999996,-259.219438234
3952,-0.049283336999999997,-260.102340034
3953,-0.04959167,-260.720366434
3954,-0.049650003,-261.073528234
3955,-0.049958337,-261.161820034
3956,-0.049925003,-259.749178234
3957,-0.050008337,-258.866276434
3958,-0.05009167,-258.336536434
3959,-0.050175002999999996,-257.895088234
3960,-0.050250003,-257.27705643400003
3961,-0.050250003,-256.482446434
3962,-0.050258337,-256.394160034
3963,-0.050258337,-256.129290034
3964,-0.050250003,-255.687836434
3965,-0.050258337,-255.246388234
3966,-0.05026667,-254.893226434
3967,-0.050283337,-254.716648234
3968,-0.05026667,-254.716648234
3969,-0.05026667,-254.363486434
3970,-0.05024167,-254.010330034
3971,-0.050258337,-253.657168234
3972,-0.050250003,-253.568876434
3973,-0.050250003,-253.21572003400001
3974,-0.05024167,-253.039136434
3975,-0.050075003,-249.330956434
3976,-0.049825003,-242.974076434
3977,-0.04959167,-237.588390034
3978,-0.049358337,-232.820730034
3979,-0.048525003,-215.869050034
3980,-0.047775002999999996,-199.800266434
3981,-0.047125003,-183.996358234
3982,-0.046325003,-168.280736434
3983,-0.045575002999999996,-152.829990034
3984,-0.044900003,-138.085556434
3985,-0.04411667,-123.164550034
3986,-0.043433337,-108.331830034
3987,-0.042658337,-94.29372000400001
3988,-0.041958337,-79.902448234
3989,-0.04121667,-66.65894823400001
3990,-0.040558337,-53.150578234
3991,-0.039925003,-40.348526464
3992,-0.03924167,-28.959116463999997
3993,-0.038833337,-18.540900003999997
3994,-0.038508337,-12.978630004000001
3995,-0.03816667,-7.592938234
3996,-0.038000003,-6.003718234
3997,-0.03784167,-3.266726468
3998,-0.037566669999999996,3.0901535320000004
3999,-0.037025003,11.036253535999998
4000,-0.036533337,20.394989996
4001,-0.03616667,26.222129996
4002,-0.035333337,40.613401765999996
4003,-0.034450003,53.503739996
4004,-0.033458337,67.895011766
4005,-0.032350003,81.756543536
4006,-0.031108337,94.470303536
4007,-0.029758337,106.212869966
4008,-0.02849167,116.454513566
4009,-0.027208337,126.60785996599999
4010,-0.025725003,135.171991766
4011,-0.024183337,143.118091766
4012,-0.022583337,150.00471176599999
4013,-0.020958337,154.948949966
4014,-0.01936667,159.186869966
4015,-0.017700003,164.131113566
4016,-0.015983337,170.487993566
4017,-0.014125002999999999,176.491711766
4018,-0.012300002999999999,183.025169966
4019,-0.010283336999999998,189.205471766
4020,-0.008233336999999999,194.944319966
4021,-0.006000003,200.418303566
4022,-0.00379167,205.185963566
4023,-0.00146667,209.777039966
4024,0.000891663,213.926673566
4025,0.00338333,217.811431766
4026,0.00585833,220.813293566
4027,0.008391663,223.726863566
4028,0.010941663,226.375563566
4029,0.013499997000000001,229.024263566
4030,0.016116663,231.408093566
4031,0.01873333,233.173891766
4032,0.021383330000000002,235.469429966
4033,0.02395833,237.323519966
4034,0.026641663,239.26590176599998
4035,0.029266663000000002,240.855121766
4036,0.03190833,242.620919966
4037,0.03458333,244.121853566
4038,0.037274997000000004,245.799359966
4039,0.03983333,247.300293566
4040,0.042566663,248.889513566
4041,0.04523333,250.390441766
4042,0.04785833,251.803083566
4043,0.050516663,253.039141766
4044,0.051866663,248.271481766
4045,0.05258333,250.567019966
4046,0.05325833,251.803083566
4047,0.053816663,251.008473566
4048,0.054291663000000004,251.538213566
4049,0.055249997,253.127433566
4050,0.056199997,253.92204356599999
4051,0.056991663,254.010329966
4052,0.057566663000000004,252.685979966
4053,0.05815833,252.156239966
4054,0.058641663000000004,252.774271766
4055,0.059116663,253.304011766
4056,0.059649997,253.92204356599999
4057,0.060224997,255.246393566
4058,0.061374997,256.835613566
4059,0.062791663,257.188769966
4060,0.063849997,257.012191766
4061,0.06478333,257.541931766
4062,0.065891663,257.806801766
4063,0.06634999700000001,255.687841766
4064,0.066791663,255.952711766
4065,0.06765833,258.513119966
4066,0.068366663,256.923899966
4067,0.068824997,257.012191766
4068,0.069166663,255.422971766
4069,0.069349997,256.482451766
4070,0.069699997,256.394159966
4071,0.069691663,254.540069966
4072,0.069874997,253.657173566
4073,0.069949997,253.039141766
4074,0.06995833,252.509401766
4075,0.069974997,252.244531766
4076,0.07000833000000001,251.89136996599998
4077,0.070041663,251.449921766
4078,0.069691663,242.356049966
4079,0.069016663,230.172029966
4080,0.068666663,222.137643566
4081,0.06810833,210.041909966
4082,0.067516663,196.268669966
4083,0.066491663,175.432231766
4084,0.065591663,154.948949966
4085,0.064491663,135.171991766
4086,0.063641663,116.013059966
4087,0.06273333,97.207289996
4088,0.061966663,80.255609996
4089,0.06110833,63.392221766
4090,0.06030833,47.411729996
4091,0.059616663,32.490723536
4092,0.059074997000000004,21.719339996000002
4093,0.058766663000000004,15.009303536
4094,0.058374997,6.180301766
4095,0.057991663,-1.677506468
4096,0.057674997,-6.268588234
4097,0.057491663,-9.00558
4098,0.05733333,-12.713760004000001
4099,0.057174997,-16.510226464
4100,0.056724997,-25.604098234
4101,0.055999997,-36.110606464
4102,0.055399997,-46.617120004
4103,0.05455833,-57.918238234
4104,0.053749997,-69.660810004
4105,0.05283333,-80.961928234
4106,0.051791663,-92.704500004
4107,0.050799997,-103.652456434
4108,0.049724997,-114.688710034
4109,0.048574997,-125.106926434
4110,0.047266663,-134.730538234
4111,0.045999997,-143.382956434
4112,0.044574997,-151.152478234
4113,0.043174997,-158.127390034
4114,0.041666663,-164.92571823400002
4115,0.040141663,-170.487988234
4116,0.03868333,-175.697096434
4117,0.037049997,-180.376470034
4118,0.03545833,-185.055838234
4119,0.033824997,-189.470336434
4120,0.032141663,-193.973126434
4121,0.030416663,-199.093948234
4122,0.02860833,-203.86160823400002
4123,0.026624997,-209.159008234
4124,0.02470833,-214.456408234
4125,0.022583330000000002,-219.400646434
4126,0.020449997,-223.726858234
4127,0.018174997000000002,-227.611616434
4128,0.01585833,-231.319796434
4129,0.013624997000000002,-234.85139823400002
4130,0.011233330000000001,-238.118130034
4131,0.008774997000000001,-240.855116434
4132,0.0063833299999999996,-243.327238234
4133,0.00385833,-245.711068234
4134,0.001399997,-248.006606434
4135,-0.00116667,-249.772410034
4136,-0.00369167,-251.803078234
4137,-0.004925003,-248.977800034
4138,-0.007308337,-254.18690823400001
4139,-0.009666669999999999,-253.568876434
4140,-0.009833337,-249.50754003400002
4141,-0.010058336999999999,-248.359768234
4142,-0.010083337,-247.741736434
4143,-0.010108336999999998,-247.211996434
4144,-0.010108336999999998,-246.858840034
4145,-0.010216669999999999,-246.682256434
4146,-0.010275003,-246.329100034
4147,-0.010350003,-245.975938234
4148,-0.01041667,-245.887646434
4149,-0.010425002999999999,-245.711068234
4150,-0.01041667,-245.622776434
4151,-0.010425002999999999,-245.53449003400002
4152,-0.010408336999999998,-245.357906434
4153,-0.010433336999999999,-245.093036434
4154,-0.01041667,-245.093036434
4155,-0.010425002999999999,-245.093036434
4156,-0.01041667,-245.004750034
4157,-0.010425002999999999,-244.916458234
4158,-0.01041667,-244.828166434
4159,-0.010433336999999999,-244.828166434
4160,-0.010441669999999998,-244.739880034
4161,-0.010433336999999999,-244.475010034
4162,-0.010441669999999998,-244.475010034
4163,-0.010391669999999999,-244.563296434
4164,-0.010433336999999999,-244.386718234
4165,-0.010425002999999999,-244.563296434
4166,-0.010425002999999999,-244.386718234
4167,-0.010433336999999999,-244.210140034
4168,-0.010400003,-244.386718234
4169,-0.010450003,-244.210140034
4170,-0.010408336999999998,-244.210140034
4171,-0.010433336999999999,-243.945270034
4172,-0.010433336999999999,-244.033556434
4173,-0.010466669999999999,-243.945270034
4174,-0.010433336999999999,-244.033556434
4175,-0.010450003,-243.945270034
4176,-0.010466669999999999,-243.768686434
4177,-0.01049167,-243.768686434
4178,-0.010691669999999999,-246.064230034
4179,-0.01101667,-252.509396434
4180,-0.012341669999999999,-255.952706434
4181,-0.014516669999999999,-259.30773003400003
4182,-0.017183337,-260.455496434
4183,-0.019916669999999997,-261.514976434
4184,-0.022483337,-262.839326434
4185,-0.02509167,-264.163676434
4186,-0.027733337,-265.046578234
4187,-0.03029167,-266.459220034
4188,-0.032908336999999996,-267.695278234
4189,-0.03551667,-268.578180034
4190,-0.038175003,-269.902530034
4191,-0.040858337,-271.226880034
4192,-0.043491669999999996,-272.286360034
4193,-0.046083337,-273.522418234
4194,-0.04811667,-271.668328234
4195,-0.049541669999999996,-273.345840034
4196,-0.05126667,-274.581898234
4197,-0.053108337,-275.464800034
4198,-0.05456667,-275.641378234
4199,-0.055966669999999996,-275.817956434
4200,-0.05736667,-276.877436434
4201,-0.058750003,-277.318890034
4202,-0.060033337,-276.435988234
4203,-0.060950003,-276.965728234
4204,-0.061933337,-277.318890034
4205,-0.062958337,-277.848630034
4206,-0.06396667,-278.201786434
4207,-0.06489167,-278.731526434
4208,-0.06554167,-277.672046434
4209,-0.06614167,-277.318890034
4210,-0.06649167,-276.435988234
4211,-0.06679167,-275.817956434
4212,-0.067325003,-278.819818234
4213,-0.067700003,-278.554948234
4214,-0.06834167,-278.996396434
4215,-0.06876667,-278.466656434
4216,-0.06914167,-277.583760034
4217,-0.06934167,-275.906248234
4218,-0.06954167,-276.435988234
4219,-0.069783337,-275.906248234
4220,-0.06985833699999999,-275.994540034
4221,-0.070000003,-275.464800034
4222,-0.070033337,-273.434126434
4223,-0.070025003,-272.727808234
4224,-0.070033337,-272.462938234
4225,-0.070083337,-272.286360034
4226,-0.07010833699999999,-272.109776434
4227,-0.07009167,-272.021490034
4228,-0.070125003,-271.933198234
4229,-0.070125003,-271.580036434
4230,-0.07011667,-271.580036434
4231,-0.070125003,-271.491750034
4232,-0.07011667,-271.226880034
4233,-0.070125003,-271.050296434
4234,-0.070133337,-270.962010034
4235,-0.07014167,-270.962010034
4236,-0.070133337,-270.785426434
4237,-0.070150003,-270.69714003400003
4238,-0.07014167,-270.608848234
4239,-0.07011667,-270.608848234
4240,-0.070125003,-270.520556434
4241,-0.070133337,-270.432270034
4242,-0.070158337,-270.255686434
4243,-0.07014167,-270.255686434
4244,-0.07016667,-270.167400034
4245,-0.070175003,-269.990816434
4246,-0.070183337,-269.902530034
4247,-0.070208337,-269.372790034
4248,-0.070208337,-269.107920034
4249,-0.070200003,-269.019628234
4250,-0.07021667,-268.754758234
4251,-0.070208337,-268.66646643400003
4252,-0.07021667,-268.578180034
4253,-0.070025003,-265.134870034
4254,-0.06981667,-260.278918234
4255,-0.069758337,-258.866276434
4256,-0.069025003,-243.150660034
4257,-0.068208337,-226.728720034
4258,-0.06739167,-210.57165003400002
4259,-0.066650003,-195.120898234
4260,-0.065933337,-179.493568234
4261,-0.065183337,-164.219400034
4262,-0.064408337,-149.033518234
4263,-0.063725003,-134.289090034
4264,-0.06296667,-119.544656434
4265,-0.062250003,-105.329968234
4266,-0.061458337,-90.850410004
4267,-0.060750003,-76.724008234
4268,-0.06001667,-63.568800004
4269,-0.05939167,-51.031618234
4270,-0.05859167,-38.582728234
4271,-0.058050002999999996,-27.016740004
4272,-0.057408337,-16.863388234
4273,-0.057083337,-10.771378234
4274,-0.056883337,-6.7983282339999995
4275,-0.056850002999999996,-5.473978234
4276,-0.056658336999999996,-1.85409
4277,-0.056408336999999996,3.884763532
4278,-0.055841669999999996,12.713759995999999
4279,-0.055225003,21.542761766
4280,-0.05494167,28.164511766
4281,-0.054058337,42.379199996
4282,-0.053225003,55.181251765999995
4283,-0.052133337,69.660809996
4284,-0.05084167,83.08089353599999
4285,-0.04976667,95.353199996
4286,-0.048341669999999996,105.683129966
4287,-0.04714167,115.483319966
4288,-0.04569167,124.312321766
4289,-0.044233337,131.552103566
4290,-0.04271667,138.173853566
4291,-0.04114167,143.647831766
4292,-0.039558337,148.327199966
4293,-0.038008336999999996,152.829989966
4294,-0.036483337,157.68594176599998
4295,-0.03494167,163.336503566
4296,-0.033258337,169.605091766
4297,-0.031350003,176.315133566
4298,-0.029583336999999998,182.672013566
4299,-0.027683337,189.028893566
4300,-0.025650002999999998,195.65064356599999
4301,-0.023583337,201.30119996599998
4302,-0.02129167,206.598599966
4303,-0.018933336999999998,212.160869966
4304,-0.016633336999999998,216.398789966
4305,-0.014183336999999999,220.63670996599998
4306,-0.011700002999999999,224.168311766
4307,-0.009225002999999999,227.523329966
4308,-0.00664167,230.966639966
4309,-0.004100003,233.262183566
4310,-0.001508337,235.734299966
4311,0.001149997,238.029843566
4312,0.00370833,240.060511766
4313,0.006349997,241.826309966
4314,0.009041663,243.680399966
4315,0.011766663,245.269619966
4316,0.014399997000000001,246.682261766
4317,0.016966663,248.094903566
4318,0.019774997000000002,249.419253566
4319,0.022499997,250.831889966
4320,0.025224997000000002,252.332823566
4321,0.027941663000000002,252.950849966
4322,0.030691663,254.451783566
4323,0.033391663,255.511263566
4324,0.036074997,256.74732176599997
4325,0.03893333,257.983379966
4326,0.041599997,258.866281766
4327,0.044341663,260.190631766
4328,0.04708333,261.42668996599997
4329,0.049766663,262.662753566
4330,0.05248333,263.545649966
4331,0.05520833,264.605129966
4332,0.05695833,261.514981766
4333,0.059224997,266.459219966
4334,0.060474997,262.751039966
4335,0.061116663,264.428551766
4336,0.062174997,265.046583566
4337,0.062899997,264.781713566
4338,0.06393333,265.752901766
4339,0.06565833,267.165543566
4340,0.066949997,267.695283566
4341,0.06865833,269.107919966
4342,0.070224997,267.518699966
4343,0.072641663,271.756619966
4344,0.075066663,270.432269966
4345,0.07633333,271.933203566
4346,0.077999997,272.816099966
4347,0.079491663,272.727813566
4348,0.08018333,271.226879966
4349,0.080824997,271.933203566
4350,0.08175833,273.34583996599997
4351,0.082591663,272.374651766
4352,0.08349166300000001,274.581903566
4353,0.08498333,275.553091766
4354,0.08655833,275.641383566
4355,0.087674997,274.935059966
4356,0.087991663,273.522423566
4357,0.088291663,272.10978176599997
4358,0.088541663,270.697139966
4359,0.08878333000000001,271.226879966
4360,0.088949997,272.639521766
4361,0.08904166300000001,271.226879966
4362,0.089149997,270.432269966
4363,0.089191663,270.167399966
4364,0.089266663,271.050301766
4365,0.089499997,272.727813566
4366,0.08970833,273.699001766
4367,0.08978333,272.198073566
4368,0.089841663,271.40346356599997
4369,0.089849997,270.697139966
4370,0.08993333,270.520561766
4371,0.089949997,269.902529966
4372,0.08998333,269.637659966
4373,0.09003333,269.284503566
4374,0.090066663,269.107919966
4375,0.089766663,262.221299966
4376,0.089199997,250.567019966
4377,0.08853333000000001,235.381143566
4378,0.08740833,214.456413566
4379,0.086499997,193.178521766
4380,0.085549997,172.871823566
4381,0.084474997,152.653411766
4382,0.083574997,133.053031766
4383,0.082591663,113.805813566
4384,0.08172499700000001,96.059523536
4385,0.080899997,78.931259996
4386,0.08009166300000001,62.156163536
4387,0.079324997,46.617119996
4388,0.078516663,31.607821766
4389,0.078016663,21.366183536
4390,0.077674997,14.479563535999999
4391,0.077299997,5.650561766
4392,0.076866663,-2.207246468
4393,0.07668333,-6.356879999999999
4394,0.076491663,-9.00558
4395,0.07633333,-12.448890004
4396,0.076241663,-17.304836463999997
4397,0.07565833,-26.133838234
4398,0.074966663,-36.375476464
4399,0.074191663,-46.705406464
4400,0.073349997,-58.006530004000005
4401,0.072499997,-69.307648234
4402,0.071591663,-80.873636464
4403,0.07063333,-92.174760004
4404,0.069574997,-103.387586434
4405,0.068424997,-114.158970034
4406,0.067299997,-124.577186434
4407,0.06615833,-134.024220034
4408,0.064766663,-142.058606434
4409,0.063316663,-149.828128234
4410,0.062024997,-156.361586434
4411,0.060399997000000004,-162.277018234
4412,0.05893333,-167.221256434
4413,0.057374997000000004,-171.812338234
4414,0.055899997,-176.315128234
4415,0.05448333,-180.376470034
4416,0.052749997,-185.055838234
4417,0.051316663,-189.823498234
4418,0.049666663,-195.297476434
4419,0.04798333,-201.036330034
4420,0.046191663,-206.86347003400002
4421,0.044274997,-212.602318234
4422,0.042324997,-217.723140034
4423,0.040241663000000004,-222.667378234
4424,0.038224997000000004,-226.817006434
4425,0.03615833,-230.790056434
4426,0.03403333,-235.027976434
4427,0.031733330000000004,-238.383000034
4428,0.029424997,-241.56144003400001
4429,0.027099997,-244.916458234
4430,0.024724997000000002,-247.918320034
4431,0.022241663000000002,-250.655306434
4432,0.019791663,-253.039136434
4433,0.017216663,-255.334680034
4434,0.01475833,-257.188770034
4435,0.012149997000000001,-259.131146434
4436,0.009533330000000001,-260.896950034
4437,0.006916663,-262.486170034
4438,0.00430833,-263.98709823400003
4439,0.001716663,-265.399740034
4440,-0.000925003,-266.194350034
4441,-0.003558337,-267.783570034
4442,-0.006333337,-268.843050034
4443,-0.009033336999999999,-269.990816434
4444,-0.011616669999999999,-271.138588234
4445,-0.014258337,-272.021490034
4446,-0.017100003,-273.080970034
4447,-0.01984167,-273.787288234
4448,-0.022500002999999998,-274.405320034
4449,-0.02516667,-275.464800034
4450,-0.027916669999999998,-276.61256643400003
4451,-0.030583337,-277.318890034
4452,-0.033358337,-278.290078234
4453,-0.03604167,-279.437850034
4454,-0.038800003,-280.320746434
4455,-0.041416669999999996,-280.850486434
4456,-0.04416667,-281.909966434
4457,-0.04686667,-283.057738234
4458,-0.049541669999999996,-283.675770034
4459,-0.05224167,-284.646958234
4460,-0.054950003,-285.618146434
4461,-0.057658337,-286.677626434
4462,-0.060425003,-287.560528234
4463,-0.063058337,-288.443430034
4464,-0.06574167,-289.591196434
4465,-0.06841667,-290.827260034
4466,-0.071200003,-291.180416434
4467,-0.072525003,-290.120936434
4468,-0.073533337,-290.120936434
4469,-0.07489167,-290.915546434
4470,-0.07576667,-290.827260034
4471,-0.07716666999999999,-292.769636434
4472,-0.077958337,-292.239896434
4473,-0.07921667,-293.122798234
4474,-0.080708337,-293.564246434
4475,-0.081575003,-291.180416434
4476,-0.08206667,-292.063318234
4477,-0.082625003,-292.328188234
4478,-0.08309166999999999,-292.681350034
4479,-0.08384167,-294.182278234
4480,-0.084908337,-295.418336434
4481,-0.085275003,-293.122798234
4482,-0.085908337,-294.00570003400003
4483,-0.086275003,-291.886740034
4484,-0.086583337,-291.798448234
4485,-0.08674166999999999,-291.533578234
4486,-0.087075003,-292.416480034
4487,-0.087308337,-292.063318234
4488,-0.087425003,-293.122798234
4489,-0.08761667,-291.445286434
4490,-0.08764167,-290.738968234
4491,-0.08769167,-289.944358234
4492,-0.08786667,-291.445286434
4493,-0.088025003,-292.681350034
4494,-0.088033337,-291.357000034
4495,-0.08825833699999999,-292.857928234
4496,-0.088733337,-295.683206434
4497,-0.08881667,-293.211090034
4498,-0.089025003,-292.593058234
4499,-0.08914166999999999,-292.504766434
4500,-0.089433337,-293.917408234
4501,-0.089458337,-292.504766434
4502,-0.089700003,-293.211090034
4503,-0.089700003,-292.151610034
4504,-0.089700003,-291.710156434
4505,-0.090033337,-292.946220034
4506,-0.090000003,-292.063318234
4507,-0.09004167,-291.621870034
4508,-0.090008337,-289.061456434
4509,-0.090008337,-289.149748234
4510,-0.090008337,-288.796586434
4511,-0.09004167,-288.708300034
4512,-0.090033337,-288.531716434
4513,-0.090050003,-288.443430034
4514,-0.09006667,-288.355138234
4515,-0.090125003,-288.266846434
4516,-0.09015000299999999,-288.001976434
4517,-0.090183337,-288.001976434
4518,-0.090225003,-287.648820034
4519,-0.09021667,-287.648820034
4520,-0.09021667,-287.472236434
4521,-0.090233337,-287.560528234
4522,-0.09021667,-287.472236434
4523,-0.09024167,-287.29565823400003
4524,-0.090225003,-287.207366434
4525,-0.09024167,-287.119080034
4526,-0.09027500299999999,-287.119080034
4527,-0.09029167,-287.29565823400003
4528,-0.09029167,-287.030788234
4529,-0.090300003,-286.942496434
4530,-0.09029167,-286.942496434
4531,-0.090308337,-287.030788234
4532,-0.090308337,-286.765918234
4533,-0.090308337,-286.765918234
4534,-0.090325003,-286.854210034
4535,-0.090325003,-286.765918234
4536,-0.09031667,-286.677626434
4537,-0.090308337,-286.765918234
4538,-0.090325003,-286.677626434
4539,-0.090325003,-286.765918234
4540,-0.09031667,-286.501048234
4541,-0.09029167,-286.501048234
4542,-0.09029167,-286.501048234
4543,-0.090325003,-286.412756434
4544,-0.090300003,-286.412756434
4545,-0.090325003,-286.412756434
4546,-0.090308337,-286.236178234
4547,-0.09031667,-286.412756434
4548,-0.09031667,-286.324470034
4549,-0.090325003,-286.236178234
4550,-0.090333337,-286.324470034
4551,-0.090308337,-286.324470034
4552,-0.090333337,-286.324470034
4553,-0.09031667,-286.236178234
4554,-0.09031667,-286.236178234
4555,-0.090325003,-286.059600034
4556,-0.090350003,-285.971308234
4557,-0.09027500299999999,-284.646958234
4558,-0.089683337,-272.109776434
4559,-0.089025003,-255.15809643400002
4560,-0.08831667,-238.736156434
4561,-0.08762500299999999,-222.932248234
4562,-0.086825003,-207.304918234
4563,-0.086108337,-191.94245823400001
4564,-0.085400003,-176.226836434
4565,-0.08461667,-161.217538234
4566,-0.083933337,-146.56139643400002
4567,-0.083250003,-131.463806434
4568,-0.08246667,-117.072540034
4569,-0.081708337,-102.416398234
4570,-0.08106667,-88.643158234
4571,-0.08021667,-75.223080004
4572,-0.07959167,-61.891288234
4573,-0.078858337,-49.177528234
4574,-0.078208337,-36.993508234000004
4575,-0.07759167,-25.868968234
4576,-0.077033337,-16.068778234
4577,-0.076608337,-9.80019
4578,-0.076425003,-6.356879999999999
4579,-0.076250003,-5.2091082339999994
4580,-0.076233337,-1.05948
4581,-0.075850003,4.8559517660000004
4582,-0.07571667,5.915431766
4583,-0.075250003,13.420083536
4584,-0.07481667,21.631053536
4585,-0.074283337,28.959121766000003
4586,-0.073350003,42.644069996
4587,-0.07256667,55.710991766
4588,-0.07137500299999999,69.484231766
4589,-0.070208337,83.257471766
4590,-0.069025003,94.911751766
4591,-0.067633337,105.418259966
4592,-0.06636667,114.158969966
4593,-0.064925003,122.281653566
4594,-0.06341667,129.079981766
4595,-0.06196667,135.34856996599999
4596,-0.06049167,140.292813566
4597,-0.058950003,145.06047356599998
4598,-0.057358337,150.00471176599999
4599,-0.05581667,154.948949966
4600,-0.054308337,159.628323566
4601,-0.052708337,165.455463566
4602,-0.051033337,172.518661766
4603,-0.049258337,178.787249966
4604,-0.04744167,186.115323566
4605,-0.045483337,192.560489966
4606,-0.043533337,199.005661766
4607,-0.041425003,204.656223566
4608,-0.03926667,210.571649966
4609,-0.037008337,215.604179966
4610,-0.03474167,220.460131766
4611,-0.032408337,224.60975996599998
4612,-0.029900002999999998,228.053069966
4613,-0.027566669999999998,232.026119966
4614,-0.02511667,235.116273566
4615,-0.02249167,238.559583566
4616,-0.019875003,240.943413566
4617,-0.017308337,243.150659966
4618,-0.014733336999999999,245.534489966
4619,-0.012091669999999999,247.476871766
4620,-0.009375003,249.330961766
4621,-0.006708337,251.008473566
4622,-0.004050003,252.597693566
4623,-0.00131667,253.833751766
4624,0.00135833,255.422971766
4625,0.00398333,256.570743566
4626,0.006774997,257.453639966
4627,0.009574997,258.601411766
4628,0.012266663,259.572599966
4629,0.01500833,260.632079966
4630,0.017816663,261.514981766
4631,0.020516663,262.397883566
4632,0.023299997,263.280779966
4633,0.026099997,263.987103566
4634,0.028874997,265.134869966
4635,0.031541663,265.488031766
4636,0.034274997,266.900673566
4637,0.037116663,267.165543566
4638,0.03988333,267.871861766
4639,0.04260833,269.37278996599997
4640,0.04545833,269.549373566
4641,0.048116663000000004,270.432269966
4642,0.050941663,271.40346356599997
4643,0.053699997,272.639521766
4644,0.056466663,273.34583996599997
4645,0.059374997,274.140449966
4646,0.062041663000000004,275.111643566
4647,0.06484166300000001,276.171123566
4648,0.06765833,277.054019966
4649,0.07045833,278.025213566
4650,0.07315833000000001,279.261271766
4651,0.075999997,280.409043566
4652,0.078791663,281.291939966
4653,0.081549997,282.704581766
4654,0.08430833,283.764061766
4655,0.087049997,284.73524996599997
4656,0.08983333,286.059599966
4657,0.09256666300000001,287.207371766
4658,0.09420833,284.205509966
4659,0.09560833,287.030793566
4660,0.09708333,287.648819966
4661,0.098624997,288.443429966
4662,0.100116663,288.443429966
4663,0.101899997,289.856071766
4664,0.10363333,290.474103566
4665,0.105224997,290.209233566
4666,0.106891663,291.975031766
4667,0.10844166300000001,289.502909966
4668,0.108841663,287.648819966
4669,0.109141663,287.825403566
4670,0.109166663,285.883021766
4671,0.109424997,286.76592356599997
4672,0.10960833,287.295663566
4673,0.10975833,286.324469966
4674,0.109791663,285.706443566
4675,0.109774997,284.911833566
4676,0.109866663,284.646963566
4677,0.109974997,284.117223566
4678,0.109991663,283.852353566
4679,0.11003333,283.499191766
4680,0.110124997,283.234321766
4681,0.109774997,278.378369966
4682,0.10935833,268.578179966
4683,0.10888333,258.159963566
4684,0.10844166300000001,248.183189966
4685,0.107491663,228.229653566
4686,0.106391663,207.481501766
4687,0.10540833,186.909933566
4688,0.10443333,166.691521766
4689,0.10343333,147.267719966
4690,0.10248333,127.49076176599999
4691,0.101474997,108.949861766
4692,0.100724997,91.998181766
4693,0.099941663,75.134793536
4694,0.099174997,58.801139995999996
4695,0.098324997,42.644069996
4696,0.097691663,29.312283536000002
4697,0.09722499700000001,20.306703536
4698,0.096824997,12.978629995999999
4699,0.09645833,4.326211766
4700,0.09596666300000001,-3.17844
4701,0.09580833,-7.15149
4702,0.095724997,-9.358736468
4703,0.09548333,-13.331786464
4704,0.09515833,-19.688666464
4705,0.094624997,-28.517668234
4706,0.094041663,-38.141280004
4707,0.093291663,-49.089236464
4708,0.092399997,-60.037198234
4709,0.091549997,-71.426608234
4710,0.09045833,-82.63944000400001
4711,0.08960833,-93.94055823400001
4712,0.088424997,-104.976806434
4713,0.08739999700000001,-115.571606434
4714,0.086166663,-125.813250034
4715,0.084941663,-134.64224643400001
4716,0.08355833,-142.500060034
4717,0.082166663,-149.386680034
4718,0.08073333,-155.566976434
4719,0.079241663,-161.394116434
4720,0.077774997,-165.808620034
4721,0.076141663,-169.958248234
4722,0.074749997,-174.107876434
4723,0.073291663,-178.698958234
4724,0.071699997,-183.378326434
4725,0.07018333,-188.23427823400002
4726,0.06862499700000001,-193.796548234
4727,0.06698333000000001,-199.88855823400002
4728,0.065316663,-206.245438234
4729,0.06343333,-211.984286434
4730,0.061566663,-217.723140034
4731,0.059666663,-222.22593003400002
4732,0.057741663,-227.17016823400002
4733,0.055916663,-231.054926434
4734,0.053849997000000004,-235.734300034
4735,0.051616663,-240.060506434
4736,0.049341663,-243.945270034
4737,0.04713333,-247.300288234
4738,0.044849997,-250.655306434
4739,0.04248333,-253.745460034
4740,0.039999997,-256.570738234
4741,0.03768333,-258.954568234
4742,0.03515833,-261.161820034
4743,0.03260833,-263.722228234
4744,0.030141663000000003,-265.223156434
4745,0.027474997,-267.077246434
4746,0.02483333,-268.843050034
4747,0.02225833,-270.255686434
4748,0.019674997,-271.580036434
4749,0.016949997,-272.816100034
4750,0.01428333,-274.052158234
4751,0.01160833,-275.199930034
4752,0.008891663000000001,-276.082826434
4753,0.00615833,-277.054020034
4754,0.0033666629999999998,-277.848630034
4755,0.000624997,-278.996396434
4756,-0.002033337,-279.526136434
4757,-0.004758337,-279.879298234
4758,-0.007533337,-280.673908234
4759,-0.010283336999999998,-281.468518234
4760,-0.013008337,-281.909966434
4761,-0.015800003,-282.792868234
4762,-0.018683336999999998,-283.32260823400003
4763,-0.021408337,-283.940640034
4764,-0.024175003,-284.646958234
4765,-0.02694167,-285.441568234
4766,-0.029650002999999998,-285.794730034
4767,-0.032425003,-286.412756434
4768,-0.03514167,-287.030788234
4769,-0.037883336999999996,-287.825398234
4770,-0.04069167,-288.443430034
4771,-0.043375003,-289.149748234
4772,-0.046250003,-289.856066434
4773,-0.048975002999999996,-290.297520034
4774,-0.05174167,-291.092130034
4775,-0.05441667,-292.063318234
4776,-0.05719167,-292.857928234
4777,-0.059933336999999996,-293.652538234
4778,-0.062683337,-294.535440034
4779,-0.065400003,-295.594920034
4780,-0.068183337,-296.389530034
4781,-0.070883337,-297.184140034
4782,-0.073675003,-298.243620034
4783,-0.07641667,-299.567970034
4784,-0.079075003,-300.539158234
4785,-0.081808337,-301.598638234
4786,-0.084450003,-302.746410034
4787,-0.087083337,-303.89417643400003
4788,-0.089708337,-304.865370034
4789,-0.092375003,-306.013136434
4790,-0.093883337,-304.512208234
4791,-0.09531666999999999,-305.571688234
4792,-0.09604167,-303.805890034
4793,-0.096908337,-304.865370034
4794,-0.097783337,-305.836558234
4795,-0.099150003,-307.690648234
4796,-0.100608337,-307.778940034
4797,-0.101800003,-305.92485003400003
4798,-0.102458337,-305.306818234
4799,-0.102983337,-306.896038234
4800,-0.103525003,-307.160908234
4801,-0.104308337,-307.337486434
4802,-0.10476666999999999,-307.425778234
4803,-0.10536667,-307.337486434
4804,-0.10584167,-307.955518234
4805,-0.106283337,-308.838420034
4806,-0.107025003,-309.191576434
4807,-0.10761667,-308.838420034
4808,-0.107908337,-307.160908234
4809,-0.108250003,-307.602356434
4810,-0.108383337,-307.690648234
4811,-0.108575003,-306.013136434
4812,-0.10876667,-306.984330034
4813,-0.108858337,-305.748266434
4814,-0.10909167,-306.896038234
4815,-0.109208337,-307.867226434
4816,-0.109408337,-306.366298234
4817,-0.10941667,-305.659980034
4818,-0.10955000299999999,-306.542876434
4819,-0.109683337,-305.92485003400003
4820,-0.109758337,-305.218526434
4821,-0.109775003,-304.865370034
4822,-0.10976667,-304.247338234
4823,-0.109783337,-303.89417643400003
4824,-0.10991667,-305.483396434
4825,-0.10991667,-304.953656434
4826,-0.110033337,-304.600500034
4827,-0.110108337,-304.247338234
4828,-0.110125003,-303.982468234
4829,-0.110100003,-303.89417643400003
4830,-0.110100003,-303.629306434
4831,-0.11014167,-303.364436434
4832,-0.110158337,-303.187858234
4833,-0.110200003,-303.011280034
4834,-0.110233337,-302.834696434
4835,-0.110233337,-302.746410034
4836,-0.110250003,-302.569826434
4837,-0.110258337,-302.481540034
4838,-0.110275003,-302.304956434
4839,-0.11026667,-302.393248234
4840,-0.110283337,-302.128378234
4841,-0.110300003,-302.040086434
4842,-0.110275003,-302.040086434
4843,-0.11026667,-301.863508234
4844,-0.11026667,-301.686930034
4845,-0.110283337,-301.775216434
4846,-0.110275003,-301.775216434
4847,-0.110258337,-301.775216434
4848,-0.11030833699999999,-301.598638234
4849,-0.110350003,-301.422060034
4850,-0.110333337,-301.422060034
4851,-0.11044167,-301.245476434
4852,-0.11044167,-301.510346434
4853,-0.11043333699999999,-301.245476434
4854,-0.11043333699999999,-301.157190034
4855,-0.110450003,-301.157190034
4856,-0.110450003,-301.157190034
4857,-0.11043333699999999,-301.068898234
4858,-0.110458337,-300.980606434
4859,-0.110475003,-300.804028234
4860,-0.110508337,-300.892320034
4861,-0.110525003,-300.980606434
4862,-0.110525003,-300.892320034
4863,-0.110550003,-300.804028234
4864,-0.110508337,-300.627450034
4865,-0.11055833699999999,-300.185996434
4866,-0.110525003,-299.832840034
4867,-0.11041667,-299.479678234
4868,-0.11043333699999999,-299.038230034
4869,-0.11043333699999999,-298.773360034
4870,-0.11044167,-298.685068234
4871,-0.110450003,-298.420198234
4872,-0.110450003,-298.331906434
4873,-0.10994167,-286.501048234
4874,-0.109058337,-269.549368234
4875,-0.108325003,-253.568876434
4876,-0.10751667,-237.235228234
4877,-0.10681667,-221.696190034
4878,-0.10599167,-205.980568234
4879,-0.105258337,-190.794686434
4880,-0.10450833699999999,-175.255648234
4881,-0.103825003,-160.599506434
4882,-0.103058337,-145.501916434
4883,-0.102350003,-131.110650034
4884,-0.101508337,-116.631086434
4885,-0.10084167,-102.857846434
4886,-0.100133337,-88.908028234
4887,-0.09944167,-75.134788234
4888,-0.098608337,-62.244450004
4889,-0.097950003,-49.707268234000004
4890,-0.097258337,-37.434956464
4891,-0.096483337,-26.133838234
4892,-0.095983337,-16.863388234
4893,-0.095650003,-9.976768234000001
4894,-0.09530833699999999,-6.533458233999999
4895,-0.09534167,-4.855946468
4896,-0.095225003,-1.147766468
4897,-0.094750003,5.2974000000000006
4898,-0.09421667,13.420083536
4899,-0.09359167,21.631053536
4900,-0.093250003,28.605959996000003
4901,-0.092383337,42.026043535999996
4902,-0.091508337,54.474933535999995
4903,-0.090408337,67.983303536
4904,-0.08919167,81.403381766
4905,-0.08786667,93.587401766
4906,-0.086675003,103.829039966
4907,-0.085300003,112.83461996599999
4908,-0.08381667,120.515849966
4909,-0.08246667,127.225891766
4910,-0.080975003,133.229609966
4911,-0.079458337,138.262139966
4912,-0.077933337,142.941513566
4913,-0.076458337,147.620881766
4914,-0.074933337,152.653411766
4915,-0.073325003,157.244493566
4916,-0.07171667,162.277023566
4917,-0.070058337,168.633903566
4918,-0.06841667,175.961971766
4919,-0.06658333699999999,183.201753566
4920,-0.064708337,189.911789966
4921,-0.062750003,196.445253566
4922,-0.060725003,202.713841766
4923,-0.058625003,208.452689966
4924,-0.05659167,213.573511766
4925,-0.05434167,219.047489966
4926,-0.05214167,223.726863566
4927,-0.049783337,228.141361766
4928,-0.047450003,232.379281766
4929,-0.044983337,235.999169966
4930,-0.042525003,239.177609966
4931,-0.04006667,242.532633566
4932,-0.037525003,245.534489966
4933,-0.034900003,248.006611766
4934,-0.032216669999999996,250.567019966
4935,-0.029616669999999998,252.597693566
4936,-0.026950003,254.275199966
4937,-0.024233337,256.129289966
4938,-0.021500003,258.159963566
4939,-0.018775003,259.307729966
4940,-0.016100002999999998,260.543793566
4941,-0.01339167,261.779851766
4942,-0.010575003,262.927623566
4943,-0.00789167,264.163681766
4944,-0.005025003,265.046583566
4945,-0.002333337,265.841193566
4946,0.000516663,266.459219966
4947,0.00325833,267.165543566
4948,0.006066663,267.871861766
4949,0.008941663,268.489893566
4950,0.01173333,269.107919966
4951,0.014516663,269.549373566
4952,0.01730833,270.343983566
4953,0.020224997,270.962009966
4954,0.02300833,271.580041766
4955,0.02583333,272.021489966
4956,0.028649997,272.462943566
4957,0.03150833,272.904391766
4958,0.034341663,273.522423566
4959,0.03713333,273.963871766
4960,0.039841663,274.670189966
4961,0.04273333,275.464799966
4962,0.045574997,275.906253566
4963,0.048274997,276.700863566
4964,0.05115833,277.318889966
4965,0.053908330000000004,277.760343566
4966,0.056716663,278.113499966
4967,0.05948333,279.437849966
4968,0.062266663,280.232459966
4969,0.06500833,280.850491766
4970,0.067674997,281.027069966
4971,0.06918333,282.528003566
4972,0.071866663,282.263133566
4973,0.073399997,283.675769966
4974,0.074941663,284.558671766
4975,0.07640833,283.675769966
4976,0.078299997,282.351419966
4977,0.080349997,286.589339966
4978,0.08310833,287.472241766
4979,0.08593333,288.355143566
4980,0.088716663,289.591201766
4981,0.089941663,285.088411766
4982,0.09145833,291.268713566
4983,0.09408333,290.209233566
4984,0.094666663,287.648819966
4985,0.096691663,293.034511766
4986,0.098241663,289.944363566
4987,0.099691663,289.767779966
4988,0.10098333,294.447153566
4989,0.10220833,290.385811766
4990,0.102541663,289.238039966
4991,0.102824997,289.061461766
4992,0.102916663,287.737111766
4993,0.10315833,288.178559966
4994,0.10348333,289.767779966
4995,0.103674997,289.414623566
4996,0.104199997,293.387673566
4997,0.10516666300000001,294.535439966
4998,0.10623333,294.535439966
4999,0.107041663,294.270569966
5000,0.107749997,294.888601766
5001,0.108291663,294.976893566
5002,0.10910833,294.182283566
5003,0.109666663,295.506633566
5004,0.110649997,295.859789966
5005,0.11148333,297.095853566
5006,0.11275833,298.243619966
5007,0.113949997,298.067041766
5008,0.115416663,299.303099966
5009,0.116174997,295.065179966
5010,0.116441663,293.299381766
5011,0.117099997,298.155333566
5012,0.11798333,299.832839966
5013,0.119099997,300.362579966
5014,0.119974997,297.890463566
5015,0.11993333,293.034511766
5016,0.12030833,295.241763566
5017,0.120774997,299.479683566
5018,0.121299997,298.067041766
5019,0.121474997,296.477821766
5020,0.12215833,301.157189966
5021,0.122899997,301.422059966
5022,0.123724997,301.245481766
5023,0.124341663,302.481539966
5024,0.125091663,300.980611766
5025,0.125799997,302.834701766
5026,0.126941663,303.894181766
5027,0.127366663,300.274293566
5028,0.12790833000000001,301.951799966
5029,0.128241663,300.362579966
5030,0.128566663,301.510351766
5031,0.12888333,301.863513566
5032,0.129266663,301.863513566
5033,0.129399997,302.128383566
5034,0.12960833,302.304961766
5035,0.12990833,302.393253566
5036,0.12993333,300.274293566
5037,0.130066663,299.39139176599997
5038,0.130191663,298.596781766
5039,0.13003333,295.594919966
5040,0.12983333,289.061461766
5041,0.12930833,277.583759966
5042,0.128991663,272.10978176599997
5043,0.128374997,261.250111766
5044,0.12803333,253.304011766
5045,0.12693333,230.966639966
5046,0.12590833,210.571649966
5047,0.124941663,189.911789966
5048,0.12393333,170.134831766
5049,0.12303333,151.152483566
5050,0.122016663,131.816973566
5051,0.12098333,112.83461996599999
5052,0.12000833,95.706361766
5053,0.11927499700000001,78.754681766
5054,0.11838333,62.950773536
5055,0.11753333,47.058573536
5056,0.11685833,32.490723536
5057,0.11624999700000001,22.337371766
5058,0.11600833,15.627329995999999
5059,0.115566663,7.063203532
5060,0.115216663,-1.147766468
5061,0.114891663,-6.003718234
5062,0.11470833,-8.917288234
5063,0.114549997,-12.095728234000001
5064,0.114299997,-17.922868234
5065,0.11358333,-26.133838234
5066,0.11305833,-35.669158234
5067,0.112291663,-46.352250004000005
5068,0.111441663,-57.123628234
5069,0.110524997,-68.071590004
5070,0.109524997,-79.284416464
5071,0.108641663,-90.144086464
5072,0.107574997,-101.003756434
5073,0.106399997,-111.951718234
5074,0.105124997,-121.928486434
5075,0.103974997,-131.022358234
5076,0.10255833,-139.586490034
5077,0.101191663,-146.031656434
5078,0.09983333,-152.123666434
5079,0.098291663,-158.127390034
5080,0.096816663,-162.806758234
5081,0.09533333,-166.956386434
5082,0.09388333,-170.752858234
5083,0.09233333,-174.990778234
5084,0.090874997,-179.58186003400002
5085,0.08943333,-184.26122823400001
5086,0.087924997,-189.735206434
5087,0.08625833,-195.91550823400001
5088,0.084599997,-202.360680034
5089,0.082899997,-208.982430034
5090,0.081074997,-214.809570034
5091,0.079241663,-219.930386434
5092,0.07740833,-224.609760034
5093,0.075499997,-229.200836434
5094,0.07345833,-233.438756434
5095,0.071574997,-237.676676434
5096,0.069474997,-241.738018234
5097,0.067349997,-245.711068234
5098,0.06505833,-249.684118234
5099,0.062741663,-253.21572003400001
5100,0.060324997,-256.835608234
5101,0.057974997,-259.925756434
5102,0.055549997000000004,-262.751040034
5103,0.052991663,-265.223156434
5104,0.050616663,-267.165538234
5105,0.048049997000000004,-269.284498234
5106,0.04555833,-271.315166434
5107,0.043041663,-273.080970034
5108,0.040449997,-274.581898234
5109,0.037674997,-276.347696434
5110,0.034966663,-277.407176434
5111,0.032274997,-278.819818234
5112,0.029733330000000002,-279.702720034
5113,0.026899997000000002,-280.850486434
5114,0.02423333,-281.468518234
5115,0.021466663,-282.439706434
5116,0.018816663,-283.146030034
5117,0.015916663,-283.852348234
5118,0.013249997000000001,-284.558666434
5119,0.010308330000000001,-285.176698234
5120,0.007699997,-285.529860034
5121,0.00493333,-286.324470034
5122,0.00200833,-286.677626434
5123,-0.00076667,-287.29565823400003
5124,-0.003600003,-287.560528234
5125,-0.0064000030000000005,-287.560528234
5126,-0.009275002999999999,-288.355138234
5127,-0.012258337,-288.796586434
5128,-0.01501667,-289.061456434
5129,-0.01766667,-289.414618234
5130,-0.02049167,-289.767780034
5131,-0.023233337,-290.209228234
5132,-0.026108337,-290.738968234
5133,-0.028875003,-291.092130034
5134,-0.031550003,-291.445286434
5135,-0.03439167,-291.710156434
5136,-0.03729167,-292.504766434
5137,-0.040100003,-292.857928234
5138,-0.042825003,-293.475960034
5139,-0.045608337,-294.182278234
5140,-0.048533336999999996,-294.623726434
5141,-0.051250003,-295.506628234
5142,-0.054125003,-296.124660034
5143,-0.056808337,-296.919270034
5144,-0.059650003,-297.713880034
5145,-0.06251667,-298.508490034
5146,-0.065258337,-299.391386434
5147,-0.06801667,-300.274288234
5148,-0.070700003,-300.892320034
5149,-0.073433337,-301.95180003400003
5150,-0.076350003,-303.099566434
5151,-0.079050003,-304.070760034
5152,-0.081608337,-304.865370034
5153,-0.08434167,-306.278006434
5154,-0.087100003,-306.984330034
5155,-0.089758337,-308.308680034
5156,-0.092400003,-309.544738234
5157,-0.095275003,-310.869088234
5158,-0.097933337,-312.016860034
5159,-0.100633337,-312.988048234
5160,-0.102133337,-311.487120034
5161,-0.10341667,-313.341210034
5162,-0.10499167,-313.606080034
5163,-0.106808337,-314.665560034
5164,-0.10826667,-312.899756434
5165,-0.11061667,-316.961098234
5166,-0.11261667,-316.607936434
5167,-0.114225003,-318.638610034
5168,-0.116050003,-317.844000034
5169,-0.117508337,-318.373740034
5170,-0.118183337,-316.166488234
5171,-0.118800003,-316.254780034
5172,-0.11936667,-316.166488234
5173,-0.119808337,-316.696228234
5174,-0.12021667,-318.638610034
5175,-0.121033337,-319.080058234
5176,-0.121733337,-318.726896434
5177,-0.122425003,-319.786376434
5178,-0.123100003,-320.051246434
5179,-0.123750003,-320.316116434
5180,-0.12441667,-319.874668234
5181,-0.125275003,-320.757570034
5182,-0.125850003,-321.022440034
5183,-0.126358337,-319.698090034
5184,-0.12696667,-321.552180034
5185,-0.127675003,-322.258498234
5186,-0.12824167,-321.375596434
5187,-0.128750003,-321.375596434
5188,-0.129000003,-319.521506434
5189,-0.129350003,-319.521506434
5190,-0.129500003,-320.227830034
5191,-0.12984167,-320.669278234
5192,-0.12984167,-318.991766434
5193,-0.12999167,-318.108870034
5194,-0.13014167,-317.667416434
5195,-0.13016667,-317.225968234
5196,-0.130183337,-316.784520034
5197,-0.130200003,-316.343066434
5198,-0.130200003,-315.548456434
5199,-0.130200003,-314.930430034
5200,-0.130183337,-314.488976434
5201,-0.130183337,-313.959236434
5202,-0.130183337,-313.694366434
5203,-0.13019167,-313.252918234
5204,-0.130183337,-312.899756434
5205,-0.13019167,-312.634886434
5206,-0.130175003,-312.281730034
5207,-0.130200003,-311.751990034
5208,-0.130183337,-311.222250034
5209,-0.130175003,-310.869088234
5210,-0.13014167,-310.427640034
5211,-0.130125003,-310.162770034
5212,-0.13011667,-309.721316434
5213,-0.130125003,-309.809608234
5214,-0.130125003,-309.721316434
5215,-0.13011667,-309.897900034
5216,-0.130125003,-309.809608234
5217,-0.130133337,-309.721316434
5218,-0.13011667,-309.633030034
5219,-0.13014167,-309.544738234
5220,-0.130125003,-309.633030034
5221,-0.13011667,-309.721316434
5222,-0.130150003,-309.544738234
5223,-0.130133337,-309.633030034
5224,-0.130108337,-309.456446434
5225,-0.130133337,-309.456446434
5226,-0.13011667,-309.544738234
5227,-0.130125003,-309.544738234
5228,-0.13014167,-309.456446434
5229,-0.130125003,-309.544738234
5230,-0.13014167,-309.456446434
5231,-0.130133337,-309.368160034
5232,-0.13011667,-309.368160034
5233,-0.130125003,-309.368160034
5234,-0.130133337,-309.368160034
5235,-0.130133337,-309.279868234
5236,-0.130150003,-309.191576434
5237,-0.130133337,-309.191576434
5238,-0.13014167,-309.279868234
5239,-0.130150003,-309.368160034
5240,-0.130125003,-309.368160034
5241,-0.130158337,-309.191576434
5242,-0.130158337,-309.103290034
5243,-0.130150003,-309.279868234
5244,-0.130158337,-309.279868234
5245,-0.130133337,-309.279868234
5246,-0.13014167,-309.191576434
5247,-0.13016667,-309.103290034
5248,-0.130175003,-309.191576434
5249,-0.130183337,-309.103290034
5250,-0.13016667,-309.103290034
5251,-0.13019167,-309.103290034
5252,-0.13016667,-309.191576434
5253,-0.130200003,-309.103290034
5254,-0.130175003,-309.103290034
5255,-0.130183337,-309.103290034
5256,-0.13019167,-309.014998234
5257,-0.130183337,-309.191576434
5258,-0.13019167,-309.014998234
5259,-0.130208337,-309.014998234
5260,-0.130175003,-309.103290034
5261,-0.13019167,-309.014998234
5262,-0.13019167,-309.014998234
5263,-0.130183337,-308.926706434
5264,-0.130208337,-308.926706434
5265,-0.130183337,-309.014998234
5266,-0.130200003,-308.838420034
5267,-0.13021667,-308.838420034
5268,-0.130225003,-308.838420034
5269,-0.13019167,-308.926706434
5270,-0.13019167,-309.103290034
5271,-0.130208337,-309.014998234
5272,-0.130208337,-308.926706434
5273,-0.130225003,-309.014998234
5274,-0.13021667,-309.014998234
5275,-0.13021667,-308.838420034
5276,-0.130225003,-309.014998234
5277,-0.13024167,-308.926706434
5278,-0.130250003,-308.926706434
5279,-0.130250003,-308.926706434
5280,-0.130233337,-308.838420034
5281,-0.130250003,-308.838420034
5282,-0.13026667,-308.750128234
5283,-0.13026667,-308.750128234
5284,-0.13024167,-308.838420034
5285,-0.13024167,-308.838420034
5286,-0.130258337,-308.838420034
5287,-0.130250003,-308.926706434
5288,-0.130300003,-308.838420034
5289,-0.130250003,-308.926706434
5290,-0.13026667,-308.838420034
5291,-0.130283337,-308.838420034
5292,-0.130250003,-308.661836434
5293,-0.13026667,-308.838420034
5294,-0.130258337,-308.838420034
5295,-0.13026667,-308.750128234
5296,-0.13026667,-308.838420034
5297,-0.130283337,-308.838420034
5298,-0.13026667,-308.661836434
5299,-0.130275003,-308.838420034
5300,-0.130283337,-308.750128234
5301,-0.13026667,-308.661836434
5302,-0.13026667,-308.661836434
5303,-0.13026667,-308.838420034
5304,-0.13026667,-308.661836434
5305,-0.13029167,-308.750128234
5306,-0.13029167,-308.750128234
5307,-0.130258337,-308.485258234
5308,-0.130275003,-308.573550034
5309,-0.130275003,-308.661836434
5310,-0.130275003,-308.661836434
5311,-0.130275003,-308.661836434
5312,-0.13026667,-308.661836434
5313,-0.130283337,-308.661836434
5314,-0.130283337,-308.838420034
5315,-0.130283337,-308.573550034
5316,-0.130275003,-308.661836434
5317,-0.130275003,-308.661836434
5318,-0.130275003,-308.661836434
5319,-0.130283337,-308.661836434
5320,-0.130275003,-308.750128234
5321,-0.130283337,-308.661836434
5322,-0.130275003,-308.573550034
5323,-0.130275003,-308.661836434
5324,-0.130283337,-308.573550034
5325,-0.13026667,-308.661836434
5326,-0.130258337,-308.750128234
5327,-0.130283337,-308.661836434
5328,-0.130275003,-308.573550034
5329,-0.130283337,-308.573550034
5330,-0.13029167,-308.661836434
5331,-0.130283337,-308.573550034
5332,-0.130283337,-308.661836434
5333,-0.130300003,-308.661836434
5334,-0.130283337,-308.661836434
5335,-0.130275003,-308.573550034
5336,-0.130300003,-308.661836434
5337,-0.130283337,-308.573550034
5338,-0.130275003,-308.573550034
5339,-0.130300003,-308.485258234
5340,-0.130275003,-308.573550034
5341,-0.130300003,-308.661836434
5342,-0.130308337,-308.396966434
5343,-0.130300003,-308.485258234
5344,-0.130283337,-308.485258234
5345,-0.130283337,-308.661836434
5346,-0.130283337,-308.396966434
5347,-0.130283337,-308.573550034
5348,-0.13026667,-308.485258234
5349,-0.130300003,-308.485258234
5350,-0.13029167,-308.396966434
5351,-0.130283337,-308.573550034
5352,-0.13029167,-308.485258234
5353,-0.130283337,-308.485258234
5354,-0.130275003,-308.485258234
5355,-0.130208337,-306.278006434
5356,-0.129658337,-294.447148234
5357,-0.12881667,-277.407176434
5358,-0.12801667,-260.985236434
5359,-0.12731667,-245.093036434
5360,-0.126550003,-229.200836434
5361,-0.125808337,-213.750090034
5362,-0.125058337,-198.564208234
5363,-0.124258337,-183.643196434
5364,-0.123433337,-168.369028234
5365,-0.12276667,-153.977756434
5366,-0.122083337,-139.321620034
5367,-0.12126667,-124.665478234
5368,-0.120550003,-110.362498234
5369,-0.11984167,-96.765836464
5370,-0.119125003,-83.257466464
5371,-0.11836667,-70.013966464
5372,-0.117683337,-57.741660004
5373,-0.116933337,-45.557640004
5374,-0.11631667,-33.726776464000004
5375,-0.11566667,-23.131976463999997
5376,-0.115200003,-14.744428234
5377,-0.11499167,-8.917288234
5378,-0.114658337,-5.2091082339999994
5379,-0.11451667,-3.6198882340000003
5380,-0.11414167,2.6487
5381,-0.113808337,9.270449999999999
5382,-0.11314167,17.481419996
5383,-0.11264167,24.103169996000002
5384,-0.11209167,33.197041766
5385,-0.11099167,44.939613535999996
5386,-0.110100003,57.829951766
5387,-0.108883337,70.985159996
5388,-0.10769167,84.228659996
5389,-0.10640000299999999,95.441491766
5390,-0.104983337,105.241681766
5391,-0.103533337,113.452651766
5392,-0.102183337,120.250979966
5393,-0.10071667,126.342989966
5394,-0.099250003,131.728681766
5395,-0.097825003,136.231471766
5396,-0.09631667,140.734261766
5397,-0.094758337,145.590213566
5398,-0.09324167,150.446159966
5399,-0.09171667,155.390403566
5400,-0.090183337,160.599511766
5401,-0.088725003,167.132969966
5402,-0.08684167,174.814199966
5403,-0.08516667,181.700819966
5404,-0.083250003,188.587439966
5405,-0.081358337,195.032611766
5406,-0.079425003,200.594881766
5407,-0.077225003,204.656223566
5408,-0.07534167,210.483363566
5409,-0.073208337,215.95734176599998
5410,-0.07096667,221.078163566
5411,-0.068650003,225.934109966
5412,-0.066350003,230.701769966
5413,-0.063900003,234.939689966
5414,-0.06149167,239.089323566
5415,-0.058991669999999996,242.179471766
5416,-0.056400003,245.799359966
5417,-0.053783337,248.801221766
5418,-0.05109167,251.714791766
5419,-0.048466669999999996,253.833751766
5420,-0.045708337,256.217581766
5421,-0.043075003,258.513119966
5422,-0.040350003,260.278923566
5423,-0.037583337,261.779851766
5424,-0.034808337,263.104201766
5425,-0.031975003,264.605129966
5426,-0.029141669999999998,265.841193566
5427,-0.026333337,266.724089966
5428,-0.023441669999999998,267.783569966
5429,-0.020475003,268.754763566
5430,-0.01749167,269.549373566
5431,-0.014658336999999999,270.167399966
5432,-0.011700002999999999,270.873723566
5433,-0.008891669999999999,271.580041766
5434,-0.00599167,272.198073566
5435,-0.003108337,272.551229966
5436,-0.00019167,272.992683566
5437,0.00270833,273.434131766
5438,0.005674997,274.052163566
5439,0.008616663,274.317033566
5440,0.011283330000000001,274.405319966
5441,0.014091663,274.935059966
5442,0.016941663,275.199929966
5443,0.019808330000000002,275.553091766
5444,0.022674997000000002,275.906253566
5445,0.025574997000000002,276.259409966
5446,0.028341663,276.524279966
5447,0.031216663000000002,276.789149966
5448,0.03405833,277.672051766
5449,0.037024997000000004,278.025213566
5450,0.03980833,278.466661766
5451,0.042633330000000004,278.996401766
5452,0.045474997,279.172979966
5453,0.048308330000000003,279.702719966
5454,0.051191663,280.232459966
5455,0.054016663,280.938783566
5456,0.056791663,281.291939966
5457,0.05968333,281.821679966
5458,0.062541663,282.881159966
5459,0.06535833,283.234321766
5460,0.06808333,284.117223566
5461,0.070866663,284.646963566
5462,0.073716663,285.706443566
5463,0.076499997,286.412761766
5464,0.079324997,287.119079966
5465,0.082174997,288.620013566
5466,0.085066663,289.414623566
5467,0.087816663,290.297519966
5468,0.08930833,290.827259966
5469,0.092116663,292.239901766
5470,0.09330833,290.385811766
5471,0.095149997,293.740829966
5472,0.096866663,290.120941766
5473,0.097816663,291.886739966
5474,0.09908333,293.740829966
5475,0.10088333000000001,291.975031766
5476,0.10328333,296.477821766
5477,0.10600833,297.449009966
5478,0.107824997,294.005699966
5479,0.110041663,296.212951766
5480,0.111249997,297.713879966
5481,0.11228333,297.272431766
5482,0.113199997,298.420203566
5483,0.114391663,299.656261766
5484,0.115666663,299.567969966
5485,0.117166663,301.333773566
5486,0.118166663,300.715741766
5487,0.11908333,300.097709966
5488,0.119966663,302.040091766
5489,0.12091666300000001,300.539163566
5490,0.12175833,302.658123566
5491,0.12285833,303.717603566
5492,0.123341663,301.157189966
5493,0.12408333,302.128383566
5494,0.12630833,307.072621766
5495,0.129224997,308.04380996599997
5496,0.13043333000000001,306.278011766
5497,0.13085833,304.512213566
5498,0.131499997,305.041953566
5499,0.132074997,304.865369966
5500,0.132816663,307.690653566
5501,0.13355833,306.807751766
5502,0.13438333,306.719459966
5503,0.134649997,303.894181766
5504,0.13470833,302.746409966
5505,0.13510833,307.249199966
5506,0.135966663,309.633029966
5507,0.137049997,309.809613566
5508,0.137574997,307.867231766
5509,0.13790833,307.072621766
5510,0.13813333,306.542881766
5511,0.138966663,311.045671766
5512,0.139349997,308.396971766
5513,0.14000833000000001,310.780801766
5514,0.141049997,311.928573566
5515,0.14203333,312.193443566
5516,0.143124997,312.370021766
5517,0.143749997,309.897899966
5518,0.144566663,313.606079966
5519,0.145574997,314.135819966
5520,0.146391663,313.164631766
5521,0.147241663,314.312403566
5522,0.14753333,310.692509966
5523,0.14778333,311.310541766
5524,0.148016663,311.398833566
5525,0.148124997,309.986191766
5526,0.14835833,310.692509966
5527,0.148491663,310.957379966
5528,0.149016663,313.782663566
5529,0.149149997,312.899761766
5530,0.149366663,311.663703566
5531,0.149491663,311.928573566
5532,0.149991663,314.135819966
5533,0.150149997,312.105151766
5534,0.15015833,311.133963566
5535,0.150191663,309.544743566
5536,0.15008333,305.306823566
5537,0.149474997,294.71202356599997
5538,0.148791663,281.291939966
5539,0.148149997,267.960153566
5540,0.147524997,255.334679966
5541,0.14685833,242.444341766
5542,0.14625833,229.642289966
5543,0.14555833,215.780763566
5544,0.14435833,195.474059966
5545,0.143324997,175.961971766
5546,0.142341663,156.979623566
5547,0.141341663,137.37924356599999
5548,0.140341663,119.014921766
5549,0.13943333,101.445209966
5550,0.13845833,85.288139996
5551,0.137624997,68.86619999599999
5552,0.136741663,53.415453535999994
5553,0.135966663,39.200759995999995
5554,0.135291663,26.928453536000003
5555,0.13493333,19.335509996000003
5556,0.13458333,11.565993535999999
5557,0.13408333,3.17844
5558,0.13385833,-3.9730499999999997
5559,0.13360833,-8.47584
5560,0.133516663,-10.594800004000001
5561,0.133091663,-15.539038234000001
5562,0.132649997,-23.131976463999997
5563,0.13188333,-32.137556464
5564,0.131166663,-41.849460004
5565,0.13038333,-52.002806464
5566,0.12948333,-62.862476464000004
5567,0.128441663,-73.898730004
5568,0.127416663,-84.49353000400001
5569,0.12639999700000001,-95.264908234
5570,0.12535833,-105.859708234
5571,0.12406666300000001,-116.101346434
5572,0.122816663,-125.371796434
5573,0.121441663,-133.494480034
5574,0.12005833,-141.087418234
5575,0.11855833,-147.179428234
5576,0.117166663,-152.741698234
5577,0.115616663,-157.95080643400001
5578,0.114141663,-162.188726434
5579,0.112666663,-166.161776434
5580,0.111141663,-169.958248234
5581,0.109674997,-174.196168234
5582,0.10818333,-178.610666434
5583,0.10667499700000001,-183.466618234
5584,0.105141663,-189.382050034
5585,0.103574997,-195.650638234
5586,0.101966663,-202.360680034
5587,0.10028333,-208.717560034
5588,0.098466663,-214.014960034
5589,0.096574997,-218.164588234
5590,0.094841663,-222.314216434
5591,0.09294166300000001,-226.905298234
5592,0.09110833,-231.408088234
5593,0.089141663,-235.910878234
5594,0.087041663,-240.501960034
5595,0.084866663,-244.651588234
5596,0.082724997,-248.801216434
5597,0.08028333,-252.685980034
5598,0.077974997,-256.129290034
5599,0.075541663,-259.30773003400003
5600,0.073066663,-262.221300034
5601,0.070524997,-264.958286434
5602,0.06798333,-267.077246434
5603,0.065366663,-269.725946434
5604,0.06275833,-271.668328234
5605,0.060141663,-273.522418234
5606,0.057391663,-275.199930034
5607,0.05475833,-276.700858234
5608,0.05205833,-277.936916434
5609,0.049299997,-278.908110034
5610,0.046541663000000004,-280.320746434
5611,0.043766663000000004,-281.291940034
5612,0.040966663,-282.174836434
5613,0.03805833,-282.881160034
5614,0.035649997,-283.32260823400003
5615,0.032791663,-283.764056434
5616,0.029866663,-284.646958234
5617,0.026949997,-285.529860034
5618,0.02400833,-285.706438234
5619,0.021166663000000002,-286.324470034
5620,0.018324997,-286.765918234
5621,0.015399997,-286.942496434
5622,0.012491663,-287.119080034
5623,0.010041663000000001,-286.677626434
5624,0.00713333,-287.472236434
5625,0.00418333,-288.178560034
5626,0.001299997,-288.620008234
5627,-0.00161667,-288.708300034
5628,-0.004700003,-289.326326434
5629,-0.007583337,-289.414618234
5630,-0.010275003,-289.679488234
5631,-0.013058337,-289.944358234
5632,-0.015883337,-290.297520034
5633,-0.01886667,-290.385806434
5634,-0.02166667,-291.180416434
5635,-0.024558337,-291.710156434
5636,-0.027508337,-291.97502643400003
5637,-0.029741669999999998,-291.886740034
5638,-0.032591669999999996,-292.593058234
5639,-0.035500003,-293.211090034
5640,-0.038333337,-293.740830034
5641,-0.041250003,-294.358856434
5642,-0.04421667,-295.065180034
5643,-0.046500003,-294.712018234
5644,-0.049408337,-295.771498234
5645,-0.052333337,-296.566108234
5646,-0.05524167,-297.272426434
5647,-0.057808337,-298.067036434
5648,-0.060758337,-298.685068234
5649,-0.063658337,-299.744548234
5650,-0.06654167,-300.627450034
5651,-0.069408337,-301.333768234
5652,-0.071683337,-301.863508234
5653,-0.074500003,-302.922988234
5654,-0.077258337,-304.247338234
5655,-0.08004167,-305.395110034
5656,-0.082900003,-306.542876434
5657,-0.08531667,-307.072616434
5658,-0.088200003,-308.750128234
5659,-0.091000003,-309.721316434
5660,-0.093133337,-310.60421823400003
5661,-0.096283337,-312.193438234
5662,-0.099108337,-313.517788234
5663,-0.102025003,-315.018716434
5664,-0.104783337,-316.166488234
5665,-0.107300003,-316.607936434
5666,-0.110075003,-318.197156434
5667,-0.11291667,-319.962960034
5668,-0.11569167,-321.28731003400003
5669,-0.118475003,-322.699946434
5670,-0.120933337,-323.582848234
5671,-0.122408337,-322.788238234
5672,-0.123875003,-325.172068234
5673,-0.126575003,-327.114450034
5674,-0.128850003,-327.732476434
5675,-0.131558337,-329.056826434
5676,-0.13426667,-330.646046434
5677,-0.13695833699999999,-331.970396434
5678,-0.139325003,-331.528948234
5679,-0.140775003,-332.323558234
5680,-0.141925003,-331.970396434
5681,-0.143025003,-333.029876434
5682,-0.14391667,-333.471330034
5683,-0.14506667,-333.383038234
5684,-0.14556667,-333.383038234
5685,-0.146075003,-332.588428234
5686,-0.146758337,-333.559616434
5687,-0.14726667,-334.001070034
5688,-0.147950003,-334.707388234
5689,-0.148458337,-334.883966434
5690,-0.14881667,-333.471330034
5691,-0.149258337,-333.118168234
5692,-0.149350003,-333.471330034
5693,-0.149633337,-333.118168234
5694,-0.149783337,-331.793818234
5695,-0.150083337,-332.941590034
5696,-0.150100003,-331.528948234
5697,-0.15016667,-330.734338234
5698,-0.150150003,-330.292890034
5699,-0.150150003,-329.145118234
5700,-0.150158337,-328.615378234
5701,-0.150150003,-327.997346434
5702,-0.150150003,-327.467606434
5703,-0.150158337,-326.937866434
5704,-0.150150003,-326.496418234
5705,-0.150158337,-326.496418234
5706,-0.150158337,-325.966678234
5707,-0.150150003,-325.348646434
5708,-0.150183337,-325.083776434
5709,-0.15024167,-325.26036003400003
5710,-0.150250003,-325.172068234
5711,-0.150258337,-325.083776434
5712,-0.150258337,-325.083776434
5713,-0.150250003,-324.995490034
5714,-0.15026667,-324.730620034
5715,-0.150308337,-324.730620034
5716,-0.150333337,-324.642328234
5717,-0.15031666999999999,-324.818906434
5718,-0.15031666999999999,-324.554036434
5719,-0.15034167,-324.554036434
5720,-0.15034167,-324.554036434
5721,-0.15036667,-324.554036434
5722,-0.15039167,-324.465750034
5723,-0.150400003,-324.377458234
5724,-0.15041667,-324.289166434
5725,-0.150433337,-324.112588234
5726,-0.150433337,-324.200880034
5727,-0.15044167,-324.112588234
5728,-0.150425003,-324.024296434
5729,-0.15044167,-324.200880034
5730,-0.15044167,-324.112588234
5731,-0.15046667,-324.024296434
5732,-0.150458337,-324.200880034
5733,-0.150458337,-324.024296434
5734,-0.15044167,-324.024296434
5735,-0.150458337,-324.112588234
5736,-0.150458337,-323.936010034
5737,-0.150458337,-323.936010034
5738,-0.150458337,-323.936010034
5739,-0.15046667,-323.759426434
5740,-0.15046667,-323.759426434
5741,-0.150458337,-323.847718234
5742,-0.150450003,-323.847718234
5743,-0.150450003,-323.936010034
5744,-0.15046667,-323.671140034
5745,-0.150450003,-323.847718234
5746,-0.150450003,-323.671140034
5747,-0.15046667,-323.671140034
5748,-0.150458337,-323.671140034
5749,-0.150450003,-323.759426434
5750,-0.150450003,-323.582848234
5751,-0.15046667,-323.671140034
5752,-0.150458337,-323.582848234
5753,-0.150458337,-323.671140034
5754,-0.150450003,-323.671140034
5755,-0.150450003,-323.494556434
5756,-0.15046667,-323.406270034
5757,-0.150458337,-323.406270034
5758,-0.150450003,-323.494556434
5759,-0.150450003,-323.582848234
5760,-0.15046667,-323.494556434
5761,-0.150458337,-323.494556434
5762,-0.150458337,-323.406270034
5763,-0.150450003,-323.317978234
5764,-0.150450003,-323.317978234
5765,-0.15046667,-323.494556434
5766,-0.15046667,-323.406270034
5767,-0.15046667,-323.494556434
5768,-0.150458337,-323.317978234
5769,-0.15046667,-323.22968643400003
5770,-0.15046667,-323.317978234
5771,-0.150458337,-323.406270034
5772,-0.15046667,-323.406270034
5773,-0.15046667,-323.141400034
5774,-0.150458337,-323.22968643400003
5775,-0.15046667,-323.317978234
5776,-0.15049167,-323.141400034
5777,-0.150475003,-323.141400034
5778,-0.15046667,-323.22968643400003
5779,-0.15046667,-323.053108234
5780,-0.15049167,-323.053108234
5781,-0.150475003,-323.22968643400003
5782,-0.15046667,-323.141400034
5783,-0.150483337,-323.053108234
5784,-0.150450003,-323.141400034
5785,-0.15046667,-323.141400034
5786,-0.150508337,-323.22968643400003
5787,-0.150475003,-323.053108234
5788,-0.15049167,-322.964816434
5789,-0.15049167,-323.141400034
5790,-0.150500003,-322.964816434
5791,-0.15051667,-323.141400034
5792,-0.150508337,-323.053108234
5793,-0.15049167,-323.141400034
5794,-0.150500003,-322.964816434
5795,-0.150508337,-323.141400034
5796,-0.150500003,-322.964816434
5797,-0.150500003,-322.964816434
5798,-0.150500003,-322.964816434
5799,-0.150500003,-322.876530034
5800,-0.15049167,-322.964816434
5801,-0.15029167,-316.961098234
5802,-0.149283337,-299.744548234
5803,-0.14854167,-283.057738234
5804,-0.147750003,-266.900668234
5805,-0.147058337,-250.743598234
5806,-0.146308337,-235.381138234
5807,-0.145558337,-220.106970034
5808,-0.144808337,-205.009380034
5809,-0.144133337,-190.000076434
5810,-0.143350003,-174.990778234
5811,-0.142525003,-160.687798234
5812,-0.14194167,-146.119948234
5813,-0.141208337,-131.993546434
5814,-0.14046667,-117.867150034
5815,-0.139725003,-104.182196434
5816,-0.138983337,-90.408956464
5817,-0.13829167,-77.871780004
5818,-0.137633337,-65.069728234
5819,-0.137025003,-52.974000004000004
5820,-0.136375003,-41.496298234
5821,-0.135800003,-30.813206464
5822,-0.13509167,-21.277886463999998
5823,-0.134558337,-13.684948234
5824,-0.134225003,-7.41636
5825,-0.134075003,-5.2091082339999994
5826,-0.13379167,-0.176578234
5827,-0.13351667,6.268593532000001
5828,-0.133008337,13.949823535999998
5829,-0.132383337,21.366183536
5830,-0.132033337,26.663583536
5831,-0.131175003,38.671019996
5832,-0.130383337,48.824371766
5833,-0.129300003,60.566943536
5834,-0.12804167,73.19241176599999
5835,-0.126883337,85.288139996
5836,-0.125400003,95.971231766
5837,-0.124100003,104.976811766
5838,-0.122725003,112.569749966
5839,-0.121208337,118.573473566
5840,-0.11974167,123.959159966
5841,-0.118233337,129.079981766
5842,-0.116558337,132.611583566
5843,-0.11516667,137.555821766
5844,-0.113808337,142.588351766
5845,-0.112133337,147.356011766
5846,-0.110733337,152.211963566
5847,-0.109058337,157.332779966
5848,-0.10753333699999999,163.424789966
5849,-0.105908337,170.31140996599999
5850,-0.104175003,176.756581766
5851,-0.102325003,182.936883566
5852,-0.100458337,189.823503566
5853,-0.09859166999999999,194.767741766
5854,-0.096708337,199.800271766
5855,-0.094700003,205.097671766
5856,-0.092575003,210.659941766
5857,-0.09049167,216.310503566
5858,-0.088200003,221.519611766
5859,-0.08599166999999999,226.198979966
5860,-0.083675003,230.61348356599999
5861,-0.081275003,234.674819966
5862,-0.07886667,238.912739966
5863,-0.07629167,242.26776356599999
5864,-0.073675003,245.269619966
5865,-0.071083337,248.183189966
5866,-0.06839167,251.008473566
5867,-0.065725003,253.304011766
5868,-0.06299167,255.422971766
5869,-0.060258337,257.277061766
5870,-0.057450003,259.660891766
5871,-0.054625003,260.808663566
5872,-0.051758337,262.397883566
5873,-0.048983337,263.545649966
5874,-0.04611667,264.693421766
5875,-0.043225003,265.841193566
5876,-0.040258337,266.724089966
5877,-0.037458337,267.518699966
5878,-0.034475003,268.225023566
5879,-0.03149167,269.107919966
5880,-0.02859167,269.461081766
5881,-0.02554167,269.902529966
5882,-0.022475003,270.343983566
5883,-0.01951667,270.873723566
5884,-0.01646667,271.315171766
5885,-0.01344167,271.668333566
5886,-0.010391669999999999,271.756619966
5887,-0.007383337,272.286359966
5888,-0.00441667,272.198073566
5889,-0.001433337,272.374651766
5890,0.001566663,272.816099966
5891,0.00455833,272.639521766
5892,0.007516663,272.816099966
5893,0.01058333,273.080969966
5894,0.01363333,273.169261766
5895,0.016666663,273.34583996599997
5896,0.01973333,274.052163566
5897,0.022824997,273.875579966
5898,0.025799997,274.317033566
5899,0.028699997,274.493611766
5900,0.03180833,274.581903566
5901,0.034841663,274.935059966
5902,0.037908330000000004,275.288221766
5903,0.040566663,275.464799966
5904,0.043541663,275.729669966
5905,0.046541663000000004,276.259409966
5906,0.04955833,276.612571766
5907,0.05248333,276.877441766
5908,0.055566663,277.407181766
5909,0.057966663,277.495473566
5910,0.060816663,278.025213566
5911,0.06355833,278.025213566
5912,0.06635833000000001,278.731531766
5913,0.069274997,279.261271766
5914,0.072216663,279.702719966
5915,0.074999997,280.232459966
5916,0.077899997,280.850491766
5917,0.080616663,281.468523566
5918,0.08348333,281.556809966
5919,0.086441663,282.528003566
5920,0.089424997,283.146029966
5921,0.092366663,283.499191766
5922,0.09538333,283.940639966
5923,0.098249997,283.852353566
5924,0.101349997,283.940639966
5925,0.10448333,283.410899966
5926,0.107524997,281.733393566
5927,0.110524997,278.466661766
5928,0.11275833,241.473153566
5929,0.115066663,236.705493566
5930,0.117724997,234.851403566
5931,0.12055833,232.29098996599998
5932,0.121791663,229.818873566
5933,0.124849997,228.494523566
5934,0.12816666300000001,224.60975996599998
5935,0.131224997,219.312359966
5936,0.133524997,219.135781766
5937,0.13665833,208.540981766
5938,0.141416663,204.391353566
5939,0.143249997,202.360679966
5940,0.147191663,199.800271766
5941,0.148799997,198.387629966
5942,0.151724997,192.295619966
5943,0.153916663,191.147853566
5944,0.15533333,192.030749966
5945,0.15655833,189.735211766
5946,0.157641663,186.556771766
5947,0.15775833,184.879259966
5948,0.15775833,184.261233566
5949,0.157841663,183.643201766
5950,0.15788333,183.290039966
5951,0.157891663,183.201753566
5952,0.157891663,182.760299966
5953,0.157924997,182.495429966
5954,0.15800833,182.318851766
5955,0.158024997,182.318851766
5956,0.158049997,182.142273566
5957,0.158016663,182.053981766
5958,0.158041663,181.877403566
5959,0.158066663,181.877403566
5960,0.158099997,181.524241766
5961,0.158124997,181.524241766
5962,0.158124997,181.524241766
5963,0.158141663,181.347663566
5964,0.158199997,181.347663566
5965,0.158199997,181.347663566
5966,0.158191663,181.259371766
5967,0.158191663,181.171079966
5968,0.158199997,181.082793566
5969,0.15820833,181.082793566
5970,0.158216663,181.171079966
5971,0.15820833,181.082793566
5972,0.15820833,181.082793566
5973,0.158224997,180.906209966
5974,0.15820833,180.906209966
5975,0.15820833,180.906209966
5976,0.15820833,180.817923566
5977,0.158224997,180.817923566
5978,0.158199997,180.817923566
5979,0.158199997,180.729631766
5980,0.158216663,180.729631766
5981,0.15823333,180.553053566
5982,0.158249997,180.641339966
5983,0.158249997,180.464761766
5984,0.158266663,180.553053566
5985,0.15825833,180.729631766
5986,0.158266663,180.464761766
5987,0.158249997,180.553053566
5988,0.15828333,180.464761766
5989,0.158266663,180.641339966
5990,0.15825833,180.553053566
5991,0.15828333,180.288183566
5992,0.158249997,180.376469966
5993,0.158266663,180.288183566
5994,0.15825833,180.553053566
5995,0.15825833,180.376469966
5996,0.15828333,180.288183566
5997,0.15825833,180.376469966
5998,0.158241663,180.464761766
5999,0.15825833,180.288183566
6000,0.158266663,180.288183566
6001,0.15828333,180.288183566
6002,0.158274997,180.199891766
6003,0.15823333,180.111599966
6004,0.158274997,180.199891766
6005,0.15825833,180.111599966
6006,0.158266663,180.111599966
6007,0.158249997,180.02331356599998
6008,0.158274997,180.111599966
6009,0.158274997,180.02331356599998
6010,0.158249997,180.111599966
6011,0.158266663,180.288183566
6012,0.15828333,180.111599966
6013,0.158266663,180.02331356599998
6014,0.158274997,180.111599966
6015,0.15825833,179.935021766
6016,0.158274997,180.02331356599998
6017,0.158241663,180.02331356599998
6018,0.15828333,180.111599966
6019,0.15825833,180.02331356599998
6020,0.158266663,180.02331356599998
6021,0.158266663,179.935021766
6022,0.15828333,179.846729966
6023,0.158266663,179.935021766
6024,0.158266663,180.02331356599998
6025,0.158249997,179.935021766
6026,0.158266663,179.935021766
6027,0.158266663,180.02331356599998
6028,0.158266663,180.111599966
6029,0.15825833,179.935021766
6030,0.158274997,179.846729966
6031,0.15825833,179.935021766
6032,0.158266663,179.846729966
6033,0.15825833,179.758443566
6034,0.158274997,179.758443566
6035,0.158274997,179.758443566
6036,0.158266663,179.846729966
6037,0.158249997,179.758443566
6038,0.158241663,179.846729966
6039,0.15825833,179.758443566
6040,0.158266663,179.758443566
6041,0.158266663,179.670151766
6042,0.158274997,179.758443566
6043,0.158249997,179.670151766
6044,0.158274997,179.846729966
6045,0.158291663,179.670151766
6046,0.158266663,179.581859966
6047,0.158241663,179.758443566
6048,0.158266663,179.846729966
6049,0.158266663,179.846729966
6050,0.158266663,179.758443566
6051,0.158266663,179.670151766
6052,0.158241663,179.758443566
6053,0.158274997,179.758443566
6054,0.158266663,179.581859966
6055,0.158266663,179.581859966
6056,0.15825833,179.935021766
6057,0.158266663,179.670151766
6058,0.158274997,179.493573566
6059,0.15825833,179.758443566
6060,0.15828333,179.581859966
6061,0.15828333,179.493573566
6062,0.158291663,179.581859966
6063,0.158274997,179.758443566
6064,0.158266663,179.670151766
6065,0.158266663,179.670151766
6066,0.158274997,179.581859966
6067,0.15825833,179.581859966
6068,0.158266663,179.670151766
6069,0.158266663,179.493573566
6070,0.158274997,179.581859966
6071,0.158274997,179.581859966
6072,0.158249997,179.581859966
6073,0.158274997,179.581859966
6074,0.15825833,179.581859966
6075,0.15825833,179.493573566
6076,0.15828333,179.405281766
6077,0.15825833,179.581859966
6078,0.158274997,179.581859966
6079,0.15825833,179.581859966
6080,0.158274997,179.493573566
6081,0.158274997,179.493573566
6082,0.15825833,179.581859966
6083,0.158274997,179.493573566
6084,0.158249997,179.670151766
6085,0.158249997,179.405281766
6086,0.158274997,179.493573566
6087,0.158249997,179.405281766
6088,0.15825833,179.405281766
6089,0.158266663,179.493573566
6090,0.15825833,179.493573566
6091,0.158249997,179.405281766
6092,0.15825833,179.405281766
6093,0.15825833,179.405281766
6094,0.158249997,179.405281766
6095,0.158266663,179.228703566
6096,0.158241663,179.581859966
6097,0.15823333,176.844873566
6098,0.157591663,168.810481766
6099,0.157516663,167.574423566
6100,0.156049997,150.799321766
6101,0.154691663,134.642251766
6102,0.153391663,118.573473566
6103,0.152041663,103.21101356599999
6104,0.150799997,89.17290353599999
6105,0.14950833,75.223079996
6106,0.148316663,61.626423536
6107,0.14705833,48.471209996
6108,0.145816663,35.757449996
6109,0.144791663,25.868973536000002
6110,0.144091663,18.805769996000002
6111,0.143474997,11.301123535999999
6112,0.142666663,3.884763532
6113,0.141974997,-2.91357
6114,0.14158333,-6.180296468
6115,0.141149997,-9.358736468
6116,0.140691663,-13.243500004000001
6117,0.14030833,-17.393128234
6118,0.139674997,-23.396846464
6119,0.13858333,-32.137556464
6120,0.13745833,-40.878266464
6121,0.13620833,-49.707268234000004
6122,0.134799997,-59.242588234
6123,0.133474997,-68.248168234
6124,0.13193333,-77.165456464
6125,0.130324997,-85.90616646400001
6126,0.12870833,-94.205428234
6127,0.12698333,-101.268626434
6128,0.12540833,-108.42011643400001
6129,0.123466663,-114.512126434
6130,0.121741663,-120.162688234
6131,0.119841663,-125.19521823400001
6132,0.118116663,-129.874586434
6133,0.116291663,-134.289090034
6134,0.11458333,-138.085556434
6135,0.112916663,-142.411768234
6136,0.111174997,-146.737980034
6137,0.10943333,-150.887608234
6138,0.107749997,-155.213820034
6139,0.10590833,-159.716610034
6140,0.104191663,-164.219400034
6141,0.102291663,-168.722190034
6142,0.10045833,-173.401558234
6143,0.09861666300000001,-178.257510034
6144,0.09672499700000001,-183.025170034
6145,0.09475833,-187.616246434
6146,0.092749997,-191.765880034
6147,0.090816663,-195.474060034
6148,0.088791663,-199.093948234
6149,0.08675833,-202.537258234
6150,0.08468333,-206.333730034
6151,0.082649997,-209.777040034
6152,0.08058333,-213.485220034
6153,0.078416663,-217.281686434
6154,0.07615833,-220.901580034
6155,0.073816663,-224.874630034
6156,0.071549997,-228.671096434
6157,0.069174997,-232.555860034
6158,0.066716663,-235.910878234
6159,0.06421666300000001,-239.354188234
6160,0.061699997,-242.356050034
6161,0.05913333,-244.651588234
6162,0.056791663,-247.123710034
6163,0.054324997,-249.330956434
6164,0.051741663,-251.714786434
6165,0.049099997,-253.657168234
6166,0.046499997,-255.599550034
6167,0.04378333,-257.365348234
6168,0.041091663,-259.042860034
6169,0.038399997,-260.543788234
6170,0.035549997,-261.868138234
6171,0.03328333,-262.751040034
6172,0.030566663,-264.163676434
6173,0.027666663,-264.870000034
6174,0.024799997,-266.106058234
6175,0.021949997000000002,-267.165538234
6176,0.019124997,-268.048440034
6177,0.01620833,-268.931336434
6178,0.013366663,-269.725946434
6179,0.011016663000000001,-269.725946434
6180,0.008208330000000002,-270.69714003400003
6181,0.005224997,-271.491750034
6182,0.002399997,-272.109776434
6183,-0.00056667,-272.904386434
6184,-0.003400003,-273.434126434
6185,-0.005458337,-269.637660034
6186,-0.005725003,-267.165538234
6187,-0.005883337,-266.282636434
6188,-0.005883337,-265.752896434
6189,-0.005908337,-265.223156434
6190,-0.005983337,-264.870000034
6191,-0.00599167,-264.605130034
6192,-0.006850003,-273.345840034
6193,-0.006650003,-264.870000034
6194,-0.00636667,-258.689698234
6195,-0.005825003,-250.213858234
6196,-0.005408337,-240.501960034
6197,-0.004958337,-232.202698234
6198,-0.00399167,-216.045628234
6199,-0.003208337,-202.89042003400002
6200,-0.002633337,-192.560490034
6201,-0.002208337,-186.027026434
6202,-0.00146667,-174.196168234
6203,-0.0008750030000000001,-162.983336434
6204,-0.00030000299999999997,-153.801178234
6205,0.00010833,-146.737980034
6206,0.0006499969999999999,-136.054888234
6207,0.001549997,-122.016778234
6208,0.001899997,-115.571606434
6209,0.00265833,-103.211008234
6210,0.003391663,-89.349476464
6211,0.003816663,-83.169180004
6212,0.00455833,-72.927536464
6213,0.004824997,-67.01211000400001
6214,0.005049997,-65.15802000400001
6215,0.00545833,-58.624556464
6216,0.00565833,-56.240726464000005
6217,0.005749997,-52.974000004000004
6218,0.005991663,-50.855040004
6219,0.005991663,-50.148716464
6220,0.00635833,-45.204478234
6221,0.00675833,-40.525110004000005
6222,0.00690833,-39.024176464
6223,0.006899997,-39.200760004
6224,0.00690833,-39.200760004
6225,0.006916663,-39.553916464000004
6226,0.00690833,-39.465630004000005
6227,0.006891663,-39.289046464
6228,0.006924997,-39.553916464000004
6229,0.006924997,-39.553916464000004
6230,0.006966663,-39.200760004
6231,0.00698333,-38.406150004000004
6232,0.007066663,-36.816930004
6233,0.007116663,-36.375476464
6234,0.007174997,-35.139418234000004
6235,0.00720833,-33.903360004
6236,0.007249997,-33.550198234
6237,0.00738333,-32.579010004000004
6238,0.007491663,-31.254660003999998
6239,0.007491663,-30.548336464
6240,0.007499997,-30.901498233999998
6241,0.007666663,-28.959116463999997
6242,0.00765833,-29.223986464
6243,0.00763333,-28.076220004
6244,0.007849997000000001,-25.427520003999998
6245,0.007966663,-23.926586464
6246,0.007991663000000001,-23.043690004
6247,0.008083330000000001,-21.101308233999998
6248,0.008291663000000001,-19.247218233999998
6249,0.008391663,-17.393128234
6250,0.008633330000000002,-14.744428234
6251,0.008624997,-13.596656464
6252,0.008649997000000001,-13.243500004000001
6253,0.008816663,-12.360598234000001
6254,0.008816663,-11.830858234
6255,0.008891663000000001,-11.212826464
6256,0.008933330000000001,-11.742566464000001
6257,0.00890833,-11.124540004
6258,0.009091663000000002,-10.065060004000001
6259,0.009066663,-9.80019
6260,0.009058330000000002,-8.74071
6261,0.009066663,-9.093866468
6262,0.009074997000000001,-9.182158234000001
6263,0.009058330000000002,-9.093866468
6264,0.009066663,-9.093866468
6265,0.009074997000000001,-9.27045
6266,0.009108330000000001,-9.27045
6267,0.009099997,-9.182158234000001
6268,0.009108330000000001,-9.358736468
6269,0.00913333,-9.358736468
6270,0.009224997,-8.387548234
6271,0.009249997000000001,-7.68123
6272,0.009274997,-7.504646468
6273,0.00930833,-6.710036468
6274,0.009474997,-5.56227
6275,0.009491663000000001,-5.6505564679999996
6276,0.009483330000000002,-5.385686467999999
6277,0.009474997,-5.6505564679999996
6278,0.009483330000000002,-5.2974
6279,0.00950833,-5.0325299999999995
6280,0.009583330000000001,-4.591076468
6281,0.009516663000000002,-4.326206468
6282,0.009574997,-3.9730499999999997
6283,0.009574997,-2.8252782339999998
6284,0.009674997000000001,-0.971188234
6285,0.009749997000000002,-0.52974
6286,0.009716663,-0.79461
6287,0.009716663,-0.971188234
6288,0.009783330000000002,-0.441448234
6289,0.00975833,-0.353156468
6290,0.009908330000000002,0.441453532
6291,0.009833330000000001,0.176583532
6292,0.009833330000000001,0.353161766
6293,0.009816663000000002,0.176583532
6294,0.009841663,0.176583532
6295,0.009816663000000002,0.176583532
6296,0.009841663,0.0
6297,0.009824997,0.0
6298,0.009841663,0.176583532
6299,0.009866663000000001,-0.088286468
