Radial elongation [mm],Load [kN]
0.0,0.005913705
-3.9899999999999994e-05,0.015709966
-4.32e-05,0.048742101
-8.9e-05,0.093376495
-9.61e-05,0.146446258
-0.0001227,0.202019662
-0.0001258,0.262865633
-0.000157805,0.322212219
-0.000218673,0.380737215
-0.000231208,0.442527741
-0.000253382,0.500833154
-0.00026269199999999997,0.559782326
-0.000311551,0.621030092
-0.000320511,0.676415265
-0.000335409,0.735484302
-0.00038914200000000004,0.793467343
-0.00041228500000000003,0.853270948
-0.000443464,0.913544536
-0.000437726,0.975226939
-0.00047156,1.033493876
-0.000496047,1.092649102
-0.0005113639999999999,1.150203466
-0.000529442,1.208260655
-0.000583081,1.265301347
-0.000616503,1.32553339
-0.000632843,1.385160208
-0.000635947,1.442896843
-0.0006716140000000001,1.50445509
-0.000706848,1.560783505
-0.000750937,1.624251723
-0.000770256,1.684737206
-0.00079349,1.741770864
-0.0008480720000000001,1.802704453
-0.000884139,1.863295317
-0.00088365,1.921552896
-0.000917693,1.982882857
-0.000962654,2.039642572
-0.000981305,2.096430779
-0.001028143,2.158407211
-0.001059635,2.220188379
-0.001118353,2.282394171
-0.001111123,2.338272572
-0.001167806,2.397064924
-0.001195518,2.457745552
-0.001246797,2.519402266
-0.001295015,2.579189539
-0.001290469,2.641245365
-0.001353825,2.696946859
-0.001360287,2.759901524
-0.001399104,2.818086863
-0.001416147,2.877845526
-0.001455202,2.937877178
-0.001493958,2.995139837
-0.001506526,3.057137489
-0.001547178,3.117016792
-0.001585994,3.175734043
-0.001632276,3.238146544
-0.001645078,3.294916153
-0.001692445,3.355367422
-0.001711307,3.412751913
-0.0017417490000000001,3.473208904
-0.001799371,3.533571959
-0.00182528,3.591230869
-0.001867842,3.649349689
-0.001913288,3.710336685
-0.001939379,3.769731998
-0.0019760809999999998,3.828883648
-0.0020593419999999996,3.886730909
-0.002089288,3.944491148
-0.002114002,4.006330967
-0.002164597,4.064658642
-0.0022203339999999996,4.120052814
-0.002237636,4.178117275
-0.0022879099999999998,4.239077091
-0.002298471,4.29902792
-0.0023337419999999998,4.359781742
-0.0023998929999999997,4.416030407
-0.0024262019999999997,4.476780415
-0.002456037,4.538758278
-0.0025541839999999997,4.595096111
-0.002574323,4.655239582
-0.002627418,4.715613842
-0.0026559129999999998,4.772057533
-0.00269845,4.829316139
-0.002755132,4.88572979
-0.0027873679999999997,4.942079067
-0.0028419919999999998,5.000690937
-0.002875459,5.052553177
-0.00297389,5.110281944
-0.0030219429999999996,5.166004658
-0.0030714509999999998,5.219407082
-0.0031262,5.277135372
-0.0032185269999999997,5.337839127
-0.0032980009999999996,5.393799782
-0.003339795,5.450792313
-0.003392128,5.499670029
-0.0035575499999999996,5.546656609
-0.0036294689999999998,5.587106705
-0.0038161669999999996,5.628666878
-0.004020081,5.660306931
-0.004244259,5.693856239
-0.004400808,5.717116356
-0.004578075,5.753139973
-0.0047235110000000005,5.778398991
-0.004927871,5.804465771
-0.005041767,5.815771103
-0.00513586,5.818338871
-0.005251277,5.813306808
-0.00534721,5.811433792
-0.005383848,5.805769444
-0.0054170550000000005,5.797548294
-0.005455856,5.786118031
-0.0054622310000000006,5.776628494
-0.005476814,5.765635014
-0.0055004830000000005,5.755932331
-0.005537709,5.746829987
-0.005525404,5.741682529
-0.0055485510000000005,5.735015392
-0.005525807000000001,5.729823112
-0.005567682,5.727232933
-0.0055249800000000005,5.723133087
-0.005541202,5.719623566
-0.005536116000000001,5.7184062
-0.0055543910000000005,5.715226173
-0.005547815,5.70987606
-0.005545913,5.712095737
-0.005563444,5.706471443
-0.005565743000000001,5.708400249
-0.0055613220000000005,5.705863476
-0.005561479,5.705502987
-0.0055757390000000006,5.70458746
-0.00557889,5.705780506
-0.005611896,5.703412533
-0.0055960770000000005,5.702378273
-0.005578682000000001,5.701172829
-0.005618865,5.700855732
-0.005620488,5.699188709
-0.005618128,5.699802876
-0.005612392,5.6976614
-0.005616891000000001,5.698136806
-0.005625909,5.696441174
-0.005625074,5.696621418
-0.005632365,5.697772503
-0.00564215,5.695146561
-0.005673888,5.695902824
-0.005652664,5.691322803
-0.005651976,5.693864822
-0.005661259,5.692329884
-0.005658702,5.690654278
-0.005658412,5.690315723
-0.00565476,5.691517353
-0.0056631270000000004,5.691183567
-0.0056522410000000006,5.688899517
-0.005690306,5.68740797
-0.005670972,5.689382553
-0.005656223,5.685949326
-0.0056780170000000005,5.689836502
-0.005693968000000001,5.686761856
-0.005675928,5.687903881
-0.005683215,5.685136795
-0.005679624,5.68252039
-0.005671863,5.685765743
-0.0056889160000000005,5.685963154
-0.005686311,5.684388638
-0.005699021,5.682786942
-0.005698532,5.684013844
-0.005703441,5.684764862
-0.005689622,5.683058739
-0.005729977,5.680495739
-0.0056957380000000005,5.677577019
-0.005687715,5.68330574
-0.0056941100000000005,5.679079056
-0.00572801,5.681125164
-0.005693473,5.681764126
-0.005699614,5.681674957
-0.005706656,5.678999424
-0.0057022290000000005,5.677788258
-0.005703294,5.678750038
-0.0057093940000000004,5.681109428
-0.00571185,5.68057394
-0.005713602,5.678695679
-0.005701669,5.678629398
-0.005725331,5.677662373
-0.00571452,5.676014423
-0.0056992530000000005,5.67625618
-0.00572087,5.676327229
-0.005704537,5.677318096
-0.00573929,5.676661968
-0.005725513000000001,5.676417351
-0.005728314,5.675190449
-0.00572161,5.673829556
-0.005707005,5.675668716
-0.005719541,5.670809269
-0.00569595,5.648593426
-0.005693978000000001,5.610114098
-0.0056636410000000005,5.568154812
-0.005669011,5.517116547
-0.005601804,5.46432972
-0.005613085,5.409801483
-0.005557218,5.351218224
-0.0055277600000000005,5.294699669
-0.005534797,5.235869408
-0.005503061,5.180716515
-0.005475868,5.126513004
-0.0054667760000000004,5.070397854
-0.005414007,5.017120838
-0.0054473130000000005,4.962810993
-0.005373326,4.904474258
-0.005349925,4.843713284
-0.005349969,4.782272339
-0.005307977,4.719922066
-0.005247587000000001,4.662411213
-0.005233889,4.60039711
-0.0052068010000000005,4.536220074
-0.005157055,4.473735809
-0.005109339,4.41177702
-0.005090648000000001,4.352074146
-0.0050540310000000005,4.2883811
-0.005061796,4.22663784
-0.005052727,4.170073986
-0.0049817,4.111635208
-0.004988475,4.053251266
-0.004954971,3.997696877
-0.004926988,3.938402653
-0.004876804,3.881153345
-0.00487509,3.820995808
-0.004813358,3.761950254
-0.004808045,3.700937986
-0.004785618,3.640406847
-0.004746876000000001,3.580278873
-0.004733962,3.518018007
-0.004668226,3.458057404
-0.004632,3.399052858
-0.004624175,3.340011358
-0.0045866710000000005,3.279290438
-0.004575747,3.219341993
-0.004554496,3.160803795
-0.004503189,3.096880913
-0.004490335,3.035609722
-0.004447403,2.974351645
-0.004419684,2.915146589
-0.004417049,2.855431795
-0.0043738100000000005,2.799105406
-0.004343063,2.738279104
-0.004322033,2.681034803
-0.004312909,2.620830297
-0.004276755,2.562607765
-0.004240156,2.502829075
-0.004228431,2.441481113
-0.004190597,2.378320932
-0.004141987000000001,2.322730541
-0.004129181,2.260740042
-0.004121799000000001,2.200579166
-0.004079255,2.141537666
-0.004071339,2.08173728
-0.003988104,2.026258945
-0.003988661,1.969456196
-0.003935761,1.908688068
-0.003923814,1.851995945
-0.0038752839999999997,1.794127941
-0.003857325,1.734938502
-0.0038319359999999998,1.672103405
-0.00382303,1.616099
-0.0037572609999999996,1.55282402
-0.0037454769999999997,1.495263934
-0.003718926,1.433392167
-0.0036745759999999997,1.371862292
-0.0036702849999999997,1.312312722
-0.003601403,1.251629829
-0.0036244209999999996,1.191946149
-0.003581194,1.131562233
-0.003550369,1.070420861
-0.0035290259999999998,1.01010263
-0.003492477,0.953025341
-0.0034693999999999997,0.891585588
-0.00342855,0.833486199
-0.003387204,0.777114987
-0.003368165,0.715340436
-0.003358214,0.656585336
-0.003340938,0.600985825
-0.0033121429999999996,0.53916508
-0.003287091,0.479524702
-0.0032401699999999997,0.422882587
-0.003195861,0.364443928
-0.0031831019999999997,0.305151075
-0.003132234,0.248280302
-0.0031024739999999996,0.189964876
-0.0030920459999999998,0.131039917
-0.0030704559999999996,0.072995432
-0.003040499,0.012733511
-0.0029849959999999997,-0.04457828
-0.002969772,-0.105654038
-0.002931445,-0.160871312
-0.002913274,-0.215332806
-0.0029224159999999997,-0.272548676
-0.0028308139999999996,-0.332230121
-0.002814704,-0.390285254
-0.0027672599999999997,-0.446999252
-0.002764389,-0.499746531
-0.0027258259999999998,-0.557653666
-0.0026781549999999998,-0.609848142
-0.002685192,-0.661656082
-0.0026279159999999997,-0.708099365
-0.002598793,-0.751074791
-0.0025831189999999996,-0.796247303
-0.002540638,-0.836359918
-0.00253674,-0.861750841
-0.00254312,-0.880054593
-0.002519463,-0.893247783
-0.0025386859999999996,-0.901586831
-0.0025178569999999996,-0.90633291
-0.0025287139999999996,-0.913438261
-0.0024919689999999997,-1.052305579
-0.002406617,-1.182834387
-0.002319738,-1.289843082
-0.0022710559999999996,-1.385429263
-0.0021760399999999997,-1.467188239
-0.0021496439999999996,-1.541080713
-0.00210942,-1.613155007
-0.002043181,-1.68879354
-0.0020109539999999997,-1.754498601
-0.001974012,-1.817569852
-0.001944906,-1.8777107
-0.001878717,-1.932766199
-0.001853539,-1.991368294
-0.001842809,-2.04986167
-0.001797144,-2.108385324
-0.001754548,-2.166845798
-0.001700249,-2.222985268
-0.001677345,-2.283659458
-0.001630571,-2.339843273
-0.001579624,-2.394026995
-0.001556404,-2.450319529
-0.001508958,-2.503829241
-0.0014655620000000001,-2.561734676
-0.001425536,-2.618091583
-0.001422415,-2.672869921
-0.001365476,-2.73081398
-0.001368027,-2.789079428
-0.001307409,-2.842108011
-0.001248722,-2.898499012
-0.00120196,-2.955270529
-0.001157435,-3.007294416
-0.001095888,-3.062939644
-0.001079334,-3.115738392
-0.001052099,-3.170126915
-0.001002373,-3.224527597
-0.000944544,-3.281453371
-0.000897868,-3.324333668
-0.00088387,-3.354830742
-0.000845909,-3.377787113
-0.0008195020000000001,-3.394788265
-0.000840549,-3.403462648
-0.000826922,-3.414245367
-0.000817302,-3.419890642
-0.000798914,-3.426416397
-0.000784889,-3.42786932
-0.000803616,-3.429483652
-0.000766127,-3.429582357
-0.0007834680000000001,-3.432620764
-0.0007787310000000001,-3.433400393
-0.000779592,-3.434947252
-0.000765864,-3.433622122
-0.000779801,-3.437568188
-0.000767941,-3.436063766
-0.000781036,-3.435945749
-0.000756687,-3.436239481
-0.000781212,-3.436219692
-0.000777225,-3.437902212
-0.000765805,-3.437362909
-0.000772002,-3.438162327
-0.000776338,-3.436335564
-0.000783915,-3.435409307
-0.000783719,-3.43660593
-0.000796369,-3.435416222
-0.000758417,-3.436876535
-0.0008139110000000001,-3.435390472
-0.000799474,-3.427395344
-0.000795032,-3.399335146
-0.00079983,-3.358135462
-0.000825811,-3.323253632
-0.0008200740000000001,-3.285438776
-0.000879813,-3.241462946
-0.000900668,-3.183421373
-0.000918534,-3.139532804
-0.000929561,-3.125139236
-0.000934425,-3.114503384
-0.000934964,-3.108615398
-0.000941054,-3.105368853
-0.000931727,-3.104071617
-0.000921397,-3.10223031
-0.000922306,-3.033899307
-0.001022847,-2.86360383
-0.001101188,-2.734799623
-0.001146694,-2.628767967
-0.001196353,-2.536373854
-0.001225877,-2.453226805
-0.001268179,-2.374877453
-0.001287007,-2.296004295
-0.001325651,-2.224802494
-0.001371587,-2.154696941
-0.001388938,-2.0873487
-0.001410786,-2.024647236
-0.001434048,-1.962341666
-0.001427204,-1.898310423
-0.001500712,-1.833457828
-0.001498877,-1.770127773
-0.001564555,-1.708505988
-0.001584903,-1.645481706
-0.001615477,-1.587036014
-0.001609163,-1.52319181
-0.001654504,-1.462957144
-0.001671567,-1.403169274
-0.001715399,-1.343866587
-0.001730505,-1.281712532
-0.001782547,-1.217147589
-0.001816623,-1.156406283
-0.001841183,-1.097546101
-0.001843852,-1.03752172
-0.001879527,-0.977534235
-0.001901013,-0.91794014
-0.001935683,-0.857774317
-0.001975752,-0.801141918
-0.00198761,-0.736513615
-0.0020173799999999996,-0.676607609
-0.002043723,-0.620581925
-0.0021007409999999997,-0.562977552
-0.002103041,-0.502293408
-0.002162949,-0.441288173
-0.002175749,-0.379982442
-0.002167419,-0.317461848
-0.002219681,-0.256579667
-0.0022393939999999996,-0.193068892
-0.0023127309999999997,-0.131703645
-0.0023035839999999996,-0.069945864
-0.00233907,-0.006741235
-0.002377307,0.052159004
-0.0023959709999999998,0.112275742
-0.0024494649999999996,0.170627788
-0.0024562029999999997,0.234099403
-0.002494821,0.294901758
-0.0025483759999999998,0.353367746
-0.002577954,0.413219213
-0.002600426,0.473188668
-0.002612255,0.536139369
-0.00265542,0.591580987
-0.0026260019999999997,0.655744255
-0.00269048,0.715975225
-0.0027265059999999996,0.773961186
-0.0027496829999999997,0.834586322
-0.002816558,0.895128131
-0.002859805,0.956578732
-0.002848155,1.017341614
-0.002854224,1.076477528
-0.002899353,1.13821125
-0.0029395629999999996,1.197097659
-0.002953173,1.258139253
-0.0029792129999999997,1.315654159
-0.003006487,1.372795939
-0.003074182,1.430871129
-0.003089233,1.489593387
-0.0031088239999999996,1.549694657
-0.0031322389999999998,1.609188795
-0.003189159,1.670305729
-0.003198729,1.729416251
-0.0032386359999999996,1.786252618
-0.003285261,1.845281959
-0.0032908919999999997,1.903326988
-0.00330088,1.960191131
-0.003354959,2.020447731
-0.0033785779999999997,2.080261707
-0.0034141749999999998,2.141084909
-0.0034609679999999996,2.198206902
-0.0034947629999999997,2.25906539
-0.0035039869999999996,2.319139957
-0.003550686,2.376656294
-0.003541767,2.435578585
-0.0036009849999999997,2.495910168
-0.0036295729999999997,2.554459572
-0.003628827,2.611154079
-0.0036997329999999998,2.66627264
-0.003719602,2.700606108
-0.0037441049999999997,2.729362011
-0.003743171,2.743534803
-0.0037308259999999996,2.761419773
-0.0037590199999999996,2.765013933
-0.0037562059999999998,2.771281481
-0.0037715189999999997,2.780216932
-0.0037459259999999997,2.779068232
-0.003756181,2.784123421
-0.003749812,2.784407139
-0.003768572,2.786709547
-0.003765747,2.788445473
-0.003768775,2.789251089
-0.0037417509999999998,2.790270805
-0.003775116,2.789740324
-0.0037571569999999997,2.788736582
-0.003754647,2.788425684
-0.00375899,2.789497137
-0.0037148399999999996,2.789329529
-0.0037722159999999997,2.7877841
-0.003745946,2.788898468
-0.003744313,2.791327238
-0.003769112,2.790166855
-0.003773122,2.789179325
-0.0037798619999999997,2.787934065
-0.0037908359999999997,2.788793564
-0.0037809709999999997,2.788875103
-0.0037741299999999997,2.784863234
-0.003780566,2.759333372
-0.003766987,2.719762087
-0.0037532489999999997,2.665797472
-0.00373013,2.611424923
-0.0036753809999999997,2.552800417
-0.003659356,2.492694855
-0.003620899,2.431979179
-0.003637189,2.371572256
-0.0035722859999999996,2.316880465
-0.003537883,2.256393194
-0.0034989649999999997,2.194902897
-0.0035003279999999996,2.138950348
-0.003483671,2.080864191
-0.003442088,2.024135351
-0.003410519,1.970394254
-0.0033857109999999996,1.908113956
-0.0033627609999999997,1.847046375
-0.003351538,1.789643764
-0.0033084269999999996,1.728930116
-0.003282098,1.671471238
-0.003267183,1.608907938
-0.0032332669999999997,1.550594687
-0.003224257,1.490501285
-0.00315731,1.428336143
-0.003133969,1.367422223
-0.0031557449999999997,1.308631539
-0.0031054109999999998,1.246275067
-0.003081932,1.188127875
-0.003066776,1.124494672
-0.003043671,1.063816786
-0.003041155,1.006434083
-0.002973071,0.947503984
-0.0029559319999999997,0.889590085
-0.002919325,0.830507994
-0.0029089389999999997,0.770854712
-0.002878497,0.709941328
-0.0028391939999999997,0.650151491
-0.0027927019999999998,0.593121707
-0.0027319709999999997,0.533538222
-0.002729119,0.471871078
-0.0027201649999999996,0.410115212
-0.0026909259999999997,0.345321685
-0.0026645889999999998,0.286182523
-0.002643492,0.225723073
-0.0025975549999999997,0.167377874
-0.0025803769999999996,0.108645603
-0.0025748309999999996,0.04781441
-0.00252274,-0.012656505
-0.002475373,-0.06838423
-0.002487142,-0.124941669
-0.00247375,-0.180441394
-0.002380027,-0.237972721
-0.0023827189999999997,-0.299038082
-0.002339174,-0.354333907
-0.0023304949999999997,-0.409400582
-0.0022922159999999997,-0.474670619
-0.0022574149999999996,-0.535106659
-0.002252792,-0.592577815
-0.0022381289999999997,-0.652222693
-0.002180204,-0.710163593
-0.002160464,-0.769898832
-0.002161158,-0.823073089
-0.0021130259999999996,-0.877140343
-0.002069237,-0.928094506
-0.002052043,-0.973424852
-0.002032596,-1.019507766
-0.0020076219999999997,-1.066259146
-0.001971596,-1.106542468
-0.0019953849999999997,-1.135731339
-0.001976247,-1.158309102
-0.0019538579999999997,-1.168709397
-0.001963915,-1.172677398
-0.001964235,-1.18020618
-0.001976775,-1.209572911
-0.001903651,-1.365555525
-0.001835391,-1.487594247
-0.001790628,-1.591228008
-0.001730054,-1.687517285
-0.001701945,-1.775590897
-0.001617992,-1.852597117
-0.001612813,-1.926837921
-0.001580783,-1.994904637
-0.001547418,-2.05562377
-0.001506608,-2.124950647
-0.001462948,-2.187388897
-0.001411017,-2.25330019
-0.00137362,-2.317385674
-0.001351147,-2.376881361
-0.001335993,-2.437934637
-0.001302962,-2.504505634
-0.001270582,-2.563192368
-0.00123619,-2.62193346
-0.00119072,-2.684629202
-0.0011969980000000001,-2.741198778
-0.001153766,-2.801053762
-0.001117573,-2.85994792
-0.001101607,-2.921696663
-0.001088924,-2.979822636
-0.001059433,-3.038953066
-0.001001163,-3.098857403
-0.0010004439999999999,-3.159538984
-0.000960027,-3.215575933
-0.00094686,-3.276077747
-0.00092471,-3.333779812
-0.0009029390000000001,-3.390494108
-0.000828638,-3.447070122
-0.000798726,-3.50794816
-0.000770747,-3.563880682
-0.0007082400000000001,-3.619794607
-0.000678402,-3.676639557
-0.000674261,-3.732134104
-0.0006156040000000001,-3.783239365
-0.000568438,-3.840971947
-0.000510047,-3.89423418
-0.000511161,-3.951022148
-0.000465549,-4.000133038
-0.00038978,-4.053089142
-0.000397399,-4.100681305
-0.000352098,-4.153715134
-0.000281521,-4.204128265
-0.000242226,-4.25395298
-0.00017516800000000001,-4.304282665
-0.000156693,-4.354711056
-8.63e-05,-4.403800488
-6.0209999999999994e-05,-4.452992916
-1.28e-05,-4.506655216
4.210000000000001e-05,-4.556682587
8.243e-05,-4.607739449
0.00011852500000000001,-4.660194397
0.00019274099999999996,-4.708086014
0.00023691099999999997,-4.760809898
0.000278802,-4.809858799
0.000331353,-4.863837719
0.00035297299999999997,-4.914444923
0.000382881,-4.964748383
0.000460659,-5.015250206
0.000538757,-5.070385456
0.000577711,-5.120745659
0.000621331,-5.171584606
0.000670862,-5.205379486
0.00070005,-5.224918365
0.000713133,-5.235862732
0.0007228509999999999,-5.248701096
0.000786072,-5.311325073
0.000819888,-5.359667778
0.000852198,-5.402476788
0.0009312999999999999,-5.477534294
0.00103541,-5.581027508
0.0012136129999999999,-5.687056541
0.00140677,-5.792537689
0.001623659,-5.894096851
0.001924132,-5.985886097
0.0024171400000000003,-6.072317123
0.0033651780000000004,-6.158644676
0.004679288,-6.229916096
0.006884536,-6.192539215
0.010056752,-6.019375801
0.010526136,-5.78852272
0.010468838,-5.60123682
0.010446892,-5.477935314
0.010399039,-5.393470764
0.010329455,-5.330836296
0.010308791,-5.290137291
0.010312297,-5.258517742
0.010300174,-5.234911442
0.010280265,-5.218524933
0.010272434,-5.201827526
0.010273474,-5.190316677
0.010275601,-5.183405876
0.010256587,-5.178333759
0.010288997,-5.177192688
0.010275382999999999,-5.174401283
0.010268171999999999,-5.175453186
0.010233413,-5.172639847
0.010278022999999999,-5.1731987
0.010247013,-5.170168877
0.010251438,-5.167375088
0.010281285,-5.166269779
0.010266237,-5.167016983
0.010240006,-5.164974213
0.010262429,-5.165325642
0.010268888,-5.165230751
0.010263836,-5.165307522
0.010268570999999999,-5.163280487
0.010265605,-5.163860321
0.010292154999999999,-5.164072037
0.010250796999999999,-5.163270473
0.010281436,-5.16577816
0.010256888,-5.159906387
0.010303938,-5.144134998
0.010257482,-5.119336605
0.010241542,-5.079456329
0.010239373,-5.02807045
0.010187125,-4.974486351
0.01017114,-4.923269272
0.010131061,-4.87313509
0.010117193,-4.827450752
0.010084055,-4.779550552
0.010090886,-4.735744953
0.010095839,-4.692605972
0.010048593,-4.652710438
0.010040179,-4.621342659
0.010002977,-4.592493534
0.010021584,-4.57517767
0.009994966,-4.556099892
0.009991682,-4.53326416
0.009981971,-4.500965595
0.009940596999999999,-4.448562145
0.009933216,-4.387347698
0.009924731,-4.342369556
0.009887355,-4.31793642
0.009870575999999999,-4.302733898
0.009888268,-4.292827606
0.00989853,-4.221958637
0.009805622,-4.085463047
0.009734455999999999,-3.960470438
0.009662856,-3.840121984
0.009614769,-3.723899126
0.009557329,-3.620132685
0.009521255,-3.523289442
0.009441587,-3.435002565
0.009421068999999999,-3.350693703
0.009368049,-3.271364212
0.009285518999999999,-3.191799641
0.009278330999999999,-3.122276306
0.009220044,-3.046745062
0.009156431999999999,-2.973363876
0.009141607,-2.908466101
0.009115783,-2.838570356
0.009067724,-2.771557093
0.009010393,-2.69961524
0.009014411,-2.632647038
0.008965554,-2.567818165
0.008907795999999999,-2.499508858
0.008888733,-2.431743622
0.008873500999999999,-2.370831728
0.008809429,-2.305002928
0.008794381,-2.244135141
0.008755878,-2.179638863
0.008697069,-2.117302179
0.008689755,-2.055588722
0.008659881,-1.995599508
0.008640421,-1.930135846
0.008588082,-1.868999243
0.008581222,-1.805056691
0.008513330999999999,-1.738535047
0.008466795,-1.675074339
0.00843001,-1.613958597
0.008404992,-1.549820304
0.008396116,-1.48647368
0.008330892,-1.423165679
0.008321563,-1.359926939
0.008285029,-1.302263021
0.008230033,-1.24153614
0.008202615,-1.181904197
0.008166193,-1.118246675
0.008143286,-1.057651401
0.0080832,-0.995644331
0.008070331,-0.93886584
0.008007812999999999,-0.87548244
0.007992527,-0.812976241
0.007926245,-0.750616252
0.007933779,-0.692233801
0.007887353,-0.635173321
0.007869885,-0.57218504
0.007798088,-0.511640728
0.007775653,-0.450438231
0.007749723,-0.392785937
0.0076747989999999995,-0.337776095
0.007661276,-0.278134137
0.0076179179999999996,-0.218749031
0.0075726859999999995,-0.157654256
0.007534305,-0.099775776
0.007500858,-0.039724428
0.007454533,0.01959601
0.0074258829999999994,0.073858835
0.007391442,0.133129105
0.007324934,0.193446338
0.0072821529999999995,0.255230725
0.007231791,0.315701872
0.007209304,0.371311158
0.007149094999999999,0.435583174
0.00711382,0.495475292
0.0070714869999999996,0.555150986
0.007026574,0.613287687
0.006992274,0.671683311
0.006933732,0.730529368
0.006895437999999999,0.786413968
0.006846,0.84536171
0.0067792009999999995,0.905982196
0.006748942,0.962126017
0.006686844,1.015036702
0.006651554,1.076026917
0.006607877,1.133906603
0.006528484,1.193806887
0.006480389,1.252189994
0.00643,1.308300018
0.006377664,1.363836527
0.006316223,1.419157028
0.006238876,1.475555778
0.006195941999999999,1.532091856
0.0061277549999999995,1.58521843
0.0060576679999999996,1.64279151
0.006001694,1.69928956
0.005951904,1.750849605
0.005888326,1.812017798
0.0058063889999999995,1.865202546
0.00575413,1.920543313
0.005697804999999999,1.972556233
0.00561107,2.023055077
0.00554783,2.076136827
0.005485612999999999,2.13404274
0.005384748,2.184754372
0.005331096,2.235773802
0.005249889,2.289652109
0.005195824,2.343971252
0.005098404,2.395013809
0.005013262,2.446947098
0.004921531,2.497203827
0.004844562,2.548762083
0.004783959999999999,2.601364136
0.004684437,2.649684668
0.004624237,2.703008652
0.004521,2.752430677
0.0044349179999999995,2.803601027
0.004323975,2.855679989
0.0042479349999999996,2.905731201
0.0041241129999999996,2.955204248
0.004022332,3.0026443
0.003913163999999999,3.057173014
0.003830174,3.108309746
0.0036859920000000003,3.154219151
0.003612469,3.20592308
0.003475315,3.249626637
0.003404775,3.297267914
0.0033005070000000003,3.344811916
0.003184693,3.392649651
0.003068589,3.438783169
0.0029328070000000004,3.482335329
0.0028129970000000002,3.528029203
0.0026896890000000003,3.577602148
0.0025595160000000004,3.619885921
0.002463251,3.666484118
0.002296789,3.710096359
0.002164066,3.757023335
0.002038644,3.798768759
0.0019208370000000001,3.843317747
0.001757845,3.882955551
0.001624845,3.929051161
0.001494823,3.972567558
0.001351355,4.015764713
0.001236253,4.054945469
0.001098788,4.096730232
0.000961887,4.135167122
0.000772455,4.177372932
0.000641202,4.215354919
0.000486724,4.257872581
0.00031590599999999997,4.295895576
0.00018228200000000003,4.332130432
5.9734999999999996e-05,4.370070934
-0.00012419999999999998,4.412146568
-0.00024998,4.452221394
-0.000411343,4.489382267
-0.0005479360000000001,4.525034904
-0.000749606,4.564170361
-0.00089695,4.598035812
-0.001075939,4.634748936
-0.001244327,4.672934532
-0.001380293,4.707945824
-0.001593367,4.743762493
-0.001737589,4.776679993
-0.001920532,4.81211853
-0.0020760479999999996,4.849019051
-0.002263864,4.882443428
-0.002434346,4.916661263
-0.002604707,4.951752663
-0.0028302509999999998,4.987084389
-0.0029815429999999997,5.019267559
-0.003186287,5.048282623
-0.0033698839999999996,5.079454422
-0.0035085579999999997,5.113847256
-0.0037564029999999997,5.143293858
-0.003940135,5.172204018
-0.004098368,5.201894283
-0.004303068,5.232767105
-0.004470738,5.262449741
-0.004668556,5.290120602
-0.004894866,5.318058968
-0.005050629,5.34623003
-0.005258605,5.371862411
-0.005442628000000001,5.400754452
-0.005720442,5.430398464
-0.005861376000000001,5.454139709
-0.006092905,5.478001595
-0.006278229000000001,5.506193638
-0.0065095940000000005,5.529447079
-0.006726595,5.554441929
-0.006905869,5.583862305
-0.007156755,5.606380463
-0.00736976,5.629777908
-0.00757749,5.647774696
-0.007781083,5.666052818
-0.008022072,5.683629036
-0.008220713000000001,5.702302933
-0.008461614000000001,5.715543747
-0.008663169,5.731730938
-0.008879467,5.741580963
-0.009086687,5.751734734
-0.00931105,5.761825562
-0.009488585,5.775190353
-0.009677898,5.787842274
-0.009884144000000001,5.802010536
-0.010109368,5.812514782
-0.0103221,5.830388069
-0.010533295,5.840540409
-0.01076997,5.851332664
-0.011003078,5.86182785
-0.011254981,5.869303226
-0.011482199,5.876894951
-0.011705748,5.881364822
-0.011953625,5.884740829
-0.012175297,5.891373158
-0.012422973,5.894268036
-0.012620463,5.89890337
-0.012866543,5.905594349
-0.013084416,5.909890652
-0.013311788,5.914812565
-0.013551693,5.922774792
-0.013763997,5.927491665
-0.014021955000000001,5.931449413
-0.014241121,5.935669899
-0.014484502,5.940426826
-0.014731217,5.946190834
-0.014975813000000001,5.951394081
-0.015220052,5.949950695
-0.015428594,5.95457983
-0.015680818,5.958346367
-0.015904296,5.966487408
-0.016125973,5.967489243
-0.016361596,5.967606068
-0.016592093,5.971753597
-0.016814535999999998,5.97358942
-0.017050922,5.978915215
-0.017286368,5.983525276
-0.017508771,5.988549232
-0.017742517,5.994745255
-0.017957965,6.000662804
-0.018197131999999998,6.003477097
-0.018472765,6.007211208
-0.018644520999999997,6.013184071
-0.018910709999999997,6.01391077
-0.019095972,6.019905567
-0.019317195,6.024302006
-0.019534555999999998,6.02943325
-0.019775624,6.033350945
-0.020005683,6.037564278
-0.02021011,6.041022778
-0.020410796999999998,6.04744482
-0.020672515,6.051698685
-0.020886020999999998,6.054700375
-0.021138144999999997,6.058197975
-0.021339128,6.062226772
-0.021570471999999997,6.067295074
-0.021785453,6.072381496
-0.021984186,6.077383041
-0.022223469,6.081820488
-0.022430087999999997,6.085489273
-0.022655023,6.088867664
-0.022872998999999998,6.093894958
-0.023096137,6.098549843
-0.023302864,6.1029706
-0.02353837,6.106350422
-0.023767443,6.11029911
-0.023958630999999998,6.113959312
-0.024190114999999998,6.118527412
-0.024405827999999997,6.124991894
-0.024665467,6.126782894
-0.024842428,6.129968166
-0.025083793,6.133545399
-0.025295625,6.13912344
-0.02550344,6.139760017
-0.025743813999999997,6.14750433
-0.025920094999999997,6.153734207
-0.026146025,6.155494213
-0.026343335,6.15991354
-0.026583301,6.164358616
-0.026767317,6.17041254
-0.027016586,6.175557613
-0.027223525999999998,6.177163601
-0.027431846,6.181123734
-0.027624180999999998,6.187302113
-0.027835498,6.189072132
-0.028052208999999998,6.196075916
-0.028269186999999998,6.200172424
-0.028505541,6.203286171
-0.028701716999999998,6.205439568
-0.028914467,6.212527275
-0.029140508,6.216549397
-0.029320641999999997,6.220343113
-0.029551985,6.22266531
-0.029777767,6.22696209
-0.029986573,6.230446339
-0.0302068,6.233301163
-0.030409729,6.239884377
-0.030630236999999998,6.24395752
-0.030862979999999998,6.247431278
-0.031063736999999998,6.250608921
-0.031281801,6.25299263
-0.031480165,6.260834694
-0.031652307,6.264963627
-0.031915447,6.269918919
-0.032086073,6.271386623
-0.032339381,6.276804924
-0.032512369,6.28037405
-0.032763237,6.286319256
-0.032963632,6.288897038
-0.033157906,6.294658184
-0.033383312,6.295535088
-0.033601118,6.298642635
-0.033806538,6.301177979
-0.0340044,6.307861328
-0.034202175,6.310736656
-0.034443783,6.312891483
-0.034691283999999996,6.318893433
-0.034853498,6.319730282
-0.035060519,6.322598934
-0.035284324,6.329041004
-0.035499883999999995,6.333384037
-0.035710456,6.336312294
-0.035881428,6.338639736
-0.036097443,6.341626167
-0.036358634,6.345335007
-0.036544562999999995,6.350409031
-0.036747979,6.351939678
-0.036958734,6.356185913
-0.037163050999999996,6.359430313
-0.037360464999999995,6.36438036
-0.037564801,6.369296074
-0.037816083,6.373173714
-0.037987244999999996,6.374209881
-0.038191658999999996,6.380146027
-0.038408877,6.383429527
-0.038627544,6.387827396
-0.038824436999999996,6.392674446
-0.039042631,6.394823551
-0.039257815,6.397142887
-0.039440578,6.401553631
-0.039671173,6.405199051
-0.039900490999999996,6.408407211
-0.040104745,6.409564018
-0.040323669,6.418393135
-0.040492913,6.416948795
-0.040687338999999996,6.420429707
-0.040875063999999996,6.424184322
-0.041120788,6.427994728
-0.041297304,6.433102131
-0.041518954999999996,6.436107635
-0.041729597,6.439241409
-0.041972982,6.443561077
-0.042153115,6.444544792
-0.042353445999999996,6.44976902
-0.042580718,6.45526123
-0.042768462,6.457208157
-0.04298663,6.458793163
-0.043181662999999995,6.461055279
-0.043355009,6.465955257
-0.043573865999999996,6.470119476
-0.043754180999999996,6.473012924
-0.043984892,6.479341984
-0.044166198,6.482232094
-0.044391895,6.480002403
-0.044608494,6.48769474
-0.044838047,6.49212122
-0.045006948,6.496881962
-0.045244971,6.495070457
-0.045466849999999996,6.497318745
-0.045628787999999997,6.498892784
-0.045862211,6.508775234
-0.04606363,6.509860992
-0.046272034,6.511678219
-0.046456998,6.51465559
-0.046678206,6.520082951
-0.046883286999999996,6.52384758
-0.047075206,6.524484634
-0.047289537,6.528761387
-0.047470259,6.531799316
-0.047735759999999995,6.533763409
-0.047877752999999995,6.535628796
-0.048096897,6.540682793
-0.048320336,6.544240952
-0.048518153,6.546857834
-0.048724198999999996,6.549987793
-0.048949876999999996,6.550907612
-0.049102003,6.554869175
-0.049313674,6.558233738
-0.049507873,6.558531284
-0.049728681999999996,6.566002369
-0.049900418,6.568668842
-0.05013478,6.568662167
-0.050322844,6.573165417
-0.050526137,6.576684475
-0.050747423,6.583518028
-0.050958103,6.586634636
-0.05117199,6.588202953
-0.051351333,6.586223602
-0.051551823999999996,6.595233917
-0.051757054,6.597362518
-0.051953735,6.60035944
-0.052178586,6.604259491
-0.052368516,6.604844093
-0.052572561,6.609134674
-0.052800329,6.610301018
-0.052968381,6.615894794
-0.053186076,6.618490219
-0.053382741,6.619550705
-0.053595567,6.621016502
-0.053765254,6.623706818
-0.053984163,6.630815029
-0.054162206,6.63154459
-0.054375386,6.634355545
-0.054564321,6.636990547
-0.054752847,6.638782978
-0.054945478,6.640470505
-0.055151342,6.644018173
-0.055305155,6.648352146
-0.055553266999999996,6.65235281
-0.055741513,6.654168129
-0.055966945,6.65788126
-0.056167377,6.660665989
-0.056358745,6.661006927
-0.056576228,6.666576385
-0.05676263,6.67358017
-0.056975482,6.674303055
-0.057180317,6.677565575
-0.057368757,6.678181171
-0.057570232,6.680704594
-0.057763142999999996,6.683258057
-0.057993876,6.685839653
-0.058207823,6.691325665
-0.058380583,6.690694809
-0.058553992,6.695497513
-0.058766057999999996,6.698159218
-0.058973787,6.702289104
-0.059165431,6.703539371
-0.059359441,6.706938267
-0.059550284,6.709619045
-0.059764823,6.714171886
-0.060001572999999996,6.713632584
-0.06016464,6.716506481
-0.060359271,6.720053673
-0.060580941,6.724140644
-0.060807575999999995,6.728367329
-0.060968933999999995,6.728682995
-0.061179129,6.730369568
-0.061392715,6.734667778
-0.06160205,6.737170219
-0.061740873,6.739857197
-0.061975459,6.741542816
-0.062151411999999996,6.741799355
-0.062355297,6.746478558
-0.062546669,6.746080875
-0.062749183,6.750572205
-0.062959528,6.75435257
-0.063181555,6.757980347
-0.063317677,6.760790825
-0.063521801,6.761757374
-0.06374669599999999,6.765270233
-0.063947661,6.770244122
-0.064160174,6.76918602
-0.064328475,6.771994591
-0.064556671,6.772566795
-0.064723497,6.773676395
-0.06491016399999999,6.778744221
-0.065145275,6.781564713
-0.065300128,6.7867136
-0.065555161,6.786389828
-0.065743519,6.792382717
-0.065933591,6.789966106
-0.066096006,6.79472208
-0.066309771,6.797821522
-0.066525003,6.802732944
-0.066710902,6.803219795
-0.066926835,6.80559206
-0.067126161,6.806659698
-0.067314809,6.806665421
-0.067515498,6.8140769
-0.067686422,6.818567276
-0.067883691,6.819979191
-0.06810612099999999,6.823784828
-0.068288608,6.822163105
-0.068489624,6.823505878
-0.06868807,6.825010777
-0.068863174,6.828769207
-0.069063878,6.834687233
-0.069252765,6.834332466
-0.069436891,6.839923859
-0.069647355,6.837792397
-0.069838716,6.84187603
-0.070051691,6.843977928
-0.07023117499999999,6.845958233
-0.070438108,6.850577354
-0.070586359,6.852657795
-0.07078206399999999,6.854168415
-0.07100421,6.856035233
-0.071166737,6.857774258
-0.071373915,6.861957073
-0.071575081,6.865527153
-0.071804991,6.868503571
-0.071995413,6.871276379
-0.072155474,6.871049881
-0.07235454599999999,6.876488209
-0.072572535,6.875788689
-0.072763091,6.876552105
-0.072977005,6.878140926
-0.07314662499999999,6.880898476
-0.073346568,6.881816864
-0.073509796,6.886591434
-0.073676063,6.891077518
-0.073927639,6.894562244
-0.07407712,6.89350462
-0.074322207,6.893802643
-0.07449138699999999,6.898133278
-0.074680319,6.900623798
-0.07488123099999999,6.905683041
-0.075065395,6.907196045
-0.075273847,6.907734871
-0.075474737,6.906898022
-0.07565098099999999,6.911677361
-0.075853547,6.913773537
-0.07600621,6.91712141
-0.076235948,6.918527126
-0.076441152,6.923176289
-0.076623915,6.921401978
-0.07683037,6.926274776
-0.077035425,6.925389767
-0.077213263,6.930727959
-0.077428026,6.933468819
-0.07763845999999999,6.933895111
-0.077791607,6.935269833
-0.07797472,6.936717033
-0.078165932,6.938946724
-0.078366092,6.941848278
-0.078558905,6.947068214
-0.078762939,6.947441578
-0.078919454,6.948692799
-0.07912593899999999,6.949062347
-0.079334943,6.951836586
-0.07952979,6.956410408
-0.079723088,6.96047163
-0.079915693,6.959632397
-0.080089113,6.962640762
-0.080292894,6.962358952
-0.080475723,6.965931416
-0.080673946,6.967102051
-0.080861321,6.969395638
-0.081080748,6.973136425
-0.08123796999999999,6.972953796
-0.081464483,6.978172779
-0.08162976599999999,6.982001305
-0.081810018,6.983555794
-0.082044734,6.98503828
-0.082236705,6.985819817
-0.082420459,6.987270355
-0.082586048,6.989359379
-0.082798427,6.991941452
-0.082985451,6.991706848
-0.083190588,6.997527599
-0.083348615,6.999688625
-0.083550109,7.000149727
-0.08373567999999999,7.002193928
-0.083907856,7.002830982
-0.084120741,7.007694244
-0.084306149,7.00623703
-0.08450194999999999,7.010462284
-0.08469074,7.012162209
-0.084858669,7.017672539
-0.085053502,7.016811371
-0.085239923,7.019039154
-0.085464744,7.020212173
-0.085619999,7.021347046
-0.085809505,7.022729874
-0.086022472,7.029141903
-0.086206308,7.028477192
-0.08638609,7.029314995
-0.086581675,7.031664371
-0.08678193199999999,7.033664227
-0.086971154,7.040184498
-0.087197831,7.039102077
-0.087372741,7.042106152
-0.087547442,7.039999008
-0.087730689,7.042245865
-0.08790980799999999,7.043550491
-0.088068022,7.047970772
-0.088291643,7.050362587
-0.088440722,7.054400921
-0.088669842,7.056357861
-0.08885598,7.054891109
-0.089039927,7.057580471
-0.089203348,7.06269455
-0.089437096,7.062739372
-0.089624343,7.064608097
-0.089796325,7.065157413
-0.08999688,7.070610046
-0.090176126,7.071022034
-0.090403413,7.071864128
-0.090572028,7.075922489
-0.090773499,7.07871151
-0.090919999,7.079665661
-0.091152972,7.080212116
-0.091341456,7.076280117
-0.09151352,7.087156773
-0.091713397,7.085570335
-0.091883926,7.076294422
-0.092071367,7.066837311
-0.092139093,7.051024914
-0.092229387,7.022938728
-0.092287017,6.99251461
-0.092301322,6.966743946
-0.092331311,6.947108746
-0.092327779,6.929163933
-0.092340937,6.913992882
-0.092346689,6.904244423
-0.092348037,6.896919727
-0.092360465,6.886890888
-0.092378279,6.882493973
-0.092381125,6.877263069
-0.092371872,6.872295856
-0.09239248,6.870288372
-0.092369525,6.865663528
-0.09238756299999999,6.863245487
-0.092366902,6.861707687
-0.09239143699999999,6.857389927
-0.092394939,6.857878685
-0.092429658,6.855969429
-0.092406897,6.854039669
-0.092409318,6.850016117
-0.09239958,6.851496696
-0.09242182,6.846712589
-0.092393091,6.846626759
-0.092402203,6.841448784
-0.09243694499999999,6.841133118
-0.09241893,6.839981556
-0.092469318,6.837096691
-0.092439381,6.809984684
-0.092435276,6.771472454
-0.092412202,6.724133015
-0.092401145,6.668209076
-0.092372565,6.617951393
-0.092325432,6.563592434
-0.092310851,6.510537624
-0.092265202,6.454879761
-0.092239549,6.393739223
-0.092205359,6.340733051
-0.092182113,6.280652523
-0.092154784,6.223036766
-0.09213504,6.170278072
-0.09212232199999999,6.112111092
-0.09205593,6.05751276
-0.092029905,5.999619961
-0.091979979,5.936955929
-0.091961665,5.88198185
-0.09194374599999999,5.822854042
-0.09192347299999999,5.766256809
-0.091872199,5.712917805
-0.091843067,5.653985023
-0.09181588,5.594414711
-0.091772018,5.537994862
-0.091736814,5.482850552
-0.091709537,5.426680565
-0.091674453,5.370010376
-0.091643712,5.314373493
-0.091635121,5.256817341
-0.091580523,5.200683117
-0.091553776,5.142121792
-0.091490893,5.084640026
-0.091511933,5.027480125
-0.091437606,4.968923569
-0.09139703,4.910765171
-0.091371236,4.853624821
-0.091304263,4.795510769
-0.091336099,4.738811493
-0.091277225,4.680983543
-0.091216957,4.626690865
-0.091189442,4.566335678
-0.091143323,4.510817528
-0.091163939,4.451577663
-0.091105966,4.401300907
-0.091092331,4.343380928
-0.091060063,4.28959465
-0.09101685699999999,4.231865406
-0.090975693,4.173355103
-0.090921996,4.114670753
-0.090898199,4.061953545
-0.090831628,4.002521515
-0.090837276,3.9496243
-0.090796804,3.894977331
-0.09075557299999999,3.841261864
-0.09071074999999999,3.783043623
-0.090704722,3.72363162
-0.090667693,3.669262171
-0.09064335899999999,3.612194538
-0.090581155,3.553318262
-0.090574039,3.499478817
-0.090538604,3.44016552
-0.090522019,3.385317564
-0.090468621,3.329932928
-0.090429647,3.272465467
-0.09039573199999999,3.219087362
-0.090325965,3.158539295
-0.090312695,3.102318525
-0.090290388,3.049784422
-0.09026481,2.99141717
-0.090215711,2.938557148
-0.090178793,2.880045414
-0.090148648,2.823298693
-0.09012843499999999,2.76567173
-0.090081854,2.708604574
-0.090070067,2.652382374
-0.089988625,2.598775625
-0.08999536799999999,2.539118052
-0.089923633,2.482931137
-0.089894978,2.429729223
-0.089864275,2.372781515
-0.089823453,2.317669153
-0.089794239,2.261905193
-0.08973384499999999,2.205999851
-0.089719517,2.148349047
-0.089659212,2.094600201
-0.089648968,2.038310289
-0.089601321,1.982560277
-0.089554733,1.924460173
-0.089532001,1.869064689
-0.089478685,1.816343427
-0.089481888,1.762064338
-0.089446588,1.708541155
-0.089393785,1.654335618
-0.08936944399999999,1.602057219
-0.089346191,1.546824813
-0.089327475,1.490504265
-0.08924689,1.43624568
-0.089235311,1.380626321
-0.089191219,1.329966903
-0.089174068,1.271395564
-0.089117168,1.220947266
-0.089087872,1.166476727
-0.089043861,1.113192916
-0.089004671,1.05684495
-0.088987788,1.00283289
-0.088956295,0.947224736
-0.088893792,0.889841855
-0.088866023,0.831857264
-0.088841429,0.773295581
-0.08880215699999999,0.722150862
-0.088746434,0.675290227
-0.08870623799999999,0.625873864
-0.088686777,0.575620115
-0.088678164,0.522577405
-0.088603793,0.465088993
-0.088552451,0.408026576
-0.088525219,0.355866462
-0.08849565499999999,0.299776524
-0.088473273,0.244382456
-0.088391548,0.18403922
-0.088361939,0.128196836
-0.088308012,0.072568171
-0.08827549,0.01655183
-0.08822587,-0.039463818
-0.088204002,-0.093658045
-0.088134831,-0.14504239
-0.088110304,-0.199917912
-0.088081492,-0.242136449
-0.088024272,-0.291710407
-0.088000065,-0.343326181
-0.08795987599999999,-0.396852612
-0.08790843,-0.447973192
-0.087889625,-0.505119741
-0.087834088,-0.559497416
-0.087788431,-0.611862779
-0.087761154,-0.662626565
-0.087703219,-0.713889539
-0.087653948,-0.76033181
-0.087610079,-0.812381864
-0.087565361,-0.865676343
-0.087522088,-0.921986341
-0.087491987,-0.972713113
-0.087444751,-1.013831258
-0.087404205,-1.040733576
-0.087380497,-1.05454886
-0.08739704499999999,-1.0643363
-0.087373329,-1.06944418
-0.087347975,-1.074453354
-0.087351425,-1.078580022
-0.087363264,-1.082543015
-0.08728193299999999,-1.177307725
-0.08720431299999999,-1.316570997
-0.087112909,-1.415322065
-0.086989155,-1.501771092
-0.086916877,-1.582983971
-0.086851245,-1.653958797
-0.086743085,-1.713605404
-0.086707665,-1.769648194
-0.086609675,-1.820731282
-0.086585393,-1.873718739
-0.086518688,-1.925536394
-0.08648178499999999,-1.972006321
-0.08642005,-2.023441553
-0.08637070499999999,-2.070435524
-0.086311525,-2.112729073
-0.086267663,-2.165049314
-0.086177981,-2.212714195
-0.086161261,-2.261940479
-0.08605637199999999,-2.311395168
-0.08598605399999999,-2.358304501
-0.085941887,-2.402205944
-0.085864371,-2.449330091
-0.085824607,-2.494662762
-0.085704817,-2.538071632
-0.085671311,-2.582726479
-0.085600479,-2.624284744
-0.085557101,-2.667901754
-0.085484659,-2.714583158
-0.085393233,-2.757871151
-0.085346943,-2.799114466
-0.08530697799999999,-2.844645977
-0.085214814,-2.887690067
-0.085110536,-2.928229332
-0.08507413999999999,-2.968974352
-0.08498795099999999,-3.007890701
-0.084908119,-3.04914093
-0.084836079,-3.089181662
-0.08478314199999999,-3.130306721
-0.084701782,-3.168313026
-0.084625533,-3.206599951
-0.084541878,-3.24332571
-0.08448988,-3.282635212
-0.084383158,-3.319213867
-0.084315499,-3.357841492
-0.084221197,-3.398063898
-0.084173625,-3.434348822
-0.084071709,-3.473093271
-0.083964838,-3.509261608
-0.083885355,-3.548887253
-0.083819857,-3.582564116
-0.083720958,-3.61552453
-0.08363701999999999,-3.653006792
-0.08353555,-3.687726259
-0.083467996,-3.723808289
-0.08336409,-3.756168604
-0.083292825,-3.791406155
-0.083213253,-3.826084852
-0.083090475,-3.859741211
-0.083019881,-3.89094162
-0.082940718,-3.925657988
-0.082820406,-3.957253695
-0.082712291,-3.987669706
-0.082592031,-4.014807224
-0.08254637399999999,-4.046854019
-0.082400156,-4.083340645
-0.082341945,-4.111310959
-0.082207693,-4.141687393
-0.08210706499999999,-4.174429893
-0.081997005,-4.205025673
-0.08191580899999999,-4.232795238
-0.081787868,-4.262369633
-0.081693469,-4.293323994
-0.081595099,-4.319145679
-0.081490045,-4.346392155
-0.081383241,-4.371007919
-0.081266707,-4.402551651
-0.081135957,-4.430380344
-0.081031559,-4.455158234
-0.080900608,-4.483277798
-0.080807766,-4.509223461
-0.080675578,-4.537064075
-0.080582878,-4.565228939
-0.080449326,-4.589917183
-0.08031880699999999,-4.616411209
-0.08019000899999999,-4.644012928
-0.080070196,-4.666872978
-0.079946591,-4.692522526
-0.079824595,-4.716949463
-0.079687541,-4.742858887
-0.079583695,-4.764482975
-0.07946479099999999,-4.787215233
-0.079331746,-4.811452389
-0.079201607,-4.832888603
-0.079073777,-4.853817463
-0.07890644499999999,-4.876845837
-0.078825748,-4.899581909
-0.078710539,-4.922537804
-0.078592202,-4.944874287
-0.078442654,-4.966490269
-0.07832188699999999,-4.987068653
-0.07818064699999999,-5.008886814
-0.078038959,-5.031405926
-0.077889143,-5.051478863
-0.077748058,-5.073911667
-0.07762008,-5.090187073
-0.077495014,-5.111615658
-0.07736562,-5.127398968
-0.077213747,-5.141722679
-0.07711011,-5.154214859
-0.077007255,-5.167132854
-0.076894296,-5.176767826
-0.076797424,-5.186556816
-0.076715244,-5.195121288
-0.076638384,-5.208003044
-0.076544171,-5.221695423
-0.076425007,-5.257954597
-0.076265229,-5.299738407
-0.076061903,-5.326605797
-0.075845351,-5.353844643
-0.075640975,-5.38455534
-0.075411303,-5.412676811
-0.07516693099999999,-5.438257217
-0.074937208,-5.457510471
-0.07473695799999999,-5.473353863
-0.074524088,-5.489334583
-0.074352732,-5.502401829
-0.07418928899999999,-5.517819881
-0.073995506,-5.530556202
-0.07387941099999999,-5.546566486
-0.073744817,-5.560117245
-0.073581023,-5.575989246
-0.073430685,-5.589857578
-0.073269909,-5.60812521
-0.073122008,-5.62041235
-0.07297738499999999,-5.637913227
-0.072823858,-5.651036739
-0.07270064799999999,-5.667005539
-0.072545348,-5.681090355
-0.072376652,-5.69338274
-0.072215108,-5.706100941
-0.072089156,-5.718724728
-0.071890121,-5.734577656
-0.071785478,-5.747359753
-0.07162535,-5.758462429
-0.071438698,-5.775874138
-0.071296966,-5.785960674
-0.07114294,-5.803182602
-0.07098721499999999,-5.81364727
-0.070855795,-5.8256917
-0.070661007,-5.838805676
-0.070521398,-5.851241589
-0.070357135,-5.864509583
-0.070210284,-5.876201153
-0.070064453,-5.885342121
-0.06990285,-5.898708344
-0.069715215,-5.909450054
-0.06958623,-5.923014164
-0.069435021,-5.936280727
-0.06927863299999999,-5.950026035
-0.069106979,-5.958936214
-0.068935616,-5.971690655
-0.068798376,-5.985273838
-0.06862897999999999,-5.992793083
-0.068476951,-6.003942966
-0.068276135,-6.017681122
-0.068154914,-6.030432701
-0.068002848,-6.03755331
-0.067842042,-6.050524235
-0.067662245,-6.062795639
-0.067502936,-6.072938919
-0.067331707,-6.085023403
-0.067160389,-6.093290329
-0.067037625,-6.102684021
-0.06687375699999999,-6.112420082
-0.066681406,-6.122749329
-0.066538816,-6.133517265
-0.066354787,-6.144510746
-0.066219149,-6.15468359
-0.066036401,-6.16565752
-0.065886153,-6.174608231
-0.065681441,-6.185329437
-0.065535551,-6.1953969
-0.065357996,-6.203607559
-0.065210527,-6.215376854
-0.065029955,-6.222851276
-0.064875005,-6.231324673
-0.064684128,-6.241250515
-0.06452706999999999,-6.252108574
-0.064359469,-6.260061264
-0.064174255,-6.270290852
-0.064041665,-6.280378819
-0.063857382,-6.289246082
-0.063693708,-6.299595833
-0.063542469,-6.306893826
-0.063390842,-6.314620495
-0.063230617,-6.321882248
-0.06303397399999999,-6.332464695
-0.062874554,-6.344439507
-0.062714687,-6.348712921
-0.06252113200000001,-6.35846138
-0.062368328,-6.369398594
-0.062205751999999996,-6.376333237
-0.062037682,-6.386480808
-0.061858949999999996,-6.392217636
-0.061700529,-6.403844357
-0.061517869999999995,-6.407580376
-0.061361274,-6.419332027
-0.061181398,-6.428995609
-0.06099538,-6.43806839
-0.060821967,-6.445278168
-0.060678912,-6.449448109
-0.060483893,-6.458536148
-0.060320900999999996,-6.467481136
-0.060136048,-6.470915318
-0.060007582,-6.461100578
-0.059883526,-6.4516716
-0.059804129,-6.43228817
-0.059735483,-6.410055637
-0.059725331,-6.392213345
-0.059685247,-6.369466305
-0.059673363,-6.355941772
-0.05966215,-6.340025902
-0.059646407,-6.330886364
-0.059611416,-6.32354784
-0.059629599,-6.31271553
-0.059639065,-6.310003281
-0.059616523,-6.306375504
-0.05958497,-6.302044868
-0.059601517,-6.296149254
-0.059610916,-6.290536404
-0.059622677,-6.290183544
-0.059584009,-6.286796093
-0.059609354999999996,-6.282965183
-0.059586043,-6.278944492
-0.059588661,-6.276927948
-0.059572482999999996,-6.274619579
-0.059592659,-6.276077747
-0.059549989,-6.270326138
-0.059572881,-6.271752357
-0.059549099,-6.269356728
-0.059544252,-6.270411491
-0.059547259,-6.264900208
-0.059561354999999996,-6.263446331
-0.059517684,-6.261708736
-0.059534621999999995,-6.262260437
-0.059524873,-6.259793758
-0.059547411,-6.259407997
-0.059520290999999996,-6.251430035
-0.059542457,-6.223755836
-0.059518071,-6.185610294
-0.059575694,-6.137619972
-0.059580823,-6.081845284
-0.059622916,-6.030235767
-0.059646616,-5.976453304
-0.059672663,-5.916665554
-0.059708508,-5.858088017
-0.059717243999999996,-5.799248695
-0.059758475,-5.743873119
-0.05975722,-5.684947491
-0.059794972,-5.628935814
-0.05980801,-5.569198608
-0.059855679,-5.50807333
-0.059868754999999996,-5.452111244
-0.059877133,-5.391382694
-0.059952477,-5.333447933
-0.059936752999999995,-5.276575089
-0.059995676,-5.22410965
-0.060029617,-5.16817522
-0.060067719,-5.11866045
-0.060089988999999996,-5.070844173
-0.060100699,-5.02663517
-0.06012666,-4.978326321
-0.060166409,-4.918414593
-0.060244015,-4.859416485
-0.060228182,-4.805654049
-0.060237223,-4.757850647
-0.060270304,-4.712723255
-0.060282806,-4.67226696
-0.060276641,-4.646352768
-0.060288174,-4.625668526
-0.060339237,-4.612990379
-0.060337106,-4.602847099
-0.0603488,-4.597784996
-0.060367955,-4.588449001
-0.060345961,-4.580661297
-0.060394624,-4.529055595
-0.060382469,-4.495719433
-0.060427551999999995,-4.423288822
-0.060500315,-4.314716816
-0.060546314,-4.192417622
-0.060629072,-4.082255363
-0.060665427,-3.97611618
-0.060734464,-3.87669754
-0.060792887999999996,-3.78187871
-0.060847061,-3.694545984
-0.060901963999999996,-3.610356808
-0.060973855,-3.532824039
-0.060979443,-3.454003572
-0.061064916,-3.380011082
-0.061076408,-3.305283546
-0.06113462,-3.235786915
-0.061177207,-3.166398764
-0.061230471,-3.099448204
-0.06127101,-3.037745476
-0.061287625,-2.971341133
-0.061340405,-2.909632444
-0.061367309,-2.844995737
-0.061414395999999996,-2.779415369
-0.06142371,-2.719697237
-0.061451478,-2.660029173
-0.061505583999999995,-2.597520113
-0.061541444,-2.531841278
-0.061563252,-2.473557234
-0.061640954,-2.41053462
-0.061651619,-2.346800089
-0.06167643,-2.285678625
-0.06171591,-2.221418142
-0.061710725,-2.161148787
-0.061769297,-2.097537041
-0.061822819,-2.039221287
-0.061856841999999995,-1.978625774
-0.061917128,-1.917285919
-0.061954566999999995,-1.860122919
-0.061958658,-1.79824996
-0.06199527,-1.736692905
-0.062048504,-1.681796312
-0.0620695,-1.624716759
-0.062104503,-1.567055941
-0.062129101,-1.505852342
-0.062164957,-1.448816299
-0.062223585,-1.391737103
-0.062270274,-1.333221316
-0.06228731,-1.27539742
-0.062317936,-1.211714149
-0.062350234,-1.155922413
-0.062381418,-1.098184824
-0.062422031999999995,-1.038804412
-0.062484836,-0.981003106
-0.062496657,-0.923764169
-0.062535839,-0.863450289
-0.062591245,-0.806373835
-0.062630905,-0.751572907
-0.06264138,-0.696075022
-0.062680719,-0.637561679
-0.062712973,-0.582651138
-0.062758466,-0.522861481
-0.06278560899999999,-0.466204256
-0.06280954,-0.412202537
-0.062840169,-0.355451792
-0.062887861,-0.297291815
-0.062920591,-0.239077941
-0.062938994,-0.192368492
-0.062978847,-0.162585363
-0.063002562,-0.139814362
-0.063003836,-0.119724624
-0.063030383,-0.10962934
-0.06305751799999999,-0.104856163
-0.063067516,-0.097924717
-0.063076204,-0.092689209
-0.063070035,-0.0907012
-0.063040784,-0.088882342
-0.063042698,-0.086662933
-0.06305936499999999,-0.084361464
-0.063049762,-0.08189223
-0.06304512699999999,-0.083301127
-0.063020682,-0.083426692
-0.063082887,-0.081512541
-0.063083133,-0.08092089
-0.063075399,-0.082371697
-0.063069811,-0.084110729
-0.063083185,-0.08174444
-0.063066868,-0.08271575
-0.063060073,-0.083133355
-0.063071838,-0.083151117
-0.063079892,-0.083864927
-0.063071882,-0.080554917
-0.063059984,-0.082454182
-0.063063903,-0.081788771
-0.063079698,-0.082431071
-0.063100105,-0.082306221
-0.063079631,-0.082068235
-0.063049054,-0.08086621
-0.063051028,-0.081734195
-0.063096037,-0.081043541
-0.063079102,-0.082179315
-0.063075339,-0.081992298
-0.063073857,-0.082208835
-0.063051684,-0.082426429
-0.06305432899999999,-0.079102479
-0.063078171,-0.084119558
-0.063055983,-0.081235677
-0.063105067,-0.081811517
-0.063031791,-0.08542522
-0.063088795,-0.081601903
-0.063059671,-0.083457164
-0.063053308,-0.078947417
-0.063098526,-0.081219688
-0.063075138,-0.081348851
-0.063109046,-0.080661871
-0.063049665,-0.080816098
-0.063091001,-0.077770375
-0.06308056199999999,-0.082837708
-0.063083028,-0.079056688
-0.063087275,-0.081809416
-0.06308171,-0.081506923
-0.063091686,-0.081762195
-0.063049881,-0.082008533
-0.063081747,-0.077125579
-0.063086448,-0.083883896
-0.063076807,-0.081242405
-0.063097423,-0.083671384
-0.06306733,-0.080719322
-0.063113777,-0.079899408
-0.063075749,-0.08245562
-0.063099762,-0.082625896
-0.063103823,-0.084974207
-0.063088944,-0.080626428
-0.063098794,-0.083176121
-0.063081374,-0.082062334
-0.063105209,-0.083240852
-0.063080451,-0.083151713
-0.063121295,-0.082676888
-0.06310996199999999,-0.086471379
-0.063117078,-0.083694682
-0.063103518,-0.083154991
-0.063071234,-0.084000878
-0.06313402,-0.081736594
-0.063095665,-0.083857588
-0.063133253,-0.083218426
-0.063102892,-0.086376898
-0.063109784,-0.083802775
-0.063123254,-0.084491633
-0.063097892,-0.083252132
-0.06312715099999999,-0.084169261
-0.063123411,-0.082782581
-0.063112496,-0.082734242
-0.063108867,-0.08317221
-0.063126264,-0.083160825
-0.06311892499999999,-0.081668012
-0.063102169,-0.08425577
-0.063126115,-0.082553208
-0.063061556,-0.082554385
-0.06311967,-0.078845456
-0.063083975,-0.083580084
-0.063097587,-0.090285018
-0.063130191,-0.125343591
-0.06306248,-0.172260985
-0.06307439299999999,-0.219292983
-0.063012151,-0.273451447
-0.063020168,-0.330684066
-0.06299120799999999,-0.388486117
-0.062934568,-0.448321193
-0.0629139,-0.507163703
-0.062872505,-0.562721372
-0.062860986,-0.620002747
-0.062830901,-0.682655334
-0.06280054,-0.738337696
-0.062788671,-0.798615456
-0.06276114099999999,-0.853687525
-0.062737083,-0.91165489
-0.062690018,-0.969427228
-0.062702289,-1.023757458
-0.06261628699999999,-1.078984141
-0.062635919,-1.136085391
-0.062582193,-1.192907691
-0.062558552,-1.24772501
-0.062526433,-1.309557676
-0.062497405,-1.373142004
-0.062483040999999996,-1.428846121
-0.062450832,-1.484108686
-0.062425783,-1.518927574
-0.062413445,-1.542154431
-0.062396577,-1.560134649
-0.062417442,-1.573180914
-0.062386533,-1.582462311
-0.062382875,-1.590618014
-0.062379038,-1.597591519
-0.062398819,-1.621647716
-0.062330162,-1.778281569
-0.062254832999999996,-1.903577805
-0.062229281,-2.017968893
-0.062122466,-2.122510433
-0.062087664,-2.206861258
-0.062028484,-2.284461737
-0.062037403,-2.353131771
-0.06195716,-2.423313856
-0.061916327,-2.488903046
-0.061881834999999996,-2.55129838
-0.061856726,-2.613191366
-0.061817018,-2.67225194
-0.061782641,-2.737007141
-0.061769542999999996,-2.794258595
-0.061748235,-2.850074291
-0.061705021,-2.913528442
-0.061663879,-2.971283197
-0.061665746,-3.029903889
-0.061608782,-3.086910248
-0.061604897,-3.141917706
-0.061572151,-3.197576523
-0.061516943,-3.253588676
-0.061519655,-3.309650421
-0.061453772999999996,-3.370233536
-0.061426738,-3.42895174
-0.061387622999999995,-3.481366396
-0.061376868,-3.537264824
-0.061345721,-3.598646641
-0.061290382,-3.654855013
-0.061288839,-3.715401649
-0.061234335,-3.769251347
-0.061211819,-3.829073668
-0.061178641,-3.887943745
-0.061150005,-3.948143005
-0.061121684999999995,-4.000141144
-0.061097664999999995,-4.057917595
-0.061041275,-4.10977602
-0.061039059,-4.168699265
-0.060958026,-4.221461773
-0.060952826,-4.278534889
-0.060922997,-4.336202621
-0.060875224,-4.39262867
-0.060834968999999996,-4.448804855
-0.060819266,-4.505218983
-0.060802155999999996,-4.559069157
-0.060793372,-4.618581295
-0.060735246,-4.672540188
-0.060693996,-4.731995106
-0.060669849,-4.791653633
-0.060619334,-4.848248959
-0.060577193,-4.900172234
-0.060580418999999996,-4.957465649
-0.060542548,-5.010456085
-0.060473001,-5.065332413
-0.06047002,-5.11101532
-0.060445019999999995,-5.142805576
-0.06043523,-5.164433479
-0.060451214999999996,-5.172965527
-0.060412223,-5.185134888
-0.060431762,-5.20298624
-0.060406448,-5.270709991
-0.060344519,-5.349975586
-0.060281207999999996,-5.426259041
-0.060202491999999996,-5.525696278
-0.060128437,-5.637572289
-0.06005914,-5.741602421
-0.059961004,-5.830564499
-0.059887024,-5.916118622
-0.059836591,-5.990271091
-0.059765918,-6.060688496
-0.059718767,-6.12250948
-0.059638446,-6.184238434
-0.059584474,-6.241024971
-0.059514394,-6.29333353
-0.059441226,-6.342991829
-0.059345057,-6.39054203
-0.059241445999999996,-6.438682556
-0.059091636999999995,-6.47587347
-0.058988733,-6.514670849
-0.058854041999999995,-6.543790817
-0.058685375,-6.570489407
-0.058493888,-6.589570522
-0.058289638,-6.60525322
-0.058059638,-6.616176128
-0.057862645,-6.624279976
-0.057642555,-6.631033897
-0.057466531,-6.634190083
-0.057290571,-6.643798351
-0.057061550999999995,-6.648073196
-0.056916649,-6.654843807
-0.056740528,-6.659680843
-0.056563263999999995,-6.668660164
-0.056388447,-6.67104578
-0.056161011,-6.678734303
-0.056000447,-6.685155869
-0.055810691999999995,-6.691680431
-0.055626152,-6.697497845
-0.055478361999999996,-6.70102787
-0.055265738,-6.706538677
-0.055111842,-6.710458279
-0.054926617,-6.717844486
-0.054749322999999996,-6.721925735
-0.054547609999999996,-6.728464127
-0.054394191,-6.738625526
-0.05422092,-6.744382381
-0.054025566,-6.750910759
-0.05382541,-6.750397682
-0.053682631,-6.756344795
-0.053470152,-6.761612415
-0.053288063,-6.76666069
-0.05314262,-6.770835876
-0.052967587999999996,-6.776628017
-0.052785883,-6.786374092
-0.052601555,-6.791987419
-0.052406387,-6.796414852
-0.052235166,-6.799298286
-0.052056068999999996,-6.805522442
-0.051893061,-6.814329624
-0.051710857,-6.81957531
-0.051514013,-6.824381828
-0.051356258,-6.827916622
-0.05114813,-6.834489346
-0.050963426,-6.843304634
-0.050801032999999995,-6.844754696
-0.05060721,-6.850550175
-0.050447227,-6.857174397
-0.05027722,-6.863275051
-0.050079214,-6.866392612
-0.049939958,-6.871273041
-0.049730026999999996,-6.878251553
-0.049595187,-6.880547523
-0.049371266999999996,-6.886387348
-0.049216719,-6.889916897
-0.049047398,-6.89726305
-0.048869377,-6.902037144
-0.048658738,-6.908097744
-0.048523953,-6.912418365
-0.048343929,-6.91906786
-0.048134288,-6.925749302
-0.047976343,-6.929871082
-0.047790812,-6.934396267
-0.047630804,-6.937335014
-0.047455249,-6.943597317
-0.047271645,-6.950307846
-0.047069801,-6.954564095
-0.046934204,-6.956250191
-0.046775305999999996,-6.960634708
-0.046552705,-6.965782166
-0.046385237999999995,-6.971814156
-0.046206245,-6.974906921
-0.046045387,-6.980546951
-0.045890229,-6.986964226
-0.045681445,-6.99237442
-0.045495363,-6.996055603
-0.045323920999999996,-7.003195763
-0.045172328,-7.008534908
-0.044986667,-7.008313656
-0.044813631,-7.016605377
-0.044692156999999996,-7.021424294
-0.044472141,-7.022945881
-0.044331214,-7.024569988
-0.044173764,-7.031122684
-0.043947583,-7.035836697
-0.043800519999999996,-7.044114113
-0.043610374,-7.045282364
-0.043455602999999995,-7.051342487
-0.043272791,-7.059504509
-0.043126279999999996,-7.061591625
-0.042932371,-7.064301491
-0.04274823,-7.068298817
-0.042581411,-7.073198318
-0.042410201,-7.079226971
-0.042254863,-7.082516193
-0.042054555,-7.07867527
-0.041912263,-7.070293427
-0.041789183,-7.05564785
-0.041726748,-7.031843662
-0.041703524,-7.004207611
-0.041621861999999996,-6.978394985
-0.041614825,-6.962305546
-0.041610827999999996,-6.941199303
-0.041576507,-6.92680645
-0.041598583,-6.918595791
-0.041565464999999996,-6.910716057
-0.041564228,-6.900603294
-0.041548577999999996,-6.896204948
-0.041553309,-6.891418457
-0.041559269999999995,-6.887127399
-0.041547881,-6.88171196
-0.041532666999999995,-6.879450798
-0.041515863,-6.876164913
-0.041509567,-6.870673656
-0.041521991,-6.869749546
-0.041481933,-6.86805439
-0.041471275,-6.86563921
-0.041495976999999996,-6.861926079
-0.041483955999999995,-6.859679222
-0.041471763,-6.857551098
-0.04147985,-6.857950211
-0.041482345999999996,-6.853189945
-0.041444385,-6.850531578
-0.041474639,-6.850345612
-0.041455795999999996,-6.848042488
-0.041435548999999995,-6.849975109
-0.041448598999999996,-6.844440937
-0.041455862999999996,-6.846354961
-0.041456753,-6.844649315
-0.041451851,-6.829659462
-0.041493794,-6.798531532
-0.041486403,-6.75783062
-0.041499583,-6.708704472
-0.041515758,-6.653987408
-0.041549215,-6.598709106
-0.041582646,-6.542574883
-0.041616002,-6.487531185
-0.041619790999999996,-6.425436497
-0.041626735,-6.365520477
-0.041659476,-6.308364391
-0.041720929,-6.253689289
-0.041749297,-6.193559647
-0.041770142999999996,-6.130730152
-0.041809911,-6.071205616
-0.041825639,-6.016129971
-0.041853255,-5.963006973
-0.041861196999999996,-5.903539658
-0.041909484,-5.839468956
-0.041923175,-5.774697781
-0.041968076,-5.717642784
-0.041972334,-5.661735058
-0.042008699999999996,-5.602941513
-0.042034709999999996,-5.543737411
-0.042080658,-5.486473083
-0.042133881,-5.425384045
-0.042172008999999996,-5.371748447
-0.042171056,-5.32141161
-0.042184875999999996,-5.264061451
-0.042228831,-5.214435101
-0.04225806,-5.162775993
-0.042294247,-5.109905243
-0.042302073999999995,-5.055076599
-0.042326072,-5.007002831
-0.042363303,-4.961437225
-0.042412827,-4.899358273
-0.04246453,-4.844079494
-0.042457687,-4.791094303
-0.042487482,-4.749612808
-0.042520749,-4.713020802
-0.04250255,-4.687264919
-0.042533955,-4.668626308
-0.042541896999999995,-4.654346466
-0.042573018,-4.643921852
-0.042555349,-4.634778976
-0.042583012999999996,-4.629370213
-0.042611638,-4.566068172
-0.042603684999999995,-4.530627728
-0.042628357,-4.498997211
-0.042662227999999996,-4.448300362
-0.042727564999999995,-4.345658779
-0.042785713999999996,-4.226718426
-0.042841003999999995,-4.108508587
-0.042921389,-3.99529767
-0.042991088999999996,-3.892070532
-0.043020682,-3.794833422
-0.043095073,-3.70778513
-0.043146474,-3.628304958
-0.043207349,-3.547317982
-0.043214683999999996,-3.471231461
-0.043273499,-3.395651579
-0.043320728999999995,-3.324748755
-0.043348009,-3.261562347
-0.043411648,-3.18834281
-0.043423319,-3.12187767
-0.043489503,-3.055901527
-0.04351837,-2.989048243
-0.043549702999999995,-2.923926592
-0.043550694,-2.860794544
-0.043602141,-2.79795742
-0.043679354999999996,-2.735483885
-0.043674124,-2.671406507
-0.043739742,-2.605940342
-0.043774997999999996,-2.542799473
-0.043824164,-2.482802391
-0.04386005,-2.418450832
-0.043902667,-2.358362913
-0.04390184,-2.293720722
-0.043970032,-2.233554363
-0.044005228,-2.173552275
-0.044038275,-2.110087395
-0.044070249,-2.051683426
-0.044098785,-1.989952445
-0.044152291999999996,-1.930836082
-0.044180954,-1.868282318
-0.044201734,-1.810750008
-0.044255024,-1.753840208
-0.044293439,-1.696199417
-0.044324854,-1.631848931
-0.044331653,-1.574253201
-0.044366812,-1.51510334
-0.044431848999999995,-1.454446554
-0.04445543,-1.394955277
-0.044494913999999997,-1.337651134
-0.044545629999999996,-1.279316068
-0.044569956,-1.218332052
-0.044568038,-1.157165527
-0.044633301,-1.10103476
-0.044664482,-1.043304324
-0.044688804,-0.984101295
-0.044732424,-0.923695326
-0.044785240999999996,-0.864437044
-0.044811918,-0.806631625
-0.044863863,-0.74672085
-0.044868594,-0.689368606
-0.044888007,-0.632768095
-0.044964327,-0.576075137
-0.044992032,-0.519194722
-0.045009041,-0.461697996
-0.045064637,-0.40330562
-0.045121608,-0.346316189
-0.045147535999999995,-0.289015591
-0.045181708,-0.229852498
-0.045211112,-0.171632677
-0.045275243,-0.116525084
-0.045282556,-0.059008785
-0.045305776,-0.002826313
-0.04534079,0.052168891
-0.045374439999999995,0.10785421
-0.045422146,0.164331704
-0.045486742999999996,0.22131969
-0.045482462,0.281015337
-0.045541784,0.338694006
-0.045576895,0.395799845
-0.04561832,0.451478273
-0.045653967,0.504318178
-0.04567313,0.560180068
-0.045729654,0.617047131
-0.045762511,0.671264589
-0.045823505,0.725926936
-0.045838045,0.781791151
-0.045893787,0.836637139
-0.045926532,0.892043948
-0.045958886,0.950542212
-0.046032144,1.003746152
-0.04604735,1.05774641
-0.04606984,1.115878105
-0.046150778999999996,1.172454
-0.046181981999999996,1.226273656
-0.046204405,1.28023231
-0.046248094999999996,1.337490559
-0.046289199999999996,1.392562985
-0.046334142,1.445992947
-0.046378845,1.495833158
-0.046420904,1.5512743
-0.046436934,1.607248425
-0.046485806,1.666216254
-0.046548889999999996,1.716617465
-0.046597647,1.768870831
-0.046650691,1.820096731
-0.0466516,1.875260949
-0.046737915,1.92643714
-0.046741952999999996,1.981829047
-0.046811176999999995,2.03312993
-0.046869254,2.086059332
-0.046908056,2.133255005
-0.046954496,2.165464163
-0.046968816,2.189480782
-0.046996029,2.203900814
-0.047007999,2.21115613
-0.047051617999999996,2.21775794
-0.047030805,2.22313118
-0.047056725,2.224099636
-0.047076032999999996,2.224078655
-0.047055623,2.225384951
-0.047040426999999996,2.226856709
-0.047041355,2.226528645
-0.047052665,2.225199223
-0.047071249999999995,2.224466085
-0.047083021999999995,2.223462343
-0.047058692,2.223268986
-0.047058178,2.223756075
-0.047080221,2.22153306
-0.047056215,2.220312357
-0.047054807,2.22391963
-0.047078075,2.221326113
-0.047097506,2.220133066
-0.047091784,2.220829725
-0.047049793,2.218795776
-0.047041806,2.219568014
-0.047080805999999996,2.21973443
-0.047086396999999995,2.218498468
-0.047084963,2.208045006
-0.047102826,2.169070244
-0.047058922999999996,2.120478153
-0.047010629,2.065134287
-0.047017535,2.007011175
-0.046969896,1.947503448
-0.046949869,1.88799572
-0.046950926999999996,1.825949311
-0.046931604,1.768617392
-0.046873247,1.709682226
-0.046841298999999996,1.651443601
-0.046813501,1.590874791
-0.04679271,1.532206893
-0.046769587,1.477783203
-0.046719642,1.41595602
-0.046719404,1.358151078
-0.046700919,1.30191648
-0.04669744,1.245420098
-0.046631513,1.186687231
-0.046581561,1.126304626
-0.046572035,1.066040874
-0.046568082999999996,1.007579923
-0.046546002999999996,0.951281607
-0.046509495,0.89079237
-0.04647948,0.831309795
-0.046448084,0.773911655
-0.046404232999999996,0.713423669
-0.046339156,0.657263994
-0.046354992,0.597395599
-0.0463308,0.541279554
-0.046292355,0.482385516
-0.046262846999999996,0.427013338
-0.046231071,0.369449586
-0.046220394,0.312066883
-0.046179256,0.250855803
-0.046101337,0.195394441
-0.046127336,0.136217505
-0.046051806,0.074153252
-0.045992626,0.017746184
-0.046024539999999996,-0.04045637
-0.045956303999999996,-0.102201216
-0.04594378,-0.16104345
-0.045887599,-0.21980232
-0.045856153999999996,-0.279831052
-0.045847075,-0.342477381
-0.045820186,-0.400094628
-0.045807565,-0.458312243
-0.045747859,-0.513818741
-0.045732448,-0.56153959
-0.045687364,-0.621941626
-0.045665449,-0.674131274
-0.04564845,-0.731426537
-0.045616371999999995,-0.788978755
-0.045611386999999996,-0.853236794
-0.045532005,-0.914414167
-0.045507709,-0.972001076
-0.045496051999999995,-1.03519392
-0.045457842,-1.091201425
-0.045447243,-1.143610954
-0.045390541,-1.189495802
-0.045407948999999996,-1.223226309
-0.045406104999999995,-1.248535633
-0.045377576999999995,-1.26736474
-0.045367053,-1.281739354
-0.04537289,-1.294372797
-0.045356711,-1.306299925
-0.045340253,-1.311945558
-0.045339262,-1.329348445
-0.045319999,-1.476721287
-0.045233609,-1.597928882
-0.045174616,-1.714611888
-0.045098564,-1.810530663
-0.045022199,-1.895954251
-0.044986912999999996,-1.979874611
-0.044950371999999995,-2.051199198
-0.044908395,-2.11792469
-0.044891084,-2.186389208
-0.044823748999999996,-2.247909784
-0.044815889,-2.311102629
-0.044790508,-2.369040489
-0.044728285,-2.431541443
-0.044694098,-2.488625288
-0.044709457,-2.547663689
-0.044654334,-2.610748053
-0.044607522,-2.672814369
-0.044574907,-2.73127532
-0.044537546,-2.790425301
-0.044496911,-2.850589037
-0.044468226,-2.90993309
-0.044448839999999996,-2.970089197
-0.044417238,-3.026314974
-0.044374567999999996,-3.08518815
-0.044370955,-3.141973019
-0.044323536,-3.199671268
-0.04428081,-3.259438992
-0.044260324999999996,-3.30997777
-0.044245796,-3.365305185
-0.044191441,-3.420011759
-0.044147698,-3.476768494
-0.044142293,-3.535152674
-0.044099277,-3.587048292
-0.044046723999999995,-3.644850492
-0.043999376,-3.703932524
-0.043998638,-3.757921696
-0.043980883,-3.816174984
-0.043913786999999996,-3.871629477
-0.043905189,-3.927932501
-0.043869631,-3.981438398
-0.043838834,-4.041444778
-0.043827681,-4.098178387
-0.043753007,-4.151416779
-0.043727646,-4.208817959
-0.043708643,-4.260132313
-0.043689808,-4.316591263
-0.043657933999999995,-4.370871067
-0.043606063,-4.423343182
-0.0435658,-4.480491161
-0.043542827,-4.534267902
-0.043476751,-4.58893919
-0.043471651,-4.643000126
-0.043412362999999995,-4.69793272
-0.043385102,-4.750024319
-0.043327862,-4.807029724
-0.043315275,-4.861715794
-0.043281874,-4.919723034
-0.043247292,-4.973798752
-0.043218297999999995,-5.024866104
-0.043160805999999996,-5.072622299
-0.0431323,-5.116404057
-0.043110461999999995,-5.1425457
-0.043097289,-5.152123451
-0.043096008,-5.161828995
-0.043089373,-5.180084229
-0.043060375,-5.199512005
-0.043018354,-5.280278683
-0.042969829,-5.367987156
-0.042896228,-5.461696148
-0.042808557,-5.566290379
-0.042761451,-5.665679455
-0.042651845,-5.763989449
-0.042555091999999996,-5.851407051
-0.042531407,-5.936319828
-0.04248091,-6.009335995
-0.042389656,-6.075063229
-0.042347764999999996,-6.14296484
-0.042289479,-6.205242157
-0.042194357,-6.263442993
-0.042170745999999995,-6.321801186
-0.042096967,-6.377336979
-0.042069656999999996,-6.430285931
-0.042026585,-6.481086731
-0.041984381,-6.535098076
-0.04194619,-6.589475155
-0.041859446,-6.642497063
-0.041792196999999996,-6.694555759
-0.041723901,-6.744265556
-0.041638093,-6.791491032
-0.041543206,-6.836836338
-0.041507332,-6.882399082
-0.041366008999999995,-6.928226471
-0.041317598999999997,-6.966824055
-0.041212207,-7.007053375
-0.041093377,-7.04531908
-0.040972753,-7.07580328
-0.04081591,-7.10751152
-0.040634295,-7.133274078
-0.040428786,-7.152373791
-0.040222002,-7.16831398
-0.040026544,-7.17696619
-0.039853329,-7.186752796
-0.039613755,-7.188569546
-0.039454406,-7.189436436
-0.039254622999999995,-7.190340519
-0.039085050999999996,-7.195856571
-0.038888940999999996,-7.199089527
-0.038719752999999996,-7.201526165
-0.038535187,-7.203256607
-0.038327148,-7.207384586
-0.038185646999999996,-7.211644173
-0.037997053999999995,-7.213310242
-0.037823508,-7.220870018
-0.037633779,-7.221727371
-0.037476109,-7.223417759
-0.037288336,-7.227311134
-0.037115843999999995,-7.231334209
-0.036917692,-7.232170582
-0.036719179,-7.23180294
-0.03656059,-7.231894493
-0.036396214999999996,-7.239084244
-0.036204942999999996,-7.241038322
-0.036027076,-7.241876602
-0.035860704,-7.2470541
-0.035680977999999995,-7.248441219
-0.035474346999999996,-7.25200367
-0.035351632,-7.254003525
-0.035144576999999996,-7.256245613
-0.03496241,-7.261257648
-0.034800792,-7.262795448
-0.034654053,-7.26448679
-0.034491008,-7.266539097
-0.034316184,-7.270881176
-0.034132907,-7.275105476
-0.03398742,-7.278059483
-0.033806173,-7.280780792
-0.033631677,-7.284327984
-0.03347587,-7.289598942
-0.033273501,-7.287805557
-0.033129320999999996,-7.295750141
-0.032921517,-7.291907787
-0.032734019999999996,-7.293751717
-0.032601869,-7.296856403
-0.032412114,-7.299774647
-0.032232763,-7.305553436
-0.032057182999999996,-7.307162285
-0.031911796,-7.31292963
-0.031717701,-7.315246582
-0.031542124,-7.318396091
-0.031381963,-7.320264339
-0.031238844999999998,-7.324092388
-0.031065119,-7.327857494
-0.030888253999999997,-7.328639507
-0.030729503999999998,-7.33411932
-0.030532733,-7.338115215
-0.03039266,-7.339401245
-0.030201079,-7.34105587
-0.030029912,-7.346611023
-0.0298972,-7.348791122
-0.029697089,-7.34873867
-0.029544468999999997,-7.355000973
-0.029393761999999997,-7.357404232
-0.029212006999999998,-7.361001492
-0.029071973999999997,-7.362193108
-0.028873276,-7.36273098
-0.028732199,-7.370004177
-0.028553361,-7.372730255
-0.028398734,-7.374386787
-0.028210087,-7.378405571
-0.028058501,-7.379087925
-0.027894024,-7.383595943
-0.027747721,-7.384981632
-0.027548917,-7.392125607
-0.02737632,-7.39434433
-0.027205391,-7.395535946
-0.027054929999999998,-7.397751331
-0.026892147999999998,-7.403158188
-0.026721970999999997,-7.405219555
-0.026557419999999998,-7.409350395
-0.026383577,-7.415058136
-0.026191646,-7.417360306
-0.026015356,-7.417355537
-0.025888968,-7.417888165
-0.025712081999999997,-7.427532673
-0.025530214,-7.425263405
-0.025387086,-7.430173397
-0.025229349999999998,-7.433579922
-0.025080221,-7.43496418
-0.024879459,-7.437367916
-0.024728827,-7.443700314
-0.024577784999999998,-7.445307255
-0.024417743,-7.439697742
-0.024293601999999997,-7.426548958
-0.024211593,-7.410116196
-0.02412501,-7.380160332
-0.024111819,-7.351531029
-0.024055979999999998,-7.323699951
-0.024030244,-7.303926468
-0.024011839,-7.286626816
-0.024026731,-7.272571564
-0.024036098,-7.262498379
-0.024008363999999997,-7.255838871
-0.023994789,-7.246417046
-0.024007445,-7.240949631
-0.024008704,-7.235635281
-0.023971546,-7.231271267
-0.023972476,-7.22824192
-0.023949703,-7.225862026
-0.023990728,-7.222014904
-0.023939973,-7.217036247
-0.023938554999999997,-7.21205616
-0.023939476999999997,-7.212518215
-0.023969643,-7.207885265
-0.023944583,-7.207647324
-0.023932315,-7.203323841
-0.023944562,-7.205211163
-0.023930574,-7.199959278
-0.023935772999999997,-7.198475361
-0.023938361999999998,-7.196954727
-0.023918982999999998,-7.193011761
-0.023916286999999998,-7.193746567
-0.023933159,-7.189600945
-0.02393874,-7.189929962
-0.023921143,-7.188738823
-0.023926456,-7.186501026
-0.023907098999999998,-7.183546543
-0.023915450999999997,-7.184166908
-0.02393434,-7.181274414
-0.023917288,-7.180611134
-0.023913636999999998,-7.179850578
-0.023902326999999998,-7.178268909
-0.023889793,-7.176104546
-0.023862826,-7.174096584
-0.023872468999999997,-7.160325527
-0.023915177,-7.128584862
-0.023918911999999997,-7.087792397
-0.023961,-7.033215523
-0.023964108999999997,-6.976908207
-0.023989316,-6.920187473
-0.024001877999999997,-6.864782333
-0.024040612,-6.808081627
-0.024060169,-6.748277664
-0.024080836999999997,-6.688425541
-0.024126019,-6.629812717
-0.024162626,-6.566580296
-0.024182989999999998,-6.507040024
-0.024218602,-6.451481342
-0.024235577999999997,-6.388257504
-0.024241232999999997,-6.327019691
-0.024291636,-6.271638393
-0.024315305,-6.212175369
-0.024334046999999998,-6.155364037
-0.024367676999999997,-6.093743324
-0.024442376999999998,-6.038674355
-0.024442402999999998,-5.981075764
-0.024492121999999998,-5.921584129
-0.024477355,-5.864460945
-0.024520719,-5.808393955
-0.024561793,-5.751786232
-0.024622983999999997,-5.689793587
-0.024629196,-5.632281303
-0.024661277,-5.579453945
-0.024683932,-5.51965189
-0.024746509,-5.461724281
-0.024742674,-5.40230751
-0.024782231,-5.350376129
-0.024824304999999998,-5.298400879
-0.024812079999999997,-5.242667198
-0.024862835,-5.188251972
-0.024898883,-5.13427639
-0.024918634,-5.080495834
-0.024935444999999997,-5.026839256
-0.024993229999999998,-4.974532127
-0.025005261999999997,-4.919126034
-0.025042728,-4.863257885
-0.025059454,-4.814422131
-0.025107018999999998,-4.767712593
-0.025153149,-4.722173691
-0.025156524,-4.685549259
-0.025193416,-4.656300068
-0.025205353,-4.630760193
-0.025204258,-4.619698524
-0.025225869999999997,-4.611876488
-0.025195804,-4.606024742
-0.025222058999999998,-4.598198891
-0.025210599,-4.558111668
-0.025270568,-4.524835587
-0.025255982,-4.504153728
-0.025278349,-4.486101151
-0.025274813,-4.454933643
-0.025320831999999998,-4.400819778
-0.0253381,-4.334142685
-0.025385047999999997,-4.272258282
-0.025403653999999998,-4.222353935
-0.02543113,-4.182254791
-0.025470127999999998,-4.148661613
-0.025476024,-4.115889072
-0.025479496999999997,-4.091454983
-0.025525844,-4.070154667
-0.025514034999999997,-4.051957607
-0.02553908,-4.038853645
-0.025522741999999998,-4.028537273
-0.025537036,-4.017280579
-0.0255442,-4.012870789
-0.025545034999999997,-4.004724503
-0.02554472,-4.001991749
-0.025581297,-3.996905088
-0.025549824999999998,-3.995325327
-0.025569309,-3.990559101
-0.025560923,-3.987603664
-0.025566697,-3.983096123
-0.025584319999999997,-3.983040094
-0.025575691999999997,-3.982079983
-0.025584785,-3.976722479
-0.025600896999999997,-3.978545666
-0.025596092999999997,-3.976872921
-0.025616563999999998,-3.977719307
-0.025599089999999998,-3.974516153
-0.025609909,-3.973656178
-0.025606361999999997,-3.975043774
-0.025612539,-3.972916365
-0.025570293999999997,-3.973670006
-0.025602524999999998,-3.973586559
-0.025598708999999997,-3.971960783
-0.025594488,-3.971258163
-0.025596885,-3.972487688
-0.025598847999999997,-3.973195553
-0.025601205,-3.969698191
-0.025594785999999998,-3.971340418
-0.025623135,-3.969373465
-0.02559465,-3.97072506
-0.025624003,-3.972268105
-0.025596888999999998,-3.970962763
-0.025621093999999997,-3.971021891
-0.025605407,-3.972160101
-0.025618528999999998,-3.972555161
-0.025615921,-3.968916655
-0.025614983999999997,-3.969388962
-0.0256074,-3.971402407
-0.025620089999999998,-3.969172001
-0.025602408,-3.970312834
-0.025608955,-3.968734503
-0.025583691999999998,-3.967753887
-0.025625681999999997,-3.971022129
-0.025616095999999998,-3.969103336
-0.025605595,-3.967890263
-0.025626966999999997,-3.967726231
-0.025597058,-3.96655798
-0.025610538,-3.969547033
-0.025610404,-3.966037035
-0.025590012,-3.968140841
-0.025616515,-3.968581915
-0.025592642,-3.969424725
-0.025590639999999998,-3.968372345
-0.025605728999999997,-3.967166424
-0.025582491,-3.965698481
-0.025597896,-3.970122814
-0.025615586,-3.966264248
-0.025606801999999998,-3.966700554
-0.025595799,-3.966534376
-0.025613097999999997,-3.967239618
-0.025579907,-3.964356184
-0.025586182,-3.965297699
-0.025587993,-3.96517539
-0.025592505999999998,-3.966542244
-0.025620753,-3.966681242
-0.025623611999999997,-3.966547012
-0.025645873,-3.966278315
-0.025624115,-3.965806246
-0.025587294,-3.965933561
-0.025618598,-3.96387291
-0.025611297999999998,-3.965837955
-0.025591206,-3.964138985
-0.025596043,-3.963500977
-0.025627472999999998,-3.964160681
-0.025615633999999998,-3.964380264
-0.025613168,-3.965304136
-0.025608002999999997,-3.96454072
-0.025626331999999998,-3.96483326
-0.025619543999999998,-3.96506834
-0.025587535999999998,-3.966460943
-0.02558307,-3.967605829
-0.025627503,-3.964075565
-0.025614942999999998,-3.965531588
-0.025614465,-3.963119268
-0.025589129,-3.963314295
-0.025610882999999997,-3.963935375
-0.025633415,-3.964102268
-0.025638728,-3.964968204
-0.025592925,-3.96444416
-0.025607784999999997,-3.962429047
-0.025625974,-3.96295619
-0.025602428,-3.965248823
-0.02560786,-3.963695765
-0.025606412,-3.962249994
-0.025623674,-3.963796139
-0.025624814,-3.964025974
-0.025611878999999997,-3.963857174
-0.025608470999999997,-3.962639093
-0.025627121,-3.963952303
-0.025596477,-3.964224339
-0.025621016,-3.962173223
-0.025612510999999998,-3.9631989
-0.025629279999999997,-3.962570906
-0.025613252,-3.965260506
-0.025617143,-3.962998867
-0.025644016,-3.964121103
-0.025625149,-3.966076136
-0.025658211,-3.964606762
-0.025622292999999997,-3.964563847
-0.025636751,-3.965205193
-0.025636416,-3.964356184
-0.025628505,-3.966868639
-0.025615805999999998,-3.965560675
-0.025616648,-3.966473579
-0.025600934,-3.962155819
-0.025627346999999998,-3.966211796
-0.025602931,-3.966496944
-0.025604691,-3.962864161
-0.025616630999999997,-3.967972279
-0.025611328,-3.965781212
-0.025624440999999998,-3.966123104
-0.025616523,-3.9668262
-0.025614848,-3.970624447
-0.025618297999999998,-3.965633154
-0.025632114999999997,-3.967405319
-0.025606981999999997,-3.965925694
-0.025618232999999997,-3.965549469
-0.025630483,-3.964881659
-0.02563664,-3.967251539
-0.025632336999999998,-3.968808413
-0.025609623999999998,-3.969572306
-0.025642079999999998,-3.970433235
-0.02560918,-3.970839262
-0.025618105999999998,-3.969994783
-0.025602145,-3.969194412
-0.025624473,-3.968979597
-0.025630977,-3.96891284
-0.025631914,-3.970176458
-0.025663631,-3.968326807
-0.025609194999999998,-3.969705582
-0.025622417999999998,-3.970286131
-0.025633456,-3.967713594
-0.025637460999999997,-3.968147755
-0.02562407,-3.97197032
-0.025636006,-3.968860865
-0.02563289,-3.969279528
-0.025639786999999997,-3.97224474
-0.025639429999999998,-3.970063686
-0.025634565999999998,-3.972585201
-0.025636456999999998,-3.972095013
-0.025659322999999998,-3.972151041
-0.025612487,-3.970658541
-0.025618888,-3.97353673
-0.025628348999999998,-3.972751617
-0.025604705999999998,-3.973236322
-0.025639641999999997,-3.969649553
-0.025634116999999998,-3.972580194
-0.025608005,-3.970878363
-0.025630893,-3.972259045
-0.025623273,-3.973331213
-0.025612549999999998,-3.973387957
-0.025610809999999998,-3.972780466
-0.02560976,-3.97388792
-0.025623007,-3.974466801
-0.025640852999999998,-3.972452164
-0.025628989999999997,-3.973007679
-0.02565195,-3.974945068
-0.025643006,-3.970524549
-0.025645267,-3.973641396
-0.025664161999999997,-3.973133564
-0.025623029,-3.973263979
-0.025611871999999997,-3.97202754
-0.025608698,-3.973259211
-0.025633672,-3.974957466
-0.025628607999999997,-3.972337008
-0.025624611999999998,-3.973804712
-0.025603407999999998,-3.972676039
-0.025619645,-3.973057747
-0.025612957999999998,-3.974497795
-0.025605918999999998,-3.971807957
-0.025667269,-3.974271774
-0.025620252,-3.974271774
-0.025621012,-3.973329306
-0.025639516999999997,-3.974101782
-0.025625711,-3.974897861
-0.025644314999999997,-3.972503662
-0.025636074999999998,-3.973722458
-0.025642768,-3.971651316
-0.025640398,-3.973136187
-0.025662536,-3.972721815
-0.025633886999999998,-3.97431922
-0.025647944,-3.975733042
-0.025644036,-3.972428799
-0.025652974999999998,-3.975630045
-0.025669585999999998,-3.97449851
-0.025655973999999998,-3.974359512
-0.025644396,-3.972358942
-0.025613373,-3.975471258
-0.0256167,-3.977029562
-0.025630827999999998,-3.972079754
-0.025615628999999997,-3.973603249
-0.025613023,-3.975334883
-0.025603067,-3.975979567
-0.025605201999999997,-3.978398085
-0.025614141,-3.973294973
-0.025638821,-3.973232269
-0.025627558999999998,-3.975865841
-0.025648465,-3.974433899
-0.025647894999999997,-3.972207308
-0.025662011999999998,-3.974918365
-0.025630128,-3.975236416
-0.025622336,-3.977030993
-0.025612957999999998,-3.974942684
-0.025632336999999998,-3.976007223
-0.025636594999999998,-3.97587657
-0.025629224,-3.978088856
-0.025644531999999998,-3.973701239
-0.025654126,-3.974838972
-0.025657065,-3.977588892
-0.025649663,-3.974404573
-0.025612315,-3.974244118
-0.025633957,-3.974024534
-0.025664893999999997,-3.977177858
-0.025633799,-3.977357864
-0.025645822,-3.973607063
-0.025626621999999998,-3.973983765
-0.025656682,-3.974693775
-0.025593229,-3.975556612
-0.025655138999999997,-3.976014853
-0.025667289,-3.977384329
-0.025638005,-3.976286888
-0.025628666999999997,-3.974286318
-0.025625123,-3.975199699
-0.025628947,-3.97441864
-0.025647495,-3.975636721
-0.025637318,-3.974411726
-0.025628797999999998,-3.976692677
-0.025625146999999997,-3.976644993
-0.025631921,-3.97569108
-0.025622876,-3.976067543
-0.025619239,-3.974279642
-0.025630046,-3.973818779
-0.025625297999999998,-3.975807428
-0.025626645,-3.974937916
-0.025642751,-3.974351406
-0.025612395,-3.973462582
-0.025635724999999998,-3.975056887
-0.025623152,-3.974771738
-0.025625232999999997,-3.975603819
-0.025626101,-3.973912239
-0.025625461999999998,-3.974538803
-0.025648465,-3.972532034
-0.025630583999999998,-3.973464251
-0.025652559999999998,-3.972310066
-0.025638712999999997,-3.971620321
-0.025659296999999998,-3.971578121
-0.025657417,-3.972518206
-0.025647498999999997,-3.972373009
-0.025646821,-3.97310853
-0.025677685,-3.972669601
-0.025640719,-3.97261858
-0.025646756,-3.972803831
-0.025664469,-3.971765995
-0.02567682,-3.96970582
-0.025644953999999998,-3.972674131
-0.025622679,-3.972716808
-0.025649509999999997,-3.970859289
-0.025633228999999997,-3.973118067
-0.025630939999999998,-3.968995333
-0.025638646999999997,-3.971049309
-0.025623635999999998,-3.969335318
-0.025650159,-3.973957062
-0.025637143999999997,-3.973008871
-0.025647747999999998,-3.971674442
-0.025653892999999997,-3.972069263
-0.025668494,-3.970795155
-0.025640694,-3.971131563
-0.025648201,-3.973122358
-0.025654804,-3.970081091
-0.025629355,-3.970505953
-0.025659228,-3.970596075
-0.025636967,-3.972169161
-0.025640903,-3.971757889
-0.025652888999999998,-3.971219778
-0.025642678,-3.970502615
-0.025658143999999997,-3.971702099
-0.025657028,-3.969247341
-0.025654141,-3.969686747
-0.025668653,-3.972486734
-0.025656929,-3.973020077
-0.025648157999999997,-3.969647884
-0.025641708,-4.000974655
-0.025614912,-4.126791477
-0.025538445,-4.2663908
-0.02546617,-4.3974967
-0.025431126,-4.499631882
-0.025416974,-4.575231552
-0.025360004999999998,-4.648234367
-0.025349622999999998,-4.712375641
-0.025306046,-4.776609898
-0.025294252,-4.837311268
-0.025251664,-4.897688389
-0.025257953,-4.957324505
-0.025229528999999997,-5.0120368
-0.025175706,-5.063349247
-0.025169522,-5.109032631
-0.025147983999999998,-5.1399827
-0.025132415999999998,-5.158038616
-0.025142494999999997,-5.168422699
-0.025119240999999997,-5.185477734
-0.025103676999999998,-5.243785858
-0.025055707,-5.340726852
-0.024990487999999998,-5.43669796
-0.024923213,-5.531227112
-0.024909081,-5.632555962
-0.024827447,-5.734292507
-0.024759257,-5.82962656
-0.024697301999999997,-5.915987492
-0.024682668999999997,-5.999779701
-0.024604511,-6.077086926
-0.024559119999999997,-6.152364254
-0.024554081,-6.223881245
-0.02453159,-6.293307304
-0.024462769,-6.358783245
-0.024424326,-6.424626827
-0.024407982999999998,-6.487729073
-0.024368558,-6.552622318
-0.024325616999999997,-6.615760803
-0.024260432,-6.676364899
-0.024221456,-6.733384132
-0.024227845999999997,-6.792179585
-0.024146747,-6.852735519
-0.024128445999999998,-6.907996655
-0.024071053,-6.965332985
-0.024048615,-7.02192831
-0.024010097999999997,-7.080667019
-0.023968488,-7.140473366
-0.023910387999999998,-7.195950031
-0.023841044,-7.250497818
-0.023763050999999997,-7.302704334
-0.023657209999999998,-7.355680466
-0.02356513,-7.399586201
-0.023446783,-7.438652992
-0.023295992999999997,-7.473733902
-0.023104907999999997,-7.495290756
-0.02293578,-7.508243084
-0.02273161,-7.517059326
-0.022548175,-7.518136024
-0.022357941,-7.517736912
-0.022154231,-7.518344402
-0.021977860999999998,-7.514904976
-0.021789926999999997,-7.512959957
-0.021654688,-7.514728546
-0.021492797999999997,-7.517664433
-0.021340159999999997,-7.52280283
-0.021199871,-7.528860569
-0.021021151999999998,-7.53044939
-0.020833669,-7.534721375
-0.020673144999999997,-7.536258221
-0.020506577999999998,-7.538794994
-0.020366759999999998,-7.538929939
-0.020142249999999997,-7.540934563
-0.019998093999999998,-7.54282856
-0.019838949999999998,-7.543138504
-0.019658719999999998,-7.546485424
-0.019511247,-7.549399376
-0.019351028,-7.552231789
-0.019178909999999997,-7.554753304
-0.019004512999999997,-7.557276726
-0.018853644,-7.559245586
-0.018664844,-7.564128876
-0.018532818,-7.566157341
-0.018353313,-7.570909977
-0.018191172,-7.571457863
-0.018017005,-7.571956158
-0.01784249,-7.571029186
-0.017720403,-7.576010227
-0.017509939,-7.580656052
-0.017353753,-7.580603123
-0.017198203,-7.58364439
-0.017020874,-7.587719917
-0.016880954,-7.586485863
-0.016715232,-7.589904785
-0.016574711,-7.590141296
-0.016397834,-7.598698139
-0.016252311,-7.601139545
-0.016096246999999998,-7.601529598
-0.015945612999999997,-7.601363659
-0.015757675999999998,-7.605279922
-0.015587812,-7.608678818
-0.015449299,-7.611740589
-0.015273405,-7.614862442
-0.015113968,-7.619213104
-0.014986478000000001,-7.62004137
-0.0148022,-7.623457909
-0.014621601,-7.627021313
-0.014467092,-7.628762722
-0.014295317,-7.628873348
-0.01413198,-7.631814003
-0.013988645000000001,-7.636827469
-0.013831688,-7.637287617
-0.013697635,-7.643259525
-0.013506448,-7.642866135
-0.013359877000000001,-7.64712429
-0.013193837,-7.647994995
-0.013051122,-7.649538517
-0.012897569000000001,-7.652001381
-0.012748021,-7.65750742
-0.01257286,-7.660021782
-0.012403373,-7.663665295
-0.012247512,-7.666835785
-0.012106425,-7.66770792
-0.01193668,-7.671972752
-0.011794464000000001,-7.671397686
-0.011638028,-7.67742157
-0.011445635000000001,-7.679419518
-0.011313997000000001,-7.677953243
-0.011119407,-7.680674553
-0.011004434,-7.685501099
-0.01082082,-7.690446854
-0.010661179,-7.692034721
-0.010499646,-7.6906991
-0.010353972,-7.695553303
-0.010195265,-7.696215153
-0.010023563000000001,-7.703873158
-0.009889619,-7.706160545
-0.009743924000000001,-7.709597111
-0.009550697,-7.709810257
-0.009371182,-7.713192463
-0.009243552,-7.710743427
-0.009082757,-7.716471672
-0.008924907000000001,-7.722290516
-0.008766095,-7.722084999
-0.008593202,-7.721949577
-0.008444556,-7.724932194
-0.008281962,-7.728452682
-0.008149113,-7.733294964
-0.008002691000000001,-7.73659277
-0.007809288,-7.739380836
-0.007654514,-7.740364552
-0.007536509,-7.742983818
-0.007346546,-7.742535114
-0.00717946,-7.748977184
-0.007032374,-7.752289772
-0.006869522,-7.75366354
-0.006689921000000001,-7.752869606
-0.006536896,-7.756979942
-0.0064164320000000006,-7.759451389
-0.0062607750000000005,-7.764202118
-0.006042986,-7.768686295
-0.005893299,-7.76910305
-0.005759143,-7.771088123
-0.00559354,-7.773294926
-0.00545178,-7.77410841
-0.00526509,-7.780459881
-0.005118799,-7.784095287
-0.0049638930000000005,-7.785948277
-0.004799637,-7.785514832
-0.004679028,-7.78781414
-0.004478236,-7.793066978
-0.0043383760000000006,-7.796180248
-0.004168912,-7.797676086
-0.004031646,-7.80120945
-0.003853026,-7.805038929
-0.0037178299999999997,-7.806781292
-0.003544879,-7.807606697
-0.0034034639999999997,-7.811765194
-0.003233077,-7.815506935
-0.00307897,-7.818142414
-0.0029261749999999996,-7.821185589
-0.0027900719999999998,-7.821209431
-0.0026090149999999997,-7.821511269
-0.0024415979999999997,-7.824222088
-0.0023253669999999996,-7.829117775
-0.002149229,-7.832909107
-0.001949915,-7.835381985
-0.001818763,-7.83673811
-0.001677794,-7.837857723
-0.001524141,-7.840810776
-0.001357079,-7.843716621
-0.001195594,-7.847336292
-0.001038766,-7.848935127
-0.000906821,-7.851168156
-0.00073418,-7.853261948
-0.000582117,-7.857061386
-0.00040743,-7.859372616
-0.000275746,-7.863862991
-9.94e-05,-7.861058235
3.9800000000000005e-05,-7.867056847
0.00021052799999999997,-7.867769718
0.00035283499999999997,-7.872801781
0.000536658,-7.875704288
0.000693705,-7.878263474
0.000860169,-7.879096031
0.00105674,-7.882453918
0.001142014,-7.882977009
0.001310758,-7.886357307
0.00146661,-7.889230728
0.001616252,-7.892623425
0.00177106,-7.893165112
0.0019433360000000002,-7.896116734
0.0020860910000000004,-7.898786545
0.0022253190000000003,-7.900427341
0.002364782,-7.904742718
0.0025078080000000003,-7.906980515
0.002690191,-7.90807724
0.0028399450000000004,-7.907752991
0.0029745260000000003,-7.910582066
0.0031290470000000003,-7.915243626
0.0032720880000000003,-7.918405056
0.0034730940000000004,-7.921124458
0.003607935,-7.924853325
0.003765347,-7.924155712
0.003915366,-7.925046444
0.004079834,-7.929066181
0.004219225,-7.932599545
0.0043739289999999995,-7.934324741
0.004514438999999999,-7.937229633
0.0046725709999999995,-7.941256046
0.004790168,-7.944082737
0.004980582999999999,-7.943103313
0.005106782,-7.948358536
0.005302779,-7.951024055
0.005429847,-7.951279163
0.005596619,-7.951096058
0.0057499579999999995,-7.955029488
0.005899281,-7.956746101
0.006029319,-7.961700439
0.0062097179999999995,-7.963120937
0.006347284999999999,-7.966222763
0.006499012,-7.970369339
0.006681213,-7.967492104
0.00680579,-7.96994257
0.006942844,-7.971290112
0.0071130939999999995,-7.97655201
0.007273992999999999,-7.979206085
0.0074215,-7.981706142
0.007581141,-7.984237194
0.007700594,-7.986287594
0.007846651999999999,-7.988693237
0.008034116,-7.992663383
0.008184924,-7.994436264
0.008328313,-7.98345232
0.00842836,-7.972232819
0.008535525,-7.950186253
0.008558969,-7.92098093
0.008647376,-7.887837887
0.008679256,-7.862548351
0.00860987,-7.839793205
0.008675259,-7.824602604
0.008669503,-7.81035471
0.008661209,-7.799329758
0.008657384,-7.790430069
0.008702685,-7.784411907
0.008686315,-7.776168823
0.00869466,-7.771114349
0.008700202,-7.767582893
0.008723735,-7.760691166
0.008711175,-7.758644104
0.00873449,-7.754553318
0.008727058,-7.751529694
0.008726958,-7.747867107
0.008741626,-7.744389057
0.008720916,-7.742971897
0.008735912,-7.741119385
0.008724303,-7.737418175
0.008739999,-7.735947132
0.008757237,-7.734490395
0.008766029,-7.724093914
0.008738118999999999,-7.693930149
0.008706297,-7.653802395
0.008712254,-7.602492332
0.0086915,-7.550081253
0.008645205999999999,-7.48844862
0.008629119,-7.431136608
0.008604175,-7.371083736
0.008568963,-7.309997559
0.008548805,-7.250315666
0.008498594,-7.192873001
0.008508869,-7.131659508
0.008435060999999999,-7.069392681
0.008430701,-7.009260178
0.008421134,-6.948900223
0.008346192,-6.88709259
0.008316874,-6.825072289
0.008309051,-6.764790058
0.008282702,-6.704529285
0.008237372,-6.642933846
0.008218141,-6.583099842
0.008162091,-6.522789478
0.008162565,-6.461250305
0.008127717,-6.401201248
0.008094997,-6.343464375
0.00806407,-6.284556389
0.008053725,-6.22507906
0.007990398,-6.164173603
0.008000988,-6.106953621
0.007965894,-6.050124168
0.007922858,-5.998137474
0.007887409,-5.943172455
0.007837021,-5.885771275
0.007821597,-5.826016903
0.007798022999999999,-5.77244091
0.007755176,-5.711747169
0.007741735,-5.651211262
0.007698117,-5.594016552
0.007663318,-5.537961006
0.0076655199999999995,-5.48285675
0.007603838999999999,-5.433813572
0.0076092289999999995,-5.37580061
0.007585674,-5.31362009
0.007531452,-5.259343624
0.007513507,-5.201662064
0.0074788879999999995,-5.152688503
0.007451414999999999,-5.092991829
0.007406192,-5.026647091
0.007371763999999999,-4.967853546
0.007336016999999999,-4.905351162
0.007286657,-4.849338055
0.007262831,-4.799753189
0.0072376409999999995,-4.754016399
0.007205675999999999,-4.717305183
0.007213799,-4.687061787
0.007182033,-4.664519787
0.0071781909999999996,-4.64607954
0.007180458,-4.626669884
0.007158675,-4.617881775
0.007140964,-4.606248856
0.0071443669999999996,-4.597000122
0.00717979,-4.590885162
0.0071548589999999995,-4.586790085
0.007113664,-4.580486774
0.00711488,-4.57660675
0.007144828,-4.574401379
0.0071083909999999995,-4.570167065
0.007149734,-4.57045126
0.0071383639999999995,-4.564852715
0.007140876,-4.565791607
0.00713062,-4.563399792
0.0071360139999999996,-4.563895226
0.007112362,-4.561627388
0.007084359,-4.561807632
0.00709785,-4.558351994
0.0071015359999999994,-4.559287071
0.007094318,-4.558237553
0.007106522,-4.558513641
0.007093083,-4.554807186
0.007126312,-4.555300713
0.007092805,-4.554130077
0.007069343,-4.554898739
0.007090318,-4.552923203
0.0071017599999999995,-4.55397892
0.007079352,-4.553909302
0.007127042,-4.556555271
0.007112317999999999,-4.549728394
0.007102679,-4.550047874
0.0070848709999999995,-4.550277233
0.007120319999999999,-4.549132347
0.007105618,-4.549150467
0.007089609,-4.548943996
0.007077524,-4.551081657
0.007108226,-4.546638489
0.007113981,-4.545794487
0.0071277169999999996,-4.548750877
0.007099727,-4.547362804
0.007117276,-4.547305584
0.007117191,-4.544293404
0.007112198,-4.547505856
0.0070923309999999995,-4.546041012
0.007097776,-4.54719162
0.00712596,-4.544119835
0.007106655,-4.544843674
0.007095783,-4.546076775
0.007087836,-4.544774055
0.0071035709999999995,-4.543206215
0.007110491,-4.54279232
0.007112813999999999,-4.543048859
0.0071048299999999995,-4.544188976
0.007094122,-4.541408539
0.00708859,-4.544661999
0.0070896579999999996,-4.543241501
0.007150066,-4.540184975
0.007090981,-4.540271759
0.007095387999999999,-4.542237759
0.007081733,-4.539710522
0.007081787,-4.538571835
0.0071062669999999994,-4.539847374
0.007100637999999999,-4.540735722
0.007096074999999999,-4.541486263
0.007087148,-4.538094044
0.007095221,-4.539352894
0.0070802799999999996,-4.539348125
0.007077211,-4.539853096
0.0070883809999999995,-4.535582066
0.007084506,-4.538090706
0.007073597,-4.539755821
0.0070956149999999996,-4.535487175
0.007108917,-4.53720808
0.007082268,-4.537987232
0.00708563,-4.538751602
0.007098775999999999,-4.53988409
0.0070985729999999995,-4.536338806
0.007109792,-4.538000584
0.0070916189999999995,-4.537873268
0.007095364,-4.540920734
0.007099683,-4.539754391
0.007101799,-4.540083885
0.007083397999999999,-4.539375305
0.007096569,-4.538723946
0.007087494,-4.536663055
0.007093088,-4.537971497
0.0071105,-4.535633087
0.007082151,-4.539859772
0.007074105,-4.538547516
0.007055219,-4.539272785
0.007085218,-4.539736748
0.007091632,-4.53851223
0.0070821799999999996,-4.538126945
0.007101298,-4.539705276
0.007095951,-4.536923885
0.007098279,-4.537236691
0.007111874,-4.540419579
0.007089946,-4.538889885
0.0070841739999999995,-4.54317379
0.0070835509999999996,-4.540542126
0.007065208,-4.540681839
0.007105658,-4.542919159
0.007093113,-4.54170084
0.007099498,-4.539880753
0.007077611,-4.539980888
0.007077394,-4.5409832
0.007105648,-4.540056229
0.007116824999999999,-4.541376114
0.0070965839999999995,-4.54238224
0.0070798549999999995,-4.542273521
0.0071093729999999996,-4.54130888
0.007108044,-4.542570591
0.007093124,-4.54061079
0.007077209,-4.541327477
0.0071070989999999995,-4.543253899
0.007073203,-4.541775703
0.007109885,-4.542502403
0.0070554699999999995,-4.542891026
0.007118368,-4.540631771
0.007117276,-4.5432477
0.007109282,-4.541743755
0.007098981,-4.542764187
0.0071064299999999995,-4.542901993
0.007113499,-4.543201447
0.007078521,-4.541728497
0.007110621,-4.541938305
0.007099991999999999,-4.544296265
0.0070971969999999995,-4.544422626
0.007087139,-4.54592514
0.007120958,-4.540298462
0.007091014,-4.541792393
0.007112838,-4.543917656
0.007100660999999999,-4.544696331
0.00709976,-4.542993546
0.007114563,-4.544080734
0.007109924,-4.54477787
0.007101023,-4.544584274
0.007110661999999999,-4.541095257
0.0071170899999999995,-4.544867039
0.007114178,-4.543130875
0.007092920999999999,-4.544951439
0.007085566,-4.542456627
0.007110310999999999,-4.543590546
0.007121319,-4.542797565
0.007080927,-4.545366764
0.007116102,-4.544645786
0.0071183209999999995,-4.542778492
0.007104013,-4.54352808
0.007100459,-4.542310715
0.007121677999999999,-4.544644833
0.007111119,-4.54361248
0.0070940429999999995,-4.544078827
0.007108744,-4.545475006
0.007098716,-4.544304371
0.007099945,-4.540522575
0.007123053,-4.541085243
0.007111361,-4.544672489
0.007112752,-4.547399998
0.007107323,-4.544596672
0.007125115,-4.544384956
0.007089824,-4.545003891
0.007107507,-4.544147491
0.0071275489999999995,-4.546717644
0.007106624,-4.544019222
0.007118439,-4.545579433
0.007112083,-4.544847488
0.007128455,-4.542549133
0.007075566,-4.543480873
0.007074637999999999,-4.543636322
0.0071089809999999995,-4.544967651
0.007123972,-4.544048786
0.007090439,-4.545380116
0.007090252,-4.54357338
0.007106237,-4.546166897
0.007088601,-4.546024799
0.007106933,-4.544447899
0.007085029,-4.546140671
0.007109181,-4.545644283
0.007104432999999999,-4.544091225
0.007128503,-4.543382645
0.007107723,-4.543816566
0.007099472999999999,-4.543399811
0.007125437,-4.544793129
0.007109079,-4.542974472
0.007101171,-4.547838688
0.007092541,-4.546303272
0.007121271,-4.545244694
0.007097776,-4.544834137
0.007108428,-4.542479038
0.007088599,-4.54455328
0.0070840569999999995,-4.545604229
0.007066533,-4.545712948
0.007108374,-4.545576572
0.007098427,-4.546236038
0.007117468,-4.546236515
0.0071005009999999995,-4.545764923
0.0070722499999999995,-4.544555664
0.007083318,-4.542615414
0.0070861119999999994,-4.544664383
0.007077287,-4.544304848
0.007096031,-4.546357155
0.007089669,-4.544286251
0.007131826,-4.544072151
0.007103854,-4.544737816
0.00711896,-4.54543829
0.007118212,-4.544456482
0.007110788,-4.546431541
0.007099546,-4.547011375
0.0071067199999999995,-4.545153141
0.007093869,-4.544195652
0.007132655999999999,-4.546747208
0.007081743,-4.54445982
0.007103412999999999,-4.546046257
0.007120036,-4.544037342
0.007098246,-4.542819977
0.007107365,-4.547088146
0.007106416999999999,-4.544304848
0.007113886,-4.545806885
0.007099485,-4.546500206
0.007096287,-4.544015408
0.007093067,-4.546756268
0.0070915629999999995,-4.54548502
0.0070852879999999995,-4.544426918
0.007088830999999999,-4.546276569
0.0071121959999999994,-4.544322491
0.00709368,-4.542511463
0.007088692,-4.544014454
0.007107489,-4.547254562
0.007107937,-4.544264317
0.007092713,-4.545285225
0.007098098,-4.5447402
0.00711289,-4.543774605
0.0070945059999999996,-4.542832375
0.007108013,-4.543773174
0.007107533,-4.541724682
0.00710387,-4.543082714
0.007074403,-4.544474125
0.007128059999999999,-4.544359207
0.007128534,-4.544401169
0.007122864,-4.544425488
0.0071248349999999995,-4.544130325
0.007098874,-4.546535492
0.007125795999999999,-4.545845032
0.007117579,-4.545563221
0.007144223999999999,-4.543581486
0.007140726,-4.544218063
0.007119505999999999,-4.544597149
0.007114972,-4.544809818
0.00711247,-4.543955803
0.007109652,-4.542346478
0.007145121999999999,-4.542444706
0.0071039729999999995,-4.546608448
0.007090684999999999,-4.542011738
0.007110384,-4.54340744
0.007138793,-4.541683197
0.007108744,-4.542645931
0.0070888669999999996,-4.542477608
0.007076137,-4.545227051
0.007091592,-4.543791771
0.007061485,-4.544368267
0.0070925879999999995,-4.547095299
0.007105109,-4.543873787
0.00708375,-4.543101788
0.007085511,-4.544000149
0.007087958,-4.544862747
0.007078074,-4.544680595
0.0071035,-4.541152954
0.007086465,-4.545224667
0.007097926,-4.543516636
0.007091338,-4.545957565
0.0070921529999999995,-4.542113781
0.0071157799999999995,-4.546089649
0.007082366,-4.544543743
0.007076835,-4.543496132
0.007086848,-4.543150425
0.007076269,-4.545936108
0.007099444999999999,-4.543115139
0.0070979879999999995,-4.543469429
0.007120321,-4.542446613
0.007101205,-4.544463158
0.007091417,-4.546025276
0.007090168,-4.544646263
0.007075371,-4.545426369
0.00710213,-4.546454906
0.007072065,-4.545307636
0.007093125,-4.546108723
0.007097778999999999,-4.543262482
0.007088679,-4.544161797
0.0070885869999999995,-4.546213627
0.007058837,-4.544110775
0.00710607,-4.543046474
0.007116066999999999,-4.545485973
0.007111212,-4.54665041
0.007088598,-4.546667099
0.007085819,-4.543591022
0.007105047,-4.546055317
0.00706968,-4.545259953
0.007097139,-4.545080185
0.007095173,-4.544846535
0.007094652999999999,-4.545856476
0.007124191,-4.548841
0.007078052,-4.54643631
0.007088468,-4.545987129
0.00709325,-4.561860085
0.0071176239999999995,-4.62587738
0.007133731999999999,-4.699018478
0.0071559169999999995,-4.76930809
0.007166558,-4.837371826
0.007218759,-4.901156902
0.00724055,-4.963397026
0.007273564,-5.016767025
0.00728722,-5.050281525
0.007276115,-5.081926823
0.007298578,-5.116096497
0.00731026,-5.156031609
0.0073871909999999995,-5.215933323
0.00737062,-5.272676468
0.00738154,-5.331307888
0.00745465,-5.396383286
0.007470748,-5.468526363
0.007501544,-5.544455528
0.007587186,-5.62699604
0.007572242,-5.699935913
0.007650242,-5.774576664
0.007680057,-5.848321438
0.007719023,-5.918726921
0.0077748669999999995,-5.98542881
0.007761811,-6.04673481
0.007826663,-6.115231514
0.007846126,-6.174648762
0.00788606,-6.240292549
0.007900734,-6.301237106
0.007931127,-6.358056545
0.007961058,-6.422595024
0.008025514,-6.481799126
0.008042862,-6.5403018
0.008075677,-6.600520611
0.008103995,-6.663494587
0.008116115,-6.726613045
0.008176391,-6.79191494
0.008196451,-6.849441051
0.008243542999999999,-6.908452988
0.008283854,-6.970910072
0.008303785,-7.034067154
0.008342191,-7.096287727
0.00839711,-7.154989719
0.008434582,-7.218026638
0.008483092,-7.275827408
0.008503581999999999,-7.335775852
0.008546276,-7.396778107
0.008566025,-7.454384804
0.008628554,-7.513947487
0.008632309999999999,-7.571398258
0.008732471,-7.62930584
0.008746975,-7.684611797
0.008807055,-7.741039276
0.008881703999999999,-7.789727211
0.008886457,-7.842734337
0.008976594,-7.888717175
0.009077504,-7.931677818
0.009206534,-7.973078728
0.009335928,-8.002729416
0.009508352,-8.02501297
0.009683276,-8.039884567
0.009855312,-8.052733421
0.010030068999999999,-8.0551157
0.010199366,-8.053907394
0.010388069,-8.053906441
0.010505044,-8.054156303
0.010697294,-8.054404259
0.010834027,-8.054350853
0.01100512,-8.055615425
0.01117507,-8.056679726
0.011324831,-8.061544418
0.011481968,-8.068078995
0.011633731999999999,-8.071164131
0.011806255,-8.069424629
0.011968031,-8.071122169
0.012129342999999999,-8.068980217
0.012258863,-8.072418213
0.012400346,-8.073280334
0.012593964,-8.075295448
0.012754962,-8.075899124
0.012897429,-8.077263832
0.013038193,-8.080343246
0.013182733,-8.081943512
0.013333388,-8.08476162
0.013507031,-8.083945274
0.013650498,-8.089393616
0.013823936,-8.088502884
0.013966433,-8.088394165
0.014123554,-8.091671944
0.014252606,-8.095863342
0.014423039,-8.099609375
0.01461033,-8.101298332
0.014745995999999999,-8.100346565
0.014872438,-8.102402687
0.015057634,-8.103255272
0.015219267,-8.107340813
0.015387699999999999,-8.10902977
0.015504829,-8.112721443
0.015661869000000002,-8.110571861
0.015818298,-8.110401154
0.015972236,-8.11575222
0.016125718,-8.1059618
0.016250113,-8.097196579
0.016363457,-8.076813698
0.016411604,-8.051771164
0.016455943,-8.018092155
0.016459778,-7.986644745
0.016472505000000002,-7.96275425
0.016507151,-7.942375183
0.016542355,-7.929700375
0.01651185,-7.920156002
0.01649607,-7.908920288
0.016504263,-7.899088383
0.016506698,-7.892560959
0.016515447000000003,-7.889611721
0.016519798000000002,-7.885640621
0.016531771,-7.880824089
0.016509704,-7.875083923
0.016517745,-7.872788429
0.016533386,-7.871893406
0.016566710000000002,-7.866112709
0.016550163000000003,-7.865942955
0.016554991,-7.863079071
0.016568027000000003,-7.860755444
0.016566487,-7.85833931
0.016590616000000002,-7.854671478
0.016554018,-7.850081921
0.016577132,-7.850412846
0.016582033000000003,-7.848145962
0.016575877000000003,-7.842535973
0.016607962,-7.841422558
0.016590524000000002,-7.841701031
0.016585559000000003,-7.836430073
0.01658538,-7.837320805
0.016581472,-7.83397007
0.016554827,-7.831138134
0.016605146,-7.831065655
0.016571367,-7.829885006
0.016586322,-7.82923317
0.016604841000000002,-7.825111866
0.016581327,-7.827312469
0.016606564,-7.822280407
0.016623614000000002,-7.8189044
0.016637318,-7.818955898
0.016617261,-7.818577766
0.016626339,-7.81814909
0.016644116,-7.81739378
0.016641663,-7.81943512
0.016645618,-7.815128803
0.016617877000000003,-7.814965725
0.016612379,-7.811251163
0.016615111000000002,-7.812273026
0.016616905,-7.808778286
0.016625782000000002,-7.811561584
0.016627325000000002,-7.808025837
0.016606176,-7.805668354
0.016633149,-7.807162285
0.016613740000000002,-7.805033207
0.016655017,-7.803057671
0.016626928000000003,-7.803739548
0.016656110000000002,-7.800570011
0.016632894000000002,-7.799861908
0.01663024,-7.800569057
0.016653592000000002,-7.796913147
0.016638799000000003,-7.781989098
0.016643943,-7.744522572
0.016587328000000002,-7.700296879
0.016580574,-7.644874096
0.01656384,-7.591231346
0.016522972,-7.533192158
0.016494872,-7.47438097
0.016446831000000002,-7.42103672
0.016417693,-7.358075619
0.016425861,-7.301143646
0.016395470000000002,-7.241813183
0.016373755,-7.18063736
0.016350184,-7.119740009
0.016300382000000002,-7.066253662
0.016239399,-7.003366947
0.016222691,-6.945342064
0.016250748000000002,-6.881436825
0.016189039000000002,-6.821269989
0.016144965,-6.759015083
0.016139265,-6.700693607
0.016104083,-6.634273529
0.016048381,-6.581459045
0.016036121,-6.524120808
0.015988564,-6.461177349
0.015962778,-6.401146412
0.015918126,-6.344364166
0.015913282,-6.284093857
0.015872506,-6.218349934
0.015829258000000002,-6.158109188
0.015794292,-6.101582527
0.015757510000000002,-6.043676376
0.015726179,-5.987228394
0.015743751,-5.931666851
0.015692668,-5.87503624
0.015662834,-5.814974308
0.015651235000000003,-5.758933544
0.01561412,-5.701800823
0.015582388,-5.643327236
0.01554735,-5.582908154
0.015516195,-5.526201725
0.015482575,-5.46953392
0.015437204999999999,-5.417443275
0.015420745,-5.366893291
0.015395708,-5.31086874
0.015376282,-5.25925684
0.015353139,-5.20536375
0.015286319999999999,-5.150372982
0.015256374,-5.089365005
0.015252039,-5.025734425
0.015195396,-4.968013763
0.015162201,-4.906279564
0.015153579,-4.850482464
0.015087622,-4.795613766
0.015087417,-4.744887352
0.015052761999999999,-4.696253777
0.015021817,-4.650073528
0.014995173,-4.613161087
0.014979105999999999,-4.582825184
0.014980729,-4.562978745
0.014980125,-4.547885418
0.014912911,-4.536412716
0.014940796,-4.526761055
0.01494067,-4.516766548
0.014948377,-4.502755165
0.014943702,-4.464048862
0.014894269,-4.395024776
0.014834436,-4.295717239
0.014750116,-4.178730965
0.014677508,-4.06984663
0.014635936,-3.973534346
0.014536558,-3.881129503
0.014517925,-3.791148663
0.014471306,-3.706700325
0.014404933,-3.62682724
0.014376774,-3.549450159
0.014307341,-3.470338106
0.014262544,-3.393052816
0.014262862,-3.321366787
0.014195405999999999,-3.254691124
0.014162018,-3.189832449
0.014094085,-3.124182463
0.014084023,-3.057780504
0.014003647,-2.990209103
0.013998541,-2.925773144
0.013938086,-2.856561184
0.013911379,-2.789195299
0.013857557,-2.72065711
0.013814451,-2.654226542
0.013769745,-2.587443352
0.013743756,-2.522958279
0.01369864,-2.455355406
0.013651673,-2.395789623
0.013621544,-2.329696894
0.013575781,-2.268252611
0.013527774,-2.201606989
0.013500742999999999,-2.140598536
0.013457427,-2.074065447
0.013418361,-2.012609243
0.013376675,-1.950337052
0.013354491,-1.887872338
0.01333473,-1.824923635
0.013255366,-1.763722897
0.013234931,-1.70469296
0.01317931,-1.643340588
0.013169697,-1.583230495
0.013102489,-1.527862906
0.013108966,-1.469878316
0.013025318,-1.412694693
0.013009892,-1.356795669
0.013014092,-1.295751572
0.012935295999999999,-1.23909831
0.012913899999999999,-1.185424924
0.012885632,-1.125066161
0.012863656,-1.067658186
0.012809547,-1.009850025
0.012787875,-0.949771523
0.012716928,-0.895021081
0.012699224,-0.837901711
0.012655688,-0.7800951
0.012642018999999999,-0.722884357
0.012575074,-0.662578285
0.012560576,-0.60462147
0.012512688,-0.545534849
0.012454528999999999,-0.486363113
0.012452575,-0.431373954
0.012392822,-0.375021219
0.012352352,-0.320052922
0.012336216,-0.264276266
0.01229477,-0.207391933
0.012240538,-0.153034627
0.012242543,-0.095542766
0.012188866999999999,-0.041929215
0.012127476,0.018338608
0.012100529,0.072429575
0.012076775,0.126491144
0.012027422,0.18557331
0.012007215,0.241309896
0.011950180999999999,0.298508346
0.011884269,0.353309125
0.011879901,0.410444796
0.011809861999999999,0.467037499
0.011803914,0.523662269
0.011736906,0.57932353
0.011706555,0.633458316
0.011659843999999999,0.68527782
0.011649285,0.739937901
0.011617563,0.795401633
0.011573057999999999,0.84843713
0.011475922999999999,0.904418886
0.011489727,0.961759567
0.01141107,1.011885047
0.011385341,1.065523148
0.011340672999999999,1.118324041
0.011306627999999999,1.173815966
0.011260411,1.229463816
0.011198445999999999,1.282926202
0.011149702,1.335442781
0.011099857999999999,1.38511765
0.011055134,1.436664939
0.011027430999999999,1.488023996
0.010973254,1.542335033
0.010924427,1.59094286
0.010879124,1.639962077
0.010859608,1.689263582
0.01077884,1.743543029
0.010779498,1.795110345
0.010714828,1.84319222
0.01067286,1.892540693
0.010638284999999999,1.944624782
0.010577435999999999,1.99559629
0.010515343,2.046065569
0.010477405,2.094210863
0.01041333,2.144421577
0.010398975999999999,2.196858406
0.010336112,2.243561983
0.010320576,2.294070244
0.010232091,2.342626572
0.010205011,2.385803938
0.010112867,2.439392567
0.010100915,2.48639679
0.010024542,2.534346581
0.009975702999999999,2.584352016
0.009899433,2.628870487
0.009879205,2.679568529
0.009794712,2.729338646
0.009752571,2.770415783
0.009704205,2.820855141
0.009621536,2.863589764
0.009583908,2.910637379
0.009539368,2.957545757
0.009454261,2.997904539
0.009430911,3.042700291
0.009347527,3.088778496
0.009300992,3.131233931
0.009242841,3.177139997
0.009188954,3.221856117
0.009141301,3.264998436
0.009059791,3.309495687
0.009007424,3.349377394
0.008940003,3.393883467
0.008860261,3.432875156
0.008831536,3.476433754
0.008761486,3.517169476
0.008668574,3.557542086
0.008637014,3.599305153
0.008581212,3.640048504
0.008500459,3.678603888
0.00842912,3.716667175
0.008337289,3.759263277
0.008294995,3.800691605
0.008199833,3.838731766
0.008093405,3.876344204
0.008056202,3.914147377
0.008002162,3.946898699
0.007887108,3.98785162
0.007828246,4.022437096
0.007729905,4.06252861
0.0076825389999999995,4.096026421
0.007591677,4.133430481
0.007520053,4.166975498
0.0074675309999999995,4.203831196
0.007363398,4.241452694
0.0072925609999999995,4.275080681
0.007181585999999999,4.307287216
0.007087103,4.343586922
0.007046597,4.378644466
0.006958464,4.409204483
0.006903891,4.441138268
0.006807105999999999,4.473822117
0.00671818,4.506095409
0.0066444189999999995,4.537734032
0.006552089,4.570693016
0.0064609839999999995,4.606619358
0.006394497,4.634664059
0.006268513,4.665694237
0.006193633,4.693736076
0.0061165839999999996,4.725663662
0.00600555,4.754642487
0.005901867,4.779567719
0.005824806,4.812975883
0.005731705,4.843700886
0.005639214,4.875028133
0.0055305549999999995,4.899500847
0.005435946,4.92514801
0.005339025,4.954198837
0.005238473,4.982718945
0.0051204119999999995,5.006061554
0.005030522,5.036510468
0.004947466,5.060910225
0.0048511529999999995,5.087550163
0.004748454,5.114623547
0.004639278,5.13675499
0.004527119,5.160749912
0.004425271,5.187836647
0.004324227999999999,5.207416058
0.004230197,5.230707645
0.004094556,5.259389877
0.004035458,5.284198284
0.003904746,5.305859566
0.003806411,5.331311226
0.003664688,5.352674007
0.0036087140000000003,5.376342297
0.0034619810000000003,5.396949768
0.003382528,5.421024323
0.003250175,5.440065861
0.003140603,5.460333347
0.0030455120000000002,5.479415417
0.002931332,5.501218796
0.0028198320000000004,5.522567272
0.0027002360000000004,5.548116207
0.002542373,5.56440258
0.0024429490000000002,5.583977699
0.002340266,5.603416443
0.002238884,5.621863842
0.002093564,5.642447948
0.0020001930000000004,5.660495758
0.001884753,5.677248001
0.001754514,5.697796345
0.001643623,5.717873573
0.0014934009999999999,5.735079765
0.001388465,5.753389835
0.001258497,5.770461082
0.001128363,5.789320469
0.001025696,5.807327271
0.000911851,5.822426319
0.000795557,5.838510513
0.000641528,5.85661459
0.000489682,5.874570847
0.000422819,5.89042902
0.00026825899999999997,5.906363487
0.000147437,5.923635006
-3.699999999999995e-06,5.939968109
-9.999999999999999e-05,5.952116489
-0.00023404699999999998,5.968853951
-0.00035335900000000003,5.985321522
-0.000467381,5.99917984
-0.00062127,6.015133381
-0.000750628,6.030524731
-0.0009102380000000001,6.043915272
-0.001046029,6.058567047
-0.001163198,6.077045918
-0.001296719,6.087919235
-0.001407804,6.101849556
-0.00158483,6.11811161
-0.001721361,6.131185532
-0.001832231,6.144614697
-0.001974945,6.158648491
-0.0020937979999999996,6.17371273
-0.002250791,6.18338728
-0.002394173,6.196419239
-0.002528359,6.211203575
-0.002665936,6.224536896
-0.0028235189999999996,6.235534668
-0.0029188309999999998,6.249176025
-0.003080038,6.262109756
-0.003196414,6.271633148
-0.003352646,6.285545826
-0.0035409459999999997,6.297074318
-0.0036456569999999996,6.31014967
-0.003804006,6.322919846
-0.003935397,6.331335068
-0.004072418,6.345666409
-0.004202780000000001,6.356393337
-0.0043455180000000005,6.365647793
-0.004527228,6.382632256
-0.004653899,6.391016483
-0.004796305,6.40174818
-0.004926318,6.407937527
-0.005138386,6.423860073
-0.005222153,6.432072163
-0.005378643000000001,6.445665359
-0.005512628,6.455272675
-0.005622385000000001,6.464590549
-0.00579088,6.473678112
-0.005918469,6.485173225
-0.006134081,6.493404865
-0.006212663,6.503948212
-0.006376637,6.514652729
-0.006551173,6.523367882
-0.006702237000000001,6.532599449
-0.006806296,6.54533577
-0.007007364,6.55365181
-0.007158081,6.562757015
-0.007289033,6.571616173
-0.0074447820000000005,6.582484722
-0.00760392,6.587230206
-0.007743916,6.599039555
-0.007937903,6.608952045
-0.008059333,6.618700027
-0.008212442,6.626228809
-0.008355961,6.633974075
-0.008536501,6.646223545
-0.008684607,6.656585217
-0.008885035,6.662947178
-0.00897983,6.670486927
-0.009175772,6.681435585
-0.009354494,6.690175533
-0.009483378,6.698175907
-0.009662857,6.703032494
-0.009810494,6.712605476
-0.009988844,6.721712112
-0.010140211,6.728764057
-0.010295041,6.735306263
-0.010426771,6.7409482
-0.010594185,6.733318806
-0.010708496,6.725428581
-0.01077096,6.714284897
-0.010852282,6.697154522
-0.010870824,6.674268246
-0.010920270000000001,6.652085304
-0.010926942,6.631807804
-0.010946675,6.615121841
-0.010954836,6.601456165
-0.010962294000000001,6.591405869
-0.010974866,6.582905293
-0.010940687000000001,6.573611259
-0.010960741,6.569961071
-0.010965669,6.564517021
-0.011002979,6.559058189
-0.010970064,6.555715561
-0.011013453,6.551539898
-0.010995369,6.549473763
-0.011005558,6.546487808
-0.011021158,6.543277264
-0.011016275,6.539796352
-0.011045384,6.539980888
-0.011001796,6.535247803
-0.011017649000000001,6.532313347
-0.01102107,6.533118248
-0.011043404,6.530866146
-0.011026508,6.529747009
-0.011045617,6.526440144
-0.011078041,6.527189255
-0.011046921,6.52397871
-0.011052614,6.52487278
-0.011051407000000001,6.521987915
-0.011074541,6.519408226
-0.011053095,6.518681526
-0.011056116,6.517310619
-0.011088143,6.515258312
-0.011084276,6.514335155
-0.011085012,6.513580322
-0.011057894,6.509786606
-0.011081141000000001,6.508692741
-0.011078249,6.507184982
-0.011071566,6.505407333
-0.011102854,6.505173206
-0.011079664,6.502579212
-0.011078342,6.504119873
-0.01107015,6.503002167
-0.01105425,6.501721382
-0.011110181,6.500104427
-0.011101660000000001,6.500048161
-0.011086596,6.49924469
-0.011106496,6.49495554
-0.011100505,6.497630596
-0.011087668,6.496021748
-0.01108905,6.494660378
-0.011108083,6.495388985
-0.011102543,6.494427681
-0.011100395,6.491673946
-0.011122208,6.463779449
-0.01110827,6.430321693
-0.011062073,6.38404274
-0.011036396,6.33612299
-0.011021269,6.284728527
-0.01099528,6.231837749
-0.010978868000000001,6.175325394
-0.010962017000000001,6.12087059
-0.010914130000000001,6.06648922
-0.01089531,6.008090019
-0.010846293,5.947770596
-0.010821527000000001,5.887021065
-0.010831783000000001,5.827613831
-0.010768314000000001,5.764789104
-0.010728874000000001,5.706862926
-0.010704572,5.645358562
-0.010670443,5.585898876
-0.010651999,5.523977757
-0.010593818,5.460974216
-0.01057681,5.404705048
-0.010541667000000001,5.346135139
-0.010507545,5.288748264
-0.010520754,5.228415966
-0.010449342,5.17303896
-0.010416946,5.112307072
-0.010379821000000001,5.058794975
-0.010379033000000001,4.999091148
-0.010343057000000001,4.940293789
-0.010331583,4.879844666
-0.010290222,4.819823742
-0.010278466,4.765226841
-0.010219223,4.704740524
-0.010185353,4.647872925
-0.010126415,4.590064526
-0.01010977,4.529329777
-0.010099284,4.47117281
-0.010057662,4.412233829
-0.01003275,4.353464127
-0.009999574,4.291424274
-0.009951641,4.239984512
-0.009925792000000001,4.178498745
-0.009895168000000001,4.118028164
-0.009869303,4.060847759
-0.009857656,4.002540112
-0.009824772,3.947685003
-0.009766874,3.891298056
-0.009764751,3.830109835
-0.009720801,3.77513814
-0.009672168,3.716038704
-0.00963501,3.659369469
-0.009616247,3.597698927
-0.00959079,3.549765825
-0.00954942,3.514670849
-0.009537584,3.49603343
-0.009525086,3.477986336
-0.009514336,3.466460228
-0.009532811,3.458669424
-0.009532947,3.455573797
-0.009482311,3.453137875
-0.009523514,3.449894905
-0.009508318,3.449854851
-0.009514784,3.45073247
-0.009504938000000001,3.448612928
-0.009476296,3.449019194
-0.009486151,3.446540356
-0.009542206000000001,3.443989038
-0.009491262,3.446508646
-0.009532831,3.443593264
-0.009501672000000001,3.442571163
-0.009507536,3.445895672
-0.009502025,3.441854477
-0.009503988,3.442491293
-0.009529677,3.441422701
-0.009508196,3.442337513
-0.009488341,3.441766739
-0.009496394,3.443022966
-0.009504555,3.441087484
-0.009505621,3.443496704
-0.009500535000000001,3.440183163
-0.00949933,3.441802263
-0.009505023,3.439121962
-0.009502295000000001,3.445616484
-0.009505255,3.442947865
-0.009469081,3.442856312
-0.009482671,3.442082405
-0.009510345,3.443667889
-0.009517915,3.441601992
-0.009504709,3.43913269
-0.009489590000000001,3.440529108
-0.009509107000000001,3.444142342
-0.009504656,3.440063238
-0.009504263,3.441812992
-0.009507791,3.443758011
-0.009501725,3.442418337
-0.009519814,3.441758394
-0.009507529,3.443574667
-0.009515542,3.439311028
-0.009518132,3.442115784
-0.009525381,3.441513062
-0.009511148,3.44184351
-0.009528036,3.441515684
-0.00950911,3.444051981
-0.009532692,3.442725658
-0.0094977,3.444880009
-0.009505646,3.450306654
-0.009500107,3.454750776
-0.009513428,3.458064079
-0.009489755,3.461194754
-0.009538663000000001,3.461540699
-0.009521973,3.463247538
-0.00952384,3.464526653
-0.009540555000000001,3.465391636
-0.009513699,3.468129635
-0.00952293,3.466186523
-0.009530837,3.468429804
-0.009542799,3.466511726
-0.009539131000000001,3.467429161
-0.009574221,3.468119144
-0.009554663,3.469596386
-0.009523864,3.468931198
-0.009544387,3.470843792
-0.009566442,3.470111609
-0.009554318000000001,3.468740225
-0.009538356,3.469089031
-0.009527328,3.469223022
-0.009539757,3.469652176
-0.009535011,3.470141888
-0.00953821,3.470600128
-0.0095289,3.470273733
-0.009554328,3.47030282
-0.00953872,3.474618673
-0.009536969000000001,3.472069979
-0.009521420000000001,3.470425606
-0.009525933,3.471567392
-0.009532098000000001,3.470905781
-0.009497464,3.468203783
-0.009508379,3.472725391
-0.009539997,3.47018528
-0.009531299,3.471918344
-0.009545337000000001,3.471786022
-0.009508279,3.46882081
-0.009529617,3.471041918
-0.009496575,3.471890211
-0.009544483,3.470694542
-0.009535505,3.469287634
-0.009537004,3.467350245
-0.009543555,3.469531775
-0.00954637,3.468500853
-0.009543994,3.468508005
-0.009542443,3.469408274
-0.009536217,3.472619057
-0.009533889,3.470730066
-0.009501669,3.468544006
-0.009549514,3.470062256
-0.009531216,3.466458321
-0.009526922,3.469413757
-0.009553367,3.470733404
-0.009537894,3.471140146
-0.009556037,3.46890521
-0.009545045,3.472111702
-0.009574478,3.472332716
-0.009557559,3.47111249
-0.009531152000000001,3.468844652
-0.009555344,3.469288826
-0.009551967,3.470830679
-0.009584967,3.468884468
-0.009571157,3.467935085
-0.00952948,3.469694614
-0.009558506,3.469944715
-0.009515850000000001,3.468662262
-0.009529511000000001,3.469400167
-0.009537311,3.468926668
-0.009548422,3.470317841
-0.009532257,3.468494415
-0.009507797,3.470648527
-0.009552551,3.468407631
-0.009543832,3.469177723
-0.009543808,3.471973419
-0.009532251,3.470678091
-0.009554836,3.470677137
-0.009536403,3.467786551
-0.009523767,3.46937561
-0.009533038,3.467623711
-0.009540336,3.47161293
-0.009516771,3.470702171
-0.00952864,3.468768597
-0.009510984,3.470126629
-0.009516986,3.470303297
-0.009517566,3.46944356
-0.009512837,3.469498873
-0.009517795,3.469027042
-0.009519855,3.46837163
-0.009503431,3.469441652
-0.00950874,3.469941139
-0.009527779,3.469833374
-0.009534894,3.468139648
-0.009507278000000001,3.481139898
-0.009516582,3.518555641
-0.009525669,3.562033653
-0.009573316,3.614339352
-0.009585524,3.671278
-0.009609002,3.730349302
-0.009658721,3.786654234
-0.009675931,3.844297647
-0.009701326,3.903552294
-0.009715156,3.961574793
-0.009737068,4.021413803
-0.009786986000000001,4.078638077
-0.009833567,4.139917374
-0.009859563,4.198063374
-0.009846006000000001,4.255133152
-0.009900152,4.313159943
-0.009931861,4.372973442
-0.010005237,4.433533669
-0.01000182,4.491086483
-0.010043626,4.549845219
-0.010037551,4.607387543
-0.010091642,4.663803577
-0.010102137,4.725697041
-0.01015388,4.786504745
-0.010149653,4.84096241
-0.010233578,4.896911144
-0.010228868,4.956946373
-0.010250311,5.013655186
-0.010307458,5.06734705
-0.010328112,5.128142357
-0.010328379,5.184004307
-0.0103962,5.241790295
-0.010390769000000001,5.299690247
-0.010438284,5.359768867
-0.010479026,5.41965723
-0.01052051,5.475824833
-0.010545974,5.53757
-0.010556058,5.596342564
-0.010610425,5.656440258
-0.010649096,5.712373734
-0.01065992,5.772306919
-0.010693143,5.826203823
-0.010702815000000001,5.8852005
-0.010742438,5.940304279
-0.010783079000000001,5.99667263
-0.01079395,6.047615051
-0.010842952,6.101270676
-0.010899961,6.156251907
-0.010942943,6.212795258
-0.010939799,6.26760149
-0.010981194,6.325845242
-0.011058468,6.384469509
-0.011113227,6.440673351
-0.011130953,6.500634193
-0.011177771,6.555073738
-0.011278872,6.605315208
-0.011349409,6.653652191
-0.01139444,6.698251247
-0.011502799000000001,6.73503828
-0.011655554,6.770314217
-0.011807739,6.799451351
-0.011944886,6.821591377
-0.012098376000000001,6.840573311
-0.012308833,6.85131979
-0.012462631,6.861795425
-0.012669722,6.870725155
-0.012851729000000001,6.876164913
-0.01301646,6.879983425
-0.013196647,6.88471365
-0.013390596,6.892074585
-0.013511210000000001,6.899765015
-0.013678938,6.904429436
-0.013867266,6.907902241
-0.014046487,6.921427727
-0.014206731,6.927856445
-0.014369341,6.932305813
-0.014588728,6.935322285
-0.01475041,6.939798355
-0.014905473,6.948466778
-0.015103036,6.951097012
-0.015253853,6.957435608
-0.015440886000000001,6.960774899
-0.015614009,6.96860981
-0.015784692,6.976588726
-0.015929541,6.98286581
-0.016102099999999998,6.985965252
-0.016274175,6.992582798
-0.016424554999999997,6.996257305
-0.016599779999999998,7.002984047
-0.016794173,7.006196499
-0.016949598,7.013537884
-0.017131993999999998,7.017600536
-0.017301091999999997,7.022798061
-0.017497841,7.030097008
-0.017644068,7.037593365
-0.017808775,7.037858486
-0.017989981999999998,7.042673111
-0.018185072,7.046984673
-0.018328028,7.053162098
-0.018531825,7.058222294
-0.018659057,7.063894272
-0.018886082,7.067164898
-0.019059314999999997,7.07263422
-0.019220149,7.076250553
-0.019411257999999997,7.080715179
-0.019587748,7.086471558
-0.019741599999999998,7.092612743
-0.019922490999999997,7.093216896
-0.020069119,7.097501755
-0.020279499,7.103117466
-0.020417864999999997,7.109787941
-0.020629548999999997,7.117001534
-0.020778352,7.118816376
-0.02096282,7.121490479
-0.021113635999999998,7.129870892
-0.021322571,7.133381367
-0.021477458999999997,7.137105465
-0.02166263,7.140843391
-0.021823191999999998,7.146319866
-0.022010434,7.149716377
-0.022189432999999998,7.154352665
-0.022363154,7.160107136
-0.022526583,7.161470413
-0.022738189,7.162458897
-0.022879473999999997,7.168209553
-0.023068195,7.17382288
-0.023239245999999998,7.178576469
-0.023417895999999997,7.182859898
-0.023609566999999998,7.18722105
-0.023791757,7.19251585
-0.023951209999999997,7.194992542
-0.024143605999999998,7.199611664
-0.024330243999999997,7.200735092
-0.024494079999999998,7.208372593
-0.024663163,7.212204456
-0.024848221,7.215702057
-0.025037848999999997,7.222242832
-0.025190801999999998,7.224065781
-0.025396379,7.225983143
-0.025577692,7.231553555
-0.025725258999999997,7.231856823
-0.025906404999999997,7.236427784
-0.026063371999999998,7.241327286
-0.026262043,7.247637749
-0.026503304,7.249530315
-0.026656673999999998,7.252444744
-0.026850073,7.25719738
-0.02697546,7.262322426
-0.027197057,7.26570034
-0.027359356999999997,7.268576145
-0.027551586,7.271780491
-0.027750086,7.274026394
-0.027915916,7.275732517
-0.028096865999999998,7.280209064
-0.028296156,7.283994675
-0.028455807,7.286432266
-0.028620441,7.290631294
-0.02882568,7.293920517
-0.028990388,7.297409058
-0.029177353,7.301506519
-0.029353799,7.305644512
-0.029562419,7.305111885
-0.029741852,7.309784889
-0.029928813,7.313239574
-0.030102742999999998,7.315990448
-0.0302867,7.322726727
-0.030449603,7.326338291
-0.030655415999999998,7.330077171
-0.030803386,7.330907822
-0.031002211999999998,7.332596302
-0.031167724999999997,7.337674141
-0.031371495,7.338508606
-0.031529835,7.344755173
-0.031726700999999996,7.345801353
-0.031930016,7.34819746
-0.032100553,7.350465775
-0.032279218,7.356626511
-0.032447612,7.354705334
-0.032654496,7.35891819
-0.032837002,7.364228249
-0.03299631,7.365046501
-0.033210574,7.370271206
-0.033418474999999996,7.375413418
-0.033593712,7.376709938
-0.033745801,7.377752781
-0.033957394,7.381937981
-0.034157863,7.384901524
-0.034340092999999995,7.384835243
-0.034525641999999995,7.388785839
-0.034733296999999996,7.393102646
-0.034912197,7.394546509
-0.035051225,7.395750523
-0.035252417,7.400310993
-0.035424193,7.40159893
-0.035615834,7.403749466
-0.035847219,7.410051823
-0.035998533,7.408587456
-0.036195003999999996,7.415384769
-0.036388816,7.418008804
-0.036542168,7.418818951
-0.036716944,7.422053814
-0.036930081999999996,7.426524162
-0.037119312,7.427735806
-0.037298461,7.43170166
-0.037484528999999996,7.430194378
-0.037671639,7.436258793
-0.037865838,7.438878536
-0.038048355,7.442446232
-0.038255596999999995,7.443086624
-0.038433312,7.442949772
-0.038629601,7.444645405
-0.038787999999999996,7.448298454
-0.038972369,7.452135563
-0.039171485,7.454788685
-0.039368743,7.458068371
-0.039555537,7.459845066
-0.039740114,7.462605953
-0.039916309,7.462912083
-0.040104689,7.466244221
-0.040327286,7.469950676
-0.040518606,7.471943855
-0.040702802999999996,7.472123146
-0.040914899,7.474029064
-0.041071953,7.475476742
-0.041288814,7.482236385
-0.041451697999999995,7.483157635
-0.041654961,7.484248161
-0.041810935,7.486573696
-0.042011133,7.486032009
-0.042221853999999996,7.490002632
-0.042399461,7.493766785
-0.042584704,7.496887207
-0.042777257,7.497081757
-0.042967564,7.498114109
-0.043182188999999996,7.499828815
-0.043339403,7.502142429
-0.043522647,7.505449295
-0.043747471999999996,7.507500648
-0.043952404,7.510110378
-0.044136362,7.516337872
-0.044311902,7.513617516
-0.044493397999999997,7.516196251
-0.04473312,7.518591881
-0.044862563,7.522478104
-0.045111628,7.524118423
-0.045289503,7.526329041
-0.045457507,7.526228428
-0.045671245,7.530241966
-0.045845149,7.531229496
-0.046043584,7.533016205
-0.046235477999999997,7.534641266
-0.046438244999999996,7.536198616
-0.046623418,7.539858818
-0.046831595,7.54019022
-0.047000939,7.541053295
-0.047180371,7.547154427
-0.047382666,7.54629755
-0.047583402999999996,7.552464485
-0.047779607,7.548931599
-0.047949691999999995,7.550165176
-0.048187365999999995,7.555755138
-0.048360457999999995,7.556097507
-0.048545668,7.557227612
-0.048736958,7.561341286
-0.048954056999999995,7.561675072
-0.049120502999999996,7.565734386
-0.049309114,7.564501762
-0.049455011,7.567006588
-0.049706249,7.568568707
-0.049855812,7.570297241
-0.050090173,7.574178219
-0.050274966,7.573581219
-0.050478095,7.574481487
-0.050663837999999996,7.578063011
-0.050823362999999996,7.577672958
-0.051038409,7.580680847
-0.051239219999999995,7.582427502
-0.051431233,7.585128307
-0.051579883,7.586549759
-0.051803453,7.588498116
-0.052010206999999996,7.589166641
-0.052212874,7.591729641
-0.052414921999999996,7.59175539
-0.052595509,7.598322392
-0.052785279,7.598464012
-0.053003481,7.597055912
-0.053170456,7.599308968
-0.053386504,7.598911762
-0.053534368,7.601662636
-0.05376496,7.604925632
-0.05398682,7.606938839
-0.05414862,7.607927799
-0.054356036999999996,7.607960224
-0.054549618,7.608443737
-0.054755979999999996,7.613141537
-0.054941287,7.616104126
-0.055123603,7.616324902
-0.055325770999999996,7.614831924
-0.055517117,7.616965771
-0.055707258999999995,7.618355274
-0.055911248999999996,7.619108677
-0.056129531999999996,7.623471737
-0.056308409,7.62655735
-0.056513535,7.62741518
-0.05669813,7.6302104
-0.056914506999999996,7.629199982
-0.057087664999999996,7.629687309
-0.057278385,7.631994724
-0.057465130999999996,7.631838799
-0.057674559,7.63295269
-0.057850422,7.634513378
-0.058039533,7.635101795
-0.058246227,7.638876915
-0.058464246,7.640249729
-0.05863524,7.641433716
-0.058821728999999996,7.644841671
-0.059055106999999996,7.647152901
-0.059239284999999996,7.646883488
-0.05942128,7.645455837
-0.059593374,7.647983074
-0.059805049,7.647566795
-0.059993932,7.649064541
-0.060185717,7.652854443
-0.060395860999999995,7.658447742
-0.0605789,7.654639244
-0.060785154,7.656041145
-0.060978191,7.657020569
-0.061191776999999996,7.659627914
-0.061375989,7.658967018
-0.061584922,7.661859035
-0.061772676,7.664330959
-0.061981162,7.667959213
-0.06217481,7.667300224
-0.062353408,7.666527748
-0.062551921,7.665171623
-0.062748766,7.671445847
-0.062946713,7.669734001
-0.063151395,7.669658184
-0.06330939199999999,7.67124176
-0.063532231,7.677611351
-0.063717915,7.674944878
-0.063919431,7.679460049
-0.064131586,7.679871082
-0.064323319,7.680958748
-0.064506469,7.681715012
-0.064689217,7.68172121
-0.064898295,7.682067871
-0.065101875,7.688582897
-0.065281859,7.687346458
-0.065493157,7.684460163
-0.06568989,7.687011242
-0.06588692,7.691216946
-0.06607827399999999,7.686219692
-0.06626011999999999,7.690653801
-0.06645952,7.691649437
-0.066670125,7.6949687
-0.066822683,7.694494724
-0.067047512,7.693840981
-0.067238903,7.693104744
-0.067431731,7.695740223
-0.06761590199999999,7.696812153
-0.067804499,7.701297283
-0.068028821,7.703694344
-0.06821285,7.702345848
-0.06841879199999999,7.703877926
-0.068619592,7.703915119
-0.068795061,7.703746319
-0.0689968,7.705023766
-0.069145573,7.707535744
-0.069366319,7.707621574
-0.069580941,7.708740711
-0.069754681,7.709393978
-0.069983764,7.709432602
-0.07014936,7.713559151
-0.07034676299999999,7.713653088
-0.07053409299999999,7.717134953
-0.070735959,7.717520714
-0.070961451,7.716383457
-0.071099108,7.716930389
-0.07135771,7.717591763
-0.07152317999999999,7.720168591
-0.071715666,7.720623016
-0.0719069,7.723556042
-0.072125873,7.725172043
-0.072273178,7.72304678
-0.07248481899999999,7.722924232
-0.072693577,7.726361275
-0.07285641,7.726442814
-0.073080128,7.727019787
-0.073277472,7.728371143
-0.07345455,7.728297234
-0.073669797,7.730200768
-0.073838478,7.730012894
-0.074062308,7.729496002
-0.074219173,7.733016968
-0.074410474,7.740036488
-0.074620707,7.736136436
-0.07483762299999999,7.736754417
-0.07503597299999999,7.736117363
-0.07522559,7.73596859
-0.07540009,7.737317085
-0.075626431,7.740726948
-0.075811198,7.742350101
-0.076009331,7.741643906
-0.076197324,7.742988586
-0.076393304,7.746659279
-0.07662055499999999,7.744011879
-0.076777516,7.744931221
-0.076989746,7.748006344
-0.07719448,7.748584747
-0.077394871,7.750231266
-0.077584317,7.748578072
-0.07776999999999999,7.747003078
-0.077951467,7.750789165
-0.078148684,7.75090313
-0.07840077399999999,7.752073765
-0.078551574,7.754259109
-0.078764161,7.754608154
-0.078954963,7.755605698
-0.079134388,7.754488945
-0.079316786,7.758638382
-0.079505427,7.759673119
-0.079730121,7.760710239
-0.07991815199999999,7.762276173
-0.080123177,7.759190559
-0.080321176,7.762536526
-0.08049092299999999,7.761196613
-0.08067996599999999,7.762851715
-0.080869516,7.763293266
-0.08107484,7.765036106
-0.081301978,7.766888142
-0.081475927,7.767540932
-0.0816612,7.769152641
-0.0818632,7.769361496
-0.082052535,7.77179575
-0.082265509,7.77129221
-0.082465475,7.775187969
-0.082658036,7.771603584
-0.082805475,7.773156643
-0.083079612,7.774492264
-0.083219422,7.774924755
-0.08342316599999999,7.776377201
-0.083607426,7.778205872
-0.083833037,7.783305168
-0.084036237,7.779053211
-0.08424604499999999,7.780626774
-0.084404631,7.777305603
-0.084605632,7.781179905
-0.084785452,7.782113075
-0.085004529,7.781239033
-0.08517641399999999,7.785518646
-0.085433593,7.786427021
-0.085551506,7.787687778
-0.085779792,7.786591053
-0.086002624,7.786005497
-0.086177802,7.787861824
-0.086343577,7.791353703
-0.086557066,7.793874741
-0.086762978,7.79404068
-0.086953951,7.793062687
-0.08717606,7.791807175
-0.087331234,7.792785168
-0.08754762099999999,7.791996479
-0.087756803,7.796648502
-0.08793627999999999,7.795852184
-0.088120109,7.795949936
-0.088352477,7.798071384
-0.088525964,7.79601717
-0.088706954,7.79889822
-0.08888734699999999,7.801557541
-0.089116348,7.801365852
-0.089313624,7.80398941
-0.089504881,7.802164078
-0.089722117,7.802309036
-0.089923015,7.800039291
-0.090117065,7.803282261
-0.090310795,7.805075169
-0.090492291,7.807187557
-0.090705393,7.809741497
-0.090900911,7.807275295
-0.09108271999999999,7.80899477
-0.091271779,7.807320595
-0.09148535,7.81069231
-0.09166273999999999,7.810463905
-0.09184703799999999,7.812732697
-0.092067791,7.815059185
-0.092269791,7.816307545
-0.09247317,7.813752174
-0.092654077,7.813714027
-0.09285600299999999,7.814562321
-0.093041262,7.820300579
-0.093228212,7.82025671
-0.093418879,7.818819046
-0.093634015,7.818065166
-0.09379126,7.817032337
-0.094009867,7.818768501
-0.09420013199999999,7.819948196
-0.094398489,7.821223736
-0.09463005299999999,7.822094917
-0.094809962,7.824654102
-0.094986519,7.825980186
-0.09521476699999999,7.82486248
-0.095423868,7.824046135
-0.095622158,7.827785015
-0.095801881,7.82810545
-0.096019579,7.829182625
-0.096237814,7.828667164
-0.096422231,7.829003811
-0.096566325,7.829787731
-0.096756941,7.830097198
-0.096996089,7.831647396
-0.09714460899999999,7.831402779
-0.097396514,7.828291416
-0.097579008,7.831942558
-0.09776297,7.834854603
-0.097970663,7.835963726
-0.098122289,7.834906578
-0.098350247,7.838772297
-0.098559035,7.839834213
-0.09877461,7.839538574
-0.098970143,7.838357925
-0.099147623,7.839259148
-0.099341748,7.840596199
-0.099539956,7.840386391
-0.099748446,7.841566563
-0.099927751,7.841776848
-0.100145264,7.842682362
-0.100345908,7.843572617
-0.100523403,7.841380119
-0.100735163,7.845015526
-0.100900946,7.845739365
-0.101112893,7.84675312
-0.101290291,7.847999096
-0.101508459,7.849074364
-0.101713387,7.847619534
-0.101906208,7.84714365
-0.102077214,7.850100994
-0.102291418,7.852422714
-0.10247541,7.848949432
-0.102667002,7.851148605
-0.102865858,7.854164124
-0.10306189,7.851455688
-0.103280148,7.852469921
-0.103456749,7.856947899
-0.103688633,7.857446671
-0.10387305,7.856077194
-0.104070617,7.856604099
-0.104283197,7.85804224
-0.104445523,7.85774374
-0.104644133,7.85609293
-0.10485897799999999,7.857580185
-0.105028881,7.858897686
-0.105267426,7.860687256
-0.105415588,7.85899353
-0.105623758,7.860685349
-0.105842648,7.861199856
-0.105986295,7.862805843
-0.106201878,7.862653255
-0.106444871,7.860274315
-0.106626904,7.865954399
-0.106830886,7.867202282
-0.107027112,7.863767147
-0.107235422,7.864715576
-0.107426411,7.868279457
-0.10759144799999999,7.871441364
-0.107835529,7.869391918
-0.108019276,7.871234894
-0.10821834799999999,7.872563362
-0.108391007,7.869729519
-0.108585922,7.871306419
-0.108808799,7.869637012
-0.108977882,7.872439384
-0.109194828,7.870569229
-0.109414628,7.872464657
-0.10961487,7.870781898
-0.109792141,7.874403954
-0.109981654,7.87617445
-0.110202244,7.873109818
-0.110347247,7.875033855
-0.110581575,7.877448559
-0.110762311,7.876530647
-0.110943345,7.875713825
-0.111173434,7.875524998
-0.111325568,7.879216671
-0.11154676,7.880910873
-0.111739805,7.880140305
-0.111965424,7.881631374
-0.11214385,7.882118702
-0.112362599,7.879597664
-0.112547739,7.881480217
-0.112716621,7.880928516
-0.112940094,7.883209229
-0.113107575,7.885615826
-0.113310417,7.886181831
-0.11351420499999999,7.888680458
-0.113730764,7.886526585
-0.11389366399999999,7.886795044
-0.114091551,7.886706352
-0.114319412,7.88787508
-0.114495127,7.890813828
-0.11471880799999999,7.890296936
-0.114936603,7.88851881
-0.115100814,7.888016224
-0.115330411,7.888243675
-0.115523895,7.888151169
-0.115711702,7.889872074
-0.115912577,7.892534256
-0.116118422,7.89218092
-0.116301497,7.895190716
-0.116495399,7.894311428
-0.11667466,7.8952775
-0.116857527,7.8951931
-0.117079718,7.895795822
-0.117248615,7.897717953
-0.117469316,7.897982597
-0.117646908,7.89657259
-0.117882868,7.899664402
-0.118101819,7.897285938
-0.118261097,7.900139332
-0.118452108,7.901333332
-0.11867757699999999,7.901590347
-0.118877923,7.904446125
-0.119078068,7.900170803
-0.119269935,7.902997494
-0.119492104,7.900548458
-0.119679352,7.903313637
-0.119885033,7.903386593
-0.120064503,7.903600216
-0.120255573,7.904807091
-0.120459421,7.90575695
-0.12065659299999999,7.906707287
-0.120828239,7.904519558
-0.121040469,7.904798985
-0.121254703,7.907317162
-0.121425992,7.909444809
-0.121648436,7.90941143
-0.12183415,7.910879612
-0.122051662,7.908864498
-0.122222757,7.908605099
-0.122434957,7.907735825
-0.122622332,7.907914639
-0.122820584,7.911457539
-0.122993818,7.913203716
-0.123230418,7.913259029
-0.123399308,7.914690018
-0.1236319,7.914984226
-0.123826122,7.915040493
-0.124033293,7.913784027
-0.12426079599999999,7.916084766
-0.124428054,7.917658329
-0.124641446,7.918257713
-0.124824053,7.917371273
-0.125025472,7.91748476
-0.125232024,7.915664673
-0.125431029,7.917830944
-0.125629542,7.916904926
-0.12583269,7.919514656
-0.126019282,7.917957783
-0.126232727,7.921777248
-0.126419155,7.919794083
-0.126623808,7.916725159
-0.126783637,7.921669483
-0.126989482,7.923113346
-0.127185835,7.92364645
-0.127394451,7.92188549
-0.127590818,7.924346447
-0.127805306,7.923502445
-0.127978442,7.923206806
-0.128195001,7.923645973
-0.128365649,7.923957825
-0.128588809,7.925434113
-0.128795562,7.927856445
-0.128959535,7.928611279
-0.129173724,7.927791595
-0.129370151,7.925496578
-0.129570095,7.926544189
-0.129757373,7.929851532
-0.129954306,7.928935528
-0.13016429399999999,7.928546429
-0.130338533,7.933024406
-0.130559696,7.931668758
-0.130744947,7.931363106
-0.130965365,7.931780338
-0.131178824,7.932982445
-0.131367175,7.935164928
-0.131557224,7.936311722
-0.131752251,7.935437679
-0.131983278,7.932871819
-0.132181777,7.93278265
-0.132362587,7.934401512
-0.132551102,7.935656548
-0.13273912499999999,7.937668324
-0.132939277,7.938452721
-0.133154882,7.938086987
-0.133353187,7.940093994
-0.133565186,7.939166069
-0.13377404,7.939209461
-0.13395579,7.940061569
-0.134150935,7.939061642
-0.134340225,7.941625595
-0.134545608,7.942315578
-0.134747757,7.942723274
-0.134971647,7.941486835
-0.135150133,7.941633701
-0.135333343,7.944010258
-0.135539739,7.941579342
-0.135741396,7.94460535
-0.135919182,7.946667194
-0.136121897,7.94516325
-0.136295734,7.944711208
-0.136517091,7.942702293
-0.136698363,7.9456954
-0.13691188199999998,7.948514462
-0.137123747,7.946797848
-0.137295438,7.948552608
-0.137518121,7.947281837
-0.137686579,7.947204113
-0.137881545,7.94762516
-0.138096018,7.949103832
-0.138302771,7.94963789
-0.138502104,7.951207638
-0.138686044,7.95151186
-0.138899503,7.950977325
-0.139107911,7.951757908
-0.139296858,7.950159073
-0.139499975,7.95294714
-0.139693884,7.954843521
-0.139884172,7.95372963
-0.140087916,7.953481197
-0.140319629,7.953178406
-0.140519349,7.952903748
-0.140697597,7.952497482
-0.14087194,7.953592777
-0.141103147,7.953927517
-0.141285105,7.958059788
-0.141495718,7.955770016
-0.141688047,7.958038807
-0.141906424,7.956018925
-0.142059384,7.958144188
-0.142301915,7.958487511
-0.142480401,7.958100319
-0.142669885,7.959609509
-0.142842038,7.960842133
-0.143078415,7.959652901
-0.14328417,7.959657669
-0.143467231,7.959479332
-0.143650008,7.960672855
-0.14386457,7.960170746
-0.144059209,7.958274841
-0.144270478,7.961177826
-0.144472895,7.964108467
-0.144653378,7.962614536
-0.144842861,7.960798264
-0.145074738,7.961794376
-0.145271955,7.967126846
-0.145495577,7.965827942
-0.14565577899999999,7.964718342
-0.145878403,7.964557648
-0.146042137,7.96445322
-0.146245925,7.967745781
-0.146424411,7.968090534
-0.146662487,7.967167377
-0.146858437,7.965568542
-0.14706449,7.966670513
-0.147236986,7.968105316
-0.147436006,7.968236446
-0.14764924199999999,7.969027519
-0.147788001,7.967310905
-0.148058755,7.970390797
-0.148200898,7.971384048
-0.148428021,7.973499298
-0.14862038,7.972118378
-0.148839576,7.971616745
-0.14901544,7.971563816
-0.149229361,7.972978115
-0.14941364299999998,7.975017548
-0.149654416,7.974678516
-0.149820013,7.974033356
-0.150040535,7.973264694
-0.150212167,7.973507881
-0.150408683,7.970795631
-0.150576545,7.974429607
-0.150793074,7.974709034
-0.151021196,7.977107048
-0.151170773,7.978497028
-0.151403872,7.978938103
-0.151619,7.977314949
-0.151805667,7.975941181
-0.151981188,7.978134155
-0.152206926,7.980562687
-0.152405618,7.978877544
-0.15259896,7.976908684
-0.152803062,7.978947639
-0.152996434,7.980686188
-0.153182728,7.980891228
-0.153385831,7.980343342
-0.15358935099999999,7.982962132
-0.153791545,7.982966423
-0.153975559,7.984295845
-0.154206945,7.982065678
-0.154407499,7.978479385
-0.154593868,7.983065128
-0.15480393,7.985390186
-0.154985784,7.984026432
-0.155203117,7.984375954
-0.155442787,7.985138893
-0.15560591,7.985354424
-0.155810891,7.98270607
-0.15599197,7.98209095
-0.156170009,7.985938072
-0.156392125,7.984351158
-0.156606583,7.984738827
-0.1567834,7.988068104
-0.156997291,7.991225719
-0.157184122,7.988357544
-0.157364829,7.984460354
-0.157600416,7.988039494
-0.157783223,7.992299557
-0.157993792,7.988844872
-0.158204971,7.990355015
-0.158384038,7.987846851
-0.158599569,7.991420746
-0.158782749,7.988533497
-0.158986984,7.989959717
-0.159193827,7.990375042
-0.159395529,7.992343426
-0.159603534,7.990920067
-0.159807218,7.988605022
-0.159989325,7.989946365
-0.160179226,7.992165565
-0.160387335,7.996726513
-0.160589306,7.995059013
-0.160811691,7.994226933
-0.160999639,7.996864796
-0.16117972,7.994795799
-0.161374567,7.994870186
-0.1615656,7.995820522
-0.16179375199999999,7.994991302
-0.161994679,7.995584011
-0.162188156,7.997441769
-0.162403269,7.997076511
-0.162555976,7.997365952
-0.162755979,7.9967103
-0.162957607,7.994954109
-0.163150786,7.996490955
-0.163371338,7.999399662
-0.16356553,8.001347542
-0.163773416,8.000117302
-0.163959337,7.997127056
-0.164146511,7.998365402
-0.16434644,8.000330925
-0.164546294,8.000321388
-0.16472709,7.999575138
-0.164929463,8.001389503
-0.1651507,7.999553204
-0.165353237,8.005559921
-0.16554415,8.002724648
-0.165734274,8.002897263
-0.165955244,8.003692627
-0.16617146,8.003808975
-0.166380866,8.003442764
-0.166571705,8.004663467
-0.166762916,8.002961159
-0.166967062,8.003507614
-0.167165605,8.00723362
-0.16732551,8.006616592
-0.167600943,8.007143021
-0.167754112,8.008688927
-0.167979835,8.008066177
-0.168177096,8.006743431
-0.168368204,8.005760193
-0.16858394299999999,8.008954048
-0.168783901,8.009474754
-0.168977035,8.008979797
-0.169174878,8.009410858
-0.169368504,8.010178566
-0.169581963,8.010061264
-0.169777615,8.010077477
-0.169961391,8.007759094
-0.170170201,8.011299133
-0.17036037,8.012571335
-0.170558093,8.011946678
-0.17075943799999999,8.012141228
-0.170975803,8.01171875
-0.171182839,8.013235092
-0.171359194,8.01063633
-0.171587331,8.011841774
-0.171767412,8.015184402
-0.17198029,8.015336037
-0.172174273,8.012545586
-0.172342433,8.012481689
-0.172580121,8.012756348
-0.17275813,8.011696815
-0.17295481099999999,8.015350342
-0.173131121,8.013624191
-0.173353968,8.014523506
-0.173572822,8.015328407
-0.173776833,8.013936996
-0.173951758,8.013881683
-0.174173905,8.014274597
-0.174371792,8.015313148
-0.174550949,8.014817238
-0.174763827,8.01868248
-0.17498566,8.016429901
-0.175187452,8.014204025
-0.175350187,8.016422272
-0.175556673,8.019861221
-0.175762264,8.019925117
-0.17596416,8.020147324
-0.176171793,8.019129753
-0.176345525,8.017457962
-0.176534576,8.019570351
-0.176762072,8.019552231
-0.176970108,8.023715019
-0.177192597,8.024654388
-0.177376164,8.022244453
-0.177616743,8.021905899
-0.17776872,8.022220612
-0.177964045,8.021077156
-0.178196831,8.020256996
-0.178392513,8.023154259
-0.17855191,8.021759033
-0.17878872,8.025382996
-0.178981302,8.025543213
-0.179162784,8.023371696
-0.179373173,8.022386551
-0.179534538,8.024575233
-0.179768173,8.024855614
-0.179998634,8.027928352
-0.180168836,8.02855587
-0.180369703,8.026930809
-0.180597184,8.025385857
-0.180772571,8.026698112
-0.180990202,8.024291992
-0.18117979,8.028337479
-0.181370704,8.028697968
-0.181560455,8.027834892
-0.18178972399999999,8.026569366
-0.181977091,8.028492928
-0.182176082,8.026890755
-0.182378827,8.029283524
-0.182593269,8.030068398
-0.182771815,8.030031204
-0.182990653,8.029024124
-0.183203979,8.029980659
-0.183379231,8.029209137
-0.183565749,8.029912949
-0.183754308,8.029247284
-0.183970882,8.031050682
-0.184181331,8.032673836
-0.184368489,8.028434753
-0.184553428,8.031167984
-0.184776453,8.029118538
-0.184968395,8.031338692
-0.185161216,8.032130241
-0.185400842,8.033872604
-0.185602589,8.03185463
-0.185771046,8.033452988
-0.185988782,8.031702042
-0.186173303,8.029808044
-0.18636250299999998,8.035449982
-0.186596675,8.033840179
-0.186800374,8.035042763
-0.186975194,8.036388397
-0.187185658,8.037092209
-0.187398521,8.037094116
-0.18759702,8.036919594
-0.187795697,8.040082932
-0.187991036,8.037617683
-0.18821511999999999,8.040077209
-0.188401727,8.039115906
-0.18863116,8.035665512
-0.188807903,8.039833069
-0.188980682,8.035079956
-0.189183844,8.037931442
-0.189370645,8.037480354
-0.189595996,8.038506508
-0.189800872,8.036226273
-0.190004079,8.037400246
-0.19021578,8.038591385
-0.190391256,8.041360855
-0.190629361,8.040458679
-0.190836428,8.042284012
-0.191035507,8.038118362
-0.191237463,8.038925171
-0.191396369,8.041817665
-0.191606579,8.041471481
-0.191794558,8.042171478
-0.192032797,8.04196167
-0.19223274099999998,8.040845871
-0.192416517,8.039839745
-0.192655874,8.03958416
-0.192802174,8.039480209
-0.193041025,8.041888237
-0.193221076,8.045639992
-0.19343290999999999,8.04535675
-0.193615673,8.045917511
-0.193861676,8.044045448
-0.194028331,8.044166565
-0.194250761,8.04345417
-0.194464458,8.045685768
-0.194630532,8.045274734
-0.194864569,8.045376778
-0.195011644,8.042222977
-0.195226057,8.043457031
-0.195411904,8.04815197
-0.195619104,8.044692993
-0.195826097,8.045116425
-0.196027232,8.047005653
-0.196234075,8.050049782
-0.196453525,8.049438477
-0.196607156,8.049081802
-0.196831314,8.048086166
-0.197049974,8.048160553
-0.197238071,8.050117493
-0.197452588,8.049789429
-0.197671605,8.048309326
-0.197880505,8.048764229
-0.198063834,8.047439575
-0.198280288,8.047941208
-0.198442383,8.049567223
-0.19869229,8.050148964
-0.198877258,8.051503181
-0.199079854,8.048343658
-0.199279068,8.050671577
-0.199469103,8.050107956
-0.199670522,8.052505493
-0.199861078,8.051293373
-0.200061051,8.053804398
-0.200266166,8.05068779
-0.200485541,8.052639008
-0.20068085,8.051607132
-0.200891746,8.052906036
-0.201083927,8.053825378
-0.20128539,8.056040764
-0.201495184,8.054018974
-0.201694129,8.05437851
-0.201906083,8.051012039
-0.202060027,8.05115509
-0.202279298,8.052252769
-0.202465234,8.052309036
-0.202657757,8.053397179
-0.202875419,8.056415558
-0.203057332,8.052446365
-0.203275843,8.052703857
-0.203467054,8.055388451
-0.20367665399999998,8.057494164
-0.20386996699999999,8.055762291
-0.204076616,8.056064606
-0.204295559,8.056755066
-0.204492657,8.055821419
-0.204689337,8.056170464
-0.204910947,8.055938721
-0.205112426,8.055906296
-0.205299078,8.058176041
-0.205489619,8.061358452
-0.205713062,8.061839104
-0.205910696,8.059608459
-0.206110625,8.057527542
-0.20633599,8.05704689
-0.20651645799999999,8.058038712
-0.206706269,8.059879303
-0.206907718,8.060353279
-0.20713645,8.055892944
-0.207342206,8.057432175
-0.207520528,8.05525589
-0.207719831,8.060059547
-0.207939608,8.060596466
-0.208119882,8.059949875
-0.208358718,8.061193466
-0.208537055,8.062909126
-0.20871654,8.059813499
-0.208956866,8.060188293
-0.209141387,8.059270859
-0.209325938,8.060190201
-0.20951399,8.061388016
-0.209721459,8.063327789
-0.20994368,8.05960083
-0.210142536,8.058634758
-0.2103146,8.061118126
-0.21052732899999999,8.060749054
-0.21073967,8.062098503
-0.210927321,8.062982559
-0.211134536,8.062645912
-0.211339561,8.063817978
-0.211558698,8.063087463
-0.211741699,8.062169075
-0.211941956,8.06264782
-0.212126894,8.063520432
-0.212380631,8.067005157
-0.212547122,8.062726974
-0.212736709,8.062485695
-0.212951614,8.064208984
-0.213170348,8.061552048
-0.213352902,8.061607361
-0.213510258,8.063825607
-0.213712825,8.065088272
-0.213955997,8.063868523
-0.214152215,8.065980911
-0.214319212,8.062777519
-0.214526398,8.065504074
-0.214768691,8.064838409
-0.214969454,8.065698624
-0.215144618,8.068222046
-0.21538323,8.06714344
-0.215577392,8.066884995
-0.215742765,8.066877365
-0.215961052,8.065140724
-0.216158224,8.066197395
-0.216349764,8.065840721
-0.216568543,8.067662239
-0.216744868,8.068748474
-0.21697798199999999,8.068593979
-0.217189802,8.069831848
-0.21737172999999999,8.069238663
-0.217543466,8.069833755
-0.217807917,8.070216179
-0.21799364499999999,8.066958427
-0.218193797,8.068451881
-0.218374414,8.069055557
-0.218609957,8.067604065
-0.218790783,8.06973362
-0.218978373,8.071400642
-0.219173668,8.072656631
-0.219400166,8.072110176
-0.219602747,8.071907043
-0.219774677,8.069901466
-0.219978405,8.068412781
-0.220197661,8.068484306
-0.22040511499999998,8.067708969
-0.22056262,8.06993866
-0.22077998299999999,8.071537971
-0.221013067,8.070189476
-0.221178664,8.069431305
-0.221411167,8.071329117
-0.221564798,8.070138931
-0.221816717,8.069932938
-0.221987231,8.073685646
-0.22220294,8.072605133
-0.222399605,8.072710991
-0.222638695,8.072853088
-0.222816018,8.069449425
-0.223012177,8.072611809
-0.223210795,8.076658249
-0.22339545,8.075817108
-0.22363455399999999,8.073111534
-0.223827167,8.072221756
-0.224002374,8.07390213
-0.224215312,8.074410439
-0.224428294,8.070215225
-0.224603174,8.074671745
-0.224819256,8.075276375
-0.225031285,8.075069427
-0.225237651,8.07647419
-0.225401608,8.075855255
-0.225625051,8.071967125
-0.225830583,8.07468605
-0.22603455,8.073943138
-0.226235254,8.074540138
-0.226422338,8.074876785
-0.226623101,8.07646656
-0.22683599399999999,8.074323654
-0.227047531,8.074233055
-0.227217061,8.075203896
-0.227410315,8.077335358
-0.227621509,8.077001572
-0.227823956,8.076627731
-0.228029532,8.078138351
-0.228227047,8.074784279
-0.228423385,8.074394226
-0.228633864,8.074489594
-0.22882448,8.074167252
-0.229040114,8.077159882
-0.229217513,8.077486992
-0.229427127,8.079393387
-0.229629589,8.079911232
-0.229832379,8.07845211
-0.230046151,8.075985909
-0.230222357,8.078229904
-0.230432479,8.078517914
-0.230653582,8.081152916
-0.230835034,8.081480026
-0.231036363,8.080722809
-0.23126470899999998,8.07848835
-0.231453566,8.080269814
-0.231642498,8.076462746
-0.231841115,8.077978134
-0.232026501,8.078983307
-0.232241882,8.081472397
-0.232447935,8.079889297
-0.232667087,8.082335472
-0.232861219,8.07916069
-0.233025296,8.079341888
-0.233222393,8.084356308
-0.23342875999999999,8.082029343
-0.233637674,8.083410263
-0.23386134,8.082587242
-0.234066082,8.081165314
-0.234257219,8.080495834
-0.234449131,8.078860283
-0.234649671,8.081845284
-0.234861909,8.084080696
-0.23504577399999999,8.083016396
-0.235242574,8.084005356
-0.23548135,8.08289814
-0.235696657,8.082681656
-0.235872386,8.081749916
-0.236076353,8.082715034
-0.236314176,8.082789421
-0.236516474,8.082920074
-0.236678792,8.081415176
-0.236875055,8.08294487
-0.237083061,8.084021568
-0.237275807,8.082110405
-0.237496493,8.082660675
-0.237715481,8.084715843
-0.23788677,8.085130692
-0.238078071,8.082070351
-0.238266049,8.082276344
-0.23848877699999999,8.081827164
-0.238695724,8.081676483
-0.238899229,8.083590508
-0.239125116,8.083899498
-0.239348469,8.085346222
-0.239549933,8.085394859
-0.239745749,8.084475517
-0.239938734,8.083521843
-0.240151493,8.085796356
-0.240327207,8.083851814
-0.240529923,8.086414337
-0.240740059,8.086797714
-0.24095103,8.087378502
-0.24115218,8.085550308
-0.24136777,8.085555077
-0.241562245,8.084606171
-0.241779877,8.084776878
-0.241986705,8.084590912
-0.24218276,8.083537102
-0.242403282,8.084100723
-0.242590783,8.084635735
-0.242781518,8.085412979
-0.24297818399999999,8.085361481
-0.24318081,8.085497856
-0.243361278,8.087499619
-0.243607564,8.088105202
-0.243832944,8.086893082
-0.244028939,8.086226463
-0.244205413,8.08586216
-0.244406475,8.083999634
-0.244627832,8.087790489
-0.244796543,8.087553024
-0.245035483,8.089030266
-0.245221792,8.08866024
-0.245419694,8.085433006
-0.24562446599999999,8.087936401
-0.245834528,8.086191177
-0.246042056,8.087253571
-0.246244995,8.08540535
-0.246477602,8.087830544
-0.246650947,8.090847969
-0.246877773,8.088005066
-0.247077195,8.090238571
-0.247275574,8.087788582
-0.247483848,8.088529587
-0.247681705,8.089754105
-0.247890068,8.090378761
-0.24810875799999998,8.090473175
-0.248292042,8.088261604
-0.248492299,8.08777523
-0.248707039,8.088579178
-0.248909188,8.08997345
-0.249141468,8.089821815
-0.249281464,8.090109825
-0.249524994,8.090952873
-0.249741046,8.090670586
-0.249922095,8.091791153
-0.250132738,8.087258339
-0.250329314,8.087664604
-0.25052285,8.090855598
-0.250726609,8.089653015
-0.250937579,8.089412689
-0.251149772,8.087810516
-0.251333086,8.089230537
-0.251533238,8.086410522
-0.251705496,8.088814735
-0.25191747999999997,8.091955185
-0.252127318,8.091618538
-0.252353488,8.093174934
-0.252547978,8.089709282
-0.252733378,8.089774132
-0.252969382,8.090157509
-0.253173946,8.09243679
-0.25335112,8.092871666
-0.253580032,8.091327667
-0.253774313,8.091381073
-0.253998606,8.091959953
-0.254197149,8.090695381
-0.254394023,8.090285301
-0.254606871,8.091119766
-0.254791169,8.090921402
-0.254992662,8.091626167
-0.255199252,8.094158173
-0.255408673,8.093598366
-0.255593656,8.09042263
-0.255776404,8.089574814
-0.255980371,8.091352463
-0.256193457,8.091672897
-0.256398944,8.092374802
-0.256626813,8.092616081
-0.256822197,8.092287064
-0.257020472,8.092967033
-0.257232515,8.089086533
-0.257467626,8.092293739
-0.257636128,8.091698647
-0.257837592,8.091453552
-0.25800216,8.095291138
-0.258241026,8.095435143
-0.258460729,8.09650898
-0.258666096,8.092047691
-0.258830963,8.090328217
-0.259031056,8.088728905
-0.259252427,8.091301918
-0.259447126,8.092502594
-0.259655802,8.093417168
-0.259851871,8.092787743
-0.260045229,8.091520309
-0.260280905,8.093429565
-0.260443715,8.091452599
-0.260643272,8.091016769
-0.260867862,8.091247559
-0.261048941,8.093514442
-0.261280416,8.09327507
-0.261463342,8.097453117
-0.261676578,8.094457626
-0.261889545,8.094836235
-0.262094168,8.093617439
-0.26231697,8.092118263
-0.262487767,8.094462395
-0.262749611,8.094497681
-0.262915788,8.091186523
-0.263131408,8.093067169
-0.263303606,8.092345238
-0.263488112,8.094404221
-0.263734518,8.094511032
-0.263897656,8.093648911
-0.264132677,8.096353531
-0.264301149,8.093280792
-0.264506755,8.093096733
-0.264688818,8.091813087
-0.264922885,8.092947006
-0.265150843,8.096498489
-0.2653549,8.095620155
-0.265534042,8.095609665
-0.265749244,8.092820168
-0.265966056,8.095663071
-0.266200421,8.096328735
-0.266351996,8.092838287
-0.266569553,8.09556675
-0.266760556,8.095898628
-0.266959606,8.097740173
-0.267181186,8.095057487
-0.267376361,8.092114449
-0.267568944,8.094873428
-0.267791716,8.093629837
-0.26797506,8.095814705
-0.268209336,8.095335007
-0.268384306,8.097081184
-0.268612562,8.100419998
-0.26879674,8.097195625
-0.269014983,8.094856262
-0.269239632,8.09371376
-0.269448547,8.095517159
-0.269623486,8.095624924
-0.269809393,8.09411335
-0.270048795,8.094538689
-0.270218937,8.096992493
-0.270444183,8.093695641
-0.270663051,8.095809937
-0.270843623,8.095036507
-0.271068065,8.093381882
-0.271269677,8.097558975
-0.27146983,8.098158836
-0.271678714,8.095341682
-0.271881698,8.096012115
-0.272115735,8.097324371
-0.272282926,8.093914032
-0.272487043,8.094442368
-0.272714732,8.097494125
-0.272910325,8.094457626
-0.273138283,8.095639229
-0.27335131,8.095137596
-0.273510603,8.094648361
-0.273710726,8.095256805
-0.273899315,8.09581089
-0.274131594,8.096651077
-0.274320094,8.096581459
-0.274497328,8.09763813
-0.274736254,8.099799156
-0.274932025,8.098611832
-0.275114385,8.096993446
-0.275320737,8.095094681
-0.275492368,8.096675873
-0.27571228,8.094446182
-0.275906263,8.096772194
-0.276124595,8.094885826
-0.276284782,8.096048355
-0.276507137,8.097774506
-0.276737658,8.097996712
-0.276907919,8.097903252
-0.277109949,8.098067284
-0.277297763,8.097102165
-0.277507303,8.097647667
-0.277682034,8.095896721
-0.277865855,8.094236374
-0.278099088,8.094673157
-0.278286366,8.096878052
-0.278472809,8.098044395
-0.278714297,8.099662781
-0.278926281,8.102283478
-0.27912703,8.099322319
-0.279327599,8.096601486
-0.279511569,8.096025467
-0.27971345,8.093365669
-0.27993807,8.092783928
-0.280143736,8.09727478
-0.280325709,8.099333763
-0.28055623,8.097819328
-0.280736206,8.100497246
-0.280984191,8.098585129
-0.281160651,8.098002434
-0.281355379,8.097846031
-0.281573204,8.098166466
-0.28177282,8.100337982
-0.281950681,8.097094536
-0.282149164,8.098215103
-0.282374797,8.100663185
-0.282521037,8.096264839
-0.282730876,8.098608971
-0.282961069,8.100200653
-0.283144383,8.101046562
-0.283331929,8.100568771
-0.283567725,8.09969902
-0.283759533,8.095968246
-0.283943323,8.095205307
-0.284176199,8.096230507
-0.284390299,8.098258972
-0.284606783,8.098578453
-0.284763632,8.100531578
-0.285009829,8.101222992
-0.285201518,8.098527908
-0.285396574,8.09664917
-0.285585253,8.097088814
-0.285765378,8.099697113
-0.285976229,8.100459099
-0.286190329,8.102026939
-0.286378292,8.100755692
-0.286598114,8.101272583
-0.286790399,8.098740578
-0.287010877,8.096934319
-0.287225274,8.099814415
-0.287425874,8.100453377
-0.287610171,8.0989151
-0.287815867,8.099040031
-0.28804004,8.098197937
-0.288224278,8.101218224
-0.288440166,8.097466469
-0.28862649,8.099162102
-0.288824199,8.102274895
-0.289026825,8.104190826
-0.289255885,8.099698067
-0.28945329599999997,8.100775719
-0.289653687,8.098392487
-0.289883612,8.096111298
-0.290084003,8.096008301
-0.29028642,8.097125053
-0.290436028,8.097470284
-0.290635346,8.099509239
-0.290893523,8.098871231
-0.291081606,8.101891518
-0.291271327,8.100972176
-0.291480241,8.0980196
-0.291676311,8.099098206
-0.291897623,8.098389626
-0.292096851,8.097377777
-0.292306928,8.100945473
-0.292525081,8.098139763
-0.292724667,8.100338936
-0.292913554,8.099638939
-0.293103693,8.100754738
-0.293331413,8.097008705
-0.293571083,8.09732151
-0.293782054,8.101489067
-0.293972073,8.099050522
-0.294170229,8.100610733
-0.294357745,8.097203255
-0.294549523,8.098921776
-0.294771252,8.098776817
-0.294977276,8.098733902
-0.295167742,8.09798336
-0.295382826,8.096938133
-0.295575617,8.097129822
-0.295779286,8.095869064
-0.295996843,8.098847389
-0.296224592,8.098161697
-0.296385108,8.102035522
-0.296613364,8.099267006
-0.29682645,8.100824356
-0.297015546,8.098482132
-0.297183273,8.096775055
-0.297424791,8.096496582
-0.297606675,8.097155571
-0.297856061,8.097559929
-0.298063396,8.097025871
-0.298235176,8.096963882
-0.298422931,8.095712662
-0.298647372,8.096775055
-0.298836408,8.097326279
-0.299058525,8.096648216
-0.299252002,8.097597122
-0.299425868,8.098763466
-0.299663005,8.098205566
-0.299909739,8.098044395
-0.300057886,8.09708786
-0.300280152,8.098720551
-0.300497679,8.097754478
-0.300698666,8.098184586
-0.300907431,8.09646225
-0.301089315,8.097143173
-0.301316617,8.100024223
-0.301516501,8.100666046
-0.301716296,8.097660065
-0.301912008,8.097677231
-0.302121429,8.098862648
-0.302337376,8.097880363
-0.302585213,8.100197792
-0.302748768,8.100269318
-0.302952556,8.096762657
-0.303151993,8.099349022
-0.303354112,8.097306252
-0.303581802,8.098349571
-0.303780971,8.095357895
-0.303951262,8.097665787
-0.30417612,8.099224091
-0.304418324,8.097798347
-0.304621307,8.098424911
-0.304812042,8.09718132
-0.305021642,8.098543167
-0.3052074,8.097489357
-0.305389134,8.097833633
-0.305594681,8.099005699
-0.305818943,8.097322464
-0.306013612,8.097296715
-0.30623859,8.097900391
-0.306438742,8.095472336
-0.306591569,8.095049858
-0.306831209,8.096286774
-0.307061074,8.097988129
-0.307235627,8.097846031
-0.30742815,8.095433235
-0.307639537,8.096305847
-0.307852028,8.097253799
-0.308012692,8.098227501
-0.308255551,8.098852158
-0.308423666,8.099480629
-0.308682052,8.09926033
-0.308872132,8.096082687
-0.309083847,8.097401619
-0.309315411,8.097215652
-0.309506057,8.093052864
-0.30968329099999997,8.095265388
-0.30988255,8.09688282
-0.310085354,8.097849846
-0.310303686,8.093974113
-0.310479341,8.097925186
-0.310718594,8.095902443
-0.310902862,8.096828461
-0.311125366,8.096484184
-0.311304746,8.097962379
-0.311534522,8.094461441
-0.311747907,8.095517159
-0.311929999,8.094045639
-0.312136022,8.09157753
-0.31233239,8.094153404
-0.312551735,8.093178749
-0.31275755,8.096698761
-0.312976478,8.095565796
-0.31314068899999997,8.096837044
-0.313368706,8.097068787
-0.313590763,8.094297409
-0.31375408,8.096686363
-0.313994644,8.095751762
-0.314198999,8.097277641
-0.31439933,8.097399712
-0.314601896,8.094828606
-0.314804999,8.094534874
-0.315022646,8.094691277
-0.315225778,8.093694687
-0.315393446,8.093045235
-0.315631656,8.096346855
-0.315847037,8.096036911
-0.3160336,8.095665932
-0.316211639,8.096650124
-0.316440968,8.09540081
-0.31662607,8.09481144
-0.316806791,8.094928741
-0.31703615,8.098299026
-0.317274271,8.096727371
-0.317453263,8.095578194
-0.317658244,8.095811844
-0.31784871,8.095685005
-0.318065314,8.093809128
-0.31828001,8.094479561
-0.318463264,8.09600544
-0.318672387,8.097437859
-0.318877963,8.097147942
-0.319095103,8.093974113
-0.319311736,8.096489906
-0.319508402,8.092802048
-0.319739787,8.093439102
-0.31994882,8.094076157
-0.320146916,8.09377861
-0.320369719,8.093851089
-0.320563523,8.094983101
-0.320756821,8.091070175
-0.320944427,8.093050957
-0.32117456,8.093499184
-0.32139012,8.09662056
-0.321580021,8.093310356
-0.321766732,8.095005035
-0.32198727,8.093208313
-0.322221844,8.091899872
-0.32237616,8.090872765
-0.3226279,8.091630936
-0.32278016,8.092118263
-0.32301694,8.095615387
-0.323240457,8.095407486
-0.323412834,8.093681335
-0.323623089,8.092769623
-0.323838798,8.093137741
-0.324073998,8.090168953
-0.324247358,8.092376709
-0.324461965,8.092017174
-0.324676601,8.092806816
-0.324876068,8.09241581
-0.325089393,8.09250927
-0.325286923,8.094288826
-0.325497476,8.094431877
-0.325692473,8.093314171
-0.325927822,8.092598915
-0.326095669,8.092632294
-0.326350359,8.093577385
-0.32653424,8.09207058
-0.326725094,8.089918137
-0.326936422,8.092134476
-0.327135531,8.091511726
-0.327349393,8.092053413
-0.327548711,8.092672348
-0.327750919,8.094226837
-0.327969102,8.094221115
-0.328158466,8.09266758
-0.328369705,8.091072083
-0.328575967,8.092124939
-0.328828959,8.091570854
-0.329006074,8.089995384
-0.329200415,8.09104538
-0.329407988,8.093742371
-0.329637704,8.093590736
-0.329836575,8.091493607
-0.33005151,8.092162132
-0.330257146,8.09057045
-0.330451457,8.090256691
-0.330671815,8.090594292
-0.330872027,8.090463638
-0.3310796,8.091022491
-0.331239937,8.090576172
-0.331496475,8.091276169
-0.331699101,8.088528633
-0.331910132,8.0922575
-0.332126526,8.090503693
-0.332319168,8.090337753
-0.33253002,8.089849472
-0.332705705,8.090085983
-0.332939802,8.09134388
-0.333141265,8.091546059
-0.333333252,8.091769218
-0.333549885,8.09294796
-0.333752273,8.089069366
-0.333979694,8.090180397
-0.334147511,8.087505341
-0.334344802,8.091046333
-0.33455175,8.090625763
-0.334771959,8.09036541
-0.33497515099999997,8.091752052
-0.33518639,8.092698097
-0.33537793,8.089485168
-0.335647343,8.090254784
-0.33581662,8.089787483
-0.336017637,8.088851929
-0.336226372,8.089330673
-0.336457638,8.090596199
-0.336681245,8.090378761
-0.336857943,8.092880249
-0.33706658899999997,8.08730793
-0.337272314,8.088615417
-0.337504624,8.08716774
-0.337712823,8.090548515
-0.337903468,8.090209961
-0.338121204,8.089576721
-0.338329522,8.087733269
-0.338549731,8.08937645
-0.338776318,8.089576721
-0.338977126,8.086558342
-0.339164672,8.087308884
-0.339347838,8.089735985
-0.339585183,8.088332176
-0.339772252,8.08779335
-0.339994518,8.087796211
-0.34019029,8.086983681
-0.340394167,8.084300995
-0.340606479,8.085173607
-0.340842186,8.086727142
-0.341011403,8.089189529
-0.341226457,8.085804939
-0.341431586,8.086580276
-0.341621516,8.089364052
-0.341849057,8.085717201
-0.342056481,8.084676743
-0.342252521,8.085758209
-0.342454551,8.08612442
-0.34268155499999997,8.088360786
-0.342859922,8.084979057
-0.343060462,8.086610794
-0.343303589,8.086201668
-0.343477277,8.085401535
-0.343679546,8.083625793
-0.343877463,8.087121964
-0.34407085,8.085595131
-0.34428489,8.08687973
-0.344489513,8.089818001
-0.344706772,8.085823059
-0.34490162,8.08149147
-0.345109401,8.084170341
-0.345320312,8.083061218
-0.345514951,8.085986137
-0.345738201,8.086734772
-0.345934955,8.086454391
-0.34611219,8.082820892
-0.346358744,8.085579872
-0.346603809,8.082404137
-0.346795736,8.085859299
-0.346972941,8.085045815
-0.3472113,8.083672523
-0.347374884,8.085835457
-0.347608356,8.084774017
-0.347798882,8.08292675
-0.348001508,8.083849907
-0.348211823,8.082794189
-0.348415105,8.082839012
-0.348621247,8.085682869
-0.34883651,8.087210655
-0.349080918,8.085484505
-0.349288045,8.083613396
-0.349464981,8.083155632
-0.349691657,8.080899239
-0.349880813,8.0820961
-0.350070743,8.086078644
-0.350326566,8.083212852
-0.350484638,8.082829475
-0.35069891599999997,8.081636429
-0.350925533,8.079965591
-0.351101903,8.081489563
-0.351317583,8.081855774
-0.351526467,8.081159592
-0.351706354,8.082100868
-0.351909069,8.080629349
-0.352152346,8.080964088
-0.35232201,8.082927704
-0.352542875,8.081373215
-0.352741746,8.082596779
-0.352940796,8.08038044
-0.353173165,8.079236031
-0.353398589,8.083016396
-0.353578894,8.082810402
-0.353785811,8.079504013
-0.354010491,8.078094482
-0.354207544,8.078846931
-0.35442066,8.077860832
-0.354586719,8.078353882
-0.35483074,8.079983711
-0.355014471,8.080862045
-0.355219452,8.082208633
-0.355483143,8.080683708
-0.355674891,8.080299377
-0.355905203,8.07938385
-0.35608053,8.079004288
-0.356289147,8.079981804
-0.356518565,8.080015182
-0.356722711,8.079342842
-0.356941072,8.07836628
-0.357143609,8.077195168
-0.357351152,8.078414917
-0.357577769,8.077858925
-0.357768623,8.079145432
-0.357966511,8.080327988
-0.358135818,8.078419685
-0.358397631,8.077606201
-0.358612804,8.07714653
-0.358795075,8.076824188
-0.35898119,8.076904297
-0.359170077,8.077737808
-0.35938531,8.079895973
-0.359608708,8.079158783
-0.359807072,8.076763153
-0.36001843,8.076389313
-0.360240726,8.076075554
-0.360451458,8.077022552
-0.360642223,8.079250336
-0.360858021,8.076158524
-0.361052154,8.078805923
-0.361283062,8.081170082
-0.361451743,8.078783989
-0.361661671,8.078525543
-0.361892013,8.074641228
-0.362112014,8.07585907
-0.362281887,8.074066162
-0.362477867,8.07483387
-0.362701355,8.073843002
-0.362944065,8.075444221
-0.363116412,8.075900078
-0.363351313,8.074601173
-0.363555847,8.075537682
-0.363763897,8.076515198
-0.363982497,8.075933456
-0.364190487,8.072252274
-0.364387749,8.073853493
-0.364589064,8.074279785
-0.364793329,8.075221062
-0.364988504,8.071878433
-0.365208177,8.073698044
-0.365415959,8.075496674
-0.365624396,8.074544907
-0.365826098,8.074480057
-0.366022257,8.071240425
-0.366230814,8.071907997
-0.366441337,8.071844101
-0.366635559,8.071632385
-0.366873501,8.074495316
-0.367067842,8.07373333
-0.367276488,8.072576523
-0.367503373,8.073526382
-0.367672918,8.07103157
-0.367881415,8.07185173
-0.368070154,8.070683479
-0.368277965,8.07292366
-0.368519573,8.073569298
-0.368786899,8.071806908
-0.368954865,8.070532799
-0.369160203,8.069149971
-0.369324861,8.069684029
-0.369559435,8.071478844
-0.369744001,8.071584702
-0.369988499,8.073138237
-0.370189963,8.071681023
-0.370379953,8.071106911
-0.370593308,8.067975044
-0.370799242,8.06897831
-0.370997427,8.069529533
-0.371211378,8.073320389
-0.371441988,8.0715065
-0.371665714,8.071310997
-0.371864049,8.07051754
-0.372099368,8.07060051
-0.372289954,8.068314552
-0.372474609,8.066729546
-0.372683464,8.067307472
-0.372902779,8.068263054
-0.373131482,8.071633339
-0.37333524,8.069739342
-0.373532323,8.070020676
-0.373722224,8.06523037
-0.373938469,8.068443298
-0.374152748,8.065937996
-0.374342708,8.067240715
-0.374548851,8.06808567
-0.37478190499999997,8.067412376
-0.374983875,8.067584991
-0.375195293,8.069462776
-0.375377206,8.066984177
-0.375598757,8.067382813
-0.375797151,8.068299294
-0.376029013,8.068840981
-0.376253812,8.068210602
-0.376440553,8.063755035
-0.376678227,8.065662384
-0.376847474,8.062998772
-0.37707319699999997,8.063694
-0.377272336,8.067101479
-0.377465455,8.067145348
-0.3776938,8.068201065
-0.377906619,8.066027641
-0.378090827,8.063802719
-0.378317831,8.06465435
-0.378532557,8.065434456
-0.378727255,8.064705849
-0.378952352,8.066302299
-0.379130123,8.068079948
-0.379363297,8.063171387
-0.379552869,8.064752579
-0.379770367,8.065175056
-0.37995526,8.064844131
-0.380168764,8.065769196
-0.380409418,8.062144279
-0.380600868,8.062716484
-0.380811242,8.063521385
-0.381011216,8.061371803
-0.381230591,8.059540749
-0.381436376,8.059915543
-0.381608842,8.061214447
-0.381820289,8.063736916
-0.382030187,8.064285278
-0.382269977,8.06046772
-0.382462649,8.05927372
-0.382677464,8.061968803
-0.382875798,8.06269455
-0.383065609,8.062247276
-0.3832736,8.06188488
-0.383506266,8.064080238
-0.38370329,8.058895111
-0.383942483,8.057356834
-0.384103326,8.056711197
-0.384317784,8.060316086
-0.384564398,8.059454918
-0.384739099,8.061923981
-0.384990213,8.061510086
-0.385193972,8.060896873
-0.385399131,8.059901237
-0.385626106,8.057338715
-0.385801582,8.056867599
-0.386015324,8.057404518
-0.386204658,8.057642937
-0.386392562,8.059159279
-0.386634467,8.060970306
-0.38683301,8.06060791
-0.387056379,8.059505463
-0.387241362,8.055473328
-0.387441753,8.05496788
-0.387676684,8.057522774
-0.387868522,8.058478355
-0.388110219,8.05580616
-0.388288824,8.057105064
-0.388520775,8.05848217
-0.388713507,8.055374146
-0.388908623,8.056466103
-0.389125465,8.055643082
-0.38932362,8.055481911
-0.389525024,8.056150436
-0.389747648,8.056283951
-0.389938591,8.053347588
-0.390162883,8.05399704
-0.390359758,8.05361557
-0.39059826599999997,8.054692268
-0.390796928,8.054545403
-0.391015379,8.056325912
-0.39122781,8.05693531
-0.39143735,8.05735302
-0.391638814,8.054291725
-0.3918398,8.054068565
-0.392066805,8.051817894
-0.392252056,8.052308083
-0.392450629,8.053510666
-0.392685233,8.051195145
-0.392881839,8.052759171
-0.393096505,8.05208683
-0.393314241,8.05183506
-0.393487094,8.049649239
-0.393691717,8.053681374
-0.39390382,8.055375099
-0.394138096,8.055703163
-0.394318489,8.05194664
-0.394536374,8.051941872
-0.394752232,8.049757957
-0.394996731,8.050859451
-0.395164369,8.051726341
-0.395380614,8.050363541
-0.39558783,8.051981926
-0.395805864,8.05106926
-0.395998446,8.049043655
-0.396223931,8.051124573
-0.396449713,8.050814629
-0.396604566,8.046506882
-0.39685267,8.050348282
-0.39703658,8.050438881
-0.397274582,8.051558495
-0.397493957,8.050808907
-0.397667019,8.04828167
-0.397889463,8.047426224
-0.398058025,8.048670769
-0.398295103,8.049564362
-0.398550568,8.049752235
-0.398721604,8.051919937
-0.398927717,8.050665855
-0.399155824,8.049637794
-0.399367718,8.048547745
-0.399545668,8.047579765
-0.399770109,8.045219421
-0.399971305,8.046179771
-0.400205998,8.048743248
-0.400370566,8.048387527
-0.40059608,8.047420502
-0.400806306,8.04485321
-0.401051341,8.044236183
-0.401236801,8.044295311
-0.401459573,8.047083855
-0.401697604,8.046408653
-0.401886908,8.046424866
-0.40207356,8.043990135
-0.402289389,8.045568466
-0.402481971,8.044114113
-0.40268564,8.043318748
-0.402867405,8.045255661
-0.403101532,8.042284012
-0.40333697,8.044641495
-0.403525977,8.046909332
-0.403728752,8.042909622
-0.403946875,8.042524338
-0.404149441,8.042915344
-0.404372243,8.043637276
-0.404565869,8.04719162
-0.404797016,8.043768883
-0.405020682,8.04437542
-0.405221699,8.042352676
-0.405404268,8.04054451
-0.40561044,8.040447235
-0.405821143,8.042769432
-0.406044183,8.042150497
-0.406249015,8.044968605
-0.406458555,8.04150486
-0.406653611,8.040542603
-0.406890659,8.040760994
-0.407104431,8.039845467
-0.407278685,8.040696144
-0.407525955,8.040753365
-0.407738892,8.040201187
-0.407977281,8.04057312
-0.408181576,8.038722038
-0.408368258,8.035898209
-0.408592729,8.038506508
-0.408760605,8.041784286
-0.408982722,8.039242744
-0.409210263,8.038966179
-0.4094007,8.039700508
-0.409614889,8.035881042
-0.409837572,8.036204338
-0.410052089,8.036678314
-0.410273818,8.037227631
-0.41047716,8.038765907
-0.410704611,8.037861824
-0.410909263,8.04061985
-0.411112247,8.037647247
-0.411344497,8.035161018
-0.411536126,8.036118507
-0.411690561,8.035354614
-0.411942957,8.035826683
-0.412116973,8.035996437
-0.412370978,8.033942223
-0.412555246,8.033701897
-0.412759004,8.031205177
-0.412954388,8.034113884
-0.413171141,8.034769058
-0.413369535,8.033830643
-0.413583336,8.035495758
-0.41376024299999997,8.035593033
-0.414017377,8.035372734
-0.414198754,8.031461716
-0.414430706,8.033436775
-0.414605407,8.031977654
-0.414838223,8.034368515
-0.415047674,8.033137321
-0.415287612,8.033964157
-0.415472208,8.032239914
-0.415695338,8.035019875
-0.415866641,8.032599449
-0.416134385,8.031909943
-0.416318266,8.033208847
-0.416532992,8.03177166
-0.416748254,8.032880783
-0.416932253,8.030524254
-0.417115418,8.029816628
-0.417354761,8.029761314
-0.417559801,8.030560493
-0.417808203,8.032400131
-0.418008743,8.031069756
-0.418206213,8.028429985
-0.418426154,8.029735565
-0.418621777,8.029593468
-0.41883081,8.027007103
-0.419073401,8.028949738
-0.419259695,8.028526306
-0.41952016799999997,8.031047821
-0.419707714,8.029150009
-0.419930873,8.027805328
-0.42012587,8.02637291
-0.420314578,8.029784203
-0.420539765,8.02981472
-0.420759825,8.029550552
-0.420937298,8.029376984
-0.421189962,8.027030945
-0.421393393,8.026861191
-0.421603529,8.024755478
-0.42180088,8.026229858
-0.422003208,8.028837204
-0.422212509,8.027196884
-0.422439991,8.025012016
-0.422690688,8.02573967
-0.422853945,8.026148796
-0.423078267,8.025073051
-0.423295079,8.021951675
-0.423520712,8.026144981
-0.423713742,8.023857117
-0.423940985,8.02180481
-0.424159376,8.024053574
-0.424329637,8.023522377
-0.424553869,8.02183342
-0.424740909,8.025483131
-0.425015865,8.024298668
-0.425224004,8.022687912
-0.425409822,8.021489143
-0.425656078,8.023568153
-0.425870596,8.025425911
-0.426059542,8.018166542
-0.426294116,8.020095825
-0.42645784999999997,8.024312973
-0.426684259,8.020693779
-0.426912842,8.02593708
-0.427103428,8.021514893
-0.427337317,8.021769524
-0.427550791,8.019501686
-0.427760659,8.022323608
-0.427970586,8.021150589
-0.42819312,8.022116661
-0.428422717,8.020421982
-0.428623973,8.018452644
-0.428831993,8.018439293
-0.429036824,8.019843102
-0.429229287,8.020353317
-0.42945802,8.020619392
-0.429687826,8.020723343
-0.429881005,8.019365311
-0.430111019,8.017500877
-0.430311857,8.01647377
-0.430518864,8.014338493
-0.430709986,8.018681526
-0.430933265,8.020058632
-0.431116967,8.020230293
-0.431365488,8.020030975
-0.431546776,8.019138336
-0.431768803,8.02030468
-0.431990473,8.018777847
-0.43221399,8.018802643
-0.432402251,8.022229195
-0.432637719,8.015884399
-0.432840405,8.014651299
-0.43303152699999997,8.012456894
-0.43323007,8.015026093
-0.433435438,8.016238213
-0.433680562,8.015106201
-0.433902977,8.013257027
-0.434097765,8.015300751
-0.434345005,8.015377998
-0.434526978,8.013440132
-0.434758214,8.014064789
-0.434972731,8.016939163
-0.435184745,8.014627457
-0.435400097,8.014443398
-0.435589342,8.013053894
-0.43578812299999997,8.012880325
-0.436035125,8.0125103
-0.436269073,8.010874748
-0.43645211899999997,8.012519836
-0.436653493,8.014532089
-0.436890779,8.012314796
-0.437119721,8.01270771
-0.437322108,8.012105942
-0.43754801,8.011829376
-0.437765358,8.009140015
-0.43795198,8.010966301
-0.438191859,8.007974625
-0.43839368,8.012528419
-0.438600121,8.008485794
-0.43882197,8.005620003
-0.439037083,8.007018089
-0.43924862,8.01103878
-0.439441441,8.008184433
-0.439659176,8.009507179
-0.439902095,8.012290001
-0.440118698,8.009173393
-0.440317093,8.007106781
-0.440527109,8.007548332
-0.440738587,8.006514549
-0.440950571,8.009945869
-0.441179035,8.007759094
-0.441428391,8.007102966
-0.441626756,8.006367683
-0.441798715,8.007498741
-0.442000328,8.006512642
-0.442238478,8.004788399
-0.442422984,8.003165245
-0.442613898,8.006883621
-0.442865459,8.008431435
-0.44304627,8.006058693
-0.443259833,8.003721237
-0.443473605,8.003288269
-0.443665026,8.003198624
-0.443915693,8.004444122
-0.444104282,8.004179001
-0.444329111,8.003949165
-0.444533316,8.005828857
-0.444729714,8.002278328
-0.444977669,8.001300812
-0.445168404,8.003458023
-0.44538843499999997,8.002990723
-0.445610819,8.002552986
-0.445804862,8.003019333
-0.446021853,8.003347397
-0.446255503,8.005599976
-0.4464384,8.002437592
-0.446635572,7.999410152
-0.44686001399999997,8.000050545
-0.447062103,8.000982285
-0.447255937,8.001307487
-0.447481541,8.002253532
-0.447662441,8.003665924
-0.447915463,8.00195694
-0.448111771,8.000134468
-0.448322741,8.000764847
-0.448523996,7.998836994
-0.448722838,7.998009682
-0.44897127,7.998215199
-0.449169992,7.998722553
-0.449392198,7.999123573
-0.449596314,7.998402119
-0.449802546,7.99617672
-0.450043587,7.996993065
-0.450247554,7.998683929
-0.450440643,7.99950552
-0.450669764,7.997994423
-0.450901566,7.999548435
-0.451099692,7.995865822
-0.451328008,7.997198582
-0.45154023,7.996266842
-0.451752124,7.995366096
-0.451962648,7.995822906
-0.452157615,7.996636391
-0.452390729,7.995728016
-0.45261219,7.993682384
-0.452843336,7.994532585
-0.453026025,7.995363235
-0.453250555,7.994143009
-0.453459619,7.994819641
-0.453695832,7.996695995
-0.453900514,7.993963718
-0.454108773,7.992991924
-0.454341708,7.993004322
-0.454557119,7.990653038
-0.454734026,7.990281582
-0.454979835,7.992545128
-0.455171196,7.995480061
-0.45536199,7.993021488
-0.455594687,7.990908146
-0.455792068,7.989019394
-0.45599669,7.989431381
-0.456235377,7.988186359
-0.456426529,7.989046097
-0.456649182,7.992188454
-0.456881819,7.991292953
-0.457130073,7.990105629
-0.457299827,7.98614645
-0.457548617,7.987340927
-0.457746653,7.984309673
-0.457942275,7.986255646
-0.458181499,7.990668774
-0.458407341,7.988092422
-0.458599089,7.985854149
-0.458817629,7.988125801
-0.459028808,7.984674454
-0.459223745,7.983501911
-0.459418742,7.983287334
-0.459667055,7.983150959
-0.459863393,7.987345695
-0.460070698,7.98298645
-0.460294006,7.985898495
-0.460461376,7.987514973
-0.460703699,7.983434677
-0.460900215,7.985464573
-0.46116936,7.985234261
-0.461338637,7.983904839
-0.461571572,7.985432625
-0.461781291,7.984871387
-0.462029425,7.985537052
-0.462213425,7.980826855
-0.462440012,7.983081341
-0.462655364,7.982935429
-0.462829677,7.981770039
-0.463074295,7.982401371
-0.463305948,7.980135918
-0.463475226,7.979143143
-0.463721303,7.980689526
-0.463922052,7.981342316
-0.46414244,7.981596947
-0.464361219,7.979841232
-0.464553712,7.980435371
-0.464778362,7.981525421
-0.465000955,7.982112408
-0.46517327199999997,7.979209423
-0.46540889,7.977479458
-0.46563652,7.976744652
-0.465816287,7.976728916
-0.466010777,7.977215767
-0.466224609,7.976257801
-0.46643406,7.979236126
-0.466668813,7.978465557
-0.46688327,7.976546288
-0.467107175,7.978631973
-0.467314689,7.976748943
-0.467520921,7.975529671
-0.467741637,7.975776196
-0.467935948,7.971892357
-0.468141763,7.978191853
-0.468360839,7.972236156
-0.468590347,7.971875191
-0.468796609,7.972388744
-0.469011216,7.974642277
-0.469214378,7.973937511
-0.469445614,7.975244522
-0.469647436,7.972932339
-0.469885824,7.973096371
-0.470081149,7.971391678
-0.470269738,7.97328043
-0.47052866,7.969847679
-0.47068998,7.970829964
-0.470927028,7.971822262
-0.471110551,7.971842766
-0.471317021,7.970131397
-0.471544711,7.97183609
-0.471772818,7.969665527
-0.471964208,7.971286297
-0.472175209,7.972916126
-0.472367017,7.970734596
-0.472572086,7.970011234
-0.472846923,7.969452858
-0.473040549,7.96984148
-0.473285018,7.96776104
-0.473450033,7.967967033
-0.473665325,7.967728615
-0.473898677,7.96919775
-0.474102406,7.968192101
-0.474309234,7.967381954
-0.474508671,7.964586735
-0.474736331,7.967055798
-0.474971024,7.967474461
-0.47518122,7.968793869
-0.475402234,7.967894554
-0.475604175,7.965893745
-0.475827901,7.966628075
-0.476025371,7.964644432
-0.476260809,7.963061333
-0.476463346,7.962578773
-0.476666568,7.965270996
-0.476870773,7.96587038
-0.477114854,7.965102196
-0.477314977,7.96356678
-0.477527468,7.966013432
-0.477721421,7.965226173
-0.477967022,7.960819721
-0.478144793,7.961807728
-0.478359757,7.959937096
-0.478578297,7.965397358
-0.478788016,7.963535786
-0.4789789,7.960292339
-0.479200212,7.962150574
-0.479391573,7.959097385
-0.479625849,7.956990242
-0.479843644,7.958184719
-0.480033783,7.959486485
-0.480249343,7.963479996
-0.480446784,7.961438179
-0.480706004,7.957166195
-0.480880825,7.959373951
-0.481126307,7.960464001
-0.481307296,7.960437775
-0.481542675,7.959384918
-0.481766073,7.958795547
-0.481965004,7.957049847
-0.482188104,7.957346916
-0.482413737,7.955536842
-0.482625125,7.956852436
-0.482862918,7.959853649
-0.483043699,7.957783699
-0.483267633,7.955501556
-0.483496962,7.955136299
-0.483705489,7.955174923
-0.483920483,7.95519352
-0.484140543,7.953999519
-0.48435369,7.952778339
-0.484535722,7.953260422
-0.48474711,7.954863548
-0.484961717,7.953938961
-0.485152898,7.953565121
-0.485406784,7.956548691
-0.485632597,7.953884602
-0.48584923,7.950716019
-0.486027775,7.951865196
-0.486253498,7.951039791
-0.486432044,7.952920437
-0.486674337,7.953595161
-0.486867694,7.951015949
-0.487105994,7.949419498
-0.487260548,7.948458672
-0.487496881,7.952747345
-0.487702875,7.950189114
-0.487916825,7.95197773
-0.48813745199999997,7.951833725
-0.488309352,7.949728966
-0.488532452,7.949157238
-0.488709865,7.949114323
-0.48889312,7.94744873
-0.488972543,7.950137138
-0.488924859,7.95026207
-0.488739191,7.947854042
-0.488356171,7.946431637
-0.488596795,7.947937965
-0.488843022,7.943739414
-0.489071785,7.943384171
-0.489274917,7.947647572
-0.489524899,7.945319653
-0.48974966799999997,7.944544315
-0.489974348,7.946195126
-0.490182666,7.94470644
-0.490396796,7.945337296
-0.490626125,7.941466808
-0.490834443,7.942841053
-0.491073994,7.945477486
-0.49123406199999997,7.941047668
-0.491465656,7.943013191
-0.491687177,7.943018436
-0.491873054,7.943604946
-0.492079554,7.941956997
-0.492275177,7.94106102
-0.49249923,7.942345142
-0.49269831,7.942671776
-0.492895125,7.940590382
-0.493133722,7.942034245
-0.493352531,7.937973976
-0.493531553,7.936911583
-0.493758677,7.938609123
-0.493962316,7.937864304
-0.494211702,7.941375256
-0.49439436,7.938304424
-0.494607089,7.9375453
-0.494838594,7.93775034
-0.495048164,7.937354565
-0.495282767,7.936986923
-0.495500324,7.936483383
-0.495713739,7.936319828
-0.495924352,7.938011169
-0.496124057,7.937153339
-0.496358721,7.937827587
-0.496532766,7.935207367
-0.496747283,7.93556118
-0.496971993,7.934959412
-0.497202067,7.933432579
-0.497413097,7.933579445
-0.497639028,7.934642792
-0.497877089,7.936307907
-0.498056917,7.932813644
-0.49830663,7.930966854
-0.498477547,7.931571484
-0.498699216,7.932932377
-0.498920826,7.93189621
-0.499149529,7.934470654
-0.499392329,7.934817314
-0.499584882,7.931043625
-0.499807535,7.930296898
-0.499993084,7.92907238
-0.500192104,7.932848454
-0.500429688,7.932209015
-0.500650523,7.931475163
-0.500868378,7.929709435
-0.501081167,7.929883957
-0.501318334,7.931701183
-0.50154656,7.927384853
-0.50174558,7.926516056
-0.50192952,7.926898956
-0.502138851,7.925439358
-0.502366243,7.929412365
-0.502593277,7.924777508
-0.502822278,7.92540884
-0.503035126,7.924561977
-0.503245888,7.925270081
-0.503442286,7.92612505
-0.503682969,7.926979065
-0.503902732,7.926332951
-0.504167615,7.925374031
-0.504355667,7.925151348
-0.504557727,7.925418854
-0.50476074,7.924378872
-0.504996596,7.924016476
-0.50523716,7.92317915
-0.505464016,7.923810482
-0.505665122,7.925201893
-0.505878387,7.922846794
-0.506098507,7.922420502
-0.506277023,7.924118519
-0.506507037,7.922511578
-0.506725786,7.923244953
-0.506942151,7.917909622
-0.507138191,7.920658588
-0.507397173,7.921125889
-0.507614074,7.922016144
-0.507823108,7.921620846
-0.508070288,7.918822765
-0.508227585,7.918618679
-0.508489011,7.92099905
-0.508680938,7.921912193
-0.508926628,7.920115948
-0.509133337,7.918581486
-0.509352563,7.919581413
-0.509558974,7.914823055
-0.509774325,7.914473057
-0.509985326,7.914927006
-0.510159371,7.915421486
-0.510404525,7.916978836
-0.510662733,7.916334629
-0.510844169,7.917247295
-0.511060057,7.913600922
-0.5112633089999999,7.911040306
-0.51150131,7.911663532
-0.511682151,7.913411617
-0.511907874,7.914773464
-0.512102841,7.914014816
-0.512285708,7.910877705
-0.512541829,7.912110329
-0.512745975,7.912110329
-0.512939749,7.912196159
-0.513139067,7.912229061
-0.513355134,7.913703442
-0.513588546,7.912029743
-0.513823209,7.913261414
-0.514012216,7.911559582
-0.51422113,7.909954548
-0.514428554,7.908222675
-0.514643429,7.908885002
-0.514862238,7.907096386
-0.515082238,7.907928944
-0.515302597,7.910079002
-0.515520571,7.907465935
-0.515767394,7.908317089
-0.515971599,7.908071518
-0.51617658,7.906693459
-0.516383587,7.907799721
-0.516634641,7.90613699
-0.516811548,7.908669949
-0.517053066,7.904240608
-0.517276583,7.904977798
-0.517479478,7.907148838
-0.517683504,7.901851177
-0.517906962,7.903623581
-0.518129407,7.904051304
-0.518344401,7.904776573
-0.518528281,7.903755665
-0.518750904,7.9045434
-0.518969057,7.904580593
-0.519254802,7.901539326
-0.519429861,7.904316425
-0.51964557,7.902927399
-0.519844709,7.902027607
-0.520081876,7.903075218
-0.520295559,7.900589943
-0.520487724,7.903075218
-0.520710407,7.900131226
-0.520926056,7.900011063
-0.521149812,7.899935722
-0.521357952,7.900205612
-0.521553574,7.899760246
-0.521767078,7.900811195
-0.522005675,7.900180817
-0.522208927,7.895941257
-0.522445796,7.897055149
-0.522630809,7.895495892
-0.522855816,7.897049427
-0.52307236,7.894741058
-0.523284791,7.896421909
-0.523532389,7.89800787
-0.523766218,7.898389339
-0.523965595,7.896641731
-0.524183272,7.894133091
-0.524389027,7.894311428
-0.524594246,7.893454075
-0.524783192,7.892342567
-0.525032757,7.89611721
-0.525245009,7.896643162
-0.525458453,7.897734642
-0.525691329,7.894500732
-0.525896309,7.891253948
-0.526136158,7.889979839
-0.526321111,7.89121294
-0.526550589,7.889384747
-0.5267698749999999,7.888014793
-0.526983319,7.89001894
-0.527168868,7.891766548
-0.527398286,7.888008118
-0.527589081,7.888023853
-0.527837275,7.88950634
-0.528029559,7.892348766
-0.528276322,7.889023304
-0.52849078,7.888933659
-0.528703747,7.886052608
-0.528898476,7.88912487
-0.529128073,7.885604382
-0.529339491,7.885533333
-0.529559074,7.886597633
-0.529777167,7.887293816
-0.5299965719999999,7.887485504
-0.530198155,7.887936592
-0.530453084,7.88547802
-0.530643819,7.883998394
-0.530863879,7.883211136
-0.531086681,7.884022713
-0.531272529,7.88278389
-0.531518577,7.885568142
-0.531717775,7.884839535
-0.531950949,7.88469553
-0.532172022,7.882282257
-0.53239101,7.882217884
-0.532584785,7.88062191
-0.53279352,7.881313324
-0.532977281,7.882389069
-0.533244727,7.883378983
-0.533435879,7.88319397
-0.533683537,7.881463051
-0.533879696,7.877618313
-0.534110067,7.879720688
-0.534299014,7.876525402
-0.534550784,7.880372524
-0.534758208,7.879678249
-0.534970461,7.879990578
-0.535149334,7.877623081
-0.535397289,7.876189232
-0.535593687,7.87443018
-0.535812078,7.875366688
-0.536008237,7.877820015
-0.536223708,7.876832962
-0.536424218,7.876424789
-0.53666061,7.876353264
-0.53683847,7.8747015
-0.537082909,7.87453413
-0.537258742,7.874820709
-0.5375131949999999,7.873171806
-0.537715016,7.872303486
-0.537927685,7.874382973
-0.53817123,7.876070023
-0.53835362,7.87360096
-0.538571475,7.874411583
-0.538823782,7.872900963
-0.539030789,7.87133646
-0.539224682,7.870875359
-0.539432166,7.870253563
-0.539664505,7.870675087
-0.539890466,7.871889591
-0.540122507,7.870195389
-0.5403045399999999,7.871104717
-0.540534316,7.869494438
-0.540704547,7.868301392
-0.540928839,7.873814106
-0.541167973,7.867307186
-0.541350482,7.86789608
-0.541598855,7.866954803
-0.541810034,7.865524769
-0.542035637,7.865850449
-0.54224187,7.867460251
-0.542476354,7.86768961
-0.542666314,7.8686409
-0.542845009,7.867817879
-0.543077467,7.866725445
-0.543327568,7.868085861
-0.543525098,7.864519119
-0.543733595,7.863127232
-0.543941019,7.865992069
-0.544215022,7.863665104
-0.544401584,7.86517477
-0.544630705,7.86448288
-0.544869242,7.863893032
-0.545096098,7.864043236
-0.545272885,7.862527847
-0.545521734,7.862099648
-0.545709847,7.860657692
-0.545925437,7.862484455
-0.546138404,7.864028931
-0.546354232,7.860384941
-0.546602128,7.85970974
-0.546787618,7.855515957
-0.547006546,7.854856014
-0.547243891,7.857317924
-0.547461031,7.856358051
-0.54768586,7.85872364
-0.54790741,7.856194496
-0.548084317,7.85721302
-0.548328696,7.858411789
-0.548549233,7.855516434
-0.548743663,7.856173992
-0.548973618,7.854269981
-0.549212394,7.856299877
-0.549403487,7.856383324
-0.549644766,7.855032444
-0.549835919,7.852402687
-0.550023733,7.850177765
-0.55024874,7.851205826
-0.550459562,7.855028629
-0.550665317,7.854166508
-0.550897954,7.854395866
-0.551138816,7.85347271
-0.551343618,7.85123682
-0.55153781,7.851244926
-0.551774679,7.851822853
-0.551995276,7.852032661
-0.552212475,7.850934029
-0.552411793,7.850712299
-0.552638112,7.849451065
-0.552840529,7.849870682
-0.553057967,7.850244045
-0.553282974,7.846037388
-0.553475378,7.847295284
-0.553680776,7.850623608
-0.553927062,7.848900795
-0.554142235,7.848892689
-0.554356573,7.847537041
-0.554553626,7.84796524
-0.554751692,7.846887112
-0.554981886,7.845366955
-0.555218278,7.845540047
-0.555432258,7.844751835
-0.555639861,7.843899727
-0.555837749,7.844636917
-0.556045769,7.844011307
-0.556266604,7.844528198
-0.556526838,7.84396553
-0.556690155,7.843200207
-0.556940196,7.845113754
-0.557104049,7.844874859
-0.557371019,7.845915794
-0.557599602,7.842654228
-0.557795106,7.839085102
-0.55804312,7.839244366
-0.558213769,7.841160774
-0.558454214,7.842614651
-0.558647094,7.843034267
-0.558894036,7.839683533
-0.559098659,7.839849472
-0.559304891,7.837107182
-0.559544144,7.837650776
-0.559751449,7.838118076
-0.559961019,7.838508606
-0.560222505,7.84059906
-0.560404835,7.83721447
-0.560625909,7.838286877
-0.560844718,7.837032318
-0.56105542,7.835124016
-0.561268328,7.836943626
-0.561506925,7.836669922
-0.561722992,7.83711338
-0.561934529,7.834161758
-0.562129198,7.832529545
-0.562343417,7.832704544
-0.562593637,7.834354877
-0.562794624,7.834126472
-0.562994001,7.832776546
-0.563223241,7.832138538
-0.563447474,7.834393501
-0.563668964,7.831143379
-0.563869773,7.8309412
-0.564088522,7.831184864
-0.564315436,7.829957962
-0.564540504,7.832419395
-0.564742683,7.829452515
-0.56497675,7.827799797
-0.565203009,7.829535484
-0.565411029,7.828631401
-0.565635739,7.827670097
-0.5658648,7.825993538
-0.566060958,7.829245567
-0.566318808,7.829274654
-0.566488622,7.828313351
-0.566737471,7.824803352
-0.566953896,7.827793598
-0.567181764,7.82677412
-0.567402242,7.824973583
-0.567616878,7.825162411
-0.567843793,7.826556683
-0.568029819,7.823927402
-0.568273602,7.824597836
-0.56846994,7.824343204
-0.568710921,7.822245121
-0.568932531,7.819646358
-0.569156108,7.819812775
-0.569360374,7.822873116
-0.569570063,7.823386192
-0.56984186,7.821594715
-0.570008038,7.822555065
-0.570255218,7.820744991
-0.5704509,7.819485188
-0.570692657,7.817471504
-0.570911108,7.818854809
-0.57111883,7.820430756
-0.571342407,7.820897102
-0.571545122,7.819933891
-0.571782826,7.81846571
-0.571998177,7.817088604
-0.572227715,7.816298008
-0.572439311,7.816751957
-0.572662411,7.813231945
-0.572856186,7.814673424
-0.573073385,7.81473732
-0.573297797,7.816364765
-0.573526977,7.813586235
-0.573741911,7.813923836
-0.573963283,7.810836315
-0.574181793,7.813111305
-0.574394224,7.813374519
-0.574645458,7.811285973
-0.574842809,7.8159132
-0.575043915,7.81547451
-0.575258074,7.813375473
-0.575487791,7.808493614
-0.575699924,7.809124947
-0.575927375,7.809777737
-0.576118348,7.810370445
-0.576362846,7.810514927
-0.57657337,7.809669971
-0.576769112,7.813086033
-0.577023802,7.810041904
-0.577225206,7.809185505
-0.577439604,7.808652878
-0.577643273,7.808923244
-0.577885745,7.80808115
-0.578089057,7.805763721
-0.578291176,7.807394981
-0.578529177,7.807476521
-0.578725753,7.802963734
-0.578948854,7.805953026
-0.579159556,7.805799484
-0.579374848,7.807786465
-0.579609929,7.807067394
-0.57986903,7.803058147
-0.580060003,7.80456543
-0.580275355,7.802734375
-0.580487071,7.8022542
-0.580730794,7.799357414
-0.5809118129999999,7.801383972
-0.581150709,7.804869652
-0.581369339,7.80244112
-0.581616102,7.799155712
-0.581816433,7.800481319
-0.582013248,7.800556183
-0.582258401,7.799147129
-0.582479654,7.798192024
-0.582695304,7.80020237
-0.5829106549999999,7.801604271
-0.583095847,7.797273159
-0.583362935,7.797027588
-0.583544014,7.795856476
-0.583771823,7.795787811
-0.583974956,7.797161102
-0.5842052679999999,7.796077251
-0.584388016,7.798354626
-0.584614931,7.798864841
-0.584836958,7.799492359
-0.585031746,7.796229839
-0.585271416,7.791835785
-0.585464953,7.790318966
-0.585690556,7.789139271
-0.585866449,7.790717602
-0.586126564,7.789553642
-0.586323259,7.793254375
-0.586567877,7.791840076
-0.586779652,7.794631958
-0.586952446,7.789527893
-0.587188659,7.788864136
-0.587373016,7.789012909
-0.587611137,7.791936398
-0.587842761,7.789880753
-0.58808255,7.789636135
-0.588289438,7.786358833
-0.588479875,7.787824154
-0.588711796,7.787857056
-0.588956831,7.786820889
-0.589158712,7.786902905
-0.589390216,7.786031246
-0.589628635,7.788312912
-0.589825688,7.785512447
-0.590062199,7.784130573
-0.590284048,7.78172636
-0.590479491,7.780947208
-0.590695737,7.781814575
-0.59093052,7.785318851
-0.591143904,7.785076141
-0.591383038,7.782520771
-0.5915848,7.782090664
-0.591795502,7.783206463
-0.592041908,7.782105446
-0.592245458,7.782144547
-0.592483042,7.784170628
-0.59268081,7.780842304
-0.592903553,7.780700207
-0.593139825,7.780194283
-0.593367396,7.776805878
-0.593562542,7.777472496
-0.59377843,7.780059338
-0.59398788,7.780478477
-0.594221411,7.780632973
-0.594419776,7.780163765
-0.594659327,7.778568745
-0.594871996,7.777666569
-0.595098255,7.774091244
-0.5953089579999999,7.776456356
-0.595501421,7.772914886
-0.59574133,7.774358749
-0.595957695,7.778276443
-0.596180974,7.774928093
-0.59642422,7.774500847
-0.596623479,7.773594856
-0.596848784,7.771767139
-0.597037492,7.773085594
-0.59726101,7.773749352
-0.597461818,7.772640705
-0.597698687,7.774147034
-0.597917376,7.771541119
-0.598146318,7.771482944
-0.598362504,7.77168417
-0.598580418,7.769837856
-0.598805068,7.76965332
-0.598992823,7.770620346
-0.599207161,7.769582748
-0.599424778,7.767452717
-0.599648951,7.768119812
-0.599894999,7.766239166
-0.60009527,7.76846981
-0.600329517,7.76641655
-0.600540457,7.768629551
-0.600757895,7.767280579
-0.601007996,7.766124725
-0.6012063009999999,7.768083572
-0.601403354,7.765795708
-0.601632653,7.765419006
-0.601857243,7.764988422
-0.602083383,7.767629147
-0.602273641,7.764873505
-0.602525411,7.761740208
-0.602711318,7.76370573
-0.60297042,7.7617383
-0.603193579,7.761496544
-0.603402017,7.761454105
-0.603616117,7.759535313
-0.603855847,7.762607574
-0.604085265,7.758702278
-0.604321776,7.758768559
-0.604537426,7.758218765
-0.604750155,7.756165981
-0.604984103,7.757792473
-0.605182288,7.756931305
-0.605398653,7.75860548
-0.605641006,7.760845184
-0.605882345,7.755463123
-0.606086193,7.757348061
-0.606295226,7.753419399
-0.606522737,7.754020691
-0.606702505,7.751843452
-0.606978534,7.754532337
-0.607165156,7.754220486
-0.607411681,7.755222321
-0.60759568,7.753111362
-0.607802866,7.753341198
-0.608040927,7.750813007
-0.608237742,7.748733044
-0.608460067,7.750312328
-0.608690618,7.7522645
-0.60886961,7.75123167
-0.609033523,7.751470566
-0.609166799,7.749171257
-0.609433053,7.747496605
-0.609648584,7.747080326
-0.609844087,7.746848583
-0.610023437,7.747730732
-0.610223232,7.749441624
-0.610394595,7.745267391
-0.610566376,7.746544838
-0.610765694,7.746486664
-0.610992847,7.746498585
-0.611227213,7.745909691
-0.6114429219999999,7.745567322
-0.611639319,7.744838715
-0.611860333,7.744535446
-0.612095533,7.744131565
-0.612277148,7.743865013
-0.612492381,7.742797852
-0.612700461,7.743369579
-0.612901805,7.745989323
-0.613137541,7.74371767
-0.61338049,7.741391659
-0.613546548,7.742021084
-0.613775907,7.743230343
-0.613955079,7.739071846
-0.61419457,7.73961401
-0.614400027,7.737861156
-0.614612876,7.739200592
-0.614864884,7.738985062
-0.615059016,7.740793705
-0.615274904,7.740417004
-0.615496395,7.741187096
-0.615722893,7.737113953
-0.615957318,7.736941814
-0.616208253,7.736665249
-0.616431115,7.735219002
-0.616665063,7.738522053
-0.6168559769999999,7.736305714
-0.617055474,7.735179424
-0.617239533,7.731686592
-0.617452202,7.732790947
-0.617663859,7.734968662
-0.617920814,7.73125124
-0.618118165,7.733873844
-0.618314562,7.732782364
-0.618558107,7.733364105
-0.618770538,7.732099533
-0.619037448,7.732021809
-0.619223354,7.731517315
-0.619436918,7.731093407
-0.619657932,7.733777523
-0.619883357,7.729636669
-0.620099125,7.729907513
-0.62031549,7.730469227
-0.620540796,7.729598045
-0.620777903,7.727166653
-0.620943902,7.726704121
-0.621166466,7.727175236
-0.621424316,7.72746563
-0.621634601,7.7289958
-0.6218702779999999,7.727910519
-0.622034131,7.725358486
-0.622271476,7.722457409
-0.622505007,7.724200726
-0.622698722,7.721736431
-0.622891067,7.725745201
-0.623120425,7.725413799
-0.623352168,7.724197865
-0.623554943,7.722227573
-0.623793183,7.722268105
-0.624022899,7.721358776
-0.624216495,7.724327087
-0.624438224,7.72061348
-0.624680637,7.72121048
-0.62493491,7.720882416
-0.625141738,7.72034502
-0.625329373,7.71811533
-0.625580071,7.717379093
-0.625819562,7.716981888
-0.626021681,7.718594074
-0.626266776,7.717987537
-0.626498399,7.719349861
-0.626731513,7.715855122
-0.626965402,7.714276791
-0.62716466,7.714252949
-0.627373932,7.714249134
-0.627580641,7.713336945
-0.627811013,7.714680195
-0.628036855,7.71449852
-0.62827575,7.71835804
-0.628480373,7.71081543
-0.628683804,7.710084438
-0.628905116,7.710272312
-0.629119812,7.71120882
-0.629350184,7.712745667
-0.629605113,7.710709095
-0.629819868,7.709757328
-0.630041597,7.710604191
-0.630258022,7.708978176
-0.630451916,7.706537724
-0.630668161,7.707514763
-0.630922256,7.708750725
-0.631121812,7.706483364
-0.63136786,7.70932579
-0.63155782,7.70857954
-0.631815372,7.707993507
-0.632007955,7.707527161
-0.632212101,7.706116199
-0.632440923,7.705839157
-0.632686732,7.70706749
-0.632886825,7.705379486
-0.633096514,7.706235409
-0.633346496,7.703558445
-0.633525489,7.701132298
-0.633744059,7.701901913
-0.633954166,7.700568199
-0.634176014,7.704080105
-0.634370027,7.702013493
-0.634600995,7.702180862
-0.634833751,7.700621128
-0.635058342,7.702604294
-0.63523352,7.698233128
-0.635450004,7.696563721
-0.635707496,7.700136662
-0.6358906009999999,7.69948864
-0.636093555,7.696950912
-0.636314092,7.69705677
-0.636543928,7.69852066
-0.636762319,7.698131084
-0.636982082,7.695222855
-0.637185453,7.696082115
-0.637419818,7.696592331
-0.637634454,7.695354462
-0.637855766,7.696478367
-0.638065515,7.69263649
-0.638293563,7.695673466
-0.638545809,7.692799568
-0.638785599,7.693071365
-0.638964413,7.692802429
-0.639198957,7.692786694
-0.639443157,7.691785336
-0.639620779,7.691873074
-0.639811812,7.690770149
-0.640042363,7.690649033
-0.640232382,7.690612316
-0.640485643,7.688973904
-0.64071965,7.691376209
-0.640968679,7.693212986
-0.641190765,7.688981533
-0.641373871,7.688756466
-0.64161068,7.687972069
-0.641830502,7.687744141
-0.642049847,7.686956406
-0.642270861,7.686285496
-0.642457781,7.69000721
-0.642702757,7.684046268
-0.642933367,7.685259342
-0.643149434,7.684359074
-0.643357692,7.682617188
-0.643554507,7.684641838
-0.643764971,7.68198204
-0.643995164,7.682446003
-0.644186614,7.681735039
-0.644423066,7.681646824
-0.644637225,7.680870056
-0.644864855,7.682342052
-0.645087896,7.680711269
-0.645312069,7.680053234
-0.645527778,7.680284977
-0.645724652,7.683315754
-0.645952163,7.681081772
-0.64618027,7.676352978
-0.646359263,7.678787231
-0.646588026,7.677872658
-0.646812795,7.676426411
-0.647050856,7.677031994
-0.64724916,7.678160667
-0.647480546,7.675117493
-0.647732316,7.674234867
-0.647929369,7.673661232
-0.648123799,7.671439648
-0.648348568,7.674125195
-0.648545323,7.673844814
-0.648777185,7.672519207
-0.648961304,7.673814297
-0.649164138,7.671242714
-0.649402557,7.672010899
-0.649607478,7.670082092
-0.649798689,7.669821739
-0.649992464,7.671375751
-0.650242208,7.668254852
-0.650425671,7.671195507
-0.650661884,7.672587395
-0.650881587,7.668944836
-0.651093541,7.665807247
-0.651300488,7.66748476
-0.65154588,7.664377689
-0.65174347,7.666567326
-0.6519495829999999,7.666727543
-0.652154325,7.667320728
-0.652366458,7.666702271
-0.652590333,7.666981697
-0.652834175,7.664045811
-0.65301734,7.664128304
-0.65322989,7.665272713
-0.653476534,7.663789749
-0.653709887,7.665047169
-0.653904734,7.662751675
-0.654121397,7.661123276
-0.654341457,7.659108162
-0.654563544,7.658516407
-0.654807923,7.660889626
-0.655000148,7.663485527
-0.655220745,7.660047054
-0.655419169,7.659715176
-0.655695496,7.660217762
-0.655869721,7.657272816
-0.656105695,7.657538414
-0.656296192,7.65790844
-0.65652418,7.658252716
-0.656733928,7.658209324
-0.657001613,7.657615662
-0.657186447,7.656470299
-0.657437084,7.655213356
-0.657660363,7.654448986
-0.657857535,7.654607773
-0.658105491,7.655478477
-0.65830618,7.653984547
-0.658562718,7.653586388
-0.658755539,7.654970646
-0.658971785,7.652299881
-0.65919715,7.652291298
-0.659393547,7.653084278
-0.659642099,7.654613495
-0.659844218,7.650864601
-0.660067735,7.652328014
-0.660256146,7.650071621
-0.660490511,7.651028156
-0.660712717,7.646623135
-0.660934744,7.647678375
-0.661150573,7.646158695
-0.661362587,7.650694847
-0.661564587,7.646843433
-0.66181594,7.647901058
-0.662002264,7.647518635
-0.662228821,7.6473279
-0.662484108,7.647473335
-0.662668226,7.644521713
-0.662924765,7.644108295
-0.663140236,7.644574165
-0.663325785,7.644001484
-0.663576184,7.643026352
-0.663776575,7.642790318
-0.664014218,7.641667843
-0.664193628,7.641546249
-0.664435087,7.640779972
-0.66463512,7.641626835
-0.6648944,7.644774914
-0.66509193,7.641572475
-0.665335713,7.640624523
-0.6655601839999999,7.641040325
-0.665793179,7.642325878
-0.665975211,7.638597965
-0.666207491,7.63724041
-0.666452227,7.634928226
-0.666664003,7.637441635
-0.666867076,7.634052753
-0.667079447,7.636053562
-0.667310117,7.634794712
-0.667545376,7.636595249
-0.667763768,7.6344347
-0.667991696,7.633854866
-0.668224333,7.634075165
-0.668450711,7.634058952
-0.66866052,7.633214474
-0.668889282,7.634047031
-0.669125674,7.633690357
-0.669337688,7.633130074
-0.669548987,7.631370068
-0.669756828,7.630618095
-0.670009134,7.631925106
-0.670232831,7.630273819
-0.670445977,7.631986141
-0.670696734,7.630874634
-0.670906482,7.629797459
-0.671144066,7.628163338
-0.671343623,7.628167629
-0.67157024,7.62754488
-0.6718024,7.627364635
-0.672012089,7.627537251
-0.672241924,7.627014637
-0.672471879,7.625522614
-0.672677754,7.625140667
-0.672914384,7.622360229
-0.673101304,7.624650478
-0.673330484,7.623452187
-0.673549531,7.622621059
-0.673766134,7.623356819
-0.674009977,7.624229908
-0.674223421,7.62166357
-0.674432216,7.620714664
-0.674676059,7.621471882
-0.674867032,7.624382973
-0.675103007,7.620669842
-0.675365148,7.61968708
-0.675556181,7.619704723
-0.675738154,7.618685722
-0.675967453,7.617520809
-0.676164625,7.619329929
-0.676372944,7.615604401
-0.676602719,7.618667603
-0.676844476,7.618065357
-0.677023171,7.618339539
-0.677266656,7.614551067
-0.677487729,7.618536472
-0.677692948,7.616871834
-0.677899359,7.616429806
-0.678120194,7.617599964
-0.678373097,7.617245674
-0.678573785,7.616182327
-0.678795157,7.611473083
-0.679045318,7.613232613
-0.679263948,7.615789413
-0.679458259,7.613302231
-0.679677127,7.610503674
-0.679940997,7.612270832
-0.68013042,7.611288548
-0.680375574,7.60630846
-0.680562256,7.607118607
-0.680825887,7.606726646
-0.681022523,7.611688614
-0.681241749,7.611717224
-0.681477962,7.607883453
-0.681689499,7.609189034
-0.681899844,7.605609894
-0.682136057,7.604340553
-0.682382105,7.602789879
-0.682581602,7.604918003
-0.682830213,7.606846333
-0.683031676,7.605690479
-0.683248757,7.60429287
-0.683479725,7.602849483
-0.683705686,7.600899696
-0.683919607,7.599821568
-0.68413174,7.602035046
-0.684341071,7.602631569
-0.684569417,7.601549149
-0.684806703,7.599095821
-0.685012398,7.602448463
-0.685256777,7.598025799
-0.685499845,7.600203037
-0.685697196,7.596632957
-0.685963867,7.599361897
-0.686193762,7.598748684
-0.686399696,7.598198414
-0.686651645,7.595163822
-0.686853109,7.593739986
-0.687085448,7.596025944
-0.68730366,7.595216274
-0.687510667,7.593707561
-0.687735854,7.593639851
-0.687981485,7.593204021
-0.688197909,7.594590187
-0.688374756,7.590234756
-0.688593863,7.592635155
-0.688795982,7.592068195
-0.689068852,7.588936806
-0.689236758,7.593159199
-0.689492224,7.590129852
-0.689688621,7.590282917
-0.68993151,7.588227749
-0.690120218,7.586850643
-0.690263985,7.585231781
-0.69043356,7.587239742
-0.6906393749999999,7.590209961
-0.690839527,7.589316368
-0.691062627,7.590858459
-0.691303311,7.585423946
-0.691506026,7.587301731
-0.691730855,7.581902027
-0.691968737,7.582891941
-0.692153094,7.58447504
-0.692411659,7.585659027
-0.692621825,7.586277962
-0.692883609,7.586723328
-0.693076728,7.584133148
-0.6933122859999999,7.583361626
-0.69353622,7.579496384
-0.693767605,7.577607632
-0.69394636,7.581427574
-0.694162307,7.57918787
-0.694381295,7.582159042
-0.694595216,7.579874992
-0.694826184,7.578317642
-0.695049344,7.576973915
-0.69527602,7.578114033
-0.695450781,7.577980042
-0.69571471,7.578232765
-0.695920227,7.57844162
-0.696174322,7.577906132
-0.696384667,7.574956417
-0.696615873,7.571932793
-0.696806548,7.572237492
-0.697038529,7.571687698
-0.697254894,7.572283745
-0.697491882,7.576450825
-0.697745917,7.573720455
-0.697903393,7.572238922
-0.698149858,7.569454193
-0.698337255,7.570018768
-0.698582111,7.569960594
-0.698785542,7.571857452
-0.699042914,7.569361687
-0.699246703,7.57106638
-0.699470041,7.566922665
-0.699660657,7.567534447
-0.699919401,7.566745758
-0.700139938,7.567005634
-0.700358747,7.567901134
-0.700568436,7.567094803
-0.700812219,7.566962719
-0.701028643,7.566381931
-0.70125228,7.563700199
-0.701476632,7.562438011
-0.701686559,7.563079357
-0.70189607,7.56461525
-0.702114282,7.563802242
-0.702327071,7.566666603
-0.702569602,7.562464714
-0.702806888,7.562876225
-0.70300418,7.56138134
-0.703231869,7.559221268
-0.703454612,7.558694839
-0.70367652,7.559958458
-0.703896461,7.557912827
-0.704109548,7.56162405
-0.704356192,7.560122013
-0.704571305,7.559819221
-0.704803525,7.557601929
-0.70501071,7.557814598
-0.70525348,7.55839777
-0.705446778,7.557798386
-0.70567566,7.559292793
-0.705917833,7.553175449
-0.706116615,7.553364754
-0.706330476,7.551462173
-0.706545768,7.553456306
-0.706769107,7.551170349
-0.706992744,7.553682804
-0.707217155,7.554831982
-0.707494019,7.556554317
-0.70767468,7.554506302
-0.707907794,7.550446033
-0.708118318,7.551416397
-0.708328007,7.550077915
-0.708561478,7.545761108
-0.708773909,7.549726009
-0.70897424,7.550516129
-0.709176241,7.549020767
-0.709422706,7.54835844
-0.709636984,7.545838356
-0.709843395,7.545114517
-0.710063694,7.546532154
-0.710286437,7.546693325
-0.710525869,7.546535969
-0.710744379,7.546104908
-0.7109704,7.545769215
-0.711190758,7.545407295
-0.711408733,7.54330492
-0.711651562,7.54236412
-0.711846171,7.545470238
-0.712070344,7.543617249
-0.712297259,7.542185783
-0.712523578,7.541429043
-0.71275091,7.539625645
-0.712974487,7.539944649
-0.713171421,7.537425995
-0.713397441,7.53983593
-0.713597475,7.53976202
-0.713793812,7.537231445
-0.714057861,7.539543629
-0.714256583,7.537051201
-0.714495895,7.535402775
-0.714706836,7.536114693
-0.714927374,7.535485268
-0.715163766,7.535701752
-0.715373276,7.536473274
-0.715615807,7.535208702
-0.715812145,7.534948349
-0.716079531,7.533921719
-0.716300963,7.532261372
-0.716492591,7.531246185
-0.716728685,7.529290676
-0.716935871,7.530921936
-0.717163203,7.532149315
-0.717378734,7.531358242
-0.717616675,7.531133652
-0.717844961,7.529866219
-0.718033789,7.527355671
-0.718252359,7.527088165
-0.718455372,7.529220104
-0.718723415,7.530246735
-0.718925832,7.525470734
-0.719168661,7.524781704
-0.719378887,7.526977539
-0.719596682,7.523682117
-0.719852863,7.524140358
-0.720042167,7.524815559
-0.72025579,7.523762703
-0.72045481,7.523868084
-0.720693467,7.522999287
-0.720907388,7.522552967
-0.721110104,7.516751289
-0.721348641,7.520985603
-0.721543429,7.520705223
-0.721793292,7.519096851
-0.722011684,7.520648003
-0.722246943,7.518717289
-0.722449122,7.520591736
-0.722656665,7.519882679
-0.722927509,7.520335674
-0.723093627,7.517827511
-0.723325489,7.519376755
-0.723561762,7.518733025
-0.723785399,7.520666599
-0.723972796,7.516178608
-0.724207101,7.514512062
-0.72442442,7.514208794
-0.724645792,7.514151573
-0.724868951,7.514183521
-0.725104449,7.514224529
-0.725308059,7.514276505
-0.725530742,7.512293339
-0.725734768,7.511466503
-0.725955365,7.508998394
-0.726195393,7.509026527
-0.726408659,7.5083251
-0.726623891,7.510523796
-0.726854919,7.510550499
-0.72707176,7.509840488
-0.727287231,7.507387638
-0.727511047,7.504374027
-0.727696834,7.506779671
-0.727930186,7.509743214
-0.728163658,7.507863522
-0.728378175,7.505085468
-0.72860056,7.504566669
-0.72884172,7.50591135
-0.729056893,7.503437996
-0.729255019,7.50519228
-0.729510007,7.502781391
-0.729724763,7.507521152
-0.729940949,7.505135536
-0.730210124,7.501096249
-0.730403064,7.502120495
-0.730620263,7.5052104
-0.730866848,7.501400471
-0.731120048,7.49785471
-0.73133981,7.497307777
-0.73155552,7.502384663
-0.731781004,7.499709129
-0.731981037,7.499622822
-0.732183097,7.500213146
-0.732419966,7.497617245
-0.732652782,7.495607376
-0.732851384,7.494414806
-0.733059226,7.496254921
-0.733267663,7.497255802
-0.733527003,7.495723248
-0.733720837,7.493903637
-0.733942209,7.491933823
-0.734143494,7.492794991
-0.734361289,7.489095211
-0.734600065,7.490644932
-0.734803794,7.492508888
-0.735042451,7.493406296
-0.735273836,7.492756844
-0.735478459,7.488710403
-0.735716103,7.487474442
-0.735885678,7.486602306
-0.736164806,7.487752438
-0.736377953,7.48846674
-0.736603318,7.489284039
-0.736816941,7.489974499
-0.737091838,7.488874435
-0.737288652,7.487178802
-0.737518011,7.485234261
-0.737724004,7.485229492
-0.737939416,7.485386848
-0.738189576,7.483597279
-0.738420902,7.484926701
-0.738637565,7.484447956
-0.738848506,7.485426903
-0.739041267,7.481263638
-0.7392745,7.482032299
-0.73950672,7.477235317
-0.73971468,7.479706764
-0.739929734,7.482789993
-0.7401157,7.481501579
-0.740395961,7.478720188
-0.740601359,7.478004932
-0.740773497,7.478601933
-0.740913687,7.476128578
-0.741127072,7.474345207
-0.741343377,7.476878166
-0.741561888,7.476572514
-0.741760789,7.479260445
-0.742027877,7.479844093
-0.742201923,7.476315498
-0.742440281,7.474969864
-0.742676912,7.470896244
-0.742894648,7.473351955
-0.74309629,7.473083496
-0.743335126,7.471700191
-0.743597506,7.472311974
-0.7438123209999999,7.471961498
-0.744048951,7.470365524
-0.74426025,7.469104767
-0.744477032,7.467753887
-0.744691966,7.469087124
-0.7449084499999999,7.469296455
-0.74511957,7.470623016
-0.74536979,7.468299866
-0.745567856,7.465803146
-0.745781241,7.464068413
-0.746021388,7.46399641
-0.746240256,7.464954376
-0.746478198,7.466226578
-0.746702669,7.467845917
-0.74693918,7.46491766
-0.747157453,7.461635113
-0.747375904,7.461444855
-0.747598825,7.462632656
-0.747801481,7.462664604
-0.748041568,7.460437775
-0.74825239,7.463478088
-0.748484192,7.462313175
-0.748745797,7.463763237
-0.748953162,7.460417271
-0.749198852,7.45817709
-0.74941027,7.456726551
-0.749623654,7.455821514
-0.749838589,7.45709753
-0.750098286,7.457160473
-0.750296591,7.459002018
-0.75056362,7.459614754
-0.750770209,7.456622124
-0.751008747,7.45670414
-0.751234172,7.452654839
-0.751427768,7.452645779
-0.75164759,7.454437733
-0.751863895,7.454665661
-0.752101479,7.455023289
-0.752324818,7.455276489
-0.752586661,7.451043606
-0.752764521,7.450092316
-0.752988992,7.447934628
-0.75321692,7.448840618
-0.753444431,7.448800564
-0.753649471,7.449004173
-0.753877519,7.449329376
-0.754087208,7.447502613
-0.754302917,7.447567463
-0.754534422,7.446850777
-0.754764138,7.449272156
-0.754976092,7.448766708
-0.755198715,7.446059227
-0.755443392,7.444497585
-0.755642293,7.443367481
-0.755861579,7.44564724
-0.756083427,7.442907333
-0.756310461,7.444427967
-0.756555734,7.442750931
-0.756754039,7.444294453
-0.75700861,7.44102478
-0.757230936,7.441427231
-0.757432042,7.439733028
-0.757678686,7.438262939
-0.757900355,7.438694954
-0.758096455,7.438117027
-0.758322595,7.436108112
-0.75856453,7.437498569
-0.758762119,7.435312271
-0.759001253,7.439138412
-0.75921434,7.436795235
-0.759453056,7.434791088
-0.759676097,7.434443951
-0.759908913,7.432169914
-0.760105191,7.435517788
-0.760369657,7.434626102
-0.760599075,7.435677052
-0.760840593,7.432914734
-0.7610456329999999,7.429914474
-0.761275886,7.431112289
-0.761528133,7.431508541
-0.7617475969999999,7.42915678
-0.76192659,7.433326721
-0.762210725,7.42895937
-0.762424229,7.430660725
-0.762667773,7.430330753
-0.762858031,7.429796219
-0.763074992,7.426280975
-0.763299702,7.424970627
-0.763501106,7.426087379
-0.763715444,7.428356647
-0.763951955,7.428307056
-0.764198719,7.426394939
-0.76439297,7.424808502
-0.764611183,7.42249918
-0.764810262,7.422963142
-0.765052496,7.420408249
-0.765254257,7.423184872
-0.765507339,7.421015739
-0.765684901,7.423383236
-0.765937088,7.422317505
-0.766146062,7.418756485
-0.766383706,7.419973373
-0.766588448,7.420030594
-0.766813515,7.417053699
-0.767066656,7.420253754
-0.76730877,7.41959095
-0.767516015,7.417400837
-0.767712651,7.417368412
-0.767959235,7.416708946
-0.768185673,7.414833546
-0.768358765,7.413586617
-0.76860082,7.414494038
-0.768836973,7.414999962
-0.769078193,7.417466164
-0.769316493,7.414634228
-0.769553302,7.413347244
-0.769751726,7.409102917
-0.769998429,7.409460545
-0.770198105,7.410439014
-0.770416496,7.410957813
-0.77063304,7.41124773
-0.770863054,7.412265301
-0.771091221,7.410748005
-0.771326898,7.408477783
-0.771563826,7.40783596
-0.771799443,7.405146122
-0.772031365,7.404396534
-0.772220371,7.406404972
-0.772485612,7.408897877
-0.772691546,7.407234669
-0.772904096,7.407339096
-0.773122428,7.405457497
-0.773338256,7.402628899
-0.773573576,7.400696278
-0.77377188,7.399878502
-0.773982642,7.402985096
-0.774227737,7.40176487
-0.774441002,7.401032925
-0.774688302,7.400035381
-0.774877308,7.400494576
-0.775099156,7.39721489
-0.7753046729999999,7.39807415
-0.775560437,7.397307396
-0.775777755,7.399075508
-0.776006339,7.401557446
-0.776199697,7.397456169
-0.776464162,7.396963596
-0.776678978,7.395310402
-0.776885746,7.395399094
-0.777087508,7.395817757
-0.777364431,7.393266201
-0.777548669,7.39352417
-0.777790425,7.393530846
-0.778002439,7.39391613
-0.778238295,7.391100407
-0.778451083,7.390376091
-0.778657554,7.391247749
-0.778887449,7.394495487
-0.779141901,7.390722275
-0.779324172,7.391232014
-0.779564915,7.389540195
-0.7798191289999999,7.388174534
-0.780010281,7.386474609
-0.780255375,7.384925365
-0.780483423,7.38684845
-0.780674635,7.388353825
-0.780938087,7.387847424
-0.781176804,7.384953022
-0.781382738,7.385690689
-0.781606911,7.384696007
-0.781858442,7.38408041
-0.782033918,7.381214619
-0.782279013,7.381400585
-0.782500504,7.386317253
-0.782715021,7.384490967
-0.782974837,7.380663872
-0.783181904,7.381723881
-0.783391951,7.37913847
-0.783608018,7.375855923
-0.783828853,7.379920959
-0.784024654,7.3783741
-0.78424996,7.381953239
-0.784478424,7.377144814
-0.784711061,7.376928806
-0.784945307,7.377267838
-0.785189508,7.375618935
-0.7853872159999999,7.37290144
-0.785621462,7.372791767
-0.785830973,7.374809742
-0.786074041,7.375610352
-0.786269186,7.371342659
-0.786491571,7.37026453
-0.786716459,7.372820854
-0.786919115,7.370707035
-0.787145851,7.369561672
-0.787383495,7.370271206
-0.787611125,7.369001389
-0.78785914,7.36946249
-0.788055001,7.367042065
-0.788237153,7.367181301
-0.788497387,7.367455006
-0.788724361,7.368382454
-0.78895062,7.367936611
-0.789168654,7.365564346
-0.789380787,7.364375591
-0.789631842,7.363838196
-0.789822338,7.366385937
-0.790064095,7.36152029
-0.790289281,7.362679005
-0.790521262,7.365785599
-0.790730951,7.363470078
-0.790989934,7.363800049
-0.791230558,7.361047745
-0.791437088,7.359634399
-0.791664181,7.360230923
-0.791897116,7.35949564
-0.792101024,7.358148098
-0.792337297,7.361159801
-0.792545615,7.359990597
-0.792748032,7.361002445
-0.792998491,7.359734058
-0.793214617,7.35761404
-0.7934128029999999,7.357411385
-0.793680547,7.354851723
-0.793850182,7.353662014
-0.794100283,7.354912281
-0.794293461,7.355222702
-0.794535516,7.355715752
-0.794769405,7.355641365
-0.794997869,7.354540348
-0.79519069,7.352500439
-0.795453427,7.350817204
-0.7956596,7.352030754
-0.795872985,7.350626469
-0.796130298,7.351374626
-0.796353934,7.351978302
-0.796564398,7.349456787
-0.796806155,7.349745274
-0.797015844,7.349293232
-0.79725468,7.34564209
-0.797483085,7.346176624
-0.797718762,7.346542358
-0.797966419,7.349171638
-0.798159001,7.347158909
-0.798396347,7.345289707
-0.798611818,7.344505787
-0.798825799,7.345686436
-0.799058793,7.34377861
-0.799264489,7.341448307
-0.79948139,7.341877937
-0.799717544,7.34260273
-0.799954293,7.343065262
-0.800168512,7.339072227
-0.800388215,7.337450504
-0.800631879,7.336854935
-0.800837515,7.336563587
-0.801037012,7.337076187
-0.801277516,7.339761734
-0.801522372,7.335618496
-0.801754771,7.337692261
-0.801978646,7.336629868
-0.802169798,7.334399223
-0.802398739,7.33479929
-0.802614866,7.335680962
-0.802852688,7.336018562
-0.803098796,7.333720207
-0.80330777,7.333986759
-0.803532003,7.331187725
-0.803724287,7.331516266
-0.803964911,7.328368664
-0.804184852,7.332739353
-0.804412542,7.333204746
-0.804660974,7.33217001
-0.804863451,7.330623627
-0.805091141,7.327323914
-0.805335699,7.325891495
-0.805536924,7.327358246
-0.805807052,7.327053547
-0.806005059,7.326611996
-0.80623406,7.328603268
-0.806450663,7.326892853
-0.806687472,7.325724125
-0.806918202,7.323234081
-0.807144938,7.324901581
-0.807346759,7.320518494
-0.807560502,7.320626259
-0.807796596,7.320260525
-0.80800855,7.319105148
-0.808223067,7.319825172
-0.808434187,7.320551872
-0.808672605,7.321005344
-0.808902262,7.319415092
-0.809140084,7.31925106
-0.8093615749999999,7.319979668
-0.809591888,7.317837715
-0.809847234,7.315931797
-0.810044525,7.314656258
-0.810304938,7.315759659
-0.810491918,7.317341805
-0.810734687,7.3153615
-0.810966848,7.314704418
-0.811183808,7.316858292
-0.8114112,7.313686848
-0.811651049,7.313782692
-0.811837493,7.312912464
-0.812086282,7.311369419
-0.812311707,7.312778473
-0.812558053,7.31153059
-0.812770663,7.314763069
-0.813030956,7.311681271
-0.813224791,7.311121941
-0.813485561,7.307675838
-0.813683389,7.307909489
-0.813928602,7.307976723
-0.81413406,7.304510593
-0.81433147,7.304852486
-0.814592717,7.305977821
-0.814812301,7.3053689
-0.814978181,7.304754257
-0.815257369,7.304925442
-0.81544709,7.30400753
-0.815672396,7.304618835
-0.815914569,7.302593231
-0.816162882,7.301031113
-0.816350279,7.300849438
-0.816590069,7.301380157
-0.816806493,7.3019104
-0.817024825,7.299873352
-0.817263542,7.298745632
-0.81749904,7.300164223
-0.817708014,7.299361706
-0.817965625,7.30064106
-0.818181334,7.298852921
-0.818395732,7.300750256
-0.818622707,7.298499107
-0.818840025,7.29862833
-0.819030521,7.293006897
-0.819313822,7.296025276
-0.81949514,7.296594143
-0.819774685,7.296244621
-0.819982586,7.295227051
-0.820205806,7.29197979
-0.820404349,7.289362907
-0.820664464,7.289945602
-0.820842562,7.290688515
-0.821094452,7.291954517
-0.821306823,7.28948164
-0.821542082,7.291119576
-0.821746646,7.289910793
-0.821982084,7.287922859
-0.822207866,7.287169456
-0.822437046,7.28674078
-0.822636245,7.286747932
-0.822836099,7.28536272
-0.82312387,7.28435564
-0.823318956,7.284613609
-0.823559461,7.282685757
-0.82375115,7.285211086
-0.823988436,7.280391216
-0.824222146,7.283696175
-0.824452518,7.281729698
-0.824675737,7.281610489
-0.824885784,7.28096199
-0.825122414,7.279464722
-0.825338481,7.280874729
-0.825575648,7.281630039
-0.825781165,7.279647827
-0.826004146,7.279611588
-0.826284109,7.278456211
-0.826467751,7.276693821
-0.826714872,7.274725914
-0.826917587,7.275797367
-0.82713717,7.27511692
-0.827342628,7.274516106
-0.827602206,7.272609711
-0.827797351,7.274054527
-0.828059254,7.273754597
-0.828267632,7.275717258
-0.828507541,7.274096012
-0.828670083,7.271109104
-0.828926621,7.272423267
-0.829123853,7.2692976
-0.829373119,7.271408558
-0.829598961,7.271469593
-0.829814611,7.270128727
-0.830062268,7.268000126
-0.830259083,7.268414974
-0.830502806,7.266282558
-0.830708919,7.264856815
-0.830940543,7.267820358
-0.831173776,7.267611504
-0.831359742,7.26770401
-0.831619976,7.263970375
-0.831812916,7.263491631
-0.832075952,7.264554501
-0.832289813,7.26201725
-0.832543252,7.262382984
-0.832724987,7.263866425
-0.832931994,7.263249874
-0.833178816,7.262851238
-0.83337283,7.262274742
-0.833629308,7.260705471
-0.833836196,7.261253357
-0.834109722,7.25868082
-0.83431047,7.256550789
-0.834495781,7.257446289
-0.834767399,7.260312557
-0.834979175,7.256885052
-0.835227428,7.254533768
-0.835444747,7.254394054
-0.835671423,7.255036831
-0.835901199,7.253997803
-0.836102663,7.255712986
-0.836347519,7.253741741
-0.836555956,7.25328207
-0.836834429,7.253395081
-0.837027131,7.25150013
-0.837251006,7.250839233
-0.837450204,7.250424385
-0.837691901,7.247379303
-0.83790922,7.247900486
-0.838136194,7.250640392
-0.838371037,7.250388145
-0.838600753,7.246556282
-0.838829218,7.24654007
-0.839076458,7.244702339
-0.839280186,7.245446205
-0.839526592,7.246261597
-0.839721678,7.24618578
-0.839963911,7.244660378
-0.840165136,7.244641304
-0.840387819,7.24530983
-0.840628801,7.243425846
-0.840849279,7.238864422
-0.841073392,7.241005421
-0.84130883,7.239603043
-0.84150028,7.240837097
-0.841751156,7.240289688
-0.841956435,7.236291885
-0.842163501,7.237389088
-0.842419444,7.236202717
-0.842615305,7.236572266
-0.842857538,7.234595299
-0.843071161,7.235956669
-0.84329897,7.236866474
-0.843565164,7.236524582
-0.843771515,7.234349251
-0.843989668,7.233251572
-0.84421712,7.231314659
-0.844401894,7.231512547
-0.844674824,7.231347561
-0.844861029,7.230258942
-0.845106361,7.233925819
-0.845322309,7.230142117
-0.845544694,7.227202415
-0.845762013,7.228335857
-0.845982371,7.226284981
-0.846194921,7.226852417
-0.846421002,7.226984024
-0.846681057,7.230462551
-0.84689462,7.227694988
-0.847098706,7.225415707
-0.847323893,7.227118492
-0.847560881,7.22482729
-0.847813485,7.223921776
-0.848024247,7.223725796
-0.848251818,7.223356724
-0.848497031,7.220342159
-0.848678289,7.221427917
-0.848918496,7.222198963
-0.849123715,7.22053051
-0.849360643,7.219178677
-0.849582909,7.22369194
-0.849841891,7.222860813
-0.8500534279999999,7.218809605
-0.850285946,7.220704556
-0.850508628,7.218726158
-0.85072094,7.216414452
-0.850949226,7.214934349
-0.851221798,7.215271473
-0.851421533,7.216210842
-0.851647256,7.21694231
-0.851884065,7.214910984
-0.852131663,7.214259148
-0.852361737,7.211294651
-0.852560459,7.211118221
-0.852797804,7.211518764
-0.853047131,7.208071232
-0.853248296,7.21140337
-0.853466628,7.211709023
-0.853729306,7.210600853
-0.85393226,7.207969666
-0.854168056,7.209588528
-0.854355453,7.208685398
-0.854603766,7.207063675
-0.854812263,7.208972931
-0.855034588,7.206855297
-0.855299233,7.206148148
-0.855502663,7.207156658
-0.855745016,7.206748009
-0.85596907,7.204447746
-0.856199442,7.204871655
-0.856398044,7.205660343
-0.856633483,7.203979969
-0.856874524,7.203301907
-0.8571004249999999,7.202783585
-0.857344864,7.19912529
-0.857545791,7.200637817
-0.857769845,7.19832468
-0.85804206,7.200876713
-0.858236251,7.199580669
-0.858436106,7.202455521
-0.858673809,7.198355675
-0.8588832,7.197535515
-0.859127222,7.196432114
-0.859324632,7.194172382
-0.859570919,7.19830513
-0.859813688,7.19554615
-0.860034881,7.194780827
-0.860281823,7.196294308
-0.860505519,7.196117878
-0.860737501,7.193612576
-0.86095017,7.192579746
-0.861164449,7.190969944
-0.861389337,7.191102505
-0.86164528,7.193090439
-0.861889361,7.189808846
-0.862055598,7.188803673
-0.862349032,7.188515186
-0.862521527,7.183318138
-0.862768946,7.185488701
-0.862986205,7.18663311
-0.863201557,7.185154915
-0.863431213,7.18524456
-0.863674937,7.187048435
-0.863886414,7.184838772
-0.864134369,7.182240009
-0.864333866,7.183586121
-0.864607332,7.181983471
-0.8648013449999999,7.181690693
-0.864988027,7.181406498
-0.865279732,7.18162632
-0.865474341,7.182225227
-0.865733145,7.176907539
-0.865899442,7.178903103
-0.866143463,7.176505566
-0.866374193,7.179852962
-0.866451619,7.177395344
-0.86680436,7.183119774
-0.866940139,7.17471981
-0.867270587,7.175951481
-0.867325304,7.174555779
-0.867687939,7.171720028
-0.867855785,7.17434597
-0.868066547,7.172896385
-0.868347524,7.176475525
-0.868464766,7.173241138
-0.868851719,7.17496109
-0.868947921,7.17242384
-0.86925864,7.169778347
-0.869421838,7.171770573
-0.869647382,7.169651985
-0.86992812,7.171419621
-0.870067833,7.168815136
-0.8703826649999999,7.169808388
-0.870558022,7.168527603
-0.870788751,7.168091774
-0.871025382,7.163407326
-0.87123966,7.164296627
-0.87150049,7.167307377
-0.871702729,7.166820049
-0.87195885,7.166222572
-0.872160969,7.16517067
-0.872442184,7.165143967
-0.872622071,7.161665916
-0.87284982,7.160681725
-0.873082517,7.16063118
-0.873276172,7.159904957
-0.873569189,7.161970615
-0.873741685,7.156820774
-0.874012051,7.159981251
-0.874210594,7.15830946
-0.874439059,7.158033848
-0.874670802,7.157281876
-0.874874828,7.157873631
-0.875119744,7.158915997
-0.875327585,7.158062935
-0.875576256,7.157344341
-0.875798581,7.156025887
-0.876009403,7.154407978
-0.876226483,7.151044846
-0.876401482,7.153020382
-0.876613734,7.152252674
-0.87687826,7.154067516
-0.877088187,7.15034008
-0.87731093,7.152568817
-0.87752646,7.149537563
-0.877764104,7.147205353
-0.877978204,7.149710178
-0.878216205,7.151588917
-0.878416179,7.149383068
-0.878680764,7.148406506
-0.878880082,7.148458481
-0.879102645,7.144797325
-0.8793448189999999,7.146098614
-0.8795501569999999,7.143213749
-0.879808961,7.143455029
-0.879997371,7.146028519
-0.880246161,7.145177364
-0.880477307,7.141239166
-0.88072562,7.142332077
-0.880909262,7.142654419
-0.881121038,7.138397694
-0.881360052,7.141697407
-0.881635664,7.142132282
-0.881843029,7.141270161
-0.882086037,7.140012264
-0.882280884,7.138096333
-0.882506667,7.137987614
-0.882756708,7.135068893
-0.88295996,7.13625288
-0.883174477,7.137392044
-0.883420764,7.13572216
-0.883656142,7.137754917
-0.883871434,7.135538578
-0.884112774,7.132834435
-0.884345947,7.130085468
-0.884538887,7.131474495
-0.884755848,7.1291008
-0.885020612,7.134272575
-0.885233698,7.130495071
-0.885497687,7.131834984
-0.885718344,7.130470276
-0.885965882,7.128259659
-0.886152564,7.125442505
-0.886351345,7.126701355
-0.886613308,7.127203941
-0.886809824,7.129545212
-0.887076376,7.127474308
-0.887301324,7.128424168
-0.887502847,7.125600815
-0.887713371,7.124733448
-0.887946067,7.122292995
-0.888175068,7.122311592
-0.888405023,7.122480869
-0.888628183,7.124112606
-0.888854025,7.123698711
-0.889074383,7.121706486
-0.889310656,7.119332314
-0.889524339,7.120686531
-0.889729796,7.118285179
-0.88996589,7.118222237
-0.890212713,7.119639397
-0.890435217,7.11845541
-0.890686629,7.116565228
-0.890898464,7.114712238
-0.891122459,7.115369797
-0.891375838,7.114595413
-0.89156252,7.115433216
-0.891805111,7.11643219
-0.892031429,7.116317749
-0.892249106,7.111361027
-0.892477928,7.111650467
-0.892732976,7.110732555
-0.892979322,7.110176086
-0.893181203,7.109939575
-0.893381832,7.110989571
-0.893604932,7.110486984
-0.893845139,7.109460354
-0.894082127,7.108159065
-0.894308208,7.108667374
-0.894532917,7.108618259
-0.894765554,7.105111599
-0.894976078,7.106022835
-0.895198045,7.103825092
-0.895390986,7.105380535
-0.895639954,7.10482645
-0.895871459,7.103842735
-0.896099208,7.100892067
-0.896315752,7.10049963
-0.896539031,7.102395535
-0.896765886,7.10345602
-0.897034882,7.101164341
-0.897261499,7.101472378
-0.897477148,7.098174572
-0.897750316,7.097043991
-0.897930441,7.096176624
-0.898196397,7.092266083
-0.898400186,7.0969491
-0.898612199,7.096587181
-0.898842393,7.09862709
-0.899072347,7.096031189
-0.899312196,7.096218586
-0.899541495,7.093086243
-0.899757503,7.092477798
-0.899982808,7.092293262
-0.900212703,7.091208458
-0.900422452,7.091459751
-0.900625704,7.08893013
-0.900840877,7.091735363
-0.90106952,7.086193085
-0.9013011439999999,7.087058067
-0.901551841,7.090678692
-0.901768504,7.087899685
-0.902001021,7.087193966
-0.90220171,7.08810854
-0.902427612,7.086118698
-0.902624546,7.086612701
-0.902851401,7.083666325
-0.903032778,7.083181381
-0.903258799,7.083405495
-0.903513489,7.080938816
-0.903723178,7.079907417
-0.903987108,7.081824303
-0.904179869,7.080454826
-0.904427169,7.079562664
-0.904621838,7.079457283
-0.904846666,7.08028698
-0.905096946,7.078672409
-0.905308185,7.081361771
-0.905550657,7.077667713
-0.905788479,7.076103687
-0.906008123,7.076980114
-0.906238256,7.076077938
-0.906418918,7.073027611
-0.906681357,7.074562073
-0.906872449,7.074045181
-0.9071047289999999,7.075034142
-0.907341419,7.074894428
-0.907567559,7.074930191
-0.907781897,7.073256016
-0.907992302,7.069103241
-0.908263622,7.070429802
-0.908498345,7.06930685
-0.9086951,7.066799164
-0.908944605,7.06922245
-0.909168301,7.069702625
-0.909370897,7.066373348
-0.909620343,7.065402985
-0.909844337,7.065835953
-0.910066424,7.063658237
-0.910275815,7.069259644
-0.910512148,7.065577507
-0.910725771,7.06238699
-0.910973607,7.064896107
-0.9111975409999999,7.061086655
-0.911451278,7.061039925
-0.911685286,7.061680794
-0.911881981,7.059110641
-0.912158309,7.062070847
-0.912350712,7.062429905
-0.912598966,7.059487343
-0.912793575,7.057952404
-0.91304302,7.057117462
-0.913262425,7.054486752
-0.913496552,7.056928635
-0.913702427,7.057972431
-0.9139317259999999,7.058662415
-0.914167462,7.055449486
-0.914416848,7.054345131
-0.914623557,7.052618027
-0.914875982,7.05236578
-0.915037928,7.052720547
-0.915299473,7.054931641
-0.915544925,7.052719593
-0.915762601,7.049639702
-0.915979264,7.049762726
-0.916203735,7.049452305
-0.916434465,7.049901009
-0.9166584,7.047401428
-0.9168514,7.047317982
-0.917140124,7.049911022
-0.91735941,7.048953056
-0.917602656,7.048642159
-0.917838631,7.044176579
-0.918039678,7.04412508
-0.918239413,7.04254961
-0.918460725,7.043985844
-0.918722866,7.046115398
-0.918938873,7.043297768
-0.919169245,7.046295643
-0.919414161,7.043008327
-0.919621823,7.041440487
-0.919885693,7.03762579
-0.920091389,7.038594723
-0.920311151,7.041812897
-0.920580683,7.039265633
-0.920785127,7.039024353
-0.921044765,7.035703182
-0.921237586,7.0342803
-0.921454964,7.03347683
-0.921672342,7.033596039
-0.921914099,7.035802841
-0.922142206,7.033677578
-0.922352312,7.036723614
-0.922597287,7.033416271
-0.922808169,7.033277512
-0.923042772,7.032928467
-0.923286555,7.031925201
-0.92350751,7.030272484
-0.923721908,7.031054974
-0.923994063,7.029871941
-0.924195526,7.026511669
-0.924431322,7.027008057
-0.92463374,7.024306774
-0.924840747,7.027863979
-0.925067363,7.026483059
-0.925301014,7.026853561
-0.925556717,7.02600956
-0.925805626,7.026229382
-0.926017521,7.025379181
-0.926232038,7.022034645
-0.9264484629999999,7.022339821
-0.926668523,7.024493694
-0.926911591,7.023221016
-0.927119492,7.021132469
-0.927380798,7.022303581
-0.927597461,7.018983841
-0.927843986,7.018717766
-0.928062795,7.018899441
-0.928260444,7.020240784
-0.928503333,7.021784306
-0.928752421,7.017561913
-0.92894393,7.016019821
-0.929200349,7.01210928
-0.929400323,7.015471458
-0.929652331,7.017994404
-0.929881809,7.01390934
-0.930129109,7.015379906
-0.930351256,7.012918949
-0.930570899,7.012956619
-0.930786012,7.011586189
-0.930979667,7.011166573
-0.931234179,7.011114597
-0.931438742,7.010789394
-0.931684492,7.010980129
-0.93188381,7.008951187
-0.932140587,7.008759499
-0.932387171,7.008867264
-0.932594298,7.00671196
-0.932844577,7.007873535
-0.933084069,7.006574631
-0.933290778,7.006560802
-0.933517752,7.006397724
-0.933751701,7.003017902
-0.9339587069999999,7.004566669
-0.934225379,7.000866413
-0.9344050269999999,7.001847267
-0.934637247,7.003525734
-0.934874354,7.002737999
-0.93509513,7.000969887
-0.935331343,7.000057697
-0.935555099,7.000454903
-0.935783444,6.997566223
-0.93594992,6.997431755
-0.936248241,6.997680664
-0.936435459,6.996537209
-0.936666785,6.996103287
-0.936890302,6.992887497
-0.937126337,6.993264198
-0.937346337,6.996665955
-0.937568067,6.994540691
-0.937807737,6.995196342
-0.938028155,6.995582104
-0.938249348,6.998459816
-0.938486395,6.993430138
-0.938760636,6.991281033
-0.938963352,6.993120193
-0.939196346,6.990930557
-0.939407943,6.988759995
-0.93965262,6.98784399
-0.939890442,6.98776865
-0.940070806,6.987838268
-0.940317152,6.984886169
-0.940534769,6.983767986
-0.940771638,6.986576557
-0.941002963,6.986795425
-0.941245375,6.983875275
-0.941434382,6.977062702
-0.941615043,6.963911057
-0.941746889,6.951231956
-0.941806911,6.929341316
-0.941907166,6.901909351
-0.941912351,6.87751627
-0.941933928,6.857539654
-0.941948472,6.843690395
-0.941927729,6.831938744
-0.941942034,6.8233428
-0.941935776,6.814792633
-0.941944836,6.803790569
-0.941967247,6.801103592
-0.941977797,6.802566528
-0.941960214,6.793477058
-0.941988228,6.790606022
-0.942020951,6.791697979
-0.942034302,6.785881519
-0.942041336,6.784007549
-0.942029594,6.78268671
-0.942052959,6.779347897
-0.942034064,6.778049469
-0.942037342,6.777763367
-0.942051886,6.774138927
-0.942090808,6.772182465
-0.942068933,6.770291328
-0.942090867,6.769957066
-0.942101894,6.76791954
-0.942093549,6.766671181
-0.942123292,6.76355505
-0.942103026,6.760354042
-0.942121027,6.756893158
-0.942106543,6.757537842
-0.942121742,6.75391531
-0.942124842,6.756659031
-0.942085503,6.752661705
-0.942125617,6.75138998
-0.942131219,6.750104427
-0.942150949,6.747968674
-0.942139743,6.750439644
-0.942146896,6.745749474
-0.942134975,6.728516579
-0.942097364,6.696103096
-0.942052303,6.661634922
-0.942028998,6.620824814
-0.942023633,6.576945782
-0.941985963,6.529131413
-0.941948829,6.480323792
-0.941895543,6.4387393
-0.941877483,6.395199776
-0.941851853,6.351745605
-0.941812573,6.30752182
-0.94178295,6.262506962
-0.941770552,6.218766689
-0.941703616,6.173556328
-0.941701232,6.126439095
-0.941670952,6.081620693
-0.941652415,6.037656784
-0.941663025,5.988181591
-0.94158381,5.941977024
-0.9415658689999999,5.894443989
-0.941536365,5.850503445
-0.941502033,5.807833672
-0.941470264,5.762534618
-0.941475092,5.715590954
-0.941437839,5.671158791
-0.941401182,5.624473095
-0.941361187,5.580424786
-0.941366373,5.535294056
-0.941333888,5.491805553
-0.941283939,5.446312428
-0.941252349,5.402175903
-0.941233037,5.358273506
-0.941210864,5.313940525
-0.941164373,5.264911652
-0.941127358,5.222026825
-0.941105722,5.178016186
-0.941096542,5.131421089
-0.941065488,5.09198761
-0.941008506,5.046744823
-0.940993248,5.000538349
-0.940963922,4.95475769
-0.940984605,4.911796093
-0.940938352,4.870047569
-0.940909026,4.826721191
-0.940872965,4.782776356
-0.94083613,4.737623692
-0.940801499,4.694911957
-0.940797923,4.647891045
-0.940774141,4.602924824
-0.940708933,4.560989857
-0.940709708,4.519693851
-0.940673528,4.472826958
-0.940634785,4.430990219
-0.94058275,4.3870821
-0.940571545,4.340364456
-0.940542875,4.298152447
-0.940529166,4.255705833
-0.940474747,4.213340759
-0.940455018,4.169054985
-0.940411149,4.127717495
-0.940390287,4.081319809
-0.940345524,4.040729523
-0.940346776,3.995340109
-0.940329371,3.952547312
-0.940280257,3.908998013
-0.940244017,3.865579367
-0.940215109,3.825249672
-0.940191863,3.78001523
-0.940164445,3.734280825
-0.940137086,3.68903327
-0.940112827,3.646014214
-0.940093814,3.605033159
-0.940051971,3.558287382
-0.940028904,3.515511036
-0.939989148,3.474226952
-0.939964591,3.42869544
-0.93992251,3.384323597
-0.939922152,3.341596603
-0.939897237,3.298022509
-0.939863918,3.252714872
-0.939828811,3.212033987
-0.939786909,3.167714834
-0.939755259,3.126800776
-0.939692257,3.084521294
-0.939683793,3.039091349
-0.93966013,2.994370461
-0.939635156,2.952643156
-0.939615844,2.91222024
-0.939564763,2.869329214
-0.939539431,2.82753253
-0.939517973,2.78647089
-0.939474164,2.741695166
-0.939442931,2.699062109
-0.93939173,2.655186653
-0.939368663,2.611251831
-0.939368902,2.568588257
-0.93931347,2.527709007
-0.939272879,2.486551523
-0.939245222,2.446263075
-0.939236043,2.404761553
-0.93921542,2.359035015
-0.939186214,2.318716526
-0.939184962,2.271341085
-0.93910837,2.229756594
-0.9391008,2.184136152
-0.939082203,2.144978762
-0.939020691,2.098946571
-0.939006506,2.059870005
-0.938988565,2.015190363
-0.938941537,1.972769022
-0.938901363,1.933612585
-0.938873587,1.891792059
-0.938840328,1.846628189
-0.938809989,1.806910872
-0.938748477,1.764594197
-0.938718973,1.723525763
-0.938729821,1.681140184
-0.938661931,1.638663173
-0.938640056,1.598098159
-0.938631712,1.556100726
-0.938569782,1.518412232
-0.938530324,1.474711776
-0.938553212,1.43498075
-0.938468454,1.391793847
-0.938481389,1.352190256
-0.938407062,1.313436151
-0.938403247,1.268640995
-0.938361047,1.226798534
-0.93831086,1.18792963
-0.938283859,1.148005962
-0.938264428,1.106069565
-0.93824142,1.065407395
-0.938185809,1.028008699
-0.938196955,0.983484209
-0.938120483,0.94293803
-0.938125728,0.90264827
-0.93804693,0.861797869
-0.938002465,0.824625731
-0.937967001,0.783901215
-0.93795955,0.744265258
-0.937914191,0.699320376
-0.937890289,0.658525586
-0.937860606,0.618106663
-0.937818108,0.576078176
-0.937791823,0.533361673
-0.937744318,0.497292846
-0.937710879,0.455394328
-0.937671242,0.41379106
-0.937629579,0.373745292
-0.93760079,0.333175838
-0.937539397,0.292720795
-0.937539039,0.252833158
-0.937488196,0.212119401
-0.937441049,0.170722559
-0.937466083,0.133420333
-0.937352417,0.09010002
-0.937349258,0.051952861
-0.937294243,0.010550611
-0.937243996,-0.023010664
-0.937230764,-0.063384473
-0.937190412,-0.101767577
-0.937143682,-0.134153277
-0.937133191,-0.165821448
-0.937055348,-0.200615734
-0.937025068,-0.238934934
-0.936979232,-0.278192133
-0.936989544,-0.312763333
-0.936946033,-0.349533021
-0.936906455,-0.385823756
-0.936870037,-0.423530281
-0.93682277,-0.454517484
-0.93677312,-0.478711098
-0.936772941,-0.492396653
-0.936730562,-0.506033897
-0.936738906,-0.514884531
-0.93670225,-0.52233243
-0.936702607,-0.524602771
-0.936700342,-0.52987653
-0.936632095,-0.62978673
-0.936533568,-0.739748955
-0.936454115,-0.814228237
-0.936357198,-0.871870995
-0.936313151,-0.92041862
-0.936262427,-0.959176362
-0.936187206,-0.999221146
-0.936166881,-1.038166761
-0.936138986,-1.07348609
-0.936082183,-1.110103488
-0.936040996,-1.143143773
-0.935964761,-1.177647948
-0.935931562,-1.210119605
-0.935883461,-1.250357151
-0.9358267769999999,-1.290359139
-0.935777066,-1.324529409
-0.935744105,-1.358694673
-0.935698269,-1.393739104
-0.935656725,-1.430379152
-0.935607312,-1.466481447
-0.93554729,-1.50128901
-0.9354915,-1.536672592
-0.935457824,-1.568832636
-0.935406921,-1.603075385
-0.935360907,-1.636452794
-0.935322819,-1.671480298
-0.935281811,-1.704243541
-0.935171602,-1.739622951
-0.935141919,-1.771036148
-0.935122548,-1.808630466
-0.935056565,-1.836289287
-0.93500161,-1.872551918
-0.934960781,-1.902271509
-0.934905527,-1.937345862
-0.934857069,-1.968465567
-0.934804736,-2.002424955
-0.934773443,-2.036893368
-0.93470907,-2.068009377
-0.934682427,-2.0973382
-0.934628425,-2.127467394
-0.934530018,-2.160794497
-0.934455274,-2.190075159
-0.934424458,-2.225290298
-0.934372364,-2.256192446
-0.934327481,-2.287492752
-0.934244333,-2.31683135
-0.934191642,-2.348871469
-0.93414521,-2.381644964
-0.934108434,-2.411523581
-0.934049187,-2.441107512
-0.933961568,-2.470383406
-0.933927534,-2.498144865
-0.933862863,-2.530209541
-0.933800099,-2.559351444
-0.933781801,-2.590933561
-0.933716474,-2.616948366
-0.933617292,-2.647574902
-0.933552442,-2.67244029
-0.933479188,-2.70107913
-0.933461009,-2.732780218
-0.933409153,-2.760612249
-0.933348058,-2.788276434
-0.933265863,-2.815276861
-0.933230219,-2.843512297
-0.933126865,-2.867601871
-0.933083115,-2.894603491
-0.933035968,-2.923773527
-0.932950972,-2.950167656
-0.932915567,-2.977781773
-0.932833074,-3.006416559
-0.932785628,-3.034847975
-0.932737229,-3.058873415
-0.93265116,-3.087068558
-0.932596205,-3.10974288
-0.932516335,-3.13689971
-0.932457088,-3.161949158
-0.932392715,-3.191672802
-0.932327388,-3.216921091
-0.932236491,-3.239691257
-0.932191489,-3.265944004
-0.932139931,-3.289599419
-0.932070611,-3.310080767
-0.9319776869999999,-3.339713335
-0.931934355,-3.361751318
-0.93184763,-3.386899948
-0.931764362,-3.408962965
-0.931703625,-3.434355021
-0.931626556,-3.458093882
-0.931545554,-3.479845524
-0.931464491,-3.504382849
-0.931380032,-3.528512716
-0.931294022,-3.550899267
-0.93124765,-3.574086189
-0.931177674,-3.594526768
-0.931115804,-3.617952824
-0.931024967,-3.641045809
-0.930971561,-3.662205219
-0.930903671,-3.686878204
-0.930836497,-3.705946922
-0.930761037,-3.726450443
-0.930662273,-3.747634888
-0.930611251,-3.769937277
-0.93052852,-3.788755417
-0.930456279,-3.808663368
-0.930389522,-3.830375671
-0.930298446,-3.851770878
-0.93021798,-3.868208408
-0.93014103,-3.889574528
-0.930065749,-3.910941124
-0.929965554,-3.933161974
-0.929892836,-3.95143342
-0.929831384,-3.972759247
-0.929731606,-3.989043713
-0.929661928,-4.012319565
-0.929594098,-4.031362534
-0.929529307,-4.049051762
-0.929430245,-4.069177151
-0.929338453,-4.088617325
-0.929261027,-4.108748436
-0.929187773,-4.127545834
-0.929073332,-4.145022869
-0.929000137,-4.162929058
-0.928911386,-4.182785511
-0.928855537,-4.197942734
-0.928759215,-4.215452671
-0.92865002,-4.232017994
-0.928582845,-4.249246597
-0.928477822,-4.267661572
-0.928409038,-4.286038399
-0.928348301,-4.303295612
-0.92824596,-4.319289207
-0.92816299,-4.337666035
-0.9281072,-4.353312492
-0.927967666,-4.370999813
-0.927885292,-4.38613081
-0.927801369,-4.402453899
-0.927701948,-4.418202877
-0.927622734,-4.437563896
-0.927538393,-4.452866554
-0.927428542,-4.468919754
-0.92735946,-4.482636929
-0.927277563,-4.498413086
-0.927174268,-4.51520586
-0.927090762,-4.529521465
-0.9269775729999999,-4.543851376
-0.926860927,-4.560005665
-0.926796971,-4.574975491
-0.926673828,-4.591377258
-0.926617978,-4.603391171
-0.926526306,-4.618051529
-0.92643082,-4.630153656
-0.926315306,-4.644787788
-0.926245568,-4.65974474
-0.926138459,-4.673742771
-0.926069437,-4.690331936
-0.925956605,-4.702078342
-0.925900756,-4.71656847
-0.925794004,-4.73030138
-0.925657747,-4.744684696
-0.9255992749999999,-4.755819321
-0.925478099,-4.770393848
-0.92538148,-4.783532619
-0.925298808,-4.794944286
-0.925219594,-4.807897568
-0.925110815,-4.822236538
-0.924999593,-4.834845543
-0.924922882,-4.845757484
-0.924812017,-4.862297535
-0.9247075299999999,-4.870787621
-0.924595771,-4.887163162
-0.924533783,-4.898068428
-0.924422441,-4.909955978
-0.924316643,-4.921636581
-0.924204348,-4.934770107
-0.924132405,-4.947466373
-0.9240156389999999,-4.956323147
-0.923915742,-4.967918396
-0.923786281,-4.980343819
-0.923693238,-4.994265079
-0.923632322,-5.005850792
-0.923520086,-5.018090248
-0.923429964,-5.029218674
-0.923327742,-5.035587311
-0.923241852,-5.048968315
-0.923100052,-5.05642128
-0.923036335,-5.067651749
-0.922915636,-5.079436302
-0.922841726,-5.090214729
-0.922730861,-5.101211071
-0.9226250029999999,-5.108946323
-0.922506867,-5.122296333
-0.922405837,-5.13017416
-0.92233604,-5.139401436
-0.922209797,-5.147315979
-0.922096549,-5.155615807
-0.922010301,-5.163551331
-0.921935616,-5.173484802
-0.9218270159999999,-5.180912495
-0.92168927,-5.197373867
-0.921649216,-5.200821877
-0.921480356,-5.210856915
-0.921415327,-5.219490051
-0.921341119,-5.226949692
-0.921216486,-5.235117912
-0.921115218,-5.242221355
-0.921027182,-5.250453472
-0.920942782,-5.259852886
-0.920815287,-5.264538288
-0.920768319,-5.274099827
-0.920640586,-5.283154011
-0.920566855,-5.293510914
-0.920442222,-5.309573174
-0.920284031,-5.34092474
-0.92011231,-5.363024235
-0.919923363,-5.378940582
-0.919763623,-5.385245323
-0.919592558,-5.391207218
-0.919444798,-5.39081955
-0.919295488,-5.395800591
-0.91920775,-5.404530525
-0.919116376,-5.407243729
-0.919007538,-5.415065289
-0.918898044,-5.424636841
-0.918786584,-5.432855606
-0.918686329,-5.442051888
-0.918553768,-5.447646618
-0.918425141,-5.460857391
-0.918325244,-5.465094566
-0.918198166,-5.474062443
-0.918121634,-5.481713295
-0.918000815,-5.49249649
-0.917870818,-5.497615337
-0.917778788,-5.503104687
-0.917683719,-5.511063576
-0.917561112,-5.519506454
-0.917499183,-5.526821136
-0.917342303,-5.532917023
-0.917218683,-5.538946629
-0.917121766,-5.548913002
-0.917035339,-5.556807041
-0.916914521,-5.562327385
-0.916805564,-5.568779945
-0.916681884,-5.580910683
-0.916581092,-5.585756302
-0.916457651,-5.590633392
-0.916334091,-5.598218441
-0.916246472,-5.604998589
-0.916100798,-5.614856243
-0.916011212,-5.618916988
-0.915874003,-5.626375198
-0.915797887,-5.631575108
-0.915639995,-5.639763832
-0.915551124,-5.646517277
-0.915433107,-5.649296761
-0.915284453,-5.661705494
-0.915214656,-5.667628288
-0.915065704,-5.670894623
-0.915000616,-5.675282478
-0.914869307,-5.685098648
-0.914720831,-5.689971924
-0.914597211,-5.697798252
-0.914526878,-5.703377724
-0.914412199,-5.709102631
-0.914307652,-5.716920853
-0.914188145,-5.724187851
-0.914066313,-5.73035717
-0.913939891,-5.732800484
-0.913832424,-5.740831375
-0.913734613,-5.747642517
-0.913586555,-5.757690907
-0.913481293,-5.758556843
-0.913369177,-5.762589455
-0.91326022,-5.769132614
-0.913148759,-5.775961876
-0.91300082,-5.782430172
-0.912905453,-5.786559105
-0.912800012,-5.794481277
-0.912678598,-5.799132824
-0.912548779,-5.807786465
-0.912464617,-5.811014175
-0.912310896,-5.815502167
-0.91223949,-5.822214603
-0.912082193,-5.828883171
-0.91196215,-5.834573269
-0.911852298,-5.839783192
-0.911749361,-5.841128826
-0.911611436,-5.850365639
-0.911490558,-5.852087498
-0.911388813,-5.860826969
-0.911282597,-5.867283344
-0.911165057,-5.870121956
-0.911019681,-5.874790192
-0.91091281,-5.879470825
-0.910755036,-5.887310028
-0.910659669,-5.88917923
-0.910528539,-5.89462471
-0.910476921,-5.899637222
-0.910307823,-5.907479286
-0.910202382,-5.91266346
-0.910062371,-5.915803909
-0.909946023,-5.920534134
-0.909859238,-5.924289703
-0.909726797,-5.932207584
-0.909631072,-5.93472147
-0.909498451,-5.940984726
-0.90933728,-5.944089413
-0.909250794,-5.947659492
-0.909111736,-5.955776215
-0.908991097,-5.960974216
-0.908890305,-5.964576244
-0.908765135,-5.967381477
-0.908647237,-5.971668243
-0.908525763,-5.978285313
-0.908384739,-5.986584187
-0.908263026,-5.989290237
-0.908119856,-5.992251873
-0.90800905,-5.997968674
-0.907881795,-6.000082016
-0.907776771,-6.003926754
-0.907649515,-6.011465073
-0.907531558,-6.014576912
-0.907384275,-6.018408775
-0.907300947,-6.022497654
-0.907173274,-6.029636383
-0.907035289,-6.034272671
-0.906914232,-6.036531448
-0.906762896,-6.043023586
-0.906654773,-6.048183441
-0.906537948,-6.050086021
-0.906399367,-6.055431366
-0.906289456,-6.05708456
-0.906185327,-6.061358452
-0.906026123,-6.067913055
-0.905884443,-6.072862148
-0.905769704,-6.076547146
-0.905645547,-6.080802441
-0.905540047,-6.084032059
-0.905399738,-6.084831238
-0.905281304,-6.092457294
-0.905157087,-6.094932556
-0.905041693,-6.098684788
-0.904909072,-6.105053902
-0.904755531,-6.108448029
-0.904651819,-6.111520767
-0.904537199,-6.118464947
-0.90438181,-6.122284889
-0.904285489,-6.124788284
-0.904156862,-6.125902653
-0.904040931,-6.133430958
-0.903890906,-6.137726784
-0.903774915,-6.141212463
-0.903654574,-6.144804001
-0.903508959,-6.148435116
-0.903384982,-6.151776791
-0.903232632,-6.153264523
-0.903100131,-6.159897327
-0.903003572,-6.162744522
-0.902843116,-6.165099144
-0.902741132,-6.167591095
-0.902630983,-6.174310207
-0.902475176,-6.179341316
-0.902359841,-6.180888653
-0.902216731,-6.183536053
-0.902126966,-6.185918808
-0.901979504,-6.191414833
-0.901880441,-6.194337368
-0.901719449,-6.200400829
-0.901597021,-6.203104496
-0.901438354,-6.204812527
-0.901345251,-6.207958698
-0.9011811,-6.214999676
-0.901089547,-6.219532013
-0.900943516,-6.221210003
-0.900813339,-6.223792553
-0.90068203,-6.226967812
-0.900552211,-6.230912685
-0.900437949,-6.236093044
-0.90029615,-6.239881992
-0.900124608,-6.242322922
-0.90002477,-6.246844292
-0.899868904,-6.246329784
-0.899731396,-6.250855446
-0.899619578,-6.257771969
-0.899495659,-6.258830547
-0.899377046,-6.260940552
-0.899240075,-6.265478611
-0.899092315,-6.266829967
-0.898964642,-6.271691322
-0.898834346,-6.274341583
-0.898717521,-6.276966572
-0.898597775,-6.279531002
-0.89845228,-6.281673908
-0.898313163,-6.287054062
-0.898191271,-6.290625095
-0.898054598,-6.296823025
-0.897934793,-6.299847603
-0.897811053,-6.299548626
-0.897658406,-6.302288055
-0.89755672,-6.30517149
-0.897401212,-6.309248924
-0.897277234,-6.315845013
-0.897153614,-6.314836502
-0.897012947,-6.317082882
-0.896890936,-6.323373318
-0.896753905,-6.325474739
-0.896627424,-6.329202652
-0.896488247,-6.330599308
-0.896358309,-6.33323431
-0.89621955,-6.336142063
-0.896080194,-6.338606834
-0.895934818,-6.340999603
-0.895788608,-6.345430851
-0.895648716,-6.349087238
-0.895557044,-6.351597786
-0.8953979,-6.352960587
-0.895300208,-6.357863426
-0.895156084,-6.361010075
-0.895006714,-6.364050865
-0.894846259,-6.363926411
-0.894768832,-6.367546082
-0.894579409,-6.368426323
-0.894476829,-6.375495911
-0.894327996,-6.376626015
-0.894184111,-6.381555557
-0.894090174,-6.38178587
-0.893914519,-6.387496948
-0.893788813,-6.387180805
-0.893672405,-6.392354012
-0.893537102,-6.395044327
-0.893387614,-6.399737835
-0.893236695,-6.397963524
-0.893129883,-6.403102398
-0.892966745,-6.405525208
-0.892832754,-6.408707619
-0.892714141,-6.41108036
-0.892580567,-6.411798
-0.892440615,-6.415599346
-0.892298279,-6.418483734
-0.892184017,-6.418440342
-0.892029105,-6.425060272
-0.891920684,-6.426621914
-0.891761718,-6.430886745
-0.891641675,-6.432188988
-0.891509829,-6.437309742
-0.891348658,-6.435934067
-0.891196845,-6.440582275
-0.891107617,-6.438971519
-0.890955685,-6.446015835
-0.890800713,-6.446819782
-0.890672205,-6.448597908
-0.890558301,-6.450115681
-0.890398143,-6.455307484
-0.89027345,-6.461338043
-0.890159367,-6.461402416
-0.889982699,-6.463402271
-0.889873145,-6.463788986
-0.889730332,-6.468164921
-0.889606295,-6.471942902
-0.889443336,-6.472975731
-0.889309941,-6.477603436
-0.889190314,-6.477845192
-0.889043985,-6.481731415
-0.888887046,-6.481333256
-0.888756273,-6.48510313
-0.88860756,-6.488756657
-0.888508199,-6.49099493
-0.88838738,-6.491649151
-0.888229845,-6.496500969
-0.888107715,-6.496300697
-0.88793814,-6.503232479
-0.887817143,-6.502891064
-0.887668131,-6.50478363
-0.887559651,-6.50953722
-0.8874129629999999,-6.509697914
-0.887244878,-6.513305664
-0.8871047479999999,-6.515566349
-0.886963723,-6.518871307
-0.886821745,-6.52089262
-0.886686264,-6.520863533
-0.886559365,-6.520445347
-0.886414824,-6.526791573
-0.886287449,-6.529066563
-0.88613504,-6.531486988
-0.886005042,-6.53624773
-0.885867296,-6.536570549
-0.885725258,-6.538092136
-0.885597466,-6.540910244
-0.885481475,-6.543875694
-0.885343371,-6.54724884
-0.885194717,-6.548803329
-0.885059474,-6.548931122
-0.884869812,-6.550742626
-0.884772299,-6.555141449
-0.884609995,-6.554467201
-0.884500859,-6.55649662
-0.884349464,-6.56182003
-0.884198127,-6.565080643
-0.884040175,-6.564772606
-0.883906601,-6.568804741
-0.883810995,-6.569266796
-0.883646427,-6.57016468
-0.883532701,-6.573889256
-0.883391855,-6.576595783
-0.883253811,-6.575739861
-0.883093355,-6.58319664
-0.882966636,-6.583294868
-0.882838665,-6.583395481
-0.882639943,-6.587108612
-0.882537363,-6.590501308
-0.882389901,-6.590886116
-0.882276354,-6.591784477
-0.882116078,-6.59511137
-0.881999848,-6.597398281
-0.881816922,-6.60056591
-0.881683646,-6.60224247
-0.881548343,-6.604689121
-0.88140708,-6.60503006
-0.881278692,-6.605888367
-0.881125627,-6.611921787
-0.881002246,-6.614042759
-0.88083279,-6.614116192
-0.880722104,-6.616259575
-0.880571483,-6.616551876
-0.880429028,-6.62053442
-0.880277572,-6.625500202
-0.88013774,-6.624379635
-0.879998503,-6.627389908
-0.87984818,-6.631397247
-0.879712878,-6.631507874
-0.87959498,-6.630789757
-0.879432378,-6.634974003
-0.8792766909999999,-6.635896206
-0.8791705949999999,-6.639195919
-0.879005252,-6.640435696
-0.878837047,-6.643447399
-0.878727613,-6.645620823
-0.878568767,-6.647436619
-0.878410874,-6.650756836
-0.878308354,-6.654285431
-0.878119109,-6.654803753
-0.877998529,-6.656891346
-0.87785661,-6.657218456
-0.877685545,-6.658824921
-0.877567111,-6.661741734
-0.87739992,-6.663167
-0.877273498,-6.668184757
-0.877135037,-6.667406082
-0.87701845,-6.668459892
-0.876838682,-6.668691158
-0.876714824,-6.670514584
-0.876582382,-6.673514366
-0.876416324,-6.678973675
-0.876267133,-6.67767477
-0.876133559,-6.679363728
-0.875998436,-6.682876587
-0.875839828,-6.685162544
-0.875690041,-6.68626976
-0.875589905,-6.686594963
-0.875429152,-6.691286087
-0.875302671,-6.693200111
-0.875166414,-6.693308353
-0.875017224,-6.695584774
-0.874871073,-6.700359344
-0.874725698,-6.699381351
-0.874589859,-6.701450825
-0.874442218,-6.70204401
-0.874305008,-6.703385353
-0.874188719,-6.706463814
-0.874018787,-6.706816673
-0.873871086,-6.711223602
-0.873700259,-6.713656425
-0.873578547,-6.715184689
-0.873432038,-6.7168293
-0.87331426,-6.718151093
-0.873122273,-6.719467163
-0.8729988909999999,-6.724609852
-0.872849641,-6.728166103
-0.872665582,-6.727468014
-0.872557638,-6.726926327
-0.872398851,-6.723448277
-0.872249065,-6.730376244
-0.872114716,-6.731394291
-0.871959565,-6.733095169
-0.87181568,-6.735227585
-0.871684132,-6.737978935
-0.871505378,-6.736957073
-0.871380149,-6.74163866
-0.871229289,-6.743046761
-0.871116338,-6.743974209
-0.870952247,-6.744925976
-0.870824276,-6.744758129
-0.870667456,-6.750313759
-0.870508192,-6.75133276
-0.870389937,-6.751983643
-0.870225845,-6.755055904
-0.870073495,-6.75759697
-0.869968889,-6.757358551
-0.869802414,-6.758277893
-0.869646965,-6.761706829
-0.86949837,-6.763786316
-0.869362591,-6.767036915
-0.869189916,-6.767233372
-0.869032024,-6.766759872
-0.868907509,-6.768125534
-0.868775008,-6.770721912
-0.868632434,-6.773526669
-0.868484495,-6.777139664
-0.868354259,-6.778069496
-0.868195413,-6.774328232
-0.868028341,-6.778711796
-0.867908893,-6.780316353
-0.867737172,-6.782989502
-0.867635546,-6.787023067
-0.867428063,-6.788498402
-0.86729121,-6.789834023
-0.867144225,-6.79232502
-0.867015896,-6.794661999
-0.866844593,-6.794113636
-0.866695819,-6.797817707
-0.86656004,-6.798259735
-0.866439937,-6.79800272
-0.866291521,-6.800727367
-0.866151987,-6.803879261
-0.866004465,-6.806003571
-0.86581677,-6.806424618
-0.86570972,-6.807335854
-0.86554849,-6.808133125
-0.86541426,-6.812139034
-0.865262745,-6.811919212
-0.865133105,-6.813340664
-0.864956139,-6.816737652
-0.864818631,-6.819342136
-0.864657102,-6.820142269
-0.864508865,-6.821204662
-0.864355264,-6.821258545
-0.864245473,-6.821406841
-0.864071427,-6.825258732
-0.863940535,-6.828958511
-0.863774417,-6.828256607
-0.863620995,-6.830375671
-0.863465546,-6.829035282
-0.86333674,-6.831889153
-0.863190113,-6.836030006
-0.863036392,-6.837259293
-0.862922845,-6.839789867
-0.862745224,-6.838584423
-0.8625925759999999,-6.840155125
-0.862438439,-6.83934164
-0.862330018,-6.842674255
-0.862150369,-6.847553253
-0.86202812,-6.849428177
-0.861853002,-6.849270344
-0.861690043,-6.850389004
-0.861561177,-6.853571415
-0.861428736,-6.852370739
-0.861296056,-6.854005337
-0.86113113,-6.85791254
-0.860976635,-6.858014107
-0.860834239,-6.858950615
-0.860680638,-6.856449127
-0.860535322,-6.862482071
-0.86040443,-6.863687038
-0.860250352,-6.868689537
-0.860078869,-6.866968155
-0.859921811,-6.868492603
-0.859771727,-6.86873436
-0.859638868,-6.870648384
-0.859475253,-6.870240211
-0.859342573,-6.878035545
-0.859178303,-6.878304958
-0.859038411,-6.878876686
-0.858889757,-6.87645483
-0.858743785,-6.879737377
-0.85861182,-6.880662441
-0.858481584,-6.883173943
-0.858277617,-6.886043549
-0.858156202,-6.886758804
-0.857971249,-6.887011051
-0.857875763,-6.887551308
-0.857697127,-6.890795708
-0.857584177,-6.890791416
-0.857426999,-6.892971516
-0.857274292,-6.895746708
-0.857121764,-6.894733429
-0.856971262,-6.896315575
-0.856797276,-6.899569511
-0.856659768,-6.900249481
-0.856515823,-6.903740883
-0.856337903,-6.904558659
-0.856185673,-6.903407097
-0.856051682,-6.904755592
-0.85590273,-6.906135082
-0.855756281,-6.909368992
-0.855582295,-6.911202431
-0.855446039,-6.915296555
-0.855293213,-6.911712646
-0.855156777,-6.913494587
-0.854992686,-6.917551994
-0.85487902,-6.919006348
-0.854713796,-6.920576096
-0.854551731,-6.924911022
-0.854376672,-6.922543526
-0.854255317,-6.925167084
-0.854078291,-6.925906181
-0.853942512,-6.92743206
-0.853801666,-6.929800987
-0.85365182,-6.930997849
-0.853501914,-6.929983139
-0.853355167,-6.935612679
-0.853207884,-6.9363451
-0.853069125,-6.939530849
-0.852918385,-6.938541889
-0.852752028,-6.941990376
-0.852595745,-6.942133904
-0.852464436,-6.940650463
-0.852278648,-6.941701412
-0.852149366,-6.944750786
-0.85201305,-6.948607922
-0.851849137,-6.948391914
-0.851687906,-6.948605061
-0.851576326,-6.948190689
-0.851409076,-6.949287415
-0.851235746,-6.957789421
-0.851085363,-6.957606792
-0.850939987,-6.957607746
-0.850798545,-6.957901001
-0.85064107,-6.956619263
-0.850540755,-6.95872736
-0.850356339,-6.962081909
-0.85019332,-6.96359539
-0.850064633,-6.966086388
-0.849909006,-6.966711998
-0.849722622,-6.967116356
-0.849609135,-6.968432903
-0.849462746,-6.967834949
-0.849295436,-6.973058224
-0.849151013,-6.974524021
-0.84899926,-6.974487305
-0.848781703,-6.975008488
-0.848656772,-6.97638607
-0.848504601,-6.976155758
-0.848340927,-6.976085186
-0.84820771,-6.981104851
-0.848056911,-6.980473995
-0.8478926999999999,-6.982334137
-0.847764371,-6.984221458
-0.847615121,-6.983290672
-0.847418783,-6.987548351
-0.847280739,-6.986759663
-0.847122369,-6.992069244
-0.847005246,-6.991235256
-0.846826492,-6.992723465
-0.846677719,-6.992147923
-0.846539376,-6.996356487
-0.8463648539999999,-7.000226021
-0.846225081,-6.999752998
-0.846061407,-6.999978065
-0.845930932,-6.999358654
-0.84576535,-7.000607967
-0.845611988,-7.003251076
-0.845436154,-7.006305218
-0.845292805,-7.005608559
-0.84515035,-7.008798599
-0.845008073,-7.007180214
-0.844878672,-7.007335186
-0.84470558,-7.011140823
-0.844545482,-7.012337685
-0.844399689,-7.015585899
-0.844228206,-7.017531872
-0.844103931,-7.014700413
-0.843949018,-7.016027451
-0.843780635,-7.020411491
-0.843600391,-7.020060062
-0.843488334,-7.024291039
-0.843313513,-7.023359776
-0.84318292,-7.023353577
-0.843029616,-7.024661541
-0.842866121,-7.024012566
-0.842713891,-7.029284477
-0.842565952,-7.02925539
-0.842422543,-7.030784607
-0.842255948,-7.032644749
-0.842097996,-7.033371449
-0.841944097,-7.036287785
-0.841814397,-7.038066864
-0.841657756,-7.038739681
-0.841508029,-7.038975239
-0.841355501,-7.04023838
-0.841191707,-7.040814877
-0.841038225,-7.039393425
-0.840880571,-7.042099476
-0.840750156,-7.048535347
-0.840568243,-7.049233913
-0.840433715,-7.048914909
-0.84024906,-7.048346043
-0.840126751,-7.048249722
-0.839962123,-7.051002979
-0.839805661,-7.050636768
-0.839685736,-7.054055691
-0.839496492,-7.054994106
-0.839337586,-7.055742741
-0.839204786,-7.058167934
-0.839068471,-7.058795452
-0.838908194,-7.059465885
-0.838749049,-7.061720848
-0.838595031,-7.060880661
-0.838434814,-7.062963009
-0.838312445,-7.06287384
-0.838129161,-7.066854
-0.837969421,-7.067789078
-0.8378247,-7.067386627
-0.837683497,-7.071362019
-0.837460933,-7.068985939
-0.837377844,-7.072555542
-0.837205349,-7.073639393
-0.837042509,-7.07462883
-0.836889563,-7.075780392
-0.836738465,-7.077528
-0.836599467,-7.07686615
-0.836435972,-7.078828812
-0.836266575,-7.075994968
-0.836149929,-7.077322006
-0.835997878,-7.084420204
-0.835853873,-7.084459305
-0.835693536,-7.086650372
-0.835494814,-7.0864501
-0.835378585,-7.088710785
-0.835222898,-7.089354515
-0.835081814,-7.090792179
-0.8349296429999999,-7.088716507
-0.834738134,-7.093309879
-0.834610401,-7.094282627
-0.834462104,-7.095342636
-0.834291874,-7.098843098
-0.834138451,-7.096307278
-0.833963452,-7.101237774
-0.83382505,-7.101365566
-0.833651362,-7.103338718
-0.833547054,-7.102644444
-0.833369372,-7.107907772
-0.833198784,-7.107432365
-0.833061514,-7.106577873
-0.832868753,-7.106573105
-0.832740961,-7.108713627
-0.832580684,-7.107605934
-0.832419096,-7.109873772
-0.832246361,-7.113800526
-0.832109628,-7.114839554
-0.831922231,-7.116913795
-0.831778167,-7.114424706
-0.831619738,-7.118574619
-0.831452427,-7.11948967
-0.83126354,-7.12076664
-0.831143973,-7.122707844
-0.83099818,-7.122683048
-0.830812631,-7.121706963
-0.830673216,-7.12482357
-0.830541669,-7.124349594
-0.830383418,-7.126500607
-0.830235718,-7.128831863
-0.830085455,-7.130397797
-0.829955993,-7.130574226
-0.829761682,-7.133535385
-0.829616187,-7.13451004
-0.829467116,-7.134086132
-0.829324422,-7.136823654
-0.829166709,-7.138488293
-0.829003749,-7.138498306
-0.828833578,-7.134850025
-0.828683911,-7.138061523
-0.828582225,-7.138239384
-0.82838249,-7.144961357
-0.828227161,-7.146243095
-0.828054665,-7.147261143
-0.827902613,-7.145906448
-0.827736376,-7.144264221
-0.827585695,-7.147228718
-0.827449737,-7.148331165
-0.827273188,-7.150495529
-0.827138243,-7.150966167
-0.826972244,-7.154027462
-0.826806722,-7.154293537
-0.826650081,-7.153474331
-0.826512335,-7.158242226
-0.826329706,-7.157560349
-0.826169251,-7.159644604
-0.826041339,-7.161178589
-0.825887082,-7.159027576
-0.825726865,-7.162681103
-0.825568674,-7.159890652
-0.825438498,-7.161386967
-0.825240491,-7.165691376
-0.82510793,-7.165191174
-0.824952958,-7.169712067
-0.824811457,-7.17127943
-0.824650047,-7.168879509
-0.824511586,-7.168154716
-0.824339686,-7.172742844
-0.82419127,-7.176835537
-0.824026404,-7.17755127
-0.82386267,-7.17614603
-0.82371348,-7.17699337
-0.823544202,-7.174978733
-0.823413728,-7.17765522
-0.823255418,-7.176083088
-0.823109148,-7.179644585
-0.822948275,-7.184460163
-0.822793005,-7.187046528
-0.822625516,-7.181959629
-0.822466074,-7.185226917
-0.822345076,-7.186885357
-0.822216449,-7.186374187
-0.822030125,-7.187393188
-0.821880458,-7.191002369
-0.821733533,-7.193843842
-0.821548937,-7.195005894
-0.821405647,-7.193129063
-0.821232079,-7.192052841
-0.821082411,-7.195215702
-0.8209216579999999,-7.200157166
-0.820749758,-7.198289394
-0.820627211,-7.20059824
-0.820461689,-7.202676773
-0.820300279,-7.202721119
-0.820156453,-7.201005459
-0.819964765,-7.202488899
-0.819850026,-7.203046799
-0.819676874,-7.206009865
-0.819504974,-7.207815647
-0.819360254,-7.21071291
-0.819215355,-7.211063862
-0.819043694,-7.210010052
-0.818908809,-7.211934566
-0.818731783,-7.213829994
-0.818587957,-7.215051651
-0.81843215,-7.216522694
-0.818283258,-7.215173244
-0.818097113,-7.218062401
-0.817995308,-7.218373775
-0.817785738,-7.222663879
-0.817617593,-7.220528126
-0.817496,-7.222373009
-0.817357956,-7.224543095
-0.817188321,-7.226088047
-0.817059813,-7.225551605
-0.816893039,-7.226438046
-0.816706834,-7.226305008
-0.816568432,-7.229587555
-0.816402612,-7.2291255
-0.816227911,-7.230604172
-0.816070912,-7.228847504
-0.815926312,-7.231551647
-0.815759538,-7.232378483
-0.815647064,-7.234803677
-0.815436719,-7.237962723
-0.815304456,-7.237154484
-0.815124868,-7.237815857
-0.814977823,-7.240187645
-0.814835189,-7.238953114
-0.814703582,-7.242134094
-0.814492164,-7.242823601
-0.81435561,-7.246193409
-0.814208387,-7.244915009
-0.814027963,-7.243728161
-0.813882707,-7.24819231
-0.813750027,-7.246384621
-0.813596187,-7.247828484
-0.813428937,-7.249901772
-0.813244222,-7.253230572
-0.813115774,-7.25259304
-0.812959014,-7.253108978
-0.812780915,-7.254645348
-0.812634109,-7.252543926
-0.812467037,-7.257750034
-0.812314866,-7.259647369
-0.812174914,-7.259967327
-0.811995147,-7.260321617
-0.81183934,-7.262249947
-0.811701236,-7.262201309
-0.811552046,-7.265089035
-0.811373768,-7.263507843
-0.811214922,-7.265851498
-0.811054347,-7.267066002
-0.810897289,-7.264499187
-0.810750304,-7.266980648
-0.810619948,-7.267128944
-0.8104313,-7.267979622
-0.810308991,-7.271452904
-0.810095308,-7.275965214
-0.809955059,-7.27538538
-0.809788583,-7.272312641
-0.809626458,-7.271355629
-0.809460638,-7.278431892
-0.809305249,-7.277500153
-0.809173582,-7.279277325
-0.80901265,-7.280807018
-0.808826922,-7.279790878
-0.808718203,-7.28051281
-0.808547793,-7.282132626
-0.808366535,-7.28186512
-0.808227716,-7.283363819
-0.808051763,-7.287060738
-0.807884393,-7.286763668
-0.807734607,-7.288864136
-0.807563065,-7.289759159
-0.807446538,-7.288835526
-0.807258485,-7.295568466
-0.807115434,-7.293817043
-0.806892691,-7.295041561
-0.806795297,-7.29308033
-0.806608854,-7.29276228
-0.806461511,-7.29590559
-0.806295393,-7.298586845
-0.806044219,-7.298523903
-0.80583596,-7.300313473
-0.805677293,-7.30237627
-0.805510579,-7.302587509
-0.805357693,-7.302648067
-0.80520588,-7.30611515
-0.805037616,-7.304305077
-0.804893969,-7.307648659
-0.804713247,-7.309327126
-0.804597614,-7.30730772
-0.804441391,-7.307975292
-0.804286001,-7.3078022
-0.804080723,-7.309087276
-0.803939698,-7.309788704
-0.803795932,-7.316381931
-0.803634284,-7.316566467
-0.803445397,-7.315953732
-0.803280352,-7.315636158
-0.803126453,-7.313865185
-0.803011118,-7.315385818
-0.802834032,-7.319702148
-0.80268818,-7.320216179
-0.802494703,-7.319918633
-0.802388845,-7.32334137
-0.802206693,-7.323605537
-0.802050589,-7.324514866
-0.801872907,-7.325881481
-0.801692842,-7.32674408
-0.801567672,-7.329083443
-0.801422177,-7.3289814
-0.801234124,-7.330140591
-0.801073728,-7.331253052
-0.800910054,-7.330078602
-0.800797878,-7.331695557
-0.800622342,-7.332360744
-0.800464032,-7.335078716
-0.8002855759999999,-7.334383011
-0.800147651,-7.336256027
-0.79997742,-7.336408615
-0.799833594,-7.33775568
-0.799681185,-7.340473652
-0.799502788,-7.342573166
-0.799362717,-7.343533516
-0.799155055,-7.343176842
-0.79902768,-7.346072197
-0.798873363,-7.34662962
-0.798715113,-7.34526062
-0.798550306,-7.347113609
-0.798401414,-7.348371983
-0.798235891,-7.348320484
-0.798091231,-7.349796295
-0.797921119,-7.347306728
-0.797749816,-7.350585461
-0.797613023,-7.351963997
-0.797465442,-7.355389118
-0.797279177,-7.356313705
-0.797148703,-7.358988285
-0.796963511,-7.357206821
-0.796847282,-7.357135773
-0.79665613,-7.359376431
-0.796518443,-7.361075401
-0.796362994,-7.361727238
-0.796187697,-7.362567425
-0.796040056,-7.363465309
-0.79588419,-7.362770557
-0.795698045,-7.365118027
-0.795552967,-7.366427898
-0.795406995,-7.367573261
-0.795239089,-7.370903015
-0.795049964,-7.369445324
-0.794918953,-7.371984959
-0.794765947,-7.372141838
-0.794621168,-7.370959759
-0.794463156,-7.372734547
-0.794310985,-7.373070717
-0.794158755,-7.377483845
-0.793968855,-7.375026703
-0.793803154,-7.376739502
-0.793649552,-7.376309872
-0.793473123,-7.378909111
-0.793335913,-7.378352165
-0.793172596,-7.382595062
-0.792993782,-7.381027699
-0.792864202,-7.384167194
-0.792731224,-7.382597446
-0.792559801,-7.384694576
-0.792454837,-7.386030197
-0.792231558,-7.388645172
-0.792080103,-7.388720036
-0.791917382,-7.390033245
-0.791760562,-7.39029932
-0.79157096,-7.391822815
-0.791447161,-7.390308857
-0.791304229,-7.392772675
-0.791113434,-7.397810459
-0.790932773,-7.398326397
-0.790760694,-7.397086143
-0.790615318,-7.39788866
-0.790497182,-7.400137424
-0.790295838,-7.398141861
-0.790131865,-7.396745205
-0.790041206,-7.402207851
-0.789827941,-7.404230118
-0.7896713,-7.406190395
-0.78953254,-7.403713703
-0.789334713,-7.404245377
-0.789211093,-7.404557705
-0.789070545,-7.404951096
-0.788913785,-7.409412861
-0.788729368,-7.410513878
-0.7885567529999999,-7.411976337
-0.788413046,-7.410547733
-0.788237808,-7.409091473
-0.78806865,-7.412478924
-0.787929116,-7.414446831
-0.78774601,-7.414173126
-0.787591694,-7.415698528
-0.787429569,-7.416327
-0.787306843,-7.415648937
-0.78712189,-7.41706562
-0.786976157,-7.415903091
-0.786769388,-7.418562412
-0.786641417,-7.422962189
-0.786456047,-7.424065113
-0.786281643,-7.422494411
-0.786164163,-7.424094677
-0.785990832,-7.4249506
-0.78585404,-7.424411297
-0.785678743,-7.423538208
-0.785511015,-7.430140495
-0.78535348,-7.427820683
-0.785210727,-7.430094719
-0.785037158,-7.428864002
-0.784905193,-7.42953968
-0.78473234,-7.431982994
-0.784589468,-7.435399055
-0.784386037,-7.43546629
-0.784254966,-7.437006474
-0.784107743,-7.433013439
-0.783984719,-7.436094761
-0.783810495,-7.434674263
-0.783631323,-7.441245556
-0.78346443,-7.441474438
-0.78328645,-7.442141533
-0.783133982,-7.444535255
-0.782999871,-7.446158886
-0.782853006,-7.44554615
-0.782627044,-7.444848537
-0.78250861,-7.445095062
-0.782338498,-7.449885845
-0.782163141,-7.448400497
-0.782028554,-7.448705673
-0.781843303,-7.449496269
-0.781682489,-7.453234196
-0.781533359,-7.453953266
-0.781386791,-7.451796532
-0.781222103,-7.456600189
-0.781043707,-7.455668449
-0.780886648,-7.456587791
-0.780697344,-7.455770016
-0.780589936,-7.457866669
-0.780415116,-7.457669258
-0.780248581,-7.462444305
-0.780108629,-7.460908413
-0.779923258,-7.464151859
-0.779745219,-7.463531017
-0.77961999,-7.46203661
-0.77947825,-7.463567734
-0.779318808,-7.46549654
-0.779155491,-7.468935966
-0.778997002,-7.469099998
-0.778834103,-7.470019341
-0.778679846,-7.472836018
-0.778492151,-7.468835354
-0.77835208,-7.470281124
-0.778182624,-7.469110966
-0.778046249,-7.474895477
-0.777886687,-7.476332664
-0.777718423,-7.476902485
-0.777540742,-7.477914333
-0.777358351,-7.479429245
-0.777222274,-7.479430199
-0.777058361,-7.478254318
-0.776899932,-7.480911255
-0.776753305,-7.480790138
-0.776559709,-7.479439735
-0.776436387,-7.484931946
-0.776264189,-7.486373425
-0.776132939,-7.485004902
-0.775942562,-7.485131264
-0.77578616,-7.486548901
-0.775627373,-7.488247871
-0.775494276,-7.488586426
-0.775321124,-7.490101337
-0.775200306,-7.491075039
-0.774985967,-7.493367195
-0.774847565,-7.491646767
-0.774690626,-7.495285988
-0.774500726,-7.495949745
-0.774343012,-7.495565891
-0.774154542,-7.496267796
-0.774031637,-7.49527216
-0.773882804,-7.500380516
-0.773711084,-7.4999547
-0.773562906,-7.502536297
-0.773382364,-7.503682137
-0.773216067,-7.503708363
-0.773065863,-7.505689144
-0.772878943,-7.502867222
-0.772740899,-7.504399776
-0.772565601,-7.507042885
-0.772417126,-7.50556612
-0.772254108,-7.507388115
-0.772097228,-7.509336948
-0.771923779,-7.50662899
-0.771803735,-7.509336948
-0.771633862,-7.507301331
-0.771486877,-7.512969017
-0.771315632,-7.512737751
-0.771120248,-7.516150475
-0.770985721,-7.514388084
-0.770788549,-7.517698288
-0.770674763,-7.515659809
-0.770521222,-7.517403126
-0.770343719,-7.520001888
-0.770200906,-7.51932478
-0.770017324,-7.52097559
-0.769856272,-7.521911144
-0.769663571,-7.520191193
-0.76952946,-7.520474434
-0.769363521,-7.52436161
-0.769234059,-7.525724888
-0.769060371,-7.527210236
-0.768885193,-7.526567936
-0.76875913,-7.529862881
-0.768541334,-7.52976656
-0.768416045,-7.52825737
-0.768285988,-7.528141975
-0.768106101,-7.532720566
-0.767943798,-7.534168243
-0.767787097,-7.535076618
-0.767602561,-7.536179543
-0.767460523,-7.535095215
-0.767290173,-7.536111832
-0.767126916,-7.539509296
-0.766934751,-7.541729927
-0.766808448,-7.54247427
-0.766632555,-7.543730736
-0.766504703,-7.541898251
-0.766330062,-7.542879105
-0.766174017,-7.545096874
-0.766042827,-7.546267033
-0.765862582,-7.547991276
-0.765673218,-7.549977303
-0.765529392,-7.546143532
-0.765344976,-7.548102856
-0.765201626,-7.547710419
-0.765039502,-7.548888206
-0.764872966,-7.552409649
-0.764709292,-7.553356647
-0.764533041,-7.55456543
-0.764380811,-7.553158283
-0.764228104,-7.556087494
-0.764077364,-7.55612421
-0.763903676,-7.556380272
-0.763737259,-7.559290409
-0.763552187,-7.561357975
-0.763470529,-7.562110901
-0.763267873,-7.563843727
-0.763112603,-7.562176228
-0.762936769,-7.563601971
-0.762781916,-7.561557293
-0.762597976,-7.565376759
-0.762438176,-7.565875053
-0.762302397,-7.566367149
-0.762116311,-7.568218708
-0.761975883,-7.56749773
-0.761797367,-7.569062233
-0.761641441,-7.570501328
-0.76148021,-7.571389675
-0.761305926,-7.571949005
-0.761144338,-7.576610088
-0.761013625,-7.574251652
-0.760793863,-7.575882912
-0.760661183,-7.574593544
-0.760510741,-7.57780838
-0.760335146,-7.579356194
-0.760189651,-7.584000111
-0.760015784,-7.580257893
-0.759854494,-7.57930994
-0.759706615,-7.580578804
-0.759543894,-7.580652237
-0.759423671,-7.584891796
-0.759189842,-7.583307743
-0.759069679,-7.585612774
-0.758890865,-7.588075161
-0.758749066,-7.586026192
-0.758602081,-7.588598251
-0.758422194,-7.586636066
-0.758249162,-7.591092587
-0.758095501,-7.591650486
-0.75794345,-7.590426922
-0.757776259,-7.590180874
-0.757603107,-7.59160471
-0.757456599,-7.593494415
-0.757274209,-7.595015526
-0.757118223,-7.596470356
-0.75695443,-7.599086285
-0.756812153,-7.596826553
-0.756616889,-7.600021362
-0.756475626,-7.598967552
-0.756300567,-7.604514122
-0.756139694,-7.604795933
-0.755997835,-7.604716778
-0.755827902,-7.603197575
-0.755659996,-7.602740288
-0.755504249,-7.603117943
-0.755369602,-7.604126453
-0.755173205,-7.605596542
-0.755034564,-7.607326508
-0.754881082,-7.608008385
-0.754726229,-7.611519814
-0.754566131,-7.608754635
-0.754410146,-7.61052227
-0.7542361,-7.612250328
-0.754060505,-7.616561413
-0.753892539,-7.614693642
-0.753743349,-7.614933014
-0.753559349,-7.616044998
-0.753408192,-7.615839005
-0.753277538,-7.616068363
-0.753107486,-7.619102001
-0.75295925,-7.62174511
-0.752759812,-7.622645378
-0.752606092,-7.625809669
-0.752463995,-7.622870922
-0.752274154,-7.622946739
-0.752125381,-7.624796867
-0.7519385199999999,-7.626821518
-0.751802145,-7.629988194
-0.751623986,-7.630533218
-0.751477776,-7.62947607
-0.751320718,-7.626899242
-0.751152216,-7.630212784
-0.750980971,-7.631371021
-0.750825582,-7.629843235
-0.750663636,-7.634522915
-0.750483869,-7.634331226
-0.75035703,-7.636180401
-0.750187693,-7.63434267
-0.7500329,-7.638659
-0.74984294,-7.639387608
-0.749698339,-7.640336037
-0.74953234,-7.638619423
-0.749337135,-7.642157078
-0.749219833,-7.641915321
-0.749050139,-7.641821861
-0.748884676,-7.641756058
-0.74870771,-7.644019604
-0.748558162,-7.645777702
-0.748387514,-7.644228935
-0.748213707,-7.64393568
-0.748066543,-7.645908833
-0.7479206899999999,-7.646626949
-0.74777144,-7.649504185
-0.747596679,-7.649942398
-0.747395692,-7.653468132
-0.747272013,-7.653735161
-0.747106968,-7.651315689
-0.746909617,-7.65177536
-0.746776281,-7.652778149
-0.746607898,-7.655385017
-0.746448455,-7.654863834
-0.746299861,-7.655154705
-0.746118842,-7.658036232
-0.74596989,-7.657848835
-0.745797752,-7.659714222
-0.745612858,-7.658627987
-0.745479344,-7.65853405
-0.745305834,-7.660991669
-0.745157896,-7.66310215
-0.744992552,-7.663334846
-0.744824527,-7.664493561
-0.744639097,-7.665073872
-0.744497536,-7.664576054
-0.744344411,-7.667428493
-0.744144319,-7.67130518
-0.744002579,-7.670101166
-0.743839203,-7.669733047
-0.743708966,-7.671763897
-0.74354416,-7.670454502
-0.743363081,-7.671442986
-0.743184744,-7.672125816
-0.743044673,-7.677032471
-0.742875932,-7.675809383
-0.742707072,-7.67768383
-0.742572485,-7.67859745
-0.742379425,-7.677984238
-0.742251037,-7.679405212
-0.74207115,-7.680909634
-0.741906045,-7.68206501
-0.741764663,-7.683080673
-0.741594015,-7.68177557
-0.741420327,-7.680332661
-0.741241811,-7.684301853
-0.741093276,-7.685181618
-0.740909515,-7.689015865
-0.740779875,-7.689068794
-0.74061781,-7.690165043
-0.740417717,-7.690056324
-0.740289329,-7.689865589
-0.740118502,-7.690019131
-0.739968834,-7.689820766
-0.739790855,-7.694559097
-0.739634989,-7.694243431
-0.73949921,-7.695172787
-0.739302455,-7.695025921
-0.739144562,-7.696632385
-0.739021538,-7.697350979
-0.738819001,-7.698161125
-0.738685546,-7.69797039
-0.738493023,-7.701258183
-0.738322495,-7.701923847
-0.738153039,-7.703462124
-0.737989364,-7.702810287
-0.737873731,-7.703317165
-0.737701951,-7.70625782
-0.737541197,-7.708279133
-0.737365661,-7.707576275
-0.737216054,-7.709741116
-0.737034557,-7.710146904
-0.736890314,-7.711084843
-0.736716209,-7.711113453
-0.7365366799999999,-7.71204567
-0.736375807,-7.712803364
-0.736229179,-7.713494778
-0.736069677,-7.713166714
-0.735898493,-7.715934277
-0.735759316,-7.715525627
-0.735583363,-7.717010498
-0.735421417,-7.717256069
-0.73525673,-7.718762398
-0.735109208,-7.719311237
-0.734939335,-7.721270084
-0.734755157,-7.721879959
-0.73458874,-7.722940922
-0.734431205,-7.720695019
-0.734276174,-7.726262569
-0.734106539,-7.724549294
-0.733953832,-7.72758007
-0.733774779,-7.729676723
-0.733628271,-7.72978735
-0.733473597,-7.725544453
-0.733305095,-7.72975111
-0.733118592,-7.731262684
-0.73296809,-7.733862877
-0.732807217,-7.734899044
-0.732642053,-7.73301506
-0.732468603,-7.730503082
-0.732295213,-7.728919029
-0.732147275,-7.735460758
-0.731984733,-7.734240532
-0.731825708,-7.739866257
-0.73165792,-7.742150307
-0.73148608,-7.740513802
-0.731345592,-7.741733551
-0.731156467,-7.743069172
-0.730991362,-7.741252899
-0.730848609,-7.741197109
-0.730660198,-7.744245052
-0.730509339,-7.746718884
-0.730341313,-7.748419285
-0.730176149,-7.747634888
-0.730020462,-7.7491889
-0.729846833,-7.746661186
-0.72969663,-7.749794483
-0.729541598,-7.749544144
-0.729360936,-7.749153137
-0.729224859,-7.750647545
-0.729065655,-7.751773834
-0.728879808,-7.75381279
-0.728736637,-7.756836414
-0.728567479,-7.755608559
-0.7283825859999999,-7.757508755
-0.728230534,-7.758903027
-0.728040872,-7.760477066
-0.727891503,-7.759802341
-0.727740822,-7.756906986
-0.727581142,-7.761374474
-0.72741246,-7.75919199
-0.727240382,-7.761737823
-0.727114974,-7.764028549
-0.726918278,-7.76721859
-0.726760207,-7.763618469
-0.726607738,-7.768235683
-0.726441024,-7.766163826
-0.726271628,-7.767760754
-0.72614157,-7.768043518
-0.725970266,-7.77061367
-0.725811241,-7.770545483
-0.725656686,-7.77283287
-0.725465177,-7.772709846
-0.725340782,-7.774168015
-0.725134192,-7.773917675
-0.72497922,-7.776213169
-0.72483444,-7.77616024
-0.724659441,-7.776395321
-0.72450888,-7.776451588
-0.724335013,-7.777956486
-0.724186478,-7.776783466
-0.723983405,-7.78182888
-0.723858414,-7.778019428
-0.723704515,-7.779953003
-0.723525344,-7.78422451
-0.723380564,-7.785377502
-0.723198233,-7.785908222
-0.723021625,-7.787820339
-0.722864686,-7.787251949
-0.722702799,-7.785798073
-0.722515343,-7.788510323
-0.722391663,-7.788920879
-0.722216545,-7.789299965
-0.722062109,-7.788339615
-0.721915303,-7.788866043
-0.721744714,-7.792149544
-0.721560596,-7.792819977
-0.721376775,-7.796114445
-0.721231101,-7.793495655
-0.721074341,-7.796788692
-0.720892904,-7.793767929
-0.720785676,-7.796667099
-0.720618961,-7.79900074
-0.720449565,-7.802019119
-0.720287798,-7.802486897
-0.720129071,-7.800983906
-0.719964741,-7.799922466
-0.719797788,-7.80491209
-0.719626783,-7.804703236
-0.719481824,-7.805149555
-0.719313322,-7.80354166
-0.719156025,-7.805839062
-0.71897435,-7.804986954
-0.718815742,-7.808114052
-0.718644558,-7.806211472
-0.718479035,-7.808731556
-0.718343912,-7.813805103
-0.718186913,-7.814361572
-0.717983304,-7.814295769
-0.717848359,-7.812058926
-0.717689334,-7.812259674
-0.717493771,-7.813783646
-0.717350541,-7.815989971
-0.717198907,-7.815200806
-0.717011748,-7.818186283
-0.716850696,-7.816987991
-0.716718553,-7.818962097
-0.716555832,-7.820897579
-0.716385005,-7.82308054
-0.716199635,-7.820909977
-0.716047524,-7.824133873
-0.71588218,-7.824566364
-0.715720115,-7.822173595
-0.715574442,-7.825246811
-0.715397475,-7.827890873
-0.715222238,-7.826683521
-0.715068637,-7.827720165
-0.71490979,-7.829130173
-0.714728175,-7.831990719
-0.714567481,-7.828940392
-0.714419184,-7.833008289
-0.714288233,-7.831046104
-0.714087782,-7.834516048
-0.713956473,-7.836019516
-0.713763474,-7.835819244
-0.713603793,-7.83404541
-0.71345955,-7.835065365
-0.713303266,-7.837752819
-0.713122545,-7.835776806
-0.7129423,-7.839511871
-0.712818084,-7.839848518
-0.712641297,-7.843158245
-0.712492285,-7.843561649
-0.712302504,-7.840941429
-0.712164996,-7.845108032
-0.712022482,-7.84599638
-0.711833535,-7.847429752
-0.711648939,-7.844265938
-0.711501239,-7.848341942
-0.711346267,-7.847326279
-0.711164651,-7.848957062
-0.710982202,-7.849220753
-0.71087545,-7.849249363
-0.710666535,-7.853744984
-0.710506437,-7.851742744
-0.710348783,-7.851394653
-0.710177062,-7.854989529
-0.710011421,-7.853159904
-0.709877787,-7.85716629
-0.709726809,-7.857483864
-0.709505735,-7.857295513
-0.709367452,-7.85851717
-0.709201692,-7.857089043
-0.709043263,-7.856686115
-0.708891271,-7.86324501
-0.708741663,-7.863153458
-0.708557187,-7.86498785
-0.70840293,-7.864383221
-0.70822799,-7.866016388
-0.708079217,-7.864587784
-0.707892237,-7.867758274
-0.707779227,-7.867834568
-0.707575617,-7.86969471
-0.707440613,-7.869785786
-0.707266865,-7.871659756
-0.707091747,-7.870882988
-0.706915854,-7.869034767
-0.706757484,-7.870288849
-0.706603406,-7.872807026
-0.706472872,-7.874546051
-0.706281958,-7.876318932
-0.706135569,-7.876469135
-0.705951331,-7.876513004
-0.705797968,-7.879069805
-0.705630241,-7.878980637
-0.70549011,-7.883321285
-0.705331979,-7.882272243
-0.705195306,-7.880683422
-0.7049641,-7.882992268
-0.704844056,-7.879491806
-0.704686103,-7.884448051
-0.704533158,-7.883415222
-0.704360662,-7.887554169
-0.704201816,-7.886555672
-0.704044042,-7.889493942
-0.703876255,-7.888924122
-0.703705786,-7.89279604
-0.703560768,-7.890481949
-0.703386901,-7.891803741
-0.703202901,-7.89504528
-0.703059791,-7.892796516
-0.702917336,-7.892888069
-0.702748952,-7.892389774
-0.702564476,-7.895564079
-0.702415286,-7.895243645
-0.702252148,-7.89759016
-0.702089725,-7.899181843
-0.701929269,-7.902133942
-0.701746462,-7.900806904
-0.701587139,-7.899860859
-0.701418338,-7.901479244
-0.701294778,-7.906245232
-0.701099871,-7.907690525
-0.700934289,-7.905854225
-0.700777588,-7.904520988
-0.700624524,-7.905472755
-0.700449942,-7.906607628
-0.700302063,-7.904837132
-0.700126646,-7.910190105
-0.699981032,-7.913498402
-0.699799715,-7.913428783
-0.699650941,-7.913550854
-0.699496148,-7.909316063
-0.699324129,-7.91131115
-0.699178217,-7.913109303
-0.698991654,-7.913919449
-0.698807715,-7.91767931
-0.698666452,-7.916613102
-0.698483644,-7.915646553
-0.698355971,-7.915659904
-0.698170481,-7.916680336
-0.69805151,-7.91890192
-0.697828053,-7.921303272
-0.697695194,-7.921186924
-0.697528837,-7.925813198
-0.697348533,-7.923211575
-0.697214661,-7.924548626
-0.69703537,-7.925042152
-0.696887432,-7.927528858
-0.696696458,-7.92693615
-0.696523903,-7.928613186
-0.696359335,-7.927316189
-0.69619572,-7.92852354
-0.696054397,-7.92863512
-0.695899187,-7.928277493
-0.695732413,-7.930069923
-0.695579169,-7.932339668
-0.695377348,-7.933047771
-0.695272444,-7.93594265
-0.695086537,-7.932325363
-0.694960056,-7.934195042
-0.694791971,-7.937704563
-0.694620667,-7.939267159
-0.694447396,-7.939567089
-0.694261788,-7.942972183
-0.694125591,-7.941615582
-0.69393724,-7.940352917
-0.693765281,-7.939007282
-0.693630813,-7.941766739
-0.693477927,-7.94291544
-0.69329655,-7.945149899
-0.693142591,-7.947897434
-0.692967592,-7.945813656
-0.692834793,-7.944422722
-0.692662476,-7.944719791
-0.692490337,-7.947829247
-0.692333816,-7.947543621
-0.692198275,-7.949618816
-0.692023275,-7.949566364
-0.691858945,-7.951580524
-0.691699205,-7.951557159
-0.691506265,-7.954367161
-0.691329775,-7.955805302
-0.691218076,-7.960158825
-0.691028116,-7.955449581
-0.690881549,-7.956683159
-0.690734563,-7.956643105
-0.690555511,-7.959708691
-0.690372704,-7.960829258
-0.69022548,-7.960905552
-0.690027712,-7.960211277
-0.689925967,-7.96326685
-0.689771591,-7.960839748
-0.689586042,-7.960608959
-0.689419506,-7.962537766
-0.689274011,-7.965737343
-0.689067958,-7.967716217
-0.688934384,-7.968418598
-0.688773749,-7.967297554
-0.688611625,-7.96974802
-0.688454149,-7.97051239
-0.688291488,-7.970234871
-0.688135145,-7.972964287
-0.687972186,-7.972780228
-0.687821565,-7.971696377
-0.687650262,-7.976259708
-0.687478839,-7.975644112
-0.687336383,-7.977778912
-0.687163709,-7.977505207
-0.687018393,-7.979520321
-0.686849115,-7.979272366
-0.686678467,-7.976242542
-0.686538277,-7.981828213
-0.686347066,-7.983039379
-0.686185179,-7.983063698
-0.686018048,-7.984441757
-0.685869811,-7.983267784
-0.685728429,-7.984984398
-0.68555945,-7.986421585
-0.685398815,-7.985474586
-0.68521261,-7.986105919
-0.68507844,-7.989844799
-0.684928833,-7.990256786
-0.684728621,-7.989768028
-0.68458247,-7.989735603
-0.684416769,-7.989857197
-0.68422973,-7.990928173
-0.684078155,-7.992307186
-0.683940826,-7.998093605
-0.683742104,-7.998744965
-0.683564363,-7.994943619
-0.683449624,-7.996865749
-0.683269559,-7.99451828
-0.683087586,-7.999026775
-0.682973681,-7.997485161
-0.682814656,-7.999585152
-0.682622789,-7.999514103
-0.682494877,-8.001143456
-0.6823045,-8.000742912
-0.682145177,-8.000946999
-0.681995867,-8.003341675
-0.68182963,-8.004108429
-0.681660472,-8.003095627
-0.681531308,-8.008458138
-0.681356607,-8.007655144
-0.681188045,-8.008223534
-0.681037663,-8.010601044
-0.680850504,-8.012979507
-0.680703698,-8.008926392
-0.680527983,-8.009539604
-0.680389879,-8.009513855
-0.680251179,-8.010581017
-0.68009275,-8.013995171
-0.67990881,-8.01406765
-0.679746745,-8.013996124
-0.679581521,-8.01669693
-0.679416476,-8.014169693
-0.679285584,-8.017453194
-0.679084001,-8.017436028
-0.678926824,-8.022500992
-0.678748546,-8.024543762
-0.67859119,-8.022137642
-0.678450344,-8.020579338
-0.678294478,-8.023677826
-0.67810881,-8.022696495
-0.67798066,-8.025478363
-0.677790044,-8.025555611
-0.677611528,-8.027476311
-0.677478133,-8.026416779
-0.677327929,-8.026453972
-0.677173195,-8.027683258
-0.677013157,-8.028446198
-0.676862298,-8.031403542
-0.67670369,-8.030497551
-0.676507888,-8.030498505
-0.676395176,-8.032180786
-0.676215945,-8.031754494
-0.676050125,-8.033596039
-0.675864575,-8.033574104
-0.67573422,-8.03741169
-0.675554631,-8.036860466
-0.675415216,-8.040940285
-0.675226865,-8.036811829
-0.675091205,-8.042048454
-0.674941717,-8.042139053
-0.674773632,-8.039085388
-0.674662588,-8.040505409
-0.674480436,-8.041844368
-0.674291251,-8.044520378
-0.674107252,-8.045819283
-0.674010037,-8.045732498
-0.673851607,-8.046089172
-0.673664628,-8.047837257
-0.673521755,-8.050362587
-0.673342643,-8.046159744
-0.673205195,-8.048279762
-0.673046229,-8.047586441
-0.672903596,-8.053017616
-0.672754703,-8.050140381
-0.6725367289999999,-8.055064201
-0.672420321,-8.056361198
-0.67225915,-8.056856155
-0.67206472,-8.052410126
-0.671937762,-8.057266235
-0.671747385,-8.056136131
-0.671594856,-8.057817459
-0.671450077,-8.058264732
-0.671284674,-8.056582451
-0.671133457,-8.058571815
-0.670997618,-8.060558319
-0.670792101,-8.061979294
-0.670644043,-8.062930107
-0.670463083,-8.063452721
-0.670323251,-8.063407898
-0.670174478,-8.064101219
-0.670010326,-8.067117691
-0.669870017,-8.067406654
-0.669699131,-8.069609642
-0.669539152,-8.069718361
-0.669363139,-8.069990158
-0.669222472,-8.069347382
-0.669076441,-8.071928024
-0.66891074,-8.070055008
-0.668731509,-8.07331562
-0.668605564,-8.073095322
-0.668405054,-8.073483467
-0.668247638,-8.073437691
-0.668103455,-8.077152252
-0.667930065,-8.07543087
-0.667778669,-8.077976227
-0.667622207,-8.078080177
-0.667457877,-8.078479767
-0.667313872,-8.080019951
-0.667159854,-8.081999779
-0.666989742,-8.080980301
-0.666815756,-8.083832741
-0.666701375,-8.082544327
-0.666517077,-8.085269928
-0.66634631,-8.086216927
-0.666226445,-8.084826469
-0.66603422,-8.088124275
-0.665921031,-8.087814331
-0.665750025,-8.088445663
-0.665575204,-8.091930389
-0.665398596,-8.092467308
-0.665263174,-8.09072876
-0.665098427,-8.091057777
-0.664971588,-8.088953018
-0.66479337,-8.09139061
-0.664637147,-8.09239006
-0.664466618,-8.094447136
-0.664302943,-8.096151352
-0.664129136,-8.095661163
-0.663991509,-8.098014832
-0.663845239,-8.097450256
-0.663672982,-8.101477623
-0.663509486,-8.103214264
-0.66335219,-8.102366447
-0.663196502,-8.102971077
-0.663068531,-8.101801872
-0.662876604,-8.105062485
-0.662758945,-8.104953766
-0.662580786,-8.105077744
-0.662441133,-8.106603622
-0.662263868,-8.105020523
-0.662121413,-8.106618881
-0.661954222,-8.106505394
-0.661816357,-8.10804081
-0.66165751,-8.110795021
-0.661512611,-8.115188599
-0.661344407,-8.111304283
-0.661138473,-8.114392281
-0.66104245,-8.115087509
-0.660851715,-8.114149094
-0.660718737,-8.115194321
-0.660528479,-8.119860649
-0.66038519,-8.118250847
-0.660198329,-8.116382599
-0.660046635,-8.118617058
-0.659881173,-8.118047714
-0.659747718,-8.118461609
-0.659611104,-8.120794296
-0.65942329,-8.121562958
-0.659242747,-8.121909142
-0.659110246,-8.123049736
-0.65894991,-8.121714592
-0.658776997,-8.123953819
-0.658655046,-8.125442505
-0.658487795,-8.126839638
-0.65832114,-8.128007889
-0.658155022,-8.130327225
-0.658003626,-8.128673553
-0.65785986,-8.130307198
-0.657687066,-8.127937317
-0.657539008,-8.130079269
-0.657421885,-8.130344391
-0.657256899,-8.131949425
-0.657066463,-8.132590294
-0.656937538,-8.132705688
-0.656753777,-8.13472271
-0.656604467,-8.132975578
-0.656443058,-8.137481689
-0.65630406,-8.138539314
-0.656150578,-8.13848114
-0.655982671,-8.139732361
-0.655821441,-8.139001846
-0.655707596,-8.139318466
-0.655539332,-8.141592979
-0.65538442,-8.141116142
-0.655226467,-8.14470768
-0.655078409,-8.144253731
-0.654919146,-8.147345543
-0.654774128,-8.148418427
-0.654575883,-8.147058487
-0.654433666,-8.144782066
-0.654288171,-8.148497581
-0.654114841,-8.151422501
-0.653988658,-8.151226997
-0.653806148,-8.151409149
-0.65368831,-8.149367332
-0.653508483,-8.150488853
-0.653355835,-8.154044151
-0.653241275,-8.152661324
-0.653072832,-8.154580116
-0.65288919,-8.156699181
-0.652724383,-8.157692909
-0.652573643,-8.159682274
-0.652411578,-8.159667969
-0.652260957,-8.158089638
-0.652114509,-8.156640053
-0.65197259,-8.160226822
-0.651783941,-8.158346176
-0.651679335,-8.16331768
-0.651494024,-8.161519051
-0.651362656,-8.16296196
-0.651204882,-8.163555145
-0.65103191,-8.165234566
-0.6509183629999999,-8.165355682
-0.650766848,-8.16779232
-0.650588034,-8.170450211
-0.650435327,-8.169575691
-0.650273381,-8.170941353
-0.650135635,-8.169920921
-0.649987279,-8.172986984
-0.649828194,-8.172693253
-0.64966601,-8.171349525
-0.649502991,-8.174772263
-0.64936292,-8.175885201
-0.649227021,-8.173786163
-0.649086712,-8.173728943
-0.64892113,-8.173010826
-0.648747025,-8.178701401
-0.648575125,-8.18070507
-0.648438273,-8.177857399
-0.6482594,-8.179595947
-0.648134349,-8.178405762
-0.647989867,-8.181725502
-0.64783865,-8.18022728
-0.647710679,-8.184865952
-0.647517918,-8.187487602
-0.647361098,-8.18579483
-0.647199152,-8.186288834
-0.647044955,-8.184203148
-0.646920262,-8.184768677
-0.646769939,-8.185377121
-0.646610497,-8.185862541
-0.646460889,-8.187973976
-0.646288274,-8.189932823
-0.646143256,-8.190500259
-0.64598131,-8.191703796
-0.645799695,-8.190785408
-0.64567822,-8.192124367
-0.645486413,-8.19287014
-0.645357726,-8.194436073
-0.645224927,-8.19323349
-0.645039259,-8.193471909
-0.644898234,-8.195298195
-0.644781945,-8.197902679
-0.644608675,-8.19689846
-0.644471763,-8.197453499
-0.64430177,-8.199913025
-0.644128798,-8.198895454
-0.643997667,-8.197697639
-0.643833099,-8.199394226
-0.643707989,-8.201810837
-0.643552063,-8.201581955
-0.643423675,-8.205062866
-0.64323449,-8.203531265
-0.643087266,-8.204467773
-0.642906724,-8.205245018
-0.642767606,-8.203564644
-0.642614482,-8.20527935
-0.642478822,-8.2059412
-0.642337142,-8.209920883
-0.642199038,-8.210942268
-0.641998945,-8.208950043
-0.641875086,-8.21043396
-0.641720591,-8.213004112
-0.6415776,-8.214529991
-0.641409276,-8.212439537
-0.641277133,-8.216941833
-0.641102193,-8.214526176
-0.64095342,-8.215004921
-0.64080715,-8.21688652
-0.6406437739999999,-8.217075348
-0.640507756,-8.216046333
-0.640339075,-8.215976715
-0.640190778,-8.219453812
-0.6400398,-8.220088005
-0.639939664,-8.220172882
-0.639752744,-8.223033905
-0.639618872,-8.219332695
-0.639449177,-8.223178864
-0.639304875,-8.228392601
-0.639113067,-8.226663589
-0.638995109,-8.225990295
-0.638849853,-8.226945877
-0.638678907,-8.224496841
-0.638548253,-8.224572182
-0.638414262,-8.225455284
-0.638258217,-8.229475021
-0.638087807,-8.232518196
-0.637930928,-8.230205536
-0.637785671,-8.229624748
-0.63764113,-8.233369827
-0.637516437,-8.233234406
-0.637348888,-8.234426498
-0.637222646,-8.234397888
-0.637083111,-8.237940788
-0.636918841,-8.236738205
-0.636768518,-8.236675262
-0.63662344,-8.235556602
-0.63645005,-8.238195419
-0.636344729,-8.239850044
-0.63617271,-8.241132736
-0.636017619,-8.241909027
-0.635867773,-8.240801811
-0.635703741,-8.240318298
-0.635579107,-8.240410805
-0.635406492,-8.242781639
-0.635255812,-8.245619774
-0.635139523,-8.247836113
-0.634955524,-8.248550415
-0.634804664,-8.248133659
-0.63466966,-8.247913361
-0.634503184,-8.2495718
-0.634395359,-8.248394966
-0.634247778,-8.249647141
-0.63407564,-8.250851631
-0.63391876,-8.254538536
-0.633746205,-8.253192902
-0.633610187,-8.254002571
-0.633457838,-8.251822472
-0.633322774,-8.255874634
-0.633178888,-8.25573349
-0.633025525,-8.257922173
-0.632862685,-8.258904457
-0.632732151,-8.260440826
-0.632565795,-8.260046959
-0.632475494,-8.261237144
-0.63229358,-8.260577202
-0.632158933,-8.262166023
-0.632006286,-8.264151573
-0.631845949,-8.264163017
-0.631662784,-8.2647295
-0.631539999,-8.265684128
-0.631396947,-8.26429081
-0.631235896,-8.267683029
-0.631103812,-8.266375542
-0.630958734,-8.269616127
-0.630794047,-8.269813538
-0.630655525,-8.270545959
-0.630490301,-8.266415596
-0.630338786,-8.27094841
-0.630197404,-8.273499489
-0.630029736,-8.272831917
-0.629889069,-8.272694588
-0.629743038,-8.276394844
-0.629584609,-8.275830269
-0.629444538,-8.274290085
-0.629296957,-8.274907112
-0.629154382,-8.278425217
-0.628995298,-8.28068161
-0.628838239,-8.279058456
-0.628709076,-8.280176163
-0.628555594,-8.28098774
-0.628413795,-8.280256271
-0.628247319,-8.281364441
-0.628122566,-8.283392906
-0.627936481,-8.285257339
-0.627806125,-8.286896706
-0.627648173,-8.287280083
-0.627491234,-8.285797119
-0.627349434,-8.287825584
-0.627192793,-8.287451744
-0.627045868,-8.291230202
-0.626879809,-8.28978157
-0.626753269,-8.289635658
-0.62662047,-8.291812897
-0.626488982,-8.28886795
-0.626338719,-8.289748192
-0.626190243,-8.289909363
-0.626052735,-8.293357849
-0.625856636,-8.293386459
-0.625730215,-8.29501915
-0.625575421,-8.296599388
-0.625454901,-8.296088219
-0.625294922,-8.298599243
-0.625111578,-8.297662735
-0.624996005,-8.299339294
-0.624848722,-8.299943924
-0.624703107,-8.302105904
-0.624548255,-8.301482201
-0.62441325,-8.301819801
-0.624278424,-8.303167343
-0.624128578,-8.30370903
-0.623981474,-8.307782173
-0.623844681,-8.308958054
-0.623687504,-8.307665825
-0.623547195,-8.304219246
-0.623378692,-8.307850838
-0.623238264,-8.307661057
-0.623098968,-8.312160492
-0.622941254,-8.313875198
-0.622793315,-8.312937737
-0.622636853,-8.31347847
-0.622516094,-8.309152603
-0.622362075,-8.311089516
-0.622252582,-8.311979294
-0.622094749,-8.312422752
-0.62191206,-8.316585541
-0.621792613,-8.316003799
-0.621643243,-8.316870689
-0.621484933,-8.318034172
-0.621338902,-8.319488525
-0.621215222,-8.318517685
-0.621050773,-8.317424774
-0.620917438,-8.319159508
-0.62073463,-8.320269585
-0.620603381,-8.32148838
-0.620444058,-8.323324203
-0.620310901,-8.322821617
-0.620172201,-8.32201767
-0.620038448,-8.326878548
-0.61987835,-8.32602787
-0.619729457,-8.328933716
-0.619569181,-8.327557564
-0.619450448,-8.326680183
-0.619272588,-8.327800751
-0.619134901,-8.326048851
-0.618999062,-8.329626083
-0.618866621,-8.331798553
-0.618689058,-8.33140564
-0.618624387,-8.331234932
-0.618446944,-8.33246994
-0.618273972,-8.337034225
-0.618122635,-8.333091736
-0.617977915,-8.337771416
-0.617823837,-8.338646889
-0.617673455,-8.3384161
-0.6175634249999999,-8.338760376
-0.617395459,-8.337002754
-0.617264388,-8.339853287
-0.617100952,-8.339082718
-0.616948841,-8.340392113
-0.616807936,-8.339738846
-0.616652904,-8.343729973
-0.616542636,-8.345838547
-0.616374848,-8.347421646
-0.616249142,-8.345031738
-0.616105435,-8.345050812
-0.615933595,-8.345983505
-0.615814982,-8.347434998
-0.615674792,-8.348148346
-0.61549574,-8.352033615
-0.615357695,-8.347997665
-0.615221141,-8.349045753
-0.615048049,-8.348953247
-0.61495751,-8.349266052
-0.614808438,-8.350323677
-0.614653109,-8.350542068
-0.614516256,-8.356406212
-0.614352284,-8.357541084
-0.614211259,-8.353602409
-0.614095507,-8.354562759
-0.613919972,-8.35373497
-0.61376345,-8.359851837
-0.613650916,-8.360556602
-0.613490878,-8.362612724
-0.613379775,-8.360512733
-0.613218783,-8.360147476
-0.613077221,-8.358145714
-0.612923382,-8.36096859
-0.612802146,-8.362261772
-0.612650989,-8.361936569
-0.612495897,-8.363646507
-0.612355707,-8.365493774
-0.612230061,-8.365531921
-0.612121461,-8.364490509
-0.611917554,-8.366185188
-0.61180049,-8.368644714
-0.611650346,-8.368032455
-0.611486493,-8.373722076
-0.611359773,-8.370663643
-0.611186443,-8.370220184
-0.611078082,-8.370479584
-0.610948024,-8.371659279
-0.610795436,-8.374091148
-0.610652505,-8.373322487
-0.610497294,-8.377476692
-0.6103692039999999,-8.374314308
-0.610223768,-8.376589775
-0.610073982,-8.3795681
-0.609921513,-8.379440308
-0.609804271,-8.379166603
-0.609630464,-8.379119873
-0.609502254,-8.381263733
-0.60936713,-8.381361008
-0.60920137,-8.380142212
-0.609066902,-8.381676674
-0.608932076,-8.382164001
-0.608796595,-8.385436058
-0.608646749,-8.38990593
-0.608489452,-8.38568306
-0.608380793,-8.382652283
-0.608175216,-8.387537003
-0.608072279,-8.389298439
-0.607939242,-8.3901968
-0.607801495,-8.391184807
-0.607628582,-8.391960144
-0.607518254,-8.394433975
-0.607335506,-8.396059036
-0.607209502,-8.391692162
-0.607053815,-8.39265728
-0.606906174,-8.395325661
-0.606773553,-8.396579742
-0.606626986,-8.39566803
-0.606481431,-8.398273468
-0.606333075,-8.396636963
-0.606201647,-8.39735508
-0.606032608,-8.396338463
-0.605931697,-8.398224831
-0.605774878,-8.402384758
-0.605632244,-8.403722763
-0.605471848,-8.399793625
-0.6053357109999999,-8.402378082
-0.605164705,-8.402392387
-0.605083166,-8.403235435
-0.604896305,-8.404726982
-0.604744611,-8.405972481
-0.604622005,-8.409060478
-0.604441343,-8.408889771
-0.60433316,-8.406777382
-0.604194282,-8.408658981
-0.604041157,-8.407880783
-0.60389298,-8.410950661
-0.603786407,-8.411004066
-0.60360801,-8.411497116
-0.603494106,-8.41048336
-0.603322147,-8.414368629
-0.603195785,-8.414248466
-0.603058813,-8.417264938
-0.6029191,-8.417021751
-0.602773247,-8.418053627
-0.60262358,-8.416694641
-0.602484105,-8.417551041
-0.60237491,-8.418484688
-0.602199433,-8.418599129
-0.602062581,-8.419487953
-0.601913152,-8.420097351
-0.60177332,-8.420041084
-0.601629851,-8.41957283
-0.601497827,-8.42171669
-0.601355968,-8.424828529
-0.601234971,-8.424403191
-0.601048706,-8.425198555
-0.600969194,-8.427419662
-0.600785075,-8.429465294
-0.600649832,-8.42932415
-0.600540279,-8.428650856
-0.600344179,-8.428830147
-0.60022801,-8.430631638
-0.6000913959999999,-8.428861618
-0.599973379,-8.431384087
-0.599791108,-8.432325363
-0.599686561,-8.435421944
-0.599517582,-8.435438156
-0.599377869,-8.434663773
-0.599240301,-8.433989525
-0.599087356,-8.435511589
-0.598936437,-8.438508034
-0.598814068,-8.43734169
-0.598673223,-8.440293312
-0.598518847,-8.440494537
-0.598389266,-8.440644264
-0.598240314,-8.441758156
-0.598094998,-8.439962387
-0.597950278,-8.440653801
-0.597807286,-8.441123009
-0.597684739,-8.444223404
-0.597543476,-8.445858002
-0.597392736,-8.44516468
-0.597277461,-8.446689606
-0.597134529,-8.446988106
-0.596981762,-8.448348045
-0.596814929,-8.447602272
-0.596681355,-8.45091629
-0.596538482,-8.449627876
-0.596402584,-8.449295998
-0.596278308,-8.452344894
-0.596124409,-8.452577591
-0.59600508,-8.448915482
-0.595860181,-8.453695297
-0.595673261,-8.45668602
-0.595546065,-8.458381653
-0.595413862,-8.458389282
-0.59524834,-8.459001541
-0.595140813,-8.45662117
-0.594970821,-8.4575243
-0.594862936,-8.459961891
-0.594704686,-8.462485313
-0.594588993,-8.461129189
-0.594442962,-8.462447166
-0.594324349,-8.460979462
-0.594169436,-8.460672379
-0.5940244179999999,-8.461996078
-0.593887089,-8.464260101
-0.593733667,-8.465597153
-0.593585013,-8.467751503
-0.593443928,-8.469038963
-0.593303321,-8.466868401
-0.593159078,-8.467749596
-0.593030153,-8.470489502
-0.592878161,-8.468893051
-0.59275323,-8.470049858
-0.592592893,-8.471575737
-0.592472551,-8.473506927
-0.592341242,-8.471754074
-0.592215417,-8.470531464
-0.592083572,-8.472514153
-0.591916381,-8.474927902
-0.591767965,-8.479182243
-0.591621338,-8.478811264
-0.59146869,-8.47857666
-0.591332315,-8.477930069
-0.59119731,-8.479079247
-0.591049908,-8.478017807
-0.590917287,-8.48084259
-0.590794442,-8.482749939
-0.590630947,-8.480000496
-0.590499936,-8.48169899
-0.590368209,-8.482048988
-0.59023392,-8.482262611
-0.590094982,-8.483719826
-0.589951513,-8.486783981
-0.589795349,-8.486147881
-0.589634715,-8.486741066
-0.58952087,-8.484693527
-0.589382349,-8.489887238
-0.589265464,-8.488968849
-0.589089451,-8.489975929
-0.588957964,-8.493138313
-0.588840364,-8.491991043
-0.588694392,-8.490631104
-0.588588713,-8.494023323
-0.588435469,-8.494716644
-0.588267801,-8.492976189
-0.588137208,-8.494135857
-0.588010786,-8.496750832
-0.587854086,-8.49745369
-0.587715028,-8.500663757
-0.587585388,-8.498488426
-0.587466119,-8.499492645
-0.587295471,-8.49808979
-0.587165831,-8.500080109
-0.587033449,-8.500498772
-0.586886643,-8.50336647
-0.58676046,-8.505166054
-0.58663827,-8.503798485
-0.586444793,-8.505628586
-0.586331902,-8.505537987
-0.586169539,-8.504031181
-0.586075721,-8.506669044
-0.585917471,-8.507613182
-0.585787056,-8.510617256
-0.585623382,-8.509770393
-0.585451184,-8.510411263
-0.585364698,-8.510204315
-0.58520454,-8.510587692
-0.585059403,-8.513581276
-0.58493161,-8.513124466
-0.584810017,-8.51080513
-0.584694622,-8.51309967
-0.584543942,-8.514943123
-0.584409235,-8.51680851
-0.584239302,-8.516728401
-0.584082363,-8.520483017
-0.583949504,-8.520942688
-0.583830891,-8.517521858
-0.583684264,-8.51971817
-0.583550451,-8.521294594
-0.583404956,-8.518957138
-0.583282588,-8.519750595
-0.583093939,-8.523180008
-0.58300793,-8.526090622
-0.582836149,-8.524881363
-0.582705734,-8.527903557
-0.582579551,-8.523935318
-0.582453964,-8.523359299
-0.582336245,-8.524539948
-0.582165835,-8.52663517
-0.582051871,-8.528559685
-0.581882594,-8.530150414
-0.581737457,-8.532714844
-0.581622301,-8.532118797
-0.581470309,-8.53153038
-0.581286488,-8.534495354
-0.581194339,-8.534582138
-0.581061183,-8.536984444
-0.58092141,-8.536427498
-0.580789147,-8.536777496
-0.580638407,-8.536564827
-0.580534218,-8.534562111
-0.580366967,-8.539480209
-0.580233095,-8.538778305
-0.580110787,-8.543107033
-0.579966663,-8.540534973
-0.579821108,-8.541307449
-0.579685269,-8.541059494
-0.579529105,-8.543162346
-0.57940924,-8.544269562
-0.579265473,-8.543076515
-0.579138098,-8.542697906
-0.579000292,-8.546124458
-0.578840314,-8.545078278
-0.578699766,-8.544372559
-0.578580795,-8.549026489
-0.578450857,-8.549361229
-0.578296183,-8.552350998
-0.578155873,-8.552727699
-0.578067897,-8.552252769
-0.577908514,-8.550368309
-0.577775715,-8.548636436
-0.577636538,-8.552307129
-0.577490268,-8.555034637
-0.577377139,-8.556388855
-0.577238021,-8.55782795
-0.577109395,-8.556180954
-0.576970516,-8.557712555
-0.576808093,-8.554896355
-0.576691745,-8.556294441
-0.576547084,-8.557332039
-0.576422213,-8.559416771
-0.576277254,-8.561982155
-0.576120792,-8.561790466
-0.576015828,-8.559391975
-0.575839875,-8.559555054
-0.575703917,-8.562960625
-0.575578151,-8.565465927
-0.575455187,-8.566044807
-0.575297831,-8.56788063
-0.575171171,-8.566212654
-0.575049399,-8.566302299
-0.574885307,-8.566324234
-0.574786065,-8.56901741
-0.574637948,-8.56962204
-0.574511109,-8.570138931
-0.574358879,-8.57168293
-0.57420045,-8.571184158
-0.57408726,-8.568193436
-0.573925732,-8.571100235
-0.57379782,-8.575399399
-0.57364565,-8.572454453
-0.573528944,-8.571468353
-0.573410569,-8.575222015
-0.573242603,-8.57612896
-0.573138116,-8.577711105
-0.572966455,-8.575498581
-0.572860597,-8.578558922
-0.572724162,-8.580318451
-0.572581051,-8.581851959
-0.572448013,-8.576486588
-0.572284995,-8.581503868
-0.572142063,-8.581122398
-0.572046397,-8.58114624
-0.571901379,-8.580931664
-0.571758984,-8.583240509
-0.571640609,-8.583745003
-0.571520446,-8.586571693
-0.571364818,-8.588578224
-0.571194528,-8.587896347
-0.571058808,-8.587154388
-0.570941446,-8.589006424
-0.570805369,-8.587786674
-0.570694326,-8.590231895
-0.570548354,-8.591989517
-0.570415078,-8.591686249
-0.570287703,-8.590071678
-0.570139049,-8.593912125
-0.570056019,-8.595005989
-0.569876431,-8.595010757
-0.569736598,-8.595143318
-0.569583057,-8.598147392
-0.569503604,-8.598424911
-0.569326935,-8.599521637
-0.569172083,-8.599157333
-0.569061576,-8.599453926
-0.568922697,-8.60111618
-0.568771599,-8.60028553
-0.568683742,-8.60014534
-0.568535266,-8.601424217
-0.568398295,-8.602972984
-0.568238316,-8.602884293
-0.568141101,-8.603309631
-0.567979274,-8.604846001
-0.567861913,-8.608879089
-0.567710815,-8.606972694
-0.567589222,-8.608077049
-0.567449031,-8.608516693
-0.567317544,-8.609658241
-0.56716889,-8.607784271
-0.567045031,-8.610515594
-0.566908477,-8.610776901
-0.56674224,-8.613494873
-0.566640137,-8.613820076
-0.566470264,-8.612701416
-0.566376207,-8.617143631
-0.566235719,-8.616950035
-0.566113649,-8.618771553
-0.566013632,-8.617564201
-0.565856038,-8.621183395
-0.565714536,-8.619074821
-0.565583644,-8.618337631
-0.56540942,-8.617430687
-0.565301476,-8.618556023
-0.565163015,-8.624394417
-0.565018473,-8.626450539
-0.564892827,-8.625236511
-0.564726947,-8.626127243
-0.564612923,-8.626255989
-0.564452646,-8.626738548
-0.564325748,-8.62614727
-0.564240096,-8.629327774
-0.564071415,-8.630665779
-0.563925205,-8.629933357
-0.563823221,-8.631917953
-0.563680349,-8.632222176
-0.5635522589999999,-8.632423401
-0.563432453,-8.629234314
-0.563279806,-8.631337166
-0.563151298,-8.63323307
-0.563002823,-8.638694763
-0.562889813,-8.637337685
-0.562740622,-8.634490967
-0.562549232,-8.63480854
-0.562473116,-8.635512352
-0.562322138,-8.635931969
-0.562191425,-8.636240959
-0.562055765,-8.639458656
-0.561934589,-8.640086174
-0.561797081,-8.638762474
-0.561666546,-8.639501572
-0.561499117,-8.641968727
-0.561414419,-8.640704155
-0.561277567,-8.643256187
-0.56113237,-8.645792007
-0.560984729,-8.647898674
-0.560835837,-8.648629189
-0.560735701,-8.644854546
-0.560584365,-8.647623062
-0.560463009,-8.649205208
-0.560329912,-8.647554398
-0.560172914,-8.650109291
-0.560046492,-8.650775909
-0.559936343,-8.650726318
-0.559783099,-8.65158844
-0.55966091,-8.652383804
-0.559518276,-8.650497437
-0.559373913,-8.655859947
-0.559276579,-8.65634346
-0.559105871,-8.65702343
-0.559007345,-8.657606125
-0.558829604,-8.657197952
-0.558726667,-8.65864563
-0.558573363,-8.659513474
-0.558453618,-8.661043167
-0.558270631,-8.662912369
-0.558182595,-8.663166046
-0.558031378,-8.665453911
-0.557888029,-8.661775589
-0.557751415,-8.663690567
-0.557619629,-8.665251732
-0.557487367,-8.666265488
-0.557365893,-8.667411804
-0.557225166,-8.665757179
-0.557089685,-8.666994095
-0.55695921,-8.667492867
-0.556810794,-8.669436455
-0.556683598,-8.670929909
-0.556539891,-8.669741631
-0.556441365,-8.673521996
-0.556284783,-8.672071457
-0.556163667,-8.671572685
-0.556021212,-8.67205143
-0.555879233,-8.675504684
-0.555730937,-8.675640106
-0.555585085,-8.676768303
-0.555477856,-8.676023483
-0.555345414,-8.67952919
-0.555237768,-8.67808342
-0.555082141,-8.676510811
-0.554980634,-8.681684494
-0.554835437,-8.684716225
-0.554706095,-8.684247971
-0.554556547,-8.680315971
-0.554468988,-8.681876183
-0.554323612,-8.683362961
-0.55416858,-8.682819366
-0.55401188,-8.685793877
-0.553891299,-8.688166618
-0.553773044,-8.687293053
-0.553640841,-8.686556816
-0.553464649,-8.68687439
-0.553352473,-8.68838501
-0.553246317,-8.688921928
-0.553093193,-8.691803932
-0.552968023,-8.690248489
-0.552819727,-8.690797806
-0.552674351,-8.690935135
-0.552532135,-8.692259789
-0.552430926,-8.69288826
-0.552312432,-8.696233749
-0.5521453,-8.696038246
-0.552029787,-8.695739746
-0.551911769,-8.697782516
-0.551790891,-8.696737289
-0.551643727,-8.69913578
-0.551491378,-8.700577736
-0.551375328,-8.701292038
-0.551226674,-8.701816559
-0.551096736,-8.699403763
-0.550954877,-8.700196266
-0.550833462,-8.701259613
-0.550715683,-8.702553749
-0.550589381,-8.704763412
-0.550448058,-8.705936432
-0.550316809,-8.706236839
-0.550160764,-8.707774162
-0.550044237,-8.706507683
-0.549911795,-8.706611633
-0.549768923,-8.705430031
-0.549619196,-8.710053444
-0.549500583,-8.707835197
-0.549368499,-8.712950706
-0.549237667,-8.711686134
-0.549111901,-8.713521004
-0.548969923,-8.712534904
-0.548830507,-8.716313362
-0.54867488,-8.714593887
-0.548588036,-8.716926575
-0.548441885,-8.717757225
-0.548287569,-8.716337204
-0.548160551,-8.717531204
-0.548038064,-8.717521667
-0.547910867,-8.720640182
-0.547766386,-8.719307899
-0.547647057,-8.720663071
-0.547525344,-8.723438263
-0.547411619,-8.72645092
-0.547273634,-8.725117683
-0.547149597,-8.72260952
-0.547004221,-8.726248741
-0.546869574,-8.727910042
-0.546702324,-8.727881432
-0.546590863,-8.728539467
-0.546445785,-8.726078987
-0.546330689,-8.727077484
-0.546195326,-8.72813797
-0.546094058,-8.728979111
-0.545961497,-8.731598854
-0.545800446,-8.73271656
-0.545654414,-8.730514526
-0.545554755,-8.731518745
-0.545393525,-8.73418045
-0.545259176,-8.736353874
-0.545116959,-8.737745285
-0.545004724,-8.738846779
-0.5448848589999999,-8.737077713
-0.544722317,-8.735052109
-0.544653116,-8.73850441
-0.544496475,-8.739147186
-0.54440218,-8.740315437
-0.544272898,-8.743935585
-0.544113575,-8.744627953
-0.543954549,-8.743217468
-0.543858288,-8.742629051
-0.5437268,-8.743587494
-0.543606876,-8.744828224
-0.543448685,-8.744707108
-0.543313203,-8.747412682
-0.543199597,-8.74935627
-0.543067394,-8.750466347
-0.54291266,-8.746464729
-0.542819677,-8.749114037
-0.54265797,-8.750348091
-0.542538343,-8.749760628
-0.542422829,-8.755268097
-0.542280136,-8.758023262
-0.54211372,-8.756534576
-0.542001246,-8.75746727
-0.541836022,-8.755001068
-0.541721342,-8.756979942
-0.541594861,-8.757321358
-0.541467367,-8.758503914
-0.541333852,-8.759143829
-0.541201351,-8.758545876
-0.541093586,-8.758098602
-0.540970264,-8.759328842
-0.540829836,-8.761807442
-0.540716169,-8.763040543
-0.540537296,-8.764982224
-0.540432928,-8.764793396
-0.540282546,-8.764446259
-0.540153859,-8.764169693
-0.540016649,-8.764769554
-0.539918182,-8.765973091
-0.539770959,-8.76748848
-0.539636253,-8.769208908
-0.539519368,-8.769579887
-0.539352952,-8.76941967
-0.539251981,-8.769577026
-0.539152561,-8.770470619
-0.538970886,-8.768803596
-0.538858889,-8.774396896
-0.538732229,-8.77246666
-0.53859192,-8.774692535
-0.538464723,-8.773181915
-0.53834754,-8.775812149
-0.538257955,-8.776532173
-0.538093923,-8.777484894
-0.537953494,-8.779171944
-0.537819145,-8.780540466
-0.537674842,-8.779852867
-0.537574945,-8.77995491
-0.537445782,-8.781259537
-0.537322102,-8.783762932
-0.537163196,-8.788012505
-0.537029205,-8.787240982
-0.536913691,-8.786996841
-0.53680831,-8.78528595
-0.536623595,-8.78524971
-0.536502777,-8.784887314
-0.536391614,-8.787302971
-0.536249636,-8.791428566
-0.536132632,-8.788928986
-0.535977183,-8.790149689
-0.535874603,-8.79132843
-0.535718678,-8.790206909
-0.535577713,-8.78954792
-0.535486398,-8.791981697
-0.53534144,-8.790543556
-0.535194157,-8.793414116
-0.535073338,-8.794218063
-0.534957347,-8.794900894
-0.534807323,-8.797050476
-0.534656463,-8.796841621
-0.534570335,-8.797851563
-0.534407197,-8.798516273
-0.534300504,-8.79923439
-0.534162758,-8.799541473
-0.534031747,-8.800050735
-0.533932505,-8.800327301
-0.533795534,-8.802258492
-0.533666311,-8.803350449
-0.533547519,-8.804796219
-0.533435164,-8.804244041
-0.533274112,-8.806534767
-0.533115981,-8.805938721
-0.533011911,-8.806585312
-0.532866774,-8.808259964
-0.532751856,-8.80971241
-0.532619594,-8.811141968
-0.532468436,-8.809317589
-0.532333491,-8.808495522
-0.532245157,-8.808781624
-0.532104073,-8.813518524
-0.531959651,-8.814069748
-0.53180301,-8.814728737
-0.531721829,-8.814855576
-0.531556604,-8.816904068
-0.531431137,-8.816987991
-0.53132361,-8.81687355
-0.531162975,-8.816998482
-0.531023501,-8.820706367
-0.530916153,-8.819356918
-0.530782102,-8.820336342
-0.53066784,-8.819214821
-0.530546306,-8.819853783
-0.530406294,-8.820973396
-0.530239103,-8.823281288
-0.530131338,-8.823296547
-0.530029653,-8.825274467
-0.529877542,-8.824574471
-0.529735385,-8.824347496
-0.529594062,-8.825247765
-0.529486654,-8.828033447
-0.529346464,-8.829704285
-0.529225288,-8.828968048
-0.529089866,-8.830138206
-0.528960465,-8.829813957
-0.528840242,-8.828228951
-0.528703151,-8.832274437
-0.528615532,-8.831554413
-0.528451739,-8.836387634
-0.528312383,-8.833321571
-0.528218029,-8.836441994
-0.528056977,-8.837125778
-0.527959107,-8.835712433
-0.527818678,-8.835583687
-0.527670441,-8.839009285
-0.527520774,-8.839486122
-0.527434466,-8.840104103
-0.52729374,-8.840637207
-0.527188597,-8.841050148
-0.52703136,-8.841687202
-0.526876925,-8.842581749
-0.526803253,-8.846784592
-0.526632069,-8.844076157
-0.526523946,-8.842922211
-0.526371298,-8.846272469
-0.526253102,-8.848404884
-0.526140271,-8.845809937
-0.526012419,-8.8490448
-0.525871037,-8.84786129
-0.525753615,-8.851758003
-0.525662003,-8.848732948
-0.525483785,-8.851083755
-0.525385974,-8.85136795
-0.525222717,-8.851484299
-0.52510923,-8.852840424
-0.524971662,-8.853779793
-0.524824796,-8.854794502
-0.52469915,-8.853433609
-0.524586974,-8.856333733
-0.524459241,-8.856370926
-0.524338303,-8.859174728
-0.524181722,-8.860100746
-0.524063287,-8.863762856
-0.523937164,-8.862770081
-0.523799894,-8.86238575
-0.523708282,-8.862750053
-0.52353823,-8.864545822
-0.523427246,-8.863288879
-0.523302017,-8.864699364
-0.523169754,-8.868671417
-0.523052512,-8.865879059
-0.522929726,-8.86745739
-0.522789417,-8.864892006
-0.522678791,-8.866493225
-0.522553382,-8.872010231
-0.522398828,-8.869784355
-0.522247134,-8.872360229
-0.522143541,-8.872859001
-0.522007285,-8.873454094
-0.521915792,-8.873434067
-0.521757422,-8.871404648
-0.521649418,-8.875362396
-0.521464108,-8.874625206
-0.521370946,-8.875557899
-0.521268545,-8.875037193
-0.521121142,-8.874847412
-0.521011232,-8.875529289
-0.520906089,-8.879020691
-0.520758806,-8.877281189
-0.52062845,-8.87851429
-0.520498036,-8.880827904
-0.520357309,-8.880247116
-0.52020645,-8.878744125
-0.520088671,-8.882971764
-0.519954143,-8.886314392
-0.519848345,-8.887562752
-0.519728301,-8.884636879
-0.519571899,-8.884807587
-0.519458054,-8.885012627
-0.519317446,-8.888413429
-0.519210456,-8.889681816
-0.519054947,-8.893500328
-0.518881438,-8.89317894
-0.51877862,-8.892605782
-0.518682299,-8.889080048
-0.518535791,-8.893930435
-0.518396316,-8.893896103
-0.518301962,-8.895963669
-0.518163441,-8.894558907
-0.518042443,-8.894025803
-0.517914174,-8.893306732
-0.517823814,-8.894893646
-0.517683445,-8.896652222
-0.517555771,-8.896725655
-0.517402409,-8.898850441
-0.517304955,-8.901098251
-0.517152665,-8.901622772
-0.517004607,-8.90182209
-0.516896186,-8.901215553
-0.516738353,-8.901173592
-0.516615925,-8.905193329
-0.516451595,-8.905990601
-0.516370891,-8.904158592
-0.516249416,-8.90424633
-0.516117809,-8.907262802
-0.516000686,-8.907008171
-0.515848933,-8.906794548
-0.515720246,-8.907984734
-0.515583215,-8.909611702
-0.515468238,-8.908263206
-0.515343426,-8.910646439
-0.515218018,-8.910488129
-0.515128968,-8.910624504
-0.514965056,-8.917103767
-0.514836488,-8.913152695
-0.514715312,-8.915876389
-0.514577089,-8.91686058
-0.514449833,-8.918886185
-0.514337776,-8.914016724
-0.514196692,-8.918927193
-0.514072655,-8.923072815
-0.513972519,-8.919683456
-0.513814209,-8.917412758
-0.513705669,-8.922415733
-0.5135959959999999,-8.923049927
-0.513502596,-8.924529076
-0.513349054,-8.922945976
-0.513207791,-8.925522804
-0.513098655,-8.922739983
-0.512964724,-8.928153038
-0.512840746,-8.924117088
-0.512704847,-8.929461479
-0.512574194,-8.929507256
-0.512443421,-8.930726051
-0.512323974,-8.928073883
-0.512191532,-8.929759979
-0.512059508,-8.931521416
-0.511897503,-8.930561066
-0.511803566,-8.930864334
-0.511661111,-8.933616638
-0.51154053,-8.934199333
-0.511419294,-8.933977127
-0.511282323,-8.936355591
-0.511170147,-8.935791016
-0.5110401489999999,-8.938437462
-0.510909615,-8.938806534
-0.510778783,-8.936386108
-0.510660408,-8.941246986
-0.510514496,-8.940078735
-0.510376213,-8.942462921
-0.510241209,-8.942643166
-0.510130225,-8.941831589
-0.509976624,-8.94444561
-0.509869991,-8.945940971
-0.509764252,-8.94581604
-0.509599624,-8.941879272
-0.509451328,-8.944618225
-0.509379564,-8.948019028
-0.509239135,-8.949531555
-0.509151755,-8.950660706
-0.508974133,-8.954612732
-0.508856652,-8.953346252
-0.508725045,-8.953039169
-0.508609472,-8.952415466
-0.50847858,-8.948384285
-0.508358238,-8.951049805
-0.508219956,-8.9506073
-0.508125423,-8.9560709
-0.507982371,-8.955440521
-0.507836698,-8.957332611
-0.507714091,-8.955366135
-0.507585524,-8.960201263
-0.507474838,-8.95689106
-0.507352768,-8.960201263
-0.50724232,-8.960954666
-0.507088719,-8.961612701
-0.506973503,-8.960076332
-0.506841181,-8.962924004
-0.50671321,-8.965345383
-0.506568966,-8.96335125
-0.506477771,-8.964327812
-0.506334661,-8.966287613
-0.506204484,-8.966716766
-0.506063459,-8.967815399
-0.50593227,-8.965735435
-0.505808769,-8.96694088
-0.505697964,-8.969791412
-0.50557941,-8.97031498
-0.505457221,-8.974205971
-0.505335448,-8.972662926
-0.505180536,-8.97303772
-0.505079983,-8.972155571
-0.504936872,-8.975281715
-0.504801093,-8.976865768
-0.504681109,-8.977438927
-0.504558621,-8.97651577
-0.504424809,-8.979013443
-0.504312335,-8.97769165
-0.504158972,-8.97730732
-0.50405228,-8.979113579
-0.503918884,-8.978011131
-0.503793893,-8.98220253
-0.503689764,-8.983729362
-0.503532289,-8.981713295
-0.503405152,-8.983169556
-0.503301023,-8.984182358
-0.5032052379999999,-8.987585068
-0.503041981,-8.98889637
-0.502914963,-8.99037838
-0.502799092,-8.988190651
-0.502699373,-8.986763
-0.502540706,-8.988804817
-0.50243145,-8.988612175
-0.502312062,-8.990834236
-0.50218123,-8.990511894
-0.502037464,-8.992397308
-0.501899479,-8.993307114
-0.501781164,-8.992667198
-0.50167012,-8.993038177
-0.501509069,-8.995041847
-0.501412569,-8.994657516
-0.501255868,-8.996250153
-0.501136957,-9.000427246
-0.500993846,-8.998200417
-0.500872253,-8.997286797
-0.500773011,-8.996259689
-0.500655172,-9.000652313
-0.500544367,-9.001848221
-0.50039923,-9.0041399
-0.500256477,-9.004671097
-0.500155566,-9.004472733
-0.500007479,-9.003573418
-0.499871014,-9.00453949
-0.499760984,-9.003302574
-0.499635575,-9.004753113
-0.499484209,-9.005297661
-0.499370096,-9.009303093
-0.49927765,-9.009531975
-0.499106912,-9.009246826
-0.498987375,-9.008798599
-0.498901216,-9.011205673
-0.498792289,-9.013952255
-0.498648522,-9.016453743
-0.498492418,-9.0164814
-0.498392521,-9.01441288
-0.498265652,-9.018192291
-0.498128442,-9.016886711
-0.498006372,-9.016093254
-0.497874944,-9.017696381
-0.497740446,-9.016898155
-0.497641025,-9.018390656
-0.49750015,-9.018829346
-0.497346519,-9.019485474
-0.497252701,-9.018827438
-0.497138051,-9.020589828
-0.497010676,-9.023687363
-0.496866433,-9.025485992
-0.496734468,-9.02632618
-0.496613709,-9.026330948
-0.496503858,-9.024543762
-0.496377675,-9.027271271
-0.496217189,-9.027693748
-0.49608394299999997,-9.030567169
-0.495969443,-9.031427383
-0.495840905,-9.030041695
-0.495712845,-9.029537201
-0.49562156,-9.029934883
-0.495441942,-9.030449867
-0.495379774,-9.030357361
-0.495243816,-9.033847809
-0.495086459,-9.034070015
-0.494979112,-9.033777237
-0.494826702,-9.036913872
-0.49473353999999997,-9.033190727
-0.49459612199999997,-9.040481567
-0.494466422,-9.039450645
-0.494383453,-9.038973808
-0.494238703,-9.039093971
-0.494127182,-9.040111542
-0.493972896,-9.039875984
-0.493846176,-9.043700218
-0.493713407,-9.041232109
-0.493604152,-9.042214394
-0.493484972,-9.041895866
-0.493368326,-9.045097351
-0.493232606,-9.046186447
-0.493104933,-9.046770096
-0.49295163,-9.047151566
-0.492843119,-9.048946381
-0.492758153,-9.04983902
-0.492618261,-9.049933434
-0.492473243,-9.051924706
-0.49237117,-9.051997185
-0.492240219,-9.051763535
-0.492103247,-9.050787926
-0.491994647,-9.055337906
-0.491876034,-9.051922798
-0.491741924,-9.053672791
-0.491591511,-9.057368279
-0.491491137,-9.056585312
-0.491364209,-9.05513382
-0.491235016,-9.055091858
-0.491104959,-9.057839394
-0.491012333,-9.057300568
-0.490872679,-9.060415268
-0.49075648,-9.060668945
-0.490631966,-9.062015533
-0.490503995,-9.063110352
-0.490380166,-9.060903549
-0.490230499,-9.064529419
-0.490151106,-9.067259789
-0.490019737,-9.063171387
-0.489909677,-9.066238403
-0.489759086,-9.066315651
-0.489653228,-9.066518784
-0.489569096,-9.068184853
-0.489399461,-9.068547249
-0.489249377,-9.071895599
-0.489132581,-9.07317543
-0.489006756,-9.071831703
-0.488864003,-9.069543839
-0.488734184,-9.073107719
-0.488632916,-9.072583199
-0.488485901,-9.074451447
-0.488399683,-9.077087402
-0.488247065,-9.078079224
-0.488138435,-9.078819275
-0.488017617,-9.078065872
-0.487878678,-9.079319
-0.48776832,-9.079965591
-0.48764923,-9.082647324
-0.487516938,-9.082463264
-0.48740351,-9.083679199
-0.487256495,-9.08391571
-0.487105874,-9.084612846
-0.48700407,-9.084951401
-0.486889092,-9.081906319
-0.48678538,-9.082935333
-0.486647455,-9.089233398
-0.48650646,-9.088387489
-0.486393539,-9.089820862
-0.486257194,-9.087414742
-0.486156581,-9.087319374
-0.48603007,-9.085737228
-0.485911159,-9.092453003
-0.485794751,-9.093147278
-0.485693006,-9.093417168
-0.485541461,-9.094110489
-0.48542156599999997,-9.095072746
-0.485307751,-9.092864037
-0.485203145,-9.092386246
-0.485046176,-9.095060349
-0.484915791,-9.099494934
-0.484808682,-9.096832275
-0.484660266,-9.096531868
-0.484561591,-9.096351624
-0.484448133,-9.101389885
-0.484322397,-9.100048065
-0.484210817,-9.100422859
-0.484080492,-9.100153923
-0.483946918,-9.104883194
-0.483824758,-9.104860306
-0.483688442,-9.105779648
-0.483564554,-9.102540016
-0.483437119,-9.106291771
-0.48332536,-9.109492302
-0.4831928,-9.109695435
-0.483072875,-9.108407021
-0.482960997,-9.108775139
-0.482838063,-9.111027718
-0.482719718,-9.113692284
-0.482598661,-9.111721992
-0.482445924,-9.113222122
-0.482327191,-9.115146637
-0.482217072,-9.115150452
-0.482068239,-9.112397194
-0.481987653,-9.115181923
-0.481837271,-9.11575985
-0.481695233,-9.119671822
-0.481611131,-9.117407799
-0.481457708,-9.121143341
-0.481350659,-9.121199608
-0.481260268,-9.121412277
-0.481098084,-9.119832993
-0.481004028,-9.122219086
-0.480850456,-9.123491287
-0.480719356,-9.127169609
-0.480628578,-9.127552032
-0.480489789,-9.126879692
-0.480350016,-9.125915527
-0.480247317,-9.126137733
-0.480143933,-9.125756264
-0.479988931,-9.127842903
-0.479886083,-9.129330635
-0.479743658,-9.131479263
-0.479632495,-9.131705284
-0.479491917,-9.13215065
-0.479368774,-9.133022308
-0.479237763,-9.136187553
-0.479147641,-9.13517189
-0.479001371,-9.136580467
-0.478891252,-9.136538506
-0.478759287,-9.133844376
-0.478653459,-9.13670826
-0.478506295,-9.135480881
-0.478437899,-9.135800362
-0.478275387,-9.14142704
-0.478173761,-9.142817497
-0.478044299,-9.145709038
-0.477912603,-9.144716263
-0.477782575,-9.143654823
-0.477690069,-9.141441345
-0.47756424399999997,-9.142895699
-0.477437137,-9.143559456
-0.477339355,-9.145596504
-0.477163551,-9.146621704
-0.477063386,-9.151090622
-0.476935385,-9.149090767
-0.476820795,-9.146093369
-0.47670546,-9.149433136
-0.476595907,-9.148002625
-0.476464806,-9.152035713
-0.47632095,-9.153477669
-0.476200728,-9.154409409
-0.476080833,-9.153329849
-0.475936083,-9.151867867
-0.475790767,-9.152851105
-0.475680409,-9.15436554
-0.475552617,-9.156943321
-0.475420473,-9.159923553
-0.475323467,-9.157148361
-0.475214688,-9.157542229
-0.475065408,-9.161375999
-0.474950133,-9.159418106
-0.474848865,-9.159690857
-0.474706797,-9.162514687
-0.474569498,-9.162905693
-0.474469869,-9.161622047
-0.474334566,-9.161955833
-0.47423007899999997,-9.163615227
-0.474093972,-9.168021202
-0.473982243,-9.162239075
-0.473865209,-9.166512489
-0.473707674,-9.16759491
-0.47358316,-9.16771698
-0.473470626,-9.170134544
-0.473349122,-9.1689291
-0.47323495,-9.166953087
-0.473079471,-9.173101425
-0.472969769,-9.175380707
-0.472848503,-9.176924706
-0.472714005,-9.174964905
-0.472605107,-9.173933983
-0.472494124,-9.175567627
-0.472395985,-9.175497055
-0.472259997,-9.176491737
-0.47213891,-9.182632446
-0.472011624,-9.18082428
-0.471907852,-9.181789398
-0.471781103,-9.182839394
-0.471648006,-9.182042122
-0.471517859,-9.180076599
-0.471424161,-9.180130959
-0.47134107199999997,-9.180750847
-0.471161394,-9.181391716
-0.471022813,-9.185521126
-0.470936535,-9.187849998
-0.470787851,-9.185882568
-0.470683245,-9.184344292
-0.470554827,-9.18500042
-0.470463811,-9.189223289
-0.470327435,-9.190751076
-0.470193056,-9.191241264
-0.470066456,-9.191440582
-0.469926296,-9.193980217
-0.469830094,-9.192501068
-0.469704179,-9.192293167
-0.469557373,-9.196838379
-0.469441621,-9.195746422
-0.469294785,-9.195558548
-0.469217328,-9.197831154
-0.469097255,-9.195839882
-0.468988983,-9.196880341
-0.468852578,-9.196705818
-0.468740372,-9.200956345
-0.468588619,-9.200771332
-0.468497573,-9.20081234
-0.468347786,-9.201644897
-0.468227712,-9.201020241
-0.468064515,-9.201299667
-0.46797034,-9.202598572
-0.467868118,-9.207575798
-0.467712222,-9.205811501
-0.467607794,-9.205183029
-0.467489956,-9.206453323
-0.467374204,-9.207992554
-0.467218844,-9.210422516
-0.467125742,-9.210296631
-0.466989217,-9.211161613
-0.466877548,-9.210511208
-0.466747699,-9.212198257
-0.466618506,-9.212524414
-0.466536967,-9.212072372
-0.466372429,-9.213766098
-0.466255574,-9.215352058
-0.466126112,-9.217430115
-0.466034858,-9.216085434
-0.465940325,-9.217042923
-0.46575790499999997,-9.219739914
-0.465654401,-9.21871376
-0.465535162,-9.218395233
-0.465379475,-9.220693588
-0.465297071,-9.220686913
-0.465161471,-9.22232151
-0.465061693,-9.223553658
-0.464918761,-9.22131443
-0.464808701,-9.224390984
-0.464656351,-9.223584175
-0.46456301,-9.228800774
-0.464473872,-9.227259636
-0.464299796,-9.2277174
-0.464161603,-9.226425171
-0.464062808,-9.227669716
-0.463974891,-9.230312347
-0.463863252,-9.228303909
-0.463709204,-9.231236458
-0.463603137,-9.233959198
-0.463454453,-9.231554031
-0.463360576,-9.230917931
-0.463229267,-9.231215477
-0.463106034,-9.23279953
-0.462997941,-9.234900475
-0.462847261,-9.236044884
-0.462733088,-9.239518166
-0.462605385,-9.237605095
-0.462501047,-9.238271713
-0.462368188,-9.23733139
-0.462259946,-9.238994598
-0.462151883,-9.241008759
-0.462018309,-9.244684219
-0.461877523,-9.240696907
-0.461752681,-9.241336823
-0.461677162,-9.240977287
-0.461541025,-9.24521637
-0.461402206,-9.245038033
-0.461270748,-9.249567032
-0.461164801,-9.248117447
-0.461052923,-9.24639225
-0.460904418,-9.247797012
-0.460796354,-9.248871803
-0.460676072,-9.247979164
-0.460551171,-9.248033524
-0.460405884,-9.252591133
-0.460298268,-9.255327225
-0.460157422,-9.254418373
-0.460045068,-9.253128052
-0.459930031,-9.251950264
-0.459838508,-9.251382828
-0.459743617,-9.25402832
-0.459630577,-9.257073402
-0.459463803,-9.259045601
-0.459347097,-9.258396149
-0.459219603,-9.258339882
-0.45914465,-9.260382652
-0.459039984,-9.262824059
-0.458874611,-9.262782097
-0.458750395,-9.262499809
-0.458667873,-9.261550903
-0.458516417,-9.260658264
-0.458409486,-9.263119698
-0.458289711,-9.264422417
-0.458194612,-9.264659882
-0.458046315,-9.268735886
-0.457942514,-9.268396378
-0.457809059,-9.270953178
-0.457694439,-9.269024849
-0.457569478,-9.267220497
-0.45744377199999997,-9.269164085
-0.457333503,-9.272174835
-0.457212774,-9.274040222
-0.457098303,-9.272558212
-0.456969259,-9.272782326
-0.456867246,-9.27069664
-0.456746874,-9.271571159
-0.456621645,-9.273107529
-0.45652592,-9.273224831
-0.456362156,-9.277651787
-0.456270127,-9.279148102
-0.456163256,-9.278684616
-0.456032781,-9.279500961
-0.455901472,-9.280686378
-0.45578411,-9.281945229
-0.455665169,-9.278664589
-0.455549834,-9.283932686
-0.455428628,-9.284752846
-0.455314664,-9.285822868
-0.455195813,-9.282025337
-0.455061046,-9.28518486
-0.454952715,-9.286602974
-0.454827664,-9.288781166
-0.454654602,-9.288203239
-0.454590885,-9.290243149
-0.454436896,-9.29031086
-0.454312323,-9.288499832
-0.454227684,-9.287613869
-0.454074768,-9.290551186
-0.453976838,-9.293581009
-0.453885881,-9.294691086
-0.453710644,-9.296169281
-0.453601299,-9.293609619
-0.453515647,-9.295036316
-0.453351496,-9.294865608
-0.453252016,-9.297781944
-0.453117548,-9.299105644
-0.453021286,-9.297949791
-0.452882407,-9.300082207
-0.452757923,-9.299001694
-0.45263686599999997,-9.299498558
-0.452541886,-9.30200386
-0.452450452,-9.304223061
-0.452311633,-9.304276466
-0.452210484,-9.305134773
-0.452053754,-9.30596447
-0.451938598,-9.305257797
-0.451834766,-9.305874825
-0.451711325,-9.303226471
-0.451604722,-9.306649208
-0.451490728,-9.310389519
-0.451374916,-9.309441566
-0.45125123699999997,-9.310529709
-0.451124964,-9.312181473
-0.451016275,-9.310611725
-0.450879781,-9.314023018
-0.450770764,-9.313378334
-0.45061457,-9.315868378
-0.450503854,-9.313737869
-0.45043611299999997,-9.314328194
-0.450257359,-9.315714836
-0.450164614,-9.318638802
-0.450054674,-9.318454742
-0.449916927,-9.319887161
-0.449803798,-9.322948456
-0.449694155,-9.319018364
-0.449566154,-9.320063591
-0.449463693,-9.318813324
-0.449341176,-9.320275307
-0.449222056,-9.322612762
-0.449105499,-9.324672699
-0.44898936,-9.326503754
-0.448828338,-9.3245821
-0.448725639,-9.324808121
-0.448636143,-9.325363159
-0.448515592,-9.328094482
-0.448372273,-9.326992989
-0.448268233,-9.332720757
-0.448118089,-9.329888344
-0.448021649,-9.32997036
-0.447893916,-9.332388878
-0.447788386,-9.33244133
-0.447646676,-9.333740234
-0.447563229,-9.33445549
-0.447399942,-9.335801125
-0.447312502,-9.335424423
-0.447213439,-9.336637497
-0.447059391,-9.337873459
-0.44694095699999997,-9.336871147
-0.446849821,-9.339728355
-0.446697472,-9.342964172
-0.446599184,-9.342061996
-0.446473984,-9.340518951
-0.446386842,-9.341134071
-0.446246831,-9.341337204
-0.446113346,-9.345945358
-0.446036426,-9.344262123
-0.445898829,-9.348597527
-0.445779381,-9.34665966
-0.445650606,-9.344864845
-0.445522307,-9.345230103
-0.445416151,-9.346529961
-0.445293246,-9.348980904
-0.445165841,-9.348963737
-0.445050178,-9.352645874
-0.444928316,-9.352244377
-0.444782523,-9.352855682
-0.444670824,-9.350886345
-0.444601504,-9.355160713
-0.444454281,-9.353427887
-0.444342969,-9.355633736
-0.444239823,-9.355567932
-0.444107888,-9.355181694
-0.443988351,-9.357403755
-0.443882374,-9.356060982
-0.443752674,-9.357397079
-0.443621812,-9.362444878
-0.443497418,-9.360257149
-0.443387507,-9.361955643
-0.443268089,-9.361855507
-0.443150161,-9.363851547
-0.443038939,-9.362389565
-0.442921219,-9.365149498
-0.442802368,-9.366292953
-0.442721037,-9.367520332
-0.442604421,-9.369391441
-0.442485599,-9.368637085
-0.442367135,-9.371110916
-0.442240385,-9.370193481
-0.442111401,-9.369301796
-0.441996453,-9.370758057
-0.441864876,-9.371699333
-0.441739766,-9.371315956
-0.441619275,-9.37173748
-0.441520004,-9.37375164
-0.441442726,-9.374927521
-0.441281108,-9.374236107
-0.441178678,-9.376056671
-0.441064237,-9.379677773
-0.440941451,-9.37660408
-0.440818815,-9.376880646
-0.440709172,-9.375263214
-0.440598128,-9.377388954
-0.440471677,-9.381092072
-0.440353928,-9.38285923
-0.44023907,-9.383403778
-0.440129576,-9.38187027
-0.439978031,-9.382850647
-0.439870833,-9.383594513
-0.439757375,-9.384699821
-0.439662335,-9.387881279
-0.439535646,-9.389989853
-0.439394055,-9.387624741
-0.439316211,-9.388394356
-0.439171938,-9.389296532
-0.439075736,-9.387844086
-0.438945947,-9.392896652
-0.4388234,-9.391080856
-0.438723413,-9.393149376
-0.438608436,-9.394752502
-0.438464729,-9.392636299
-0.438369421,-9.393294334
-0.438254086,-9.393719673
-0.43812996,-9.393938065
-0.438021777,-9.396946907
-0.437901137,-9.395785332
-0.43778881199999997,-9.39822197
-0.43767163,-9.398918152
-0.437553076,-9.401110649
-0.437458543,-9.399575233
-0.437292634,-9.398555756
-0.437206714,-9.403071404
-0.437098024,-9.402144432
-0.436960606,-9.40525341
-0.436881898,-9.40291214
-0.43673229,-9.405576706
-0.436624495,-9.403812408
-0.436493067,-9.408998489
-0.436408727,-9.407273293
-0.436252115,-9.409000397
-0.43613228,-9.408886909
-0.436023949,-9.409988403
-0.435905574,-9.409377098
-0.435812919,-9.408038139
-0.435677378,-9.409093857
-0.435568569,-9.412239075
-0.435456036,-9.414359093
-0.435320197,-9.414637566
-0.435212163,-9.414899826
-0.43512344199999997,-9.415622711
-0.435002295,-9.415622711
-0.434879063,-9.419560432
-0.434725551,-9.41894722
-0.434654443,-9.41884613
-0.434513239,-9.421463966
-0.43440365599999997,-9.420366287
-0.434278665,-9.421068192
-0.434170393,-9.420858383
-0.434065549,-9.423708916
-0.433947085,-9.425563812
-0.433816372,-9.425702095
-0.433718262,-9.424443245
-0.433578817,-9.423936844
-0.433496235,-9.422161102
-0.433376459,-9.424638748
-0.433282433,-9.427357674
-0.433158277,-9.429408073
-0.433053998,-9.431349754
-0.432908176,-9.429186821
-0.432811467,-9.43292141
-0.432668803,-9.433210373
-0.432575999,-9.433814049
-0.432458935,-9.433586121
-0.432306914,-9.436242104
-0.432198642,-9.437031746
-0.432085184,-9.435712814
-0.431984304,-9.434087753
-0.431845633,-9.434952736
-0.431739984,-9.436028481
-0.431642978,-9.439511299
-0.431486843,-9.439052582
-0.431394605,-9.44058609
-0.431286393,-9.441210747
-0.431163637,-9.438943863
-0.431047646,-9.440677643
-0.43094903,-9.44093132
-0.430845527,-9.441174507
-0.430710791,-9.443073273
-0.430574773,-9.444005013
-0.430488972,-9.445819855
-0.430338977,-9.444957733
-0.430247782,-9.44677639
-0.430129079,-9.447598457
-0.43001589,-9.452158928
-0.429872451,-9.447495461
-0.429793565,-9.450604439
-0.429642795,-9.448971748
-0.429543285,-9.450526237
-0.429447351,-9.44901371
-0.42931035,-9.452151299
-0.429207264,-9.452300072
-0.429082451,-9.45568943
-0.428986339,-9.457076073
-0.428868918,-9.457559586
-0.428722737,-9.455990791
-0.42864996,-9.458888054
-0.428512631,-9.459391594
-0.428433416,-9.459269524
-0.428296117,-9.457867622
-0.428162007,-9.460830688
-0.428058801,-9.459181786
-0.42793333299999997,-9.461330414
-0.427815704,-9.460359573
-0.42769262,-9.46259594
-0.427576302,-9.464016914
-0.42746117499999997,-9.464552879
-0.427340834,-9.462747574
-0.427255599,-9.465917587
-0.427124528,-9.467629433
-0.427017478,-9.467097282
-0.426893143,-9.468013763
-0.426785825,-9.467446327
-0.426653979,-9.472505569
-0.426556645,-9.470659256
-0.426462529,-9.468995094
-0.426312683,-9.472444534
-0.426205812,-9.473095894
-0.426094441,-9.47627449
-0.425985633,-9.475913048
-0.425859777,-9.478582382
-0.425759582,-9.478713989
-0.425642131,-9.475579262
-0.425494848,-9.476854324
-0.425396023,-9.477958679
-0.425299047,-9.483649254
-0.425133376,-9.481852531
-0.425062833,-9.478739738
-0.424918858,-9.480728149
-0.424807457,-9.481944084
-0.424673257,-9.482838631
-0.424589394,-9.484278679
-0.424475817,-9.488110542
-0.424357293,-9.487482071
-0.424261687,-9.488846779
-0.424148051,-9.485303879
-0.424011974,-9.488310814
-0.423929332,-9.489634514
-0.423821537,-9.490868568
-0.423694996,-9.490199089
-0.42358139,-9.492577553
-0.423481999,-9.493578911
-0.42335066,-9.491311073
-0.42319995,-9.491458893
-0.42310038,-9.495152473
-0.42300134699999997,-9.496479988
-0.422887443,-9.495156288
-0.422758697,-9.49297142
-0.422649084,-9.49575901
-0.422552405,-9.496839523
-0.42240595599999997,-9.495825768
-0.422279833,-9.49883461
-0.42221242,-9.49973011
-0.422056792,-9.503456116
-0.421956239,-9.500068665
-0.421842067,-9.499846458
-0.421727805,-9.503642082
-0.421605228,-9.504095078
-0.421495734,-9.506688118
-0.421366034,-9.505535126
-0.421247421,-9.50754261
-0.421160249,-9.504803658
-0.42100778,-9.505224228
-0.420934705,-9.505369186
-0.420809774,-9.507050514
-0.420716135,-9.506537437
-0.420550464,-9.510899544
-0.420492439,-9.512060165
-0.420346795,-9.510990143
-0.42022696,-9.510307312
-0.420123456,-9.51300621
-0.420016287,-9.513586998
-0.419891892,-9.514681816
-0.419764517,-9.516610146
-0.419668315,-9.5153265
-0.419535844,-9.517602921
-0.419427423,-9.518735886
-0.419309853,-9.518807411
-0.419197409,-9.520425797
-0.419075279,-9.523774147
-0.418971149,-9.522504807
-0.418867616,-9.519729614
-0.418742536,-9.519536018
-0.418640433,-9.525092125
-0.418514637,-9.525235176
-0.418420909,-9.523708344
-0.41829267,-9.524682999
-0.418148933,-9.528299332
-0.418071924,-9.527619362
-0.417941479,-9.525363922
-0.417848496,-9.528066635
-0.417730181,-9.530677795
-0.417609511,-9.535059929
-0.417469559,-9.533162117
-0.41737899,-9.531289101
-0.41723734,-9.533038139
-0.417165903,-9.534714699
-0.417036383,-9.536290169
-0.416947452,-9.535861969
-0.416789291,-9.538095474
-0.416690854,-9.53873539
-0.41657385,-9.538708687
-0.416457592,-9.539601326
-0.416345922,-9.539685249
-0.416238127,-9.541300774
-0.416166483,-9.541117668
-0.416030107,-9.540933609
-0.415912746,-9.542550087
-0.415772645,-9.544275284
-0.415672986,-9.542891502
-0.415564356,-9.545420647
-0.41544654799999997,-9.548196793
-0.415304003,-9.548265457
-0.415218173,-9.544719696
-0.415087549,-9.54419899
-0.414980916,-9.544548988
-0.414881377,-9.549168587
-0.414794175,-9.548532486
-0.414670346,-9.549983025
-0.41457489,-9.551277161
-0.414444028,-9.552723885
-0.414314,-9.553906441
-0.414211867,-9.554255486
-0.414093433,-9.554633141
-0.413970886,-9.557954788
-0.413873134,-9.556811333
-0.413767545,-9.55769825
-0.41362741399999997,-9.558340073
-0.413517712,-9.559176445
-0.413417576,-9.557765961
-0.41331443,-9.557434082
-0.41318023,-9.561573029
-0.413089244,-9.564579964
-0.412966279,-9.564849854
-0.412847547,-9.563901901
-0.412713556,-9.564032555
-0.412635623,-9.564863205
-0.412512748,-9.563246727
-0.412380664,-9.562813759
-0.412282316,-9.564516068
-0.412171273,-9.567420959
-0.41205257,-9.565317154
-0.411940185,-9.5682621
-0.411809502,-9.566606522
-0.411713479,-9.56925869
-0.411611913,-9.573370934
-0.411477922,-9.572611809
-0.411361633,-9.57134819
-0.411248056,-9.572376251
-0.411175756,-9.571755409
-0.411041437,-9.573050499
-0.410928456,-9.57485199
-0.410802243,-9.576793671
-0.410728989,-9.577028275
-0.410595952,-9.579017639
-0.410506545,-9.578261375
-0.41034448,-9.576374054
-0.410224764,-9.580896378
-0.410147337,-9.580451965
-0.410037695,-9.582725525
-0.409899412,-9.582813263
-0.409787295,-9.582231522
-0.409699498,-9.581733704
-0.409577159,-9.583602905
-0.409468798,-9.586226463
-0.409311829,-9.586971283
-0.409261523,-9.588937759
-0.409129648,-9.59088707
-0.408999829,-9.589464188
-0.408899186,-9.589342117
-0.408760337,-9.588049889
-0.408635585,-9.588591576
-0.408562241,-9.590039253
-0.408459721,-9.5932827
-0.40834081,-9.594560623
-0.408231644,-9.593416214
-0.408101467,-9.595062256
-0.407988964,-9.595318794
-0.407906739,-9.596383095
-0.407777308,-9.59662056
-0.407681255,-9.601377487
-0.40753278,-9.598461151
-0.40744522,-9.59841156
-0.407315103,-9.595992088
-0.407175301,-9.598194122
-0.407091258,-9.601214409
-0.407010255,-9.603423119
-0.406866042,-9.604803085
-0.406728355,-9.60101223
-0.406625627,-9.605719566
-0.406512855,-9.603041649
-0.4063929,-9.605732918
-0.406290738,-9.606956482
-0.406205086,-9.605713844
-0.406072466,-9.606505394
-0.405948428,-9.608581543
-0.40583506,-9.608054161
-0.40574562399999997,-9.608695984
-0.405640332,-9.611109734
-0.405537395,-9.611790657
-0.40542203,-9.614257813
-0.405336557,-9.611639023
-0.405194549,-9.612449646
-0.405108778,-9.613601685
-0.404979048,-9.617928505
-0.404846011,-9.62014389
-0.404723434,-9.619832993
-0.404625593,-9.61909008
-0.404524325,-9.616877556
-0.404389588,-9.617480278
-0.404296367,-9.617630959
-0.404166667,-9.619462967
-0.40405306,-9.620597839
-0.403920917,-9.623048782
-0.403829275,-9.623894691
-0.403745947,-9.622345924
-0.403633116,-9.623362541
-0.403505085,-9.626592636
-0.403391955,-9.626443863
-0.403272269,-9.626913071
-0.403183339,-9.625673294
-0.403058646,-9.627314568
-0.402934311,-9.629731178
-0.402816473,-9.630886078
-0.402695952,-9.630740166
-0.402586905,-9.634734154
-0.402445762,-9.632675171
-0.402353762,-9.630573273
-0.40222746,-9.631842613
-0.402156202,-9.635581017
-0.402052699,-9.639041901
-0.401935278,-9.636045456
-0.40182033,-9.636389732
-0.401720611,-9.636563301
-0.401572732,-9.638631821
-0.401494024,-9.63803196
-0.40134841,-9.636662483
-0.401227562,-9.642333984
-0.401139019,-9.6397686
-0.401009737,-9.643219948
-0.400905816,-9.641165733
-0.400787054,-9.642408371
-0.400667457,-9.643255234
-0.400597183,-9.643387794
-0.400441734,-9.643679619
-0.400351076,-9.645418167
-0.400235413,-9.648042679
-0.40014091,-9.644561768
-0.400048224,-9.644330025
-0.399903832,-9.649154663
-0.399832903,-9.652025223
-0.399688182,-9.649875641
-0.399584441,-9.653770447
-0.399484811,-9.653645515
-0.399355291,-9.654155731
-0.399243562,-9.654319763
-0.399140237,-9.654841423
-0.399003444,-9.655935287
-0.398906885,-9.658571243
-0.398780612,-9.657338142
-0.398675887,-9.655673981
-0.398590593,-9.658756256
-0.39844179,-9.659535408
-0.39836573399999997,-9.660263062
-0.398219613,-9.662971497
-0.398142098,-9.66203022
-0.398005931,-9.662396431
-0.397885798,-9.664114952
-0.397755532,-9.663910866
-0.397660015,-9.664568901
-0.397535889,-9.668936729
-0.397430716,-9.666684151
-0.397309123,-9.670793533
-0.397212355,-9.670060158
-0.397122292,-9.670975685
-0.397008834,-9.672719955
-0.396880208,-9.671822548
-0.396767525,-9.675302505
-0.39665371,-9.673243523
-0.396569965,-9.672259331
-0.39645606099999997,-9.672577858
-0.396351425,-9.674889565
-0.396220712,-9.675559998
-0.396124063,-9.676516533
-0.396000056,-9.67782402
-0.395900903,-9.677703857
-0.395794926,-9.679153442
-0.39568823399999997,-9.680766106
-0.395566938,-9.679794312
-0.395441173,-9.683934212
-0.39533901,-9.68148613
-0.395199804,-9.684726715
-0.395096211,-9.680581093
-0.395006536,-9.680435181
-0.394907115,-9.682883263
-0.394785283,-9.685454369
-0.394678591,-9.690077782
-0.394539116,-9.686795235
-0.394428222,-9.687947273
-0.394370614,-9.684553146
-0.394194005,-9.686938286
-0.394121198,-9.689131737
-0.393997399,-9.689880371
-0.393901167,-9.692261696
-0.393791137,-9.691130638
-0.39365690799999997,-9.692435265
-0.393530605,-9.691335678
-0.393432615,-9.692923546
-0.393332927,-9.693107605
-0.393207131,-9.694797516
-0.39312136,-9.695302963
-0.392984537,-9.697403908
-0.392874239,-9.694602013
-0.392762302,-9.698622704
-0.39266306,-9.701530457
-0.392546741,-9.699323654
-0.392426787,-9.703131676
-0.392297564,-9.701370239
-0.392203836,-9.702703476
-0.392123638,-9.700210571
-0.392013101,-9.70553875
-0.391879438,-9.704188347
-0.391762553,-9.706928253
-0.391642777,-9.706630707
-0.39154744,-9.707660675
-0.391462056,-9.708206177
-0.391330062,-9.705270767
-0.391221819,-9.708744049
-0.39111730299999997,-9.709663391
-0.39103335,-9.71205616
-0.390894203,-9.710695267
-0.390770493,-9.710927963
-0.39064881,-9.713646889
-0.390578358,-9.71363163
-0.390443174,-9.716654778
-0.390325991,-9.71405983
-0.390216706,-9.718346596
-0.390119521,-9.719823837
-0.38998553,-9.715636253
-0.38989657,-9.716562271
-0.389800606,-9.716723442
-0.389656721,-9.7180233
-0.389561353,-9.721340179
-0.389467655,-9.71931076
-0.389353333,-9.72043705
-0.389249651,-9.720610619
-0.389137117,-9.720536232
-0.389023392,-9.722412109
-0.38893473,-9.727468491
-0.388794152,-9.728628159
-0.388709335,-9.726898193
-0.388566015,-9.727666855
-0.388454108,-9.730368614
-0.388369946,-9.729237556
-0.388264624,-9.730895042
-0.388149945,-9.733671188
-0.388015924,-9.731842041
-0.387878118,-9.730959892
-0.387801198,-9.729430199
-0.387715487,-9.730265617
-0.387577443,-9.732831001
-0.387490002,-9.732944489
-0.387388108,-9.736974716
-0.38724511699999997,-9.736842155
-0.387155382,-9.737538338
-0.387048183,-9.737215042
-0.386936424,-9.739544868
-0.386816857,-9.740913391
-0.38672751,-9.741645813
-0.386591492,-9.740735054
-0.386487274,-9.74002552
-0.386412172,-9.741592407
-0.386279551,-9.743429184
-0.386182187,-9.745357513
-0.386058031,-9.746257782
-0.385960726,-9.746910095
-0.385830132,-9.743741035
-0.385722069,-9.745017052
-0.385621009,-9.745028496
-0.385503916,-9.746072769
-0.385409443,-9.747811317
-0.385278372,-9.748372078
-0.385191826,-9.750531197
-0.385077862,-9.750038147
-0.384964464,-9.750608444
-0.384856759,-9.75127697
-0.384766428,-9.754622459
-0.384642808,-9.754567146
-0.384544907,-9.756412506
-0.384441344,-9.756313324
-0.384312449,-9.755681992
-0.384232489,-9.754841805
-0.384082167,-9.757128716
-0.384004502,-9.758256912
-0.383872656,-9.759245872
-0.383803127,-9.760725021
-0.383656113,-9.76079464
-0.383547245,-9.760138512
-0.383437363,-9.760468483
-0.383318154,-9.761209488
-0.383219836,-9.76403904
-0.38311678,-9.766801834
-0.382993756,-9.765161514
-0.382898567,-9.766766548
-0.382777093,-9.765109062
-0.382670192,-9.76624012
-0.382536797,-9.76659584
-0.382435678,-9.768647194
-0.382331817,-9.769117355
-0.382234333,-9.770220757
-0.382139919,-9.77175808
-0.382012127,-9.769213676
-0.381913392,-9.775078773
-0.381818799,-9.773777962
-0.381666718,-9.773826599
-0.38160890199999997,-9.774690628
-0.381459979,-9.773248672
-0.381375847,-9.773931503
-0.381255595,-9.778619766
-0.381131528,-9.774668694
-0.381068436,-9.779019356
-0.380928395,-9.781306267
-0.380817263,-9.781480789
-0.380735455,-9.780568123
-0.380614517,-9.780694008
-0.380492358,-9.781857491
-0.380393026,-9.784139633
-0.38028696,-9.782543182
-0.38019806,-9.784967422
-0.380085854,-9.784666061
-0.379957674,-9.788305283
-0.379837988,-9.787086487
-0.379754124,-9.785876274
-0.379646568,-9.784499168
-0.379580645,-9.787481308
-0.379448978,-9.789059639
-0.379359989,-9.794424057
-0.379241703,-9.793395042
-0.379115341,-9.791563988
-0.379017292,-9.790594101
-0.378919749,-9.791909218
-0.378800778,-9.792227745
-0.378687738,-9.796749115
-0.378559588,-9.796772957
-0.378454028,-9.797177315
-0.378351061,-9.796047211
-0.378253309,-9.796492577
-0.37814003,-9.798528671
-0.378010122,-9.796245575
-0.377933709,-9.79899025
-0.377828954,-9.802721024
-0.377717344,-9.803395271
-0.377619533,-9.806377411
-0.377509741,-9.800866127
-0.377395747,-9.805325508
-0.377273886,-9.804846764
-0.377181796,-9.80512619
-0.377074627,-9.805358887
-0.37697172,-9.806812286
-0.376836089,-9.808797836
-0.376755623,-9.807391167
-0.376637278,-9.806667328
-0.376538692,-9.810373306
-0.376403211,-9.809762001
-0.376316337,-9.811058998
-0.37621331,-9.809435844
-0.376100419,-9.810035706
-0.376009403,-9.812508583
-0.375900267,-9.812889099
-0.375786571,-9.815119743
-0.375661193,-9.819169044
-0.375531046,-9.819158554
-0.375472723,-9.81892395
-0.375329403,-9.820103645
-0.37527865,-9.8164711
-0.375138609,-9.819101334
-0.375018893,-9.81923008
-0.374896525,-9.819542885
-0.374800919,-9.822343826
-0.374703882,-9.820659637
-0.374594508,-9.820698738
-0.374521969,-9.819459915
-0.374358801,-9.826068878
-0.37426629499999997,-9.825719833
-0.374193905,-9.82704258
-0.37405204599999997,-9.826986313
-0.373937098,-9.829907417
-0.373844681,-9.829471588
-0.373723088,-9.829031944
-0.373616574,-9.830911636
-0.373499868,-9.833004951
-0.373428075,-9.833551407
-0.373326419,-9.835827827
-0.37322217,-9.832098961
-0.373097537,-9.832820892
-0.373023747,-9.8363657
-0.372884421,-9.835366249
-0.372761576,-9.836753845
-0.372687249,-9.837688446
-0.37254688,-9.837510109
-0.3724533,-9.836338997
-0.37235531,-9.837262154
-0.372253059,-9.838400841
-0.37213972,-9.840047836
-0.372050403,-9.839491844
-0.371943919,-9.843719482
-0.37180513,-9.842844963
-0.371685086,-9.84283638
-0.371583639,-9.843613625
-0.371497301,-9.844341278
-0.371404527,-9.847648621
-0.371277092,-9.84963131
-0.371173529,-9.84955883
-0.371043323,-9.848890305
-0.370980261,-9.847969055
-0.370867757,-9.85110569
-0.370803146,-9.850283623
-0.370681522,-9.84933567
-0.370565442,-9.85000515
-0.370467005,-9.849702835
-0.37032762,-9.851657867
-0.370281695,-9.851732254
-0.370156644,-9.85340786
-0.370078323,-9.856850624
-0.369957415,-9.855628014
-0.369837938,-9.857827187
-0.369733421,-9.858467102
-0.369641541,-9.856678009
-0.369525967,-9.859581947
-0.369410573,-9.858791351
-0.369297562,-9.861915588
-0.36921048,-9.860627174
-0.369117646,-9.861711502
-0.368979869,-9.861446381
-0.368895499,-9.864578247
-0.368793545,-9.863494873
-0.368692963,-9.865665436
-0.368590621,-9.868006706
-0.36846065299999997,-9.86787796
-0.368345497,-9.865909576
-0.368276713,-9.866839409
-0.368146507,-9.864527702
-0.368059157,-9.866354942
-0.367936013,-9.87035656
-0.367867736,-9.867229462
-0.367743043,-9.870414734
-0.367616324,-9.872950554
-0.367551116,-9.872197151
-0.367420821,-9.874895096
-0.367327659,-9.87524128
-0.367217479,-9.875371933
-0.367121486,-9.875763893
-0.367024658,-9.874925613
-0.366923181,-9.876623154
-0.366825549,-9.875771523
-0.366711227,-9.877859116
-0.36663144599999997,-9.880662918
-0.366474329,-9.881456375
-0.366373954,-9.88174057
-0.366242347,-9.882634163
-0.366158394,-9.881546974
-0.366087465,-9.879131317
-0.365984825,-9.881457329
-0.365875272,-9.881577492
-0.365772484,-9.886108398
-0.365667312,-9.888843536
-0.365568159,-9.888538361
-0.365454255,-9.887943268
-0.36535996,-9.88705349
-0.36524236,-9.886035919
-0.365129588,-9.888028145
-0.365041552,-9.886903763
-0.364930568,-9.889291763
-0.364828972,-9.891324997
-0.364709137,-9.889698982
-0.364598988,-9.894050598
-0.364509014,-9.893488884
-0.364395021,-9.893307686
-0.364322184,-9.893792152
-0.364194958,-9.894113541
-0.364079146,-9.896303177
-0.36398053,-9.897296906
-0.363886206,-9.896530151
-0.363774328,-9.895159721
-0.363663761,-9.898361206
-0.363566605,-9.901007652
-0.363487868,-9.901849747
-0.363344876,-9.902629852
-0.363255708,-9.902931213
-0.363135008,-9.899941444
-0.363043545,-9.902888298
-0.362941442,-9.900600433
-0.362828998,-9.904878616
-0.362732438,-9.906862259
-0.362666933,-9.90838623
-0.36252567,-9.907057762
-0.362435577,-9.909651756
-0.362313686,-9.913053513
-0.362235127,-9.911434174
-0.362096904,-9.911613464
-0.362029759,-9.911759377
-0.361891268,-9.913443565
-0.361803083,-9.911427498
-0.361746637,-9.910105705
-0.361595182,-9.913730621
-0.361483274,-9.915411949
-0.361389278,-9.915472984
-0.36127886,-9.914546967
-0.361175327,-9.917826653
-0.361074923,-9.920960426
-0.360939918,-9.917017937
-0.360890923,-9.917736053
-0.360745547,-9.918854713
-0.360646961,-9.920937538
-0.360539375,-9.923485756
-0.360448895,-9.92288208
-0.360335795,-9.924053192
-0.360236405,-9.923495293
-0.360125778,-9.925680161
-0.360022215,-9.925191879
-0.35990998,-9.927848816
-0.359807281,-9.929520607
-0.359699426,-9.929796219
-0.359610526,-9.930727959
-0.359490482,-9.929673195
-0.359377531,-9.929257393
-0.359304426,-9.929209709
-0.359183667,-9.930464745
-0.359058706,-9.929314613
-0.358984945,-9.914351463
-0.358916638,-9.895661354
-0.358857898,-9.869982719
-0.35884255,-9.83409214
-0.358812152,-9.804682732
-0.358799247,-9.780583382
-0.358808158,-9.758402824
-0.358800976,-9.744408607
-0.358801989,-9.735085487
-0.358778535,-9.727007866
-0.358761726,-9.717463493
-0.358757613,-9.708088875
-0.358787505,-9.703240395
-0.358759878,-9.697711945
-0.358758388,-9.691130638
-0.358750729,-9.684387207
-0.358739493,-9.679880142
-0.358734129,-9.679275513
-0.358749447,-9.675064087
-0.35871288,-9.669403076
-0.358708559,-9.665569305
-0.358740388,-9.663731575
-0.358742325,-9.659509659
-0.35871136,-9.657102585
-0.358717678,-9.657819748
-0.35870984,-9.652727127
-0.358720867,-9.648407936
-0.358720718,-9.645306587
-0.358695773,-9.642721176
-0.358683555,-9.637588501
-0.358687339,-9.636509895
-0.358710645,-9.632966042
-0.358690945,-9.633128166
-0.358696876,-9.629333496
-0.358672796,-9.626793861
-0.358685521,-9.623748779
-0.358688144,-9.622056007
-0.358693687,-9.618973732
-0.358686833,-9.618689537
-0.358689247,-9.617043495
-0.3586646,-9.616153717
-0.35869783,-9.613707542
-0.358684329,-9.612685204
-0.358682392,-9.610944748
-0.358670859,-9.611415863
-0.35866314,-9.607958794
-0.358665554,-9.604646683
-0.358660875,-9.604971886
-0.358674822,-9.603339195
-0.358664004,-9.599285126
-0.358660666,-9.597826958
-0.358718989,-9.597089767
-0.35867676,-9.595105171
-0.358680336,-9.592797279
-0.358688681,-9.591803551
-0.35868576,-9.582474709
-0.358707963,-9.55065155
-0.35871559199999997,-9.509934425
-0.358738123,-9.465157509
-0.358772425,-9.412368774
-0.358775167,-9.355004311
-0.358800171,-9.301253319
-0.358870206,-9.247742653
-0.358860133,-9.191440582
-0.35887721,-9.135483742
-0.358915595,-9.081098557
-0.358923195,-9.030360222
-0.358933298,-8.97593689
-0.359002201,-8.922122955
-0.358999042,-8.867321968
-0.359015463,-8.814461708
-0.359038828,-8.762084961
-0.359094946,-8.712246895
-0.359092293,-8.656270981
-0.359104661,-8.605158806
-0.359161614,-8.548612595
-0.359187512,-8.49773407
-0.359187661,-8.44318676
-0.359219579,-8.393210411
-0.359230695,-8.338409424
-0.359278617,-8.285045624
-0.35928729,-8.234797478
-0.359312831,-8.180303574
-0.359313844,-8.129843712
-0.359361289,-8.071608543
-0.359392313,-8.018587112
-0.359439669,-7.966429234
-0.359472184,-7.915712833
-0.359480171,-7.865246296
-0.359499721,-7.813498497
-0.359528391,-7.761731625
-0.359594462,-7.708478451
-0.359583883,-7.654448986
-0.359615056,-7.605456352
-0.359616308,-7.555529118
-0.359699993,-7.50644207
-0.359719126,-7.451068401
-0.359711973,-7.395485878
-0.359801708,-7.342151642
-0.359822897,-7.293873787
-0.359871535,-7.242349148
-0.359876094,-7.190795898
-0.359903036,-7.137749672
-0.359937845,-7.08800745
-0.359975485,-7.033227444
-0.360010175,-6.983416557
-0.360040156,-6.928929329
-0.360077469,-6.879028797
-0.360117434,-6.826323032
-0.36013609,-6.776779175
-0.360151498,-6.727295876
-0.360227911,-6.675113678
-0.360231428,-6.629014969
-0.360253809,-6.579510212
-0.360292731,-6.529959679
-0.360328434,-6.480123043
-0.360370515,-6.430576801
-0.360397635,-6.381986141
-0.360408662,-6.327802181
-0.360453216,-6.279575348
-0.360475389,-6.231667995
-0.360508053,-6.184145451
-0.360533802,-6.131697178
-0.36057788,-6.077243805
-0.360598324,-6.025464058
-0.360659448,-5.969099045
-0.36067262099999997,-5.913437366
-0.360719679,-5.859098434
-0.36076331,-5.813396931
-0.360792546,-5.762340546
-0.36084464,-5.711792469
-0.360877601,-5.658680916
-0.360894738,-5.609766483
-0.360926924,-5.557888031
-0.360989599,-5.509178162
-0.360990612,-5.458593369
-0.361026196,-5.411959171
-0.361066042,-5.361584187
-0.361073433,-5.309581757
-0.361144362,-5.258490086
-0.361144243,-5.2047472
-0.36116856199999997,-5.155272484
-0.361209391,-5.108616829
-0.361285446,-5.060587883
-0.361316769,-5.012915611
-0.361318467,-4.97378397
-0.361351041,-4.933851719
-0.361383347,-4.893600941
-0.361398397,-4.853807926
-0.361416904,-4.831546307
-0.361460267,-4.814918995
-0.361463009,-4.803451061
-0.361465989,-4.797875881
-0.36147478,-4.791427135
-0.361479579,-4.787789822
-0.361490546,-4.722796917
-0.36155497799999997,-4.611554146
-0.361623732,-4.527593613
-0.361659555,-4.450767994
-0.361750184,-4.387839317
-0.361770777,-4.343221188
-0.361776469,-4.314357758
-0.36182775899999997,-4.288196564
-0.361850498,-4.248178482
-0.361934213,-4.186291695
-0.361991404,-4.108603954
-0.362076877,-4.030336857
-0.362116275,-3.949100971
-0.362177042,-3.869930029
-0.362206189,-3.796570301
-0.362308232,-3.728185892
-0.362349717,-3.667454243
-0.362393973,-3.607519865
-0.3624427,-3.549766064
-0.362500517,-3.493125916
-0.362513421,-3.436754942
-0.362563817,-3.382369757
-0.362584619,-3.327634096
-0.362629561,-3.273031712
-0.362710772,-3.216831446
-0.362736134,-3.166354179
-0.362786053,-3.112048864
-0.362816272,-3.060021639
-0.362868665,-3.002194166
-0.362915723,-2.949012756
-0.362965314,-2.894777775
-0.362980543,-2.83981204
-0.363055496,-2.787930489
-0.363059698,-2.738636255
-0.363140611,-2.685082436
-0.363130091,-2.638127327
-0.36319959,-2.584285021
-0.36324182,-2.530736923
-0.363257228,-2.480340958
-0.363321034,-2.426867962
-0.36334881,-2.376477718
-0.36341365999999997,-2.32320118
-0.363444833,-2.274071932
-0.363512723,-2.219195127
-0.363522796,-2.170287848
-0.363581536,-2.116701603
-0.363607852,-2.068831682
-0.363648651,-2.016995668
-0.363678543,-1.965524435
-0.363716183,-1.91514504
-0.363734512,-1.87050581
-0.363767741,-1.820437074
-0.363831071,-1.768395782
-0.363877652,-1.71822679
-0.363915412,-1.670576811
-0.363922743,-1.621930718
-0.363983093,-1.569901943
-0.364021299,-1.517679214
-0.36404979,-1.468562961
-0.364092408,-1.421010852
-0.364153681,-1.373942137
-0.364165096,-1.324678421
-0.364178328,-1.276126266
-0.364237187,-1.230261922
-0.364313273,-1.179136992
-0.364307551,-1.131410241
-0.364360211,-1.083340526
-0.364373414,-1.034272552
-0.364445536,-0.986349642
-0.364467738,-0.936710775
-0.364502398,-0.888143539
-0.364529846,-0.843739092
-0.364578007,-0.796956003
-0.364629744,-0.747957945
-0.364665119,-0.701794386
-0.364679543,-0.654386818
-0.364761559,-0.60323
-0.364767132,-0.55923003
-0.364825634,-0.51240921
-0.364851473,-0.466756731
-0.364911316,-0.42122069
-0.36491522,-0.372044951
-0.36498904,-0.325267702
-0.36501166,-0.277937949
-0.365018664,-0.230670974
-0.365069358,-0.185506746
-0.365111409,-0.141712993
-0.365141062,-0.096647993
-0.365184037,-0.049905062
-0.365240781,-0.004295726
-0.365292965,0.040045112
-0.365326462,0.083408259
-0.365380941,0.127028659
-0.365403352,0.171440557
-0.365421889,0.221530199
-0.365477679,0.265859783
-0.365530012,0.30816555
-0.365565239,0.352747053
-0.365586964,0.39447996
-0.365656434,0.443199158
-0.365678398,0.48587954
-0.365768222,0.5293383
-0.365753172,0.573785126
-0.365799038,0.618044913
-0.365844009,0.660927594
-0.365881233,0.704434156
-0.365961311,0.745515227
-0.365955887,0.790441513
-0.36602184,0.835498869
-0.366069315,0.875571668
-0.366107909,0.920823693
-0.366148887,0.961931109
-0.366153626,1.005310893
-0.366216866,1.05182302
-0.366258709,1.093713164
-0.36630150499999997,1.141459107
-0.366333274,1.179132342
-0.366372643,1.220672011
-0.366448907,1.26252985
-0.366459815,1.306472182
-0.366495429,1.349008441
-0.366579799,1.390986204
-0.366588561,1.431851029
-0.366627185,1.475032091
-0.366696654,1.511326909
-0.36674097,1.555536389
-0.36680155799999997,1.59539783
-0.366831927,1.640213847
-0.366866915,1.677546978
-0.366903452,1.717619658
-0.366963027,1.757845521
-0.367015986,1.801402926
-0.36704698,1.839327693
-0.367123095,1.879122376
-0.367148696,1.920493126
-0.367184011,1.958907843
-0.367215602,1.996865511
-0.367277233,2.034403563
-0.367334602,2.073895693
-0.3673923,2.113492489
-0.367419718,2.148178101
-0.367478101,2.186272621
-0.367508648,2.225013256
-0.36755654,2.266519547
-0.367582528,2.301901579
-0.36768016,2.339363575
-0.36770579,2.379249811
-0.367744444,2.413748026
-0.367795883,2.451214075
-0.367834745,2.487559319
-0.367901949,2.527809143
-0.367947517,2.564851284
-0.367979227,2.599802971
-0.368041424,2.636554003
-0.368069468,2.671802521
-0.368113933,2.706993818
-0.368176488,2.740485191
-0.368225811,2.780131817
-0.368302671,2.815157652
-0.368331162,2.854245901
-0.36841291,2.888273716
-0.36844465,2.922337294
-0.368488787,2.95270586
-0.368519155,2.988416195
-0.368571071,3.022260189
-0.36861944,3.05541563
-0.368690817,3.087564707
-0.368717847,3.123057842
-0.368794588,3.155846357
-0.36883652,3.187161922
-0.368867932,3.218801975
-0.368916092,3.252531767
-0.369006721,3.285425901
-0.369034199,3.318017483
-0.369108526,3.352578878
-0.369143901,3.384199619
-0.369183151,3.418979883
-0.36924818,3.448963881
-0.3692843,3.481034994
-0.369348107,3.51330471
-0.369389413,3.546564817
-0.36945772,3.577491999
-0.369507043,3.610523462
-0.369542746,3.644077301
-0.36960238,3.672586203
-0.369683592,3.701442957
-0.369729487,3.733384132
-0.369782386,3.760863066
-0.369822947,3.788789272
-0.369875936,3.823116779
-0.369937806,3.850455999
-0.370004652,3.881899595
-0.370038597,3.910671711
-0.370092301,3.94244051
-0.370178012,3.968458176
-0.370240746,3.99796772
-0.370275496,4.026622295
-0.370323746,4.055346966
-0.370384989,4.082942963
-0.370414941,4.11118412
-0.370480118,4.14238596
-0.370539991,4.165967464
-0.370612619,4.192584991
-0.370654402,4.220216274
-0.370735107,4.248232365
-0.37079343,4.275557995
-0.370839773,4.300270557
-0.37090423499999997,4.327430725
-0.370936571,4.353691578
-0.370993046,4.382777691
-0.371058492,4.410712242
-0.371130465,4.435190201
-0.371189861,4.461555481
-0.371233998,4.484519482
-0.371268598,4.508778095
-0.371342449,4.534865856
-0.37142532899999997,4.558098316
-0.371460317,4.585002899
-0.371539531,4.609526157
-0.371602027,4.63432312
-0.371641068,4.659655571
-0.371718703,4.68172884
-0.371779082,4.705975056
-0.371852575,4.726269245
-0.37189254,4.751077175
-0.371956108,4.777409554
-0.372052101,4.797821522
-0.372059731,4.823441505
-0.372148393,4.848509789
-0.372179357,4.87031126
-0.372259824,4.892803192
-0.372296212,4.912693977
-0.372375486,4.935597897
-0.372453718,4.958983898
-0.372498868,4.979528427
-0.372587679,5.000209808
-0.372651039,5.024423599
-0.372718481,5.045227051
-0.372770665,5.068348408
-0.372801064,5.089725494
-0.37285891,5.110696793
-0.372924147,5.133299828
-0.372998683,5.148606777
-0.373050032,5.16830492
-0.373122869,5.190540314
-0.373206345,5.211559772
-0.373244701,5.229616642
-0.373352734,5.250226021
-0.373400686,5.26964283
-0.373488782,5.291007042
-0.373525707,5.312199593
-0.373580484,5.330122471
-0.373660205,5.349410057
-0.373727588,5.369927883
-0.373779533,5.38885355
-0.373828171,5.406631947
-0.373913584,5.426867008
-0.373987226,5.445897579
-0.374047903,5.462273598
-0.374102561,5.485184193
-0.374179957,5.501086235
-0.374220369,5.518604279
-0.374295948,5.537580967
-0.374395577,5.554711819
-0.374433545,5.57186079
-0.374492554,5.589331627
-0.37457916,5.607035637
-0.37462428,5.624548912
-0.37471026,5.644430637
-0.374757169,5.662108421
-0.374860464,5.677324295
-0.374948828,5.692689896
-0.374965278,5.712030888
-0.37504348,5.725875854
-0.375140963,5.741987705
-0.375198333,5.758692265
-0.37523850599999997,5.777188301
-0.375302551,5.79230547
-0.37539175,5.806188583
-0.375476031,5.824926853
-0.375499396,5.840292931
-0.375605462,5.85422039
-0.375673233,5.872741222
-0.375768481,5.888754845
-0.375797359,5.903505802
-0.37588018,5.919980526
-0.37595859,5.935196877
-0.375998197,5.947194576
-0.37607616,5.9622159
-0.376149533,5.978221416
-0.376250712,5.993929386
-0.376296727,6.009883404
-0.376359878,6.023487091
-0.376430957,6.037436008
-0.376493482,6.05369091
-0.376543908,6.06821394
-0.376638411,6.079538822
-0.376726447,6.094736099
-0.376783965,6.107863903
-0.376857607,6.121905804
-0.376925198,6.13806057
-0.377004204,6.149610519
-0.37706208,6.162808418
-0.37714591399999997,6.179327965
-0.377225963,6.188334465
-0.377307145,6.202964783
-0.377329288,6.219263554
-0.377429185,6.230545521
-0.377511827,6.242635727
-0.377595006,6.251102448
-0.377665786,6.267546177
-0.377743868,6.284423351
-0.377806453,6.294691563
-0.377867786,6.305713654
-0.377961246,6.321017265
-0.378041772,6.334005833
-0.37810096,6.344891548
-0.378176419,6.355166435
-0.378261564,6.367734909
-0.378317533,6.38202095
-0.378371297,6.394518852
-0.378443388,6.404469013
-0.378558485,6.417066574
-0.378629027,6.427424908
-0.378702788,6.439610958
-0.378775654,6.453094006
-0.378879933,6.46476984
-0.37893715299999997,6.473786831
-0.378987638,6.484879971
-0.379089294,6.496096611
-0.379159985,6.508636475
-0.379229663,6.518051147
-0.379314331,6.529589176
-0.379374681,6.542710781
-0.379477082,6.554457664
-0.379521279,6.564388752
-0.37962365,6.572192192
-0.379704712,6.585356236
-0.379769562,6.59691
-0.379830388,6.606969357
-0.379922478,6.619644642
-0.380010394,6.6270895
-0.380060462,6.639918327
-0.380165247,6.647168159
-0.380209057,6.658388138
-0.380313782,6.668816566
-0.380377678,6.67762804
-0.380477665,6.686403751
-0.380557297,6.702318192
-0.380623667,6.712118149
-0.380720733,6.721194744
-0.380811153,6.726161957
-0.380855916,6.740945339
-0.38094264099999997,6.747637749
-0.381047128,6.757930756
-0.381099282,6.765854359
-0.381204395,6.778185844
-0.381285815,6.785607815
-0.381382881,6.795775414
-0.381431369,6.802506447
-0.381524501,6.814309597
-0.381604699,6.822960377
-0.381715862,6.836942673
-0.381804166,6.842243671
-0.381869046,6.853038311
-0.381927578,6.857204914
-0.381996421,6.867212296
-0.382079301,6.878153801
-0.382163672,6.88788414
-0.38219866,6.89308548
-0.382329492,6.902296543
-0.382394968,6.910772324
-0.382512389,6.921701431
-0.382592766,6.929743767
-0.382610409,6.936359882
-0.382778255,6.945709229
-0.382827072,6.955445766
-0.382905064,6.960508347
-0.382986067,6.971606255
-0.383055417,6.976719379
-0.383169828,6.988266468
-0.383228092,6.998729706
-0.38333833,7.003587246
-0.383400975,7.010477543
-0.383479325,7.019893169
-0.383582739,7.026982784
-0.383668749,7.036226749
-0.383735983,7.04136467
-0.38381484,7.048762798
-0.383925287,7.06110096
-0.383982567,7.068531513
-0.384080706,7.075080872
-0.384148864,7.080085278
-0.384256629,7.087237835
-0.384322105,7.095860481
-0.384398459,7.105793953
-0.384502409,7.111058712
-0.384578137,7.117517948
-0.384673653,7.125755787
-0.384772269,7.13560915
-0.38486412,7.142607689
-0.384945182,7.148267746
-0.38506540499999997,7.154136181
-0.38512787,7.163566589
-0.385229616,7.171145916
-0.385302303,7.174667358
-0.385360686,7.182343006
-0.385439573,7.190177441
-0.385547398,7.197511196
-0.385625957,7.205991745
-0.385728745,7.211756229
-0.385794489,7.216635704
-0.385882882,7.225727558
-0.385978518,7.23139286
-0.386055676,7.237444878
-0.386139153,7.246172428
-0.386261134,7.251554966
-0.38634103399999997,7.258671761
-0.386426119,7.265000343
-0.386513261,7.271476269
-0.386597632,7.27867794
-0.386678724,7.28570509
-0.386757461,7.290149212
-0.386859207,7.299711704
-0.386912195,7.30302906
-0.387033818,7.307056904
-0.387127457,7.312969208
-0.387192933,7.321239471
-0.387297211,7.329699039
-0.387391476,7.334904194
-0.387483208,7.339101791
-0.387599884,7.347493649
-0.387651352,7.352258682
-0.387761204,7.36027956
-0.387845246,7.363358498
-0.387917219,7.370882988
-0.388027964,7.375196934
-0.388103573,7.380490303
-0.388236193,7.388353825
-0.388326077,7.392319679
-0.388366638,7.39870882
-0.388481764,7.40609169
-0.388586281,7.413347721
-0.388680933,7.419228554
-0.388752429,7.421020508
-0.388864873,7.427359104
-0.388968883,7.435041904
-0.389024912,7.438506126
-0.389133899,7.444989204
-0.389225153,7.452104092
-0.389290242,7.454541683
-0.389415292,7.462528706
-0.389522938,7.469358444
-0.389606265,7.468736172
-0.389676837,7.475320816
-0.389786927,7.479755878
-0.389891116,7.485690117
-0.389989404,7.49244976
-0.390080957,7.498223782
-0.390194951,7.503778934
-0.390279232,7.509340763
-0.390373586,7.513135433
-0.390454141,7.518630028
-0.390573172,7.527224541
-0.390657811,7.529637814
-0.390757529,7.532917023
-0.390809028,7.536026955
-0.390900729,7.542888165
-0.391032128,7.54959774
-0.391104041,7.555668354
-0.391245423,7.557623863
-0.391312746,7.562322617
-0.391444055,7.569259644
-0.391520588,7.574810505
-0.391615627,7.576794624
-0.391723214,7.579419613
-0.391804574,7.587618828
-0.391909508,7.590474129
-0.392012147,7.595556259
-0.392120807,7.602599144
-0.3921701,7.603908539
-0.392298309,7.610647202
-0.392399041,7.617167473
-0.392498402,7.61887455
-0.392599372,7.623291016
-0.39267212,7.625330925
-0.392810611,7.632384777
-0.392899839,7.637646198
-0.392977951,7.643993855
-0.393110065,7.646241188
-0.393196134,7.650102139
-0.393305151,7.653672695
-0.393398581,7.658530712
-0.393519906,7.66485548
-0.393611161,7.66915369
-0.393720446,7.671223164
-0.393818138,7.673686028
-0.393922089,7.679265976
-0.394030063,7.683978558
-0.394099889,7.687943459
-0.394195376,7.692014217
-0.394304542,7.699090958
-0.394406853,7.705019951
-0.394533752,7.704395294
-0.394591479,7.711689472
-0.394699154,7.71560955
-0.394825487,7.719887257
-0.394926814,7.72319746
-0.395039139,7.72496891
-0.395095496,7.729459763
-0.395225911,7.73820591
-0.39532241,7.738788128
-0.395417629,7.7433815
-0.3955169,7.747267723
-0.395606814,7.749666214
-0.39571612899999997,7.755088329
-0.395828603,7.758505821
-0.395918189,7.761831284
-0.396025537,7.767355919
-0.396142094,7.768699169
-0.396246133,7.77375555
-0.396351514,7.778346539
-0.396458058,7.782004356
-0.396538137,7.784910202
-0.396671085,7.788389206
-0.396742342,7.790172577
-0.396869807,7.796237946
-0.396967469,7.800177574
-0.397077529,7.804057121
-0.397173761,7.807293415
-0.397282062,7.810443878
-0.397393344,7.813255787
-0.397499828,7.815977573
-0.397560386,7.820810318
-0.397701411,7.823476315
-0.397779672,7.828014374
-0.397910355,7.831449509
-0.398007719,7.835572243
-0.398083536,7.840353489
-0.398227422,7.844682217
-0.398353038,7.846681595
-0.398423223,7.848574638
-0.398539571,7.8533988
-0.398681132,7.856595516
-0.398789464,7.861290455
-0.398873953,7.862243176
-0.39897692,7.866424084
-0.399111806,7.868576527
-0.399218379,7.869265556
-0.399292557,7.873184681
-0.399398921,7.879765034
-0.399517058,7.881153107
-0.399624972,7.886453629
-0.399724988,7.886006355
-0.399850873,7.891333103
-0.399938135,7.893138885
-0.400060443,7.89708519
-0.40018829499999997,7.900727272
-0.400313197,7.905128479
-0.400420068,7.906695843
-0.400513141,7.910042286
-0.4006187,7.914671898
-0.400732039,7.917770386
-0.400845883,7.921517849
-0.401000558,7.921136379
-0.401060907,7.925219059
-0.401196418,7.927411079
-0.40130013,7.929662704
-0.401439158,7.933256149
-0.401500611,7.939184189
-0.401638059,7.941524982
-0.40172535,7.944329739
-0.401858745,7.94620657
-0.401950924,7.951181889
-0.402092068,7.955033779
-0.402204571,7.953856468
-0.402337221,7.959122658
-0.402438341,7.961675167
-0.402521281,7.963236332
-0.402663855,7.964171886
-0.402754871,7.967783928
-0.402884154,7.973874569
-0.402952163,7.975314617
-0.403070359,7.978953838
-0.403197078,7.979467869
-0.403296469,7.984685898
-0.403437046,7.985133171
-0.403547702,7.991243839
-0.403670726,7.993454456
-0.40381786,7.994408607
-0.403924374,7.994624138
-0.404031275,7.997149467
-0.404114423,7.999872208
-0.404283283,8.005166054
-0.404373674,8.006934166
-0.404491035,8.011795044
-0.404633103,8.010849953
-0.404748349,8.016226768
-0.404864071,8.018892288
-0.404965757,8.020282745
-0.405073701,8.024485588
-0.405194907,8.025157928
-0.405317335,8.026956558
-0.405427633,8.028477669
-0.405546723,8.033124924
-0.40565267,8.037709236
-0.40579935699999997,8.039786339
-0.405929623,8.040550232
-0.40604928,8.041842461
-0.406139163,8.044440269
-0.406259028,8.046154022
-0.406395821,8.049211502
-0.406525163,8.054862022
-0.406624196,8.058231354
-0.40675169,8.056357384
-0.406872479,8.057191849
-0.407006143,8.065657616
-0.407080887,8.066660881
-0.407243727,8.068445206
-0.407354025,8.069404602
-0.407453029,8.072177887
-0.407581626,8.073880196
-0.407686947,8.074244499
-0.407825021,8.077818871
-0.407950847,8.082221031
-0.408028213,8.082028389
-0.408193437,8.084850311
-0.408297448,8.088470459
-0.408397792,8.089864731
-0.408539234,8.093015671
-0.408647446,8.094777107
-0.40877953,8.095773697
-0.40890017,8.100250244
-0.409050493,8.10192585
-0.40912935,8.100722313
-0.409297733,8.105991364
-0.409398405,8.105648994
-0.40954542,8.110880852
-0.409662573,8.111257553
-0.409787713,8.111722946
-0.409874944,8.115083694
-0.410012333,8.119214058
-0.410142509,8.119243622
-0.41026809599999997,8.121642113
-0.410408435,8.122099876
-0.410495011,8.123187065
-0.410608945,8.130069733
-0.410737274,8.131159782
-0.410902916,8.135850906
-0.411024032,8.136105537
-0.411142586,8.135965347
-0.411228148,8.136171341
-0.411386577,8.13716507
-0.411513863,8.141875267
-0.411648629,8.146356583
-0.411759017,8.147972107
-0.411899833,8.148518562
-0.412011562,8.150624275
-0.412128298,8.153073311
-0.412240563,8.152890205
-0.412360666,8.156416893
-0.412493972,8.156451225
-0.412671773,8.161644936
-0.412741004,8.165141106
-0.412856041,8.162693977
-0.412998973,8.163732529
-0.413154451,8.167126656
-0.413253931,8.170563698
-0.413373379,8.170482635
-0.413523374,8.173751831
-0.413674383,8.17417717
-0.413767783,8.176398277
-0.413909016,8.178339958
-0.414051799,8.178215027
-0.414165912,8.180650711
-0.414279966,8.183844566
-0.414410351,8.182653427
-0.41451904,8.187703133
-0.414663432,8.190081596
-0.414785026,8.190925598
-0.41491097,8.193526268
-0.415034382,8.194756508
-0.415171115,8.195752144
-0.415353982,8.197723389
-0.415420143,8.198858261
-0.415598838,8.202264786
-0.415694205,8.204390526
-0.415843455,8.205684662
-0.415971963,8.206159592
-0.416071711,8.208825111
-0.416196941,8.208476067
-0.416339485,8.212797165
-0.416487126,8.214911461
-0.416617302,8.214643478
-0.416764705,8.215062141
-0.416892318,8.215776443
-0.417025296,8.217926979
-0.417153595,8.219478607
-0.417262135,8.222414017
-0.417403339,8.225898743
-0.417545972,8.225553513
-0.417671023,8.224162102
-0.417809097,8.224507332
-0.417886732,8.230012894
-0.418085514,8.232550621
-0.418203441,8.235001564
-0.418299316,8.236050606
-0.418445734,8.236292839
-0.418577192,8.23742485
-0.418708233,8.237464905
-0.418855427,8.238239288
-0.41902079999999997,8.243758202
-0.419130711,8.2426157
-0.419291167,8.244400978
-0.419389634,8.247625351
-0.419515966,8.248857498
-0.419650881,8.250563622
-0.419763116,8.249390602
-0.419908045,8.251473427
-0.420065222,8.252948761
-0.420162467,8.255709648
-0.420327244,8.255414009
-0.420441954,8.260623932
-0.420560656,8.265115738
-0.420726625,8.265107155
-0.420849709,8.262693405
-0.420997826,8.265530586
-0.421103714,8.267317772
-0.421266494,8.266393661
-0.421404062,8.268409729
-0.421523212,8.271060944
-0.42171269499999997,8.273838997
-0.42180985,8.273007393
-0.421960352,8.273095131
-0.422033219,8.272720337
-0.422187267,8.27590847
-0.422309546,8.277481079
-0.422466902,8.281944275
-0.422615049,8.282170296
-0.422762154,8.282926559
-0.422869144,8.281323433
-0.42301896,8.285248756
-0.423176168,8.286202431
-0.423306851,8.285556793
-0.423432527,8.286890984
-0.423574118,8.289421082
-0.423684953,8.291146278
-0.423878102,8.292660713
-0.423969684,8.295014381
-0.424120544,8.297330856
-0.424260376,8.295942307
-0.424430518,8.297300339
-0.424559323,8.298895836
-0.424694745,8.297199249
-0.424781589,8.30138588
-0.424941657,8.304229736
-0.425071446,8.305685997
-0.425241171,8.305450439
-0.425386129,8.30652523
-0.425535081,8.308778763
-0.425645648,8.308334351
-0.425810365,8.309549332
-0.425919084,8.309271812
-0.426063029,8.311439514
-0.426221279,8.311955452
-0.426339863,8.312541962
-0.426505713,8.312642097
-0.426630406,8.317349434
-0.426766245,8.320139885
-0.426924376,8.321755409
-0.427049516,8.323132515
-0.427203415,8.321670532
-0.427353976,8.323575974
-0.42747831199999997,8.322502136
-0.427621452,8.3244133
-0.427752761,8.322836876
-0.42787656,8.325425148
-0.42806658,8.329640388
-0.428178309,8.326947212
-0.428324817,8.32804966
-0.428473173,8.331882477
-0.428595154,8.330453873
-0.428741423,8.333949089
-0.428920595,8.337942123
-0.429045973,8.333950996
-0.42920210799999997,8.333384514
-0.429346053,8.335878372
-0.429464487,8.337582588
-0.429608969,8.340903282
-0.429747192,8.343073845
-0.429911135,8.341783524
-0.430029778,8.344848633
-0.430194674,8.342666626
-0.430351285,8.343612671
-0.430473654,8.346204758
-0.430625407,8.347540855
-0.430787711,8.34750843
-0.430895953,8.349802971
-0.431046246,8.349208832
-0.431201993,8.351350784
-0.43132156,8.351662636
-0.431466965,8.351992607
-0.431617824,8.352625847
-0.431773303,8.355351448
-0.431910662,8.35282135
-0.432064412,8.355394363
-0.432193456,8.355879784
-0.432346342,8.357680321
-0.432508795,8.357128143
-0.432642667,8.361503601
-0.432808904,8.361667633
-0.432952194,8.361343384
-0.433077155,8.361735344
-0.433216481,8.36341095
-0.433356522,8.367986679
-0.433516232,8.367283821
-0.433658836,8.367198944
-0.43380710299999997,8.366111755
-0.433965324,8.368672371
-0.434118209,8.367879868
-0.434265522,8.368785858
-0.43442812399999997,8.372018814
-0.434548108,8.375182152
-0.434688328,8.371400833
-0.43485692,8.374490738
-0.434970973,8.372312546
-0.435128478,8.375781059
-0.435270665,8.375315666
-0.435406713,8.375549316
-0.435590176,8.37628746
-0.435726671,8.380152702
-0.435900657,8.380167007
-0.436031757,8.377922058
-0.436151264,8.38198185
-0.436296282,8.384036064
-0.43648734499999997,8.384038925
-0.43659967,8.381073952
-0.436789094,8.382504463
-0.436935512,8.381943703
-0.437088696,8.383227348
-0.437156705,8.385821342
-0.437373934,8.386445045
-0.4375253,8.387143135
-0.437670885,8.386221886
-0.437825589,8.387320518
-0.437984554,8.388871193
-0.438119946,8.390446663
-0.43824601,8.392728806
-0.438415943,8.393709183
-0.438564478,8.393603325
-0.438728361,8.395504951
-0.438870518,8.3938694
-0.439023582,8.396217346
-0.43919876,8.395907402
-0.439308314,8.395659447
-0.439472375,8.395293236
-0.439634917,8.397089005
-0.439776359,8.397817612
-0.439929722,8.398535728
-0.440093188,8.397660255
-0.440236954,8.400428772
-0.440398214,8.403035164
-0.440546004,8.402074814
-0.440688787,8.400208473
-0.44088679399999997,8.402993202
-0.441040663,8.405229568
-0.441172538,8.401678085
-0.441326408,8.403266907
-0.441458492,8.401128769
-0.441647766,8.405276299
-0.441798387,8.403470039
-0.441945074,8.40525341
-0.442089943,8.404845238
-0.442237822,8.405117989
-0.442382632,8.408625603
-0.442554412,8.406621933
-0.442689566,8.410399437
-0.442858992,8.411251068
-0.442995815,8.412204742
-0.443169234,8.411793709
-0.443323312,8.411192894
-0.443458913,8.412475586
-0.443646578,8.411273956
-0.443784026,8.413648605
-0.443977533,8.413478851
-0.444109438,8.413523674
-0.444233147,8.416501999
-0.444377868,8.41500473
-0.444564967,8.416017532
-0.444703786,8.421079636
-0.444873063,8.421765327
-0.445004312,8.420938492
-0.445195733,8.419975281
-0.445391474,8.421772003
-0.445520191,8.418778419
-0.445670513,8.420596123
-0.445780365,8.420600891
-0.445963649,8.422328949
-0.446098713,8.42276001
-0.446267484,8.42356205
-0.446452556,8.423913956
-0.44659978,8.42346859
-0.446720151,8.422859192
-0.446880994,8.422769547
-0.447060285,8.426766396
-0.447238592,8.424258232
-0.447366504,8.428443909
-0.44752687,8.42824173
-0.447677253,8.427930832
-0.447837262,8.429154396
-0.447987465,8.432518959
-0.44812515199999997,8.432476997
-0.448330103,8.430231094
-0.448502032,8.430574417
-0.448637513,8.432039261
-0.448799281,8.429530144
-0.448938368,8.431106567
-0.449116198,8.431260109
-0.449245689,8.433364868
-0.449436931,8.434148788
-0.449604152,8.43374157
-0.449754475,8.434965134
-0.449895768,8.434135437
-0.450080423,8.433877945
-0.450238137,8.434923172
-0.450402169,8.435393333
-0.450555651,8.43343544
-0.450709043,8.436228752
-0.450864373,8.437991142
-0.451025693,8.435400009
-0.451201854,8.437749863
-0.45136085,8.440921783
-0.451512097,8.440090179
-0.451679019,8.436168671
-0.4518207,8.437413216
-0.451992778,8.43724823
-0.452142267,8.440244675
-0.452321319,8.440731049
-0.452472625,8.439680099
-0.452629713,8.441044807
-0.452808527,8.443240166
-0.452960936,8.439558029
-0.453131346,8.442516327
-0.453291176,8.443442345
-0.453397749,8.441509247
-0.453604041,8.443861961
-0.453764616,8.4436903
-0.453914372,8.445573807
-0.454074143,8.443110466
-0.454243777,8.444937706
-0.454408733,8.445091248
-0.454569606,8.446872711
-0.454732237,8.445163727
-0.454898594,8.4430933
-0.45504695,8.445531845
-0.45517966,8.44526577
-0.455362765,8.445996284
-0.455497293,8.447877884
-0.455693631,8.445649147
-0.455857692,8.447833061
-0.456047474,8.447380066
-0.456201194,8.448129654
-0.45634955,8.448719025
-0.456518499,8.449573517
-0.456695465,8.44865799
-0.456862537,8.450738907
-0.457018791,8.450140953
-0.457184104,8.450375557
-0.457346646,8.450173378
-0.457515983,8.450344086
-0.457700519,8.452767372
-0.457847087,8.450577736
-0.458031235,8.450896263
-0.45817828,8.451083183
-0.458321748,8.452198982
-0.458463548,8.449040413
-0.458653269,8.452413559
-0.458854435,8.451893806
-0.458998172,8.455143929
-0.459154902,8.452955246
-0.459334342,8.453779221
-0.459507851,8.454753876
-0.459677039,8.455004692
-0.459812192,8.455681801
-0.460020302,8.455578804
-0.460155247,8.454655647
-0.460339932,8.45382309
-0.460461823,8.45807457
-0.460651306,8.45515728
-0.460819719,8.457259178
-0.460996,8.458540916
-0.461136548,8.457001686
-0.461309759,8.456463814
-0.461495547,8.455852509
-0.461695073,8.453774452
-0.461824803,8.454863548
-0.461997269,8.456731796
-0.462184457,8.457144737
-0.462321846,8.459666252
-0.462497531,8.458839417
-0.462665914,8.457052231
-0.462829916,8.457198143
-0.462966679,8.458647728
-0.463137953,8.459331512
-0.463327674,8.459555626
-0.463463841,8.461241722
-0.463664411,8.458947182
-0.463844596,8.457982063
-0.464001594,8.459982872
-0.464167146,8.459355354
-0.464338867,8.461134911
-0.464510618,8.460379601
-0.464677332,8.46062088
-0.464867918,8.458349228
-0.464991419,8.460350037
-0.465137659,8.459501266
-0.465365497,8.460048676
-0.465513615,8.462033272
-0.465691386,8.460665703
-0.465858756,8.462656021
-0.46603253299999997,8.462932587
-0.466190694,8.460348129
-0.46637225,8.45900631
-0.466554372,8.461700439
-0.466713963,8.460420609
-0.4668532,8.460190773
-0.467044858,8.461555481
-0.467213659,8.463587761
-0.467429845,8.461240768
-0.467556505,8.459712029
-0.467720239,8.462474823
-0.467910288,8.46339798
-0.468073307,8.464014053
-0.468220083,8.464014053
-0.468409149,8.459638596
-0.468563078,8.462853432
-0.468760369,8.460577011
-0.46891695099999997,8.459301949
-0.469079493,8.467133522
-0.469260035,8.466966629
-0.4694598,8.466107368
-0.469594238,8.464446068
-0.469805894,8.465572357
-0.46995586,8.464159966
-0.470137982,8.462153435
-0.47026941,8.464505196
-0.47046697,8.465479851
-0.470658032,8.466826439
-0.470803915,8.463079453
-0.470970241,8.462627411
-0.471161632,8.46555233
-0.471317289,8.464519501
-0.471504984,8.463172913
-0.471662162,8.464450836
-0.471844314,8.463388443
-0.472035198,8.469755173
-0.472191034,8.463914871
-0.472358672,8.465230942
-0.472530602,8.46378994
-0.472726999,8.465776443
-0.472898034,8.46590519
-0.473068683,8.466650009
-0.473233698,8.464151382
-0.473424314,8.46678257
-0.473575978,8.466426849
-0.473756133,8.464356422
-0.473962752,8.465606689
-0.4741199,8.46739769
-0.474297909,8.46628952
-0.474489985,8.468762398
-0.474645702,8.465848923
-0.47482997,8.465594292
-0.474999784,8.465484619
-0.475167988,8.465668678
-0.475316135,8.4656744
-0.475499479,8.465402603
-0.475660173,8.467344284
-0.475847362,8.466896057
-0.476056514,8.465149879
-0.476209043,8.463478088
-0.476377009,8.463226318
-0.476586429,8.463028908
-0.476722596,8.466044426
-0.476901619,8.464314461
-0.477048455,8.466583252
-0.477247117,8.467457771
-0.477452336,8.466043472
-0.477609573,8.468043327
-0.477777688,8.467805862
-0.477945982,8.469145775
-0.478136299,8.465473175
-0.47830811,8.467147827
-0.478485433,8.463330269
-0.478685854,8.463663101
-0.478831826,8.464483261
-0.479007391,8.463741302
-0.479172228,8.466434479
-0.479397712,8.465303421
-0.479568778,8.462921143
-0.479744939,8.465540886
-0.479891984,8.463292122
-0.480088024,8.461673737
-0.480232148,8.463840485
-0.480429141,8.46592617
-0.480614511,8.465828896
-0.480778901,8.466567039
-0.480994402,8.465715408
-0.481138287,8.464925766
-0.481353639,8.461009026
-0.481527386,8.463739395
-0.481685577,8.466253281
-0.481856851,8.466115952
-0.48203784,8.46475029
-0.482188014,8.462759972
-0.482383279,8.460140228
-0.482548861,8.463401794
-0.48272439699999997,8.464801788
-0.482912568,8.46407032
-0.483079402,8.463279724
-0.483286558,8.462254524
-0.483449278,8.462598801
-0.483612953,8.461402893
-0.483792631,8.462228775
-0.483976452,8.462697983
-0.484135507,8.464522362
-0.484316615,8.46609211
-0.484496562,8.464413643
-0.484690813,8.462618828
-0.484863786,8.460828781
-0.485044418,8.460681915
-0.485253839,8.461661339
-0.485388843,8.464334488
-0.485576449,8.459738731
-0.485786704,8.460328102
-0.485952525,8.464277267
-0.48612651,8.460977554
-0.486282615,8.458583832
-0.486478953,8.461575508
-0.486660568,8.461910248
-0.48684126,8.464662552
-0.48700547,8.461161613
-0.487212358,8.458119392
-0.487367837,8.462872505
-0.487574158,8.462000847
-0.487735836,8.459771156
-0.487951962,8.460408211
-0.488117365,8.460853577
-0.488306401,8.459139824
-0.488462118,8.459216118
-0.488645284,8.45732975
-0.488857297,8.45613575
-0.489006011,8.46088028
-0.489212988,8.457774162
-0.489368258,8.456609726
-0.489575682,8.462306976
-0.489724783,8.459877968
-0.48993033,8.461717606
-0.490125923,8.458608627
-0.490287779,8.457745552
-0.490474401,8.458032608
-0.490657775,8.458667755
-0.490832297,8.460063934
-0.490998326,8.457889557
-0.49119067,8.457858086
-0.491364656,8.458607674
-0.491572795,8.455710411
-0.491770295,8.456190109
-0.49192637,8.45529747
-0.492117612,8.458600044
-0.492302029,8.45720005
-0.492509125,8.457937241
-0.492671339,8.456816673
-0.492829679,8.454721451
-0.493028162,8.45550251
-0.493211327,8.452319145
-0.493389247,8.452373505
-0.493573187,8.455788612
-0.493729172,8.456348419
-0.493950574,8.457321167
-0.494111089,8.452232361
-0.494330553,8.454073906
-0.494480608,8.454384804
-0.49465978,8.45440197
-0.494848279,8.455911636
-0.495060353,8.455554008
-0.495217798,8.455192566
-0.495415358,8.455031395
-0.495608447,8.452950478
-0.495818345,8.452241898
-0.495961426,8.451667786
-0.496168284,8.453608513
-0.496340988,8.45359993
-0.496492086,8.454039574
-0.496712951,8.450769424
-0.496873198,8.449309349
-0.49706444,8.451353073
-0.497250287,8.449281693
-0.497417776,8.451961517
-0.497606067,8.450422287
-0.497793792,8.449548721
-0.497977374,8.449776649
-0.498172132,8.448143005
-0.498355178,8.4463377
-0.498561679,8.449075699
-0.498723684,8.450405121
-0.498901604,8.448615074
-0.499100564,8.450180054
-0.49926286799999997,8.44904995
-0.499470023,8.448421478
-0.499611555,8.445914268
-0.499822645,8.447183609
-0.500033317,8.447398186
-0.500222681,8.446331024
-0.500393985,8.444842339
-0.50056511,8.445145607
-0.500764428,8.445575714
-0.500934778,8.443811417
-0.501102446,8.444698334
-0.5012676699999999,8.447315216
-0.501458047,8.445933342
-0.501660047,8.448378563
-0.50187069,8.444273949
-0.502019642,8.445207596
-0.502209364,8.441380501
-0.502379952,8.442678452
-0.502566753,8.441585541
-0.502755521,8.44569397
-0.502937315,8.444596291
-0.503116904,8.44503212
-0.503323315,8.443212509
-0.50348532,8.442294121
-0.503678201,8.44348526
-0.503894625,8.444214821
-0.504066227,8.441290855
-0.5042392,8.442548752
-0.504436312,8.444386482
-0.504638014,8.441357613
-0.504792808,8.43910408
-0.504992126,8.437665939
-0.50516933,8.438765526
-0.505374311,8.439982414
-0.505553005,8.439180374
-0.505759595,8.439107895
-0.505950151,8.437826157
-0.506082175,8.441790581
-0.506310521,8.436481476
-0.506504355,8.438448906
-0.506645797,8.43533802
-0.506837545,8.439566612
-0.50703281,8.438642502
-0.507190405,8.437695503
-0.507404326,8.43446064
-0.507569132,8.435987473
-0.507794617,8.434418678
-0.507976471,8.432842255
-0.508165298,8.431957245
-0.508356927,8.433933258
-0.508515654,8.434288025
-0.508708237,8.435618401
-0.508920489,8.433931351
-0.509105085,8.434931755
-0.509280203,8.431447983
-0.509474812,8.432247162
-0.509666501,8.433714867
-0.509842573,8.433239937
-0.510025082,8.430839539
-0.510232864,8.430937767
-0.510425566,8.429209709
-0.510596631,8.430354118
-0.510793565,8.428566933
-0.510978697,8.429711342
-0.511149941,8.431243896
-0.511369525,8.430184364
-0.511508999,8.428022385
-0.511723815,8.426606178
-0.511902509,8.426945686
-0.512098847,8.428142548
-0.512269555,8.427932739
-0.512491701,8.429476738
-0.512649296,8.427147865
-0.512834666,8.42688942
-0.513029037,8.430936813
-0.513234494,8.425370216
-0.513425229,8.426675797
-0.513612865,8.425654411
-0.513809977,8.422903061
-0.513981341,8.423146248
-0.514165102,8.426633835
-0.514384268,8.425028801
-0.514574645,8.425503731
-0.514752684,8.425171852
-0.51492524,8.422329903
-0.515130697,8.422472
-0.51530808,8.422608376
-0.515508412,8.419941902
-0.515677033,8.422050476
-0.515893279,8.424572945
-0.516031859,8.422911644
-0.516275344,8.420209885
-0.516459106,8.417266846
-0.516629217,8.4193964
-0.516830562,8.417174339
-0.516995488,8.420117378
-0.517196177,8.416553497
-0.517373143,8.417546272
-0.517601131,8.41366291
-0.517796872,8.415295601
-0.517961858,8.413715363
-0.518159984,8.415960312
-0.518342434,8.415631294
-0.518564401,8.416916847
-0.518752573,8.416877747
-0.518938122,8.414764404
-0.51909828,8.411465645
-0.519290326,8.413160324
-0.519502519,8.412332535
-0.51968026,8.413291931
-0.5199016909999999,8.41328907
-0.520070789,8.413313866
-0.520269631,8.412837982
-0.52047777,8.41088295
-0.520624934,8.410406113
-0.520815967,8.408916473
-0.521020232,8.411643028
-0.521212218,8.409958839
-0.521377204,8.40938282
-0.521594999,8.40849781
-0.521760641,8.409132957
-0.521958349,8.407157898
-0.52215266,8.404593468
-0.522342203,8.40750885
-0.522570906,8.404600143
-0.522721646,8.406245232
-0.522941349,8.406636238
-0.523129819,8.403737068
-0.523278413,8.40637207
-0.523512838,8.405007362
-0.523696957,8.405140877
-0.523873447,8.40549469
-0.524066446,8.407483101
-0.524258671,8.402101517
-0.524480639,8.404319763
-0.524661539,8.401211739
-0.524860321,8.403621674
-0.525054513,8.403079987
-0.525252221,8.402158737
-0.525470732,8.401802063
-0.52561581,8.398774147
-0.525834559,8.399292946
-0.5260213,8.396641731
-0.526211618,8.397191048
-0.526391624,8.398090363
-0.526583908,8.399537086
-0.526771365,8.400849342
-0.526970802,8.398683548
-0.527181802,8.399600983
-0.527398465,8.396493912
-0.527580259,8.399546623
-0.527765213,8.397457123
-0.527958689,8.397676468
-0.528118489,8.39396286
-0.528376875,8.395376205
-0.528523622,8.393507004
-0.528746424,8.392629623
-0.528888105,8.390604019
-0.529098211,8.391607285
-0.529283045,8.39136219
-0.529468952,8.391889572
-0.529674886,8.392745972
-0.529860793,8.393868446
-0.530065117,8.394673347
-0.530266283,8.392735481
-0.530454753,8.392106056
-0.53066021,8.390317917
-0.530838965,8.390983582
-0.531062661,8.390262604
-0.531246958,8.389927864
-0.531457184,8.388997078
-0.531633316,8.385844231
-0.53182566,8.385911942
-0.532026051,8.384019852
-0.532221077,8.384900093
-0.532390295,8.386273384
-0.532593308,8.387452126
-0.532809852,8.38914299
-0.532958208,8.384122849
-0.53317338,8.38342762
-0.533377109,8.380462646
-0.533535002,8.38061142
-0.533751128,8.381856918
-0.533926008,8.384728432
-0.534160612,8.385917664
-0.534361778,8.382652283
-0.534561275,8.380156517
-0.5347414,8.381475449
-0.534927128,8.378138542
-0.535125552,8.380246162
-0.535329161,8.379929543
-0.535497246,8.376739502
-0.535740135,8.379122734
-0.53592032,8.378773689
-0.536065159,8.375851631
-0.536271511,8.378051758
-0.536470829,8.380797386
-0.536675213,8.379146576
-0.536896883,8.376535416
-0.537102817,8.376092911
-0.537301717,8.377356529
-0.537490604,8.376852989
-0.537670491,8.372801781
-0.537889121,8.372031212
-0.538053332,8.36971283
-0.538237331,8.369532585
-0.538456677,8.370875359
-0.538645087,8.373703957
-0.538847087,8.370410919
-0.539035795,8.370445251
-0.539241372,8.370252609
-0.539437113,8.370286942
-0.539629279,8.367833138
-0.539837955,8.36934948
-0.540028272,8.368897438
-0.540269671,8.370167732
-0.540419458,8.369609833
-0.540624676,8.366622925
-0.540849922,8.366271973
-0.541024385,8.364833832
-0.541203795,8.363231659
-0.541409491,8.364997864
-0.541580377,8.367713928
-0.541779338,8.362223625
-0.542006074,8.36051178
-0.542175947,8.362012863
-0.54237604,8.363616943
-0.542598961,8.36373806
-0.542752681,8.361493111
-0.542984663,8.361460686
-0.543170391,8.362404823
-0.543360708,8.359095573
-0.543556271,8.36131382
-0.543754814,8.360897064
-0.543936132,8.359970093
-0.544152675,8.358697891
-0.54434347,8.35841465
-0.54456049,8.354949951
-0.54475206,8.355793953
-0.544935225,8.354455948
-0.545131503,8.356414795
-0.545358358,8.356309891
-0.545525549,8.353634834
-0.54573953,8.353373528
-0.545921741,8.353816032
-0.546116171,8.354830742
-0.546325384,8.352800369
-0.546522735,8.349628448
-0.546737013,8.350692749
-0.546905814,8.350618362
-0.547121881,8.348412514
-0.547297476,8.351159096
-0.547525702,8.350774765
-0.54772657,8.348207474
-0.547929762,8.348727226
-0.548105834,8.34692955
-0.548323153,8.346693039
-0.548494635,8.347576141
-0.548696874,8.345393181
-0.54893106,8.345772743
-0.549125968,8.346010208
-0.54931259,8.343297005
-0.549482105,8.342700005
-0.549699364,8.339930534
-0.549884556,8.341451645
-0.550099073,8.343198776
-0.550273595,8.345053673
-0.550468443,8.342607498
-0.550666509,8.341028214
-0.550889252,8.34034729
-0.551075039,8.341536522
-0.551274536,8.339007378
-0.551482139,8.337020874
-0.55171722,8.340841293
-0.551882623,8.337643623
-0.552102028,8.33621788
-0.552266238,8.335838318
-0.55251467,8.336284637
-0.552675841,8.336079597
-0.552859126,8.338062286
-0.553080021,8.33603096
-0.553270338,8.336445808
-0.553478954,8.336369514
-0.553686796,8.334101677
-0.553905247,8.334115982
-0.554073094,8.329750061
-0.554257987,8.331990242
-0.554470001,8.332760811
-0.554634152,8.333413124
-0.554876505,8.332065582
-0.555061935,8.327799797
-0.55524051,8.326553345
-0.555470346,8.326633453
-0.555636702,8.329504967
-0.555878041,8.329966545
-0.556056438,8.327717781
-0.556288121,8.328191757
-0.556487082,8.326460838
-0.556683479,8.326833725
-0.556914805,8.323289871
-0.557068525,8.32482338
-0.557288943,8.32418251
-0.557474135,8.327745438
-0.557671724,8.324649811
-0.557909248,8.322348595
-0.558079002,8.321315765
-0.558297573,8.322569847
-0.558504222,8.319759369
-0.558709739,8.319191933
-0.558876274,8.321247101
-0.559101163,8.320026398
-0.559315501,8.319390297
-0.559526144,8.318562508
-0.559696375,8.317302704
-0.559904156,8.317804337
-0.560093878,8.314917564
-0.560262321,8.316617012
-0.560518144,8.317996025
-0.560712395,8.316385269
-0.560902713,8.316325188
-0.561106144,8.314923286
-0.561331747,8.316083908
-0.56148964,8.311901093
-0.561719893,8.312093735
-0.561929522,8.313404083
-0.5621227599999999,8.311500549
-0.562325059,8.313493729
-0.562538324,8.312109947
-0.56270778,8.309193611
-0.562934218,8.306446075
-0.563119648,8.308218956
-0.563322423,8.308128357
-0.563548265,8.305551529
-0.563703297,8.306552887
-0.563944874,8.308506012
-0.564110695,8.304608345
-0.564336417,8.305595398
-0.564541278,8.303293228
-0.564725218,8.301877022
-0.564975439,8.305492401
-0.565162895,8.305038452
-0.565347312,8.3054533
-0.565542517,8.30202198
-0.565751253,8.299659729
-0.565965174,8.30040741
-0.566208242,8.300395012
-0.566376744,8.300372124
-0.566594658,8.300113678
-0.566772161,8.301290512
-0.566989301,8.300841331
-0.567174135,8.299004555
-0.567384241,8.297978401
-0.567582903,8.297417641
-0.567784665,8.297521591
-0.568009434,8.295049667
-0.568173407,8.293438911
-0.568398951,8.291574478
-0.568592666,8.294132233
-0.568800507,8.294189453
-0.568979142,8.29245472
-0.569156108,8.290990829
-0.5693925,8.294453621
-0.569615422,8.292243958
-0.569826661,8.293869019
-0.570016978,8.289620399
-0.570231853,8.289072037
-0.570417998,8.289211273
-0.570635198,8.28860569
-0.570849238,8.287812233
-0.571063338,8.291343689
-0.57123184,8.286787987
-0.571447311,8.286138535
-0.57165551,8.28390789
-0.571854768,8.28377533
-0.572038768,8.281280518
-0.572269855,8.283470154
-0.572437344,8.283034325
-0.572629867,8.284640312
-0.572843192,8.280781746
-0.573054014,8.280591011
-0.573254583,8.279506683
-0.573520718,8.276720047
-0.573673127,8.278858185
-0.57385671,8.278427124
-0.574073015,8.278630257
-0.574295102,8.281463623
-0.574481664,8.275743484
-0.5746783599999999,8.277500153
-0.574918864,8.275016785
-0.575113175,8.275876045
-0.575313149,8.271724701
-0.57551497,8.276362419
-0.575721083,8.272689819
-0.575946925,8.273309708
-0.576150356,8.271879196
-0.576301752,8.271781921
-0.576537488,8.271159172
-0.576733587,8.27107811
-0.576961814,8.270872116
-0.57711607,8.270929337
-0.577337919,8.267735481
-0.577519773,8.268582344
-0.577732382,8.267024994
-0.577938555,8.268645287
-0.578165112,8.265062332
-0.578346429,8.265564919
-0.578585384,8.266444206
-0.57876694,8.267622948
-0.578970848,8.264019012
-0.579184352,8.267819405
-0.579405485,8.262513161
-0.579570172,8.261814117
-0.579802988,8.263096809
-0.580017803,8.262429237
-0.580238639,8.261818886
-0.580440758,8.258318901
-0.580633579,8.260438919
-0.580853043,8.258311272
-0.581052063,8.257876396
-0.581227003,8.260689735
-0.581457017,8.258136749
-0.581648765,8.256239891
-0.581866918,8.256191254
-0.582029758,8.254369736
-0.582291005,8.256171227
-0.5824998,8.256639481
-0.582702754,8.254179955
-0.582918225,8.253263474
-0.583110211,8.253664017
-0.583320258,8.252747536
-0.583500741,8.251422882
-0.583726523,8.250916481
-0.583956955,8.250099182
-0.584111271,8.247913361
-0.584359942,8.248897552
-0.584551273,8.245491028
-0.584750889,8.250148773
-0.584980426,8.248874664
-0.585148035,8.248062134
-0.58535677,8.246455193
-0.585582553,8.24326992
-0.585793434,8.246416092
-0.585979341,8.243120193
-0.586169599,8.244765282
-0.586429594,8.245106697
-0.586608468,8.245091438
-0.586814402,8.243899345
-0.587039946,8.242574692
-0.587260841,8.240619659
-0.587445913,8.238470078
-0.587668357,8.239500046
-0.587843118,8.236951828
-0.58807653,8.238209724
-0.588295756,8.237106323
-0.588487623,8.237751961
-0.588703988,8.234318733
-0.588865338,8.234275818
-0.589095054,8.232527733
-0.589282988,8.233381271
-0.58947867,8.232818604
-0.589699088,8.233772278
-0.589900849,8.232908249
-0.590121744,8.232580185
-0.590333877,8.233801842
-0.590562819,8.230205536
-0.590764998,8.230966568
-0.590921162,8.22941494
-0.591136871,8.230489731
-0.591339229,8.230049133
-0.591560362,8.22731781
-0.591803847,8.228214264
-0.591993211,8.227445602
-0.592195151,8.229234695
-0.592412947,8.225110054
-0.592624186,8.225431442
-0.592825113,8.224886894
-0.593022166,8.227535248
-0.593236206,8.224490166
-0.593463598,8.225516319
-0.593642889,8.223410606
-0.593875943,8.220890045
-0.594064353,8.22148037
-0.594290374,8.220806122
-0.594479499,8.219532967
-0.594706534,8.221405029
-0.59490454,8.219902992
-0.595107017,8.216948509
-0.59530556,8.217214584
-0.595507203,8.216057777
-0.595701097,8.218128204
-0.595923541,8.214647293
-0.596122561,8.215520859
-0.59636992,8.216731071
-0.596557913,8.213996887
-0.59677559,8.212715149
-0.5969776489999999,8.210437775
-0.5971939549999999,8.213003159
-0.597381769,8.214074135
-0.597583531,8.21253109
-0.597813724,8.211030006
-0.59800726,8.210943222
-0.598233519,8.212424278
-0.598453162,8.207383156
-0.598607479,8.208023071
-0.598867951,8.208816528
-0.599075614,8.209318161
-0.599277018,8.207113266
-0.599484859,8.207144737
-0.599688647,8.206979752
-0.599926887,8.203669548
-0.600118099,8.202186584
-0.600346444,8.203784943
-0.600529907,8.204260826
-0.600713132,8.202485085
-0.600926636,8.201371193
-0.601160763,8.200806618
-0.601371585,8.197352409
-0.601556061,8.199398041
-0.601762531,8.198760986
-0.602004765,8.198690414
-0.602183161,8.197543144
-0.602371035,8.196543694
-0.602606891,8.196873665
-0.602834282,8.19818306
-0.603035806,8.194917679
-0.603256343,8.193249702
-0.603450237,8.190909386
-0.603615938,8.189958572
-0.6038737279999999,8.193735123
-0.604048966,8.193000793
-0.604262767,8.191333771
-0.604450224,8.191102982
-0.604669331,8.190180779
-0.604890404,8.189174652
-0.605089067,8.190242767
-0.605286418,8.190953255
-0.60550767,8.189422607
-0.605727075,8.188363075
-0.605939386,8.185674667
-0.606160818,8.18646431
-0.606377421,8.182905197
-0.606564162,8.185015678
-0.60676354,8.181937218
-0.606983898,8.186058044
-0.607142089,8.183893204
-0.607405482,8.183345795
-0.607617317,8.18089962
-0.607815681,8.182097435
-0.60801035,8.184314728
-0.608230172,8.180077553
-0.608457623,8.179937363
-0.608669696,8.181214333
-0.608873783,8.178409576
-0.609071253,8.17773819
-0.609287499,8.176640511
-0.609494446,8.177336693
-0.609710155,8.175257683
-0.609926639,8.17483139
-0.610139845,8.174054146
-0.610307811,8.173386574
-0.610528885,8.17176342
-0.610735832,8.172558784
-0.610922633,8.172735214
-0.611132024,8.169466019
-0.611362217,8.169197083
-0.611548303,8.170380592
-0.611768244,8.170669556
-0.611962734,8.171042442
-0.612203656,8.171146393
-0.612416266,8.168949127
-0.612661896,8.169002533
-0.6128453,8.170654297
-0.613036333,8.165472031
-0.613264976,8.164845467
-0.613480208,8.167253494
-0.613669334,8.163346291
-0.613897739,8.163645744
-0.614077447,8.162836075
-0.614319859,8.163763046
-0.61454737,8.164983749
-0.614734946,8.162797928
-0.614966093,8.163487434
-0.615171371,8.16076088
-0.615366874,8.158250809
-0.615599273,8.157805443
-0.615832744,8.158286095
-0.616010187,8.157253265
-0.616213558,8.158834457
-0.616418181,8.15781498
-0.616645871,8.157066345
-0.616872607,8.156216621
-0.617068468,8.152091026
-0.617243229,8.152438164
-0.617445467,8.15371418
-0.617673276,8.152695656
-0.617876826,8.153273582
-0.618103741,8.149816513
-0.618320761,8.151790619
-0.618514774,8.151676178
-0.618724583,8.146814346
-0.618909,8.146338463
-0.619120775,8.146688461
-0.619348524,8.148743629
-0.619554339,8.146666527
-0.619747935,8.147188187
-0.619978545,8.146104813
-0.620185016,8.143471718
-0.620406149,8.144946098
-0.62057483,8.144351006
-0.620803235,8.143367767
-0.620997964,8.14503479
-0.621217607,8.145086288
-0.621428547,8.142438889
-0.621641276,8.140845299
-0.621866999,8.137940407
-0.622064231,8.138805389
-0.622271715,8.141489983
-0.622477768,8.13834095
-0.622705637,8.139214516
-0.622924564,8.138184547
-0.623150883,8.139904976
-0.623382507,8.137533188
-0.623570977,8.13549614
-0.623754857,8.135367393
-0.623962818,8.138326645
-0.624196587,8.134997368
-0.624387978,8.132044792
-0.624607442,8.131940842
-0.6248278,8.132692337
-0.625018356,8.128754616
-0.625238536,8.129961967
-0.6254369,8.129397392
-0.625644801,8.130937576
-0.625852941,8.130331039
-0.626086174,8.129552841
-0.626304029,8.128246307
-0.626487551,8.126173019
-0.626706658,8.124851227
-0.6269060359999999,8.122714996
-0.627141951,8.12558651
-0.627346633,8.126187325
-0.627581952,8.127524376
-0.627767144,8.125602722
-0.627990959,8.122615814
-0.62818229,8.119930267
-0.628369628,8.121727943
-0.628599463,8.121361732
-0.62880653,8.120578766
-0.629005669,8.120738983
-0.629224358,8.119411469
-0.629444478,8.117135048
-0.629668413,8.118889809
-0.629872976,8.117025375
-0.630066572,8.119997978
-0.630267618,8.116979599
-0.630499004,8.115243912
-0.630682169,8.112647057
-0.630892215,8.113605499
-0.631121395,8.11384964
-0.631315706,8.112575531
-0.631541429,8.111854553
-0.631772695,8.112468719
-0.63196641,8.110809326
-0.632181345,8.112816811
-0.632408259,8.111917496
-0.632605074,8.111616135
-0.632802604,8.107356071
-0.633026538,8.110096931
-0.633239506,8.105858803
-0.633428155,8.106452942
-0.633644519,8.107001305
-0.633844851,8.105646133
-0.634062765,8.106277466
-0.634288011,8.103728294
-0.634498535,8.103871346
-0.634706495,8.106901169
-0.634902416,8.105377197
-0.635113834,8.104042053
-0.635325668,8.102586746
-0.635543404,8.102139473
-0.63574606,8.100928307
-0.635978339,8.101140976
-0.636162458,8.098525047
-0.636365591,8.101383209
-0.636599241,8.100398064
-0.636800645,8.100091934
-0.63699442,8.099279404
-0.6372506,8.099116325
-0.63742107,8.096503258
-0.637648223,8.095767975
-0.637841342,8.094730377
-0.638043879,8.090860367
-0.638237117,8.094419479
-0.638477145,8.092292786
-0.63866633,8.095110893
-0.638914345,8.093342781
-0.639107702,8.087687492
-0.63930404,8.088597298
-0.639525412,8.089791298
-0.63977438,8.087888718
-0.639950095,8.088717461
-0.640175579,8.09127903
-0.640385447,8.088336945
-0.64060819,8.085700989
-0.640805839,8.083785057
-0.641010283,8.084591866
-0.641225932,8.085400581
-0.641468821,8.082802773
-0.641644178,8.081989288
-0.641865848,8.081350327
-0.64208263,8.081728935
-0.64229071,8.080170631
-0.642476557,8.078834534
-0.642686067,8.080430984
-0.642882166,8.081101418
-0.643097935,8.081671715
-0.643316386,8.08155632
-0.643566607,8.079868317
-0.643759606,8.076213837
-0.643946944,8.074270248
-0.644147871,8.074765205
-0.644387899,8.074127197
-0.644581256,8.074036598
-0.644807158,8.074929237
-0.645040391,8.072493553
-0.645227252,8.071866035
-0.645462511,8.071904182
-0.645651517,8.070389748
-0.645874618,8.070718765
-0.646085618,8.071216583
-0.646274565,8.069174767
-0.646505652,8.067000389
-0.646692751,8.069496155
-0.646901904,8.067606926
-0.647119401,8.064612389
-0.647340952,8.06511879
-0.647524891,8.067259789
-0.647745786,8.066853523
-0.647951243,8.065585136
-0.648172317,8.062801361
-0.648380457,8.062434196
-0.648592411,8.062104225
-0.64879447,8.06227684
-0.649003981,8.063296318
-0.649167417,8.066131592
-0.649439095,8.062042236
-0.649617313,8.059757233
-0.649841068,8.054720879
-0.650070189,8.060173988
-0.65027797,8.057100296
-0.650453864,8.056850433
-0.650685726,8.060689926
-0.650889991,8.058152199
-0.651136754,8.057636261
-0.651349066,8.057339668
-0.651550649,8.055393219
-0.651755033,8.05525589
-0.651943622,8.054139137
-0.652145205,8.055119514
-0.652371107,8.052109718
-0.652612744,8.053782463
-0.652810095,8.050170898
-0.653034506,8.051262856
-0.653235314,8.049955368
-0.653444229,8.053098679
-0.653639434,8.050211906
-0.653871713,8.048017502
-0.654084323,8.047847748
-0.654274819,8.047880173
-0.654520808,8.046661377
-0.654729901,8.046045303
-0.654923318,8.046443939
-0.655122338,8.046180725
-0.655342875,8.0455513
-0.655581234,8.045663834
-0.655784426,8.044378281
-0.655971346,8.042668343
-0.656202136,8.041086197
-0.656397997,8.041398048
-0.656619905,8.040596008
-0.656804917,8.04155159
-0.657031415,8.039011002
-0.657225488,8.036987305
-0.657459198,8.038287163
-0.657657204,8.037399292
-0.657848595,8.036752701
-0.658080338,8.037820816
-0.658321498,8.036828995
-0.658515988,8.035401344
-0.658738909,8.03429985
-0.658931134,8.030495644
-0.659147261,8.032502174
-0.659332154,8.031741142
-0.65956199,8.032467842
-0.659812031,8.032810211
-0.659980713,8.0322752
-0.660187481,8.032715797
-0.6604048,8.028581619
-0.660625277,8.030033112
-0.660827635,8.030759811
-0.661041914,8.030092239
-0.661261139,8.02708149
-0.661469756,8.02662468
-0.661696194,8.026453018
-0.661891697,8.025397301
-0.662070451,8.026159286
-0.662340878,8.025541306
-0.662562368,8.02562809
-0.662751554,8.025201797
-0.662981628,8.02253437
-0.663161216,8.022184372
-0.663380025,8.021250725
-0.663571714,8.017870903
-0.663788198,8.018072128
-0.664023576,8.016911507
-0.664234279,8.017855644
-0.664444206,8.015237808
-0.664637743,8.017960548
-0.664834855,8.012187004
-0.665086268,8.017518044
-0.665285228,8.013708115
-0.665484427,8.015825272
-0.66571915,8.013449669
-0.665937541,8.013338089
-0.666158555,8.011428833
-0.666374801,8.009605408
-0.666554092,8.011784554
-0.666769443,8.008573532
-0.667004881,8.010184288
-0.667216955,8.011057854
-0.667393444,8.007619858
-0.667623339,8.009411812
-0.66784781,8.009196281
-0.668056844,8.008029938
-0.668255685,8.006800652
-0.668491779,8.006072998
-0.668688772,8.004231453
-0.668921886,8.004131317
-0.66915196,8.003509521
-0.669379709,8.002547264
-0.669573901,8.003043175
-0.669754325,8.004741669
-0.669968722,8.001898766
-0.670179902,8.002662659
-0.670398293,7.999478817
-0.670626519,7.999971867
-0.670847831,7.997639656
-0.671055077,7.998139858
-0.671248375,7.998308659
-0.671440123,7.999762535
-0.671680031,8.000377655
-0.671914695,7.997716427
-0.672119973,7.995995998
-0.672320841,7.995025635
-0.672555028,7.993083954
-0.672775565,7.992166042
-0.672987221,7.991988182
-0.673190234,7.995136738
-0.673403559,7.992024422
-0.673616407,7.989952087
-0.673845289,7.990849972
-0.67405772,7.990884304
-0.674264191,7.992526531
-0.674466489,7.991855145
-0.674701212,7.991874218
-0.674891649,7.989371777
-0.67515987,7.986365318
-0.67532271,7.984839916
-0.675550995,7.985312939
-0.675742028,7.985622406
-0.675953088,7.986665249
-0.676163016,7.983531952
-0.676383017,7.983962536
-0.67658913,7.9807477
-0.676813601,7.980380535
-0.677011607,7.982014656
-0.677267848,7.979663849
-0.677475093,7.982830048
-0.677712796,7.981740952
-0.677912055,7.981219292
-0.678112326,7.978637695
-0.678302525,7.978255272
-0.678525684,7.974476337
-0.678736566,7.973374844
-0.678959785,7.974892139
-0.679152487,7.975026131
-0.679403184,7.975125313
-0.67958629,7.975924492
-0.679816244,7.975963116
-0.680014072,7.969751358
-0.680246471,7.973218441
-0.68045604,7.969990253
-0.680678247,7.969521046
-0.680886446,7.970244408
-0.681109307,7.96937418
-0.681318639,7.970037937
-0.681553064,7.969497204
-0.681728898,7.968022823
-0.68196982,7.965167046
-0.682208477,7.967103958
-0.682396052,7.964233875
-0.682595549,7.967031956
-0.682837186,7.964985371
-0.683044491,7.964846611
-0.68327385,7.961503506
-0.683444975,7.960466385
-0.683648227,7.959370613
-0.683884023,7.962819099
-0.68409854,7.960410118
-0.684320806,7.963493824
-0.684543489,7.961623669
-0.684718667,7.962670803
-0.684951542,7.962708473
-0.68514788,7.959475517
-0.685392855,7.961888313
-0.685579656,7.959426403
-0.685832141,7.959138393
-0.686018525,7.956926823
-0.686245142,7.954090118
-0.686472355,7.954627037
-0.686680673,7.955759048
-0.686908005,7.95509243
-0.68710631,7.955658436
-0.687337993,7.956307888
-0.687561272,7.95323801
-0.687733946,7.952575684
-0.687978623,7.950515747
-0.688181995,7.94769001
-0.688403664,7.949258327
-0.688622056,7.949043274
-0.688806353,7.953382492
-0.689041255,7.95207262
-0.689302919,7.947948456
-0.68952,7.94650507
-0.689726112,7.946122646
-0.689922927,7.947987556
-0.69013953,7.945389271
-0.690350412,7.942213058
-0.690566419,7.946550369
-0.690766214,7.943826199
-0.690999089,7.942052364
-0.691230295,7.943842411
-0.691405891,7.94301939
-0.69162309,7.939417362
-0.691843567,7.939873219
-0.692075251,7.941664696
-0.692276595,7.937955379
-0.692490695,7.938530445
-0.692713199,7.93694067
-0.69292563,7.936590195
-0.693161903,7.936964035
-0.693351684,7.939071655
-0.693568585,7.935970306
-0.693829237,7.932740688
-0.693993805,7.93269968
-0.694226144,7.932400703
-0.694432316,7.931753635
-0.69462317,7.934378147
-0.69483727,7.931421757
-0.695033787,7.930717945
-0.695279656,7.931149006
-0.695513008,7.932535648
-0.695711969,7.934089184
-0.69593638,7.928021431
-0.696110843,7.926947117
-0.696369944,7.929515362
-0.696584104,7.928111076
-0.696801065,7.930092812
-0.697007714,7.926714897
-0.697235344,7.924650192
-0.697460173,7.924263
-0.697658895,7.92327404
-0.697912691,7.924861431
-0.698087988,7.928657055
-0.698294697,7.925848007
-0.69853103,7.922910213
-0.698727427,7.921852112
-0.698934255,7.921346664
-0.699199436,7.919142246
-0.699397443,7.917126179
-0.699602542,7.91764164
-0.699810622,7.920574665
-0.700010417,7.916985989
-0.7002632599999999,7.919107914
-0.700477658,7.917093277
-0.700657604,7.916199684
-0.700892685,7.914553165
-0.70111954,7.911807537
-0.701369463,7.913154602
-0.701529203,7.915267944
-0.701757072,7.912073612
-0.701936243,7.91012907
-0.702208517,7.911927223
-0.702378867,7.911576748
-0.70260912,7.908807755
-0.70280367,7.909453869
-0.703032432,7.911314964
-0.703202305,7.91255188
-0.703462122,7.907718658
-0.703674076,7.910046577
-0.703904389,7.904965878
-0.704110084,7.903939724
-0.704367934,7.904503822
-0.704556404,7.907556534
-0.704768179,7.905728817
-0.704968212,7.907777786
-0.705197452,7.902644634
-0.705421684,7.901666164
-0.705619214,7.901749134
-0.705819843,7.90219593
-0.706055163,7.902528286
-0.70626205,7.900019646
-0.706467031,7.900802135
-0.70668572,7.89962101
-0.706919013,7.897461414
-0.707117258,7.898549557
-0.707358716,7.897571564
-0.707558332,7.897666931
-0.707735715,7.895503521
-0.707981644,7.898567677
-0.708181737,7.895184517
-0.708422599,7.894266129
-0.708620666,7.891800404
-0.708844302,7.891618252
-0.709078072,7.889699459
-0.709278939,7.892977715
-0.709511576,7.894049168
-0.709722458,7.891916752
-0.709955989,7.890757084
-0.710165022,7.888908863
-0.710392295,7.887273788
-0.710583089,7.886085033
-0.710815368,7.886131763
-0.711054144,7.88701725
-0.711229561,7.88883543
-0.711480675,7.882936478
-0.711698351,7.887228489
-0.711926816,7.884480476
-0.71210557,7.882764339
-0.712354062,7.88724041
-0.712544201,7.882919788
-0.712778745,7.883539677
-0.712974845,7.885200977
-0.713218091,7.883225918
-0.71341127,7.878002644
-0.713654338,7.87936306
-0.713821886,7.87883234
-0.714085637,7.877269745
-0.71427208,7.878694057
-0.714502929,7.879957199
-0.714709519,7.878910542
-0.714951811,7.877240181
-0.71517515,7.876677036
-0.715391396,7.873089314
-0.715581594,7.875500202
-0.715818225,7.875790596
-0.7160176619999999,7.875096798
-0.716253994,7.877038002
-0.716447709,7.874214649
-0.716705678,7.871750832
-0.716905115,7.872970581
-0.717122136,7.869848251
-0.717337726,7.867887497
-0.717554389,7.869504452
-0.717754183,7.870356083
-0.717980264,7.870634079
-0.718172191,7.867025375
-0.718412636,7.867383003
-0.718621669,7.863491058
-0.71881604,7.868621826
-0.719071148,7.867132664
-0.719277857,7.864089489
-0.719509242,7.866444111
-0.719715772,7.865456104
-0.7199408389999999,7.865044594
-0.720191715,7.865001678
-0.720394133,7.85942173
-0.720590351,7.862043858
-0.720798967,7.861562252
-0.721013902,7.86374855
-0.721236883,7.858753681
-0.721449969,7.858131886
-0.721650718,7.855165005
-0.721860765,7.856813908
-0.722104488,7.857049465
-0.722305415,7.861599445
-0.722512184,7.858838081
-0.722739993,7.855119705
-0.72296047,7.855062962
-0.723166345,7.852875233
-0.72339779,7.853941441
-0.723609028,7.853949547
-0.723812876,7.852946281
-0.724023996,7.852222919
-0.724264143,7.851968765
-0.72449225,7.851383686
-0.724692224,7.848763943
-0.724936305,7.849954605
-0.725089667,7.848022461
-0.725337682,7.847536564
-0.725549815,7.847973347
-0.725767968,7.847277164
-0.725986539,7.846813679
-0.726222573,7.848326206
-0.726434467,7.847928047
-0.726671098,7.844663143
-0.72685927,7.843838692
-0.727092801,7.846421719
-0.727312384,7.843771458
-0.727528093,7.845903397
-0.727733372,7.842864513
-0.727979777,7.842051029
-0.728194533,7.841059208
-0.728405474,7.840404034
-0.72859156,7.841105938
-0.728825269,7.839330673
-0.72903174,7.840679169
-0.729245065,7.839916229
-0.729476033,7.838160038
-0.729698656,7.835945606
-0.729924677,7.834560394
-0.730126498,7.83709383
-0.730355082,7.837462902
-0.730546294,7.834356308
-0.730802236,7.83291626
-0.731007634,7.833574295
-0.731186686,7.834177494
-0.731405793,7.832716465
-0.731643258,7.832083702
-0.731871186,7.832069874
-0.732079683,7.830228806
-0.732281206,7.831736565
-0.732516525,7.831737518
-0.732725082,7.829622746
-0.732937036,7.829462528
-0.733202456,7.826134205
-0.733416257,7.826292992
-0.73361486,7.828870773
-0.733817874,7.826440334
-0.734024821,7.826071739
-0.73423302,7.826457024
-0.734477518,7.825404167
-0.734687029,7.82525444
-0.734925745,7.823717594
-0.73513913,7.821290493
-0.735339223,7.823560238
-0.735581575,7.820426941
-0.735765455,7.821165562
-0.736006079,7.819979668
-0.736244438,7.821734905
-0.736447929,7.820772648
-0.736671029,7.818074703
-0.736866532,7.816944599
-0.737088857,7.817770481
-0.737327395,7.814679146
-0.737530051,7.816682816
-0.737744866,7.815775871
-0.737972317,7.812105179
-0.738153813,7.813316345
-0.738399087,7.81438303
-0.738610862,7.812581539
-0.738845645,7.815303326
-0.739042876,7.813402653
-0.739276109,7.813497066
-0.739479242,7.810681343
-0.739691196,7.812438965
-0.739894209,7.805593014
-0.740152953,7.810258389
-0.740373788,7.807202816
-0.740588663,7.810658455
-0.740791319,7.809586048
-0.741023419,7.808252335
-0.74123144,7.805466175
-0.741442857,7.804736137
-0.741645394,7.804363728
-0.741858659,7.805716038
-0.742076276,7.80694294
-0.742309807,7.80405283
-0.742546914,7.8032341
-0.74274963,7.799932957
-0.742947577,7.800566196
-0.743213413,7.80187273
-0.743423818,7.800862789
-0.743629215,7.801267147
-0.74385923,7.799212933
-0.744057415,7.800378799
-0.744282482,7.797153473
-0.744505284,7.795940399
-0.744738875,7.795196533
-0.744957088,7.796622753
-0.745158492,7.796658516
-0.745388625,7.795933723
-0.745608149,7.794335842
-0.745839594,7.795404911
-0.746048508,7.794010162
-0.746269701,7.793990135
-0.74648702,7.794669628
-0.746734796,7.790734291
-0.746934114,7.793981552
-0.74713379,7.793066978
-0.747345565,7.792073727
-0.747597752,7.788725376
-0.747806249,7.788803101
-0.748023151,7.785582066
-0.74824488,7.785621643
-0.748455761,7.782696247
-0.748705326,7.788645744
-0.748869835,7.78805685
-0.749131439,7.785400867
-0.7493394,7.787312984
-0.749550281,7.785871983
-0.749791978,7.781649113
-0.749999223,7.783532143
-0.75020784,7.782648087
-0.750412105,7.784069538
-0.750697611,7.782790661
-0.750875531,7.781270981
-0.751116751,7.780683041
-0.751306353,7.781137466
-0.751510738,7.780491352
-0.75175613,7.778758049
-0.75198531,7.777115345
-0.752176879,7.778220177
-0.752383826,7.778071404
-0.752648173,7.780669689
-0.752855299,7.775603294
-0.75307375,7.778678894
-0.753300844,7.774880886
-0.753532885,7.774795055
-0.753705023,7.774325848
-0.753957508,7.774730682
-0.754172919,7.772725105
-0.754406033,7.77173996
-0.754604755,7.768191814
-0.754826425,7.771360397
-0.755006013,7.767658234
-0.755231617,7.770197392
-0.755469618,7.769239902
-0.755704222,7.771849632
-0.755931137,7.768624306
-0.756128131,7.7673769
-0.756329713,7.766234875
-0.75656247,7.764723778
-0.75676447,7.765744686
-0.757009981,7.764613628
-0.757233499,7.763329029
-0.757497607,7.764882088
-0.75768709,7.762177467
-0.757904766,7.762038231
-0.758130966,7.762237072
-0.758342801,7.75983429
-0.758552669,7.760240078
-0.758766411,7.761284351
-0.758983372,7.762319088
-0.759216009,7.759428978
-0.759446083,7.757950783
-0.759639977,7.758654594
-0.759850321,7.756400108
-0.760088084,7.75911808
-0.760293184,7.756998539
-0.760529159,7.756837845
-0.760753809,7.756988525
-0.760992287,7.753901005
-0.761197506,7.753798962
-0.761421321,7.750136852
-0.76164466,7.750635624
-0.7618614419999999,7.752537251
-0.762067793,7.750516891
-0.762275992,7.751129627
-0.762509404,7.752462387
-0.762695668,7.748662472
-0.762919543,7.745819092
-0.763177393,7.749689579
-0.763371287,7.74753809
-0.763604162,7.746690273
-0.763786195,7.748279095
-0.76404017,7.746904373
-0.764234422,7.747807026
-0.764442323,7.745677948
-0.764718531,7.746516228
-0.76491767,7.744324684
-0.765147982,7.743554115
-0.765378712,7.742949486
-0.765594779,7.74006319
-0.765809832,7.742012024
-0.766026733,7.73923111
-0.766258417,7.739528179
-0.76644933,7.741157055
-0.766707061,7.739667416
-0.766880034,7.738227367
-0.767145751,7.7394104
-0.767327009,7.739787102
-0.767552493,7.736279011
-0.767764447,7.734732628
-0.76802027,7.734364033
-0.768239079,7.732881546
-0.768446742,7.734707355
-0.768591939,7.733493328
-0.7688759549999999,7.732901096
-0.769087194,7.733036041
-0.769326029,7.735462666
-0.769533334,7.732271671
-0.769744096,7.730763435
-0.769978343,7.729758739
-0.770202635,7.72961235
-0.770413159,7.730061054
-0.770645736,7.730034351
-0.770851014,7.73040247
-0.771055041,7.729508877
-0.7713023999999999,7.730592728
-0.771532772,7.725284576
-0.771732925,7.725382805
-0.771930037,7.724781513
-0.772167204,7.725470543
-0.772417245,7.725284576
-0.772636173,7.727163315
-0.772847949,7.726845264
-0.773080407,7.723268032
-0.773287414,7.721896172
-0.773498831,7.720815659
-0.773720441,7.720644951
-0.773930131,7.722481728
-0.774167536,7.721858501
-0.774401246,7.717848778
-0.774585841,7.719240189
-0.77484077,7.715796471
-0.775040029,7.717359543
-0.775285779,7.716997147
-0.775497316,7.718500614
-0.775698898,7.71502924
-0.775934933,7.715947628
-0.77614641,7.716239929
-0.776329754,7.714913845
-0.776617585,7.711611748
-0.776817499,7.710029125
-0.777018128,7.70955801
-0.777258573,7.711384773
-0.777479587,7.713201523
-0.777707635,7.708909512
-0.777888713,7.709434986
-0.77814406,7.70636034
-0.778347729,7.704938889
-0.778582214,7.707698822
-0.778798042,7.708136082
-0.779021619,7.708754539
-0.779224752,7.708128929
-0.779471276,7.706242085
-0.779666064,7.705497742
-0.779908834,7.70439291
-0.780106245,7.704037666
-0.780337093,7.701568604
-0.780539213,7.700832367
-0.780756174,7.700131893
-0.780987619,7.703787804
-0.781226931,7.700057507
-0.78141254,7.700952053
-0.781631229,7.700845718
-0.781876801,7.698947906
-0.782108543,7.698961735
-0.782288907,7.696199417
-0.782498537,7.697264194
-0.78274232,7.697185516
-0.782930253,7.693440914
-0.783146737,7.69446373
-0.783402978,7.692242622
-0.783621011,7.69516468
-0.783840535,7.696722031
-0.78404188,7.695013523
-0.784275649,7.696062565
-0.7845178819999999,7.694773197
-0.78472787,7.694162369
-0.784941671,7.691787243
-0.785181223,7.68923378
-0.785412787,7.686725616
-0.785639046,7.68665123
-0.785852371,7.688595772
-0.786060033,7.691293716
-0.7862812259999999,7.685427666
-0.786491571,7.68900013
-0.786715386,7.686938286
-0.786932288,7.684315205
-0.787167965,7.684491158
-0.787342845,7.684392452
-0.787598131,7.683656693
-0.787794529,7.682699203
-0.788044153,7.680574417
-0.788262842,7.67744875
-0.788464962,7.680132866
-0.788671432,7.67772007
-0.788896738,7.680398464
-0.789097307,7.679010391
-0.78932297,7.679660797
-0.789558766,7.680543423
-0.789781151,7.677532196
-0.790009616,7.678114414
-0.790228365,7.674623489
-0.790452598,7.676579475
-0.790690122,7.675116062
-0.790936587,7.676572323
-0.791151224,7.676015377
-0.791387854,7.672777653
-0.79156637,7.670177937
-0.791767536,7.672257423
-0.792004464,7.670939445
-0.792215882,7.67128849
-0.792442082,7.672026634
-0.792690216,7.669249535
-0.792862414,7.671163082
-0.79310876,7.67084837
-0.793318866,7.668875217
-0.793545185,7.665900707
-0.793748615,7.668570042
-0.793986438,7.66499567
-0.794225035,7.663842678
-0.794437764,7.664234638
-0.79467517,7.665881157
-0.794874666,7.666834831
-0.795099793,7.661674976
-0.795301138,7.661993504
-0.7955310329999999,7.663276672
-0.795765219,7.662804127
-0.795972941,7.662065029
-0.796168326,7.662366867
-0.79636061,7.65810585
-0.796589432,7.659369469
-0.79682201,7.65943718
-0.797008453,7.66185379
-0.797231315,7.659708023
-0.797478495,7.659278393
-0.797692953,7.656891346
-0.797922848,7.657040596
-0.798137305,7.655836582
-0.798382459,7.654164314
-0.79856479,7.654433727
-0.798788188,7.65761137
-0.799043058,7.658443451
-0.799231706,7.657031536
-0.799479781,7.654667854
-0.799732743,7.649267673
-0.799925445,7.654176235
-0.800104557,7.650745392
-0.800345896,7.650893211
-0.800585983,7.648509026
-0.800797699,7.650434494
-0.801008163,7.648040771
-0.801219104,7.649107933
-0.801444469,7.648952484
-0.801649449,7.646120071
-0.80188757,7.645286083
-0.802136241,7.646342754
-0.802328466,7.646904945
-0.802560328,7.646615982
-0.802794991,7.643127441
-0.802976547,7.642573833
-0.803207217,7.642037392
-0.803407548,7.645942688
-0.803660212,7.641309261
-0.80386561,7.644628048
-0.804077266,7.641285896
-0.804314314,7.640631676
-0.804544685,7.63750267
-0.804781495,7.635135174
-0.805000482,7.638786316
-0.805207966,7.638749599
-0.805461405,7.635536671
-0.805666683,7.637152195
-0.805910168,7.636683941
-0.806086538,7.636082649
-0.806311308,7.634755611
-0.806527792,7.633023262
-0.806748508,7.631492138
-0.806940017,7.633918285
-0.807202516,7.634310722
-0.807452736,7.632147789
-0.807640849,7.630709171
-0.807842014,7.629216194
-0.808083473,7.629448891
-0.808318494,7.629045486
-0.808503507,7.628941536
-0.808747767,7.628917217
-0.808979807,7.629400253
-0.809213935,7.629301071
-0.809427558,7.626345158
-0.809636829,7.626242161
-0.809865711,7.625103474
-0.810062526,7.623669624
-0.810287176,7.625644684
-0.810508726,7.626586914
-0.810740767,7.62200737
-0.810953973,7.623589993
-0.811197517,7.622240067
-0.811389444,7.621968746
-0.811610578,7.621756077
-0.81182426,7.624605656
-0.812072156,7.620661259
-0.812294422,7.622979164
-0.812510667,7.619431019
-0.812740086,7.617749214
-0.812933205,7.618022919
-0.813153086,7.613899708
-0.813375352,7.614704132
-0.813602505,7.618620872
-0.813815353,7.617874146
-0.814069627,7.616496086
-0.814253686,7.614461422
-0.814521669,7.613672256
-0.814694224,7.615013123
-0.814906417,7.615052223
-0.815155981,7.611348152
-0.815376936,7.611201763
-0.81559342,7.61073494
-0.81579691,7.608781815
-0.816063641,7.611733437
-0.816238103,7.607594013
-0.816475032,7.610060215
-0.816707311,7.606078148
-0.816942392,7.606402397
-0.817143558,7.607685089
-0.817369936,7.60802412
-0.817606149,7.60699892
-0.817847965,7.603040218
-0.818034051,7.604904175
-0.818282781,7.603284836
-0.818457125,7.603037357
-0.818697451,7.603037834
-0.81895381,7.602142334
-0.819181977,7.601815701
-0.819350598,7.600343704
-0.819591997,7.597581863
-0.819793521,7.599926472
-0.820011197,7.596923351
-0.820225833,7.597490311
-0.820469676,7.598171711
-0.820700644,7.598293304
-0.820924399,7.596567154
-0.821150122,7.596801281
-0.821371911,7.594293118
-0.821585534,7.592431545
-0.821826099,7.592885017
-0.822050868,7.593129635
-0.822241901,7.594168186
-0.822493492,7.594309807
-0.822691737,7.588782787
-0.822922586,7.591136932
-0.823125778,7.587477684
-0.823360262,7.590107441
-0.823566673,7.589326859
-0.823818265,7.590452194
-0.82401949,7.58992672
-0.824243842,7.587740898
-0.824449359,7.584822178
-0.824687181,7.584235191
-0.824878452,7.587223053
-0.825123189,7.585328102
-0.825344918,7.587414742
-0.825576661,7.583418369
-0.825811384,7.582561016
-0.826016186,7.583885193
-0.826246915,7.583104134
-0.826453326,7.581678391
-0.826672493,7.582362175
-0.826891778,7.583116531
-0.827099262,7.581384659
-0.827338575,7.581048489
-0.827540336,7.578125954
-0.827780483,7.576393604
-0.828012286,7.57856369
-0.828235326,7.578019619
-0.828442333,7.576115608
-0.828662751,7.579530239
-0.828894077,7.578052044
-0.829141615,7.578052521
-0.829314945,7.575257301
-0.829583047,7.572275162
-0.829767821,7.570538044
-0.829971192,7.571059704
-0.830199776,7.570383072
-0.830432711,7.57324028
-0.830650507,7.574341774
-0.83087611,7.572246552
-0.83110225,7.570635319
-0.831347285,7.567349434
-0.831520615,7.566076279
-0.831774412,7.566414356
-0.832004188,7.566054344
-0.832247196,7.568818569
-0.832453189,7.569106579
-0.832672594,7.566531181
-0.832919179,7.564226627
-0.833099423,7.562374115
-0.833340881,7.560292244
-0.833538173,7.562050819
-0.833745001,7.56437397
-0.833984612,7.563772678
-0.834227501,7.562409401
-0.834449885,7.562747955
-0.834646998,7.559935093
-0.834884999,7.558645725
-0.835080324,7.556271553
-0.83529502,7.557429314
-0.835529564,7.556348324
-0.835769532,7.55875349
-0.835963188,7.559587479
-0.836205123,7.555415154
-0.836419879,7.556435108
-0.836651323,7.554739952
-0.836854992,7.553524971
-0.837095974,7.551818848
-0.837288735,7.55259943
-0.837530909,7.553600311
-0.837768374,7.54834795
-0.837980269,7.549013138
-0.838207481,7.548267365
-0.838419555,7.548377991
-0.838645754,7.54931879
-0.838838397,7.548730373
-0.839115856,7.54938364
-0.839314697,7.549582005
-0.83954948,7.549203396
-0.83975303,7.543865681
-0.839967189,7.546050549
-0.840202926,7.545010567
-0.840419589,7.545404911
-0.840637265,7.544294834
-0.840827284,7.543249607
-0.841086922,7.543048859
-0.841324566,7.5399189
-0.841520188,7.543570518
-0.841752229,7.541329384
-0.841988144,7.542933941
-0.842181919,7.541121006
-0.842412828,7.539447308
-0.842614768,7.534433842
-0.842830179,7.533278942
-0.84306979,7.536167145
-0.843282281,7.536845684
-0.843520461,7.532951355
-0.843750892,7.535960674
-0.84397435,7.53770256
-0.844173608,7.534534931
-0.844386099,7.534411907
-0.844592629,7.531090736
-0.844862161,7.53082037
-0.845043419,7.532527447
-0.845320104,7.533942223
-0.845540343,7.531349659
-0.845711706,7.532797813
-0.846007107,7.531258106
-0.846206961,7.530246735
-0.846413909,7.530375957
-0.846619962,7.525968552
-0.846846698,7.527152061
-0.847051917,7.525556087
-0.847299455,7.524829388
-0.847500501,7.526072025
-0.847747801,7.525666714
-0.847949443,7.52370739
-0.848184763,7.521452904
-0.848389743,7.522781849
-0.848621724,7.521253109
-0.848857878,7.523010254
-0.849074422,7.521486282
-0.849291204,7.522547722
-0.849549351,7.520641327
-0.8497465829999999,7.518647671
-0.849967895,7.519341469
-0.850195048,7.517987728
-0.850399492,7.518639565
-0.850638567,7.519337654
-0.850848911,7.517935276
-0.851072906,7.517771244
-0.851303754,7.514642239
-0.851548491,7.516424656
-0.851733623,7.513438702
-0.851957379,7.513403893
-0.852187751,7.513561249
-0.852369366,7.515036106
-0.852598725,7.511719704
-0.852848051,7.51072979
-0.853090642,7.510696888
-0.8532688,7.509545803
-0.853524385,7.510371208
-0.853738306,7.507669449
-0.853958545,7.508025646
-0.854198216,7.507156849
-0.854415355,7.508211136
-0.85464525,7.50466156
-0.85485637,7.502076626
-0.855080424,7.504259586
-0.855313836,7.505645275
-0.855523406,7.503471851
-0.855743526,7.503135204
-0.8559964879999999,7.503528118
-0.856213806,7.502645493
-0.856433926,7.498538971
-0.856661437,7.499680996
-0.856858252,7.50224638
-0.857092617,7.501139641
-0.857290803,7.501797676
-0.857535003,7.498648167
-0.857741414,7.49680233
-0.857998906,7.49345541
-0.858175455,7.494349957
-0.858432351,7.495247364
-0.858626721,7.492757797
-0.858892677,7.493535519
-0.859097658,7.495680332
-0.85933548,7.494950771
-0.85955864,7.493658066
-0.859784661,7.490226746
-0.859989343,7.48972702
-0.860236941,7.489140511
-0.860478101,7.489619732
-0.860674439,7.488969803
-0.860912262,7.491549492
-0.861114202,7.488911152
-0.861313282,7.484019756
-0.86154264,7.48411274
-0.86174011,7.484218121
-0.861984013,7.48423624
-0.862206576,7.482426167
-0.862433372,7.486484051
-0.862643121,7.486767769
-0.862884281,7.48413372
-0.863111315,7.483106613
-0.86335188,7.480883121
-0.863538979,7.480709553
-0.863774,7.480270386
-0.864005147,7.482333183
-0.864216922,7.483253002
-0.864440857,7.48113203
-0.8646728379999999,7.477185249
-0.864881514,7.479933262
-0.865134178,7.479739189
-0.865351079,7.477043629
-0.865590034,7.479611874
-0.865817366,7.476663589
-0.866021929,7.474131107
-0.866247593,7.472608566
-0.866468487,7.471338749
-0.866643069,7.472899914
-0.866865693,7.47156477
-0.86710578,7.475206375
-0.867363272,7.473793983
-0.867610989,7.472239971
-0.867801307,7.471635818
-0.868011294,7.468109608
-0.868267236,7.466438293
-0.868482946,7.468921185
-0.868689476,7.469431877
-0.868891953,7.46850872
-0.86913204,7.467392445
-0.869360147,7.464741707
-0.869600592,7.467167854
-0.869842647,7.464467049
-0.870037733,7.464869976
-0.87026733,7.463309765
-0.870485066,7.464874268
-0.870691178,7.463407993
-0.870937286,7.464319229
-0.871154783,7.46282053
-0.871393083,7.462594986
-0.87162864,7.460055351
-0.8718307,7.458268166
-0.872058628,7.459551811
-0.872282682,7.456754684
-0.872503458,7.460669994
-0.872748314,7.45859766
-0.872980831,7.455202579
-0.87319356,7.456611633
-0.873420654,7.455397129
-0.873639045,7.45636797
-0.873879729,7.454844952
-0.874064324,7.45445919
-0.874305366,7.45340395
-0.874519466,7.454868317
-0.87477058,7.452838421
-0.874996064,7.454658985
-0.875215767,7.451407433
-0.875444649,7.452178478
-0.875670074,7.452229977
-0.875913618,7.450081348
-0.876128731,7.448243141
-0.876335023,7.445108891
-0.876551447,7.446751595
-0.876775323,7.445735455
-0.877013622,7.448652744
-0.877187608,7.447306156
-0.8774783,7.449811459
-0.877687333,7.444966316
-0.877895294,7.447093964
-0.878130017,7.443671703
-0.878349541,7.443393707
-0.878585873,7.442266941
-0.878812073,7.441405773
-0.879037676,7.442101955
-0.879261969,7.440725327
-0.879488168,7.439620018
-0.879697381,7.437829018
-0.879912553,7.43729496
-0.880153297,7.437411785
-0.880351184,7.437612057
-0.880623279,7.435658932
-0.880816994,7.435839653
-0.881063161,7.436338425
-0.881303964,7.434452057
-0.881506322,7.43305397
-0.881725071,7.432854176
-0.881941436,7.432326794
-0.882169662,7.433416367
-0.88239616,7.434261322
-0.882622181,7.435500145
-0.882868527,7.431575775
-0.883073328,7.42997551
-0.883293806,7.425480843
-0.883544026,7.429040909
-0.883745669,7.428788185
-0.883960305,7.428328514
-0.884202061,7.429869652
-0.884440778,7.431251526
-0.884681938,7.426642895
-0.884904502,7.422455311
-0.885114132,7.425133705
-0.885351537,7.422148228
-0.885587154,7.422791004
-0.885785936,7.423266888
-0.886028765,7.424609661
-0.886255143,7.419796467
-0.886477886,7.4186759
-0.8866940719999999,7.417964458
-0.886903761,7.418237686
-0.887129007,7.417732239
-0.88733512,7.419083595
-0.887581585,7.419222832
-0.887822447,7.419044495
-0.888091562,7.417250156
-0.888278185,7.414090633
-0.888480542,7.415017605
-0.888743339,7.413437843
-0.88894981,7.41465807
-0.889184056,7.41480875
-0.889403699,7.414796352
-0.889595626,7.415601254
-0.889885424,7.409554958
-0.8900982119999999,7.41046381
-0.890325604,7.409707069
-0.890528737,7.409736156
-0.890765069,7.40912056
-0.890989719,7.410239697
-0.891221879,7.408458233
-0.891410647,7.410514832
-0.891676245,7.407594681
-0.891885458,7.407546997
-0.892124234,7.406851768
-0.892343281,7.407151222
-0.892562626,7.405882835
-0.892796991,7.404130459
-0.893011151,7.403752804
-0.893227814,7.403094292
-0.893469928,7.398102283
-0.893701969,7.399163246
-0.893895982,7.401240349
-0.894152699,7.400042534
-0.894352255,7.40100193
-0.894606827,7.398172379
-0.894821523,7.396555424
-0.895040391,7.395938873
-0.895246027,7.398477077
-0.895478008,7.396996498
-0.895718752,7.396382332
-0.8959406,7.394059658
-0.896178244,7.396556377
-0.89640945,7.396896362
-0.89664614,7.394853592
-0.896844922,7.392361164
-0.897076128,7.391592503
-0.897285281,7.39225769
-0.897553084,7.391680241
-0.8977588989999999,7.389175892
-0.897991,7.389836311
-0.898226498,7.384735107
-0.898419438,7.387552738
-0.898646472,7.387294292
-0.89888656,7.388244629
-0.899140475,7.387206554
-0.8993479,7.389305115
-0.899592934,7.382974148
-0.899798391,7.383256912
-0.90002471,7.382632732
-0.900208054,7.383407593
-0.900468765,7.380585194
-0.900681851,7.381535053
-0.900956808,7.384692192
-0.901182292,7.383969784
-0.901390968,7.379246712
-0.90161532,7.376531124
-0.901801763,7.376214981
-0.902032731,7.381081581
-0.902268587,7.378063202
-0.902482746,7.376494884
-0.902719734,7.377359867
-0.902930735,7.378799438
-0.903162478,7.374614716
-0.903408287,7.37361002
-0.903611181,7.374839306
-0.903841911,7.375836849
-0.904064892,7.373524189
-0.904322265,7.372191429
-0.904531596,7.375689507
-0.904751835,7.374503613
-0.904972134,7.370145798
-0.90523201,7.370291233
-0.905420361,7.369394302
-0.905668257,7.366991997
-0.90588039,7.366698742
-0.906096099,7.368702888
-0.906356214,7.369044781
-0.906562088,7.369046211
-0.906809507,7.365706921
-0.907043634,7.366454124
-0.907256899,7.367253304
-0.907495854,7.367821693
-0.907739757,7.365123272
-0.907949088,7.361247063
-0.908198474,7.361542702
-0.908406733,7.358827114
-0.908644198,7.357461929
-0.908826647,7.359745979
-0.909064887,7.360025883
-0.909306882,7.360238075
-0.909529088,7.357888699
-0.909742711,7.35798645
-0.909985302,7.357415676
-0.910182891,7.356329441
-0.91043192,7.355847359
-0.910636781,7.35607338
-0.910874305,7.356218338
-0.91109824,7.355371475
-0.911335228,7.353203297
-0.911556898,7.353925705
-0.911792753,7.349135876
-0.912007449,7.350548267
-0.91221696,7.348079681
-0.912484644,7.35192728
-0.912719367,7.348365307
-0.912936924,7.347913265
-0.913157282,7.35013628
-0.913379429,7.347716331
-0.913592277,7.346307278
-0.913855849,7.347323418
-0.91403353,7.345539093
-0.914310513,7.346829891
-0.914506434,7.344795227
-0.91473919,7.342356682
-0.914987681,7.34168911
-0.915187536,7.341044903
-0.915417312,7.342547417
-0.915661512,7.342398643
-0.9159016,7.342457771
-0.916150866,7.341789246
-0.916357575,7.337487698
-0.916531203,7.337642193
-0.916825531,7.335600853
-0.917001901,7.338130474
-0.917254863,7.33921051
-0.917496679,7.335282326
-0.917699514,7.333380222
-0.91790968,7.335281372
-0.91811466,7.332937241
-0.9183515289999999,7.331424713
-0.91856092,7.332479954
-0.918794809,7.331880093
-0.919042347,7.333381176
-0.919253705,7.332419395
-0.91949874,7.32816124
-0.919740735,7.326246738
-0.91992229,7.326173306
-0.920200704,7.325792789
-0.920409856,7.323705196
-0.920603631,7.32571888
-0.920875846,7.326562881
-0.921053587,7.324213028
-0.921267686,7.325035095
-0.921518741,7.323589325
-0.921758888,7.322445393
-0.921971558,7.323617935
-0.922232626,7.323476791
-0.922464011,7.321779728
-0.922691463,7.318658829
-0.922863124,7.31998539
-0.923111854,7.319231033
-0.92336881,7.318723202
-0.923590122,7.318884373
-0.923782824,7.319158077
-0.9240490179999999,7.316437244
-0.924259959,7.315416813
-0.924483059,7.313935757
-0.924734054,7.313169003
-0.924936948,7.313942432
-0.925153015,7.314547062
-0.925399123,7.314563751
-0.925637482,7.314754486
-0.925851403,7.312953472
-0.926085113,7.311563492
-0.926317988,7.311387539
-0.926546393,7.311476707
-0.926737009,7.308863163
-0.926970361,7.312044144
-0.927187977,7.311180115
-0.927429138,7.309057236
-0.927666364,7.308887005
-0.927888749,7.305263519
-0.928117691,7.305342674
-0.928375242,7.309183121
-0.928570984,7.304710865
-0.928799806,7.306872368
-0.929029344,7.304514885
-0.929234861,7.304840088
-0.929493247,7.304683685
-0.929716168,7.300703049
-0.929929851,7.301354408
-0.930171428,7.302173138
-0.930404959,7.299448013
-0.930648325,7.299398422
-0.930872677,7.297102451
-0.931058286,7.297622204
-0.931321202,7.297729015
-0.931547223,7.297575951
-0.931777773,7.296014786
-0.931994496,7.296355247
-0.932233272,7.296788216
-0.932475803,7.296051979
-0.932686446,7.293731689
-0.932917235,7.293494225
-0.933141111,7.292841911
-0.93338394,7.292282581
-0.933609782,7.293580532
-0.933810351,7.288315773
-0.934078751,7.288437843
-0.934280871,7.288426876
-0.934506593,7.289283752
-0.934742926,7.289651394
-0.934938548,7.286986828
-0.935183046,7.28787756
-0.935420273,7.283825397
-0.935632704,7.286752224
-0.935850857,7.283490181
-0.936104236,7.283124924
-0.936304627,7.281738758
-0.936556218,7.281992912
-0.93673843,7.282315254
-0.936994372,7.283180237
-0.937250136,7.280498981
-0.937452136,7.277901649
-0.937680421,7.279137135
-0.937924204,7.278073311
-0.938120721,7.278209209
-0.938357053,7.277540207
-0.938608347,7.279186726
-0.938833235,7.278884888
-0.9390479899999999,7.275961876
-0.939293323,7.271905899
-0.939497052,7.273154259
-0.939744232,7.272550583
-0.940001963,7.272627354
-0.940224765,7.271091461
-0.9404262879999999,7.271802425
-0.940681217,7.270556927
-0.940891979,7.268246174
-0.941070078,7.269477367
-0.941329895,7.268016338
-0.941539465,7.269337654
-0.941780744,7.267695427
-0.942042707,7.268091202
-0.942231653,7.266740799
-0.942430494,7.264661789
-0.942684231,7.263648033
-0.942897258,7.264112473
-0.943146644,7.263907909
-0.943407832,7.26447773
-0.94362676,7.264686108
-0.943860469,7.263495922
-0.944082199,7.260475159
-0.944303809,7.258336544
-0.944521068,7.256335735
-0.944768069,7.259078026
-0.945007918,7.257740498
-0.945229171,7.26082325
-0.945473073,7.257307053
-0.945719359,7.257430077
-0.945918677,7.256771564
-0.946154533,7.255666733
-0.9463647589999999,7.252541065
-0.946583269,7.253678322
-0.946807263,7.251689434
-0.947054444,7.254723549
-0.947310446,7.253013611
-0.947523711,7.254504204
-0.947727321,7.251447678
-0.947969614,7.249396801
-0.948175071,7.250968456
-0.94843155,7.252032757
-0.948627351,7.252763748
-0.948874412,7.250914574
-0.949082909,7.250206947
-0.949345825,7.24722147
-0.949570058,7.244828701
-0.949773071,7.244662762
-0.950006722,7.243070602
-0.950247048,7.241538048
-0.950461386,7.243905544
-0.950677393,7.242277145
-0.950922964,7.24212122
-0.9511449319999999,7.24170208
-0.95139855,7.242768764
-0.951610802,7.239832878
-0.951822458,7.239016533
-0.952064334,7.237974644
-0.952269552,7.238459587
-0.952506719,7.237299919
-0.9527308329999999,7.238228798
-0.952976642,7.234298706
-0.953199027,7.235855103
-0.95341867,7.238714218
-0.953639804,7.237822533
-0.953897713,7.235327244
-0.954124807,7.235701084
-0.95436245,7.233226299
-0.954587577,7.230054379
-0.954804776,7.231543064
-0.955029784,7.232090473
-0.955258904,7.230415821
-0.955500422,7.229891777
-0.955703436,7.22925806
-0.955968319,7.228234291
-0.956171332,7.226071835
-0.956422387,7.224085808
-0.956624327,7.225945473
-0.956862388,7.22608757
-0.957081614,7.22581625
-0.957340358,7.226270199
-0.957575439,7.222375393
-0.957765697,7.224144459
-0.958039282,7.221593857
-0.958228586,7.220066071
-0.958491383,7.217782974
-0.958703099,7.220108032
-0.95892608,7.217698574
-0.959162472,7.218695641
-0.959401844,7.21595335
-0.959588645,7.216562271
-0.95985168,7.217634201
-0.960076926,7.214848995
-0.960329769,7.214891911
-0.960541664,7.214495659
-0.960781274,7.212457657
-0.961009739,7.211401463
-0.961229621,7.21314764
-0.961443959,7.212127686
-0.961636124,7.212321281
-0.961902319,7.211349964
-0.962101875,7.211698055
-0.962372659,7.210404873
-0.962593971,7.209315777
-0.962844966,7.207187653
-0.963072954,7.207553864
-0.963303445,7.204820633
-0.963527022,7.203859806
-0.963772951,7.203986645
-0.96397966,7.207664013
-0.964221058,7.206649303
-0.96444249,7.206339836
-0.964704273,7.203117847
-0.964904843,7.200675964
-0.965148566,7.198164463
-0.965345619,7.198872089
-0.965544341,7.201993942
-0.965800403,7.200968266
-0.96604049,7.200733185
-0.966280041,7.196410656
-0.966491995,7.198536873
-0.966736196,7.194826126
-0.966958044,7.193225861
-0.967175661,7.196800232
-0.967416046,7.195718765
-0.967659531,7.192615986
-0.967868445,7.194340706
-0.968112288,7.189303875
-0.968354581,7.188669205
-0.968565999,7.191574574
-0.968814729,7.189416409
-0.96900755,7.192117691
-0.969237624,7.191057205
-0.969508587,7.191559315
-0.969717441,7.185522079
-0.969918368,7.185106277
-0.970165191,7.184380531
-0.970406113,7.183351517
-0.970633684,7.184440136
-0.9708558899999999,7.183035851
-0.971109448,7.186100006
-0.971338211,7.18347311
-0.9715811,7.182703972
-0.971794186,7.181096554
-0.97204697,7.179583073
-0.972265301,7.180163383
-0.97247952,7.180035114
-0.972702144,7.179851532
-0.972969351,7.177484989
-0.973213134,7.177770615
-0.973424433,7.176507473
-0.973607658,7.17301178
-0.973863838,7.176416874
-0.974095641,7.178466797
-0.974313734,7.175501823
-0.974523006,7.176204205
-0.974810956,7.173289299
-0.975046454,7.173127651
-0.975254832,7.167962551
-0.97547078,7.16895771
-0.9756757,7.168932438
-0.975935994,7.171010971
-0.976146935,7.170320511
-0.976407884,7.16992569
-0.976634977,7.168795109
-0.976861535,7.166396618
-0.977092741,7.166166782
-0.977315007,7.166339397
-0.977541803,7.163815975
-0.977777479,7.163865566
-0.978012858,7.163305759
-0.978232561,7.16139555
-0.978463946,7.161125183
-0.978709696,7.159702778
-0.978942214,7.158997536
-0.979152082,7.160856247
-0.979393361,7.159883499
-0.979583321,7.161408424
-0.979843317,7.162130356
-0.980050443,7.158493519
-0.980334876,7.158812523
-0.980531691,7.155488491
-0.98077601,7.153895855
-0.980989752,7.157156944
-0.981241224,7.155702591
-0.981473504,7.154989243
-0.981707333,7.152101994
-0.981922804,7.152350903
-0.98215395,7.150948048
-0.982358096,7.151751041
-0.982610224,7.150144577
-0.982801674,7.152389526
-0.983054994,7.151058197
-0.983281015,7.148293018
-0.983530102,7.148012161
-0.98376262,7.145572186
-0.9839597919999999,7.148441315
-0.984217523,7.144268513
-0.984424351,7.148258209
-0.984676359,7.144839287
-0.984939216,7.144889355
-0.985131322,7.146008015
-0.985347984,7.143923283
-0.985588489,7.14223671
-0.985820709,7.140120983
-0.986082433,7.139782429
-0.986307381,7.14394331
-0.98654413,7.139787197
-0.986785172,7.14155674
-0.987010418,7.141006947
-0.987231014,7.134572029
-0.987462638,7.135032177
-0.987659035,7.133507252
-0.987900196,7.13697052
-0.988112984,7.13809967
-0.988378583,7.135838509
-0.988607524,7.134412289
-0.988823293,7.133000851
-0.989053069,7.129939079
-0.989276229,7.130648136
-0.989496945,7.130847454
-0.98974788,7.132173061
-0.9900102,7.128678799
-0.990224062,7.12969923
-0.990444003,7.127219677
-0.99067211,7.126333237
-0.990869461,7.125137806
-0.991120277,7.124625206
-0.991351185,7.124604225
-0.991597353,7.124117374
-0.991814015,7.127201557
-0.992054878,7.125984669
-0.992276786,7.122480392
-0.992512403,7.120756149
-0.992746769,7.119969368
-0.992970346,7.119337559
-0.993191956,7.118137836
-0.993458508,7.117316723
-0.993678985,7.118257999
-0.993941424,7.116405487
-0.9941763259999999,7.114488125
-0.994373081,7.114342213
-0.994595109,7.114013672
-0.994854508,7.114749432
-0.995055793,7.113772392
-0.995282052,7.11448431
-0.995561538,7.111170292
-0.99575269,7.112920284
-0.996020971,7.109878063
-0.996245561,7.110532761
-0.996474085,7.110995293
-0.996700523,7.11031723
-0.996975778,7.107505322
-0.99720466,7.108553886
-0.99743074,7.105847359
-0.997632561,7.103742123
-0.997869013,7.105643272
-0.998108028,7.103466034
-0.998303114,7.105066776
-0.99854493,7.10192585
-0.998754142,7.104791164
-0.998995183,7.09982872
-0.999204157,7.099991798
-0.999426602,7.098415375
-0.999697683,7.104325771
-0.999906002,7.10091114
-1.000158666,7.09925127
-1.000339864,7.099563122
-1.0006086809999999,7.099329472
-1.000840781,7.098519325
-1.001084803,7.09432888
-1.0013113,7.093832016
-1.00152695,7.094294548
-1.001767276,7.094663143
-1.001986144,7.094143391
-1.002258776,7.094930172
-1.002463458,7.091555119
-1.002671717,7.092419624
-1.002941487,7.091947556
-1.003143905,7.090439796
-1.003388522,7.089028358
-1.003603218,7.088713169
-1.003845809,7.08867836
-1.004054425,7.086830616
-1.004300116,7.0859828
-1.004526733,7.085936546
-1.004769204,7.085987568
-1.005005715,7.086649418
-1.005200265,7.085727215
-1.005442141,7.084148407
-1.005686401,7.083892345
-1.005939601,7.082738876
-1.006168006,7.081699371
-1.006395934,7.082109451
-1.006594895,7.078928947
-1.00685036,7.080418587
-1.007063387,7.079486847
-1.007319091,7.080348015
-1.007541416,7.079640865
-1.007793544,7.080593586
-1.008031247,7.075778484
-1.00825238,7.073966503
-1.008481858,7.073078632
-1.008717774,7.076345921
-1.008958219,7.072194099
-1.009164451,7.071849823
-1.009400008,7.07215023
-1.009640334,7.072719097
-1.009869335,7.072407246
-1.010111449,7.067378044
-1.010353087,7.066707134
-1.010561107,7.069793224
-1.010800956,7.06554985
-1.011011956,7.070924759
-1.011276363,7.065943241
-1.011480687,7.070092201
-1.011721013,7.065653801
-1.011964319,7.062734127
-1.012198923,7.06510973
-1.012409566,7.063456535
-1.012633679,7.061013699
-1.012912152,7.062831879
-1.013131736,7.058446884
-1.013368128,7.060913563
-1.013613461,7.058775902
-1.013829349,7.057910442
-1.01406884,7.059805393
-1.014294861,7.059522629
-1.014511107,7.056330681
-1.014767168,7.056538582
-1.015026091,7.057107449
-1.015236137,7.054051876
-1.015485166,7.055400372
-1.015702246,7.051319122
-1.015934704,7.051717758
-1.016199706,7.054297924
-1.016377447,7.049100876
-1.016627668,7.051710129
-1.016845105,7.049390316
-1.017099498,7.050240517
-1.017339466,7.046600819
-1.017569063,7.048374176
-1.017813204,7.04786396
-1.018040178,7.045492172
-1.01828873,7.049267292
-1.0185405,7.043422222
-1.018750785,7.043685913
-1.018998621,7.04207468
-1.019222019,7.041104317
-1.019436,7.041380405
-1.019651769,7.041440487
-1.019895194,7.042004108
-1.020141719,7.041819096
-1.020364283,7.043025494
-1.020620106,7.040378094
-1.0208519679999999,7.036511898
-1.021070359,7.034559727
-1.021303652,7.034176826
-1.021549104,7.034021854
-1.021727441,7.03401041
-1.02198994,7.034550667
-1.022221325,7.033111572
-1.022477983,7.034323215
-1.022720693,7.032652855
-1.02295625,7.032351494
-1.0231645089999999,7.030920506
-1.023405073,7.030803204
-1.023616074,7.029309273
-1.023888825,7.029880524
-1.024109481,7.029093742
-1.024372933,7.027893066
-1.024579046,7.024995327
-1.024823902,7.026129246
-1.025054095,7.024266243
-1.02525997,7.019996166
-1.025484799,7.022387981
-1.025744794,7.023680687
-1.025982259,7.023321152
-1.026223062,7.023147583
-1.026462792,7.020868301
-1.026662944,7.021645546
-1.026916144,7.019996643
-1.02713394,7.019408226
-1.027392266,7.016374111
-1.027609346,7.018999577
-1.027851103,7.014219284
-1.028099893,7.020129681
-1.028346418,7.015534878
-1.028542874,7.012016296
-1.02878785,7.016297817
-1.0290215,7.014517784
-1.029265044,7.013603687
-1.029486774,7.009468555
-1.029747127,7.010331631
-1.029996155,7.012311935
-1.030214666,7.009862423
-1.030466912,7.008594036
-1.03068745,7.005728245
-1.030888794,7.007090092
-1.031140683,7.006054878
-1.031329988,7.005104542
-1.03161752,7.005227566
-1.031826017,7.004656315
-1.032056091,7.001297474
-1.032302855,7.000153065
-1.032525776,7.000745296
-1.032758711,7.001094341
-1.032978652,7.004069328
-1.033233641,7.003973961
-1.033474086,7.00031662
-1.033713935,6.996771812
-1.033970473,6.997173786
-1.034154533,6.995402813
-1.034411309,6.997542381
-1.034632443,6.994921684
-1.034884928,6.994708538
-1.035137413,6.994884014
-1.035360215,6.991435528
-1.035612701,6.993190289
-1.035846708,6.988145828
-1.036055801,6.989992619
-1.036284922,6.989641666
-1.036515234,6.98957777
-1.036756394,6.991576195
-1.03699529,6.989162922
-1.037232278,6.987660885
-1.0374948959999999,6.988499165
-1.037706969,6.987300873
-1.037926434,6.985833645
-1.038173674,6.984174728
-1.03838384,6.985084534
-1.03863859,6.983430386
-1.038834451,6.984472752
-1.039112805,6.981539249
-1.039343832,6.979436398
-1.039586423,6.981794357
-1.039798139,6.980813026
-1.040051101,6.976544857
-1.040261267,6.979086876
-1.040513752,6.975903511
-1.040758489,6.97763443
-1.040995477,6.975986004
-1.041204451,6.976038933
-1.041437743,6.974457264
-1.041698692,6.973899841
-1.041921495,6.973819256
-1.042151807,6.972555637
-1.042400478,6.973163128
-1.0426152929999999,6.971356869
-1.042880056,6.969085693
-1.043079613,6.966993809
-1.043292997,6.969325066
-1.043546436,6.969046116
-1.043778298,6.969213009
-1.044022081,6.969213486
-1.044283031,6.967283249
-1.044518827,6.967225552
-1.044718025,6.966452599
-1.044995783,6.964606762
-1.045231579,6.9634161
-1.045475124,6.963969707
-1.045686601,6.96158123
-1.045935152,6.961913586
-1.046156881,6.961319923
-1.046377776,6.961056232
-1.046618937,6.960691452
-1.046828983,6.957364559
-1.047075031,6.958639622
-1.047315834,6.957330704
-1.04760289,6.959645271
-1.047793625,6.958041191
-1.048043011,6.953914642
-1.048290847,6.953381062
-1.048493503,6.950819016
-1.048712013,6.952470779
-1.048987864,6.953172684
-1.049184678,6.953888893
-1.049444197,6.952857971
-1.049732206,6.95038271
-1.049917458,6.951419353
-1.05017197,6.949808598
-1.050382732,6.949322224
-1.050614474,6.947998524
-1.050835488,6.948576927
-1.051073192,6.946093559
-1.051333306,6.946656704
-1.051547645,6.945860386
-1.05180466,6.94331646
-1.052053211,6.944632053
-1.052265642,6.940642357
-1.052481411,6.942196846
-1.052727101,6.942544937
-1.052958367,6.940122128
-1.053227304,6.941619396
-1.053467272,6.937960148
-1.053676007,6.935712814
-1.0539304,6.935316563
-1.054152129,6.934494495
-1.054397343,6.936151028
-1.054616926,6.937520027
-1.054848192,6.934664249
-1.055120466,6.93605423
-1.055343626,6.934031963
-1.055565594,6.928092003
-1.055789588,6.930037975
-1.056046126,6.92987442
-1.056264518,6.930683613
-1.056504963,6.929484367
-1.056727408,6.932186604
-1.056970475,6.928305149
-1.05722761,6.927218914
-1.057469485,6.922871113
-1.057670115,6.927706718
-1.057937978,6.925004959
-1.058170913,6.928644657
-1.058394788,6.922722816
-1.058640121,6.924107552
-1.058871625,6.9197402
-1.059099911,6.92066288
-1.059296487,6.922483444
-1.059541224,6.920633793
-1.059773205,6.922288895
-1.060006497,6.919421196
-1.060293911,6.916755676
-1.060507653,6.920063019
-1.060736178,6.915853977
-1.060980557,6.914906979
-1.061192272,6.914336681
-1.061417459,6.915302753
-1.061675904,6.913948536
-1.061931728,6.912930012
-1.062144635,6.914428234
-1.062394617,6.914804459
-1.062601207,6.909204483
-1.062863587,6.908734798
-1.063073037,6.909600735
-1.063316701,6.90925312
-1.063543676,6.908479214
-1.063777445,6.9081707
-1.064025281,6.90632534
-1.064262508,6.904898167
-1.06446266,6.904499531
-1.064718125,6.904503345
-1.064981936,6.902311802
-1.065186976,6.904329777
-1.065444825,6.901652813
-1.065657495,6.900174141
-1.065917609,6.898021698
-1.066124914,6.901293755
-1.066380022,6.899039268
-1.066610931,6.897017002
-1.066817878,6.899857521
-1.067081926,6.896365643
-1.067326425,6.897248745
-1.067531584,6.894099712
-1.067796705,6.894265652
-1.068021653,6.893440723
-1.068253158,6.891113758
-1.068512319,6.893325329
-1.068724988,6.893997669
-1.068971274,6.893844128
-1.069217322,6.890708923
-1.069444178,6.889464378
-1.06970465,6.886451244
-1.069900153,6.885762691
-1.070159433,6.887125492
-1.070373533,6.886753082
-1.070631502,6.886005878
-1.070834277,6.886811733
-1.071089743,6.884460926
-1.071317552,6.884767056
-1.071570752,6.883002758
-1.071821688,6.882764339
-1.072016953,6.885516167
-1.072299717,6.881156921
-1.072489379,6.880878925
-1.072769998,6.878013134
-1.072993992,6.879815578
-1.073247073,6.877313137
-1.073455332,6.87660408
-1.073689697,6.876349449
-1.073921679,6.875801086
-1.074173091,6.876473904
-1.074395536,6.87232542
-1.074644921,6.873437405
-1.074872134,6.873788357
-1.075112699,6.87187767
-1.075338243,6.87225914
-1.07559192,6.8705163
-1.075800417,6.874192238
-1.076061247,6.870587349
-1.076285718,6.869709015
-1.076512216,6.866535187
-1.076748965,6.866100788
-1.07700157,6.866303921
-1.077227233,6.865207672
-1.077466724,6.867640018
-1.077682732,6.866522312
-1.077913402,6.865882874
-1.078178523,6.864984035
-1.078412889,6.861828327
-1.078651188,6.858948708
-1.078871129,6.861591816
-1.079101084,6.863544941
-1.079354046,6.862914085
-1.079612492,6.860784054
-1.079822181,6.859862328
-1.080040095,6.857120514
-1.080308316,6.857978821
-1.0804947599999999,6.855148315
-1.080751775,6.855001926
-1.080986736,6.853784084
-1.081225155,6.854784489
-1.081476567,6.854570866
-1.081560968,6.85128212
-1.081670879,6.850306988
-1.081889747,6.84929657
-1.082134007,6.848335743
-1.082402108,6.848967075
-1.082610367,6.846224308
-1.08284056,6.848898888
-1.083080648,6.847942352
-1.083324788,6.847399712
-1.083573936,6.844330311
-1.08379483,6.845809937
-1.084031461,6.842729568
-1.084300159,6.845293999
-1.084521053,6.841845512
-1.084756134,6.84200716
-1.085013984,6.839433193
-1.085207341,6.837046146
-1.085477708,6.83802557
-1.085732697,6.835773945
-1.085934399,6.837357044
-1.086201308,6.838990688
-1.086422918,6.838348389
-1.08667743,6.83720541
-1.086883185,6.835832119
-1.087154387,6.833775043
-1.087374447,6.830467701
-1.087581156,6.83127737
-1.087846635,6.829838276
-1.088069795,6.830520153
-1.0883404,6.8332901
-1.088579057,6.831115723
-1.088814495,6.829395771
-1.089030979,6.826480389
-1.089295028,6.827066898
-1.089508174,6.827596188
-1.089758275,6.827208996
-1.089990852,6.826483727
-1.090234635,6.821586609
-1.090438007,6.821510315
-1.090688108,6.821388721
-1.090939878,6.823290825
-1.091193436,6.818829536
-1.091405986,6.817920208
-1.091653107,6.819903851
-1.091876386,6.818334103
-1.092139838,6.817976952
-1.092396734,6.816577911
-1.092592595,6.81592989
-1.092871307,6.815528393
-1.093076704,6.813057899
-1.093292115,6.814788342
-1.093534825,6.813064575
-1.093782781,6.812343121
-1.094020722,6.814263821
-1.094288586,6.811692238
-1.094485758,6.810424805
-1.094740151,6.808123112
-1.094988464,6.810030937
-1.095214604,6.808921814
-1.095456598,6.809780121
-1.095672725,6.805085182
-1.095925925,6.804249287
-1.096137045,6.805091858
-1.0963653309999999,6.806479931
-1.096633313,6.804867744
-1.096851824,6.802708149
-1.097112654,6.802767277
-1.097324489,6.799667358
-1.097577928,6.801258087
-1.09781575,6.800611496
-1.098076819,6.79927063
-1.098289011,6.797935486
-1.098546384,6.79403162
-1.098745463,6.7981534
-1.099004267,6.798969269
-1.099249123,6.795749664
-1.099509476,6.792640209
-1.09972751,6.791945457
-1.099969028,6.791663647
-1.100163458,6.789906979
-1.100416062,6.793080807
-1.100655792,6.792604446
-1.1009099469999999,6.793244839
-1.101148961,6.791498661
-1.101369618,6.787922859
-1.101611493,6.785915375
-1.101877688,6.788272858
-1.102053044,6.786836624
-1.102295278,6.784101963
-1.102555631,6.786464214
-1.102793215,6.783033371
-1.103024004,6.784647465
-1.1032760129999999,6.781467915
-1.103507398,6.77989006
-1.103734491,6.780576229
-1.103987811,6.779853344
-1.104230641,6.779794216
-1.104484318,6.779885769
-1.1047023519999999,6.778856277
-1.104903458,6.776044846
-1.1051710829999999,6.777686119
-1.105394242,6.777522564
-1.105619548,6.775521755
-1.105898259,6.776068687
-1.106086848,6.777374744
-1.106345175,6.77566576
-1.106593011,6.77419281
-1.106821297,6.771990299
-1.107025979,6.770743847
-1.107256172,6.767727375
-1.10747218,6.768787861
-1.10772538,6.771140099
-1.107965348,6.768976212
-1.108233212,6.770208836
-1.108457921,6.769591808
-1.108704804,6.767495632
-1.108913658,6.762649536
-1.109166144,6.760845661
-1.10937023,6.762866974
-1.1096431,6.763226986
-1.109889386,6.762726784
-1.110122321,6.762049198
-1.110367535,6.761363506
-1.110604761,6.757815838
-1.110833285,6.758631229
-1.111038087,6.75630331
-1.111282466,6.757956982
-1.111519454,6.759321213
-1.111801503,6.756543636
-1.11202359,6.754313469
-1.112269638,6.754364014
-1.112499474,6.753816128
-1.112737654,6.751232147
-1.112981556,6.751342297
-1.113239167,6.75399828
-1.113453386,6.752654552
-1.113688109,6.750177383
-1.113955377,6.747639179
-1.114163278,6.74732542
-1.114415167,6.747573376
-1.114631293,6.746338367
-1.114902495,6.747355461
-1.115102647,6.747293949
-1.115370033,6.746091843
-1.11560273,6.742603302
-1.115786789,6.741198063
-1.116079329,6.743587494
-1.1163008189999999,6.743398666
-1.116549848,6.743450165
-1.116756199,6.743549347
-1.116994737,6.741376877
-1.117265103,6.741277218
-1.117495177,6.738847733
-1.117710946,6.735821247
-1.117975352,6.734687805
-1.118229507,6.735621929
-1.118438361,6.73549366
-1.118705748,6.734578609
-1.11894214,6.734196186
-1.119179247,6.735730648
-1.119406221,6.730737209
-1.119637488,6.729736805
-1.119869111,6.727307796
-1.120083092,6.729193687
-1.120349405,6.729277134
-1.120590208,6.729847431
-1.120865224,6.730899811
-1.121100782,6.726214886
-1.121339319,6.726027012
-1.121590374,6.724799156
-1.121832011,6.723250389
-1.122053025,6.723020554
-1.122283576,6.721125603
-1.122504709,6.72410059
-1.12274277,6.72459507
-1.123006104,6.722020626
-1.123247026,6.718688488
-1.123521803,6.718413353
-1.123764036,6.716638088
-1.12398052,6.719401836
-1.124187468,6.716751099
-1.124455569,6.716849327
-1.124663709,6.714770317
-1.124940751,6.714980602
-1.125182031,6.713754654
-1.125413893,6.710153103
-1.12562239,6.71215868
-1.12586355,6.712720394
-1.126125215,6.711520672
-1.126361607,6.709079742
-1.126601217,6.707105637
-1.126881359,6.709006786
-1.127075194,6.706456184
-1.127313493,6.706097603
-1.127521275,6.709144115
-1.127810119,6.704569817
-1.128047464,6.704736233
-1.128271697,6.704422951
-1.128522513,6.702124119
-1.128775237,6.700227261
-1.128980396,6.700611115
-1.129262207,6.700866699
-1.129483102,6.698822021
-1.129725574,6.700802326
-1.129954813,6.699194431
-1.130206225,6.696101189
-1.130451558,6.696584225
-1.130638598,6.693838596
-1.130912302,6.695952892
-1.131148575,6.695027351
-1.131415365,6.693453312
-1.131617783,6.691649914
-1.131838797,6.691838741
-1.132122396,6.692186356
-1.13232827,6.690736294
-1.13256943,6.689175606
-1.132822154,6.686022282
-1.133028505,6.691204071
-1.133286594,6.686200619
-1.133547662,6.687774181
-1.133761762,6.685365677
-1.134002207,6.682068348
-1.134254931,6.682973385
-1.134474395,6.681266785
-1.134694574,6.682682514
-1.134927748,6.683814049
-1.135190366,6.683685303
-1.135431288,6.681650162
-1.135666607,6.680028915
-1.135931371,6.678526402
-1.136190651,6.677847385
-1.136409162,6.674975872
-1.13662946,6.674686432
-1.13687372,6.678222179
-1.137113927,6.676707268
-1.13738334,6.673913956
-1.137588976,6.676100254
-1.137876032,6.67334795
-1.138102649,6.672110081
-1.138339398,6.666943073
-1.138585804,6.671666145
-1.138816951,6.671670437
-1.139027951,6.668943882
-1.139267681,6.667800426
-1.139541743,6.665140629
-1.139770983,6.665140152
-1.140024183,6.664687157
-1.140270231,6.663363457
-1.140452979,6.665906429
-1.140728591,6.665436745
-1.1409806,6.665746212
-1.141224859,6.661457539
-1.141429899,6.660505772
-1.141671417,6.661231041
-1.141916154,6.656729221
-1.142162321,6.656796455
-1.142400025,6.658641815
-1.142625449,6.655897141
-1.142897485,6.655226707
-1.143156407,6.656093121
-1.14338362,6.654107571
-1.14361429,6.656079292
-1.143831013,6.655816555
-1.144104837,6.655914783
-1.144321797,6.654714584
-1.144543288,6.653997421
-1.144830821,6.651524544
-1.145048378,6.647562027
-1.145297764,6.645885468
-1.145502327,6.647370815
-1.145786284,6.64716959
-1.146028636,6.646126747
-1.146280048,6.645848274
-1.146497605,6.644157887
-1.146788118,6.644013405
-1.14696133,6.64440918
-1.147239326,6.641534328
-1.147465942,6.643519402
-1.147686837,6.641355991
-1.147933362,6.641561985
-1.148160813,6.63987875
-1.148463009,6.637060642
-1.14867544,6.636526585
-1.148901461,6.635943413
-1.149155019,6.635129452
-1.149399994,6.637424946
-1.149646519,6.634829044
-1.149896262,6.633734226
-1.150130389,6.632455349
-1.150386212,6.632846832
-1.150592564,6.630289555
-1.150848268,6.630209446
-1.151063202,6.628252506
-1.151309608,6.628673553
-1.151569961,6.627506733
-1.151773928,6.62765646
-1.152045963,6.62322998
-1.152274607,6.625081539
-1.152533529,6.622924328
-1.152760623,6.621752262
-1.153000711,6.621936798
-1.15326011,6.622413158
-1.153497336,6.62229538
-1.153734682,6.619590282
-1.15394461,6.61502409
-1.154196141,6.618166924
-1.154422758,6.616176128
-1.154647349,6.616211891
-1.15487623,6.61523819
-1.155163882,6.615628242
-1.155368326,6.616940022
-1.15564215,6.612995625
-1.155859945,6.6133008
-1.156084416,6.610556126
-1.15634918,6.609511375
-1.156589625,6.610739708
-1.156811712,6.610477924
-1.157060741,6.60926199
-1.15728402,6.608510494
-1.157523392,6.60423708
-1.15777838,6.603268623
-1.158008812,6.604263783
-1.15826392,6.605284691
-1.158499716,6.60402298
-1.158728598,6.608400345
-1.159012673,6.604773998
-1.15924835,6.602767944
-1.159512041,6.602457523
-1.159738181,6.599347115
-1.159969447,6.597867489
-1.160210608,6.599173069
-1.160445688,6.598143101
-1.160656212,6.599709511
-1.16093385,6.596342564
-1.1611756069999999,6.596193314
-1.161433933,6.595260143
-1.161661862,6.591974735
-1.161907194,6.591899395
-1.162121771,6.593263149
-1.162393449,6.595582962
-1.162665365,6.592169285
-1.162855385,6.59076643
-1.163143514,6.588163853
-1.163354753,6.587716579
-1.163561462,6.587918758
-1.163830398,6.589628696
-1.164084671,6.589777946
-1.164284704,6.587760925
-1.164536832,6.587049961
-1.164770363,6.58246088
-1.165018318,6.583526611
-1.165240167,6.582885742
-1.165493725,6.582893372
-1.165724276,6.580618382
-1.165969251,6.580193043
-1.166218756,6.580769062
-1.166460393,6.580367565
-1.166684268,6.576917648
-1.166936157,6.577785969
-1.167122243,6.5741992
-1.167387484,6.575044632
-1.167662976,6.577103615
-1.167887686,6.573842525
-1.168143747,6.57354641
-1.168391822,6.574776173
-1.168656228,6.569705486
-1.16890168,6.569992065
-1.169125913,6.567978382
-1.169371961,6.57138586
-1.169608472,6.569536209
-1.169839619,6.566635609
-1.170087574,6.566386223
-1.170335649,6.5683074
-1.170556305,6.565150738
-1.170794724,6.563999176
-1.170989273,6.563105106
-1.171266077,6.568166733
-1.171485303,6.565835953
-1.171724198,6.560864925
-1.17196822,6.560240746
-1.172194479,6.560510159
-1.172445295,6.559468269
-1.172650335,6.556709766
-1.172827957,6.558139324
-1.172958491,6.556303024
-1.173232554,6.558358669
-1.173457859,6.55460453
-1.173702715,6.553251266
-1.173941372,6.552162647
-1.174152015,6.550342083
-1.174373983,6.552591801
-1.174641011,6.552108288
-1.174855469,6.554062366
-1.175099848,6.549702168
-1.175344704,6.550663948
-1.175585507,6.547779083
-1.17585182,6.545517445
-1.176063774,6.543740749
-1.176289557,6.543342113
-1.176521299,6.546643257
-1.176743982,6.546077728
-1.176996468,6.54264307
-1.177235363,6.541588783
-1.177472947,6.536427498
-1.1776942,6.539034367
-1.177882431,6.538182259
-1.178166507,6.538431168
-1.178395031,6.53704071
-1.17863333,6.536072731
-1.178855298,6.534836292
-1.179092763,6.537197113
-1.17934799,6.533421516
-1.179557202,6.53264761
-1.179794667,6.532806396
-1.180025695,6.532096863
-1.180299996,6.534313679
-1.180513023,6.533699989
-1.180760024,6.530835152
-1.181006787,6.529293537
-1.181242464,6.526337624
-1.181479929,6.527281284
-1.181670306,6.528165817
-1.181913255,6.528207302
-1.18216729,6.524477959
-1.182399152,6.5232234
-1.182649849,6.525711536
-1.182910798,6.522666931
-1.183114408,6.520778179
-1.183359144,6.520449162
-1.183591602,6.520139694
-1.183833359,6.519425392
-1.18408954,6.5202384
-1.184308527,6.517795563
-1.184549568,6.515151501
-1.184763668,6.515201092
-1.185011147,6.514343262
-1.185297845,6.512509823
-1.185530899,6.514714718
-1.185766099,6.51310873
-1.186004518,6.510002136
-1.186251639,6.51160574
-1.18648958,6.510463715
-1.186733721,6.508624077
-1.186975,6.509509563
-1.187208293,6.509253979
-1.18745899,6.509333134
-1.187696694,6.505323887
-1.187901853,6.501876831
-1.188097237,6.500195503
-1.188329814,6.500751019
-1.188556669,6.502985954
-1.188805936,6.5023036
-1.189003704,6.501937389
-1.18921244,6.501397133
-1.189435719,6.49932909
-1.189698098,6.498657703
-1.18989229,6.496399403
-1.190138338,6.497879982
-1.19036579,6.494791985
-1.190603254,6.494082451
-1.190857647,6.494361401
-1.191082476,6.494084835
-1.191299675,6.491287708
-1.191562651,6.491828442
-1.191762446,6.491094112
-1.192028282,6.489747047
-1.192247747,6.491051674
-1.192447541,6.490574837
-1.192731736,6.488916874
-1.192954896,6.486632347
-1.19319546,6.482247353
-1.193408845,6.485507011
-1.193668483,6.484118938
-1.193916677,6.484303474
-1.194147943,6.481638908
-1.194403527,6.481680393
-1.194622634,6.480988026
-1.194859026,6.478436947
-1.195079086,6.475675106
-1.195299981,6.477839947
-1.195543049,6.476507187
-1.195764659,6.476124287
-1.196004985,6.474754333
-1.196264742,6.47497654
-1.196511863,6.474485874
-1.196740029,6.474915028
-1.196988938,6.474793911
-1.197214602,6.472382069
-1.197501777,6.470159531
-1.197663901,6.466089249
-1.197895406,6.469771862
-1.198171614,6.467993259
-1.198380349,6.467257023
-1.19863951,6.467813015
-1.198875783,6.468253136
-1.199150799,6.465651035
-1.19934809,6.467438221
-1.19960737,6.463088989
-1.199857114,6.462928295
-1.20006275,6.455311298
-1.200266359,6.44542551
-1.200374244,6.430500031
-1.200515388,6.41440773
-1.200614212,6.390193462
-1.200594781,6.367174149
-1.20060694,6.348040104
-1.2005952579999999,6.32874012
-1.200609563,6.316652298
-1.200644372,6.305556297
-1.200619696,6.29853344
-1.200639723,6.297726154
-1.200645445,6.292268753
-1.200660227,6.287247658
-1.200642942,6.28754282
-1.20067036,6.281263828
-1.200683234,6.27918148
-1.200691341,6.276975155
-1.20068848,6.274270535
-1.20067787,6.273379326
-1.200702427,6.274476051
-1.200699447,6.271152973
-1.200719355,6.267811298
-1.20074415,6.266232967
-1.20074713,6.264600754
-1.200740574,6.261641502
-1.200734256,6.262340546
-1.200764297,6.259796619
-1.200731395,6.256731033
-1.20079243,6.257369041
-1.200773118,6.254772186
-1.200775145,6.254226685
-1.200778363,6.252482891
-1.200798987,6.249469757
-1.200775025,6.247906208
-1.200808285,6.244995594
-1.200790165,6.244264603
-1.200784801,6.242063522
-1.200805781,6.241696358
-1.200787423,6.241147995
-1.200814841,6.24126339
-1.200800775,6.240129948
-1.200809119,6.23900938
-1.200834749,6.238368988
-1.200818298,6.221986294
-1.200770972,6.193256378
-1.200756786,6.15457058
-1.200680969,6.116313457
-1.200645087,6.075637341
-1.200634597,6.031208038
-1.200578211,5.990828514
-1.200579522,5.945640087
-1.2005527,5.902247429
-1.200494764,5.859122276
-1.200475572,5.81414175
-1.200427769,5.769803047
-1.200393556,5.730693817
-1.200346468,5.687766552
-1.200303314,5.643792152
-1.200283287,5.602298737
-1.200310348,5.558790207
-1.200238464,5.51887846
-1.200207947,5.473889351
-1.200178502,5.432674408
-1.200147269,5.391106129
-1.200116871,5.348623276
-1.200109242,5.305103779
-1.200083254,5.266008377
-1.200036166,5.222385406
-1.200014113,5.179671288
-1.199966786,5.139356136
-1.199950455,5.09871769
-1.199916957,5.055925369
-1.199873803,5.013029575
-1.199851153,4.971223354
-1.199814318,4.928865433
-1.199778555,4.884160519
-1.199779389,4.844391823
-1.19973564,4.805423737
-1.199701427,4.761396885
-1.199684141,4.722492218
-1.199644564,4.681410789
-1.199605225,4.638832092
-1.199583886,4.594904423
-1.199537275,4.553472996
-1.199543236,4.514055252
-1.199503062,4.471605301
-1.199465035,4.432013512
-1.199426649,4.390499592
-1.19940686,4.348908424
-1.199370025,4.30766201
-1.199332474,4.264136314
-1.19929838,4.227548599
-1.199272631,4.186842918
-1.199255465,4.150522232
-1.199240802,4.107922077
-1.199222205,4.068043709
-1.199185966,4.024813652
-1.199127672,3.983927965
-1.199109195,3.943743229
-1.199095128,3.901364088
-1.199016808,3.860704184
-1.199004648,3.822931051
-1.198991297,3.781299353
-1.198930977,3.739886045
-1.198893545,3.697932005
-1.198882816,3.660571575
-1.198848723,3.616138697
-1.198814629,3.576487064
-1.198758481,3.533079386
-1.198745964,3.494984388
-1.198731421,3.455701828
-1.198696612,3.409621239
-1.198658465,3.369468689
-1.198629974,3.330779314
-1.198603509,3.289476633
-1.198561905,3.247742176
-1.198541282,3.208240986
-1.198516009,3.16771102
-1.19846618,3.127512932
-1.19843447,3.088204145
-1.198405979,3.046319246
-1.198370574,3.008615971
-1.198346375,2.964717388
-1.198325036,2.925171614
-1.198301671,2.885300636
-1.198261021,2.848671198
-1.198202847,2.807309866
-1.198177097,2.767148018
-1.198160289,2.729026556
-1.198133348,2.686632395
-1.198109744,2.645501852
-1.198067544,2.607268572
-1.198024986,2.564180613
-1.198034642,2.527778864
-1.197983978,2.487413645
-1.19794452,2.447334528
-1.197885154,2.405977488
-1.197871683,2.3712883
-1.197808741,2.328814507
-1.197797177,2.288569212
-1.19778168,2.245426655
-1.197732924,2.208723783
-1.197692631,2.165838957
-1.197678087,2.125619411
-1.19763541,2.08230567
-1.197603343,2.044261694
-1.1975888,2.008127928
-1.197531221,1.967416644
-1.197551845,1.929367542
-1.197471378,1.890283823
-1.197421072,1.851162076
-1.197419403,1.812478185
-1.197360395,1.772612095
-1.197322844,1.732601523
-1.197291492,1.695040822
-1.197300194,1.658147335
-1.197225688,1.61714828
-1.197218059,1.578959227
-1.197180865,1.538321972
-1.197137473,1.495952129
-1.197106002,1.461656809
-1.19706106,1.422131181
-1.197045324,1.382541895
-1.197013734,1.345310092
-1.196964739,1.306685209
-1.196952341,1.266976237
-1.196898935,1.229566336
-1.196882961,1.192745686
-1.196808336,1.154309034
-1.196841238,1.116722822
-1.196793197,1.077493429
-1.196721433,1.041553974
-1.19668722,1.004019737
-1.1966665969999999,0.965372086
-1.196612714,0.927805781
-1.196588038,0.8892802
-1.196561096,0.851582408
-1.196529625,0.811475456
-1.196478127,0.776198387
-1.196451066,0.737405717
-1.1964097,0.69781971
-1.196362494,0.660555482
-1.196323393,0.623720706
-1.196315525,0.581014693
-1.196258305,0.542069137
-1.196245549,0.507689416
-1.196201442,0.469028026
-1.196152328,0.434664249
-1.196088908,0.394700319
-1.196065543,0.358526438
-1.196023701,0.319518417
-1.196029184,0.28148067
-1.195977448,0.241560757
-1.195914505,0.207289189
-1.19589722,0.170217976
-1.195829628,0.131381094
-1.195794342,0.094797097
-1.19576299,0.057160202
-1.195716379,0.023406595
-1.195693729,-0.016074719
-1.195633529,-0.051392965
-1.195591329,-0.08298143
-1.195570706,-0.11823678
-1.195534585,-0.151966825
-1.195486901,-0.183116287
-1.195461271,-0.211628333
-1.195407389,-0.249039739
-1.195372937,-0.285201073
-1.195326088,-0.318911076
-1.195280431,-0.358287781
-1.195242761,-0.392377704
-1.195223926,-0.425090671
-1.195152996,-0.460476965
-1.19514644,-0.492751062
-1.1950952989999999,-0.514177024
-1.195062755,-0.530484974
-1.195046781,-0.547089696
-1.19504392,-0.552919149
-1.195029257,-0.558458567
-1.195014952,-0.562792838
-1.194997309,-0.56919539
-1.194990991,-0.61813736
-1.194895862,-0.737179756
-1.194776533,-0.816177726
-1.194684146,-0.871052563
-1.194616912,-0.920609117
-1.194532631,-0.958288014
-1.19450259,-0.994749129
-1.194428681,-1.029089689
-1.19441676,-1.063100696
-1.194328068,-1.096510887
-1.194334624,-1.126066685
-1.194258688,-1.160253286
-1.1942470059999999,-1.19349134
-1.194160817,-1.223421693
-1.1941244579999999,-1.257891536
-1.194081424,-1.293735147
-1.194016812,-1.329689264
-1.193928598,-1.361440897
-1.193910716,-1.393898726
-1.193870662,-1.425124764
-1.19382417,-1.457903981
-1.193766115,-1.49187994
-1.1937202199999999,-1.52329123
-1.193648813,-1.554177642
-1.193589447,-1.584540844
-1.193557737,-1.620445251
-1.193518637,-1.646344185
-1.193462012,-1.678537607
-1.193437932,-1.711779833
-1.193357943,-1.741891623
-1.193312643,-1.772527814
-1.193272946,-1.805105448
-1.193204043,-1.833838463
-1.193187712,-1.866213799
-1.193118332,-1.8959589
-1.193068264,-1.929812908
-1.192986725,-1.958404899
-1.19293463,-1.991389632
-1.192878841,-2.017865658
-1.192836521,-2.046487808
-1.192796825,-2.073176384
-1.192731498,-2.105364561
-1.19267237,-2.133365631
-1.192596434,-2.166043282
-1.19255924,-2.191862106
-1.192521809,-2.224877119
-1.192431448,-2.248187542
-1.192360638,-2.278020382
-1.19233167,-2.308525562
-1.192255495,-2.337081909
-1.192230938,-2.362415314
-1.192142008,-2.392177343
-1.192058561,-2.417792559
-1.192023872,-2.443612337
-1.191970227,-2.474763155
-1.191926716,-2.502239704
-1.191833137,-2.527774096
-1.19176924,-2.555611849
-1.191755293,-2.580438852
-1.191687344,-2.607827663
-1.191636203,-2.631419897
-1.191540716,-2.659092188
-1.191485761,-2.685567379
-1.191430448,-2.712049246
-1.19134414,-2.740231752
-1.19127929,-2.763356209
-1.191223143,-2.786935806
-1.191158293,-2.812735558
-1.191090701,-2.839033604
-1.190980433,-2.863611221
-1.190968989,-2.890972137
-1.190877913,-2.914594889
-1.190808652,-2.942635059
-1.19074869,-2.965642452
-1.190730093,-2.990658998
-1.190634726,-3.016831398
-1.190574525,-3.03792572
-1.190513609,-3.060634375
-1.190452097,-3.085460424
-1.19034016,-3.108905792
-1.190266727,-3.131239176
-1.190211413,-3.157454014
-1.190173028,-3.177517891
-1.190074561,-3.20021677
-1.190017341,-3.222038746
-1.189912913,-3.247209787
-1.189862369,-3.269776344
-1.189765332,-3.292126656
-1.189684032,-3.313091993
-1.18962693,-3.332996607
-1.189539192,-3.354497194
-1.189444779,-3.380723953
-1.189384935,-3.400360107
-1.189298866,-3.421118975
-1.189249156,-3.441827536
-1.189117787,-3.462007999
-1.189080356,-3.486707926
-1.189014791,-3.503675699
-1.188917277,-3.525900126
-1.188847182,-3.547904491
-1.188780425,-3.563205242
-1.188747523,-3.582525492
-1.188635109,-3.60408783
-1.188570617,-3.623884916
-1.188461302,-3.643059731
-1.188391326,-3.66105175
-1.188309191,-3.680671215
-1.188228725,-3.700208902
-1.188131688,-3.715613127
-1.188035844,-3.736524582
-1.1879637219999999,-3.756849766
-1.187917469,-3.771307707
-1.187838433,-3.792682171
-1.187749503,-3.809770584
-1.187634347,-3.829722643
-1.187584756,-3.850335121
-1.187459229,-3.869815588
-1.187393783,-3.883985996
-1.187287567,-3.903577805
-1.187211631,-3.917452335
-1.187125085,-3.937096357
-1.18703091,-3.95275569
-1.186965821,-3.972693443
-1.186854718,-3.991018295
-1.186751721,-4.006081581
-1.186672328,-4.025552273
-1.186583636,-4.04195118
-1.186495779,-4.057880402
-1.186392663,-4.075647354
-1.18630266,-4.089375973
-1.186225174,-4.103618622
-1.186134694,-4.120345592
-1.186046599,-4.134871483
-1.185956596,-4.149961948
-1.185860513,-4.168158531
-1.185757516,-4.18456316
-1.185660956,-4.198609352
-1.185539125,-4.214134693
-1.185466407,-4.230877399
-1.18539059,-4.242765427
-1.185303329,-4.258012295
-1.185217856,-4.270255089
-1.185115574,-4.288920403
-1.185027359,-4.300187111
-1.184917448,-4.313599586
-1.184820531,-4.327487469
-1.184750078,-4.34224987
-1.184631703,-4.359056473
-1.184527157,-4.369272709
-1.184419273,-4.382960796
-1.184361218,-4.398155689
-1.184233068,-4.41272974
-1.184145568,-4.426627636
-1.184026001,-4.43953228
-1.183921455,-4.455111027
-1.183811544,-4.468680859
-1.1837314349999999,-4.480083942
-1.183633922,-4.494691849
-1.183483241,-4.506361961
-1.183433889,-4.51722908
-1.183298944,-4.530476093
-1.183212398,-4.543068409
-1.18310809,-4.55508709
-1.183015106,-4.568836212
-1.182904122,-4.579360485
-1.182794331,-4.593438625
-1.182701705,-4.604689121
-1.182606099,-4.613234043
-1.182467101,-4.626965523
-1.182394145,-4.640668392
-1.182280062,-4.650216579
-1.182190416,-4.664793491
-1.182043789,-4.675594807
-1.18199396,-4.687494278
-1.1818552,-4.697473526
-1.181769608,-4.706490517
-1.181645988,-4.718354225
-1.181534169,-4.726287365
-1.181436418,-4.736754894
-1.181329964,-4.750636101
-1.181238888,-4.761150837
-1.18112254,-4.77204895
-1.180986641,-4.783631325
-1.180907128,-4.793634892
-1.180820821,-4.805905819
-1.180699347,-4.816065311
-1.180584548,-4.824355602
-1.180487989,-4.833171844
-1.180385349,-4.842157364
-1.180258868,-4.853476048
-1.1801512219999999,-4.866461754
-1.180062531,-4.874398708
-1.179948328,-4.884175301
-1.179826973,-4.894302368
-1.179715632,-4.904753685
-1.17960882,-4.913329601
-1.179475663,-4.922654152
-1.17936611,-4.932263851
-1.179260014,-4.942780495
-1.179141877,-4.950119019
-1.179038165,-4.95938158
-1.178938029,-4.968474388
-1.17880523,-4.977692604
-1.178680657,-4.985629559
-1.178592322,-4.99246788
-1.178473471,-5.002648354
-1.178380964,-5.008956432
-1.178262709,-5.020983696
-1.178166268,-5.030204773
-1.178036807,-5.038721561
-1.177920578,-5.046224594
-1.177814124,-5.052019596
-1.177708624,-5.061085701
-1.177571176,-5.068715572
-1.17743778,-5.076591969
-1.177341698,-5.083972454
-1.177234767,-5.091550827
-1.177126763,-5.098884583
-1.177011965,-5.106587887
-1.176909206,-5.113285542
-1.176770447,-5.122269154
-1.176668523,-5.12916708
-1.176561592,-5.135679722
-1.17642629,-5.145846844
-1.176344512,-5.155575752
-1.176196216,-5.16274929
-1.176075338,-5.17181778
-1.175991653,-5.173912048
-1.1758368,-5.180695057
-1.1757282,-5.186645031
-1.175605653,-5.198324203
-1.175507186,-5.20236969
-1.175389169,-5.211094856
-1.175262807,-5.218791485
-1.175143598,-5.221375465
-1.175053714,-5.228813648
-1.174881576,-5.235210896
-1.174790738,-5.243378639
-1.174646972,-5.244644642
-1.174528478,-5.254709721
-1.174415944,-5.264090538
-1.174278734,-5.270941257
-1.174189804,-5.290511608
-1.173989652,-5.309447289
-1.17378795,-5.326516628
-1.173587678,-5.333195686
-1.173427699,-5.334653378
-1.173280357,-5.335977554
-1.173104284,-5.334733009
-1.172980784,-5.339150906
-1.172892807,-5.343503952
-1.172760723,-5.348831177
-1.172646521,-5.352520943
-1.172541855,-5.360572338
-1.172391532,-5.367507935
-1.172301767,-5.375184059
-1.17218375,-5.381667137
-1.172027705,-5.3885355
-1.171929834,-5.395671844
-1.171811102,-5.403394222
-1.171664117,-5.410725117
-1.171545981,-5.413921833
-1.171427129,-5.418426514
-1.171302794,-5.426804543
-1.171165703,-5.430819511
-1.171061633,-5.434108734
-1.170939682,-5.441108704
-1.170778034,-5.447554111
-1.170675157,-5.453654766
-1.170551775,-5.462174892
-1.170426605,-5.465714455
-1.170294879,-5.46655035
-1.17019677,-5.473823071
-1.170057772,-5.48028326
-1.169931291,-5.484627724
-1.169820188,-5.490708828
-1.169691203,-5.497729778
-1.169595955,-5.501742363
-1.169446705,-5.508358955
-1.169308899,-5.510957241
-1.1691761,-5.516103745
-1.169083832,-5.522496223
-1.168908952,-5.53072834
-1.168800352,-5.536415577
-1.168667076,-5.537687778
-1.16855037,-5.544736385
-1.168400405,-5.550055027
-1.168294547,-5.553510189
-1.16817057,-5.558792591
-1.168048499,-5.565258503
-1.167859195,-5.570028305
-1.167786954,-5.57400465
-1.16767907,-5.580799103
-1.167500494,-5.583370209
-1.167388914,-5.590743542
-1.167252062,-5.591251373
-1.16713929,-5.599045753
-1.166981338,-5.604734421
-1.166860102,-5.608335018
-1.166764258,-5.612257481
-1.166637061,-5.61715889
-1.166515945,-5.623084068
-1.16634023,-5.627142429
-1.166247247,-5.630249977
-1.166106938,-5.634294033
-1.165973065,-5.637339115
-1.165817259,-5.644490719
-1.165683506,-5.651068211
-1.16556084,-5.652956486
-1.165471433,-5.655457973
-1.165320514,-5.660822868
-1.165187119,-5.667572498
-1.165059207,-5.672358036
-1.164939402,-5.674935818
-1.164787529,-5.6796031
-1.16463661,-5.681056976
-1.164525388,-5.687162399
-1.164377688,-5.691271305
-1.164240001,-5.697507381
-1.164133785,-5.699777603
-1.163998006,-5.704926491
-1.163860796,-5.70719862
-1.163726328,-5.714748383
-1.163579462,-5.717700005
-1.163458584,-5.720674992
-1.163304208,-5.721803188
-1.163196323,-5.72776413
-1.163056729,-5.734175205
-1.162894247,-5.739089012
-1.162785051,-5.743611813
-1.162630318,-5.743626595
-1.162512777,-5.74939537
-1.162381051,-5.753035069
-1.162212966,-5.758381367
-1.162100194,-5.759902477
-1.161950229,-5.764853954
-1.161821244,-5.769525051
-1.161667703,-5.771782398
-1.16157019,-5.775026798
-1.161397932,-5.779459953
-1.161234615,-5.785725117
-1.161107658,-5.787273407
-1.161005972,-5.791229248
-1.160857199,-5.79725647
-1.160714028,-5.804316998
-1.16056001,-5.803323746
-1.160426496,-5.80756712
-1.160264609,-5.811609268
-1.160163758,-5.816608429
-1.160018204,-5.821209431
-1.159829615,-5.822375774
-1.15969765,-5.82469511
-1.15956807,-5.828143597
-1.159448145,-5.833392143
-1.159310697,-5.836058617
-1.159173964,-5.839830875
-1.159003137,-5.842243671
-1.158859251,-5.846093178
-1.158741949,-5.84986639
-1.158580182,-5.855976582
-1.158460138,-5.858033657
-1.158299444,-5.861138821
-1.158158539,-5.864334106
-1.158017395,-5.864532471
-1.157862185,-5.86962986
-1.157737372,-5.877378464
-1.157611249,-5.877422333
-1.157458304,-5.882332802
-1.157330869,-5.881836891
-1.157168029,-5.88677454
-1.157049773,-5.889253616
-1.156890152,-5.893282413
-1.156726955,-5.896900177
-1.156560419,-5.900114536
-1.156437634,-5.905034542
-1.156317113,-5.910173416
-1.156147001,-5.911669731
-1.15600252,-5.916543007
-1.155866144,-5.915600777
-1.155750392,-5.921257973
-1.155592559,-5.922227859
-1.155447004,-5.925051689
-1.155317066,-5.930143356
-1.155142663,-5.93351078
-1.155022023,-5.934434891
-1.15484762,-5.937376976
-1.154733298,-5.942828178
-1.154579638,-5.944199562
-1.154411672,-5.947224617
-1.154259918,-5.94909668
-1.154106615,-5.952721119
-1.153995393,-5.955005169
-1.153858779,-5.962136745
-1.153702019,-5.964673042
-1.153551815,-5.968271255
-1.153372286,-5.968029976
-1.153251408,-5.972873211
-1.153084634,-5.974670887
-1.152969239,-5.975464821
-1.152838109,-5.978070259
-1.152641295,-5.980484009
-1.152510522,-5.984959126
-1.152382372,-5.987586975
-1.152242659,-5.99237299
-1.152071117,-5.995441914
-1.151933549,-5.99787569
-1.15178716,-6.000415325
-1.151653765,-6.002409458
-1.151489018,-6.006032467
-1.151340125,-6.009301186
-1.151180981,-6.015432358
-1.151009081,-6.017178059
-1.150904058,-6.01768446
-1.150732396,-6.019968033
-1.150584696,-6.023283958
-1.15043175,-6.023444653
-1.150260208,-6.027694225
-1.150118945,-6.029188633
-1.149977921,-6.032299042
-1.149807213,-6.035364628
-1.149688719,-6.04061079
-1.149510501,-6.041550636
-1.149382351,-6.042441368
-1.149224876,-6.048079491
-1.149066685,-6.050066471
-1.148881434,-6.054711819
-1.148746369,-6.056803226
-1.14858496,-6.058638573
-1.148442863,-6.060901165
-1.148326395,-6.063553333
-1.14811766,-6.066135406
-1.148023246,-6.067066193
-1.14785075,-6.069151402
-1.14772713,-6.074428558
-1.147530196,-6.078420162
-1.147411583,-6.080525875
-1.147259591,-6.082221031
-1.147121428,-6.083144665
-1.146955369,-6.087821484
-1.146783946,-6.09054184
-1.146613715,-6.093416214
-1.14645922,-6.094949245
-1.146293996,-6.097709179
-1.146135328,-6.099080563
-1.146013735,-6.102415562
-1.145863174,-6.107274532
-1.145731805,-6.108839512
-1.145552991,-6.109241009
-1.1453737,-6.111192703
-1.145220755,-6.111088753
-1.145086287,-6.117090702
-1.144936798,-6.120148659
-1.144803403,-6.123969555
-1.144661663,-6.125513554
-1.144453762,-6.125828266
-1.144333361,-6.129126072
-1.144172667,-6.133798122
-1.144034384,-6.135202408
-1.143890975,-6.136464596
-1.14371383,-6.138081074
-1.143589852,-6.138910294
-1.143410085,-6.140786171
-1.143247007,-6.144925594
-1.143118499,-6.147282124
-1.142967938,-6.153998852
-1.142791508,-6.152591705
-1.142627595,-6.154418945
-1.1424725039999999,-6.155046463
-1.142365335,-6.157922745
-1.14220917,-6.162399769
-1.142032025,-6.165411472
-1.141874908,-6.163865566
-1.141700624,-6.16930294
-1.14158809,-6.172451496
-1.141410587,-6.172795773
-1.141271232,-6.174043655
-1.141093371,-6.178315639
-1.140962957,-6.179140091
-1.140848158,-6.180252552
-1.14066243,-6.18128109
-1.140514968,-6.187577724
-1.140358804,-6.188728809
-1.14019048,-6.191153049
-1.140014289,-6.19445467
-1.13986492,-6.197184563
-1.139745114,-6.199638844
-1.139572261,-6.201469421
-1.139441965,-6.203370571
-1.139240978,-6.207959652
-1.139100192,-6.209038734
-1.1389482,-6.209872723
-1.138784049,-6.208539963
-1.138654588,-6.212666035
-1.138492463,-6.216712475
-1.138309239,-6.220747471
-1.138145207,-6.223090649
-1.137989519,-6.224853992
-1.137893675,-6.222358227
-1.137699006,-6.224391937
-1.1375643,-6.227695465
-1.137385247,-6.228741646
-1.137230275,-6.233623028
-1.137058018,-6.23492527
-1.136930702,-6.234779358
-1.136791704,-6.237406254
-1.13662946,-6.24004364
-1.136469601,-6.243881226
-1.136300204,-6.2449193
-1.136149524,-6.247891426
-1.136007665,-6.248085976
-1.135839103,-6.246984482
-1.135713337,-6.249608994
-1.135530947,-6.251315117
-1.135382293,-6.255847454
-1.135220526,-6.261163235
-1.135036228,-6.259599209
-1.134913085,-6.263311386
-1.134730576,-6.266789913
-1.134590266,-6.267885685
-1.134435771,-6.26909399
-1.134277104,-6.273439407
-1.134091018,-6.274476051
-1.133942006,-6.275425911
-1.133804916,-6.276733875
-1.133633493,-6.280814648
-1.133450268,-6.282625675
-1.133354424,-6.286849022
-1.133145927,-6.287903786
-1.132994173,-6.288406849
-1.132856486,-6.289633751
-1.132670997,-6.290442944
-1.132548211,-6.292488098
-1.132356165,-6.292198658
-1.132232187,-6.298914909
-1.13205993,-6.297667503
-1.131889818,-6.299685478
-1.131754277,-6.303852558
-1.131612537,-6.30559063
-1.131445168,-6.306827545
-1.131276486,-6.310196877
-1.131128905,-6.309576511
-1.130952952,-6.3123703
-1.130801318,-6.314881325
-1.130608199,-6.318180084
-1.130471466,-6.319355488
-1.130317329,-6.321687698
-1.130175589,-6.323129177
-1.129984973,-6.322778225
-1.12985122,-6.321965218
-1.12971258,-6.327893257
-1.129531024,-6.329771996
-1.129363297,-6.331576347
-1.129215,-6.333242893
-1.129074691,-6.335216522
-1.128878115,-6.338331699
-1.128706334,-6.33789444
-1.12854564,-6.338961124
-1.128424523,-6.344958782
-1.128275273,-6.345015049
-1.12808132,-6.346057415
-1.127929924,-6.349287033
-1.127774714,-6.34863472
-1.127638696,-6.35140419
-1.127468465,-6.352287769
-1.127272366,-6.355054855
-1.127118228,-6.359398365
-1.126972077,-6.360467911
-1.126828669,-6.358898163
-1.126640437,-6.364642143
-1.126458524,-6.364972591
-1.126329539,-6.366775036
-1.126124142,-6.36993885
-1.125982879,-6.367918015
-1.125813125,-6.369333744
-1.125678537,-6.372067928
-1.125522969,-6.37472105
-1.125309108,-6.378001213
-1.125180839,-6.379157066
-1.12498915,-6.381719589
-1.124837397,-6.379581451
-1.124712346,-6.384662628
-1.124536989,-6.387681961
-1.124387739,-6.386234283
-1.124221442,-6.388175488
-1.124092339,-6.390198231
-1.123899458,-6.389865875
-1.123765109,-6.394927025
-1.12356591,-6.393745422
-1.123442886,-6.397086143
-1.123231052,-6.399296761
-1.123096941,-6.402160168
-1.122928022,-6.398521423
-1.122771261,-6.400684834
-1.122604368,-6.40681982
-1.122476457,-6.408574104
-1.122288344,-6.412015915
-1.122095106,-6.408815384
-1.121953724,-6.411311626
-1.121790288,-6.412072182
-1.121656416,-6.411365509
-1.12147045,-6.417919159
-1.121315358,-6.423100948
-1.121144889,-6.42026186
-1.120968936,-6.420985222
-1.120814322,-6.422837734
-1.120659946,-6.424507141
-1.120503066,-6.426446438
-1.120336888,-6.431449413
-1.120176194,-6.430065155
-1.120003579,-6.432324886
-1.119851826,-6.435069561
-1.119690655,-6.432903767
-1.119522689,-6.439360619
-1.11936128,-6.441810131
-1.119205473,-6.442455292
-1.119041322,-6.444988728
-1.118888734,-6.442134857
-1.118737338,-6.445230007
-1.118528841,-6.447539806
-1.118402479,-6.450674057
-1.118214486,-6.450536251
-1.118072508,-6.451186657
-1.11790037,-6.450049877
-1.117732642,-6.454639912
-1.117554544,-6.453773499
-1.117421029,-6.460575104
-1.117246745,-6.460197926
-1.117084263,-6.463143826
-1.116871713,-6.46173048
-1.116751073,-6.463427544
-1.116576312,-6.465433121
-1.116413234,-6.468812466
-1.116256593,-6.471427441
-1.116091011,-6.470288754
-1.115941642,-6.473632336
-1.115752218,-6.4717803
-1.115636108,-6.475821018
-1.115446327,-6.476527214
-1.115277646,-6.480043888
-1.115107415,-6.479864597
-1.114937661,-6.483328819
-1.114781259,-6.484205246
-1.114592074,-6.486515999
-1.114457486,-6.489686966
-1.114303349,-6.491429806
-1.114111779,-6.494513035
-1.113965033,-6.490640163
-1.113774775,-6.491951942
-1.113628505,-6.493498325
-1.11345136,-6.494881153
-1.113291858,-6.500926971
-1.113136886,-6.496147156
-1.11296892,-6.503776073
-1.112820504,-6.505683422
-1.112626312,-6.500681877
-1.112485645,-6.504388809
-1.112319706,-6.507675171
-1.112184761,-6.513031483
-1.111995338,-6.512170315
-1.111828921,-6.509012699
-1.111702202,-6.510617256
-1.111487029,-6.512284279
-1.111341594,-6.514956474
-1.111155031,-6.518165588
-1.111017702,-6.516196728
-1.110860108,-6.519262791
-1.110698698,-6.518616199
-1.110536931,-6.52295208
-1.110360144,-6.524320126
-1.110186098,-6.524965286
-1.110042689,-6.527079105
-1.109866021,-6.531356812
-1.109723447,-6.530056477
-1.109541414,-6.530716896
-1.109370468,-6.533253193
-1.109190581,-6.533928871
-1.1090461,-6.538080215
-1.108890174,-6.537825108
-1.108730434,-6.539698124
-1.108567951,-6.541626453
-1.108386634,-6.54318428
-1.108218072,-6.546607494
-1.108058689,-6.543671131
-1.10789573,-6.547861576
-1.107722996,-6.551424026
-1.107563375,-6.55058527
-1.107397316,-6.552393436
-1.107207654,-6.553462029
-1.107081888,-6.555748463
-1.106920241,-6.559921265
-1.106731771,-6.558310509
-1.106552003,-6.559096336
-1.106405256,-6.558218002
-1.106266974,-6.560828209
-1.106063126,-6.563706398
-1.105910419,-6.565064907
-1.105719088,-6.566707134
-1.105533717,-6.568653107
-1.105394719,-6.567747116
-1.105226157,-6.568578243
-1.105051396,-6.569048405
-1.104875801,-6.571299553
-1.104723452,-6.577404976
-1.104584334,-6.57533884
-1.104403732,-6.579218388
-1.104231356,-6.580476761
-1.104058145,-6.58031559
-1.103894947,-6.581571579
-1.103687404,-6.58178997
-1.103559731,-6.58383894
-1.103392003,-6.583551407
-1.10324168,-6.588654518
-1.10305631,-6.589673519
-1.102888344,-6.590919018
-1.102694152,-6.590631008
-1.102535842,-6.593207836
-1.102398751,-6.593804836
-1.102241395,-6.594363213
-1.102036832,-6.599222183
-1.101878164,-6.599804401
-1.101683615,-6.600403786
-1.101540564,-6.600982666
-1.101418613,-6.60053587
-1.101200221,-6.604090214
-1.10103154,-6.606504917
-1.100921391,-6.608124733
-1.100710867,-6.608763695
-1.100552319,-6.609664917
-1.100338934,-6.612576008
-1.100207208,-6.616844177
-1.100043176,-6.614756584
-1.099859593,-6.61466217
-1.099681733,-6.617737293
-1.099522827,-6.616343975
-1.099337457,-6.618353844
-1.099172829,-6.62058115
-1.099043129,-6.623019218
-1.098852275,-6.623277187
-1.098688481,-6.625968456
-1.098516939,-6.626366138
-1.098356245,-6.62628603
-1.098161457,-6.626151562
-1.098024605,-6.631863594
-1.097848056,-6.632868767
-1.097668408,-6.631971359
-1.097460268,-6.633654118
-1.097311614,-6.635059357
-1.097162841,-6.636586666
-1.09696996,-6.639378071
-1.096861122,-6.641411304
-1.096658466,-6.641695023
-1.096494434,-6.64359045
-1.096314905,-6.639709949
-1.096142409,-6.640224934
-1.095985172,-6.644989491
-1.095822929,-6.647754192
-1.095656036,-6.65065527
-1.095477222,-6.650105
-1.095321177,-6.650614262
-1.09514272,-6.650876045
-1.094982622,-6.652049541
-1.094811676,-6.653334618
-1.094645856,-6.657837391
-1.094499705,-6.659245014
-1.094313262,-6.661928654
-1.09415221,-6.663928509
-1.093986509,-6.664234161
-1.093792556,-6.66614151
-1.093680857,-6.665431023
-1.093458174,-6.666565895
-1.093296168,-6.667283535
-1.093088744,-6.66656971
-1.092933057,-6.668532848
-1.092796324,-6.66980505
-1.092612861,-6.673502922
-1.092448233,-6.674725056
-1.092279194,-6.675909042
-1.092109917,-6.674723148
-1.091896532,-6.67707777
-1.091756342,-6.67811203
-1.09156668,-6.682258129
-1.091409205,-6.682994843
-1.091223,-6.6822052
-1.091058014,-6.687413692
-1.090886353,-6.681496143
-1.090730069,-6.686892986
-1.0905530429999999,-6.687749386
-1.090392111,-6.688708305
-1.090207575,-6.689332008
-1.090062259,-6.687946796
-1.089895723,-6.691614151
-1.089738486,-6.693696022
-1.089544175,-6.693234921
-1.089370845,-6.693626404
-1.089202402,-6.695414543
-1.08902478,-6.697782993
-1.088845966,-6.698688984
-1.088657854,-6.701580524
-1.088475345,-6.701432705
-1.088334439,-6.703172207
-1.08814585,-6.703785896
-1.087979911,-6.707123756
-1.087828754,-6.709226131
-1.087653397,-6.70920229
-1.087494848,-6.708176136
-1.087314127,-6.711462021
-1.087179301,-6.714124203
-1.087005494,-6.714580536
-1.086828945,-6.712113857
-1.08664274,-6.716488361
-1.086451648,-6.717513084
-1.086311696,-6.718091011
-1.086132048,-6.71591711
-1.085984228,-6.719678879
-1.085814236,-6.721132755
-1.085619448,-6.720697403
-1.085455654,-6.720762253
-1.085285304,-6.725419044
-1.085108159,-6.728691578
-1.084959982,-6.727640152
-1.084778784,-6.72919178
-1.084622501,-6.72907114
-1.084442256,-6.733494282
-1.084288595,-6.734904289
-1.084107874,-6.734189034
-1.083909033,-6.738415241
-1.083747862,-6.739528656
-1.083571671,-6.740296841
-1.083396791,-6.738025665
-1.083259342,-6.739732265
-1.083085654,-6.743571758
-1.082896588,-6.742520809
-1.082752941,-6.745014668
-1.082568524,-6.745466232
-1.082423447,-6.746053219
-1.08224511,-6.749454021
-1.082057951,-6.748422146
-1.081911204,-6.7503438
-1.0817002039999999,-6.752183437
-1.081552265,-6.754368305
-1.081360934,-6.753201962
-1.081218718,-6.755217075
-1.08103287,-6.75848484
-1.080861567,-6.757987976
-1.080675481,-6.759934902
-1.080507038,-6.761620998
-1.080342291,-6.760126114
-1.080160139,-6.763244629
-1.080021618,-6.763776302
-1.079833148,-6.764631748
-1.079686044,-6.765796185
-1.07946205,-6.76515913
-1.079321859,-6.769024849
-1.079143761,-6.768945694
-1.078960775,-6.772513866
-1.078797815,-6.772509098
-1.078627823,-6.775006771
-1.078484295,-6.773564339
-1.078273175,-6.77539444
-1.078141687,-6.778612614
-1.077988742,-6.777286053
-1.07776439,-6.780266285
-1.077614186,-6.781934738
-1.077424644,-6.782156944
-1.077282427,-6.784555912
-1.077095268,-6.78676939
-1.076929091,-6.786180496
-1.076740859,-6.787860394
-1.076570509,-6.788639545
-1.076383827,-6.788434982
-1.076202629,-6.78966856
-1.076048492,-6.791149616
-1.07586634,-6.795220375
-1.075707076,-6.796273232
-1.075555323,-6.796670914
-1.075348733,-6.797699928
-1.075176237,-6.795424938
-1.075021861,-6.796469212
-1.07483363,-6.799473763
-1.074703453,-6.804338455
-1.074511645,-6.804598808
-1.074335096,-6.805764675
-1.074156521,-6.805448532
-1.074015377,-6.80662775
-1.07382655,-6.803986549
-1.073641179,-6.80879879
-1.073483942,-6.810287952
-1.073318122,-6.808866978
-1.07314956,-6.812949657
-1.072984455,-6.814547539
-1.072805403,-6.815986633
-1.072596667,-6.81856823
-1.072459696,-6.819300175
-1.072298287,-6.82180357
-1.072112916,-6.82177496
-1.071895478,-6.822525024
-1.071756838,-6.82258749
-1.071576117,-6.824569225
-1.07142794,-6.82393074
-1.071247337,-6.824138165
-1.071066735,-6.82676506
-1.070875047,-6.826415539
-1.070695875,-6.829894543
-1.070556877,-6.827435017
-1.070339678,-6.830321312
-1.070192454,-6.830946922
-1.070041059,-6.831229687
-1.069873689,-6.835445404
-1.069675205,-6.835768223
-1.069527982,-6.836823463
-1.069320915,-6.835756302
-1.06920707,-6.840322971
-1.069010494,-6.838323593
-1.068868754,-6.842980862
-1.068683861,-6.843365192
-1.068463085,-6.84319067
-1.068316696,-6.846185684
-1.068141816,-6.841985703
-1.067982791,-6.844623566
-1.067796467,-6.848111629
-1.067648886,-6.850606441
-1.06744623,-6.848586082
-1.067291496,-6.851809025
-1.067113875,-6.852315903
-1.066938756,-6.849651337
-1.066744207,-6.851098061
-1.066597102,-6.855595589
-1.06640446,-6.856482029
-1.066204665,-6.859314919
-1.066007612,-6.855537891
-1.065873263,-6.858428478
-1.065676449,-6.861753464
-1.065460322,-6.862389088
-1.065084694,-6.863173962
-1.064891813,-6.86235714
-1.064720748,-6.863409996
-1.064528463,-6.867229462
-1.064379452,-6.865889549
-1.064240692,-6.867536545
-1.064049719,-6.86841917
-1.063882826,-6.871455669
-1.063721774,-6.872546673
-1.063549398,-6.877752781
-1.063389538,-6.871617317
-1.063197611,-6.87594986
-1.063017963,-6.87556982
-1.0628556,-6.877799988
-1.062715052,-6.878218651
-1.062514542,-6.882247925
-1.062351106,-6.882603645
-1.062210796,-6.883653164
-1.06198263,-6.881275177
-1.061851023,-6.88781023
-1.061661122,-6.88755846
-1.061483024,-6.887046814
-1.061312316,-6.887750626
-1.061134098,-6.88936615
-1.060985921,-6.891004562
-1.06083536,-6.892113686
-1.060666679,-6.893441677
-1.06049609,-6.896853924
-1.060320137,-6.897082329
-1.060155151,-6.897925377
-1.059969423,-6.898713589
-1.059830306,-6.897300243
-1.059638737,-6.897657394
-1.059472559,-6.90128994
-1.059287427,-6.904129982
-1.059112189,-6.903006554
-1.058941482,-6.903641224
-1.058782456,-6.905361176
-1.058615683,-6.907055378
-1.05840659,-6.908406734
-1.058228849,-6.910624027
-1.058098672,-6.912246227
-1.057893036,-6.912582397
-1.057731388,-6.913836479
-1.057547329,-6.91247797
-1.057383178,-6.911261559
-1.057226418,-6.913844585
-1.057016371,-6.916218758
-1.056874273,-6.916182995
-1.056673883,-6.918029785
-1.056528447,-6.91681385
-1.0563342549999999,-6.917853832
-1.056163667,-6.919491291
-1.056035159,-6.9226017
-1.055812834,-6.922575951
-1.055644987,-6.927323818
-1.055482386,-6.927234173
-1.055314062,-6.926092148
-1.055138229,-6.926619053
-1.054981707,-6.928875923
-1.054811476,-6.931628704
-1.054624794,-6.929329872
-1.054466484,-6.933552265
-1.054255007,-6.933538914
-1.054105638,-6.934239864
-1.053931354,-6.934988022
-1.05377209,-6.937801838
-1.0535863619999999,-6.940578461
-1.053436397,-6.937701225
-1.053236125,-6.940707684
-1.053044556,-6.9383111
-1.05286896,-6.941566944
-1.052708743,-6.941886425
-1.052566765,-6.944728851
-1.052362559,-6.944608212
-1.052206514,-6.944214821
-1.052024005,-6.944728374
-1.051833866,-6.949040413
-1.051666854,-6.948810577
-1.051512716,-6.951467037
-1.051314352,-6.952484131
-1.051131962,-6.9546628
-1.05093932,-6.953297615
-1.050782083,-6.954946041
-1.050599335,-6.955379009
-1.050436972,-6.956957817
-1.05028951,-6.957467079
-1.050087092,-6.961118698
-1.049915193,-6.960424423
-1.049748061,-6.960018158
-1.049561022,-6.962804794
-1.049391626,-6.963774204
-1.049215196,-6.96168375
-1.049055575,-6.967630386
-1.048863052,-6.967300415
-1.048713325,-6.970769405
-1.048525451,-6.969059944
-1.048329352,-6.969406605
-1.048172114,-6.971355915
-1.048027275,-6.971969604
-1.047838448,-6.971874237
-1.047666429,-6.976373672
-1.047496913,-6.976971149
-1.047317026,-6.980592251
-1.047129748,-6.978391647
-1.046947239,-6.979104042
-1.046778081,-6.98048687
-1.046620129,-6.982240677
-1.046438573,-6.981810093
-1.046265123,-6.98180151
-1.046110271,-6.984930515
-1.045938609,-6.987138748
-1.045754669,-6.984802246
-1.045583246,-6.988180637
-1.045386074,-6.990391731
-1.045192597,-6.994514465
-1.045024393,-6.987959862
-1.044850824,-6.991466045
-1.044673203,-6.992650509
-1.044510363,-6.993695736
-1.044342754,-6.995326519
-1.044170735,-6.997203827
-1.043987034,-6.998963356
-1.043786882,-6.997703552
-1.043612002,-7.000519276
-1.043481229,-6.999677181
-1.04328811,-6.999559402
-1.043088077,-7.002906799
-1.042914508,-7.002594471
-1.042753337,-7.006995201
-1.04256892,-7.006604671
-1.042405246,-7.007990837
-1.042247294,-7.007334709
-1.042047976,-7.00865078
-1.041901348,-7.01342535
-1.041689871,-7.015251637
-1.04149699,-7.012466908
-1.041359423,-7.012776375
-1.041184424,-7.011887074
-1.040990112,-7.018902779
-1.040807007,-7.017595291
-1.040673016,-7.017898083
-1.040513991,-7.01725626
-1.040284751,-7.017296791
-1.040105579,-7.018309116
-1.039914725,-7.018196106
-1.039774058,-7.019257069
-1.039599536,-7.022949219
-1.039404867,-7.025228024
-1.039223192,-7.02396059
-1.039075611,-7.022075176
-1.038894771,-7.025815487
-1.038716076,-7.026978493
-1.038561223,-7.027783394
-1.038363455,-7.027523518
-1.03820443,-7.031314373
-1.038014172,-7.029451847
-1.037847398,-7.031507492
-1.037696002,-7.031718254
-1.037528513,-7.036128044
-1.037308333,-7.036881924
-1.037175058,-7.035921097
-1.036975144,-7.038032532
-1.036822079,-7.039069653
-1.0366621,-7.043167114
-1.036465405,-7.040577888
-1.036314247,-7.039422989
-1.036141275,-7.041212559
-1.035947321,-7.043052673
-1.035786388,-7.045917034
-1.035613177,-7.045901775
-1.035431979,-7.04658556
-1.035254119,-7.049081802
-1.035083888,-7.047975063
-1.03489661,-7.051965237
-1.034727214,-7.05147171
-1.0345484,-7.05389595
-1.034347413,-7.051580906
-1.034216045,-7.051906109
-1.034037111,-7.054893494
-1.03384733,-7.05674839
-1.033653496,-7.06048584
-1.033516644,-7.058516502
-1.033314345,-7.05863905
-1.033146022,-7.061006069
-1.033007858,-7.061278343
-1.03283727,-7.062236786
-1.032653568,-7.06553936
-1.032456158,-7.065165043
-1.032311557,-7.067676544
-1.032128213,-7.067054272
-1.031972645,-7.070162773
-1.031786678,-7.070816517
-1.03161001,-7.070963383
-1.031418322,-7.071990967
-1.031212447,-7.073133945
-1.031073926,-7.071997166
-1.030917404,-7.073414326
-1.030740975,-7.07490015
-1.030549167,-7.074493885
-1.030368207,-7.076553822
-1.030196903,-7.0784235
-1.0300171359999999,-7.082354546
-1.0298295,-7.07957983
-1.029639958,-7.080587387
-1.029518006,-7.082828999
-1.029315708,-7.081622124
-1.029157518,-7.087094307
-1.028998612,-7.085639
-1.028791783,-7.085869312
-1.028617857,-7.086138725
-1.028442739,-7.087373257
-1.028293608,-7.085903168
-1.028090952,-7.08754158
-1.02796304,-7.092869759
-1.027747748,-7.090898514
-1.02758312,-7.092189789
-1.027407406,-7.094152927
-1.027239559,-7.095458031
-1.027081369,-7.094221115
-1.026893733,-7.096385479
-1.026703952,-7.096890926
-1.026544569,-7.09939003
-1.026406525,-7.10049057
-1.026192663,-7.098455429
-1.026037214,-7.101456165
-1.025861261,-7.103705883
-1.025686739,-7.104317665
-1.02550566,-7.107357502
-1.025331495,-7.109157085
-1.025122283,-7.10536623
-1.024957893,-7.106482029
-1.024765847,-7.105142117
-1.024629591,-7.109374523
-1.024483798,-7.111667633
-1.024283527,-7.112919331
-1.024097679,-7.113996983
-1.023914931,-7.116100788
-1.023743508,-7.114193916
-1.023553608,-7.116422176
-1.023393391,-7.116971016
-1.023200391,-7.1178689
-1.023040174,-7.120921135
-1.022869347,-7.124213696
-1.022677777,-7.120312214
-1.022510527,-7.123240471
-1.02236831,-7.124714851
-1.022156833,-7.126165867
-1.022019027,-7.126308441
-1.021834729,-7.130054474
-1.02161896,-7.132133961
-1.021456359,-7.132495403
-1.021296976,-7.12959671
-1.021098612,-7.13019371
-1.02096474,-7.133324623
-1.020771978,-7.132700443
-1.02058184,-7.133362293
-1.020414351,-7.135741234
-1.020235298,-7.139120102
-1.020114062,-7.137480259
-1.019917844,-7.138372898
-1.01973307,-7.13888073
-1.019556282,-7.140395164
-1.01938021,-7.140088081
-1.019201635,-7.141536713
-1.0190289,-7.143588066
-1.018880723,-7.14113903
-1.018692611,-7.144668579
-1.018524407,-7.14401865
-1.018325565,-7.145953655
-1.018191693,-7.146845341
-1.018018244,-7.146687984
-1.017817495,-7.147222996
-1.0176398739999999,-7.149058342
-1.017417787,-7.149698257
-1.017288206,-7.152048588
-1.017125843,-7.155126572
-1.016923545,-7.155022621
-1.016768931,-7.15525341
-1.016591428,-7.155436039
-1.016395448,-7.158195972
-1.016235469,-7.159311295
-1.016064046,-7.158116341
-1.015883086,-7.161960125
-1.015696762,-7.164500237
-1.015530823,-7.163829327
-1.015324114,-7.162034988
-1.015183447,-7.166453362
-1.014987228,-7.165356636
-1.014819859,-7.165915012
-1.014629362,-7.167853355
-1.014433382,-7.170857906
-1.014256833,-7.169127941
-1.014055727,-7.170844555
-1.013879536,-7.171245098
-1.013671277,-7.173144341
-1.013459561,-7.171256065
-1.013317583,-7.174111843
-1.013148664,-7.174928665
-1.01297879,-7.174806118
-1.012795566,-7.176548481
-1.012646554,-7.177753448
-1.012432693,-7.180342674
-1.012278197,-7.181749821
-1.01209235,-7.183356285
-1.011910556,-7.184971333
-1.011719583,-7.183542252
-1.011561154,-7.18422699
-1.011402724,-7.184995174
-1.011234758,-7.185834885
-1.011083243,-7.187264919
-1.010891197,-7.188695908
-1.010695694,-7.1867342
-1.010544417,-7.187778473
-1.010356901,-7.191223145
-1.01019585,-7.189946651
-1.010000942,-7.191361904
-1.00982797,-7.190939426
-1.00966811,-7.194921017
-1.009507654,-7.197523117
-1.009326456,-7.196386814
-1.00914192,-7.195693016
-1.008982418,-7.196476936
-1.008774279,-7.200289249
-1.008650778,-7.200047493
-1.008455871,-7.199454784
-1.008248089,-7.201535225
-1.008123992,-7.20149231
-1.00794792,-7.202857494
-1.007759808,-7.203873158
-1.007583497,-7.207015991
-1.007429717,-7.208889961
-1.007241366,-7.208866596
-1.007081864,-7.207573891
-1.006893991,-7.21113348
-1.00671625,-7.210263729
-1.006540535,-7.210367203
-1.006362198,-7.21242857
-1.006187318,-7.215293407
-1.006003497,-7.216398716
-1.005847333,-7.215954304
-1.005661009,-7.217420578
-1.005507229,-7.218209267
-1.00531709,-7.220460892
-1.005105255,-7.221834183
-1.004945038,-7.219877243
-1.004755018,-7.221320152
-1.004587291,-7.223083496
-1.004457591,-7.22379446
-1.004246472,-7.224315643
-1.00409746,-7.226805687
-1.003908275,-7.230805874
-1.003722308,-7.227324009
-1.00355017,-7.225767136
-1.003385661,-7.228873253
-1.003217218,-7.22994709
-1.003032563,-7.231524467
-1.002853988,-7.231507778
-1.002698539,-7.232172489
-1.002529023,-7.232924461
-1.002326964,-7.236194611
-1.002151607,-7.237290859
-1.002007721,-7.237891674
-1.001797078,-7.243310928
-1.001635311,-7.238687515
-1.001428006,-7.240484715
-1.001253126,-7.242859364
-1.001096366,-7.241457462
-1.000918148,-7.239530087
-1.000755308,-7.24696207
-1.000571011,-7.246836662
-1.000400899,-7.247495174
-1.000210283,-7.247196674
-1.000019489,-7.250416279
-0.999849258,-7.249496937
-0.999684272,-7.250210762
-0.999497889,-7.249541759
-0.999322472,-7.25339365
-0.99916297,-7.255609512
-0.998954473,-7.253921986
-0.998785732,-7.256879807
-0.998627303,-7.256650925
-0.998457013,-7.255667686
-0.998259721,-7.258165836
-0.99812418,-7.262322903
-0.997880338,-7.261352062
-0.997756777,-7.260615349
-0.997547625,-7.260883808
-0.997406302,-7.261512756
-0.997217832,-7.261024475
-0.997008262,-7.265590668
-0.996857999,-7.267968178
-0.996652125,-7.267607689
-0.996468602,-7.267588139
-0.996310292,-7.2674613
-0.996150373,-7.268744946
-0.995979546,-7.271824837
-0.995784877,-7.273414135
-0.995609639,-7.273421288
-0.995433925,-7.275921345
-0.995245813,-7.272807121
-0.995073674,-7.2762537
-0.994915722,-7.274541378
-0.994746683,-7.275859833
-0.994535385,-7.27969265
-0.994396029,-7.283054352
-0.994169531,-7.280812263
-0.99401146,-7.278422356
-0.993855117,-7.28157711
-0.99367982,-7.280283928
-0.993492721,-7.285291195
-0.993301211,-7.286176682
-0.993143676,-7.28580761
-0.992935894,-7.289140224
-0.992777346,-7.286096573
-0.992599366,-7.289001465
-0.992411314,-7.29088068
-0.992276428,-7.293393612
-0.992085336,-7.294626713
-0.991924642,-7.292392731
-0.991715489,-7.291551113
-0.991556523,-7.292137623
-0.991372882,-7.295441151
-0.991214512,-7.296386242
-0.990983902,-7.299741745
-0.990818856,-7.301244736
-0.990645943,-7.297980785
-0.990472196,-7.302103043
-0.990310786,-7.298516273
-0.990132628,-7.303992748
-0.989951907,-7.304715157
-0.989801882,-7.307418823
-0.989601551,-7.306406498
-0.989414094,-7.309325695
-0.98924285,-7.306792736
-0.989092348,-7.307992935
-0.988907633,-7.310721874
-0.988726912,-7.311698437
-0.988542853,-7.312504292
-0.98833978,-7.311868668
-0.988196908,-7.312123775
-0.988013564,-7.313930035
-0.987836955,-7.314780235
-0.987653611,-7.316461086
-0.9874472,-7.317274094
-0.987303017,-7.319672108
-0.987095235,-7.317810535
-0.986935495,-7.321583271
-0.98675072,-7.319704533
-0.986570237,-7.321035385
-0.986389993,-7.325046539
-0.986233709,-7.324588776
-0.986043869,-7.325510025
-0.985860108,-7.324127674
-0.985695062,-7.326058388
-0.985527514,-7.32565546
-0.985354899,-7.328657627
-0.985171912,-7.33041048
-0.984996734,-7.330140591
-0.984833119,-7.334432602
-0.984621225,-7.330935001
-0.984440444,-7.330952168
-0.984295247,-7.332278252
-0.98409128,-7.334786892
-0.983916996,-7.339044571
-0.983772991,-7.336873055
-0.983569024,-7.337036133
-0.983404575,-7.33908844
-0.983240364,-7.339267254
-0.983023522,-7.339698792
-0.982867239,-7.340984344
-0.982704459,-7.342042446
-0.982506393,-7.342203617
-0.982324122,-7.344296932
-0.982156275,-7.343814373
-0.981956242,-7.344254017
-0.981799422,-7.345721722
-0.981636761,-7.350397587
-0.981418727,-7.350493908
-0.981261132,-7.352496147
-0.981068013,-7.348978043
-0.980880139,-7.352422714
-0.980718134,-7.352344513
-0.980520485,-7.355100632
-0.980347512,-7.355180264
-0.980174659,-7.357488632
-0.979973434,-7.357987881
-0.979823468,-7.359629631
-0.9796127059999999,-7.356717587
-0.979462264,-7.35934639
-0.979298292,-7.362001896
-0.979108689,-7.363872051
-0.978960393,-7.364870071
-0.978738604,-7.364032269
-0.978584467,-7.364520073
-0.978379009,-7.364760399
-0.978216229,-7.367371082
-0.978055416,-7.368264198
-0.977868496,-7.372037888
-0.977697132,-7.370056629
-0.977529226,-7.369670391
-0.977317868,-7.372407913
-0.977143107,-7.373637199
-0.976970194,-7.373769283
-0.976775942,-7.374673843
-0.976603327,-7.380917549
-0.976392327,-7.376310349
-0.976200758,-7.378311634
-0.976086495,-7.378751278
-0.975873409,-7.375873566
-0.97570288,-7.381092072
-0.975523768,-7.381652832
-0.975348054,-7.382290363
-0.975183366,-7.383108616
-0.975004671,-7.384463787
-0.974822519,-7.384310722
-0.974636732,-7.385715008
-0.974472521,-7.387440681
-0.974280832,-7.389811993
-0.974087117,-7.389335632
-0.973955272,-7.391571045
-0.973749338,-7.387949944
-0.973557113,-7.390899181
-0.973371564,-7.394073009
-0.973200975,-7.393636703
-0.973019777,-7.397872448
-0.972818134,-7.4001894
-0.972693441,-7.397568703
-0.972478209,-7.400660038
-0.972307263,-7.396795273
-0.97214341,-7.397794724
-0.971966026,-7.399657726
-0.971785424,-7.400911331
-0.971628187,-7.402089596
-0.971423207,-7.405007839
-0.971245287,-7.40248251
-0.971072851,-7.401533127
-0.9709056,-7.406973362
-0.970719097,-7.406481266
-0.970559595,-7.406686306
-0.97038698,-7.409518719
-0.970188854,-7.410808563
-0.970019637,-7.408240318
-0.969846783,-7.410643578
-0.969678162,-7.41087532
-0.96952915,-7.413613319
-0.969338952,-7.414665699
-0.969137965,-7.418524265
-0.968946634,-7.418515682
-0.968793927,-7.417719841
-0.968605219,-7.417454243
-0.968398986,-7.418275356
-0.968275009,-7.420244694
-0.968066273,-7.424271107
-0.967882453,-7.423858166
-0.967682539,-7.42564106
-0.967523573,-7.424581528
-0.967336534,-7.425540447
-0.967203794,-7.422422886
-0.966983615,-7.423864365
-0.966807006,-7.429952621
-0.966625212,-7.430740356
-0.966458915,-7.427113533
-0.966255782,-7.428236008
-0.966108082,-7.427435875
-0.965934215,-7.434525013
-0.965746282,-7.430633545
-0.965565501,-7.43641758
-0.965359448,-7.44104147
-0.965224801,-7.437617302
-0.965036033,-7.437924385
-0.964881001,-7.436805248
-0.964649735,-7.440714836
-0.964493929,-7.439887047
-0.964311956,-7.440640926
-0.964152394,-7.441111088
-0.963950155,-7.444697857
-0.963772534,-7.443473816
-0.963594196,-7.4447999
-0.963421462,-7.444671154
-0.963248549,-7.446156025
-0.963068841,-7.447310448
-0.962899445,-7.448075294
-0.962713299,-7.446463108
-0.9625203,-7.448881626
-0.962364314,-7.449934483
-0.962173639,-7.451290131
-0.961989163,-7.455858231
-0.961814104,-7.45650816
-0.961622594,-7.457629681
-0.961469708,-7.454649925
-0.961271284,-7.455391884
-0.961097358,-7.457062721
-0.960943518,-7.456690311
-0.960762797,-7.460371017
-0.960588573,-7.463470936
-0.960399328,-7.461930275
-0.960214375,-7.462445259
-0.960024832,-7.461643696
-0.959870933,-7.466223717
-0.95968145,-7.464317799
-0.959505377,-7.468334198
-0.959291814,-7.472548485
-0.959132193,-7.469163895
-0.958946405,-7.470453739
-0.958747862,-7.468795776
-0.958575247,-7.471494198
-0.958410738,-7.469592571
-0.958239196,-7.471358299
-0.958053706,-7.47569418
-0.957874415,-7.477317333
-0.957685409,-7.476176739
-0.957516132,-7.477567673
-0.957331596,-7.476764202
-0.95718169,-7.477949619
-0.956981776,-7.481645584
-0.956798254,-7.480540752
-0.956620513,-7.48220396
-0.956426082,-7.482869148
-0.956280528,-7.481328964
-0.956077037,-7.481940269
-0.955939053,-7.485054016
-0.955739258,-7.486663342
-0.955546914,-7.487686157
-0.955366908,-7.490287304
-0.955172001,-7.491229534
-0.955005227,-7.489373684
-0.954819737,-7.491474152
-0.954640267,-7.490715981
-0.954475878,-7.492391586
-0.954265652,-7.498211384
-0.954112707,-7.494906902
-0.953926681,-7.496865273
-0.95375347,-7.494334221
-0.953559576,-7.49575901
-0.953391669,-7.49757719
-0.95323622,-7.502946377
-0.953041134,-7.501900673
-0.952835618,-7.50339365
-0.952668248,-7.499676228
-0.95248699,-7.503363609
-0.952336071,-7.50283432
-0.952154813,-7.505546093
-0.95198202,-7.505405903
-0.951807795,-7.505598545
-0.951633034,-7.506286144
-0.951443194,-7.511609554
-0.951256929,-7.507443428
-0.951073943,-7.513771057
-0.950887857,-7.512851715
-0.950730024,-7.515491009
-0.950553713,-7.513702393
-0.950378714,-7.515913486
-0.950196324,-7.516381741
-0.950007198,-7.517196655
-0.949835537,-7.519247532
-0.949604986,-7.518452168
-0.949462472,-7.520113945
-0.949286996,-7.519115925
-0.94911301,-7.519657612
-0.948964713,-7.5197258
-0.948772607,-7.522757053
-0.94855821,-7.526832581
-0.948371945,-7.526049137
-0.948211191,-7.526517868
-0.94803196,-7.52387619
-0.947817026,-7.527193069
-0.947674332,-7.527021408
-0.947488723,-7.532131672
-0.947319089,-7.533446312
-0.947154759,-7.531202793
-0.946966825,-7.53091526
-0.946780382,-7.531469345
-0.946608482,-7.536708832
-0.946439443,-7.538052559
-0.946235834,-7.537840843
-0.946071325,-7.538297653
-0.945897637,-7.535937786
-0.9457231739999999,-7.53559351
-0.945565937,-7.537615776
-0.945353089,-7.539456367
-0.945167122,-7.542205811
-0.945014237,-7.545372963
-0.944795786,-7.541334629
-0.944668589,-7.543275356
-0.944470404,-7.541389942
-0.944317399,-7.545553207
-0.944115041,-7.547486782
-0.943909584,-7.547757626
-0.943768261,-7.54935503
-0.943550227,-7.548173428
-0.943391023,-7.551669598
-0.94318491,-7.550909519
-0.9430297,-7.552672386
-0.942825673,-7.551679134
-0.9426859,-7.556494236
-0.942493198,-7.55567646
-0.942294477,-7.55720377
-0.942108391,-7.556723595
-0.941952525,-7.557524681
-0.941755829,-7.559191227
-0.941566048,-7.561223984
-0.941394923,-7.560116291
-0.941213964,-7.563480854
-0.941032825,-7.561863422
-0.940863786,-7.560327053
-0.940681992,-7.56436491
-0.940498648,-7.564432621
-0.940323291,-7.566806316
-0.940169213,-7.567430496
-0.939945279,-7.570405006
-0.939800916,-7.571094036
-0.939591585,-7.57008028
-0.939427195,-7.573609352
-0.939245222,-7.572194576
-0.939047573,-7.574956417
-0.938881395,-7.572907448
-0.938700495,-7.573603153
-0.938534556,-7.574356556
-0.938363848,-7.576571465
-0.938174186,-7.577617168
-0.937997459,-7.580058098
-0.937809704,-7.581766605
-0.937586365,-7.582578659
-0.937428771,-7.58198595
-0.937253652,-7.583365917
-0.937087236,-7.583974838
-0.936893759,-7.584647179
-0.936698435,-7.584166527
-0.936551092,-7.587429047
-0.936358688,-7.589190006
-0.936162291,-7.588696957
-0.935977398,-7.592443943
-0.935812173,-7.587166309
-0.935667453,-7.590241909
-0.935451029,-7.59194088
-0.935295997,-7.593839645
-0.935124455,-7.590480328
-0.934932349,-7.594534874
-0.93472719,-7.593306065
-0.934572337,-7.595837593
-0.934383093,-7.600470543
-0.934209047,-7.601537704
-0.934035955,-7.598675251
-0.93384379,-7.600236893
-0.933691857,-7.599553585
-0.933476983,-7.603169918
-0.933278916,-7.603403568
-0.933105527,-7.606274605
-0.932919262,-7.606251717
-0.932717977,-7.605855942
-0.932561515,-7.605421066
-0.932407377,-7.608787537
-0.93221849,-7.608306885
-0.932052491,-7.611590862
-0.931853054,-7.613162518
-0.931682168,-7.61523819
-0.931507884,-7.614974022
-0.931292055,-7.614718437
-0.931123136,-7.614423752
-0.930959282,-7.615797043
-0.930764912,-7.617274284
-0.930569766,-7.617781162
-0.930385826,-7.619092464
-0.930202065,-7.616825581
-0.930041311,-7.619736671
-0.929865597,-7.620477676
-0.929648219,-7.623553753
-0.929514824,-7.626093864
-0.929307876,-7.624693394
-0.929157732,-7.62416172
-0.928950427,-7.624905109
-0.928796647,-7.627099037
-0.928611873,-7.627394676
-0.928429781,-7.627813339
-0.928223012,-7.629020691
-0.928048668,-7.628889084
-0.927843629,-7.631141663
-0.927642582,-7.629527092
-0.927513359,-7.628545761
-0.927333294,-7.633624077
-0.92715591,-7.636704922
-0.926958142,-7.63725853
-0.92677146,-7.634068489
-0.926599203,-7.635534763
-0.926436065,-7.63751173
-0.926213739,-7.63929081
-0.926066337,-7.641420841
-0.925878583,-7.644632339
-0.925691543,-7.643137932
-0.925478457,-7.642223358
-0.925309537,-7.642463684
-0.925127922,-7.644818306
-0.924954174,-7.645427704
-0.924760042,-7.648346424
-0.924615501,-7.644962788
-0.924378989,-7.649660587
-0.924251495,-7.65012598
-0.92405933,-7.649833679
-0.923866866,-7.650538445
-0.923669277,-7.653355122
-0.923509775,-7.654060841
-0.923297284,-7.655735016
-0.923151908,-7.655469418
-0.922949193,-7.653656006
-0.922794936,-7.657465935
-0.922610877,-7.656959534
-0.922443567,-7.660015583
-0.922234593,-7.661656857
-0.922054885,-7.660679817
-0.921869574,-7.661744118
-0.921697734,-7.661949635
-0.921501754,-7.665482044
-0.92129874,-7.663237572
-0.921133338,-7.666578293
-0.92097926,-7.667183876
-0.920789478,-7.669352055
-0.920566915,-7.666011333
-0.920393108,-7.670906544
-0.920241712,-7.671778202
-0.920040606,-7.672798157
-0.919851003,-7.67332983
-0.919667898,-7.672746658
-0.919491885,-7.672466755
-0.919325529,-7.674603939
-0.919126568,-7.677269936
-0.918967245,-7.678882599
-0.91877359,-7.680240631
-0.918597875,-7.676867008
-0.91844481,-7.682262421
-0.918254314,-7.682302952
-0.918052195,-7.683940887
-0.917869804,-7.683757782
-0.917700229,-7.68474865
-0.917516111,-7.686387062
-0.917334257,-7.687465668
-0.917158363,-7.68620348
-0.916985689,-7.685848236
-0.916779814,-7.68809557
-0.916607199,-7.691336632
-0.91640514,-7.691112041
-0.916240333,-7.693180561
-0.916064201,-7.692980289
-0.915901242,-7.691234589
-0.915692447,-7.69402647
-0.915507434,-7.697804451
-0.915328084,-7.698943138
-0.915122507,-7.697099686
-0.914941369,-7.696460247
-0.914758621,-7.698829174
-0.914599953,-7.701642036
-0.914447961,-7.700731277
-0.914214669,-7.703388214
-0.914077995,-7.704623699
-0.913886843,-7.702234268
-0.913681625,-7.702526569
-0.913525222,-7.703464508
-0.913382409,-7.70306921
-0.913149832,-7.705440521
-0.912993727,-7.710494518
-0.912796674,-7.710068703
-0.912617562,-7.710000515
-0.912430761,-7.710279942
-0.91223198,-7.709994793
-0.912076293,-7.714971066
-0.911905406,-7.713357925
-0.911698101,-7.714029789
-0.91151285,-7.715913296
-0.911326168,-7.712812901
-0.911167441,-7.71515131
-0.910984574,-7.716640472
-0.910829006,-7.714930534
-0.910646794,-7.721330166
-0.910432098,-7.7190485
-0.910254238,-7.719310284
-0.910100101,-7.72362709
-0.909909664,-7.720907688
-0.909744499,-7.724228382
-0.909534214,-7.726421356
-0.909376739,-7.725893974
-0.909192143,-7.72567749
-0.909007428,-7.726904392
-0.908817349,-7.728412628
-0.908645926,-7.728424072
-0.908438204,-7.731117725
-0.908284126,-7.733203888
-0.908082841,-7.734245777
-0.907864092,-7.73490572
-0.907739935,-7.735766411
-0.907526491,-7.734369755
-0.907348571,-7.737217426
-0.907177744,-7.738045692
-0.907008646,-7.739888191
-0.906818686,-7.741660118
-0.906639217,-7.742754936
-0.906440793,-7.743824959
-0.90627378,-7.744928837
-0.906095384,-7.742946148
-0.905894278,-7.744445801
-0.905714391,-7.746434212
-0.905544696,-7.744769573
-0.905350981,-7.746853352
-0.905189453,-7.74885416
-0.905006109,-7.750007629
-0.904822884,-7.750977516
-0.904627798,-7.749723434
-0.904448925,-7.750963211
-0.904268799,-7.753375053
-0.90410131,-7.755141735
-0.903929828,-7.754590511
-0.903745351,-7.755319595
-0.903562246,-7.755522251
-0.903360186,-7.757277966
-0.903193472,-7.756257057
-0.903033195,-7.756337166
-0.902810035,-7.760275841
-0.902648805,-7.762298107
-0.90246564,-7.762369633
-0.902267395,-7.763385773
-0.902104018,-7.764194012
-0.901917515,-7.762720108
-0.901725469,-7.762208939
-0.901568649,-7.766767025
-0.901352583,-7.770798206
-0.90115398,-7.769116879
-0.900994478,-7.769011974
-0.900833068,-7.7681036
-0.900651215,-7.768925667
-0.900451003,-7.7695961
-0.900299428,-7.774166584
-0.900110839,-7.774432659
-0.899897574,-7.774291515
-0.899746416,-7.776711941
-0.899571,-7.774462223
-0.899380622,-7.77633667
-0.899185954,-7.778500557
-0.898998616,-7.78055954
-0.898848532,-7.780020714
-0.898671446,-7.776934147
-0.89850801,-7.781328678
-0.8983317,-7.784461975
-0.898154793,-7.785004616
-0.897973714,-7.785776138
-0.897797285,-7.787148476
-0.897571383,-7.787537098
-0.897381483,-7.787050247
-0.897225795,-7.789992332
-0.89702755,-7.788776875
-0.896861134,-7.792263508
-0.896669982,-7.79075861
-0.89650148,-7.792088032
-0.896313487,-7.791245937
-0.896132348,-7.793432236
-0.895949064,-7.797157764
-0.895794986,-7.795779705
-0.8955788,-7.798127174
-0.895402728,-7.798920155
-0.895243464,-7.796003819
-0.895050107,-7.79718256
-0.894867538,-7.800413609
-0.894676266,-7.801305771
-0.894486187,-7.802041054
-0.8943547589999999,-7.805737019
-0.894167421,-7.804306984
-0.893985389,-7.804323673
-0.893794654,-7.809772015
-0.893622754,-7.809034348
-0.893428085,-7.809641361
-0.893218754,-7.811573982
-0.893028555,-7.810184002
-0.892856417,-7.809964657
-0.892688213,-7.810901642
-0.892508028,-7.812763214
-0.892316042,-7.814717293
-0.892172454,-7.814553261
-0.891957818,-7.816331863
-0.891766606,-7.817009449
-0.891617237,-7.817207336
-0.891424595,-7.81748724
-0.891244231,-7.821016312
-0.891043304,-7.823015213
-0.890879212,-7.824013233
-0.890687821,-7.824092865
-0.890533445,-7.822371006
-0.890349386,-7.823933601
-0.890161691,-7.825150013
-0.889994739,-7.826931953
-0.889802037,-7.826349258
-0.889613329,-7.830113411
-0.889455793,-7.827756405
-0.889262794,-7.829293728
-0.889089046,-7.8317523
-0.888903437,-7.832345486
-0.88870257,-7.833969593
-0.888500689,-7.832864285
-0.888324199,-7.83706522
-0.888168452,-7.834406376
-0.887952684,-7.833720207
-0.887802957,-7.837427139
-0.887605188,-7.837379932
-0.887435256,-7.84015274
-0.887232957,-7.841820717
-0.887066005,-7.842573643
-0.886897979,-7.840568542
-0.886710642,-7.841782093
-0.886525808,-7.847225666
-0.886325417,-7.845724583
-0.886163889,-7.844853878
-0.885983346,-7.844549179
-0.885811983,-7.847453117
-0.885616718,-7.848722458
-0.885453103,-7.85020256
-0.885228155,-7.851253986
-0.885065554,-7.854441643
-0.884887753,-7.854610443
-0.884713588,-7.851229668
-0.884539006,-7.852939606
-0.884343026,-7.852943897
-0.884188948,-7.852708817
-0.883992849,-7.858097076
-0.883822737,-7.854698181
-0.883617161,-7.860096931
-0.883449612,-7.859674454
-0.883271275,-7.858780861
-0.883087693,-7.859932423
-0.882905899,-7.861722469
-0.882713674,-7.863440514
-0.882535694,-7.864557743
-0.882369576,-7.862456322
-0.882176576,-7.864740849
-0.881981729,-7.866484165
-0.881812392,-7.867059231
-0.881639956,-7.867518902
-0.881475626,-7.871303558
-0.881290315,-7.872570038
-0.881095527,-7.87084341
-0.880910037,-7.87065506
-0.880748687,-7.873094082
-0.880562125,-7.873430252
-0.880357919,-7.876088619
-0.880188881,-7.877264977
-0.880022822,-7.878408909
-0.879814325,-7.879018307
-0.879637001,-7.880815506
-0.879483758,-7.879263878
-0.879265724,-7.880141735
-0.879095493,-7.880145073
-0.878930507,-7.885483265
-0.878724156,-7.883942604
-0.878538666,-7.886943817
-0.878348289,-7.882424355
-0.878181873,-7.887077808
-0.878006814,-7.886410236
-0.877811132,-7.888751984
-0.877630172,-7.88920784
-0.87745714,-7.889418125
-0.877256153,-7.890494347
-0.877083538,-7.890463352
-0.876904963,-7.892512798
-0.8767263279999999,-7.890539169
-0.876541315,-7.896120071
-0.876342474,-7.89837122
-0.876162587,-7.898145199
-0.875988839,-7.898733616
-0.875830291,-7.900011063
-0.875630556,-7.899961948
-0.875468371,-7.898639679
-0.875308631,-7.901634693
-0.875128208,-7.906404018
-0.874920009,-7.905678272
-0.874747334,-7.905651093
-0.874584196,-7.904117584
-0.874408005,-7.905526161
-0.874212144,-7.903917313
-0.874041854,-7.907739162
-0.873860179,-7.91169405
-0.873664258,-7.913398266
-0.873479543,-7.911519527
-0.873298762,-7.914265633
-0.873110591,-7.912805557
-0.872918962,-7.914291382
-0.872748016,-7.914840221
-0.872597752,-7.915214062
-0.872366665,-7.917407036
-0.872179983,-7.919939041
-0.872021196,-7.917778492
-0.871837793,-7.918847561
-0.871672092,-7.920475006
-0.871472476,-7.923433781
-0.871299503,-7.926092148
-0.871112702,-7.924686432
-0.870917497,-7.924962044
-0.870750008,-7.926133633
-0.870569108,-7.92797327
-0.870396314,-7.927709579
-0.870214162,-7.931789398
-0.870036302,-7.928772926
-0.869825719,-7.929594994
-0.869662402,-7.930142879
-0.869506834,-7.932564735
-0.869294642,-7.932918549
-0.869120417,-7.934709072
-0.868932722,-7.93608284
-0.868752835,-7.936067104
-0.868569193,-7.934929371
-0.868413268,-7.93750906
-0.868203936,-7.938309669
-0.868030964,-7.939286232
-0.867860256,-7.941139221
-0.867685018,-7.941292286
-0.867498813,-7.943705082
-0.867313681,-7.941987514
-0.867147146,-7.946074963
-0.866982518,-7.944535255
-0.86680436,-7.945301056
-0.866617678,-7.949388981
-0.866420863,-7.951746941
-0.866279481,-7.950680733
-0.866037307,-7.952014446
-0.865901886,-7.951218605
-0.865694044,-7.950883865
-0.865527866,-7.950495243
-0.865328131,-7.955759048
-0.865169166,-7.957194805
-0.864981649,-7.957684517
-0.864764093,-7.959259987
-0.864582179,-7.956551075
-0.864410935,-7.956027508
-0.864263592,-7.957147121
-0.864070354,-7.957922935
-0.863885341,-7.960883617
-0.863724707,-7.959995747
-0.863494454,-7.96000433
-0.86333829,-7.964651108
-0.8631649,-7.965466499
-0.862994013,-7.966517448
-0.862814484,-7.965797424
-0.862651525,-7.967006207
-0.862435041,-7.968677521
-0.862255035,-7.969655514
-0.862073002,-7.97092247
-0.861870943,-7.970744133
-0.861725805,-7.973624229
-0.861507831,-7.97485733
-0.861317335,-7.973749638
-0.861160098,-7.973897934
-0.860992251,-7.976721287
-0.860808728,-7.976747036
-0.860647379,-7.975602627
-0.860472141,-7.979609966
-0.860297678,-7.979717255
-0.860130785,-7.978781223
-0.85995066,-7.97958231
-0.859743295,-7.981207371
-0.859580098,-7.982357502
-0.859378038,-7.98238802
-0.859184442,-7.983923435
-0.859056233,-7.986999035
-0.858863233,-7.984597206
-0.858659921,-7.98627615
-0.858479796,-7.986722946
-0.858287511,-7.988062382
-0.858121691,-7.990724564
-0.857951937,-7.995414734
-0.857768117,-7.995273113
-0.85757017,-7.99607563
-0.8573817,-7.993867397
-0.857265828,-7.992144585
-0.857044695,-7.994839668
-0.856865702,-7.996377945
-0.85669875,-7.999125481
-0.856492637,-8.003160477
-0.856314717,-8.000861168
-0.856161473,-8.000082016
-0.85593879,-8.003221512
-0.855794547,-8.003093719
-0.855608283,-8.002762794
-0.855443774,-8.004322052
-0.855266569,-8.00583744
-0.85506445,-8.008854866
-0.854870556,-8.005723
-0.854679106,-8.010201454
-0.854521034,-8.008780479
-0.854335425,-8.014007568
-0.854162334,-8.012183189
-0.853994547,-8.01425457
-0.853807388,-8.013134956
-0.853632329,-8.016601563
-0.853431581,-8.014965057
-0.853226958,-8.016736984
-0.853064178,-8.018271446
-0.852869509,-8.019570351
-0.852707325,-8.018483162
-0.852527855,-8.017997742
-0.852379082,-8.017978668
-0.852180241,-8.022294044
-0.851995466,-8.022423744
-0.851798175,-8.024581909
-0.851642607,-8.026145935
-0.851423202,-8.025680542
-0.851252912,-8.027960777
-0.851111231,-8.027095795
-0.850892244,-8.029358864
-0.85071641,-8.030457497
-0.85054451,-8.029994965
-0.850337086,-8.0321064
-0.850210069,-8.030202866
-0.849987565,-8.031368256
-0.849843977,-8.033541679
-0.849671541,-8.037034035
-0.8494886739999999,-8.037410736
-0.849288998,-8.03527832
-0.849096356,-8.039698601
-0.848909317,-8.036755562
-0.848747848,-8.036594391
-0.848572789,-8.037779808
-0.848353682,-8.040844917
-0.848196266,-8.041968346
-0.848029969,-8.044855118
-0.847850917,-8.046332359
-0.847674308,-8.046250343
-0.847473262,-8.045905113
-0.847282408,-8.044512749
-0.847110687,-8.048848152
-0.84690523,-8.048153877
-0.8467476349999999,-8.050679207
-0.846538184,-8.051278114
-0.846426545,-8.051898003
-0.846210538,-8.051104546
-0.846052824,-8.054286003
-0.845848082,-8.053114891
-0.845689951,-8.057681084
-0.845509885,-8.057739258
-0.845307348,-8.056856155
-0.845140873,-8.059047699
-0.8449679,-8.058690071
-0.844763158,-8.059412956
-0.844615338,-8.060417175
-0.844410358,-8.059838295
-0.844232379,-8.061333656
-0.844046352,-8.063595772
-0.843895493,-8.063387871
-0.843683181,-8.067205429
-0.843534229,-8.06712532
-0.843333719,-8.070205688
-0.84314364,-8.068058014
-0.842982171,-8.071178436
-0.842804251,-8.070472717
-0.842587588,-8.071430206
-0.842442511,-8.070346832
-0.842256961,-8.074899673
-0.84207028,-8.076067924
-0.841863928,-8.07583046
-0.841701506,-8.073365211
-0.841535864,-8.075853348
-0.841367303,-8.07571888
-0.84114152,-8.075098991
-0.841000913,-8.077050209
-0.840817569,-8.081814766
-0.840600906,-8.081291199
-0.84044653,-8.082421303
-0.840272425,-8.08176136
-0.840089021,-8.083527565
-0.839887498,-8.086055756
-0.839726208,-8.086363792
-0.839535056,-8.085255623
-0.839357613,-8.08699894
-0.839181183,-8.089818001
-0.839013277,-8.089911461
-0.838813422,-8.089191437
-0.838654338,-8.092291832
-0.838463841,-8.092908859
-0.838287769,-8.096221924
-0.838104961,-8.093550682
-0.837917445,-8.094914436
-0.837722478,-8.094502449
-0.837556718,-8.094719887
-0.83739215,-8.09527874
-0.837205289,-8.09882164
-0.837040721,-8.100306511
-0.836837469,-8.100747108
-0.836672125,-8.102483749
-0.836462734,-8.10263443
-0.836318253,-8.103274345
-0.836119948,-8.102180481
-0.835937856,-8.102334023
-0.8357473,-8.104104996
-0.835580645,-8.109181404
-0.835390924,-8.10922718
-0.835200666,-8.109769821
-0.835037468,-8.108979225
-0.834885476,-8.112030029
-0.834693311,-8.111980438
-0.83449751,-8.112874031
-0.834329126,-8.116409302
-0.834152876,-8.116566658
-0.83395916,-8.116066933
-0.833777187,-8.113595009
-0.833605764,-8.115719795
-0.833464323,-8.117147446
-0.833255408,-8.121149063
-0.833114861,-8.121905327
-0.832893489,-8.12357235
-0.832685588,-8.121385574
-0.832500396,-8.124022484
-0.832338868,-8.124083519
-0.832180677,-8.123653412
-0.832015274,-8.126828194
-0.831798432,-8.126297951
-0.8316375,-8.129068375
-0.831438838,-8.127625465
-0.831280051,-8.128789902
-0.831084548,-8.129459381
-0.830912648,-8.135620117
-0.830739496,-8.135382652
-0.8305546619999999,-8.133847237
-0.830364941,-8.13431263
-0.830197392,-8.135944366
-0.830013035,-8.137542725
-0.829854546,-8.135123253
-0.829691527,-8.137814522
-0.829484938,-8.137180328
-0.829312263,-8.140123367
-0.829111038,-8.143622398
-0.828961967,-8.143585205
-0.828765331,-8.144592285
-0.82861471,-8.145108223
-0.828399299,-8.145371437
-0.82823032,-8.14530468
-0.828036605,-8.147732735
-0.827836989,-8.147860527
-0.827652631,-8.147149086
-0.827534912,-8.145627975
-0.827322839,-8.147660255
-0.827154694,-8.150816917
-0.826975582,-8.152276993
-0.826790152,-8.154583931
-0.826590953,-8.153949738
-0.826402603,-8.15640831
-0.826242147,-8.155491829
-0.8260743,-8.159174919
-0.825898109,-8.159461021
-0.825707613,-8.162344933
-0.82550454,-8.160733223
-0.825370608,-8.159687996
-0.825159608,-8.160041809
-0.824959753,-8.160346985
-0.824800251,-8.163562775
-0.82464218,-8.165708542
-0.824455379,-8.165990829
-0.824259339,-8.165985107
-0.824096082,-8.169802666
-0.823902009,-8.167742729
-0.823731003,-8.168432236
-0.823560355,-8.168391228
-0.82335156,-8.173588753
-0.8231784089999999,-8.172605515
-0.823028443,-8.17279911
-0.822783349,-8.176255226
-0.8226415499999999,-8.174557686
-0.822467802,-8.175326347
-0.822300969,-8.177307129
-0.822107909,-8.17681694
-0.821926294,-8.181818962
-0.821743904,-8.179954529
-0.821558414,-8.18441391
-0.821415303,-8.182983398
-0.821217893,-8.182439804
-0.821031867,-8.181991577
-0.820842503,-8.186387062
-0.82067412,-8.184853554
-0.820476828,-8.185976982
-0.820282755,-8.187632561
-0.820123969,-8.187999725
-0.819929002,-8.187226295
-0.819767354,-8.191175461
-0.819594381,-8.188674927
-0.819410143,-8.192581177
-0.819235442,-8.195815086
-0.819068788,-8.193698883
-0.818905829,-8.195981026
-0.818695901,-8.195933342
-0.818509338,-8.198487282
-0.818328975,-8.199793816
-0.818152187,-8.200279236
-0.817957101,-8.20108223
-0.817796646,-8.19861412
-0.817632375,-8.200883865
-0.817474363,-8.203179359
-0.817281125,-8.204657555
-0.817116259,-8.207351685
-0.81693965,-8.20887661
-0.81672406,-8.207589149
-0.81654322,-8.204763412
-0.816386042,-8.206484795
-0.816206871,-8.211457253
-0.816013156,-8.211725235
-0.815847276,-8.212716103
-0.815690158,-8.213549614
-0.815482674,-8.214449883
-0.815319596,-8.214626312
-0.815124271,-8.215612411
-0.814964233,-8.216424942
-0.814780353,-8.214838028
-0.814570962,-8.217218399
-0.814421175,-8.218854904
-0.814230857,-8.217424393
-0.81406909,-8.219162941
-0.813874958,-8.219923019
-0.813687561,-8.221770287
-0.81349021,-8.224712372
-0.813354669,-8.226980209
-0.81314492,-8.227318764
-0.812958894,-8.228051186
-0.812768934,-8.226314545
-0.812621174,-8.227581978
-0.812455652,-8.227760315
-0.812257288,-8.230937004
-0.812094985,-8.233283997
-0.811884401,-8.232420921
-0.811722217,-8.230054855
-0.811581133,-8.231091499
-0.811385511,-8.233766556
-0.811195849,-8.23859024
-0.811003445,-8.238553047
-0.8108391149999999,-8.239940643
-0.810676394,-8.242248535
-0.810500441,-8.236891747
-0.810304401,-8.237821579
-0.810130237,-8.240035057
-0.809966503,-8.239655495
-0.809758602,-8.244400024
-0.809591411,-8.24547863
-0.80944073,-8.247785568
-0.809219299,-8.245285034
-0.809057651,-8.244861603
-0.808915434,-8.247895241
-0.808707355,-8.24704361
-0.808544753,-8.251092911
-0.808353005,-8.250234604
-0.808204589,-8.253917694
-0.807986258,-8.254936218
-0.80780196,-8.254056931
-0.807658134,-8.25347805
-0.807487605,-8.255461693
-0.807309089,-8.255185127
-0.807135521,-8.258155823
-0.806928633,-8.260890007
-0.806754349,-8.259688377
-0.806580959,-8.26343441
-0.8063960059999999,-8.263731956
-0.806232212,-8.261841774
-0.806022225,-8.262717247
-0.805865763,-8.266904831
-0.80568826,-8.265256882
-0.805525361,-8.266204834
-0.805325983,-8.27008152
-0.805152474,-8.266084671
-0.80498874,-8.267767906
-0.804837106,-8.271411896
-0.804635404,-8.272159576
-0.804452119,-8.271418571
-0.804257093,-8.273482323
-0.804070769,-8.272360802
-0.803918241,-8.275075912
-0.803734062,-8.276741028
-0.803546785,-8.275996208
-0.803418754,-8.276135445
-0.803222118,-8.276839256
-0.803022323,-8.276712418
-0.802842556,-8.276614189
-0.802677808,-8.281624794
-0.802491842,-8.285182953
-0.802334366,-8.286692619
-0.802132187,-8.284381866
-0.80193889,-8.286444664
-0.801774381,-8.285606384
-0.801598785,-8.286776543
-0.801449833,-8.287920952
-0.801264701,-8.289975166
-0.801096199,-8.29213047
-0.800912736,-8.295318604
-0.800698219,-8.293743134
-0.800529895,-8.292840958
-0.800380884,-8.292734146
-0.800185321,-8.295129776
-0.799995301,-8.294360161
-0.799815593,-8.297298431
-0.799661158,-8.298258781
-0.799441932,-8.298053741
-0.799274204,-8.29557991
-0.799125491,-8.299209595
-0.798952578,-8.300911903
-0.798761068,-8.30462265
-0.79857683,-8.306222916
-0.798400162,-8.306460381
-0.798246859,-8.307471275
-0.798035262,-8.306609154
-0.797871051,-8.305405617
-0.797698496,-8.308489799
-0.797555981,-8.309445381
-0.797364174,-8.310223579
-0.797192691,-8.311532021
-0.797028301,-8.308817863
-0.796793399,-8.311319351
-0.796654521,-8.314686775
-0.79645252,-8.313899994
-0.796280621,-8.316607475
-0.796081243,-8.317814827
-0.795932053,-8.318139076
-0.795748828,-8.316235542
-0.795568643,-8.318963051
-0.795401631,-8.320892334
-0.795234082,-8.321796417
-0.795062481,-8.322487831
-0.794842957,-8.328159332
-0.794674454,-8.326142311
-0.794487892,-8.326190948
-0.794325648,-8.327021599
-0.794156669,-8.328336716
-0.793976007,-8.330227852
-0.793761013,-8.329777718
-0.793594835,-8.329969406
-0.793424545,-8.327331543
-0.793267725,-8.330171585
-0.793078242,-8.32999897
-0.792912064,-8.333158493
-0.792732893,-8.336083412
-0.792542635,-8.337511063
-0.792357681,-8.334272385
-0.792169152,-8.336829185
-0.79202765,-8.339128494
-0.791847346,-8.33781147
-0.791629849,-8.339605331
-0.791492341,-8.342751503
-0.791298209,-8.34131813
-0.791120706,-8.343479156
-0.790983794,-8.345977783
-0.790790616,-8.346017838
-0.790614424,-8.346506119
-0.790422915,-8.349578857
-0.790262757,-8.347419739
-0.790070234,-8.348143578
-0.789891837,-8.347106934
-0.789725779,-8.349502563
-0.789536892,-8.349835396
-0.78935468,-8.354689598
-0.789180337,-8.352972984
-0.78899294,-8.354349136
-0.788812516,-8.356391907
-0.788680015,-8.357075691
-0.788459657,-8.355419159
-0.788293002,-8.357041359
-0.788109003,-8.356482506
-0.78794211,-8.35956955
-0.787771342,-8.361158371
-0.787546871,-8.362496376
-0.787354944,-8.362001419
-0.787239073,-8.363926888
-0.787068425,-8.361782074
-0.786893902,-8.364587784
-0.786744116,-8.365595818
-0.7865601759999999,-8.371105194
-0.786359547,-8.36907196
-0.786185024,-8.36984539
-0.786014615,-8.370981216
-0.785833715,-8.369239807
-0.785659133,-8.371070862
-0.785461722,-8.372290611
-0.785272775,-8.376565933
-0.785092471,-8.377616882
-0.784904776,-8.374881744
-0.784745572,-8.375247955
-0.784579216,-8.376896858
-0.78439313,-8.380624771
-0.784230826,-8.380260468
-0.784049509,-8.381753922
-0.7838639,-8.381039619
-0.783700643,-8.381604195
-0.783531187,-8.385029793
-0.783358811,-8.382211685
-0.783185599,-8.385424614
-0.783002136,-8.387850761
-0.782816468,-8.389463425
-0.782681583,-8.390272141
-0.782454906,-8.389233589
-0.78230351,-8.387314796
-0.782089708,-8.389602661
-0.781930504,-8.390396118
-0.781737147,-8.392780304
-0.7815513,-8.392917633
-0.78139442,-8.394669533
-0.781189798,-8.398654938
-0.781016408,-8.394528389
-0.780891119,-8.39627552
-0.780677257,-8.400593758
-0.780501245,-8.401463509
-0.780347047,-8.400737762
-0.780165551,-8.402617455
-0.779938696,-8.40159893
-0.779816149,-8.404279709
-0.779634653,-8.405054092
-0.779442785,-8.407061577
-0.779280303,-8.40674305
-0.7790870049999999,-8.40837574
-0.778880535,-8.407478333
-0.778728185,-8.409135818
-0.778549312,-8.408383369
-0.7783671,-8.411551476
-0.778224109,-8.409463882
-0.777999399,-8.415138245
-0.777858196,-8.413498878
-0.777698217,-8.417752266
-0.777474163,-8.417052269
-0.777327357,-8.414842606
-0.77715653,-8.415673256
-0.776982246,-8.416538239
-0.776798366,-8.419736862
-0.776601015,-8.421584129
-0.776434122,-8.424512863
-0.77627462,-8.422968864
-0.77608919,-8.425498962
-0.775939522,-8.424511909
-0.775766907,-8.425009727
-0.775547562,-8.42474556
-0.77537304,-8.429353714
-0.775212405,-8.429239273
-0.77501565,-8.42891407
-0.774870453,-8.431792259
-0.774686812,-8.430006981
-0.774498997,-8.433238983
-0.774319945,-8.434960365
-0.774168966,-8.436799049
-0.773967741,-8.436786652
-0.773770033,-8.436378479
-0.773589848,-8.437812805
-0.773411928,-8.439188957
-0.773233412,-8.436351776
-0.773052691,-8.440466881
-0.772850512,-8.44270134
-0.772726713,-8.442117691
-0.772510288,-8.444359779
-0.772353945,-8.444397926
-0.772200225,-8.444828987
-0.772031782,-8.446427345
-0.771864234,-8.446659088
-0.771642564,-8.446414948
-0.771519898,-8.449831963
-0.771337925,-8.445940018
-0.771170614,-8.448428154
-0.770979045,-8.449155807
-0.770792542,-8.451183319
-0.770618795,-8.453104973
-0.770465849,-8.455295563
-0.770279644,-8.454508781
-0.770110963,-8.455450058
-0.769897519,-8.458081245
-0.769707976,-8.456583023
-0.769574938,-8.457043648
-0.769379852,-8.459803581
-0.769214926,-8.461593628
-0.769037006,-8.461041451
-0.768829463,-8.461161613
-0.768672107,-8.463274002
-0.768541751,-8.461938858
-0.768316744,-8.463516235
-0.768157182,-8.465987206
-0.767987607,-8.468185425
-0.767802833,-8.471141815
-0.767639158,-8.467630386
-0.767412661,-8.469005585
-0.767286716,-8.47008419
-0.767072139,-8.472506523
-0.766898273,-8.473392487
-0.766732214,-8.474978447
-0.766553579,-8.474031448
-0.766381202,-8.476178169
-0.76620066,-8.476144791
-0.766024409,-8.474222183
-0.765865503,-8.478010178
-0.76570165,-8.477723122
-0.765513299,-8.48005867
-0.765337585,-8.482007027
-0.765152333,-8.480933189
-0.764994441,-8.484768867
-0.764814733,-8.485383987
-0.764614401,-8.484329224
-0.764463542,-8.487538338
-0.764280377,-8.486666679
-0.764101265,-8.487786293
-0.763911484,-8.484213829
-0.763745843,-8.487923622
-0.763579784,-8.488002777
-0.763390897,-8.492793083
-0.76323509,-8.495711327
-0.763065396,-8.49672699
-0.762874482,-8.499426842
-0.762721179,-8.494998932
-0.762503682,-8.494822502
-0.762336014,-8.494160652
-0.762192784,-8.500965118
-0.761994658,-8.503959656
-0.761834322,-8.505521774
-0.76166415,-8.500506401
-0.761480091,-8.502349854
-0.761305092,-8.502085686
-0.761110185,-8.502488136
-0.760923384,-8.504779816
-0.760771332,-8.509315491
-0.760582207,-8.50907135
-0.760414301,-8.510568619
-0.760233162,-8.505728722
-0.760058163,-8.511162758
-0.759854732,-8.514914513
-0.759668944,-8.514292717
-0.759521602,-8.513494492
-0.759336231,-8.51471138
-0.759185193,-8.513411522
-0.759023486,-8.514238358
-0.758827327,-8.511688232
-0.758651195,-8.51947403
-0.758460162,-8.521165848
-0.758296309,-8.51804924
-0.758126495,-8.517523766
-0.757930337,-8.522125244
-0.75777149,-8.525240898
-0.75760424,-8.523226738
-0.757430313,-8.523123741
-0.757254181,-8.527504921
-0.757048843,-8.527841568
-0.756881772,-8.524571419
-0.756745039,-8.527075768
-0.756559489,-8.526378632
-0.756385742,-8.526985168
-0.756204723,-8.531953812
-0.756035863,-8.533675194
-0.755871115,-8.533051491
-0.755683241,-8.533033371
-0.755516825,-8.532224655
-0.755335389,-8.534976006
-0.755157946,-8.535903931
-0.755003987,-8.538032532
-0.754805325,-8.540992737
-0.754624425,-8.539701462
-0.754435955,-8.539433479
-0.754288195,-8.541368484
-0.754096447,-8.541913986
-0.753945706,-8.544924736
-0.753736911,-8.546974182
-0.753580032,-8.546969414
-0.753390251,-8.546156883
-0.753238915,-8.546908379
-0.753047643,-8.546344757
-0.752895592,-8.549590111
-0.752693651,-8.548837662
-0.752525864,-8.551297188
-0.752354143,-8.553939819
-0.75217378,-8.551721573
-0.752005337,-8.552109718
-0.751833079,-8.558403015
-0.751651285,-8.557998657
-0.75148022,-8.558176994
-0.751303492,-8.558465958
-0.7511057839999999,-8.560602188
-0.750920711,-8.559682846
-0.750785885,-8.55853653
-0.750615595,-8.56033802
-0.750415979,-8.562534332
-0.750238298,-8.564750671
-0.750081537,-8.563433647
-0.749886273,-8.566372871
-0.749719082,-8.564658165
-0.749555884,-8.564208031
-0.749402521,-8.565546036
-0.749204634,-8.568727493
-0.749027191,-8.571342468
-0.748857318,-8.570389748
-0.748669265,-8.571290016
-0.748477696,-8.573174477
-0.748363851,-8.574979782
-0.748155413,-8.574463844
-0.747999964,-8.576643944
-0.747796116,-8.575222969
-0.747620283,-8.576028824
-0.747470258,-8.576763153
-0.7473024109999999,-8.577410698
-0.747116802,-8.583086967
-0.746922014,-8.582035065
-0.7467584,-8.58245945
-0.746574519,-8.58261776
-0.746401308,-8.582268715
-0.746224044,-8.58874321
-0.746043263,-8.585227966
-0.745871006,-8.588559151
-0.745718358,-8.587346077
-0.74550402,-8.586770058
-0.745381294,-8.589887619
-0.745158849,-8.588456154
-0.745022057,-8.590587616
-0.744850872,-8.594214439
-0.744670032,-8.595342636
-0.744470177,-8.597417831
-0.744276701,-8.595774651
-0.744114993,-8.596420288
-0.743956326,-8.597593307
-0.743796704,-8.596980095
-0.743646918,-8.60014534
-0.743463514,-8.60122776
-0.743275939,-8.602815628
-0.743085442,-8.602887154
-0.742971955,-8.604249001
-0.742776929,-8.602407455
-0.742569028,-8.607733727
-0.742383061,-8.610222816
-0.742223917,-8.610303879
-0.742028533,-8.610078812
-0.741861938,-8.608914375
-0.741666434,-8.608876228
-0.741519092,-8.608332634
-0.741316257,-8.612802505
-0.741186915,-8.614535332
-0.74096912,-8.614589691
-0.740801154,-8.613859177
-0.74065554,-8.616661072
-0.74045503,-8.613023758
-0.740312574,-8.615621567
-0.740116296,-8.619272232
-0.739952026,-8.621231079
-0.73976755,-8.620854378
-0.739567576,-8.622650146
-0.739420889,-8.621365547
-0.739245115,-8.621170044
-0.739072977,-8.623883247
-0.738924025,-8.623477936
-0.738735793,-8.627436638
-0.738550363,-8.627130508
-0.738366006,-8.628998756
-0.738235591,-8.631519318
-0.738032578,-8.631030083
-0.737891732,-8.630946159
-0.737677394,-8.634160995
-0.737526534,-8.633016586
-0.73734778,-8.633874893
-0.737155853,-8.633723259
-0.736990986,-8.6353302
-0.736803291,-8.63342762
-0.736657737,-8.636654854
-0.736472247,-8.639113426
-0.736332415,-8.64081955
-0.736137627,-8.639317513
-0.735983549,-8.641887665
-0.735812722,-8.642271042
-0.7356216289999999,-8.642957687
-0.735436915,-8.642877579
-0.73526424,-8.645747185
-0.735109268,-8.649693489
-0.7348752,-8.646015167
-0.734710811,-8.648942947
-0.734577237,-8.650177002
-0.734398423,-8.648530006
-0.734232364,-8.653108597
-0.734031795,-8.653832436
-0.733873842,-8.65240097
-0.733708261,-8.653021812
-0.733546315,-8.655532837
-0.733386157,-8.654793739
-0.733222483,-8.656715393
-0.733027635,-8.660531044
-0.732857881,-8.661763191
-0.73268473,-8.660186768
-0.732499359,-8.66282177
-0.732324658,-8.660580635
-0.732188819,-8.662236214
-0.73198217,-8.662888527
-0.731811939,-8.665428162
-0.731651483,-8.665415764
-0.731461523,-8.66782856
-0.731327174,-8.664577484
-0.73113787,-8.667174339
-0.730978249,-8.670525551
-0.730749367,-8.67216301
-0.730582533,-8.673037529
-0.730395971,-8.672739029
-0.730248867,-8.673176765
-0.73010367,-8.67143631
-0.729953466,-8.674052238
-0.729770837,-8.678221703
-0.729608653,-8.677334785
-0.729427395,-8.679234505
-0.729240416,-8.679372787
-0.729044257,-8.678009987
-0.728863357,-8.67932415
-0.728722392,-8.680261612
-0.728547035,-8.683987617
-0.728367386,-8.684423447
-0.728193639,-8.685458183
-0.728025673,-8.685348511
-0.727850912,-8.684514999
-0.727686403,-8.686922073
-0.727488516,-8.689590454
-0.727328716,-8.692141533
-0.727126954,-8.692648888
-0.726969121,-8.689579964
-0.726811169,-8.690498352
-0.726617394,-8.691771507
-0.726457892,-8.692303658
-0.726280568,-8.692495346
-0.726102946,-8.695300102
-0.725921748,-8.695796967
-0.725744186,-8.695802689
-0.725578068,-8.69811058
-0.725393413,-8.699603081
-0.72521287,-8.702680588
-0.725062786,-8.7004776
-0.724866627,-8.703971863
-0.724705277,-8.702324867
-0.724526702,-8.70261097
-0.724366246,-8.704707146
-0.724182783,-8.706227303
-0.724049626,-8.706863403
-0.723840712,-8.707133293
-0.723669706,-8.70817852
-0.723517118,-8.709416389
-0.723357735,-8.709179878
-0.723187326,-8.710906029
-0.72301477,-8.711350441
-0.72285193,-8.712686539
-0.722683964,-8.715770721
-0.72249007,-8.715738297
-0.722308872,-8.715706825
-0.722161589,-8.719250679
-0.721980689,-8.719056129
-0.721809505,-8.718500137
-0.721656082,-8.718963623
-0.721450327,-8.723498344
-0.721291481,-8.723003387
-0.721084831,-8.71978569
-0.720943807,-8.725174904
-0.720759807,-8.722634315
-0.720571159,-8.726616859
-0.720417855,-8.725090027
-0.720250009,-8.724833488
-0.720096467,-8.728426933
-0.719931362,-8.726064682
-0.719773172,-8.729606628
-0.719544111,-8.732597351
-0.719376443,-8.731955528
-0.719217179,-8.734004021
-0.719036339,-8.730757713
-0.718892573,-8.733456612
-0.718733786,-8.736293793
-0.718553482,-8.737661362
-0.718368767,-8.738103867
-0.718183396,-8.740029335
-0.718003569,-8.738459587
-0.717837332,-8.737969398
-0.717675326,-8.739433289
-0.717514632,-8.740180969
-0.717341302,-8.742478371
-0.717155276,-8.744048119
-0.716990767,-8.748082161
-0.716842173,-8.748745918
-0.716653643,-8.748029709
-0.71650785,-8.751888275
-0.716294287,-8.750983238
-0.716152905,-8.753058434
-0.715916453,-8.751602173
-0.715750096,-8.752978325
-0.715595422,-8.753209114
-0.715426443,-8.751450539
-0.715251027,-8.755113602
-0.715096353,-8.758864403
-0.714919088,-8.754461288
-0.714780865,-8.756491661
-0.714559136,-8.759838104
-0.714405177,-8.759451866
-0.714226959,-8.758572578
-0.714061914,-8.763007164
-0.713883458,-8.765926361
-0.713705955,-8.766130447
-0.713525591,-8.766336441
-0.713351725,-8.766735077
-0.713187514,-8.766956329
-0.71302521,-8.766908646
-0.712855158,-8.770389557
-0.712692497,-8.771288872
-0.712516425,-8.771137238
-0.712350128,-8.769201279
-0.712151883,-8.771999359
-0.711986361,-8.77325058
-0.711817799,-8.772182465
-0.711662827,-8.774546623
-0.711504815,-8.779003143
-0.711316107,-8.777066231
-0.711175261,-8.779484749
-0.710984407,-8.779010773
-0.710814057,-8.782111168
-0.710673211,-8.782108307
-0.710443733,-8.784258842
-0.71028143,-8.784919739
-0.710137365,-8.785778999
-0.709927259,-8.783778191
-0.709766207,-8.786085129
-0.70959389,-8.789160728
-0.709424017,-8.786885262
-0.709252892,-8.787028313
-0.709067104,-8.79011631
-0.708890317,-8.790289879
-0.708723841,-8.79045105
-0.708538828,-8.792517662
-0.708384989,-8.793188095
-0.708220838,-8.795491219
-0.708055971,-8.794644356
-0.707890568,-8.79671669
-0.707695482,-8.795942307
-0.707517145,-8.797221184
-0.707359849,-8.797733307
-0.707196949,-8.799934387
-0.707015453,-8.799356461
-0.70685303,-8.801298141
-0.706679104,-8.802290916
-0.706499932,-8.802014351
-0.706373809,-8.804646492
-0.706185041,-8.806724548
-0.70599079,-8.806046486
-0.705805061,-8.807311058
-0.705660818,-8.808651924
-0.705465315,-8.8079319
-0.705318032,-8.810482979
-0.705128072,-8.812403679
-0.704952238,-8.813800812
-0.704758285,-8.813790321
-0.704620061,-8.815806389
-0.704444883,-8.814001083
-0.704292892,-8.816280365
-0.704087911,-8.817673683
-0.70393133,-8.816262245
-0.703758357,-8.819500923
-0.703559337,-8.819883347
-0.703441141,-8.823028564
-0.703259943,-8.821238518
-0.703111766,-8.825073242
-0.702932654,-8.824508667
-0.70274484,-8.828474998
-0.702576457,-8.827493668
-0.702409504,-8.827680588
-0.70226091,-8.826944351
-0.702078102,-8.82705307
-0.701916514,-8.831818581
-0.701698957,-8.83361721
-0.701533733,-8.83243084
-0.70138639,-8.831876755
-0.7012251,-8.831943512
-0.701066492,-8.83347702
-0.700863658,-8.836808205
-0.700711248,-8.837565422
-0.700514196,-8.840806007
-0.700371919,-8.839416504
-0.700165091,-8.840017319
-0.700001536,-8.842679977
-0.699838756,-8.840639114
-0.699676869,-8.842360497
-0.69951546,-8.842718124
-0.699335573,-8.844989777
-0.699141858,-8.845750809
-0.698966144,-8.846028328
-0.698828159,-8.84740448
-0.698642669,-8.847881317
-0.698462306,-8.848489761
-0.698269425,-8.848996162
-0.698105095,-8.854020119
-0.697950659,-8.851324081
-0.69777274,-8.849615097
-0.69759017,-8.851555824
-0.697428225,-8.854232788
-0.697257755,-8.85993576
-0.69706565,-8.859866142
-0.696912287,-8.858782768
-0.696786938,-8.858603477
-0.696567295,-8.859002113
-0.696409939,-8.860058784
-0.69623792,-8.861390114
-0.696075795,-8.864376068
-0.695913373,-8.865174294
-0.695743797,-8.864215851
-0.695561944,-8.866374016
-0.695403038,-8.864448547
-0.695230125,-8.866458893
-0.695058821,-8.867188454
-0.694892345,-8.869828224
-0.694723724,-8.872466087
-0.694550095,-8.868954659
-0.694369195,-8.870149612
-0.69421166,-8.871190071
-0.694037078,-8.871685028
-0.693857787,-8.87430954
-0.693690835,-8.876643181
-0.693546174,-8.879508972
-0.69334018,-8.875311852
-0.693208633,-8.880946159
-0.693001447,-8.877229691
-0.692899762,-8.878870964
-0.692663191,-8.882675171
-0.692500113,-8.882891655
-0.692337273,-8.884883881
-0.692187307,-8.886874199
-0.692012308,-8.885710716
-0.691821454,-8.885910988
-0.691647051,-8.887284279
-0.6914808139999999,-8.889045715
-0.691310404,-8.890882492
-0.691119073,-8.890795708
-0.690972088,-8.890995026
-0.690766392,-8.890799522
-0.690609871,-8.89034462
-0.690429686,-8.895072937
-0.690297959,-8.892664909
-0.690121589,-8.895768166
-0.6899419999999999,-8.897754669
-0.68978673,-8.897416115
-0.689622758,-8.896876335
-0.689458905,-8.89812851
-0.689300893,-8.899986267
-0.6891309,-8.902602196
-0.688937543,-8.904466629
-0.688772617,-8.905435562
-0.688605903,-8.902159691
-0.688440381,-8.901542664
-0.688256381,-8.902549744
-0.688145874,-8.903899193
-0.687951921,-8.90777874
-0.687782047,-8.91039753
-0.687615274,-8.912773132
-0.687418578,-8.912537575
-0.687262116,-8.907710075
-0.68710178,-8.913105965
-0.686926602,-8.911213875
-0.686741589,-8.911698341
-0.686598597,-8.913529396
-0.686394094,-8.916550636
-0.686235009,-8.915305138
-0.686075507,-8.918843269
-0.685927866,-8.918230057
-0.685730634,-8.917892456
-0.685569583,-8.922833443
-0.685408829,-8.920388222
-0.685218213,-8.923622131
-0.685052035,-8.921880722
-0.684884904,-8.923612595
-0.684715627,-8.921053886
-0.684545336,-8.928411484
-0.684388457,-8.929101944
-0.684225736,-8.92901516
-0.684017954,-8.927575111
-0.683873354,-8.929745674
-0.683724044,-8.928638458
-0.683541296,-8.930119514
-0.683382331,-8.931969643
-0.683217106,-8.935276031
-0.683039485,-8.934155464
-0.682871757,-8.939541817
-0.682694135,-8.936700821
-0.682535945,-8.936502457
-0.682339488,-8.938484192
-0.682214199,-8.939249039
-0.682023166,-8.939394951
-0.681854306,-8.941191673
-0.681687592,-8.939829826
-0.681495545,-8.940849304
-0.681364296,-8.940800667
-0.681185959,-8.944730759
-0.681026695,-8.947313309
-0.680870591,-8.946519852
-0.680676458,-8.94376564
-0.680532096,-8.94674015
-0.680358468,-8.952073097
-0.680191515,-8.951190948
-0.680007933,-8.95172596
-0.679842351,-8.953866959
-0.679650663,-8.956518173
-0.679527341,-8.955087662
-0.6793212279999999,-8.953895569
-0.67918068,-8.956783295
-0.678988336,-8.956344604
-0.678845225,-8.957807541
-0.678657351,-8.962325096
-0.678501008,-8.962450027
-0.678318499,-8.963265419
-0.678160785,-8.960408211
-0.677975295,-8.958954811
-0.677840231,-8.96108532
-0.677660046,-8.963190079
-0.677493034,-8.966445923
-0.677335737,-8.967794418
-0.677172957,-8.966960907
-0.676984547,-8.970424652
-0.676837442,-8.968313217
-0.676681517,-8.971746445
-0.676520465,-8.971194267
-0.676369606,-8.975753784
-0.676162241,-8.972128868
-0.675997553,-8.972332001
-0.675838051,-8.973121643
-0.675681649,-8.976780891
-0.675526438,-8.976561546
-0.675375162,-8.978019714
-0.675185023,-8.980617523
-0.675003646,-8.977680206
-0.674856482,-8.981145859
-0.674703715,-8.980928421
-0.674498973,-8.981768608
-0.674364863,-8.984034538
-0.674167452,-8.983851433
-0.674004613,-8.983486176
-0.6738359309999999,-8.986328125
-0.673660455,-8.987673759
-0.673493622,-8.988342285
-0.673336623,-8.989451408
-0.673172889,-8.992583275
-0.673012434,-8.993347168
-0.672850249,-8.991994858
-0.672662972,-8.990917206
-0.672516702,-8.993991852
-0.672350345,-8.99615097
-0.672170637,-8.995735168
-0.672013758,-8.997290611
-0.671833096,-8.99710083
-0.671649871,-8.998196602
-0.671499251,-8.998840332
-0.671331463,-9.000972748
-0.671178995,-9.003157616
-0.671004055,-9.004618645
-0.670850514,-9.006062508
-0.670678137,-9.004943848
-0.67050737,-9.003505707
-0.670355914,-9.005503654
-0.670189736,-9.007019997
-0.67002481,-9.009032249
-0.669870673,-9.009460449
-0.669675468,-9.013669968
-0.669518767,-9.015192986
-0.66935247,-9.013448715
-0.669181226,-9.014801025
-0.669005869,-9.014767647
-0.668862699,-9.016090393
-0.668690382,-9.016691208
-0.668515204,-9.015526772
-0.668364821,-9.019094467
-0.668173907,-9.018764496
-0.668034194,-9.018995285
-0.6678379759999999,-9.017443657
-0.667711197,-9.022089958
-0.667545674,-9.022902489
-0.667365966,-9.02507782
-0.66721469,-9.025158882
-0.667022226,-9.022823334
-0.666888474,-9.024113655
-0.666702388,-9.025667191
-0.66653621,-9.029871941
-0.666392742,-9.030861855
-0.666204689,-9.032042503
-0.666056393,-9.031614304
-0.665886698,-9.031011581
-0.665733634,-9.032232285
-0.665577231,-9.03278923
-0.665405629,-9.037240028
-0.665223895,-9.036653519
-0.665057598,-9.037986755
-0.66492301,-9.037160873
-0.664733229,-9.040028572
-0.664575754,-9.040157318
-0.664430497,-9.039733887
-0.6642655709999999,-9.044426918
-0.664100764,-9.043852806
-0.663907884,-9.046503067
-0.663733481,-9.044063568
-0.663603304,-9.045392036
-0.663419543,-9.044175148
-0.663253067,-9.048676491
-0.663087962,-9.050039291
-0.662932573,-9.051990509
-0.662778793,-9.054256439
-0.662613092,-9.053071022
-0.662442742,-9.055402756
-0.662259338,-9.055724144
-0.662102697,-9.052161217
-0.661952613,-9.05447197
-0.661806939,-9.05873394
-0.66163194,-9.05497551
-0.661463616,-9.056382179
-0.6613123399999999,-9.056629181
-0.66111779,-9.059393883
-0.660987733,-9.062526703
-0.660786031,-9.063584328
-0.660660205,-9.063798904
-0.660483776,-9.062562943
-0.660317658,-9.063116074
-0.660148738,-9.063978195
-0.659971653,-9.068735123
-0.659823475,-9.069495201
-0.659645138,-9.069673538
-0.659459291,-9.070949554
-0.659318565,-9.069604874
-0.659163235,-9.07067585
-0.659015952,-9.069965363
-0.658857701,-9.074769974
-0.65868151,-9.075205803
-0.658520756,-9.076163292
-0.658325492,-9.0756073
-0.658174453,-9.078674316
-0.658032594,-9.07507515
-0.657850085,-9.075205803
-0.657681225,-9.08265686
-0.657541452,-9.08215332
-0.657339571,-9.081753731
-0.65720248,-9.085110664
-0.657045899,-9.085623741
-0.656872688,-9.086381912
-0.656695066,-9.086384773
-0.656553386,-9.085641861
-0.656376598,-9.086426735
-0.656212268,-9.090719223
-0.656027196,-9.087756157
-0.655893264,-9.089387894
-0.65574312,-9.091069221
-0.655580161,-9.090921402
-0.655371187,-9.092181206
-0.655244587,-9.091979027
-0.655061482,-9.094111443
-0.654892681,-9.095767975
-0.654759167,-9.095123291
-0.654577849,-9.096251488
-0.654428063,-9.099666595
-0.654234586,-9.100276947
-0.654107986,-9.100663185
-0.653934775,-9.102707863
-0.653786121,-9.104519844
-0.653615711,-9.102885246
-0.65344554,-9.101397514
-0.653272031,-9.103350639
-0.653097866,-9.103839874
-0.652963517,-9.105549812
-0.652801333,-9.11008358
-0.652629374,-9.111376762
-0.65248519,-9.110712051
-0.652292429,-9.110076904
-0.65212339,-9.111832619
-0.651983736,-9.111268997
-0.651824055,-9.113188744
-0.6516726,-9.113847733
-0.651487289,-9.117275238
-0.651325641,-9.115115166
-0.651165603,-9.11679554
-0.65100467,-9.118245125
-0.650845943,-9.121235847
-0.650692342,-9.119451523
-0.650527356,-9.123846054
-0.65034741,-9.125906944
-0.650197385,-9.123997688
-0.650022266,-9.122769356
-0.649852632,-9.123627663
-0.649723111,-9.124527931
-0.649554549,-9.124649048
-0.649377463,-9.12348175
-0.649197159,-9.130054474
-0.649061976,-9.130926132
-0.648865519,-9.130331039
-0.648734985,-9.131425858
-0.648571787,-9.130259514
-0.648406623,-9.135830879
-0.6482610089999999,-9.133249283
-0.648084162,-9.138887405
-0.647928355,-9.138243675
-0.647766052,-9.137224197
-0.647576092,-9.13688755
-0.647425471,-9.139701843
-0.647278784,-9.139310837
-0.647134243,-9.142027855
-0.646914421,-9.141251564
-0.646807311,-9.144554138
-0.646631477,-9.143071175
-0.646464823,-9.145490646
-0.646324156,-9.144043922
-0.646137474,-9.148855209
-0.645987747,-9.147717476
-0.645825444,-9.151022911
-0.645643769,-9.148276329
-0.645471035,-9.147211075
-0.645353911,-9.147032738
-0.645175753,-9.152726173
-0.645002184,-9.152892113
-0.644872783,-9.154180527
-0.64469838,-9.155688286
-0.644543288,-9.157097816
-0.644350885,-9.15305233
-0.644231854,-9.154193878
-0.644060968,-9.156531334
-0.643888591,-9.159835815
-0.643756805,-9.159294128
-0.643558977,-9.162552834
-0.643390594,-9.164081573
-0.643258689,-9.16145134
-0.643095015,-9.161211014
-0.642927645,-9.167362213
-0.642779468,-9.16681385
-0.642638741,-9.16957283
-0.64243531,-9.166710854
-0.6422955379999999,-9.170440674
-0.642131208,-9.168398857
-0.641968487,-9.169809341
-0.641817091,-9.171393394
-0.641630469,-9.174720764
-0.641477285,-9.173551559
-0.641327499,-9.177177429
-0.641164718,-9.171870232
-0.641007839,-9.174674988
-0.640833614,-9.176262856
-0.640655337,-9.178961754
-0.640504656,-9.176160812
-0.640342889,-9.179578781
-0.640170155,-9.179684639
-0.640033124,-9.183756828
-0.639866768,-9.180463791
-0.639670847,-9.185763359
-0.639554916,-9.184924126
-0.639371334,-9.186131477
-0.63925278,-9.184326172
-0.639083503,-9.189437866
-0.638916073,-9.189972878
-0.638747571,-9.191121101
-0.638580022,-9.188845634
-0.638421593,-9.190984726
-0.638247846,-9.190505028
-0.638110457,-9.193146706
-0.637943385,-9.189738274
-0.637791989,-9.193415642
-0.637629984,-9.19689846
-0.637453554,-9.197554588
-0.637295662,-9.198818207
-0.63714808,-9.201123238
-0.637010215,-9.199591637
-0.636830924,-9.200137138
-0.636666415,-9.201235771
-0.636511026,-9.203292847
-0.636348723,-9.204936028
-0.636187015,-9.207095146
-0.636024354,-9.206259727
-0.635883568,-9.20506382
-0.635716436,-9.205543518
-0.635555921,-9.207331657
-0.63539928,-9.211299896
-0.635245321,-9.209114075
-0.635078428,-9.213376045
-0.634922383,-9.211744308
-0.634759305,-9.212308884
-0.634599326,-9.211669922
-0.634454666,-9.213716507
-0.634297429,-9.217464447
-0.634128211,-9.216959953
-0.633948682,-9.218932152
-0.633806048,-9.218780518
-0.633661924,-9.219349861
-0.633473991,-9.222266197
-0.63336247,-9.223309517
-0.633168576,-9.225245476
-0.633002339,-9.224480629
-0.63283175,-9.22371006
-0.632689593,-9.226139069
-0.632544456,-9.225434303
-0.632370768,-9.226701736
-0.632196901,-9.228694916
-0.632064162,-9.230111122
-0.63186699,-9.232028961
-0.631722925,-9.229880333
-0.63156688,-9.230359077
-0.631419955,-9.231506348
-0.631295858,-9.231362343
-0.631119249,-9.236339569
-0.630952356,-9.237257004
-0.6307944639999999,-9.238942146
-0.630656419,-9.235887527
-0.63048452,-9.236247063
-0.630314766,-9.236006737
-0.630153714,-9.237361908
-0.630040227,-9.242693901
-0.629861949,-9.241548538
-0.629703341,-9.245764732
-0.629531561,-9.2432127
-0.629355488,-9.246509552
-0.629213093,-9.244238853
-0.629040418,-9.245660782
-0.628918586,-9.24805069
-0.628730474,-9.248241425
-0.628569542,-9.248624802
-0.628422616,-9.248961449
-0.628279684,-9.25045681
-0.628108321,-9.251841545
-0.62794417,-9.253118515
-0.627776681,-9.255620003
-0.627632318,-9.257045746
-0.627477525,-9.257107735
-0.627315996,-9.254050255
-0.627137778,-9.258950233
-0.626989542,-9.257389069
-0.626859246,-9.257097244
-0.6266806109999999,-9.261294365
-0.626528917,-9.263360977
-0.626366077,-9.264336586
-0.626235006,-9.263067245
-0.626045821,-9.26619339
-0.625872849,-9.264430046
-0.625731466,-9.267831802
-0.625573454,-9.265432358
-0.625382541,-9.267694473
-0.625248967,-9.269357681
-0.625054179,-9.268470764
-0.624926148,-9.271091461
-0.624785362,-9.271639824
-0.624649106,-9.275515556
-0.624438701,-9.275728226
-0.624313472,-9.275224686
-0.62412983,-9.272483826
-0.623981712,-9.273352623
-0.623827873,-9.275145531
-0.623684047,-9.276109695
-0.623507438,-9.281625748
-0.623343645,-9.281202316
-0.623198507,-9.279799461
-0.623042582,-9.281394958
-0.622912405,-9.280579567
-0.622730969,-9.283606529
-0.62259513,-9.283687592
-0.622433243,-9.286004066
-0.622281252,-9.289487839
-0.622109113,-9.286063194
-0.621974943,-9.287524223
-0.621822415,-9.287392616
-0.621663628,-9.290119171
-0.621480463,-9.290205002
-0.621335445,-9.290510178
-0.62117493,-9.292695999
-0.62102115,-9.293617249
-0.620862721,-9.295734406
-0.620674728,-9.295563698
-0.620546458,-9.295075417
-0.6203927379999999,-9.300845146
-0.620216308,-9.298183441
-0.620024083,-9.298006058
-0.619895337,-9.299515724
-0.619753419,-9.300955772
-0.619584559,-9.30180645
-0.619452475,-9.302400589
-0.61926782,-9.305682182
-0.619145094,-9.302110672
-0.6189764719999999,-9.30552578
-0.618803738,-9.305019379
-0.618680297,-9.306880951
-0.618514238,-9.311829567
-0.61834806,-9.311740875
-0.61819583,-9.312082291
-0.618014751,-9.311306
-0.617882488,-9.309453011
-0.61771345,-9.312288284
-0.617579458,-9.314652443
-0.617400704,-9.316303253
-0.617272256,-9.316592216
-0.617132125,-9.31678772
-0.61693239,-9.318878174
-0.616788028,-9.318342209
-0.616592644,-9.320221901
-0.616462288,-9.319787025
-0.6163122639999999,-9.320055008
-0.616150258,-9.322792053
-0.61601281,-9.325081825
-0.61587256,-9.320414543
-0.6156826,-9.323947906
-0.615539191,-9.324774742
-0.615408359,-9.325888634
-0.615230141,-9.327860832
-0.615072249,-9.330468178
-0.614925264,-9.330360413
-0.614763079,-9.329985619
-0.614598094,-9.329744339
-0.614445088,-9.331896782
-0.614313958,-9.335507393
-0.614112793,-9.336334229
-0.613970636,-9.336870193
-0.613837062,-9.3367033
-0.613667427,-9.337779045
-0.613522289,-9.335641861
-0.613381205,-9.337695122
-0.61323118,-9.339941025
-0.613054572,-9.34116745
-0.612916647,-9.34207058
-0.612749575,-9.342294693
-0.61258298,-9.343215942
-0.612434445,-9.343049049
-0.6122966989999999,-9.344398499
-0.612119077,-9.346507072
-0.611977158,-9.349238396
-0.611794828,-9.348043442
-0.611677287,-9.348649025
-0.611536322,-9.348718643
-0.611353217,-9.350787163
-0.611187873,-9.354801178
-0.611037431,-9.354972839
-0.610883771,-9.356643677
-0.610701798,-9.353808403
-0.610619722,-9.355576515
-0.610423682,-9.356071472
-0.610296426,-9.356425285
-0.6101014,-9.356637955
-0.609944282,-9.359063148
-0.609823285,-9.360121727
-0.609630583,-9.361608505
-0.609494744,-9.359634399
-0.609336613,-9.364008904
-0.609198986,-9.362548828
-0.609046577,-9.36119175
-0.60885763,-9.362186432
-0.608740745,-9.364817619
-0.608561395,-9.368376732
-0.608413933,-9.370956421
-0.608273087,-9.365122795
-0.608115314,-9.373762131
-0.607989905,-9.372387886
-0.607816814,-9.372590065
-0.607661424,-9.372030258
-0.607472954,-9.371358871
-0.607365547,-9.374759674
-0.607178031,-9.374271393
-0.60707402,-9.373324394
-0.60687351,-9.379693985
-0.606730936,-9.377515793
-0.6065534929999999,-9.381191254
-0.606431065,-9.379124641
-0.606280742,-9.38026619
-0.606135903,-9.384998322
-0.605986653,-9.383775711
-0.605801521,-9.384901047
-0.605645357,-9.388212204
-0.605488358,-9.38462162
-0.605359552,-9.383543968
-0.605166314,-9.384382248
-0.605021833,-9.388051987
-0.604887543,-9.38924408
-0.604738591,-9.389297485
-0.60454875,-9.39081955
-0.604400573,-9.390415192
-0.604277192,-9.390384674
-0.604125975,-9.393618584
-0.603966473,-9.394813538
-0.603796361,-9.394211769
-0.603658138,-9.393632889
-0.603509365,-9.394382477
-0.603316246,-9.393391609
-0.60321611,-9.395606041
-0.603024302,-9.398462296
-0.602882681,-9.398378372
-0.60275328,-9.400571823
-0.602607248,-9.401771545
-0.602393149,-9.405612946
-0.602289675,-9.402208328
-0.602112828,-9.405306816
-0.601959465,-9.407395363
-0.601773677,-9.403283119
-0.601673482,-9.410143852
-0.601496635,-9.408886909
-0.601394413,-9.41094017
-0.60118234,-9.411884308
-0.601044534,-9.409398079
-0.600869952,-9.409477234
-0.600732861,-9.411100388
-0.600607155,-9.415862083
-0.600430248,-9.415132523
-0.600283859,-9.417076111
-0.600132225,-9.418878555
-0.5999642589999999,-9.418487549
-0.599817215,-9.417786598
-0.599677799,-9.419403076
-0.599521516,-9.421216011
-0.599382876,-9.421537399
-0.599237261,-9.422194481
-0.5990656,-9.423016548
-0.598913191,-9.424123764
-0.598785101,-9.425525665
-0.598635076,-9.426545143
-0.598473487,-9.430818558
-0.59827405,-9.428442955
-0.598141072,-9.431425095
-0.597982584,-9.430591583
-0.597840665,-9.429789543
-0.59771472,-9.428096771
-0.597561417,-9.434653282
-0.597398697,-9.433632851
-0.597264467,-9.436023712
-0.597144364,-9.434279442
-0.596944152,-9.435838699
-0.596806167,-9.436042786
-0.596664188,-9.439936638
-0.59649658,-9.438848495
-0.596331237,-9.440743446
-0.596172927,-9.438803673
-0.596054493,-9.440294266
-0.595887123,-9.440850258
-0.595745741,-9.440306664
-0.595624862,-9.441864014
-0.595452605,-9.447682381
-0.595273314,-9.448540688
-0.595127819,-9.447402954
-0.594945787,-9.448055267
-0.594843982,-9.450184822
-0.594656883,-9.450728416
-0.594507335,-9.451423645
-0.594378708,-9.450119019
-0.594234763,-9.450436592
-0.594073473,-9.45291996
-0.593901871,-9.45361805
-0.593795834,-9.453594208
-0.593610464,-9.455636024
-0.593468068,-9.456653595
-0.593310056,-9.457612038
-0.593181191,-9.459010124
-0.592989979,-9.459119797
-0.592866836,-9.458389282
-0.592726169,-9.459492683
-0.592554508,-9.463098526
-0.592400489,-9.463481903
-0.592264948,-9.464860916
-0.592126904,-9.464119911
-0.591977594,-9.46615696
-0.591819702,-9.466041565
-0.591656445,-9.467681885
-0.591516195,-9.467585564
-0.591387926,-9.473226547
-0.591213165,-9.471873283
-0.591072021,-9.473045349
-0.590887545,-9.47526741
-0.590757368,-9.471764565
-0.590587853,-9.471517563
-0.590433953,-9.473105431
-0.590301691,-9.475402832
-0.5901236519999999,-9.475804329
-0.590025542,-9.47750473
-0.589852987,-9.477322578
-0.589693783,-9.477624893
-0.589541553,-9.480662346
-0.589378415,-9.480013847
-0.589209316,-9.484323502
-0.58907014,-9.485732079
-0.588944672,-9.484716415
-0.588771937,-9.485570908
-0.588645099,-9.487726212
-0.588488458,-9.483244896
-0.588318048,-9.486366272
-0.588190256,-9.489855766
-0.587982414,-9.489218712
-0.587880967,-9.489624023
-0.58773428,-9.48798275
-0.587594507,-9.490436554
-0.587450562,-9.492577553
-0.587315975,-9.494451523
-0.587128518,-9.496341705
-0.58697289,-9.495752335
-0.586831031,-9.494841576
-0.586666403,-9.494681358
-0.586539147,-9.497393608
-0.586364387,-9.497867584
-0.586211322,-9.501387596
-0.586073456,-9.500296593
-0.585946439,-9.503718376
-0.585767148,-9.499204636
-0.585641859,-9.502138138
-0.585514126,-9.505161285
-0.585326491,-9.506387711
-0.585196493,-9.50676918
-0.585058032,-9.507767677
-0.584892569,-9.506444931
-0.584737478,-9.508278847
-0.584586678,-9.508612633
-0.584424673,-9.50942421
-0.584288893,-9.51125145
-0.584119914,-9.51332283
-0.583951531,-9.512970924
-0.583825527,-9.509818077
-0.583685575,-9.516569138
-0.583545325,-9.516690254
-0.583400307,-9.51762104
-0.583240328,-9.520923615
-0.583099542,-9.520277023
-0.582921444,-9.520880699
-0.582796095,-9.518657684
-0.582643447,-9.518164635
-0.582477687,-9.521800041
-0.582346736,-9.522579193
-0.582203863,-9.524783134
-0.582058368,-9.525993347
-0.581878064,-9.524759293
-0.581736563,-9.52680397
-0.58158177,-9.529101372
-0.581459222,-9.528532028
-0.581333099,-9.530862808
-0.581150351,-9.529695511
-0.581033228,-9.529643059
-0.580860255,-9.530317307
-0.580724834,-9.530543327
-0.580570815,-9.534025192
-0.58039373,-9.533276558
-0.580263732,-9.536062241
-0.580124972,-9.537022591
-0.579937456,-9.53707695
-0.579792081,-9.538162231
-0.579666672,-9.538027763
-0.579539357,-9.541848183
-0.579350768,-9.540880203
-0.579193829,-9.541335106
-0.579061447,-9.540682793
-0.578896998,-9.540994644
-0.578764437,-9.541195869
-0.578621147,-9.545253754
-0.578468679,-9.546586037
-0.578287838,-9.547268867
-0.578169463,-9.548172951
-0.578006027,-9.549191475
-0.577885447,-9.549311638
-0.577719985,-9.550618172
-0.577578245,-9.54871273
-0.5774343,-9.550175667
-0.577258168,-9.550343513
-0.577168403,-9.553447723
-0.577001272,-9.553174973
-0.576867698,-9.556447029
-0.576683758,-9.553010941
-0.57655382,-9.55624485
-0.57638943,-9.561889648
-0.576233385,-9.562321663
-0.576092063,-9.557602882
-0.575924156,-9.559703827
-0.575813292,-9.560726166
-0.575653015,-9.561937332
-0.5755110959999999,-9.562702179
-0.575357972,-9.567877769
-0.575194655,-9.564351082
-0.575037895,-9.563570976
-0.574909089,-9.563650131
-0.574739752,-9.566635132
-0.574599383,-9.568820953
-0.57445663,-9.57177639
-0.574327884,-9.570798874
-0.574173031,-9.572178841
-0.57399231,-9.572031021
-0.573866723,-9.572960854
-0.573750494,-9.573047638
-0.573602555,-9.574022293
-0.573451279,-9.573866844
-0.573303042,-9.57818222
-0.573152838,-9.575387955
-0.57301694,-9.579943657
-0.572845219,-9.580135345
-0.572708128,-9.580541611
-0.572556851,-9.580526352
-0.572416781,-9.585705757
-0.572277902,-9.584815979
-0.572073279,-9.583034515
-0.571934817,-9.581266403
-0.571815429,-9.584366798
-0.57167667,-9.585425377
-0.571522651,-9.58767128
-0.571366368,-9.585830688
-0.57120621,-9.590151787
-0.5710389,-9.589364052
-0.570902465,-9.588973045
-0.570767937,-9.589612007
-0.570619999,-9.590574265
-0.570478795,-9.595932007
-0.570328115,-9.594964981
-0.570175765,-9.593148232
-0.570025502,-9.594227791
-0.569889663,-9.597876549
-0.569743333,-9.597755432
-0.569584249,-9.59862709
-0.569441019,-9.601699829
-0.569302617,-9.60101223
-0.569152234,-9.602655411
-0.569011865,-9.601921082
-0.568847058,-9.603260994
-0.568715571,-9.604309082
-0.568589507,-9.605381012
-0.568410991,-9.603240013
-0.568280218,-9.605408669
-0.568148373,-9.609077454
-0.568001209,-9.607611656
-0.567828296,-9.607462883
-0.567649661,-9.612641335
-0.567527888,-9.611998558
-0.567403732,-9.614155769
-0.567237852,-9.612692833
-0.567088304,-9.612484932
-0.566931007,-9.61084938
-0.566772161,-9.613751411
-0.566658853,-9.614395142
-0.566525398,-9.618278503
-0.566367207,-9.61697197
-0.566191731,-9.620111465
-0.566088853,-9.619842529
-0.565964697,-9.61907196
-0.565794466,-9.623667717
-0.565636752,-9.622331619
-0.565500198,-9.625876427
-0.565331755,-9.626940727
-0.565184293,-9.625260353
-0.565061508,-9.625475883
-0.564912019,-9.623990059
-0.564781604,-9.625995636
-0.56463605,-9.629177094
-0.564475415,-9.628638268
-0.564305065,-9.632580757
-0.564152179,-9.631669044
-0.564045308,-9.63173008
-0.563895879,-9.630235672
-0.563753007,-9.636149406
-0.563637851,-9.638138771
-0.563430963,-9.633057594
-0.56330174,-9.636737823
-0.563141344,-9.638047218
-0.562993584,-9.639285088
-0.56289172,-9.639668465
-0.562738655,-9.642773628
-0.562559186,-9.640035629
-0.562426088,-9.643490791
-0.562281666,-9.644237518
-0.56218004,-9.644369125
-0.562029241,-9.646167755
-0.561879633,-9.646008492
-0.561723469,-9.646547318
-0.561586319,-9.647215843
-0.561439751,-9.648701668
-0.561324118,-9.64661026
-0.561167775,-9.647232056
-0.561030744,-9.648251534
-0.560877858,-9.651373863
-0.560731588,-9.655324936
-0.560580729,-9.655285835
-0.56043583,-9.653375626
-0.560264884,-9.655591011
-0.560115932,-9.654450417
-0.559987603,-9.656357765
-0.559841035,-9.657870293
-0.559683798,-9.658305168
-0.559540449,-9.658070564
-0.559404431,-9.656839371
-0.559240935,-9.660581589
-0.559087275,-9.664291382
-0.55894935,-9.662748337
-0.558814047,-9.662713051
-0.558669506,-9.664270401
-0.558533428,-9.66520977
-0.558393834,-9.666585922
-0.558258353,-9.666769981
-0.558105348,-9.670892715
-0.557937084,-9.66829586
-0.557779191,-9.669323921
-0.557650505,-9.668658257
-0.557520686,-9.668962479
-0.557364462,-9.671356201
-0.557226537,-9.673300743
-0.557065724,-9.673474312
-0.556930361,-9.676314354
-0.55679643,-9.674922943
-0.556640802,-9.676528931
-0.55651301,-9.67651844
-0.5563402159999999,-9.680377007
-0.556224404,-9.680840492
-0.556067525,-9.681407928
-0.555900095,-9.679522514
-0.555790125,-9.680086136
-0.555673359,-9.681763649
-0.555506824,-9.683101654
-0.555375574,-9.68192482
-0.555233656,-9.684366226
-0.555083809,-9.685206413
-0.554949163,-9.686580658
-0.554778455,-9.688257217
-0.554649768,-9.688843727
-0.554464338,-9.692502975
-0.554315863,-9.69308567
-0.554194508,-9.69241333
-0.554057716,-9.691365242
-0.553941188,-9.693681717
-0.553783117,-9.691093445
-0.553644536,-9.691461563
-0.553504584,-9.694749832
-0.553352354,-9.697068214
-0.553211032,-9.698854446
-0.553055523,-9.696928978
-0.552917061,-9.699097633
-0.55276799,-9.703879356
-0.552591203,-9.698533058
-0.552486835,-9.701154709
-0.552340267,-9.700475693
-0.552198527,-9.698952675
-0.552061794,-9.703211784
-0.55190873,-9.700267792
-0.551761506,-9.703828812
-0.551615415,-9.704826355
-0.55144727,-9.708120346
-0.551342247,-9.708205223
-0.551168023,-9.707809448
-0.55104631,-9.707385063
-0.550929783,-9.708872795
-0.550765632,-9.710534096
-0.55064374,-9.711670876
-0.550508974,-9.715647697
-0.550332962,-9.714256287
-0.550220488,-9.715027809
-0.550049959,-9.713750839
-0.549917994,-9.716119766
-0.54975426,-9.717058182
-0.549627302,-9.717211723
-0.549477218,-9.717646599
-0.549351273,-9.717912674
-0.549185989,-9.719661713
-0.549089728,-9.718236923
-0.548906146,-9.722537041
-0.548771141,-9.720887184
-0.54863107,-9.725328445
-0.54844874,-9.723583221
-0.548326789,-9.723844528
-0.548202096,-9.722184181
-0.548053978,-9.726445198
-0.547918258,-9.729746819
-0.547771392,-9.731438637
-0.547615288,-9.729909897
-0.547481893,-9.729003906
-0.547336934,-9.732197762
-0.547201036,-9.730367661
-0.547105311,-9.730319977
-0.546933053,-9.733982086
-0.546811162,-9.735037804
-0.546651242,-9.735375404
-0.54651439,-9.733981133
-0.546357153,-9.735006332
-0.546226798,-9.738075256
-0.546104489,-9.738739014
-0.545967935,-9.739559174
-0.545812188,-9.740619659
-0.5456828459999999,-9.740199089
-0.545544801,-9.740407944
-0.545417963,-9.73933506
-0.545279561,-9.743143082
-0.5451304299999999,-9.744400024
-0.544986187,-9.742606163
-0.544846771,-9.743234634
-0.544717727,-9.744698524
-0.544555483,-9.745646477
-0.544457195,-9.745861053
-0.54429215,-9.745942116
-0.544160126,-9.750136375
-0.544027386,-9.750001907
-0.543890653,-9.74816227
-0.543726979,-9.749235153
-0.543604909,-9.749772072
-0.5434228759999999,-9.750425339
-0.543293117,-9.753364563
-0.543157218,-9.75398159
-0.543030916,-9.754714012
-0.542900382,-9.757896423
-0.542754529,-9.754868507
-0.542642294,-9.75658989
-0.542487798,-9.760601997
-0.542339442,-9.759176254
-0.542205392,-9.763832092
-0.542069731,-9.76376152
-0.541934727,-9.760015488
-0.54177588,-9.761521339
-0.541651962,-9.763977051
-0.5415166,-9.763773918
-0.541348456,-9.76444149
-0.541257976,-9.76593399
-0.541119276,-9.765809059
-0.540938078,-9.767321587
-0.540824292,-9.765420914
-0.54070407,-9.771902084
-0.540531037,-9.769259453
-0.54041308,-9.769282341
-0.540261326,-9.770246506
-0.540139733,-9.771569252
-0.540036378,-9.774055481
-0.539860068,-9.774085999
-0.539746104,-9.774815559
-0.539608119,-9.776394844
-0.5394507629999999,-9.776094437
-0.53934258,-9.775353432
-0.53919494,-9.77188015
-0.539031027,-9.775432587
-0.538921533,-9.776782036
-0.538777707,-9.777449608
-0.538640318,-9.780323982
-0.538506387,-9.780659676
-0.538376806,-9.780077934
-0.538220642,-9.781085014
-0.538102983,-9.785716057
-0.537981866,-9.78705883
-0.537838934,-9.789571762
-0.53768879,-9.788166046
-0.537558971,-9.785377502
-0.5373978,-9.790874481
-0.537256299,-9.7898283
-0.537111996,-9.788277626
-0.536993144,-9.791390419
-0.536884783,-9.790220261
-0.536718128,-9.791651726
-0.53659731,-9.793761253
-0.536421834,-9.790159225
-0.536310313,-9.793921471
-0.536132751,-9.796010017
-0.536023973,-9.797883034
-0.535869597,-9.795874596
-0.535737393,-9.792507172
-0.535656987,-9.798035622
-0.53549212,-9.800065041
-0.535343586,-9.799080849
-0.535202382,-9.800338745
-0.535092352,-9.799840927
-0.534940062,-9.801401138
-0.534797011,-9.800396919
-0.534674464,-9.803610802
-0.534539698,-9.800114632
-0.534413694,-9.803496361
-0.534265576,-9.805888176
-0.53412783,-9.807206154
-0.534005283,-9.805121422
-0.533876358,-9.804594994
-0.533738492,-9.805317879
-0.53360766,-9.807922363
-0.53345841,-9.810698509
-0.533348141,-9.811461449
-0.533181248,-9.813498497
-0.533068536,-9.814883232
-0.532928346,-9.813278198
-0.532782493,-9.814043999
-0.532636283,-9.815052986
-0.53247386,-9.817941666
-0.532368301,-9.816933632
-0.532230614,-9.817845345
-0.532115636,-9.817293167
-0.531972824,-9.819295883
-0.531842349,-9.820025444
-0.531729518,-9.820073128
-0.531587003,-9.823740959
-0.531439601,-9.825431824
-0.531305431,-9.82377243
-0.531193016,-9.823768616
-0.531043826,-9.822352409
-0.530918358,-9.825546265
-0.530778049,-9.822758675
-0.530670581,-9.829081535
-0.530458031,-9.831226349
-0.530385373,-9.827856064
-0.530240117,-9.830426216
-0.53012353,-9.828667641
-0.529979048,-9.829483986
-0.529805837,-9.831311226
-0.529727696,-9.834414482
-0.529590486,-9.833535194
-0.529411135,-9.834712029
-0.529263733,-9.832305908
-0.529179512,-9.834226608
-0.529033957,-9.836860657
-0.528938888,-9.837441444
-0.528774915,-9.836893082
-0.528652726,-9.838956833
-0.528530179,-9.84239006
-0.528409837,-9.840965271
-0.528268693,-9.841357231
-0.528138695,-9.842139244
-0.528007744,-9.841176033
-0.527846454,-9.843141556
-0.52774143,-9.844332695
-0.527625023,-9.843570709
-0.527490316,-9.844825745
-0.527331946,-9.843998909
-0.527218876,-9.846552849
-0.527104614,-9.846643448
-0.526942311,-9.847857475
-0.52681887,-9.854065895
-0.526656507,-9.852395058
-0.526523827,-9.851852417
-0.526437102,-9.84999752
-0.526264845,-9.849709511
-0.526129602,-9.852472305
-0.526013253,-9.853219032
-0.525887845,-9.856399536
-0.525728701,-9.857117653
-0.525601862,-9.857872009
-0.525467692,-9.858019829
-0.525314389,-9.856523514
-0.525219081,-9.857643127
-0.525068579,-9.861253738
-0.52494031,-9.861888885
-0.524817346,-9.859449387
-0.524683891,-9.861234665
-0.5245656949999999,-9.859759331
-0.524418412,-9.861917496
-0.524280248,-9.86192131
-0.524167238,-9.866002083
-0.524021445,-9.86564064
-0.523866294,-9.86550808
-0.52373731,-9.866977692
-0.523606895,-9.866362572
-0.523494659,-9.869184494
-0.523321388,-9.872066498
-0.523211656,-9.869249344
-0.523097513,-9.873277664
-0.522941409,-9.871765137
-0.522837935,-9.872470856
-0.522720752,-9.871582031
-0.522571562,-9.871044159
-0.522431789,-9.874710083
-0.522312878,-9.877882004
-0.52219492,-9.878614426
-0.522033392,-9.877325058
-0.521910368,-9.876137733
-0.521815417,-9.87640667
-0.521618722,-9.877177238
-0.521508096,-9.881491661
-0.521361111,-9.884036064
-0.521245657,-9.882407188
-0.521115003,-9.884010315
-0.52098882,-9.884627342
-0.520843802,-9.881023407
-0.520713328,-9.88305378
-0.520601509,-9.88629055
-0.520463882,-9.888965607
-0.520312307,-9.886932373
-0.520188032,-9.886303902
-0.520064233,-9.887132645
-0.519934772,-9.886079788
-0.519810198,-9.889095306
-0.51970285,-9.888032913
-0.5195415,-9.891744614
-0.519416092,-9.893082619
-0.519268392,-9.890501976
-0.51914203,-9.893848419
-0.519034324,-9.892977715
-0.51890379,-9.895414352
-0.518785654,-9.896341324
-0.518639861,-9.898124695
-0.51850432,-9.900295258
-0.51839721,-9.898706436
-0.51827216,-9.898691177
-0.518127559,-9.899703026
-0.518013476,-9.899915695
-0.517876981,-9.902029991
-0.517752109,-9.905607224
-0.517607747,-9.906538963
-0.517483411,-9.904751778
-0.517345129,-9.90284729
-0.51722127,-9.906311035
-0.517110227,-9.905197144
-0.516967176,-9.908715248
-0.516823707,-9.908568382
-0.516675888,-9.907146454
-0.516577242,-9.909226418
-0.516452072,-9.908845901
-0.516339777,-9.909974098
-0.516198097,-9.916012764
-0.5160619,-9.91439724
-0.515924214,-9.913775444
-0.515800951,-9.914388657
-0.515649794,-9.911279678
-0.515544651,-9.913968086
-0.515434919,-9.91413784
-0.515294967,-9.917016029
-0.515158532,-9.916246414
-0.51502168,-9.916836739
-0.51489204,-9.916755676
-0.514800189,-9.918041229
-0.514642416,-9.919126511
-0.514523624,-9.920918465
-0.514402865,-9.923359871
-0.514298258,-9.923940659
-0.514120458,-9.924689293
-0.514028726,-9.923511505
-0.513909994,-9.9249506
-0.513773916,-9.922672272
-0.513664303,-9.923274994
-0.513527451,-9.9258461
-0.513398586,-9.927009583
-0.513271509,-9.928134918
-0.513151346,-9.925023079
-0.513027011,-9.929359436
-0.512892066,-9.929813385
-0.512769757,-9.929844856
-0.51261699,-9.930959702
-0.512494085,-9.930621147
-0.512404857,-9.93116188
-0.512238143,-9.934360504
-0.512139259,-9.930254936
-0.51202911,-9.933525085
-0.511895059,-9.935383797
-0.511772154,-9.933207512
-0.511650262,-9.934584618
-0.511555312,-9.934409142
-0.511386512,-9.936935425
-0.511266409,-9.933422089
-0.511185346,-9.931195259
-0.511021672,-9.938177109
-0.5109089,-9.936589241
-0.510793744,-9.939571381
-0.510651348,-9.938015938
-0.510562835,-9.940538406
-0.510437904,-9.940353394
-0.51031935,-9.939712524
-0.510187147,-9.93932724
-0.510077952,-9.94325161
-0.509967385,-9.943809509
-0.509835778,-9.943864822
-0.509716688,-9.94372654
-0.509612082,-9.946634293
-0.509488581,-9.94542408
-0.509341119,-9.94834137
-0.509238659,-9.948652267
-0.509090422,-9.952791214
-0.508963345,-9.951898575
-0.50883597,-9.95148468
-0.50871229,-9.950145721
-0.508588014,-9.951659203
-0.508480666,-9.952792168
-0.508398591,-9.954154968
-0.5082332469999999,-9.954452515
-0.508111535,-9.95837307
-0.507947622,-9.956622124
-0.507879494,-9.957685471
-0.507734953,-9.958950043
-0.507605074,-9.956927299
-0.5075016,-9.957953453
-0.507384418,-9.95900631
-0.507290779,-9.960533142
-0.5071519,-9.961195946
-0.507012723,-9.96020031
-0.50689107,-9.962976456
-0.50677645,-9.963380814
-0.506633518,-9.964561462
-0.506562708,-9.966632843
-0.50638759,-9.970202446
-0.506266592,-9.968810081
-0.506166158,-9.967080116
-0.506017206,-9.967558861
-0.50589609,-9.96713829
-0.505781232,-9.967313766
-0.505647538,-9.966777802
-0.505546449,-9.969862938
-0.505417822,-9.971221924
-0.50528544,-9.971850395
-0.505198119,-9.972205162
-0.505054889,-9.97195816
-0.504936932,-9.975403786
-0.504800377,-9.974340439
-0.504693566,-9.978082657
-0.504556475,-9.979066849
-0.504402993,-9.976973534
-0.504321991,-9.978952408
-0.504171608,-9.977974892
-0.504060863,-9.977576256
-0.50396019,-9.980101585
-0.503839312,-9.977970123
-0.503698943,-9.981352806
-0.50361508,-9.97604847
-0.503523408,-9.964669228
-0.503410397,-9.947598457
-0.503368734,-9.92519474
-0.503324745,-9.889371872
-0.503257511,-9.857842445
-0.503284333,-9.831441879
-0.503270803,-9.810483932
-0.503256856,-9.800806999
-0.503255127,-9.789722443
-0.503221093,-9.780714035
-0.503206847,-9.772782326
-0.503217278,-9.766842842
-0.503198085,-9.76140976
-0.503232835,-9.755429268
-0.503210662,-9.746986389
-0.503203509,-9.744652748
-0.503213225,-9.73915863
-0.503177999,-9.734506607
-0.503182707,-9.730679512
-0.503189562,-9.727659225
-0.503152071,-9.723400116
-0.503192185,-9.720391273
-0.503148733,-9.717350006
-0.50317484,-9.712407112
-0.503173588,-9.709822655
-0.503167925,-9.709927559
-0.50318229,-9.705979347
-0.503196655,-9.702266693
-0.503192721,-9.698439598
-0.503181098,-9.697014809
-0.503144322,-9.694561005
-0.5031672699999999,-9.691074371
-0.503159104,-9.688653946
-0.503186463,-9.684744835
-0.503185986,-9.681964874
-0.503135739,-9.68000412
-0.503169356,-9.677753448
-0.503141699,-9.678797722
-0.503139434,-9.673868179
-0.503165184,-9.669282913
-0.503135024,-9.6689291
-0.503132103,-9.670001984
-0.503156183,-9.664172173
-0.503148256,-9.662331581
-0.503165064,-9.661158562
-0.503175734,-9.658488274
-0.503166197,-9.656356812
-0.503166257,-9.656520844
-0.503142415,-9.655705452
-0.503151892,-9.6534338
-0.503151713,-9.651456833
-0.503153322,-9.651339531
-0.503147839,-9.647683144
-0.503153024,-9.649538994
-0.50314003,-9.64541626
-0.503165899,-9.644638062
-0.50312203,-9.644478798
-0.503172038,-9.640119553
-0.503148137,-9.640961647
-0.503119825,-9.63666153
-0.503165959,-9.637179375
-0.503139911,-9.632817268
-0.503138362,-9.635690689
-0.50318837,-9.62957859
-0.503149925,-9.631040573
-0.503129659,-9.630907059
-0.503124831,-9.627374649
-0.50314915,-9.627589226
-0.503142772,-9.624607086
-0.503152965,-9.62296772
-0.503127931,-9.62161541
-0.503144858,-9.620036125
-0.503156779,-9.619916916
-0.503167568,-9.620650291
-0.50316274,-9.618491173
-0.503133057,-9.604693413
-0.503180323,-9.566948891
-0.50318688,-9.529628754
-0.503180919,-9.482230186
-0.503213642,-9.427052498
-0.503234504,-9.375621796
-0.503252564,-9.325310707
-0.503292738,-9.272316933
-0.503282962,-9.220150948
-0.503309188,-9.162301064
-0.503338931,-9.11037159
-0.503339825,-9.058753967
-0.503366469,-9.005807877
-0.503390906,-8.954405785
-0.503417192,-8.90073967
-0.50345516,-8.849974632
-0.503481982,-8.799880981
-0.503473697,-8.744709969
-0.503496705,-8.693122864
-0.503526447,-8.643363953
-0.503568886,-8.588522911
-0.503632126,-8.539790154
-0.503653405,-8.490911484
-0.503641008,-8.43941021
-0.503657458,-8.388928413
-0.503669141,-8.340132713
-0.503715752,-8.28948307
-0.503708778,-8.237370491
-0.503778158,-8.187417984
-0.503762482,-8.132724762
-0.503810881,-8.077429771
-0.503829954,-8.029261589
-0.503844081,-7.977939129
-0.503930925,-7.92935133
-0.503937123,-7.878997326
-0.503950534,-7.830255985
-0.503992794,-7.77942276
-0.504029153,-7.729660511
-0.504045485,-7.67901659
-0.504055975,-7.632255077
-0.504098652,-7.584044456
-0.504095493,-7.527827263
-0.504183469,-7.481035709
-0.504176198,-7.427805424
-0.504240213,-7.376596451
-0.504229603,-7.329237461
-0.504282532,-7.27562809
-0.504281459,-7.225451946
-0.504314063,-7.176568508
-0.50435221,-7.125988007
-0.504407166,-7.076137066
-0.504414199,-7.024113178
-0.504466353,-6.973159313
-0.504495738,-6.921166897
-0.504527805,-6.871900082
-0.504589019,-6.82572031
-0.504584489,-6.775345802
-0.504622994,-6.728918552
-0.504641591,-6.6755867
-0.504685758,-6.627710342
-0.504724441,-6.578084946
-0.504771767,-6.531663418
-0.504791616,-6.492759705
-0.504801629,-6.44810915
-0.504830359,-6.397584438
-0.504901467,-6.344538212
-0.504889606,-6.295725346
-0.50491011,-6.244900227
-0.504937587,-6.193922997
-0.505000291,-6.147780418
-0.505032955,-6.099381924
-0.505033253,-6.049049377
-0.505098997,-6.00053215
-0.505086778,-5.94382143
-0.505160449,-5.88939476
-0.505160091,-5.841405392
-0.505180178,-5.793735504
-0.505264519,-5.742944241
-0.50526589,-5.692790031
-0.505302308,-5.646625519
-0.505365549,-5.59940052
-0.505369065,-5.548529625
-0.5054263449999999,-5.499340534
-0.505433856,-5.448783398
-0.505459128,-5.402685165
-0.505483566,-5.352358818
-0.505546449,-5.303630352
-0.505584715,-5.251882553
-0.505614815,-5.206361771
-0.505656896,-5.15618372
-0.505708991,-5.109689713
-0.505721686,-5.063511848
-0.505768715,-5.018777847
-0.505772172,-4.979294777
-0.505784331,-4.938633442
-0.505827544,-4.894814014
-0.505844234,-4.859145641
-0.505858121,-4.827315331
-0.505898891,-4.806386471
-0.50593978,-4.788303852
-0.505941151,-4.781730652
-0.505935548,-4.778862476
-0.505936621,-4.77226162
-0.505924223,-4.764227867
-0.505955814,-4.668139935
-0.506035207,-4.562761784
-0.506094752,-4.48401165
-0.506174503,-4.410703182
-0.50622922,-4.348856449
-0.506271718,-4.305904865
-0.50629401,-4.273757935
-0.506278692,-4.251299381
-0.506335734,-4.221934795
-0.506356476,-4.173265934
-0.50641763,-4.106163502
-0.506471274,-4.023898602
-0.506553171,-3.948932409
-0.506616591,-3.86697793
-0.506656347,-3.794615984
-0.506683169,-3.725931406
-0.50675833,-3.66846633
-0.506794928,-3.607944489
-0.506848691,-3.551743507
-0.506895958,-3.495041847
-0.506943939,-3.440223217
-0.506988524,-3.388310671
-0.507008968,-3.334817886
-0.507044254,-3.282916069
-0.507097302,-3.23179388
-0.507134555,-3.173065662
-0.507171748,-3.122725248
-0.507218598,-3.071110725
-0.507267116,-3.019827127
-0.507312177,-2.967418909
-0.507348118,-2.91667366
-0.507359562,-2.867429495
-0.507447181,-2.815997601
-0.507469235,-2.765626192
-0.507521687,-2.713768005
-0.507554827,-2.665549278
-0.507615803,-2.614590883
-0.507660089,-2.564830542
-0.507678149,-2.513979912
-0.507724045,-2.462841511
-0.507757781,-2.411757946
-0.507805763,-2.364775658
-0.507811127,-2.314765215
-0.507867275,-2.263124704
-0.507891653,-2.215109825
-0.507928727,-2.163753986
-0.507972775,-2.117206812
-0.508032916,-2.068333387
-0.508042393,-2.018968821
-0.508101521,-1.969970226
-0.508126197,-1.924602032
-0.50815743,-1.875656486
-0.508212207,-1.828010917
-0.508259235,-1.780753493
-0.508298336,-1.734801888
-0.508331893,-1.684652805
-0.508356391,-1.635172486
-0.508405862,-1.588906884
-0.508436976,-1.538874269
-0.508490084,-1.493183613
-0.508515595,-1.442762136
-0.50855553,-1.398029089
-0.508627532,-1.349933386
-0.50863236,-1.304954529
-0.508674739,-1.260231853
-0.508709429,-1.211250663
-0.508746265,-1.162735939
-0.508807121,-1.119866371
-0.508847354,-1.070577979
-0.508898018,-1.022458315
-0.508908866,-0.975365102
-0.508954702,-0.930911183
-0.508993922,-0.88367939
-0.509060977,-0.840928555
-0.509081898,-0.794423103
-0.509128867,-0.744962931
-0.509167729,-0.702242792
-0.509201048,-0.65634954
-0.509227155,-0.609741867
-0.509279249,-0.566250503
-0.509341477,-0.519333482
-0.509372411,-0.475599915
-0.509397803,-0.432553321
-0.509459792,-0.382678717
-0.509478865,-0.338508844
-0.509500263,-0.295375496
-0.50959426,-0.251464039
-0.509585081,-0.204795688
-0.509631572,-0.161511213
-0.509682832,-0.118267916
-0.509711323,-0.073866099
-0.509758232,-0.030038953
-0.509843467,0.013169545
-0.509878038,0.057690971
-0.509883342,0.100375026
-0.509921966,0.142555311
-0.509963809,0.188054562
-0.510024605,0.231727004
-0.510040162,0.275216252
-0.510081707,0.319747746
-0.510131834,0.360101312
-0.510187982,0.404276639
-0.510249196,0.447940558
-0.510277389,0.490984708
-0.510300277,0.533137381
-0.510330794,0.575044811
-0.510375558,0.617519617
-0.510437308,0.659351349
-0.510473011,0.70246774
-0.510525821,0.745209754
-0.510559676,0.784783721
-0.510617374,0.828466713
-0.51066768,0.867636323
-0.510711787,0.91178453
-0.510765014,0.956131697
-0.5107882,0.997655571
-0.51082593,1.039737463
-0.510849176,1.080155492
-0.510934291,1.125354886
-0.510984061,1.165182829
-0.511025189,1.205976009
-0.511060653,1.244284511
-0.511118529,1.286616564
-0.5111621,1.327201128
-0.511193214,1.369071126
-0.511262236,1.408934832
-0.511315046,1.445653439
-0.511358796,1.489758134
-0.511409817,1.526713729
-0.511451123,1.568175554
-0.511503218,1.604346752
-0.511525152,1.644413352
-0.511595426,1.684862494
-0.511635004,1.724893093
-0.511713384,1.763540506
-0.51174104,1.801348686
-0.5117954,1.843745112
-0.511862693,1.880614042
-0.511910735,1.918469071
-0.511944352,1.958106279
-0.511998532,1.997544527
-0.512024282,2.034550905
-0.512106655,2.070986032
-0.512123583,2.106666088
-0.512197672,2.141737461
-0.512242852,2.180413246
-0.512285171,2.217191458
-0.512358842,2.255300283
-0.512394844,2.29061389
-0.512480674,2.326587677
-0.512511907,2.364157438
-0.512581704,2.398766518
-0.512593804,2.436059952
-0.512677429,2.469931364
-0.512713609,2.505017042
-0.512804924,2.54369235
-0.512827454,2.577292204
-0.512859879,2.613599062
-0.51294118,2.645927668
-0.512980519,2.683167458
-0.513017593,2.719228029
-0.513101814,2.756631613
-0.513108252,2.78943634
-0.513184963,2.822505236
-0.513258038,2.857415915
-0.513306914,2.891359091
-0.51338136,2.922325134
-0.513402758,2.95785594
-0.513463078,2.989095449
-0.513519345,3.022861481
-0.513599275,3.057478666
-0.513632951,3.091356277
-0.513672708,3.119731426
-0.513779698,3.153498888
-0.513789771,3.182823896
-0.513855396,3.218832016
-0.513962327,3.248283386
-0.51396328,3.281734705
-0.514029203,3.311542511
-0.514124272,3.343497753
-0.51413667,3.377160311
-0.514242409,3.408829212
-0.514283655,3.44100976
-0.514333246,3.469460249
-0.514396308,3.501831293
-0.514481602,3.535354853
-0.514475999,3.563863993
-0.51455581,3.597648144
-0.514639078,3.624537706
-0.514693676,3.658131123
-0.514759539,3.686763048
-0.514803408,3.714748144
-0.514868973,3.742048502
-0.514950333,3.768939734
-0.515009878,3.800998688
-0.515060483,3.830091238
-0.515109954,3.862151384
-0.515191553,3.887566805
-0.515235303,3.917457819
-0.515295504,3.943705797
-0.515348135,3.972167969
-0.515443085,4.000653267
-0.515513001,4.027543545
-0.515566884,4.056308746
-0.515629707,4.082061291
-0.515694199,4.113730431
-0.51576346,4.137523174
-0.51584631,4.168206215
-0.515867887,4.191245079
-0.515959857,4.214682579
-0.5159954409999999,4.244664669
-0.516047893,4.271849155
-0.516131518,4.298283577
-0.516227124,4.323506355
-0.516304253,4.350896358
-0.51635146,4.377118587
-0.516430257,4.40376997
-0.516500114,4.427034378
-0.516515432,4.4491992
-0.51660925,4.472119331
-0.516670762,4.501399994
-0.516776262,4.524603844
-0.516827641,4.551671028
-0.516873417,4.574237347
-0.516962824,4.596368313
-0.517032621,4.621537209
-0.517081378,4.64432478
-0.517150937,4.665784836
-0.51721072,4.693381786
-0.517303107,4.712920666
-0.51736152,4.742322445
-0.517442821,4.759379864
-0.51748961,4.785607815
-0.517570017,4.806649208
-0.517661629,4.829613686
-0.517747996,4.851243019
-0.517815528,4.874386787
-0.517875193,4.89415741
-0.51793891,4.913458824
-0.51802939,4.937411785
-0.518096982,4.96143961
-0.518162785,4.980704308
-0.518238781,5.002238274
-0.518282352,5.022827148
-0.518328426,5.044971466
-0.518475352,5.064748764
-0.518536804,5.087281704
-0.518619714,5.10735321
-0.518675087,5.127949715
-0.518764434,5.145455837
-0.518831847,5.167298794
-0.518947182,5.18889904
-0.519009112,5.208628178
-0.519068537,5.229043007
-0.519148765,5.245504856
-0.519191919,5.262897491
-0.519257544,5.284544945
-0.519354282,5.304395676
-0.519413887,5.323773384
-0.519497572,5.34427166
-0.519590138,5.362103939
-0.519650994,5.377905369
-0.51972854,5.396845818
-0.519797502,5.416353703
-0.519883929,5.433793068
-0.519953726,5.451900482
-0.520006476,5.46912384
-0.520113407,5.488780499
-0.520151673,5.506344318
-0.520271955,5.527681351
-0.520352243,5.540568352
-0.520431994,5.55753088
-0.520512698,5.574945927
-0.520592211,5.590706348
-0.520658253,5.609510899
-0.520721017,5.627850533
-0.520816205,5.644012451
-0.520911513,5.657375813
-0.520970224,5.676084995
-0.521053908,5.690054893
-0.521120368,5.706065178
-0.521203039,5.726264477
-0.521307943,5.741972923
-0.521355866,5.753707886
-0.52146071,5.772555351
-0.521552919,5.790921688
-0.52161449,5.80410099
-0.521738349,5.818960667
-0.52178794,5.836475849
-0.521867869,5.848029613
-0.521971403,5.868392467
-0.522061883,5.881625652
-0.522142826,5.896351337
-0.522210715,5.910892487
-0.52227479,5.92420435
-0.522356389,5.943003178
-0.522469936,5.952645302
-0.522507189,5.96845293
-0.522586344,5.984457493
-0.522650419,5.998036861
-0.522752581,6.009963512
-0.522834061,6.024801731
-0.522914706,6.038553238
-0.522993742,6.052480698
-0.523088453,6.067819118
-0.523136912,6.082971573
-0.523209391,6.098811626
-0.523345647,6.107411861
-0.523388324,6.122793198
-0.523486076,6.136055946
-0.523582278,6.149785995
-0.523637233,6.162604809
-0.523726104,6.174896717
-0.523813544,6.188519955
-0.523916839,6.201533794
-0.523973165,6.213225365
-0.524093328,6.222144127
-0.524175881,6.239436626
-0.524239777,6.251348972
-0.524369,6.262033939
-0.524452208,6.274402142
-0.524497328,6.289473534
-0.524603305,6.300876617
-0.524687944,6.312366962
-0.524773,6.323926449
-0.524838088,6.337907791
-0.524941443,6.34706974
-0.525025426,6.356134892
-0.525119184,6.369659424
-0.525209604,6.384019375
-0.525325893,6.392248631
-0.525393186,6.405129433
-0.525463162,6.413956165
-0.525539754,6.426795959
-0.525618194,6.437641144
-0.525733946,6.447813988
-0.525833486,6.46146059
-0.5259127,6.473721504
-0.525957881,6.484155655
-0.526041387,6.493926048
-0.52617514,6.504885674
-0.526275693,6.517589092
-0.526323674,6.526052952
-0.526403425,6.536223412
-0.526499925,6.549012184
-0.526628552,6.559457302
-0.52668011,6.568443775
-0.526755331,6.579249382
-0.526840149,6.58975172
-0.526944576,6.599541187
-0.527048109,6.609215736
-0.527110456,6.618978024
-0.527224718,6.62958765
-0.527318714,6.64089489
-0.527418135,6.648902893
-0.527501879,6.659704685
-0.527563034,6.668590069
-0.527659772,6.67553997
-0.527788518,6.688968182
-0.527877389,6.696669102
-0.527968703,6.704874516
-0.528039871,6.716855526
-0.528169392,6.726922989
-0.528235255,6.736009121
-0.528327344,6.743004799
-0.528407751,6.752854824
-0.528521417,6.765041351
-0.528592108,6.773937702
-0.528681872,6.780302525
-0.528789459,6.790566921
-0.528873621,6.800963879
-0.529011069,6.808842182
-0.529049097,6.818655491
-0.52917224,6.822454453
-0.529274581,6.834253788
-0.529341934,6.844590187
-0.529444633,6.850392342
-0.529522477,6.860982895
-0.529645024,6.867763519
-0.529745041,6.876957893
-0.529867051,6.885619164
-0.529926775,6.891503811
-0.530003605,6.900341034
-0.530130981,6.907281876
-0.530199049,6.918344498
-0.530321894,6.924438953
-0.530364571,6.933205605
-0.530501602,6.941417694
-0.530612467,6.950852871
-0.530671297,6.957817554
-0.530767618,6.96483326
-0.530853806,6.971384525
-0.53097236,6.979629517
-0.531042336,6.989112854
-0.531148313,6.99446106
-0.531249164,6.999466896
-0.531321107,7.01251936
-0.531412004,7.020619869
-0.531528531,7.027844429
-0.531617699,7.03318882
-0.531726239,7.038424015
-0.531806229,7.046379566
-0.531922696,7.056467056
-0.532017646,7.062758446
-0.532109259,7.068180084
-0.532183467,7.077373981
-0.53230655,7.082497597
-0.532397268,7.095249653
-0.532546936,7.099101067
-0.532611011,7.104812622
-0.532701133,7.111000061
-0.532822965,7.117911816
-0.532907186,7.128180027
-0.533009647,7.132750988
-0.533106623,7.140071392
-0.533205567,7.144922733
-0.533288358,7.152039528
-0.533401011,7.162047863
-0.533491848,7.166154385
-0.533619223,7.176601887
-0.533691524,7.179884434
-0.533823786,7.189651489
-0.53391373,7.194501877
-0.534024714,7.201469421
-0.534113823,7.205123425
-0.5342257,7.211710453
-0.534321485,7.217103004
-0.534443615,7.225621223
-0.53455442,7.230130196
-0.534604846,7.235194206
-0.534754751,7.24024725
-0.534840701,7.248026848
-0.534922896,7.252234459
-0.535046576,7.262078762
-0.535128472,7.264671326
-0.535243211,7.270874977
-0.535337089,7.278054237
-0.535459993,7.286104202
-0.535555301,7.291902065
-0.535685239,7.296948433
-0.53576511,7.298843861
-0.53589773,7.307718277
-0.535964904,7.309607983
-0.536092816,7.317261696
-0.536184905,7.323637486
-0.536272882,7.332633495
-0.536386726,7.336670399
-0.536474047,7.340359211
-0.536588131,7.346059322
-0.53671485,7.352510452
-0.536812304,7.358592033
-0.536914168,7.363946915
-0.537004648,7.369011402
-0.53711283,7.375205517
-0.537194071,7.378718853
-0.537350474,7.383710861
-0.537429867,7.391076565
-0.537533222,7.397068501
-0.537656842,7.403455734
-0.53774762,7.40382719
-0.537846921,7.41127491
-0.537979065,7.416094303
-0.538105009,7.423923969
-0.538194595,7.425235271
-0.538303612,7.431800365
-0.538402317,7.44024992
-0.538502632,7.439956665
-0.538633285,7.447849751
-0.538736938,7.453039169
-0.538856266,7.456218719
-0.538942931,7.461834431
-0.539049922,7.467943668
-0.539143441,7.470278263
-0.539258895,7.477623463
-0.539382873,7.478369713
-0.539472101,7.483150959
-0.539609311,7.487591267
-0.539743422,7.495253086
-0.539824722,7.500909328
-0.539929329,7.504368782
-0.540069757,7.508330345
-0.540158508,7.514590263
-0.540255545,7.517361641
-0.540377675,7.524126053
-0.540488599,7.528785706
-0.540602086,7.530775547
-0.540704785,7.533549309
-0.540807424,7.541543961
-0.5409575679999999,7.545800209
-0.541019974,7.551826477
-0.54113525,7.553349018
-0.541249333,7.559484005
-0.541374324,7.564064503
-0.541481851,7.568856239
-0.541618405,7.570923805
-0.541732011,7.574602127
-0.541839777,7.579406738
-0.54192966,7.582351685
-0.542091845,7.589645863
-0.542186676,7.594096184
-0.542306541,7.595695972
-0.542396961,7.59665966
-0.542518852,7.606346607
-0.542612968,7.608453751
-0.542721031,7.61420393
-0.542841731,7.61703825
-0.542995034,7.61999321
-0.543089984,7.623335361
-0.543209074,7.627645016
-0.543312786,7.633664608
-0.543404518,7.637432575
-0.54354584,7.642168999
-0.54366046,7.644812584
-0.543764351,7.647025108
-0.543877659,7.653358459
-0.543995557,7.65581131
-0.544118343,7.662512302
-0.544211982,7.661004066
-0.544368146,7.668096066
-0.544465421,7.670486927
-0.544570325,7.671822071
-0.544688163,7.676875114
-0.544815598,7.683103561
-0.544919489,7.68625164
-0.545031248,7.687845707
-0.545147715,7.695552826
-0.545283256,7.698993206
-0.545390604,7.702785015
-0.545508443,7.70486784
-0.54563099,7.709625244
-0.545739172,7.712211609
-0.545859752,7.713328838
-0.545975028,7.71952343
-0.546083806,7.721869946
-0.546232281,7.724135876
-0.546336411,7.726487637
-0.546451865,7.732962132
-0.546579836,7.736980915
-0.546689747,7.739308834
-0.546800194,7.742322922
-0.546927868,7.74511528
-0.547066687,7.745954037
-0.5471853,7.749051571
-0.547274707,7.759935856
-0.547388671,7.761259079
-0.547568617,7.762666225
-0.547638891,7.767275333
-0.547741948,7.767352581
-0.547853408,7.770726204
-0.548023699,7.772725582
-0.548098562,7.777654171
-0.54825568,7.782640457
-0.5484005789999999,7.785844326
-0.548474608,7.785833836
-0.548595427,7.792987823
-0.548740028,7.793632984
-0.54883462,7.799713612
-0.54896426,7.802317142
-0.549082575,7.80105114
-0.549202679,7.806706429
-0.549349783,7.809533596
-0.549453018,7.81380415
-0.549594877,7.815595627
-0.549689291,7.81770134
-0.549819825,7.82287693
-0.549966274,7.824374676
-0.55006939,7.828536034
-0.550189493,7.832435608
-0.550340412,7.836022377
-0.5504508,7.840191841
-0.550583063,7.841004848
-0.550720332,7.840752125
-0.550820885,7.845718384
-0.550960777,7.850925446
-0.551076649,7.849882603
-0.551218508,7.852633953
-0.551343618,7.853672504
-0.5514518,7.856982231
-0.551590083,7.864206314
-0.551696299,7.865104675
-0.551843343,7.868976116
-0.551952241,7.871976376
-0.552054403,7.875220299
-0.552220283,7.876695633
-0.55234736,7.881490707
-0.552463053,7.883177757
-0.552603303,7.88589716
-0.552709399,7.886458874
-0.552830754,7.890370369
-0.552961228,7.891795635
-0.553076027,7.894877911
-0.553209661,7.902388096
-0.55335301,7.90295887
-0.553444741,7.906093121
-0.553569553,7.905979633
-0.553724526,7.906462669
-0.5538593509999999,7.909313202
-0.553973256,7.912239075
-0.554102479,7.916512966
-0.554242728,7.918731689
-0.554395137,7.920921326
-0.554503499,7.922837257
-0.554624675,7.925098896
-0.554778574,7.928228855
-0.554905949,7.933115482
-0.555019377,7.93282032
-0.555148659,7.935219765
-0.555318354,7.936019897
-0.555407463,7.939763069
-0.555555521,7.940696716
-0.555674313,7.946675301
-0.555808185,7.950117111
-0.555940507,7.953777313
-0.5560953,7.951222897
-0.556218324,7.956894875
-0.55637419,7.956961632
-0.556482194,7.9588871
-0.556637166,7.962939262
-0.556742428,7.96324873
-0.556870399,7.964642525
-0.557024656,7.965446949
-0.55712199,7.969359398
-0.557258068,7.974662781
-0.557421086,7.979197502
-0.557538686,7.979981422
-0.557676552,7.978672981
-0.557824729,7.980311871
-0.557924746,7.982349396
-0.558073996,7.985832214
-0.55818188,7.988350391
-0.558304904,7.990623951
-0.558431147,7.991668701
-0.558577774,7.993944168
-0.558705209,7.99606514
-0.558853922,7.999103546
-0.558997033,8.001293182
-0.559110044,8.005197525
-0.5592643,8.006559372
-0.559373437,8.006790161
-0.55954784,8.011494637
-0.559652923,8.01368618
-0.559815047,8.015522957
-0.559918223,8.018443108
-0.560075758,8.01743412
-0.560239671,8.019585609
-0.560344098,8.022421837
-0.560483394,8.02450943
-0.560607312,8.026907921
-0.560761808,8.030335426
-0.560907124,8.030677795
-0.561036406,8.02911377
-0.561166106,8.030690193
-0.561293541,8.033249855
-0.561426995,8.038561821
-0.561579226,8.041679382
-0.561735211,8.043615341
-0.561897872,8.04093647
-0.56197804,8.044487
-0.56213641,8.044961929
-0.562258838,8.045915604
-0.562413691,8.051341057
-0.562540589,8.05447197
-0.562669335,8.05495739
-0.562757431,8.055869102
-0.562943457,8.058027267
-0.563060639,8.061067581
-0.56323695,8.063868523
-0.563365994,8.065554619
-0.563488601,8.06504631
-0.563662825,8.065898895
-0.56377524,8.068190575
-0.563929735,8.071965218
-0.564053832,8.072584152
-0.564194558,8.075082779
-0.564337192,8.0756464
-0.564464925,8.077399254
-0.564606605,8.078473091
-0.564753709,8.080554962
-0.564902363,8.084565163
-0.565032302,8.085166931
-0.565187393,8.084856033
-0.565307556,8.086037636
-0.565446554,8.090706825
-0.565622805,8.089390755
-0.565736828,8.091560364
-0.565874873,8.095448494
-0.566019414,8.099406242
-0.566190658,8.100182533
-0.56632751,8.100204468
-0.566461025,8.102088928
-0.566591917,8.106388092
-0.566750227,8.106777191
-0.566875158,8.108252525
-0.567013679,8.109808922
-0.567188798,8.111597061
-0.567343472,8.108874321
-0.567470787,8.110300064
-0.567629693,8.11097908
-0.567756591,8.119771957
-0.567911623,8.11685276
-0.568055688,8.118321419
-0.568194864,8.119587898
-0.568337617,8.120461464
-0.568481622,8.122590065
-0.568597613,8.121565819
-0.568747995,8.123158455
-0.568899034,8.128456116
-0.56905341,8.127443314
-0.569174288,8.128540993
-0.569336651,8.13199234
-0.569492577,8.13485527
-0.569614468,8.135993004
-0.5697687849999999,8.140441895
-0.569941757,8.137134552
-0.57007855,8.139545441
-0.570214389,8.137252808
-0.570360599,8.14016819
-0.570527373,8.142378807
-0.570648847,8.145685196
-0.570831953,8.145748138
-0.570978759,8.145888329
-0.571118472,8.148249626
-0.571219562,8.150365829
-0.571386216,8.151008606
-0.571532546,8.152842522
-0.571685789,8.155260086
-0.571840463,8.154863358
-0.571960745,8.153260231
-0.572116135,8.157247543
-0.572285293,8.159347534
-0.572455226,8.162267685
-0.572585283,8.161354065
-0.572714804,8.161091805
-0.57290387,8.162037849
-0.573053716,8.163132668
-0.573198555,8.163203239
-0.573329805,8.167499542
-0.573524652,8.168356895
-0.57364863,8.169932365
-0.573758123,8.170438766
-0.573930917,8.172458649
-0.574068187,8.174082756
-0.574224589,8.175533295
-0.574400125,8.17760849
-0.574529408,8.17797184
-0.574688612,8.177928925
-0.57483208,8.176181793
-0.574982164,8.178127289
-0.575133918,8.180236816
-0.5752687439999999,8.184580803
-0.575423895,8.186077118
-0.575582026,8.187387466
-0.575748382,8.185963631
-0.575856982,8.185967445
-0.57604426,8.191054344
-0.576226352,8.193202972
-0.576350508,8.190203667
-0.576497493,8.193434715
-0.576618968,8.194459915
-0.5767889,8.193464279
-0.576907156,8.194173813
-0.577067373,8.196986198
-0.577238916,8.195478439
-0.577393947,8.197211266
-0.57756835,8.198727608
-0.577722905,8.203928947
-0.577871738,8.20298481
-0.5780111529999999,8.204045296
-0.578190921,8.204694748
-0.57831466,8.205852509
-0.57848811,8.205593109
-0.578648804,8.208370209
-0.578835545,8.20656395
-0.578956185,8.210281372
-0.5791077,8.209975243
-0.579283176,8.212676048
-0.579432068,8.214927673
-0.579574106,8.213861465
-0.579724012,8.212529182
-0.579915462,8.211876869
-0.58007556,8.215766907
-0.580228923,8.218267441
-0.580347894,8.220183372
-0.580542443,8.220594406
-0.580688296,8.219756126
-0.580864249,8.221336365
-0.581018029,8.222388268
-0.581146596,8.222789764
-0.581343768,8.225500107
-0.5814898,8.222870827
-0.581656573,8.224931717
-0.581805764,8.224996567
-0.581979809,8.226241112
-0.582113801,8.230401039
-0.582258342,8.230337143
-0.582412837,8.231455803
-0.582613764,8.232844353
-0.582740007,8.234178543
-0.582925199,8.229640007
-0.583076535,8.233909607
-0.583248375,8.234879494
-0.583419083,8.235855103
-0.58356881,8.237836838
-0.583689688,8.238636017
-0.583887098,8.237334251
-0.58405423,8.236363411
-0.584166108,8.23592186
-0.584369419,8.241056442
-0.584515033,8.24269104
-0.584684609,8.242184639
-0.584821699,8.241325378
-0.584998069,8.241804123
-0.585157452,8.242560387
-0.585350571,8.244654655
-0.585489748,8.247341156
-0.585636674,8.248831749
-0.585771499,8.250673294
-0.585967002,8.248357773
-0.586105941,8.247508049
-0.58629006,8.251306534
-0.586387334,8.254162788
-0.586587725,8.252776146
-0.586788533,8.252198219
-0.586946962,8.255144119
-0.587065576,8.254113197
-0.587240813,8.255732536
-0.587410806,8.255113602
-0.587557612,8.255243301
-0.587734936,8.257206917
-0.587872921,8.259536743
-0.588046787,8.257916451
-0.588226555,8.258420944
-0.588367222,8.26017952
-0.588543175,8.260248184
-0.588710843,8.264113426
-0.588884233,8.263471603
-0.589057026,8.263148308
-0.589193283,8.263691902
-0.589352129,8.263053894
-0.589500306,8.264678001
-0.589642523,8.264074326
-0.589831827,8.267960548
-0.590000032,8.267830849
-0.590161024,8.268112183
-0.590340732,8.267603874
-0.590491889,8.270159721
-0.590654312,8.270153999
-0.590824543,8.272967339
-0.59097874,8.272395134
-0.591185687,8.269493103
-0.591318069,8.271742821
-0.591479359,8.270944595
-0.591636417,8.273011208
-0.591811655,8.276112556
-0.59201902,8.277433395
-0.592173157,8.277957916
-0.592324732,8.278430939
-0.592478989,8.277180672
-0.592634438,8.276122093
-0.592792628,8.280813217
-0.592972515,8.28192997
-0.593155382,8.280878067
-0.593306778,8.28128624
-0.593477665,8.281451225
-0.593653677,8.280330658
-0.593813716,8.279632568
-0.593939303,8.28386116
-0.594105301,8.284007072
-0.594279585,8.283388138
-0.5944342,8.284455299
-0.594608484,8.284184456
-0.59477949,8.286237717
-0.594975947,8.287027359
-0.595118342,8.287029266
-0.595303891,8.285953522
-0.595445989,8.287563324
-0.595649479,8.28959465
-0.595784007,8.287793159
-0.59595537,8.290486336
-0.596102236,8.29158783
-0.596285461,8.291293144
-0.5964846,8.288060188
-0.596610842,8.287371635
-0.59678763,8.287162781
-0.596955774,8.293058395
-0.597145854,8.29331398
-0.597294925,8.292855263
-0.597466586,8.29176712
-0.597638546,8.291819572
-0.597802876,8.293745995
-0.597967623,8.295149803
-0.598111449,8.296731949
-0.598315416,8.298326492
-0.598462878,8.298240662
-0.598648189,8.298195839
-0.598854361,8.298039436
-0.598972617,8.294698715
-0.599149702,8.297737122
-0.599288521,8.298584938
-0.599464653,8.300167084
-0.599651335,8.301387787
-0.599842189,8.300081253
-0.600017188,8.3011446
-0.600181995,8.305326462
-0.600361405,8.305076599
-0.600526152,8.304977417
-0.600652633,8.302419662
-0.600867925,8.303734779
-0.6010195,8.302993774
-0.60120648,8.305439949
-0.601364551,8.303084373
-0.601533948,8.308290482
-0.601713656,8.305098534
-0.601845799,8.306088448
-0.60201299,8.303445816
-0.602235792,8.306957245
-0.602379857,8.30607605
-0.602572618,8.308626175
-0.602704225,8.306239128
-0.602910576,8.309228897
-0.603096603,8.307272911
-0.603254018,8.309467316
-0.603438972,8.309217453
-0.603588043,8.312062263
-0.60378289,8.309674263
-0.603972493,8.312054634
-0.604121385,8.313203812
-0.604326068,8.312964439
-0.604479371,8.311897278
-0.604651867,8.312189102
-0.604820965,8.311745644
-0.605006991,8.315787315
-0.605185209,8.317015648
-0.605345784,8.313680649
-0.605540274,8.313264847
-0.605699597,8.312822342
-0.605893729,8.313907623
-0.606061576,8.313670158
-0.606219946,8.314486504
-0.606436966,8.318177223
-0.606561421,8.3145895
-0.606743215,8.312807083
-0.606928406,8.314642906
-0.607107578,8.318317413
-0.607289014,8.318798065
-0.607454,8.31843853
-0.607632099,8.316389084
-0.607810793,8.316040039
-0.60798764,8.316912651
-0.608168004,8.316823006
-0.60832697,8.320786476
-0.608507929,8.320088387
-0.608662425,8.323050499
-0.608878253,8.32196331
-0.6090461,8.319613457
-0.609244762,8.317673683
-0.609408377,8.31900692
-0.6095734819999999,8.319782257
-0.609772084,8.321435928
-0.609939514,8.321884155
-0.610155163,8.320659637
-0.610286055,8.318987846
-0.610471187,8.322414398
-0.610668121,8.32288456
-0.610836027,8.325342178
-0.610999761,8.320970535
-0.611206589,8.323147774
-0.611364899,8.321140289
-0.611516057,8.322934151
-0.611718236,8.322237015
-0.611918448,8.323800087
-0.612101553,8.323561668
-0.612289069,8.325520515
-0.612464307,8.325329781
-0.612666784,8.324906349
-0.612793623,8.322934151
-0.613004683,8.324660301
-0.613178788,8.32690239
-0.613346038,8.325469971
-0.613575039,8.326436996
-0.613709686,8.327796936
-0.613910435,8.323625565
-0.614123402,8.324331284
-0.614280282,8.327410698
-0.6144428239999999,8.325899124
-0.614626823,8.32756424
-0.614818214,8.329624176
-0.6149922,8.327103615
-0.615163265,8.326255798
-0.615384637,8.328238487
-0.615542827,8.328495026
-0.615740595,8.328253746
-0.615914224,8.32597065
-0.616108177,8.329157829
-0.616288183,8.32766819
-0.616482494,8.327968597
-0.616655527,8.327075005
-0.616838275,8.32771492
-0.61700624,8.325041771
-0.617222188,8.329375267
-0.617401538,8.327754021
-0.617580829,8.325863838
-0.617801545,8.329528809
-0.61793506,8.326910973
-0.618125496,8.331298828
-0.618345616,8.332360268
-0.618517337,8.328915596
-0.618650673,8.331488609
-0.618893204,8.330745697
-0.619074939,8.329171181
-0.619264422,8.330695152
-0.619449018,8.328895569
-0.619656561,8.333106041
-0.619830785,8.333014488
-0.620028196,8.331424713
-0.620176194,8.330018044
-0.620377658,8.331768036
-0.620579122,8.33026886
-0.620770333,8.332946777
-0.620933233,8.331496239
-0.62112671,8.332005501
-0.621299146,8.328712463
-0.621530829,8.329216957
-0.621698378,8.330060959
-0.621882377,8.330244064
-0.622070788,8.330530167
-0.622248529,8.333633423
-0.622442721,8.330454826
-0.622637628,8.331485748
-0.622831283,8.330168724
-0.622985004,8.329403877
-0.623176394,8.331325531
-0.623386798,8.330834389
-0.623575209,8.33327961
-0.623757718,8.335103989
-0.623967288,8.332068443
-0.624155818,8.331832886
-0.624349235,8.33056736
-0.624521671,8.335289955
-0.624738215,8.333358765
-0.624906538,8.334926605
-0.625102161,8.332541466
-0.625267444,8.330828667
-0.625470398,8.331942558
-0.625653325,8.330220222
-0.625872729,8.329316139
-0.626031159,8.330991745
-0.626201389,8.331799507
-0.626428006,8.330679893
-0.626607297,8.333491325
-0.626801608,8.33261013
-0.62697774,8.330212593
-0.627149759,8.329756737
-0.627358971,8.333175659
-0.627550004,8.332374573
-0.627723632,8.336060524
-0.627916394,8.332087517
-0.628120897,8.330798149
-0.628285883,8.328560829
-0.628492234,8.331665039
-0.628660617,8.330067635
-0.628846405,8.329680443
-0.629058121,8.330172539
-0.629219113,8.331905365
-0.62939751,8.328718185
-0.629592178,8.328298569
-0.629763482,8.329795837
-0.629974661,8.329985619
-0.630141972,8.330451965
-0.630372642,8.331301689
-0.630560933,8.3314991
-0.630757926,8.330457687
-0.630923985,8.328294754
-0.631124733,8.331134796
-0.631312905,8.331634521
-0.631501852,8.333483696
-0.631665645,8.333474159
-0.631882189,8.331144333
-0.63208407,8.330438614
-0.632271944,8.333441734
-0.632454572,8.328697205
-0.632612703,8.331840515
-0.632793365,8.331579208
-0.632981775,8.330349922
-0.633196829,8.332686424
-0.633362351,8.330940247
-0.633584438,8.328764915
-0.6338042,8.326966286
-0.633947192,8.328876495
-0.6341601,8.331656456
-0.63433647,8.332470894
-0.634550927,8.330726624
-0.634745656,8.329350471
-0.63493049,8.329359055
-0.635143695,8.329769135
-0.635343788,8.328520775
-0.635537086,8.330667496
-0.635719238,8.329551697
-0.635890959,8.328504562
-0.636121092,8.329258919
-0.636281429,8.329704285
-0.63647419,8.329721451
-0.636640428,8.327347755
-0.636883078,8.328949928
-0.637067555,8.329141617
-0.637231706,8.329975128
-0.637457905,8.327010155
-0.637649415,8.330698967
-0.637849925,8.325155258
-0.63805121,8.325880051
-0.63822603,8.325748444
-0.638426183,8.328964233
-0.638625441,8.327912331
-0.63879901,8.326913834
-0.639010904,8.325421333
-0.639188467,8.324616432
-0.639412282,8.324867249
-0.639587699,8.326737404
-0.639788805,8.32557869
-0.640006838,8.328248978
-0.640176175,8.325146675
-0.640411673,8.325008392
-0.640538452,8.323880196
-0.640771983,8.325760841
-0.6409675459999999,8.327629089
-0.641163526,8.323594093
-0.641347049,8.323451042
-0.641552923,8.326010704
-0.641739903,8.326777458
-0.641946016,8.327098846
-0.642151652,8.322621346
-0.642334638,8.323415756
-0.642500816,8.325090408
-0.642759381,8.32652092
-0.642942963,8.324485779
-0.643116592,8.323753357
-0.643316267,8.323300362
-0.643530665,8.322908401
-0.643696664,8.322966576
-0.64391583,8.323354721
-0.644108294,8.325500488
-0.644335864,8.324684143
-0.644507764,8.323367119
-0.644706843,8.322633743
-0.644908605,8.323162079
-0.645077942,8.319223404
-0.645279286,8.32097435
-0.6455254539999999,8.322623253
-0.645702777,8.32079792
-0.645910082,8.325031281
-0.646117983,8.321591377
-0.646306573,8.31815052
-0.646491824,8.319849014
-0.646688877,8.319950104
-0.646902023,8.322119713
-0.647112249,8.323307991
-0.647346078,8.324418068
-0.647525368,8.322216988
-0.647713004,8.31997776
-0.647932945,8.319627762
-0.648124574,8.316556931
-0.648333071,8.317461014
-0.648540495,8.321325302
-0.64874625,8.321872711
-0.648934661,8.319659233
-0.649137495,8.320471764
-0.649352966,8.317020416
-0.649568318,8.314096451
-0.649752198,8.319192886
-0.649954138,8.315214157
-0.650152443,8.316092491
-0.65037155,8.314997673
-0.650558529,8.316957474
-0.650739549,8.313742638
-0.650974808,8.31674099
-0.651165782,8.315984726
-0.651386021,8.31761837
-0.65158063,8.314720154
-0.651768385,8.314763069
-0.652000247,8.313394547
-0.652221022,8.313416481
-0.652386842,8.312495232
-0.652603684,8.313093185
-0.652791975,8.312614441
-0.65300083,8.316293716
-0.653216837,8.312186241
-0.653410433,8.310397148
-0.653629122,8.310177803
-0.653811691,8.311450958
-0.654027162,8.312130928
-0.654258309,8.313215256
-0.654460607,8.311303139
-0.654646395,8.309559822
-0.654876886,8.309309006
-0.655093251,8.309864998
-0.655279575,8.307131767
-0.655487416,8.307182312
-0.655706523,8.307926178
-0.655920504,8.308134079
-0.656137107,8.309978485
-0.656309245,8.307213783
-0.656523345,8.306352615
-0.6567196829999999,8.305524826
-0.656962631,8.306001663
-0.657152472,8.308708191
-0.65736836,8.306586266
-0.657607315,8.307461739
-0.657787858,8.307745934
-0.657998977,8.30734539
-0.658207892,8.305474281
-0.658429084,8.301695824
-0.658610283,8.30404377
-0.658840356,8.306745529
-0.659027753,8.306108475
-0.6592933519999999,8.30440712
-0.659462033,8.3052845
-0.659679947,8.302974701
-0.659891246,8.301208496
-0.660099505,8.299132347
-0.66032183,8.301397324
-0.660521863,8.300958633
-0.660737393,8.301688194
-0.660953818,8.298595428
-0.661154388,8.29913044
-0.661355434,8.298701286
-0.661588548,8.299069405
-0.661784289,8.299127579
-0.661992548,8.298013687
-0.66221094,8.299543381
-0.662439702,8.298847198
-0.662672995,8.298958778
-0.662855623,8.298196793
-0.663047193,8.298377991
-0.663276849,8.297917366
-0.663473664,8.297557831
-0.663725017,8.296654701
-0.663905082,8.295752525
-0.664115904,8.294643402
-0.664325474,8.293449402
-0.664552806,8.293056488
-0.664751886,8.293198586
-0.664960204,8.295630455
-0.665184854,8.294419289
-0.665413557,8.295160294
-0.665593086,8.295238495
-0.665825306,8.293885231
-0.666039942,8.294054985
-0.666262267,8.293259621
-0.666481374,8.29112339
-0.666682361,8.292047501
-0.66694939,8.29309845
-0.667107521,8.291810989
-0.667312441,8.291036606
-0.667566655,8.289515495
-0.66776794,8.286107063
-0.667972801,8.288553238
-0.668145595,8.287132263
-0.668383418,8.288891792
-0.668578981,8.288488388
-0.668798445,8.290143013
-0.669036267,8.286405563
-0.669252096,8.285362244
-0.669479488,8.285918236
-0.66967815,8.286352158
-0.669873295,8.284324646
-0.670121728,8.286223412
-0.670310972,8.28610611
-0.670511065,8.283510208
-0.670732616,8.283931732
-0.670968412,8.283051491
-0.671172617,8.282949448
-0.671371518,8.281322479
-0.671593545,8.281826019
-0.671787379,8.282628059
-0.672043083,8.283084869
-0.672259985,8.282318115
-0.672475873,8.280384064
-0.67267823,8.277511597
-0.672934352,8.280574799
-0.673085449,8.279616356
-0.67333716,8.279873848
-0.673529385,8.279360771
-0.67377889,8.281284332
-0.67396426,8.27931881
-0.6741830089999999,8.278323174
-0.674400924,8.274326324
-0.67462009,8.273534775
-0.674834786,8.276488304
-0.67506027,8.276584625
-0.67524576,8.273293495
-0.675487457,8.272908211
-0.675695954,8.273126602
-0.675908683,8.274862289
-0.676113902,8.27364254
-0.676310895,8.273774147
-0.676561592,8.272725105
-0.676767586,8.275853157
-0.676999269,8.272156715
-0.677240251,8.274048805
-0.677449403,8.271562576
-0.677647112,8.268580437
-0.677851318,8.267900467
-0.6780700669999999,8.269036293
-0.678289233,8.269350052
-0.67853087,8.271335602
-0.678750692,8.267700195
-0.678982912,8.265104294
-0.679186998,8.266280174
-0.679349182,8.265911102
-0.679629264,8.268284798
-0.679843782,8.268773079
-0.6800478679999999,8.264853477
-0.68027365,8.267059326
-0.680519758,8.264507294
-0.680719016,8.263056755
-0.680923102,8.261476517
-0.681161402,8.262954712
-0.68136066,8.262076378
-0.681590913,8.261293411
-0.681795536,8.26232338
-0.682041107,8.262641907
-0.682220815,8.263954163
-0.682485459,8.261740685
-0.682654141,8.259580612
-0.682873545,8.258969307
-0.683125911,8.259998322
-0.683316646,8.258802414
-0.68357682,8.258983612
-0.683750151,8.255629539
-0.683963535,8.25451088
-0.68421304,8.259711266
-0.684438525,8.257907867
-0.684662996,8.258272171
-0.684869705,8.257316589
-0.685092924,8.256612778
-0.6853106,8.251896858
-0.685539303,8.253217697
-0.68575394,8.250034332
-0.68598902,8.251245499
-0.686218975,8.252099991
-0.686425624,8.253275871
-0.686641811,8.252824783
-0.686904965,8.254782677
-0.687125502,8.253198624
-0.687318383,8.248420715
-0.687548397,8.248835564
-0.687754987,8.248105049
-0.687975405,8.247602463
-0.688207505,8.246310234
-0.688413261,8.247912407
-0.688663242,8.245651245
-0.688897787,8.246549606
-0.689109324,8.242958069
-0.689352272,8.243246078
-0.689532874,8.24355793
-0.689796982,8.247008324
-0.68997675,8.24551487
-0.6902209499999999,8.245251656
-0.690443216,8.241163254
-0.690660296,8.244271278
-0.69091451,8.241252899
-0.691134809,8.24227047
-0.691369114,8.240329742
-0.6915644989999999,8.241015434
-0.691791175,8.241981506
-0.692001699,8.240778923
-0.692232488,8.237476349
-0.692441998,8.236631393
-0.692660449,8.23738575
-0.692882536,8.236804962
-0.693089483,8.236146927
-0.693319021,8.237819672
-0.693548976,8.232899666
-0.69375181,8.235983849
-0.693984089,8.234025955
-0.694205461,8.233708382
-0.694419323,8.232934952
-0.694660006,8.237332344
-0.694903849,8.232004166
-0.695145128,8.231553078
-0.695328591,8.230374336
-0.695547519,8.230654716
-0.695779858,8.229273796
-0.696015297,8.228747368
-0.696227012,8.230318069
-0.696448622,8.229528427
-0.696671365,8.227893829
-0.696883438,8.227656364
-0.697105108,8.226543427
-0.697354911,8.225920677
-0.697565792,8.227682114
-0.697797058,8.22765255
-0.69802594,8.228198051
-0.69826865,8.226758003
-0.69848424,8.222806931
-0.6987285599999999,8.221471786
-0.698959289,8.221240997
-0.699132083,8.221258163
-0.699367045,8.218880653
-0.699632702,8.221838951
-0.699823378,8.221288681
-0.700071512,8.221582413
-0.700331269,8.218224525
-0.700543104,8.218697548
-0.700774847,8.214594841
-0.700984238,8.21869278
-0.701229869,8.220083237
-0.701441584,8.21650219
-0.701661287,8.217902184
-0.701920746,8.217139244
-0.70215988,8.214427948
-0.702392636,8.213012695
-0.702576635,8.214294434
-0.702834902,8.209986687
-0.703068076,8.210666656
-0.703251777,8.211079597
-0.703515349,8.209573746
-0.703727422,8.211603165
-0.703992425,8.207699776
-0.704202293,8.207959175
-0.704408882,8.204640388
-0.704631982,8.209698677
-0.704880057,8.207392693
-0.705111263,8.208826065
-0.705342529,8.205699921
-0.705568967,8.209886551
-0.705793558,8.203577042
-0.706042348,8.203996658
-0.706269143,8.20258522
-0.706480144,8.202670097
-0.706714509,8.203007698
-0.706968604,8.203935623
-0.70718324,8.203458786
-0.707401333,8.199645042
-0.707651435,8.198036194
-0.707871614,8.198290825
-0.708110629,8.198877335
-0.708305357,8.19849205
-0.708570777,8.197961807
-0.70878893,8.197915077
-0.709048508,8.196696281
-0.709287999,8.19505024
-0.709480701,8.19572258
-0.709725259,8.194940567
-0.709949253,8.194332123
-0.710199175,8.194385529
-0.710434077,8.195983887
-0.71062368,8.192202568
-0.710881649,8.192168236
-0.711106895,8.190418243
-0.711324571,8.191990852
-0.711545287,8.193858147
-0.711819409,8.190970421
-0.712059615,8.190670013
-0.712276934,8.189191818
-0.712515114,8.186358452
-0.71273577,8.188578606
-0.712966798,8.185019493
-0.713190733,8.183563232
-0.713402031,8.187561989
-0.713629363,8.185752869
-0.71386051,8.18351841
-0.714085458,8.185475349
-0.7142992,8.182882309
-0.714547275,8.181148529
-0.71477109,8.184452057
-0.715023337,8.182929039
-0.715245901,8.180625916
-0.715510605,8.183404922
-0.715733348,8.18358326
-0.715949951,8.177866936
-0.716196833,8.175615311
-0.716413317,8.177622795
-0.716666816,8.177201271
-0.716867326,8.176851273
-0.717117487,8.175051689
-0.717367766,8.174387932
-0.717578111,8.173253059
-0.717799781,8.17270565
-0.718026755,8.174190521
-0.718261121,8.174170494
-0.718530236,8.173743248
-0.71874368,8.172400475
-0.719004093,8.1726017
-0.71922922,8.170681
-0.719454704,8.170422554
-0.719689367,8.166129112
-0.71990907,8.167221069
-0.720142959,8.167809486
-0.720348893,8.16759491
-0.720619498,8.167935371
-0.720831571,8.168450356
-0.721059619,8.167609215
-0.721291659,8.16818428
-0.721522568,8.165337563
-0.721779821,8.167755127
-0.722014306,8.167245865
-0.722229896,8.163572311
-0.722459612,8.164639473
-0.722707925,8.161611557
-0.722935734,8.159959793
-0.723164974,8.161030769
-0.723387895,8.158740044
-0.723587571,8.161992073
-0.723824082,8.161827087
-0.724064348,8.160113335
-0.724351285,8.158930779
-0.724546252,8.155431747
-0.724780319,8.153147697
-0.724997459,8.153540611
-0.725237964,8.15286541
-0.725486754,8.153006554
-0.725685058,8.15485096
-0.725935457,8.154889107
-0.726178704,8.153417587
-0.726432381,8.150958061
-0.726634024,8.149465561
-0.726855932,8.148937225
-0.72707629,8.14895153
-0.727327464,8.149804115
-0.72756171,8.151928902
-0.72780746,8.14909935
-0.728020368,8.147771835
-0.728273092,8.146897316
-0.728485165,8.142560959
-0.728735982,8.146636963
-0.728965877,8.145060539
-0.729194878,8.144552231
-0.729435621,8.145121574
-0.729661165,8.142853737
-0.72990167,8.142306328
-0.730123816,8.138414383
-0.730332552,8.1391716
-0.730573891,8.141008377
-0.730775116,8.139257431
-0.731014727,8.139313698
-0.731246589,8.137057304
-0.731467543,8.136519432
-0.731703935,8.134177208
-0.731972871,8.137236595
-0.732203601,8.135698318
-0.732429026,8.137207031
-0.732662259,8.137116432
-0.732862292,8.132263184
-0.73313093,8.133748055
-0.7333315,8.131709099
-0.733573971,8.130871773
-0.733777164,8.130274773
-0.734026549,8.130741119
-0.734261511,8.133255005
-0.734476147,8.130500793
-0.734729646,8.126848221
-0.734959362,8.125635147
-0.735184787,8.125693321
-0.735420464,8.123338699
-0.735661266,8.12439537
-0.735899208,8.125815392
-0.736102102,8.12607193
-0.736353992,8.122859001
-0.736557959,8.123315811
-0.736802338,8.121213913
-0.737030087,8.121726036
-0.737275718,8.120909691
-0.737511752,8.121665001
-0.737732885,8.120990753
-0.738008259,8.116765976
-0.738198636,8.119250298
-0.73845744,8.115883827
-0.738688527,8.117691994
-0.738923607,8.114349365
-0.739153383,8.118360519
-0.739350973,8.116950989
-0.739608882,8.117501259
-0.739873169,8.110180855
-0.740090666,8.109976768
-0.740307747,8.111185074
-0.740547655,8.110063553
-0.740751324,8.110394478
-0.74099165,8.110873222
-0.741230307,8.112239838
-0.74147105,8.110044479
-0.741737602,8.109577179
-0.741963802,8.108841896
-0.742182193,8.106134415
-0.742415784,8.105531693
-0.74265617,8.103874207
-0.742903588,8.106869698
-0.743131397,8.104850769
-0.743327199,8.099798203
-0.743574021,8.101634026
-0.743777214,8.099290848
-0.744021235,8.098209381
-0.744255303,8.09813118
-0.74446821,8.099553108
-0.744743226,8.101182938
-0.744952558,8.097042084
-0.745227097,8.098163605
-0.745445846,8.097419739
-0.745631216,8.096032143
-0.745896934,8.095444679
-0.746109305,8.097851753
-0.746402083,8.096775055
-0.746612726,8.096421242
-0.746819673,8.092759132
-0.747066258,8.090154648
-0.74730253,8.09082222
-0.747503338,8.090171814
-0.747778414,8.090824127
-0.748007594,8.089121819
-0.74821162,8.089503288
-0.7484607679999999,8.092852592
-0.748723744,8.090464592
-0.748945354,8.084991455
-0.74916446,8.085389137
-0.749370454,8.085598946
-0.749653755,8.084833145
-0.749862967,8.082030296
-0.75008261,8.081293106
-0.750327824,8.085437775
-0.750564097,8.081054688
-0.750821529,8.080355644
-0.751031933,8.081180573
-0.751282869,8.081284523
-0.75151193,8.079991341
-0.751747368,8.078780174
-0.751988052,8.078885078
-0.752207158,8.078453064
-0.752509115,8.077915192
-0.752699075,8.075796127
-0.752931951,8.07475853
-0.753174422,8.074666977
-0.753422437,8.073750496
-0.753626166,8.074421883
-0.753871499,8.073204041
-0.754104493,8.074222565
-0.754355965,8.07036972
-0.754601119,8.067479134
-0.754829643,8.068083763
-0.755056916,8.067826271
-0.7552734,8.068122864
-0.755540131,8.069317818
-0.755773543,8.067107201
-0.755994199,8.066791534
-0.75624889,8.062524796
-0.756475626,8.062767982
-0.756727396,8.06380558
-0.756934403,8.064682961
-0.757165728,8.063138008
-0.75740361,8.061953545
-0.75767058,8.059968948
-0.757907031,8.061570168
-0.758123634,8.058138847
-0.758361397,8.057352066
-0.758573053,8.060825348
-0.75882536,8.057164192
-0.759058593,8.05815506
-0.759305237,8.055258751
-0.759552775,8.054823875
-0.759784101,8.054197311
-0.760025917,8.052718163
-0.760269998,8.051403999
-0.760502098,8.05303669
-0.760729371,8.051827431
-0.760938762,8.052083969
-0.761205612,8.051757813
-0.761462329,8.050608635
-0.761678455,8.0496912
-0.761908649,8.047956467
-0.7621572,8.049275398
-0.762390433,8.04875946
-0.762614308,8.045983315
-0.762849627,8.046269417
-0.763114093,8.045353889
-0.76333767,8.043214798
-0.763607262,8.040931702
-0.763785539,8.040496826
-0.76405233,8.042776108
-0.764298556,8.041334152
-0.764532087,8.041258812
-0.764749227,8.042116165
-0.765021978,8.039538383
-0.765227018,8.037884712
-0.765440581,8.037464142
-0.76567304,8.03592205
-0.765946148,8.036441803
-0.766192315,8.036011696
-0.766417382,8.034292221
-0.76663631,8.033186913
-0.766877232,8.032564163
-0.767105518,8.03170681
-0.767347632,8.032067299
-0.7675876,8.034116745
-0.767825721,8.032715797
-0.768061874,8.031271935
-0.768307982,8.030572891
-0.768548368,8.027571678
-0.768792508,8.029078484
-0.769021509,8.025473595
-0.76924008,8.029046059
-0.769483922,8.027709961
-0.769696532,8.027206421
-0.769976793,8.027183533
-0.770180939,8.025863647
-0.770461617,8.025777817
-0.770696936,8.018213272
-0.770905433,8.019899368
-0.771132348,8.021416664
-0.771394787,8.019426346
-0.771653114,8.021707535
-0.771880744,8.019745827
-0.772116778,8.018200874
-0.772341607,8.011956215
-0.772594033,8.013414383
-0.772809563,8.013392448
-0.773075936,8.013197899
-0.773288606,8.016212463
-0.773575185,8.01815033
-0.773777006,8.012793541
-0.774051307,8.008607864
-0.774250744,8.011384964
-0.774501918,8.009997368
-0.774734912,8.010378838
-0.774961231,8.009498596
-0.775236307,8.007393837
-0.775476037,8.009144783
-0.775714396,8.00847435
-0.775943695,8.006577492
-0.776167272,8.004767418
-0.776440261,8.002235413
-0.776634811,8.002195358
-0.776829181,8.001885414
-0.777098713,8.002977371
-0.777363,8.001514435
-0.777572213,8.001034737
-0.777801512,8.000547409
-0.778051017,7.997363091
-0.778293131,7.997974396
-0.778519211,7.999626637
-0.778727232,8.00157547
-0.778982161,7.998576164
-0.779237686,8.000242233
-0.779459057,7.995588303
-0.779696344,7.994840145
-0.779901443,7.991614342
-0.780166743,7.992787838
-0.780376671,7.992017746
-0.78062701,7.992447376
-0.7808668,7.991621971
-0.781088887,7.990915298
-0.781348584,7.990246296
-0.781588612,7.98831749
-0.781833051,7.988406658
-0.782061515,7.984731197
-0.782304404,7.98351717
-0.782530127,7.983317375
-0.78274685,7.982067108
-0.783016918,7.984585285
-0.783225177,7.983924389
-0.7834619859999999,7.98102808
-0.783700941,7.980604649
-0.783917366,7.977880955
-0.784191189,7.983230591
-0.784444807,7.980998993
-0.784679888,7.978673458
-0.784920035,7.976549625
-0.785140393,7.974956989
-0.785364447,7.974933624
-0.785568951,7.972657681
-0.785859762,7.975251198
-0.7860914449999999,7.973727226
-0.786340712,7.97243309
-0.786562977,7.9698596
-0.7867887,7.971000195
-0.787021874,7.968816757
-0.78726363,7.970926285
-0.787498234,7.968242168
-0.787753878,7.968955994
-0.787992535,7.971194744
-0.788245915,7.968471527
-0.788478432,7.965280056
-0.788682757,7.964601517
-0.788953839,7.96361351
-0.789153157,7.962320328
-0.789389251,7.961457253
-0.789642511,7.964687347
-0.789892374,7.965633392
-0.790123699,7.962076664
-0.790369568,7.960118294
-0.790611206,7.95883131
-0.790864645,7.958498478
-0.791084049,7.958528996
-0.791312216,7.960220814
-0.791578708,7.956585884
-0.791795192,7.956962585
-0.792046128,7.953085423
-0.792269347,7.952236652
-0.792480229,7.953237057
-0.792737423,7.951353073
-0.792960761,7.952525139
-0.793198047,7.953323364
-0.793437002,7.952747822
-0.793696461,7.95177412
-0.793929337,7.947846413
-0.794187723,7.948032856
-0.794411061,7.945230484
-0.794639705,7.946957588
-0.794861315,7.947594166
-0.795136271,7.949219227
-0.795372305,7.947031498
-0.795604764,7.943386078
-0.795853017,7.941983223
-0.796100019,7.94151783
-0.796313522,7.943011284
-0.79654157,7.94333744
-0.796801744,7.942951202
-0.797037361,7.941434383
-0.797253547,7.939656734
-0.797491131,7.939906597
-0.797767697,7.937573433
-0.797978042,7.93538332
-0.798251269,7.933590412
-0.798463641,7.936352253
-0.798719464,7.93464756
-0.798920749,7.935570717
-0.799194394,7.931087971
-0.799405335,7.930527687
-0.799667714,7.92878294
-0.799867747,7.93336153
-0.800083516,7.929818153
-0.800349293,7.930772781
-0.800608454,7.928965092
-0.800813077,7.929380894
-0.801096497,7.925268173
-0.801294683,7.924714088
-0.801536379,7.924202442
-0.801784573,7.927369118
-0.802021323,7.925100327
-0.802295802,7.924165726
-0.80247402,7.921726227
-0.802743075,7.920489311
-0.80296552,7.919520855
-0.803204952,7.921312809
-0.803406237,7.918781757
-0.803685425,7.920281887
-0.803933142,7.919165134
-0.804146407,7.918580055
-0.8043893559999999,7.914087772
-0.804619489,7.914946079
-0.804850457,7.910321236
-0.805052696,7.91187048
-0.80529785,7.913035393
-0.805533169,7.914720058
-0.805774091,7.911554337
-0.806047378,7.912129402
-0.80625516,7.910587788
-0.806478677,7.910087585
-0.806762157,7.906839848
-0.806957958,7.90856123
-0.807197271,7.904718399
-0.807454942,7.907092094
-0.807693599,7.906257153
-0.807915209,7.906006336
-0.80815476,7.906419754
-0.808378754,7.903649807
-0.808595894,7.904150963
-0.808841763,7.90141964
-0.809063075,7.904981613
-0.809324859,7.903387547
-0.809522925,7.899071693
-0.809775529,7.899591923
-0.810000358,7.898427963
-0.810251949,7.898476601
-0.810489057,7.897802353
-0.810692607,7.899354935
-0.810975848,7.89649725
-0.811198829,7.895841599
-0.8114473209999999,7.896884441
-0.811670957,7.893081188
-0.811886666,7.892194271
-0.812151967,7.892060757
-0.812400101,7.892800808
-0.8126204,7.891218662
-0.812874196,7.890224934
-0.813101886,7.889927864
-0.8133268339999999,7.888427258
-0.813584087,7.889517784
-0.813830433,7.885308743
-0.814032791,7.885824203
-0.814298807,7.888757229
-0.814504681,7.887516975
-0.814757107,7.883974552
-0.814990101,7.883891582
-0.815256653,7.882180214
-0.81548184,7.879980087
-0.815717755,7.879736423
-0.815930901,7.882751465
-0.816198586,7.879561424
-0.816449879,7.880556583
-0.816695271,7.880622387
-0.81694573,7.877516747
-0.817146299,7.876032829
-0.817384122,7.874705791
-0.817667304,7.875608444
-0.817880569,7.877298355
-0.818109749,7.87494278
-0.818367241,7.873468399
-0.818631945,7.871727467
-0.818894265,7.8727355
-0.819108842,7.869065285
-0.819343625,7.871655941
-0.819546996,7.867233276
-0.819803177,7.866893768
-0.820038972,7.866262436
-0.820285855,7.867655277
-0.820553837,7.867220879
-0.820768235,7.864926815
-0.821012257,7.863498688
-0.821279464,7.863641739
-0.821514783,7.864676476
-0.821777461,7.863643646
-0.822023628,7.860281467
-0.82223439,7.86086607
-0.822455524,7.856649876
-0.822697459,7.857245445
-0.8229273539999999,7.855967522
-0.8231284,7.855593204
-0.823421059,7.857198715
-0.823643027,7.859480858
-0.823879002,7.858094692
-0.82412195,7.85556221
-0.824372945,7.855430126
-0.824576376,7.853822708
-0.824846385,7.853862762
-0.825118421,7.851586819
-0.825312136,7.85215044
-0.825561283,7.850617409
-0.825782357,7.851315498
-0.826048015,7.848596573
-0.826292096,7.846884251
-0.826516746,7.846173763
-0.826733111,7.848697186
-0.826975403,7.845821381
-0.827230332,7.848567486
-0.827463387,7.846415997
-0.827725945,7.84320116
-0.827925978,7.843041897
-0.828166304,7.843867779
-0.82838851,7.841478348
-0.828619061,7.842837811
-0.828873573,7.844768524
-0.829100071,7.841335297
-0.829323648,7.838118076
-0.82951474,7.835823536
-0.829778312,7.835226536
-0.829987643,7.836304188
-0.830231188,7.834702492
-0.8304736,7.837081909
-0.830695866,7.835522175
-0.830960332,7.831709385
-0.831160663,7.833474636
-0.83137214,7.830074787
-0.831602154,7.830765247
-0.831811724,7.827997684
-0.832060633,7.832678795
-0.832267759,7.829487324
-0.832502244,7.828644753
-0.83275914,7.828586578
-0.832975982,7.827243805
-0.833201168,7.825994968
-0.833450554,7.826920033
-0.833649097,7.824359894
-0.833894132,7.823353291
-0.834109364,7.823660374
-0.834344087,7.823794365
-0.834582267,7.821791649
-0.834802983,7.819754124
-0.835042713,7.82259655
-0.835268913,7.817664146
-0.835502563,7.817205429
-0.83575785,7.817063808
-0.835929571,7.816096783
-0.836192546,7.816384315
-0.836437402,7.8120327
-0.836628435,7.812075615
-0.836866079,7.813612938
-0.837080596,7.813180447
-0.837323425,7.81227541
-0.8375467639999999,7.809482098
-0.837782202,7.810119629
-0.83799362,7.807549
-0.838266669,7.809478283
-0.838454006,7.810323715
-0.838679073,7.808185101
-0.838915525,7.808935165
-0.839165984,7.807405949
-0.83939421,7.805499077
-0.839594303,7.800296783
-0.839828907,7.801747799
-0.840048669,7.803537846
-0.840277789,7.805023193
-0.840529023,7.802226067
-0.840725122,7.801464081
-0.840979038,7.804502964
-0.841183899,7.796448231
-0.841389952,7.800161839
-0.841646193,7.800379276
-0.841847597,7.797047138
-0.842079101,7.796230316
-0.842287598,7.796231747
-0.842565058,7.796192646
-0.842757223,7.794831276
-0.843002318,7.794736385
-0.843246697,7.7923522
-0.843460916,7.792695522
-0.843690334,7.791184425
-0.843894063,7.790151596
-0.844141899,7.7880373
-0.844395457,7.790584564
-0.844608722,7.787491798
-0.844833074,7.785195827
-0.845037101,7.787865639
-0.845270274,7.788095951
-0.845487414,7.784170151
-0.845728992,7.783810139
-0.845926581,7.782803059
-0.846171675,7.781175137
-0.846378623,7.782740116
-0.846617399,7.783711433
-0.846828399,7.78269577
-0.847071884,7.780612469
-0.847283779,7.778775692
-0.847489057,7.778566837
-0.847702561,7.775910378
-0.847924111,7.776051044
-0.848163961,7.774964809
-0.848429142,7.775175571
-0.848612068,7.773799896
-0.848843394,7.775130749
-0.849036334,7.774813175
-0.849285362,7.771815777
-0.849494992,7.772363663
-0.849745093,7.772053719
-0.849940298,7.769848824
-0.850154577,7.770862579
-0.850345491,7.767621994
-0.850591062,7.769082069
-0.850828288,7.767681122
-0.851032434,7.766822338
-0.851230322,7.765493393
-0.851482509,7.76407814
-0.851702211,7.76572752
-0.851948677,7.766509056
-0.852142988,7.76523447
-0.852392672,7.759963989
-0.852597235,7.761069298
-0.85283166,7.760872841
-0.853035091,7.761419296
-0.853273092,7.75870657
-0.853534518,7.757053852
-0.853714583,7.758906364
-0.853932856,7.756670475
-0.854151486,7.756699562
-0.854384182,7.756225109
-0.854584632,7.754968166
-0.854825495,7.754665375
-0.855075894,7.752838612
-0.855300007,7.752565384
-0.855509399,7.750860691
-0.855723379,7.752540112
-0.855942665,7.749176025
-0.85618919,7.74934864
-0.856400607,7.750994682
-0.856633542,7.748717785
-0.856823919,7.746038914
-0.857063172,7.746331692
-0.857264279,7.745117664
-0.857512591,7.749112129
-0.857759414,7.746554852
-0.857964335,7.743887901
-0.858202813,7.742458344
-0.858427106,7.74230051
-0.858612059,7.739454746
-0.858803926,7.739153862
-0.859057663,7.738761425
-0.859264491,7.742883682
-0.859517632,7.741963387
-0.859743116,7.736877918
-0.85997772,7.738102913
-0.860194681,7.736293316
-0.860428391,7.735556602
-0.860658644,7.734171867
-0.860884426,7.733631134
-0.861111043,7.731243134
-0.861348866,7.731851101
-0.8615545019999999,7.730601788
-0.86177933,7.733379364
-0.861992059,7.730729103
-0.862212358,7.72910881
-0.862461744,7.729002953
-0.862681923,7.728969097
-0.862919031,7.727117538
-0.863119541,7.726235867
-0.863363205,7.723409653
-0.863569317,7.722362518
-0.863774477,7.722492218
-0.864019273,7.721776009
-0.864217339,7.721224308
-0.864454625,7.724552155
-0.864707051,7.719479084
-0.864873407,7.720794201
-0.865115402,7.720228672
-0.865366755,7.718562126
-0.865575312,7.719370842
-0.8658224919999999,7.717604637
-0.866069434,7.716899395
-0.866289316,7.717021942
-0.866496978,7.714159012
-0.866736827,7.710791588
-0.866947649,7.710875988
-0.867165504,7.710861206
-0.867394863,7.71122694
-0.867611883,7.711987019
-0.867853938,7.712082386
-0.868091999,7.710582256
-0.86831498,7.710027695
-0.868519722,7.710571289
-0.86876124,7.706030846
-0.868949233,7.705722332
-0.869200526,7.706387997
-0.869406043,7.706359863
-0.86965817,7.704926014
-0.86989498,7.703907967
-0.870106576,7.704123497
-0.870355306,7.701430321
-0.870545266,7.699987411
-0.870770095,7.702683449
-0.871032117,7.700588703
-0.871212123,7.70034647
-0.87147188,7.697449207
-0.871666251,7.696098804
-0.871907352,7.69576931
-0.872126637,7.696169376
-0.872333406,7.69233036
-0.87257403,7.696230888
-0.872792242,7.696311951
-0.873028932,7.694731712
-0.873271702,7.693350792
-0.873508034,7.689254761
-0.873694358,7.68937397
-0.873916267,7.6891222
-0.874133525,7.687565327
-0.874363957,7.690133095
-0.874596356,7.688119888
-0.874795733,7.687597752
-0.87504351,7.687229633
-0.87526059,7.684749126
-0.8754888749999999,7.681556225
-0.875725029,7.683851242
-0.875939606,7.684227467
-0.876179693,7.685601711
-0.876441835,7.683180332
-0.876641868,7.681007385
-0.87685859,7.679364681
-0.877074538,7.680168152
-0.877269564,7.679246902
-0.877493916,7.680308819
-0.877776621,7.675845623
-0.877945481,7.678506851
-0.878169356,7.678168774
-0.878387092,7.675861359
-0.878618537,7.67686367
-0.87888181,7.67632103
-0.879068015,7.673460484
-0.87934625,7.674583912
-0.879529832,7.673091412
-0.879774151,7.670596123
-0.879977344,7.667556286
-0.880223332,7.666918278
-0.880434988,7.669362068
-0.880664287,7.66962862
-0.880880116,7.671405315
-0.881086586,7.667612553
-0.881351648,7.667953968
-0.88156086,7.666511059
-0.881800352,7.667283535
-0.882011591,7.664132595
-0.882238982,7.662631989
-0.882483838,7.662461758
-0.882697104,7.664778233
-0.882903038,7.663072109
-0.883120356,7.660415649
-0.883327304,7.660018444
-0.883567212,7.66033268
-0.883793352,7.658399582
-0.884049116,7.658684731
-0.88427168,7.657381058
-0.884497223,7.656807423
-0.884719728,7.656859398
-0.884952245,7.652590752
-0.885168729,7.651456833
-0.885387002,7.651125431
-0.885610042,7.650114059
-0.885818301,7.649555683
-0.886072455,7.650551319
-0.886316953,7.648879051
-0.886520861,7.650638103
-0.886766909,7.65060091
-0.886984406,7.646337032
-0.887199281,7.647071838
-0.88741046,7.646099567
-0.887656746,7.649040699
-0.88791251,7.646535873
-0.888131796,7.640803337
-0.888351856,7.642764091
-0.888595222,7.640344143
-0.888766287,7.640451908
-0.889010368,7.640461445
-0.889243363,7.639280319
-0.889443932,7.636375427
-0.889692662,7.639620781
-0.889890133,7.639868736
-0.890138624,7.635455132
-0.890389083,7.63699913
-0.890600918,7.63433075
-0.890792487,7.631581783
-0.89104533,7.634455204
-0.891270278,7.634531975
-0.891498504,7.633555412
-0.891728042,7.63715744
-0.891974805,7.63342905
-0.892181693,7.629264355
-0.892413138,7.627587795
-0.8926696159999999,7.629132748
-0.892880915,7.629300594
-0.8930935249999999,7.628866673
-0.893340586,7.630150795
-0.893553672,7.628939152
-0.893786607,7.625576973
-0.894007443,7.623299122
-0.894253252,7.623715401
-0.894440411,7.623342991
-0.894643365,7.623743057
-0.894887386,7.624660969
-0.895107864,7.621905804
-0.895353673,7.619566917
-0.895604251,7.616075039
-0.895814536,7.617623329
-0.896036802,7.616788864
-0.896267949,7.619679451
-0.896494983,7.620271206
-0.89670956,7.61879158
-0.896972237,7.615873814
-0.897161184,7.613908768
-0.897404967,7.611446857
-0.897607742,7.612282753
-0.89782965,7.613610268
-0.898093937,7.612039089
-0.898298083,7.613743782
-0.898537753,7.611153603
-0.898771105,7.610598087
-0.898994504,7.609031677
-0.899217365,7.609179974
-0.899444101,7.604537964
-0.899672089,7.60739851
-0.899867354,7.605670452
-0.900100587,7.608765125
-0.900352238,7.604960442
-0.900571344,7.603291512
-0.900824307,7.598246574
-0.901041148,7.600734234
-0.901233552,7.60357666
-0.901483057,7.599376678
-0.901715277,7.602693558
-0.901928959,7.602077484
-0.902161179,7.599516392
-0.90238416,7.597089291
-0.9025957569999999,7.595480442
-0.902820049,7.596757889
-0.90306264,7.597323895
-0.903285323,7.598918915
-0.903528987,7.596331596
-0.903733907,7.591062069
-0.903954385,7.590329647
-0.904177306,7.595344067
-0.904396949,7.591397285
-0.90465772,7.593996525
-0.904878793,7.593425751
-0.905115901,7.59039259
-0.905343769,7.588655949
-0.905560849,7.589333534
-0.90578544,7.585727215
-0.905984996,7.585407734
-0.906216143,7.584290504
-0.906449674,7.584321976
-0.906685231,7.585035801
-0.906947849,7.583424091
-0.907164095,7.581571102
-0.907385824,7.581879616
-0.907625435,7.581081867
-0.907837508,7.579380035
-0.908099828,7.581631184
-0.908282099,7.584302902
-0.908515094,7.581679821
-0.908745525,7.57666111
-0.908984838,7.576946735
-0.909191309,7.576687813
-0.90941274,7.570306778
-0.909658967,7.5739398
-0.909862636,7.571932316
-0.910096524,7.575303555
-0.910304902,7.572391987
-0.910546003,7.571864605
-0.910773573,7.571332455
-0.9110018,7.570432186
-0.911221443,7.568529129
-0.911479233,7.56851387
-0.91169071,7.569764614
-0.911896763,7.567029953
-0.912123738,7.566374302
-0.912369667,7.567893982
-0.91259831,7.565126419
-0.912832437,7.564044476
-0.913034437,7.563810349
-0.913275359,7.564344883
-0.913483976,7.563780785
-0.91373205,7.56498909
-0.9139567,7.560991764
-0.91417688,7.557478428
-0.914407907,7.560343266
-0.914649008,7.559553623
-0.914876578,7.558924198
-0.915082751,7.557525635
-0.9153214669999999,7.558331013
-0.915557919,7.55431509
-0.915783702,7.554227352
-0.916039405,7.552257061
-0.91625279,7.554092884
-0.916440247,7.553471088
-0.916710077,7.554553032
-0.916927693,7.55526638
-0.917182026,7.552508354
-0.9174242,7.552715778
-0.917628644,7.54859066
-0.917889295,7.54610157
-0.918070434,7.546100616
-0.91833478,7.546320438
-0.918498335,7.546620846
-0.918772398,7.545616627
-0.918994783,7.54581213
-0.91923946,7.544320107
-0.919456063,7.54456377
-0.919676123,7.54349184
-0.919880388,7.542491913
-0.920146225,7.542919636
-0.920338986,7.541927814
-0.92059934,7.541401863
-0.920827387,7.537977219
-0.921090661,7.540057182
-0.921283839,7.537074566
-0.92151749,7.535581589
-0.921742557,7.535897732
-0.921970485,7.539516926
-0.922205387,7.537683487
-0.922442375,7.532273293
-0.922646759,7.532734394
-0.922896145,7.531928062
-0.923098443,7.532365322
-0.923339663,7.531549931
-0.923537491,7.53327322
-0.923785744,7.530098438
-0.924023626,7.531220436
-0.924249528,7.527488708
-0.924487231,7.527814865
-0.924753068,7.525747776
-0.924927114,7.526532173
-0.925157605,7.52394104
-0.925394533,7.526004314
-0.925630806,7.526656628
-0.925867735,7.524116516
-0.926089464,7.521806717
-0.926341651,7.520214558
-0.926568268,7.52084446
-0.926785944,7.519122601
-0.926995097,7.519638538
-0.927230893,7.520066738
-0.927505491,7.517579556
-0.927718995,7.517673492
-0.927968381,7.518119812
-0.92817056,7.51843071
-0.928384839,7.513916969
-0.928614078,7.514050484
-0.92886865,7.51530695
-0.929079471,7.515704632
-0.92930126,7.510922909
-0.929527877,7.510513783
-0.929746686,7.50840044
-0.929994164,7.507442951
-0.930216489,7.507416725
-0.930452822,7.508529663
-0.930646835,7.511879444
-0.930893181,7.509770393
-0.931156574,7.505693436
-0.93136674,7.505792141
-0.931618569,7.506049633
-0.931816278,7.500999451
-0.932067988,7.500298023
-0.932263134,7.502046108
-0.932511268,7.502319813
-0.932719706,7.501145363
-0.932977913,7.503833294
-0.933198391,7.500987053
-0.933428286,7.502510548
-0.933645843,7.498759747
-0.933861373,7.498236656
-0.93411362,7.498543262
-0.934339879,7.499760628
-0.934569417,7.498702526
-0.934800981,7.496411324
-0.935033081,7.494613647
-0.935287891,7.495660305
-0.935492395,7.49078083
-0.9357220509999999,7.487987518
-0.935961841,7.49331522
-0.936183153,7.488082886
-0.936451851,7.488388538
-0.936671792,7.485770226
-0.936902819,7.488788605
-0.937144099,7.486238956
-0.937347589,7.4873209
-0.93756902,7.485650063
-0.937783239,7.48923111
-0.938006638,7.485632896
-0.938295482,7.48748064
-0.938493786,7.484455585
-0.938751219,7.480481625
-0.93896508,7.478471756
-0.939216791,7.479789257
-0.939419268,7.481342793
-0.939637182,7.480252743
-0.939876733,7.480650902
-0.940119622,7.479756355
-0.9403401,7.47992754
-0.940560876,7.476344109
-0.940815268,7.474334717
-0.941073118,7.474568844
-0.941257833,7.476603031
-0.941498814,7.474533081
-0.941738306,7.470883369
-0.941969393,7.473459244
-0.942207811,7.473199844
-0.942430554,7.471642494
-0.942677317,7.469430447
-0.942889748,7.471465588
-0.943094848,7.468718529
-0.943340657,7.467373848
-0.943582056,7.46906805
-0.943803666,7.467742443
-0.944036422,7.467859268
-0.944288431,7.463622093
-0.944479583,7.463572502
-0.944722591,7.463109493
-0.9449183329999999,7.463343143
-0.945194839,7.464784145
-0.94539213,7.464985847
-0.94564092,7.464375019
-0.945854185,7.463729858
-0.946078537,7.457499504
-0.946320174,7.460560322
-0.946520208,7.458005428
-0.946762024,7.457105637
-0.946984587,7.457445145
-0.947227297,7.456553459
-0.94747412,7.453547955
-0.94768822,7.4539814
-0.947898803,7.454060078
-0.9481326919999999,7.452269077
-0.948377786,7.453091621
-0.948613225,7.453160763
-0.948840378,7.45214653
-0.949097453,7.450317383
-0.949302433,7.447994232
-0.949514864,7.446774006
-0.94974017,7.447060108
-0.949979184,7.447317123
-0.950193225,7.447762489
-0.95045316,7.448039055
-0.95062208,7.446525097
-0.950876115,7.447543621
-0.951117514,7.441816807
-0.951327084,7.443941593
-0.951554237,7.442455292
-0.951772867,7.441734791
-0.952038584,7.439821243
-0.952236472,7.440723419
-0.952485023,7.440953255
-0.952687321,7.438874722
-0.952932475,7.438179016
-0.95316547,7.43859911
-0.953405617,7.438126564
-0.95358914,7.435606956
-0.953862486,7.435930252
-0.95408356,7.436808109
-0.954279779,7.437775612
-0.954505263,7.433229446
-0.954778431,7.431835651
-0.954972325,7.432469368
-0.955211042,7.430363655
-0.955419241,7.429161072
-0.955654679,7.432127953
-0.955899654,7.429575443
-0.956126032,7.429890156
-0.956345676,7.427574635
-0.956586955,7.428851128
-0.956817029,7.424387455
-0.957006989,7.426615238
-0.957239447,7.42721653
-0.957512913,7.423513889
-0.957720039,7.424791813
-0.957960663,7.422556877
-0.958178757,7.420453548
-0.958453653,7.419050694
-0.958628772,7.4190135
-0.958869753,7.422115803
-0.959081231,7.41961813
-0.959359465,7.421340466
-0.959580896,7.419066906
-0.959805606,7.419394493
-0.960030792,7.413403511
-0.960278807,7.411296844
-0.960493503,7.412219048
-0.960659443,7.416168213
-0.960945128,7.41424942
-0.961152611,7.413989544
-0.961395143,7.4138484
-0.961620985,7.409600735
-0.961860595,7.407725811
-0.962093471,7.408573627
-0.962272642,7.410274982
-0.962501286,7.414078712
-0.962770281,7.412282944
-0.962997912,7.409685135
-0.963228701,7.406063557
-0.963455198,7.404880047
-0.963693796,7.402191639
-0.963912306,7.400598526
-0.964123903,7.402441502
-0.964372514,7.404085636
-0.964575885,7.403193951
-0.964839397,7.401401043
-0.965035794,7.399291992
-0.965273796,7.398295403
-0.965507565,7.397984982
-0.965732513,7.396007061
-0.965952395,7.395740509
-0.966190754,7.397882938
-0.966427265,7.394174099
-0.966666279,7.395664215
-0.966872273,7.393098354
-0.967089413,7.394891739
-0.967334746,7.391710281
-0.967552124,7.390336037
-0.967790125,7.393270493
-0.968005715,7.390369892
-0.96825218,7.391714096
-0.968451737,7.388563156
-0.96869397,7.388234615
-0.968928216,7.388807297
-0.96914774,7.387234688
-0.96938747,7.385690212
-0.969612001,7.385035038
-0.969853399,7.384830952
-0.97010505,7.38513279
-0.970300911,7.380066395
-0.970509647,7.381872177
-0.970741449,7.380056381
-0.970952509,7.382844925
-0.971216736,7.382218361
-0.971426008,7.380026817
-0.971640168,7.380888462
-0.971875904,7.379131317
-0.972121714,7.378629208
-0.972344576,7.376416683
-0.972572861,7.377142429
-0.972787259,7.372609138
-0.973024665,7.377770424
-0.973261593,7.378641129
-0.973515926,7.376859665
-0.973754225,7.374951363
-0.973963199,7.373902798
-0.974191723,7.370533943
-0.974435566,7.368384838
-0.97461885,7.369931221
-0.974862693,7.369391441
-0.975105343,7.370554924
-0.975333391,7.371424675
-0.975583611,7.368028164
-0.975783406,7.367768288
-0.976021228,7.366408348
-0.976236044,7.366786003
-0.976456402,7.364366055
-0.976685463,7.363433838
-0.976931987,7.366557121
-0.977147339,7.361738205
-0.977420507,7.362490654
-0.977656243,7.359383583
-0.977858959,7.35725069
-0.978090582,7.35915041
-0.978308259,7.360423088
-0.978539763,7.359309196
-0.978774844,7.356621742
-0.979014216,7.354359627
-0.979240654,7.356185436
-0.97949308,7.354598522
-0.979684589,7.354706764
-0.979941784,7.35174942
-0.980153022,7.352689743
-0.980369566,7.357082844
-0.980636774,7.353827953
-0.980840026,7.354333878
-0.981073139,7.348231792
-0.98132789,7.34815073
-0.981564282,7.35049057
-0.98178017,7.348877907
-0.982002078,7.347898483
-0.982235609,7.34700489
-0.982445536,7.346152782
-0.982711731,7.347612381
-0.982934473,7.345762253
-0.983188568,7.344409466
-0.983416854,7.343510151
-0.983594714,7.3432374
-0.983843325,7.341561317
-0.984049974,7.33654213
-0.984285472,7.339282513
-0.984504936,7.341234684
-0.984740553,7.337156773
-0.984942971,7.338915348
-0.98518437,7.339973927
-0.98539847,7.338731289
-0.985666094,7.336803436
-0.985946951,7.337330818
-0.986133395,7.333900452
-0.986352025,7.330946922
-0.986575304,7.329372406
-0.986815749,7.330724239
-0.9870674,7.332472801
-0.987275599,7.334608078
-0.987513123,7.331175804
-0.987726865,7.328109741
-0.987989185,7.329100609
-0.988186894,7.326835155
-0.988421617,7.323771
-0.988682447,7.328374863
-0.988907395,7.325174332
-0.989147184,7.324509621
-0.989360033,7.32100296
-0.989582775,7.319425106
-0.989800034,7.318313599
-0.990041254,7.322319031
-0.990267811,7.32399416
-0.990482805,7.324128151
-0.990749715,7.320878983
-0.990947602,7.318280697
-0.991165577,7.316119671
-0.991412459,7.316423416
-0.991655706,7.317698479
-0.991886793,7.318527222
-0.992114065,7.315194607
-0.992361425,7.313750744
-0.99258524,7.314594269
-0.992800055,7.311879635
-0.993003784,7.309296131
-0.993238865,7.311261177
-0.993478416,7.311074734
-0.99369329,7.309156895
-0.993903158,7.311831951
-0.994138835,7.311509132
-0.994393228,7.309454918
-0.994630812,7.307528019
-0.994877754,7.305360317
-0.995091138,7.304188251
-0.995309649,7.307284355
-0.995560346,7.305713654
-0.995740293,7.305206776
-0.996000288,7.303700924
-0.996204315,7.304806709
-0.996448336,7.303837776
-0.996662019,7.303604126
-0.996915517,7.300274372
-0.997119067,7.301446438
-0.997396587,7.301007271
-0.997617064,7.299397469
-0.997857748,7.297689438
-0.998098133,7.29629755
-0.998306749,7.295097351
-0.998525081,7.291119099
-0.998736618,7.294639587
-0.99894285,7.294771194
-0.999179481,7.293455124
-0.999439893,7.29553175
-0.999650536,7.294980526
-0.999910174,7.290378094
-1.000154374,7.292183876
-1.000340102,7.29134798
-1.000581024,7.286842823
-1.00085449,7.288572311
-1.001067517,7.2887187
-1.001299379,7.286431789
-1.00152695,7.286030769
-1.001721142,7.283776283
-1.001975296,7.282827377
-1.002201675,7.283884525
-1.002443431,7.285257339
-1.002650974,7.282392979
-1.002888916,7.279756546
-1.00311303,7.280714035
-1.003346322,7.279090881
-1.003591655,7.279676914
-1.003809808,7.278124809
-1.004016636,7.277583122
-1.004300473,7.277452946
-1.004529117,7.277292252
-1.004748939,7.275668144
-1.004982589,7.274793625
-1.005223988,7.271590233
-1.00546026,7.271377087
-1.005676864,7.270731926
-1.00586581,7.270973206
-1.006117819,7.269880295
-1.006360529,7.270218849
-1.006565688,7.270748615
-1.006813763,7.26857233
-1.007019518,7.269432545
-1.00723028,7.265979767
-1.007500051,7.267892838
-1.007737396,7.268651009
-1.007969974,7.268278599
-1.008183478,7.263035774
-1.008435486,7.261703968
-1.008661268,7.262059212
-1.00889778,7.262599945
-1.0091269,7.262676239
-1.009338377,7.26316452
-1.009571193,7.262090683
-1.009820221,7.260192871
-1.010046361,7.259738445
-1.010263918,7.256680489
-1.010489939,7.256320477
-1.010724304,7.255980015
-1.010948179,7.255280972
-1.011207817,7.258355618
-1.011440275,7.25672245
-1.01167321,7.252693653
-1.011894582,7.251635075
-1.012106774,7.250331879
-1.012351392,7.25240612
-1.012530444,7.251227856
-1.012781618,7.249623775
-1.013003824,7.251849651
-1.01324725,7.251690388
-1.013471602,7.249159813
-1.013672946,7.247114182
-1.013943194,7.24730444
-1.014156101,7.247660637
-1.014373181,7.245100498
-1.014618991,7.247729778
-1.014877437,7.245123863
-1.015083192,7.247635365
-1.015303252,7.241314411
-1.015532492,7.240385056
-1.015747545,7.240409374
-1.016006945,7.240362167
-1.016203759,7.240728378
-1.016477702,7.241904259
-1.016670225,7.238987923
-1.016942738,7.241669655
-1.017176269,7.236649513
-1.017390011,7.237356663
-1.017634867,7.234660625
-1.017868994,7.234563828
-1.018115757,7.235261917
-1.018321751,7.234006882
-1.018535493,7.232344151
-1.018811105,7.231787205
-1.019029496,7.23243618
-1.019244073,7.228130817
-1.019487618,7.230602264
-1.019698141,7.23104763
-1.019966004,7.226228237
-1.020185111,7.229590416
-1.020384548,7.227366924
-1.020619391,7.226405621
-1.020869969,7.224657536
-1.021100758,7.224131584
-1.0213453749999999,7.222379684
-1.021544574,7.223891258
-1.021808384,7.220977783
-1.022023676,7.219651699
-1.022234676,7.220761776
-1.022485731,7.222299576
-1.022750972,7.224429607
-1.022966979,7.217720985
-1.023176549,7.217738152
-1.023408888,7.217270374
-1.023646114,7.217207432
-1.023908256,7.218393326
-1.024134038,7.216110706
-1.024375318,7.215827942
-1.024602173,7.215686321
-1.024840472,7.216152668
-1.025054811,7.211483955
-1.025300978,7.208683491
-1.025536893,7.210373402
-1.025736926,7.212131977
-1.025985001,7.212097168
-1.026247857,7.207664013
-1.026437519,7.20652771
-1.026682613,7.205646992
-1.026907681,7.207078457
-1.027181862,7.203996181
-1.027392505,7.20514822
-1.027621506,7.206291199
-1.027858017,7.203299046
-1.028096436,7.200681686
-1.02834606,7.200667381
-1.028547762,7.198260307
-1.0288007239999999,7.201266289
-1.029011367,7.200975418
-1.029272912,7.202385902
-1.029509543,7.198690414
-1.029744504,7.197109699
-1.02995765,7.195561886
-1.030221103,7.196822643
-1.030433057,7.195752144
-1.030701397,7.196692944
-1.030879257,7.193018913
-1.031130193,7.19139576
-1.031376241,7.192853928
-1.031590341,7.19059515
-1.031828879,7.187764645
-1.032096742,7.191018105
-1.032280324,7.18817997
-1.032543181,7.189781666
-1.032791136,7.190421581
-1.033010839,7.187897205
-1.033255337,7.18810606
-1.033543108,7.184792519
-1.033734201,7.183741093
-1.033965705,7.184140205
-1.03421521,7.183726311
-1.0344703179999999,7.182502747
-1.034702299,7.181739807
-1.034939287,7.182538033
-1.035168765,7.181652546
-1.035372613,7.181182861
-1.035622357,7.176377773
-1.035884498,7.180140018
-1.036085246,7.178272724
-1.03632283,7.179029942
-1.036562203,7.178159237
-1.036810516,7.176564693
-1.037048457,7.175107002
-1.037263868,7.174051762
-1.037520526,7.171286106
-1.037726162,7.171755791
-1.037976502,7.173183441
-1.038224218,7.176482201
-1.038464068,7.17214489
-1.038709162,7.169932842
-1.038917897,7.169334888
-1.039156912,7.164829254
-1.039378284,7.166367531
-1.039616941,7.169996738
-1.039843081,7.170113564
-1.040107129,7.165456295
-1.040346025,7.166595936
-1.040585874,7.164788723
-1.040811656,7.16327095
-1.041055678,7.162205696
-1.041289209,7.159864902
-1.041477202,7.163077831
-1.041730998,7.161906242
-1.04198396,7.162004948
-1.04219198,7.157813549
-1.04244828,7.156788826
-1.042702196,7.158771515
-1.042931316,7.155905247
-1.043166636,7.155622959
-1.043394921,7.157009602
-1.043648241,7.157429218
-1.043852566,7.154175282
-1.044083593,7.153206825
-1.04432082,7.152295113
-1.044607995,7.151825428
-1.044849513,7.151587009
-1.045078157,7.149126053
-1.045270084,7.151667595
-1.045551894,7.151398659
-1.045770763,7.145517349
-1.045974849,7.146952152
-1.046206472,7.147020817
-1.046459792,7.145460606
-1.046666263,7.149328232
-1.04694867,7.145773411
-1.047178743,7.145795822
-1.047425507,7.142198563
-1.047653792,7.142836094
-1.047900079,7.141165257
-1.04813051,7.140948772
-1.048374651,7.137894154
-1.048608778,7.140830517
-1.048846243,7.140515327
-1.049080489,7.138016701
-1.049299834,7.140538216
-1.049579499,7.134730816
-1.049795864,7.133508205
-1.050024746,7.134207249
-1.050252913,7.132422924
-1.050485609,7.134613037
-1.050750373,7.132285118
-1.051000712,7.131928444
-1.051224468,7.131140709
-1.051458357,7.126660347
-1.051666139,7.125878334
-1.051918147,7.128230095
-1.052159427,7.127416134
-1.05241072,7.129419327
-1.052641986,7.124712944
-1.052867768,7.123313904
-1.053135512,7.123193264
-1.05335152,7.122488976
-1.053569553,7.12151289
-1.053817747,7.121255398
-1.05406153,7.123787403
-1.054309843,7.123449802
-1.054562209,7.12115097
-1.054789541,7.120604038
-1.05503094,7.118270397
-1.055261849,7.117524147
-1.055492876,7.117511749
-1.055741547,7.115948677
-1.055975316,7.117292881
-1.056214331,7.115562916
-1.05646324,7.113730431
-1.056687353,7.111684799
-1.056927322,7.110549927
-1.057151197,7.110621452
-1.0573889,7.112797737
-1.057651399,7.109316826
-1.05788791,7.109387398
-1.058134196,7.111553192
-1.05834627,7.108986855
-1.05860102,7.106775761
-1.058811424,7.107403278
-1.059077261,7.105775833
-1.059313534,7.10666275
-1.059544681,7.104679585
-1.059806941,7.104733467
-1.060017584,7.102845192
-1.060271977,7.10078764
-1.060490487,7.104406357
-1.060758947,7.10323143
-1.060989497,7.100464821
-1.061253784,7.100742817
-1.061448453,7.101663113
-1.061690806,7.100271702
-1.061952828,7.099319935
-1.06216812,7.094823837
-1.062453626,7.0956707
-1.062685607,7.094386101
-1.062908528,7.096860886
-1.063127397,7.094607353
-1.063390611,7.094567776
-1.06363952,7.091228485
-1.063854454,7.089583397
-1.064128636,7.088264465
-1.06434953,7.090342999
-1.064582227,7.08975029
-1.064825175,7.092479706
-1.065051673,7.090452671
-1.065312503,7.089994431
-1.065546392,7.086104393
-1.065799115,7.083927631
-1.065984605,7.083375931
-1.0662688,7.083375931
-1.066474436,7.082230091
-1.066751598,7.082684517
-1.066974996,7.080749512
-1.067234276,7.083538532
-1.067431448,7.078730583
-1.067710994,7.076236248
-1.067932723,7.077487469
-1.068133948,7.080729008
-1.06844878,7.076210022
-1.068674563,7.076294899
-1.068930505,7.077407837
-1.069143651,7.077342033
-1.069385408,7.073849678
-1.06958103,7.072370052
-1.069843529,7.073801517
-1.070082067,7.074528694
-1.070309756,7.074389458
-1.070548652,7.073667526
-1.070818184,7.072896481
-1.071061967,7.072284222
-1.071315406,7.066683292
-1.071555493,7.068136215
-1.071776746,7.064856052
-1.072018264,7.065993309
-1.072275756,7.064880371
-1.07249522,7.065349102
-1.072743295,7.06235981
-1.0729897,7.064277649
-1.073240994,7.060583115
-1.073483465,7.059654236
-1.073702214,7.06166172
-1.073928593,7.061130524
-1.074181197,7.059535503
-1.074434517,7.05632782
-1.074654458,7.056090355
-1.0749104,7.055974007
-1.075113891,7.052960873
-1.075368522,7.056628227
-1.075594423,7.05653429
-1.0758512,7.05602932
-1.076104162,7.05378437
-1.07636237,7.051370144
-1.076572178,7.050674915
-1.076776145,7.046548367
-1.077036617,7.049494743
-1.077292441,7.051101685
-1.077543495,7.048512459
-1.07776892,7.04660511
-1.07801771,7.048184395
-1.078267334,7.046275139
-1.078484057,7.045816422
-1.078738211,7.042502403
-1.078963516,7.043549538
-1.079195259,7.044664383
-1.079431294,7.042666435
-1.07966244,7.041531086
-1.079894899,7.039968491
-1.080149887,7.038517475
-1.080409287,7.03689909
-1.080636261,7.038220406
-1.080863951,7.038507462
-1.081098674,7.039298534
-1.081342338,7.037739277
-1.081605194,7.036468506
-1.081829904,7.034263611
-1.082078336,7.031945705
-1.082312821,7.032766819
-1.082544683,7.031368256
-1.082782624,7.031617165
-1.083031533,7.030417442
-1.083281992,7.032282829
-1.083535431,7.030383587
-1.083738325,7.028995514
-1.083961604,7.026629925
-1.084227799,7.028224468
-1.084460018,7.025049686
-1.084690211,7.025659084
-1.084942101,7.027658463
-1.085179923,7.02766943
-1.085430501,7.024777889
-1.08567798,7.023470402
-1.085916875,7.022292614
-1.086143373,7.021328926
-1.086365102,7.021777153
-1.08659148,7.018917561
-1.08685386,7.020372391
-1.087099789,7.017921925
-1.087323306,7.017640114
-1.08756089,7.019025803
-1.087809799,7.016452789
-1.08805847,7.013914108
-1.088265775,7.01564455
-1.088503121,7.013782024
-1.088768004,7.012859821
-1.089011548,7.012745857
-1.089250086,7.011859417
-1.089503048,7.012859821
-1.089708446,7.009402275
-1.089950917,7.007675648
-1.090153812,7.009769917
-1.090433953,7.008020401
-1.090706347,7.008002758
-1.090952871,7.006507397
-1.091179846,7.004906178
-1.091398595,7.002660751
-1.091645477,7.003534317
-1.091900824,7.000494003
-1.092146514,7.003267765
-1.092368124,7.001971722
-1.09260237,7.000593662
-1.092877982,7.000231743
-1.093120096,6.999647141
-1.093332408,6.998767376
-1.093589066,6.997377396
-1.09382355,6.998844624
-1.094072221,6.998293877
-1.094303964,6.99831152
-1.094558833,6.996024609
-1.094799159,6.993215084
-1.095009444,6.994585991
-1.095254658,6.992532253
-1.095519064,6.991680145
-1.095744846,6.992389202
-1.09601271,6.989806175
-1.096233843,6.986036301
-1.09648907,6.988873959
-1.096716164,6.985024452
-1.09693527,6.985611439
-1.097194193,6.985307217
-1.097417234,6.986243248
-1.097663162,6.984268665
-1.09792125,6.983679771
-1.098153232,6.982029438
-1.098414062,6.981740952
-1.098662494,6.98013401
-1.09890723,6.980700016
-1.099103211,6.981357098
-1.099358557,6.980474472
-1.099574683,6.978355408
-1.099847315,6.977732182
-1.100071548,6.978218079
-1.100322483,6.97541666
-1.100558994,6.974740028
-1.100801347,6.973901272
-1.101019858,6.975765705
-1.101297258,6.974642754
-1.101557611,6.973323822
-1.101797579,6.970099449
-1.102025626,6.969580173
-1.102285741,6.968957424
-1.102516888,6.966152668
-1.102754233,6.969553947
-1.10302305,6.967673302
-1.103291033,6.966948986
-1.103505729,6.965303898
-1.103718637,6.964749813
-1.103987573,6.963301659
-1.104250191,6.962396145
-1.104463695,6.961655617
-1.104705809,6.963099003
-1.104950069,6.964047432
-1.105211495,6.963853836
-1.105448602,6.959644794
-1.105684755,6.957762241
-1.10591769,6.958488464
-1.106134055,6.955885887
-1.106418012,6.957626343
-1.106632469,6.956430435
-1.106890319,6.955443859
-1.107143281,6.952826977
-1.107371448,6.952446461
-1.10762584,6.951610088
-1.107846258,6.952311993
-1.10810828,6.950042725
-1.108362196,6.951061249
-1.108599542,6.949675083
-1.108847616,6.950744629
-1.109098671,6.947300434
-1.109332679,6.943335056
-1.109568832,6.94417572
-1.109791277,6.94516468
-1.110042451,6.943281651
-1.110271571,6.942947865
-1.110506771,6.940932274
-1.110742686,6.94059515
-1.111011026,6.938110352
-1.111278055,6.941432953
-1.111477254,6.941089153
-1.111731289,6.936964512
-1.111982582,6.936831951
-1.112230418,6.935283184
-1.112442968,6.931027412
-1.112705706,6.933516026
-1.112937449,6.930532932
-1.11318898,6.931434631
-1.113437293,6.936103344
-1.113694785,6.933934212
-1.113915918,6.931293964
-1.114195345,6.929075241
-1.114456533,6.927122116
-1.114633082,6.928054333
-1.114904044,6.925855637
-1.115159629,6.927543163
-1.115380524,6.926949501
-1.115627764,6.925256252
-1.115874289,6.924142361
-1.116120694,6.923378944
-1.116384862,6.92380476
-1.116594313,6.925326347
-1.116824864,6.924072266
-1.117075918,6.920373917
-1.117319701,6.922511101
-1.11754751,6.919597626
-1.117790936,6.918959618
-1.118057607,6.915042877
-1.118311761,6.917831898
-1.118538735,6.919549942
-1.118774174,6.916768551
-1.119060038,6.917234421
-1.119245647,6.91668129
-1.11951053,6.91347456
-1.119752167,6.908622742
-1.119974373,6.912614822
-1.120259283,6.910177708
-1.120481608,6.913423061
-1.120752571,6.912644386
-1.120988725,6.910077095
-1.121213196,6.908419132
-1.121445773,6.907754421
-1.121715544,6.906170845
-1.12194228,6.906955242
-1.122198103,6.909005165
-1.1224478469999999,6.907061577
-1.122700332,6.902637959
-1.122969506,6.901650429
-1.123183964,6.902103424
-1.123436211,6.90085125
-1.123675583,6.897511482
-1.123943446,6.899939537
-1.124171374,6.899906635
-1.124426959,6.896130562
-1.124679444,6.896610737
-1.1249243,6.895959377
-1.125170229,6.893317223
-1.1253947,6.892820835
-1.125648616,6.894442081
-1.125911115,6.892343044
-1.12616515,6.891981125
-1.126379369,6.890982151
-1.126629589,6.890911579
-1.126886604,6.889977455
-1.127120016,6.888624191
-1.127355097,6.887647152
-1.127599714,6.886639118
-1.127835391,6.885663509
-1.128099559,6.884902
-1.128359554,6.88513422
-1.128577946,6.883615494
-1.128813027,6.882262707
-1.129087089,6.882629871
-1.12932658,6.883113861
-1.129559992,6.881761551
-1.129799364,6.879202366
-1.130067466,6.880302906
-1.130291222,6.87891531
-1.130569456,6.877461433
-1.130804895,6.876114368
-1.131043909,6.875255585
-1.13131523,6.874209881
-1.131555913,6.874648571
-1.131793497,6.872616291
-1.132035492,6.870829582
-1.132270096,6.870787144
-1.132510183,6.873723507
-1.132769702,6.871855259
-1.133051036,6.867602348
-1.133270858,6.866218567
-1.133467076,6.866502285
-1.133744476,6.865010738
-1.133989571,6.86461544
-1.134230731,6.865086555
-1.13448417,6.862725258
-1.134725569,6.864988327
-1.134948252,6.864151001
-1.135195373,6.857666969
-1.135439394,6.860704899
-1.135704396,6.858863354
-1.135936974,6.858692169
-1.136214254,6.860096931
-1.136447309,6.86064291
-1.136736391,6.859189034
-1.136962293,6.854906082
-1.137215136,6.851692677
-1.137440441,6.851302147
-1.137670634,6.852544308
-1.137907503,6.852468491
-1.138169168,6.85318327
-1.138396857,6.851217747
-1.138658641,6.850811958
-1.138924955,6.846188545
-1.139141319,6.848168373
-1.1393764,6.846748352
-1.139634846,6.845780849
-1.139879344,6.845837593
-1.140178917,6.84809351
-1.140401123,6.844435692
-1.140600799,6.842613697
-1.140906571,6.844803333
-1.141111611,6.842633724
-1.141403077,6.839278221
-1.141604064,6.842811108
-1.141870616,6.840650558
-1.142149447,6.840985775
-1.142386792,6.839013577
-1.14260125,6.835949421
-1.142844914,6.835913658
-1.143107889,6.834275723
-1.143327354,6.836832047
-1.143575428,6.835933208
-1.143828152,6.835862637
-1.144075511,6.83405447
-1.144311903,6.830596447
-1.14457023,6.830338478
-1.144833682,6.827519894
-1.145038841,6.827560425
-1.145306824,6.830255985
-1.145558832,6.828123569
-1.145803211,6.82968092
-1.146041391,6.826314449
-1.146280883,6.827615738
-1.146523951,6.824129105
-1.14678335,6.824652672
-1.147021173,6.821097374
-1.147228716,6.820785046
-1.147502063,6.821114063
-1.147749184,6.819285393
-1.147996424,6.821272373
-1.148244618,6.820467472
-1.148519514,6.817212105
-1.148726342,6.817467213
-1.148982523,6.816708565
-1.149225591,6.819272518
-1.149430631,6.816915512
-1.149740098,6.815207005
-1.149940966,6.812643051
-1.15021622,6.809884548
-1.1504523739999999,6.8092103
-1.150676725,6.8088727
-1.1509435159999999,6.808228493
-1.151197789,6.809965134
-1.151420711,6.811102867
-1.15168762,6.807080746
-1.151926516,6.804609776
-1.15218365,6.803850651
-1.152415751,6.803399086
-1.152639626,6.805387974
-1.152916906,6.803841114
-1.153179405,6.800936222
-1.153407095,6.801949024
-1.153631089,6.797914028
-1.153879164,6.799352646
-1.154108761,6.795833111
-1.154375671,6.795396328
-1.154593585,6.798054695
-1.154851316,6.795917034
-1.15509331,6.796072483
-1.155357717,6.795419693
-1.155628083,6.795285702
-1.155869244,6.790886402
-1.156104801,6.788948059
-1.156340478,6.791844368
-1.156603215,6.791826248
-1.156821249,6.79131794
-1.157102821,6.789627075
-1.157371519,6.787034512
-1.157606838,6.784525871
-1.15783882,6.78633976
-1.158085583,6.784480572
-1.158350227,6.783798695
-1.15862274,6.787290096
-1.158838389,6.786702633
-1.159131764,6.783866405
-1.159378169,6.781280518
-1.159621237,6.78017807
-1.159894465,6.778360367
-1.160139201,6.779194355
-1.160399435,6.777275562
-1.160667894,6.775249004
-1.160869477,6.775966644
-1.161124108,6.775185108
-1.161421655,6.771748543
-1.161658643,6.77011776
-1.161897538,6.771697998
-1.162160037,6.772600174
-1.162398694,6.771757126
-1.162669895,6.771821976
-1.162931679,6.766420841
-1.163152693,6.768082619
-1.16343355,6.763170719
-1.163666247,6.762726784
-1.163923739,6.766913891
-1.164162276,6.766401768
-1.164444445,6.765162468
-1.16469538,6.764562607
-1.164970515,6.763415813
-1.165200351,6.7598176
-1.165472386,6.758622169
-1.165738819,6.757990837
-1.165969251,6.759772301
-1.166226862,6.75903368
-1.166497348,6.762054443
-1.166753886,6.759665966
-1.167011855,6.75484848
-1.167235134,6.754732132
-1.167516826,6.753031731
-1.167733071,6.752304077
-1.168015001,6.753905296
-1.168257473,6.753486156
-1.168533681,6.752305508
-1.16882026,6.748563766
-1.16904032,6.750134468
-1.1693058,6.747068405
-1.169570921,6.746305943
-1.169797061,6.745152473
-1.17005646,6.74348259
-1.170320151,6.744432926
-1.170558093,6.747135639
-1.170834182,6.746138573
-1.171061514,6.742379665
-1.171335815,6.741538525
-1.171560166,6.740895748
-1.171821592,6.738448143
-1.172071813,6.739171982
-1.17231488,6.73698473
-1.172583578,6.73611021
-1.1728245,6.734035015
-1.17311096,6.733774185
-1.173388122,6.734193802
-1.173590777,6.733867645
-1.173862336,6.734410286
-1.174121616,6.733158112
-1.174381612,6.733415604
-1.174638389,6.729842663
-1.174891589,6.726105213
-1.175183533,6.727593422
-1.175405262,6.730131149
-1.175663946,6.726742268
-1.175915359,6.72755003
-1.176170228,6.72667551
-1.176384566,6.726543427
-1.176679013,6.723079681
-1.176896093,6.720279217
-1.177154301,6.719806671
-1.177396653,6.719816685
-1.177620171,6.71703577
-1.177919386,6.718554497
-1.178142069,6.718450546
-1.178384898,6.719231606
-1.17866206,6.719042778
-1.17893636,6.715753555
-1.179207085,6.712744713
-1.17942345,6.714993477
-1.179688094,6.713423252
-1.179938076,6.712921619
-1.180177091,6.709465504
-1.180472968,6.711389065
-1.180731295,6.709744453
-1.180990456,6.708292007
-1.181228517,6.70757246
-1.181445954,6.707653046
-1.181738136,6.709269524
-1.181981085,6.705238819
-1.182252882,6.703342915
-1.182494281,6.704693794
-1.182772754,6.70001936
-1.183009265,6.700241566
-1.183269737,6.700184822
-1.183491586,6.700015545
-1.18379247,6.700806141
-1.184052466,6.69766283
-1.184318541,6.696456909
-1.184559224,6.69503212
-1.184841989,6.692307949
-1.185058711,6.692409039
-1.185303925,6.695178509
-1.185588477,6.694099426
-1.185812233,6.693515778
-1.186071752,6.690694809
-1.18633437,6.689044476
-1.186557172,6.686576843
-1.186818479,6.68557024
-1.187073348,6.685765266
-1.187332152,6.687287807
-1.187585948,6.686536312
-1.187828897,6.685470104
-1.188106297,6.682183266
-1.18834853,6.682893276
-1.188593505,6.680530071
-1.1888540969999999,6.680828094
-1.189102529,6.673695087
-1.189362524,6.67894125
-1.18961644,6.678043842
-1.189865945,6.678946495
-1.190103648,6.675086975
-1.190356491,6.67267704
-1.190636514,6.670427322
-1.190893767,6.671042919
-1.191135047,6.673657417
-1.191409228,6.674067974
-1.191658376,6.672809124
-1.191927074,6.671103001
-1.192172406,6.666693687
-1.192418097,6.665410042
-1.192696927,6.664290428
-1.192924975,6.664614201
-1.193193195,6.663331509
-1.193445681,6.663278103
-1.193683861,6.669003487
-1.193941949,6.663963795
-1.194186209,6.664400101
-1.194459913,6.662137508
-1.194682239,6.658361912
-1.194944141,6.659020424
-1.195208309,6.659437656
-1.195431827,6.660140038
-1.195718406,6.65723896
-1.195959089,6.656466484
-1.196232436,6.655928135
-1.196485041,6.654321194
-1.196754096,6.653108597
-1.196971415,6.653083801
-1.197263239,6.654159069
-1.197515605,6.654282093
-1.197784303,6.65117836
-1.197995661,6.651321411
-1.198266266,6.649178982
-1.198535798,6.645394802
-1.198785065,6.645343781
-1.19904065,6.646012783
-1.199285148,6.646337986
-1.1995275,6.643620014
-1.199764369,6.641423702
-1.200030444,6.639225006
-1.200293301,6.640151024
-1.200526593,6.63920784
-1.200779913,6.635853767
-1.201035736,6.63677597
-1.20127189,6.637005806
-1.201530455,6.636797905
-1.201797007,6.634740353
-1.202061413,6.633462429
-1.2023046,6.630178928
-1.202548144,6.630184174
-1.202808259,6.629304886
-1.2030313,6.630197048
-1.203289745,6.628483772
-1.203558324,6.628297806
-1.203810452,6.626690865
-1.204056619,6.626651764
-1.204296349,6.623670578
-1.204532383,6.624773026
-1.204822419,6.622679234
-1.205062626,6.624283314
-1.205303071,6.624198914
-1.205567954,6.620163918
-1.205854056,6.622273922
-1.206098197,6.619141579
-1.206342218,6.614378929
-1.206581352,6.618006706
-1.206847904,6.618499279
-1.207104085,6.618806839
-1.20732641,6.614379406
-1.207622049,6.613077641
-1.207850216,6.611081123
-1.2080909,6.611028671
-1.208370088,6.610490322
-1.208610771,6.608397484
-1.208872913,6.608512878
-1.209087251,6.610461235
-1.209400056,6.609518528
-1.209635494,6.607255459
-1.209875224,6.605918407
-1.210153459,6.60500145
-1.210384606,6.600842953
-1.210657476,6.60318327
-1.210895775,6.603692532
-1.211141108,6.603784561
-1.211407421,6.601800442
-1.211655257,6.599079609
-1.211927651,6.59553194
-1.212165592,6.596041203
-1.212403176,6.593918324
-1.21266496,6.597727776
-1.212868212,6.59476614
-1.213147519,6.594242573
-1.213410495,6.592309952
-1.213659046,6.590262413
-1.213912962,6.590167522
-1.214123247,6.589215279
-1.214362381,6.58865118
-1.214619635,6.590143681
-1.21488869,6.587925434
-1.215152262,6.588070869
-1.215408443,6.586750031
-1.215673087,6.584757805
-1.215912698,6.581304073
-1.216143964,6.583276749
-1.21642804,6.580505371
-1.216668127,6.579907894
-1.21695113,6.581166267
-1.217212794,6.57958746
-1.217426656,6.575509548
-1.217707036,6.574763775
-1.217954395,6.572846413
-1.218214391,6.576157093
-1.218462227,6.572320938
-1.218734739,6.573869228
-1.218978761,6.575676441
-1.219211696,6.572268009
-1.219490169,6.568666458
-1.21973121,6.567625523
-1.220010636,6.566826344
-1.220262406,6.56392765
-1.220485447,6.565090179
-1.220722912,6.565573215
-1.220987795,6.564479351
-1.221258281,6.564589977
-1.221518157,6.56161499
-1.221789954,6.562681675
-1.222022055,6.558458328
-1.222254155,6.559583664
-1.222522615,6.558682442
-1.222761152,6.559418201
-1.223029969,6.556446075
-1.223268746,6.555651665
-1.223547576,6.555449486
-1.223777531,6.554225445
-1.224048732,6.551999569
-1.22428727,6.551246166
-1.224566219,6.548641682
-1.224764464,6.548218727
-1.225065468,6.548705578
-1.22527766,6.547635555
-1.225495694,6.547236919
-1.225764154,6.54432106
-1.226019619,6.539915562
-1.226248143,6.540812492
-1.226494668,6.541762829
-1.226773022,6.544011593
-1.227042912,6.541695595
-1.227285264,6.543307781
-1.227526663,6.537974358
-1.22777736,6.537621975
-1.228020785,6.533895969
-1.228218554,6.532473087
-1.228468893,6.535607338
-1.228699682,6.532675266
-1.228976725,6.532249928
-1.229203222,6.532001019
-1.229452489,6.528611183
-1.229709147,6.530419827
-1.229947684,6.527759075
-1.230209587,6.52500248
-1.230458139,6.524940014
-1.230698345,6.525526047
-1.230985878,6.527004242
-1.231238244,6.524989605
-1.231492279,6.520707607
-1.231738685,6.520998478
-1.231972454,6.516807079
-1.232223271,6.517166615
-1.232485769,6.516943455
-1.23275709,6.518366814
-1.233009217,6.520131111
-1.233276008,6.519699097
-1.233514426,6.517108917
-1.233801125,6.513533115
-1.234037994,6.509141445
-1.234277604,6.511963367
-1.234544633,6.507657528
-1.234813688,6.507076263
-1.235061524,6.508025646
-1.235278009,6.510454655
-1.235562323,6.50626564
-1.235776899,6.505060673
-1.236018298,6.500414371
-1.236259935,6.50155735
-1.236503718,6.50048399
-1.236751912,6.500537872
-1.23703122,6.501244545
-1.237256287,6.502451897
-1.237579344,6.499457836
-1.237753032,6.496953011
-1.238025306,6.495919228
-1.238250015,6.494710445
-1.23847842,6.493538857
-1.238750694,6.49350071
-1.238975165,6.492429256
-1.239219545,6.493553638
-1.239456175,6.490896225
-1.239714621,6.486448288
-1.239967344,6.484736919
-1.24020469,6.487931728
-1.240474938,6.484763622
-1.240707515,6.484729767
-1.240919469,6.485108852
-1.241197584,6.482115269
-1.241451023,6.480653763
-1.241742013,6.477277756
-1.241946099,6.477764606
-1.242208241,6.478139877
-1.242477534,6.475175381
-1.242685555,6.475762844
-1.242956398,6.474641323
-1.243229507,6.473698616
-1.243473647,6.474108219
-1.243730424,6.470491409
-1.243963121,6.465552807
-1.244208096,6.466875076
-1.244455455,6.468873024
-1.244746445,6.467320442
-1.244964359,6.466073036
-1.245261429,6.465193272
-1.245501993,6.462802887
-1.245782016,6.462486744
-1.246028779,6.46043539
-1.246278761,6.458050728
-1.246528147,6.458586216
-1.246775387,6.458734512
-1.247016905,6.456700325
-1.247296212,6.453457832
-1.247560142,6.451688766
-1.24780619,6.44972229
-1.248012541,6.451905727
-1.24830067,6.451241493
-1.248569129,6.449093342
-1.248831747,6.44636631
-1.249065993,6.445883751
-1.249338267,6.444836617
-1.249581693,6.441894054
-1.24981725,6.441473961
-1.250075815,6.437902927
-1.250352619,6.438113689
-1.250579713,6.437616348
-1.250823138,6.438101768
-1.251099346,6.435961723
-1.251353739,6.435266972
-1.251602052,6.433862209
-1.25185561,6.4298563
-1.25208783,6.429484367
-1.252386211,6.428017616
-1.252611635,6.425220966
-1.252870916,6.425602913
-1.253140329,6.423625469
-1.253456472,6.423949718
-1.25367081,6.42142725
-1.253940223,6.418894768
-1.2542026019999999,6.418560982
-1.254470227,6.416155815
-1.25472915,6.415512085
-1.255003212,6.412363529
-1.25528395,6.410517693
-1.255547164,6.408343315
-1.255806087,6.406198502
-1.256101726,6.399480343
-1.256350158,6.39651823
-1.256608127,6.394326687
-1.256886957,6.389945984
-1.257170914,6.386922359
-1.257457731,6.382173061
-1.257775901,6.378058434
-1.258095739,6.366679668
-1.25841379,6.355624676
-1.25874388,6.344499111
-1.259042738,6.332657337
-1.259403704,6.319970131
-1.259734271,6.30914402
-1.260047792,6.297595978
-1.260336993,6.285012245
-1.260669349,6.274959087
-1.260955093,6.26206398
-1.261311052,6.254178524
-1.261623858,6.241323471
-1.261981962,6.22755146
-1.262346147,6.211965561
-1.262702463,6.196282864
-1.263013361,6.179562569
-1.26334977,6.169430733
-1.26366186,6.157877922
-1.264003513,6.14656496
-1.264297841,6.133834839
-1.26464319,6.125268459
-1.264929293,6.114587307
-1.265262483,6.101319313
-1.26558101,6.092960835
-1.265908716,6.080772877
-1.266206859,6.070393562
-1.266517637,6.060078144
-1.266808031,6.049747467
-1.267151592,6.040679932
-1.267447351,6.028952122
-1.267753838,6.021356106
-1.268040774,6.01027441
-1.268340586,6.001008987
-1.268642305,5.992134094
-1.268956063,5.982964516
-1.269264339,5.969764709
-1.269513367,5.958037853
-1.269834636,5.944456577
-1.270165442,5.931743622
-1.270487784,5.922230721
-1.270793079,5.90743351
-1.271079896,5.895858288
-1.271417497,5.880017281
-1.271719931,5.867336273
-1.272007225,5.856145859
-1.272302387,5.84703207
-1.272646425,5.835020542
-1.272955177,5.822303295
-1.273291348,5.811049461
-1.273592351,5.795824051
-1.273888109,5.781744957
-1.274183987,5.771551132
-1.274484633,5.756630421
-1.274802325,5.747934341
-1.275102375,5.735758781
-1.275406716,5.722855568
-1.275753019,5.709249496
-1.276096461,5.698523045
-1.276403068,5.682746887
-1.276712058,5.668815613
-1.277021645,5.651468277
-1.277352689,5.637804508
-1.277663587,5.621957779
-1.278035877,5.605492592
-1.278349279,5.595732689
-1.278657077,5.578329563
-1.278998373,5.561504841
-1.279332874,5.543393135
-1.279711841,5.522227287
-1.280102013,5.498901844
-1.280502198,5.475665569
-1.280968783,5.44659996
-1.28145778,5.411129475
-1.282015441,5.370063782
-1.282564519,5.318267822
-1.283025621,5.268182278
-1.283306478,5.225712776
-1.283524631,5.197348595
-1.28367698,5.182882309
-1.283841131,5.173317909
-1.28405094,5.163916588
-1.284245728,5.156240463
-1.284515856,5.159173965
-1.284929154,5.153301239
-1.285694836,5.111112595
-1.286951182,5.031307697
-1.288638948,4.912450314
-1.289552448,4.792927265
-1.289584158,4.699831486
-1.289542554,4.655563831
-1.289560316,4.642151356
-1.289584635,4.64079237
-1.289596437,4.648792744
-1.289623139,4.678289413
-1.289723871,4.719290257
-1.289847491,4.758917332
-1.290047048,4.789858818
-1.290403364,4.803198814
-1.290983079,4.790168285
-1.291865347,4.729677677
-1.294846891,4.412200928
-1.309832214,3.322787285
-1.312212465,2.585451126
-1.311930535,2.058708668
-1.311733363,1.778839827
-1.311688421,1.640966654
-1.311611293,1.57139194
-1.311611055,1.544618964
-1.311603902,1.547844291
-1.311621187,1.554750085
-1.311648844,1.584186554
-1.311630843,1.624410868
-1.31170225,1.667285562
-1.311722396,1.711898208
-1.311728118,1.755609632
-1.311766146,1.801857114
-1.311722038,1.843460321
