Radial elongation [mm],Load [kN]
0.0,0.002758743
7.10190000000055e-05,0.00211219
0.00013360399999995387,0.001551552
-6.940999999999198e-05,0.005094197
-0.00014606100000003064,0.01071119
-0.0002662540000000213,0.022004044
-0.00038108200000003256,0.033000376
-0.0002853570000000416,0.048958179
-0.00032028600000000296,0.062113121
-0.0001020130000000119,0.073523208
-0.0001454949999999955,0.088105679
-0.0002375540000000287,0.101086006
-0.0003123879999999968,0.114599563
-0.0004854499999999984,0.130383536
-0.000461817000000031,0.143386513
-0.0004329080000000096,0.158824086
-0.00045675000000000576,0.170218214
-0.0005790290000000087,0.182218671
-0.0006228679999999986,0.192263752
-0.00063982600000001,0.203741625
-0.0005367700000000197,0.215912431
-0.0005882980000000426,0.231188595
-0.00039625200000004135,0.243207797
-0.00038877100000000997,0.255826414
-0.0006239710000000009,0.267913103
-0.0007206200000000051,0.278798372
-0.0004407760000000316,0.296542525
-0.0005863010000000113,0.304540843
-0.000602722,0.318841636
-0.0005889830000000429,0.333195388
-0.0006190540000000078,0.34626618
-0.0006904300000000196,0.35610804
-0.0007531050000000317,0.36883527
-0.0007637440000000106,0.380465329
-0.000747502000000011,0.390696108
-0.0006129149999999917,0.406051636
-0.000626206000000018,0.418461651
-0.0007370710000000336,0.432459325
-0.0005841850000000148,0.445173919
-0.0007593330000000287,0.456179529
-0.0006839330000000254,0.467161566
-0.0007772450000000375,0.478800237
-0.0009035770000000443,0.492082298
-0.0008498130000000326,0.509257674
-0.0008785430000000094,0.518613338
-0.0008598860000000319,0.53209734
-0.0009161830000000148,0.542778254
-0.001056731000000033,0.556710362
-0.0009579960000000165,0.567784727
-0.0010743140000000206,0.582330585
-0.0009931920000000316,0.593674541
-0.0011452140000000055,0.60623765
-0.0011115670000000355,0.61884141
-0.0011421140000000274,0.631147623
-0.0011509950000000435,0.639250517
-0.0012019870000000155,0.652533591
-0.0012222830000000462,0.66504854
-0.0013192890000000013,0.678696454
-0.0012375119999999962,0.691478252
-0.001369625000000041,0.705365777
-0.0012221040000000016,0.716368735
-0.001251996000000033,0.726474166
-0.0011940599999999968,0.739904761
-0.001291364000000017,0.753736794
-0.0013179480000000132,0.765304089
-0.001265137999999999,0.779624224
-0.0011790100000000359,0.791190088
-0.0013045070000000103,0.802598834
-0.0012455279999999957,0.814976633
-0.0013651550000000068,0.827742875
-0.0013653040000000116,0.841610074
-0.001384646000000045,0.855492771
-0.0014506579999999936,0.867671072
-0.001456052000000041,0.879759252
-0.001395643000000002,0.89406693
-0.0015462340000000352,0.903381646
-0.0014630850000000306,0.91286689
-0.0014443700000000281,0.927209437
-0.001441449000000039,0.944335878
-0.0015464130000000242,0.955676019
-0.0016181769999999984,0.966836452
-0.0016117990000000249,0.980660439
-0.0015822050000000032,0.991291702
-0.001598358000000022,1.005970597
-0.0010915100000000177,1.018036246
-0.001660287000000038,1.029472828
-0.0016159709999999938,1.041766763
-0.0016597810000000268,1.052386403
-0.0016780200000000023,1.064629436
-0.0016570390000000268,1.080084801
-0.0017345550000000265,1.094310284
-0.001784086000000018,1.105036855
-0.001813471000000011,1.117251039
-0.0018609170000000175,1.126466036
-0.0017685000000000062,1.138985872
-0.0018957850000000387,1.148747563
-0.0018459560000000375,1.162982464
-0.0018660719999999964,1.173786521
-0.0018102530000000394,1.186906815
-0.0015339850000000155,1.19624722
-0.001962006000000016,1.207130194
-0.0019379260000000342,1.218126178
-0.002045870000000005,1.232076168
-0.0018904800000000277,1.241475582
-0.0019693970000000394,1.255633354
-0.0021091400000000093,1.267289758
-0.0021367970000000236,1.277681589
-0.002065837000000015,1.289698958
-0.002224176999999994,1.302140832
-0.0022138360000000246,1.314836264
-0.0022286770000000122,1.325953484
-0.0021978020000000265,1.337605953
-0.0021502380000000265,1.350011826
-0.00221437200000002,1.359494686
-0.002234817,1.370171785
-0.0021526510000000054,1.384597421
-0.002176135999999995,1.392475724
-0.002201288999999995,1.40469873
-0.0021241600000000416,1.416545987
-0.0022254590000000407,1.426930547
-0.00219020200000003,1.438341856
-0.002309501000000047,1.449498892
-0.002278209000000031,1.460313797
-0.0023447270000000464,1.469152927
-0.00239741800000004,1.480345845
-0.002485663000000027,1.491967082
-0.0024825039999999965,1.504867315
-0.002444594999999994,1.515279174
-0.0024688540000000203,1.526864409
-0.0025301580000000046,1.535549998
-0.002523750000000047,1.545538783
-0.002509326000000034,1.558522224
-0.002442598000000018,1.567587852
-0.002513348999999998,1.578593373
-0.0025248830000000333,1.593692064
-0.0024659929999999997,1.602608681
-0.0025421979999999955,1.611873627
-0.0024952590000000274,1.623702407
-0.0025390090000000365,1.63892889
-0.0026246900000000406,1.644490242
-0.002621412000000045,1.658237815
-0.0019372109999999942,1.669175863
-0.0019775330000000313,1.682585955
-0.0018633900000000203,1.691771388
-0.0017901660000000374,1.700283289
-0.0021319690000000113,1.712299466
-0.0021814700000000187,1.72128284
-0.0021145340000000012,1.733454466
-0.0022133290000000416,1.744118452
-0.0022071300000000016,1.754315257
-0.0022016170000000446,1.765695691
-0.002128214000000017,1.77987957
-0.002169520000000036,1.789669394
-0.002173185000000022,1.798771858
-0.002199441000000024,1.809200287
-0.002224743000000029,1.824387431
-0.0022319550000000077,1.833967328
-0.002175032999999993,1.847013354
-0.002235711000000029,1.857001662
-0.002145290000000022,1.867388487
-0.002215445000000038,1.875828981
-0.0022751690000000213,1.886963129
-0.0023800429999999984,1.897171855
-0.002282202000000011,1.909427404
-0.00224775100000002,1.918338776
-0.002228021999999996,1.93086803
-0.002341300000000046,1.941685915
-0.0022961790000000093,1.952448845
-0.002495974000000012,1.962231755
-0.0024443860000000206,1.972820997
-0.002364904000000001,1.981123924
-0.0024148230000000104,1.993061185
-0.0024507049999999975,2.002974749
-0.0024310050000000416,2.017006874
-0.0023147760000000184,2.024456263
-0.002367139000000018,2.036195517
-0.002352327000000043,2.04781127
-0.002326012000000044,2.054630518
-0.0024145839999999974,2.066798687
-0.0024656650000000058,2.079486847
-0.0024593170000000164,2.086650848
-0.0025295909999999977,2.098332167
-0.002620727000000045,2.110603333
-0.0026154820000000023,2.12083149
-0.002624899000000014,2.129322052
-0.002672732000000011,2.139934301
-0.0026323500000000055,2.14983654
-0.002630234000000009,2.162384272
-0.0027751619999999977,2.171725988
-0.0027286410000000316,2.187546968
-0.0027954880000000126,2.195034981
-0.0028125640000000174,2.207036018
-0.002913325999999994,2.214806318
-0.0029664930000000145,2.227217674
-0.002860844000000029,2.237323761
-0.0027037560000000016,2.247728825
-0.0028392080000000375,2.260901213
-0.0029052200000000417,2.26556468
-0.003093153000000015,2.277974367
-0.002960533000000043,2.287429094
-0.0028868020000000216,2.298544645
-0.00276404600000002,2.3067348
-0.002973019999999993,2.316950321
-0.0029728710000000436,2.328922272
-0.0029862820000000068,2.339164734
-0.0029419960000000023,2.349554777
-0.0031444730000000365,2.359241962
-0.002972096000000035,2.367278337
-0.0031375290000000278,2.378448248
-0.0030727390000000465,2.388258934
-0.003135979000000011,2.40004468
-0.0030673740000000116,2.408599138
-0.003101200000000026,2.419806004
-0.003073572999999996,2.429513931
-0.0030967290000000203,2.441882849
-0.0031101410000000107,2.44973278
-0.003258020000000028,2.45821166
-0.0030983690000000452,2.468146801
-0.00300589200000001,2.480238914
-0.003504246000000044,2.490654469
-0.0028446020000000294,2.501730204
-0.003030926000000045,2.51205802
-0.0029594300000000406,2.523853302
-0.0033374130000000113,2.531143904
-0.0030225220000000275,2.543375015
-0.0030493440000000094,2.551939726
-0.003236860000000008,2.5618608
-0.003171742000000033,2.573936462
-0.003406107000000047,2.584161758
-0.0031686419999999993,2.59309268
-0.0031932890000000436,2.601483822
-0.0032549199999999945,2.607430935
-0.003204554000000026,2.616048336
-0.0037532750000000004,2.625781775
-0.003314793000000038,2.636897087
-0.0033614339999999965,2.646931171
-0.0035172400000000326,2.656705856
-0.0034711660000000255,2.668068886
-0.003987520999999994,2.675446987
-0.0033660229999999958,2.68463707
-0.003625780000000023,2.696835279
-0.003928780999999992,2.706688404
-0.003727406000000044,2.715978861
-0.003522038000000005,2.725914478
-0.0039055050000000313,2.736241341
-0.0036013420000000074,2.74652791
-0.0037685930000000423,2.754464149
-0.003717363000000029,2.763167143
-0.0036385360000000255,2.772159576
-0.0037595029999999974,2.782354116
-0.0035359260000000226,2.79188633
-0.004268557000000006,2.803766012
-0.004151940000000021,2.812311172
-0.003948420000000008,2.825543642
-0.003700167000000032,2.83326292
-0.004456669000000024,2.841839552
-0.004378766000000034,2.851376057
-0.0037720200000000426,2.860020399
-0.0038255750000000255,2.871312141
-0.004207402000000027,2.877667904
-0.0038101370000000467,2.887490034
-0.004081309000000033,2.897984266
-0.0039269630000000055,2.905671358
-0.003911704000000016,2.915653706
-0.004366428000000033,2.925998926
-0.0038679840000000465,2.935276031
-0.004079878000000037,2.94267416
-0.003982036999999994,2.955653191
-0.004012227000000035,2.966482401
-0.003986806000000009,2.976418495
-0.0039782520000000154,2.982967138
-0.0039985180000000065,2.993320704
-0.004701197000000046,3.001434803
-0.004001826000000042,3.009597301
-0.004049628999999999,3.0199368
-0.004034668000000019,3.029826641
-0.004204242999999996,3.039486647
-0.0046851039999999955,3.048272371
-0.004598379000000041,3.054854155
-0.004599005000000045,3.063762426
-0.004405171000000041,3.072484255
-0.004198550999999995,3.08412385
-0.004231334000000031,3.091217756
-0.004658014000000044,3.101656914
-0.0047397319999999965,3.111394644
-0.004706800000000011,3.118313789
-0.004770904999999992,3.128735304
-0.0047909320000000255,3.137472153
-0.004810809999999999,3.144515991
-0.0048144160000000435,3.15386343
-0.0048972070000000145,3.164555788
-0.004774690000000026,3.173044682
-0.004947662000000019,3.181865215
-0.004920721000000017,3.191744566
-0.004954457000000023,3.199594259
-0.004985660000000003,3.211622238
-0.005039543000000035,3.216921568
-0.005082220000000026,3.225156069
-0.004999012000000025,3.235106945
-0.005114347000000019,3.242388248
-0.005184323000000046,3.253268957
-0.005202800000000007,3.261065006
-0.005259453999999997,3.268685818
-0.0052273570000000436,3.279275179
-0.0052610640000000375,3.288749933
-0.005311459000000018,3.293567419
-0.005319953000000044,3.304110527
-0.005385756000000019,3.311422825
-0.005374104000000046,3.319355011
-0.005444616000000013,3.334680319
-0.005480587000000037,3.340843201
-0.005431980000000003,3.350794315
-0.005539447000000031,3.359212875
-0.005504370000000036,3.366637468
-0.005524397000000014,3.375311852
-0.005580097000000006,3.38435626
-0.00553384400000001,3.389512777
-0.005694568000000011,3.401147366
-0.005691707000000046,3.410410643
-0.005690038000000008,3.419809818
-0.005729467000000044,3.428220987
-0.005802572000000006,3.434984684
-0.005821883999999999,3.442432642
-0.005946368000000035,3.451467037
-0.0059020520000000465,3.461327553
-0.005703360000000046,3.466365337
-0.00591793700000004,3.477420092
-0.005881607000000011,3.486231327
-0.005920410000000043,3.494716883
-0.0059072970000000335,3.501986504
-0.006017774000000031,3.509603024
-0.0059156720000000385,3.519507647
-0.005945234999999993,3.528645039
-0.005827188000000039,3.533209085
-0.005893230000000027,3.546286821
-0.005925417000000044,3.553899527
-0.0059338510000000455,3.561708689
-0.005849152999999996,3.56714797
-0.005918533000000004,3.578181267
-0.005920351000000046,3.588410139
-0.005945146000000012,3.591772318
-0.005984723999999997,3.604891539
-0.006040513000000025,3.611379385
-0.006066561000000026,3.621073723
-0.006087542000000001,3.626793385
-0.006105870000000013,3.636698961
-0.006140679000000038,3.645127773
-0.006079555000000014,3.653391123
-0.006043613000000003,3.660574198
-0.006071240000000033,3.665782452
-0.006116390000000027,3.675875425
-0.006154180000000009,3.684638739
-0.006117463000000045,3.690090179
-0.006075113999999993,3.698199272
-0.006207854000000013,3.709887266
-0.006185472000000025,3.716191053
-0.006151139999999999,3.724956989
-0.006324857000000017,3.733367682
-0.006262481000000042,3.73879385
-0.006588489000000031,3.746541977
-0.00657025,3.753976583
-0.006599575000000024,3.763796806
-0.006537616000000024,3.77173543
-0.00662890100000002,3.780727148
-0.006589919,3.78875041
-0.006612867000000022,3.794231892
-0.00660502900000004,3.80578804
-0.0066622199999999965,3.809904337
-0.006612569000000013,3.818665266
-0.006653607000000006,3.828166962
-0.00673311900000001,3.833250046
-0.006623685000000046,3.842241764
-0.006802529000000002,3.849446535
-0.006837130000000025,3.856221437
-0.006810963000000003,3.863965034
-0.006606370000000028,3.873974562
-0.006988138000000033,3.879621506
-0.007113218000000032,3.88707304
-0.007190347000000041,3.893647432
-0.007198632000000038,3.899174213
-0.007202476000000013,3.910667419
-0.007036895000000043,3.916872978
-0.007312297999999995,3.926222563
-0.007349998000000024,3.937562943
-0.007394551999999999,3.941320181
-0.007472783000000038,3.949340343
-0.007626593000000015,3.957172155
-0.007587165000000007,3.964378834
-0.007614076000000025,3.970542431
-0.007674605000000001,3.978783846
-0.007568628000000022,3.986239433
-0.0076559480000000235,3.994861603
-0.007677466000000022,4.00158596
-0.007706404,4.01099205
-0.007730781999999992,4.017607212
-0.007758439000000006,4.021532536
-0.007781982000000021,4.03022337
-0.007858604000000047,4.033998013
-0.007802844000000031,4.040446281
-0.007900745000000042,4.049317837
-0.007816702000000009,4.056694984
-0.007971971999999994,4.066309452
-0.007976234000000026,4.076271534
-0.007973969000000025,4.079746723
-0.007139891000000009,4.085836887
-0.007702112000000039,4.095419884
-0.008014887999999998,4.102762699
-0.008157700000000045,4.106611729
-0.008087665000000022,4.117679119
-0.008052468000000035,4.126772881
-0.00808638300000003,4.133906841
-0.007862270000000005,4.142251015
-0.008127987000000003,4.146921158
-0.008211821000000008,4.152300358
-0.008263022000000009,4.159378052
-0.008211821000000008,4.16697216
-0.008329748999999997,4.170917988
-0.00839293000000002,4.177704811
-0.008392811,4.190867901
-0.008418709000000024,4.198828697
-0.008387177999999995,4.203719616
-0.008547068000000047,4.210599899
-0.008568376000000044,4.217197418
-0.008599371000000022,4.221739292
-0.008549362000000005,4.227337837
-0.00869789700000001,4.238441944
-0.008725017000000002,4.243497372
-0.00882554000000002,4.249374866
-0.008794486000000046,4.257588863
-0.008953719999999998,4.265345097
-0.009011954000000044,4.274482727
-0.009060442000000002,4.280341625
-0.008939832000000036,4.284371376
-0.009085178000000027,4.293270111
-0.009081662000000046,4.301136494
-0.009063542000000036,4.306321621
-0.008969694000000028,4.312068462
-0.009094566000000026,4.319910526
-0.009164064999999999,4.32660675
-0.009220838000000009,4.330636978
-0.009249180999999995,4.341283321
-0.009277791000000035,4.34616375
-0.00928223100000003,4.353610992
-0.009323776000000006,4.35938549
-0.009337246000000021,4.366939545
-0.009292573000000026,4.374541283
-0.009504914000000031,4.377254963
-0.009497344000000019,4.384962082
-0.009421289,4.390276432
-0.009451984999999996,4.396835804
-0.009511947999999992,4.407362461
-0.00947132700000003,4.414328575
-0.009528518000000041,4.420844555
-0.009614765999999997,4.423697472
-0.009532392,4.431752682
-0.009672940000000019,4.43827343
-0.009580909999999998,4.442061901
-0.009728134,4.451760292
-0.00977122800000002,4.454992771
-0.009653985000000032,4.463316441
-0.009173452999999998,4.470579624
-0.009327978000000015,4.477945805
-0.00974118700000004,4.482686043
-0.009253084999999994,4.490361691
-0.009425908000000038,4.495184898
-0.009316713000000032,4.502518177
-0.009439379000000025,4.509334087
-0.009538740000000046,4.515067577
-0.009500712000000022,4.521782398
-0.009498090000000015,4.530957699
-0.009471834000000012,4.534645081
-0.009589553000000028,4.541597843
-0.009691804999999998,4.546832085
-0.00974381000000002,4.552449703
-0.00978434100000003,4.560791016
-0.009779036000000019,4.56603241
-0.009719610000000045,4.570675373
-0.009961902999999994,4.577488422
-0.009606510000000013,4.584125042
-0.009813130000000003,4.589974403
-0.009764165000000047,4.599205971
-0.009940714000000017,4.604281902
-0.009951144000000023,4.607598782
-0.009966612000000041,4.616107464
-0.01006111500000001,4.618889809
-0.009950429000000038,4.624757767
-0.01011946800000002,4.632425308
-0.010196954000000036,4.636330128
-0.009906858000000018,4.643084526
-0.009424716,4.6504879
-0.009642780000000017,4.655362129
-0.010237902000000021,4.665721416
-0.010232478000000045,4.673351288
-0.010593176000000037,4.67714119
-0.011624187000000008,4.68287611
-0.011470407000000016,4.685928822
-0.01005664500000003,4.693328381
-0.010151118000000015,4.697683811
-0.01144325700000004,4.706923008
-0.011153310000000027,4.70891428
-0.011254609000000027,4.715664387
-0.011302978000000019,4.722397804
-0.01120275300000001,4.726901531
-0.011182666000000008,4.733896732
-0.010911524000000006,4.737944603
-0.011099607000000011,4.745109081
-0.011146456000000027,4.747482777
-0.010645956000000012,4.752737522
-0.01070281900000003,4.758272648
-0.011389881000000046,4.766025066
-0.011252165000000036,4.773606777
-0.010886937000000041,4.778458118
-0.011028916,4.785043716
-0.010951638000000041,4.787599564
-0.011116563999999995,4.796329975
-0.011713237000000043,4.803080082
-0.011629164000000025,4.807681084
-0.010975659000000026,4.813510895
-0.011121660000000033,4.820451736
-0.011089742000000014,4.825358868
-0.011204809000000038,4.830186844
-0.011822015000000019,4.832468987
-0.011642158000000014,4.837090969
-0.011236221000000046,4.845105648
-0.011303723000000043,4.852908611
-0.01203492300000003,4.852635384
-0.011463910000000022,4.860686302
-0.011468917000000023,4.866592407
-0.011453568999999997,4.873864651
-0.01148954000000002,4.877959251
-0.011538356000000027,4.884590149
-0.01172709500000002,4.890218735
-0.011668025999999998,4.892769337
-0.012167484000000006,4.898116112
-0.011596560000000034,4.906866074
-0.011916906000000005,4.909965515
-0.011846930000000033,4.917655945
-0.012101233000000045,4.922780991
-0.011876196000000006,4.924602509
-0.012154906999999993,4.931473732
-0.012341291000000032,4.939024448
-0.012428224000000043,4.939555168
-0.012409240000000044,4.948613167
-0.012418717000000024,4.952956676
-0.012493699999999996,4.960439682
-0.012522429000000002,4.959518433
-0.01254466200000004,4.966937065
-0.012584984000000021,4.970767975
-0.012505054000000015,4.980940819
-0.012548268000000029,4.980649948
-0.012172341000000031,4.987727165
-0.011517763000000014,4.992745399
-0.011649191000000003,4.996516705
-0.012954354000000001,5.005213737
-0.012888312000000013,5.005462646
-0.012957662000000036,5.011759758
-0.01291775700000003,5.015111446
-0.012932270999999995,5.020038128
-0.012925774000000001,5.02644825
-0.01309990900000002,5.031284332
-0.013099968000000017,5.037970066
-0.013129622000000007,5.043593884
-0.013157934000000038,5.046905041
-0.013229817000000033,5.051331997
-0.01317125600000002,5.057394981
-0.013212681000000004,5.062977314
-0.01335340700000004,5.067941189
-0.013346553000000039,5.073118687
-0.013361216000000009,5.075360298
-0.013338387000000007,5.079990864
-0.013258040000000026,5.086318016
-0.01336780200000004,5.091759682
-0.013332903000000007,5.099002361
-0.013340741000000045,5.100958824
-0.013366133000000002,5.108361244
-0.013325870000000017,5.111324787
-0.013328820000000019,5.11511898
-0.013385773000000045,5.1167593
-0.013356923999999992,5.12256813
-0.013439864000000024,5.127343178
-0.013660103000000035,5.131382465
-0.013494790000000034,5.136108875
-0.013554782000000043,5.140257835
-0.013581514000000017,5.144718647
-0.013583898000000039,5.149486065
-0.013777912000000003,5.155995369
-0.013748616000000047,5.159273624
-0.013678223000000045,5.163733006
-0.013737798000000023,5.168486118
-0.013770490999999996,5.172963619
-0.013931185000000013,5.174236298
-0.014146924000000005,5.180342674
-0.014158308000000008,5.18467617
-0.014109492000000001,5.188652515
-0.013892233000000032,5.1930089
-0.013925880000000002,5.198109627
-0.013201505000000002,5.202334881
-0.014113069000000034,5.205536366
-0.014074385000000023,5.209928989
-0.014127761000000016,5.217526913
-0.014173329000000012,5.223849773
-0.014189631000000036,5.226488113
-0.014235228000000044,5.229814053
-0.014317632000000025,5.235433578
-0.014239728000000007,5.240244389
-0.01429849900000002,5.243849277
-0.01428684600000002,5.245483875
-0.014314383000000042,5.251466751
-0.014398306999999999,5.255822182
-0.014355719000000045,5.2597332
-0.014410555000000047,5.264062881
-0.014505535000000014,5.268291473
-0.014567047,5.274165154
-0.014466941000000011,5.276378632
-0.014605224000000028,5.28012991
-0.014642328000000038,5.282549858
-0.014670283000000006,5.288228035
-0.014686644000000026,5.29423666
-0.01484602700000004,5.299315929
-0.014745265000000007,5.301236629
-0.014768392000000019,5.304150581
-0.014788418999999997,5.305280685
-0.014929891000000028,5.311621666
-0.014950007000000043,5.311823845
-0.014975011000000038,5.316912651
-0.014964402000000043,5.321856976
-0.015036344000000035,5.326097965
-0.015104890000000037,5.331999302
-0.01509472700000003,5.338122845
-0.01511272800000002,5.338314056
-0.015293777000000008,5.343812943
-0.015278726999999992,5.346064091
-0.015491903000000029,5.349649429
-0.015315622000000029,5.350645542
-0.015430896999999999,5.353606701
-0.015465260000000036,5.35867691
-0.015474319000000014,5.362379074
-0.015497744000000035,5.367176056
-0.015600502000000016,5.3722229
-0.014365643000000039,5.377770901
-0.014522612000000046,5.379216671
-0.015098184000000014,5.384395599
-0.015860766000000026,5.388270855
-0.01579883700000001,5.389532566
-0.015842318000000022,5.395476818
-0.015841663000000006,5.398857117
-0.015911370000000036,5.402584553
-0.01601740700000004,5.407954693
-0.01603707700000001,5.410542011
-0.016059339000000006,5.413064957
-0.016163677000000043,5.415998459
-0.016232520000000028,5.419757843
-0.01618558200000003,5.419618607
-0.01619613200000003,5.423735619
-0.01631993100000001,5.42939949
-0.016580969,5.433697701
-0.016585439000000035,5.43624258
-0.016618341000000036,5.44111681
-0.01671251600000001,5.446053982
-0.01673415300000003,5.446414948
-0.016799509000000046,5.45083046
-0.016770512000000015,5.45498991
-0.01689165800000003,5.458460808
-0.016936421000000035,5.464595795
-0.016980529000000022,5.466017246
-0.017038882000000033,5.468400478
-0.017115086,5.473216057
-0.017067701000000046,5.47506094
-0.016816168999999992,5.479155064
-0.01657462100000001,5.485026836
-0.017315924000000038,5.485736847
-0.017278820000000028,5.490220547
-0.01731386800000001,5.491419315
-0.017257482000000046,5.494173527
-0.01738172800000004,5.501414299
-0.017456680000000002,5.501895428
-0.01640656600000001,5.507750988
-0.01612633499999999,5.509387016
-0.016186267000000032,5.51015234
-0.016600877000000014,5.515246868
-0.016625643000000023,5.519490719
-0.017925650000000015,5.522082329
-0.018009275000000047,5.523868561
-0.017975509,5.525975704
-0.018042415000000034,5.530857086
-0.01798823500000002,5.535685062
-0.018102555999999992,5.537212372
-0.018135548,5.538985729
-0.018189520000000015,5.542657852
-0.018226206000000023,5.54628706
-0.018322587,5.546910763
-0.018349021999999993,5.552332878
-0.018400848000000025,5.559377193
-0.018303722000000022,5.559547901
-0.01842388500000003,5.562588692
-0.01843592500000002,5.565131187
-0.018442302999999993,5.566240311
-0.018433243000000044,5.567957878
-0.018534481000000047,5.573226929
-0.018312364999999997,5.574580669
-0.018443495000000032,5.579614162
-0.018690615999999993,5.57975626
-0.01874241200000004,5.586815357
-0.018788844000000027,5.588341236
-0.018856376000000008,5.590327263
-0.018884182000000027,5.595271111
-0.018995613000000022,5.595249653
-0.019030093999999997,5.600892544
-0.019083738000000017,5.602716923
-0.018992275000000003,5.604178429
-0.01917782400000001,5.612794876
-0.01920789500000003,5.611961365
-0.019247949000000042,5.615936279
-0.01923275000000002,5.618878841
-0.019312173000000044,5.621762276
-0.019448787000000023,5.621636868
-0.019390106000000018,5.626061916
-0.019330084000000025,5.626980305
-0.019507885000000003,5.629966259
-0.019613534000000044,5.633542061
-0.01965594300000001,5.63431406
-0.01960626200000004,5.637326717
-0.01979240800000004,5.641891479
-0.019732684,5.641670227
-0.019399971000000016,5.645543575
-0.019610404999999997,5.647797585
-0.019577146000000045,5.650563717
-0.019705176000000046,5.652663231
-0.019766808000000025,5.656559944
-0.019792467000000036,5.659747124
-0.019804388000000006,5.659588337
-0.019791990000000037,5.665433884
-0.019799559999999994,5.667198181
-0.019817114000000025,5.667824745
-0.01991182600000002,5.668856621
-0.02011698500000003,5.671782494
-0.02011501800000004,5.679148674
-0.020150482999999997,5.677246571
-0.020227194000000004,5.683708191
-0.020266294000000018,5.683458328
-0.02017697700000004,5.686064243
-0.020192116000000038,5.691318989
-0.02024078400000001,5.68715477
-0.02037859000000003,5.69419384
-0.020436555000000023,5.694087505
-0.020424575,5.697419643
-0.02049377600000002,5.699500561
-0.02055659900000001,5.702222347
-0.02048999100000004,5.70507431
-0.02049616000000004,5.706556797
-0.020628959000000002,5.708787441
-0.020777046999999993,5.711390018
-0.02066752300000002,5.7141819
-0.020709723000000013,5.717907906
-0.020598292000000018,5.71977663
-0.020705461000000036,5.724016666
-0.020929307000000008,5.72262907
-0.02102467400000002,5.725231647
-0.02098158,5.727910995
-0.020974636000000046,5.730246544
-0.021041065000000025,5.731011391
-0.02116346400000002,5.733626366
-0.02125868200000003,5.732056141
-0.021300286,5.736554623
-0.02127945400000003,5.73640728
-0.021273971000000003,5.742285728
-0.021317393000000018,5.742447853
-0.02139872300000001,5.745639324
-0.021392882000000002,5.745031834
-0.021396041000000032,5.74979496
-0.021470845000000016,5.751184464
-0.02159589500000003,5.753436565
-0.02159655100000002,5.756408215
-0.02159693800000001,5.759719372
-0.02159693800000001,5.759197235
-0.02174416200000001,5.761848927
-0.021640450000000033,5.765338421
-0.021748900000000015,5.766322136
-0.021893084000000007,5.765182495
-0.02199196800000003,5.767874241
-0.022033721000000006,5.772141933
-0.02208238800000001,5.774933338
-0.022166818000000033,5.77520895
-0.022218525000000044,5.779060841
-0.022326469000000015,5.778029442
-0.022278905000000016,5.781112194
-0.022302955000000013,5.784056187
-0.022506534999999994,5.787051678
-0.022483081000000016,5.785755634
-0.022537410000000035,5.787863255
-0.022591233000000044,5.790767193
-0.022586644000000045,5.794912815
-0.022664756000000008,5.796352863
-0.022672473999999998,5.799277782
-0.022685677000000015,5.797782421
-0.022758066999999993,5.799044609
-0.022740452999999994,5.803140163
-0.022925377000000025,5.807629108
-0.02291074400000004,5.806319714
-0.02297583200000003,5.809001923
-0.022998214000000017,5.807787418
-0.023092568000000036,5.812088013
-0.023086905000000046,5.813511372
-0.02321094300000004,5.814567089
-0.023124635000000004,5.815701008
-0.023157477000000037,5.822032928
-0.023282230000000015,5.819674492
-0.02332419200000002,5.823619366
-0.023381560999999995,5.824058056
-0.02345120900000003,5.826901436
-0.023429215000000003,5.82583189
-0.023612410000000028,5.829610348
-0.023650587,5.831254005
-0.023655713000000023,5.834560871
-0.023824990000000046,5.836865425
-0.02370443900000002,5.838834286
-0.023642838,5.839336872
-0.023781627000000027,5.837859631
-0.023825735000000015,5.842000008
-0.023822308000000014,5.845451832
-0.023896903000000025,5.844184875
-0.023896664000000012,5.843914032
-0.023921788,5.844791889
-0.02406364700000002,5.847821236
-0.02406197800000004,5.848407745
-0.02408281000000001,5.85129118
-0.023979366000000002,5.850286961
-0.023969114000000014,5.852798939
-0.02406197800000004,5.856146812
-0.024072885000000044,5.860275269
-0.024115264000000025,5.861794949
-0.024185866,5.86188364
-0.02419275000000004,5.861798286
-0.024258584000000027,5.866531849
-0.024269432000000035,5.865673542
-0.024287641000000026,5.867348671
-0.024426311000000034,5.869070053
-0.024298608,5.871935844
-0.024402648000000027,5.874620438
-0.024448842000000026,5.876410484
-0.024490058000000037,5.875798702
-0.024601549,5.87844038
-0.024653614000000046,5.87765646
-0.024599910000000003,5.881985664
-0.024728000000000028,5.882394791
-0.024734318000000033,5.884972572
-0.024818390999999995,5.884133816
-0.024769396,5.885411739
-0.024886757000000037,5.88714695
-0.02488824700000003,5.887417793
-0.024933487000000032,5.888724804
-0.025002330000000017,5.888056755
-0.02510267500000002,5.890187263
-0.025121987000000012,5.893385887
-0.025104253999999993,5.893502712
-0.02518361800000002,5.894016743
-0.025158881999999994,5.895877838
-0.025149733000000007,5.898200989
-0.025273949000000018,5.896165848
-0.025415242000000005,5.899978161
-0.025363356000000004,5.904439926
-0.02540668800000001,5.901402473
-0.025425523000000005,5.904401302
-0.02550309900000003,5.903709888
-0.02552276800000003,5.906192303
-0.025613099000000028,5.907511711
-0.025611103000000024,5.907835007
-0.02572625900000003,5.907886028
-0.025749862000000012,5.908730507
-0.025815844000000032,5.909967899
-0.02576229000000002,5.911357403
-0.025909752000000008,5.912007332
-0.025948495000000016,5.911777973
-0.02595558800000003,5.913857937
-0.025965035000000025,5.914213181
-0.02612304700000001,5.918002129
-0.026137918000000038,5.918273926
-0.02622926200000003,5.921760082
-0.026229411000000036,5.923296928
-0.026350170000000006,5.923873425
-0.026304096,5.925084591
-0.026449949000000028,5.92452383
-0.026536524000000006,5.926151276
-0.02664688200000004,5.931500435
-0.026645332999999993,5.930235386
-0.026687561999999998,5.929663658
-0.02622005300000002,5.931816101
-0.026324809000000005,5.93221426
-0.026286185000000017,5.93433857
-0.026237726000000017,5.933555603
-0.026247352,5.934999943
-0.026502252000000004,5.940492153
-0.026329130000000034,5.941176414
-0.026448905000000023,5.939083576
-0.026345402000000018,5.940915108
-0.026541442000000026,5.942653179
-0.026710718999999994,5.942409992
-0.026750892000000026,5.941974163
-0.026744305999999995,5.944153786
-0.026868731000000035,5.945439339
-0.026871442999999995,5.947611332
-0.02691841100000003,5.947044849
-0.026753634000000026,5.948356628
-0.027062535,5.951479435
-0.027063608000000017,5.951527119
-0.027086914000000017,5.953941345
-0.027049392000000005,5.953223705
-0.027136505000000033,5.957698822
-0.027180940000000042,5.959804535
-0.02720683800000001,5.95904541
-0.02728563500000003,5.957751751
-0.027404219000000007,5.959967136
-0.027427435,5.963715553
-0.027233392000000023,5.962732792
-0.027201474000000003,5.960525513
-0.02720066900000001,5.962558746
-0.02739056900000003,5.964348793
-0.02736255500000001,5.964873791
-0.02740758700000001,5.965593338
-0.02745026300000003,5.963271141
-0.027539550999999995,5.966717243
-0.027611822000000008,5.968933582
-0.027604282000000036,5.974956989
-0.027671188000000013,5.973852634
-0.02774897200000004,5.972387314
-0.027785152000000035,5.971399307
-0.027782856999999994,5.975162029
-0.02788522800000004,5.978011131
-0.027918577,5.974592209
-0.02792605800000003,5.978415966
-0.028041959000000005,5.977666855
-0.028108925000000007,5.980223656
-0.028171152000000033,5.983635902
-0.028313219,5.982174397
-0.028273374000000018,5.98381567
-0.028712809000000006,5.986301899
-0.02858158900000002,5.986132622
-0.02873724700000002,5.985766411
-0.028629959000000038,5.985990047
-0.028826088000000027,5.987248421
-0.02884441600000004,5.988725185
-0.028772354,5.988568306
-0.028802037000000003,5.991386414
-0.028984725000000044,5.99355793
-0.02893084300000004,5.992187977
-0.02908742400000003,5.994953156
-0.029025644000000017,5.996067524
-0.02910533500000001,5.997442722
-0.02913865400000004,5.995669842
-0.029161780999999998,6.000321388
-0.029143602000000046,5.999558926
-0.029246181000000038,6.001862526
-0.029274076000000038,6.001418114
-0.029306054000000026,5.999272346
-0.029299229000000038,6.002079487
-0.029393433999999996,6.005227089
-0.02945965500000003,6.005188465
-0.029492572000000022,6.006967545
-0.029494330000000013,6.007680416
-0.02961419500000001,6.011060238
-0.02963043700000001,6.009039402
-0.029644772000000014,6.010771751
-0.029672787000000006,6.011363983
-0.02976729000000003,6.011734009
-0.029781133000000015,6.010707378
-0.029827133000000006,6.012936592
-0.029864699000000022,6.012879372
-0.029929295000000022,6.017317772
-0.029948607000000016,6.019492149
-0.030002654000000017,6.019196033
-0.030082121000000017,6.017655849
-0.03022800400000003,6.018808842
-0.030228451000000017,6.024360657
-0.030286968000000025,6.02215004
-0.030293897000000014,6.023130894
-0.03037568900000001,6.025848866
-0.03034572300000002,6.025987148
-0.030485824000000022,6.02503109
-0.030459449000000027,6.025728226
-0.030587450000000016,6.026148796
-0.03052543100000002,6.029122353
-0.03050059100000002,6.028535366
-0.030432701000000006,6.032585144
-0.03050349600000002,6.027582169
-0.03058633200000002,6.033599377
-0.030573517000000022,6.033331394
-0.03074342000000002,6.033793926
-0.030613378000000024,6.034097195
-0.03075946900000001,6.034368992
-0.03075829100000002,6.038897038
-0.030861676000000032,6.041167259
-0.03098987000000003,6.037316799
-0.030972406000000008,6.040287495
-0.03115586900000003,6.040919781
-0.031003118000000024,6.044216633
-0.03109732300000001,6.041819096
-0.03115154800000003,6.044444561
-0.031156599000000007,6.047216415
-0.031209424000000013,6.046914101
-0.031238884000000022,6.045307636
-0.03126277000000002,6.047561646
-0.03132365600000003,6.048137665
-0.031371817000000024,6.049870968
-0.03147856900000001,6.05083704
-0.031558856000000024,6.053282261
-0.03149777600000003,6.053310871
-0.031488001000000015,6.053824425
-0.03156520400000001,6.055437088
-0.03163214000000003,6.054028988
-0.03162978600000002,6.054807186
-0.03170800200000001,6.059103966
-0.03173026400000001,6.058714867
-0.03175437400000003,6.057846546
-0.031854153000000024,6.059299946
-0.03182035700000002,6.063431263
-0.03194072800000003,6.061873913
-0.03189714200000002,6.062300205
-0.03201980900000001,6.066175938
-0.032017723000000026,6.065783978
-0.03209321200000001,6.066048622
-0.031998917000000016,6.065044403
-0.032102644000000014,6.067958832
-0.03213325100000003,6.06769371
-0.03220532800000003,6.069242001
-0.032274440000000015,6.067456245
-0.03231424100000002,6.069991589
-0.03237010500000001,6.068284512
-0.03235897400000001,6.069470882
-0.03254561100000003,6.071269512
-0.03256921500000001,6.072391033
-0.032535285000000025,6.073677063
-0.03254596900000001,6.075335503
-0.03265437500000001,6.072922707
-0.03263595700000002,6.075457573
-0.032689542000000016,6.073536396
-0.03267391000000003,6.074928761
-0.03276145500000002,6.075291157
-0.032820404000000025,6.075880527
-0.03285743300000002,6.080684185
-0.032971129000000016,6.08040905
-0.03306976000000003,6.083798409
-0.03314265600000002,6.082304478
-0.03319098100000001,6.084496021
-0.03322003800000001,6.084596157
-0.03331621000000001,6.086110592
-0.033370554000000024,6.086812496
-0.033278927000000014,6.084142208
-0.03333774200000003,6.086865902
-0.03348802000000001,6.086088181
-0.03352023700000001,6.089505672
-0.03351351600000002,6.090944767
-0.03355792200000002,6.089951038
-0.033574939000000026,6.092327595
-0.03365521100000002,6.09363699
-0.03371386200000001,6.09419775
-0.033760682000000014,6.093886375
-0.03382268500000002,6.095668793
-0.03386694200000001,6.095932961
-0.03385910400000003,6.091059685
-0.03387889300000002,6.098047733
-0.03394855600000002,6.097914219
-0.03392282100000002,6.097744942
-0.03412435900000002,6.099701405
-0.03409920600000002,6.100236893
-0.03414051200000001,6.104957581
-0.034190848000000024,6.103712559
-0.03427511400000002,6.103201866
-0.03429986500000001,6.105192184
-0.03436887300000002,6.104875565
-0.03439484500000001,6.106009007
-0.03442162300000001,6.109586239
-0.034484193000000024,6.10697937
-0.03463089500000002,6.109343529
-0.03471356600000003,6.109801292
-0.034569740000000015,6.111876965
-0.03461831800000001,6.111742973
-0.03475666000000002,6.116357327
-0.034714013000000016,6.114628315
-0.034802318000000027,6.116991043
-0.034805611000000014,6.11562252
-0.03492100500000003,6.114164829
-0.03497350200000002,6.117827415
-0.035015479000000016,6.117226124
-0.03500227600000003,6.116076946
-0.03507271400000003,6.116243839
-0.035106182000000014,6.117387772
-0.03521812000000002,6.11900425
-0.035209641000000014,6.119790554
-0.03522802900000002,6.118618488
-0.03531535000000002,6.120033264
-0.03531336800000001,6.11955452
-0.035307720000000015,6.123458862
-0.03532873100000003,6.124123096
-0.03547163300000003,6.122292042
-0.035447508000000016,6.123661041
-0.03549391000000002,6.125954151
-0.03557115800000002,6.12538147
-0.03565962600000003,6.126755238
-0.03577691300000002,6.128959179
-0.03576183300000002,6.129919529
-0.035808071000000025,6.129633904
-0.03584156900000002,6.130983353
-0.035927400000000026,6.132822037
-0.035894692000000006,6.132833004
-0.036033884000000016,6.132270813
-0.03605636900000003,6.134592533
-0.03605614600000001,6.136092186
-0.03610733100000002,6.136726856
-0.036187649000000016,6.137019157
-0.03625986000000003,6.137363911
-0.03632761500000001,6.140877247
-0.03626929200000001,6.140155315
-0.03646910200000003,6.137512207
-0.03642278900000001,6.136843681
-0.036418244000000016,6.137609005
-0.03637620800000002,6.140365601
-0.03650419400000002,6.13696003
-0.03662017000000001,6.141662121
-0.03661754700000003,6.140844822
-0.03667941700000002,6.142028809
-0.036761194000000025,6.14144659
-0.03680998100000002,6.144323349
-0.03676097100000003,6.145391941
-0.036821008000000016,6.147336483
-0.036921442000000027,6.146939754
-0.03692501800000003,6.146337032
-0.036952347000000024,6.151079655
-0.03694355500000002,6.151246548
-0.03702789500000003,6.149102211
-0.03714421400000001,6.149402618
-0.03709757300000002,6.150259972
-0.03711406900000003,6.152400017
-0.03707638400000002,6.152368546
-0.03731268600000001,6.151808262
-0.037318304000000024,6.154526711
-0.03734944800000001,6.154381752
-0.03735543800000002,6.155834675
-0.03736504900000001,6.158036232
-0.03743924200000001,6.158389568
-0.037394658000000025,6.158738136
-0.03756932900000001,6.158916473
-0.03752853000000003,6.158787727
-0.03756097000000003,6.156234741
-0.03755162700000003,6.156796455
-0.03765536800000002,6.159321785
-0.03771887700000001,6.159103394
-0.03784667000000003,6.160216808
-0.03780959500000003,6.161418915
-0.037986606000000006,6.161952496
-0.03797541600000001,6.16215992
-0.03793558500000002,6.164859772
-0.03792765700000003,6.165718079
-0.03805826600000001,6.165869236
-0.03810593500000001,6.165840626
-0.03817261800000002,6.16775465
-0.03815028100000001,6.170067787
-0.03826452800000002,6.168108463
-0.03832325300000003,6.16919899
-0.03838817800000002,6.173111916
-0.03838987600000002,6.171256065
-0.03847283100000001,6.171929836
-0.03846323500000001,6.173089027
-0.03847368100000001,6.172723293
-0.038449973000000026,6.172240734
-0.03862148500000001,6.174959183
-0.03862999400000003,6.174576283
-0.038656086000000006,6.175213814
-0.03869441100000001,6.177507401
-0.038728625000000017,6.177345276
-0.03865730800000003,6.1796422
-0.03874726600000003,6.180703163
-0.03878639600000003,6.179271221
-0.03899028900000001,6.184555054
-0.038930520000000024,6.182079792
-0.03886470200000003,6.183071136
-0.03889796100000001,6.185581684
-0.03900757400000002,6.187912464
-0.03906291700000003,6.189134598
-0.03911912400000003,6.187137604
-0.03917093600000002,6.187762737
-0.03915776300000001,6.189544201
-0.03920236200000002,6.190168858
-0.03919568700000001,6.188015461
-0.03923800600000002,6.18955946
-0.03927326200000003,6.192971706
-0.039309397000000024,6.191042423
-0.03933508700000002,6.193970203
-0.03934147900000001,6.19229126
-0.03944942400000001,6.197963715
-0.039516702000000015,6.197888851
-0.03954856100000001,6.19904995
-0.03954492500000001,6.200793743
-0.03963336300000003,6.198499203
-0.03966842600000001,6.201026917
-0.03973871500000001,6.199728012
-0.03968039200000001,6.200928688
-0.03974700000000003,6.200195313
-0.03980845200000002,6.200871944
-0.03994134100000002,6.200737953
-0.03991453300000003,6.203704834
-0.040003747000000006,6.205395222
-0.04003547100000002,6.208066463
-0.04002749900000002,6.20810318
-0.04012081000000001,6.208460808
-0.04023827600000002,6.20607233
-0.04021245200000001,6.209759712
-0.04027058200000003,6.207700253
-0.040316567000000025,6.210113525
-0.04035645700000001,6.210155487
-0.040392309000000015,6.213027477
-0.04046863300000003,6.210056305
-0.04043749000000002,6.213869095
-0.040501073000000026,6.213246346
-0.04056768100000002,6.214215755
-0.04058539900000002,6.213558674
-0.04058979400000001,6.217175484
-0.040646106000000015,6.214077473
-0.04069481800000002,6.216392994
-0.04079727800000002,6.219259739
-0.04079031900000002,6.218977928
-0.04083673700000001,6.219910145
-0.04091689000000001,6.22040081
-0.04093051000000003,6.219943047
-0.040991530000000026,6.223328114
-0.04101018600000003,6.225803375
-0.040958241000000006,6.224533081
-0.04116141800000003,6.226986885
-0.04109665700000001,6.229505539
-0.041257530000000014,6.2251544
-0.04124710000000001,6.228573799
-0.041300699000000024,6.227824688
-0.041372940000000025,6.2267313
-0.04130671900000002,6.224627018
-0.04139973200000002,6.22492981
-0.04141914800000002,6.227035046
-0.04134440400000003,6.231519699
-0.04146821800000003,6.229100704
-0.04157657900000003,6.231410027
-0.04154954800000002,6.233468533
-0.04154232100000002,6.233988285
-0.04161465200000003,6.233331203
-0.04163149000000002,6.233697414
-0.04172124000000002,6.234685421
-0.04166004100000001,6.237617493
-0.04176549600000001,6.234791756
-0.04185800200000003,6.235770702
-0.04188367700000001,6.238396645
-0.04189275200000003,6.240879059
-0.04197827000000001,6.24347353
-0.04205539800000002,6.243096828
-0.042072445000000014,6.244071484
-0.042066291000000006,6.244094372
-0.04212194700000002,6.243905544
-0.04214805400000002,6.240781784
-0.04224251200000001,6.241438866
-0.042222783000000014,6.242376328
-0.04221893800000001,6.244756699
-0.042319208000000025,6.244396687
-0.042334393000000026,6.247939587
-0.042383298000000014,6.248867989
-0.042419031000000024,6.250862598
-0.04246097800000001,6.251452446
-0.04243341100000003,6.252274513
-0.04241792900000002,6.253213406
-0.042515740000000024,6.251964092
-0.04246763900000003,6.253283024
-0.04253813600000003,6.254900932
-0.04258616300000001,6.253352165
-0.04259486500000001,6.253151894
-0.04263451700000001,6.254889011
-0.04268293100000001,6.256633282
-0.04276371000000001,6.258344173
-0.04282710000000001,6.262658119
-0.04291784800000001,6.262262821
-0.042857245000000016,6.262530327
-0.04282058800000002,6.263432503
-0.04279971100000002,6.258685112
-0.04291461400000002,6.258748055
-0.04298645300000001,6.258820534
-0.04305136200000001,6.260173798
-0.04297973200000002,6.261025906
-0.04314877100000003,6.260969162
-0.04320485900000001,6.26390028
-0.04317148000000001,6.263597488
-0.04323688100000003,6.268405914
-0.04331721400000002,6.266163349
-0.04339763500000002,6.267204762
-0.043293685000000026,6.266996861
-0.043346614000000006,6.268427372
-0.04345628600000001,6.270793915
-0.04339323900000003,6.267567158
-0.043598756000000016,6.275132179
-0.043698579000000015,6.271055698
-0.04377138600000002,6.272120953
-0.043741167000000025,6.27479744
-0.04378330700000002,6.272368908
-0.04378564700000001,6.275267601
-0.04386597900000003,6.275763512
-0.04394726500000001,6.278374195
-0.04399715400000001,6.276493549
-0.04395225600000002,6.2776227
-0.04407075000000002,6.278536797
-0.04399500800000003,6.278305531
-0.04396942300000001,6.278623104
-0.044020593000000025,6.277443409
-0.04425337900000001,6.279556751
-0.04447625600000002,6.279575348
-0.04446664400000003,6.282404423
-0.044457599000000014,6.281569958
-0.044586897000000014,6.284058094
-0.04451058800000002,6.283931255
-0.044669792000000014,6.284965992
-0.04464322300000001,6.283804417
-0.04481381200000001,6.284442902
-0.044785589000000015,6.284525394
-0.04485110900000003,6.28605032
-0.04487693300000001,6.287407875
-0.04495523900000001,6.289797783
-0.044875234000000014,6.287931442
-0.04499658900000003,6.288795948
-0.04498805100000003,6.289095879
-0.04505352700000001,6.289291859
-0.045180723000000006,6.292334557
-0.04523056700000003,6.292750359
-0.045248732000000014,6.293682575
-0.04526858000000003,6.296584606
-0.04539267700000002,6.29556036
-0.04536509500000002,6.297420025
-0.045424625000000024,6.295681477
-0.04544511400000001,6.297016621
-0.04544788600000002,6.294714928
-0.04552258500000003,6.295453548
-0.04560369200000003,6.298159122
-0.04560114400000001,6.29884243
-0.04562856300000001,6.297770023
-0.04571959400000003,6.297799587
-0.045684189000000014,6.299552441
-0.04585452400000001,6.302122593
-0.045898944000000025,6.300525665
-0.046020612000000016,6.303378105
-0.045955017000000015,6.303045273
-0.04607757900000001,6.306549072
-0.04617545000000001,6.304260254
-0.04619084300000001,6.306596279
-0.04613636400000001,6.304553509
-0.046090484000000015,6.307008743
-0.046215594000000026,6.306111336
-0.04621252400000003,6.306461334
-0.046258643000000016,6.310406208
-0.04617667200000003,6.308218956
-0.046439901000000006,6.31082058
-0.04645764800000002,6.311015606
-0.04642173600000002,6.31239748
-0.046612352000000024,6.312324524
-0.046731964000000015,6.313591003
-0.046759367000000024,6.31488657
-0.046692729000000016,6.317922115
-0.04682599000000001,6.313648224
-0.04688707000000003,6.318286419
-0.046971366000000014,6.314504623
-0.04691474100000001,6.315915585
-0.04698598400000001,6.318446636
-0.04711616000000002,6.317213058
-0.04711586200000001,6.322128773
-0.04717445400000003,6.320580959
-0.04729794000000001,6.322432995
-0.047279686000000015,6.321009159
-0.04739525900000002,6.322373867
-0.047325283000000024,6.320903301
-0.04742234900000003,6.322757721
-0.04744660800000003,6.322951317
-0.04749812200000003,6.324370861
-0.04740627100000003,6.322267532
-0.04748222200000002,6.324009895
-0.04755511900000001,6.325186729
-0.04758583000000002,6.326984406
-0.04750886600000001,6.326735973
-0.04758191100000003,6.329135895
-0.04754674400000003,6.330495358
-0.04769082400000002,6.328389645
-0.047631279000000026,6.328092575
-0.04775823600000001,6.330982685
-0.047684610000000016,6.331033707
-0.047787860000000015,6.328423023
-0.04775241000000002,6.329484463
-0.04797521200000002,6.330905437
-0.04804091200000002,6.331654072
-0.04799014300000001,6.331464291
-0.048073068000000024,6.333609581
-0.04815237200000003,6.336726665
-0.048181906000000024,6.33443737
-0.04825095800000001,6.335529327
-0.04818360500000002,6.337312698
-0.04822258600000001,6.338674068
-0.048332840000000016,6.340663433
-0.04832787800000002,6.337249279
-0.04833540300000003,6.336783409
-0.048510492000000016,6.338763714
-0.04851914900000001,6.339885235
-0.04864479600000002,6.341382504
-0.04847841000000003,6.340378761
-0.04863162300000001,6.340454102
-0.04867751900000003,6.342461109
-0.048744202000000014,6.344340324
-0.048731878000000006,6.344247341
-0.04882121100000003,6.344877243
-0.04879738400000003,6.342240334
-0.04885052100000001,6.346431255
-0.048919588000000014,6.343652725
-0.04869377600000002,6.348313808
-0.048598766000000015,6.352676868
-0.04913908200000003,6.352238655
-0.049040481000000025,6.352451801
-0.04916138900000003,6.350593567
-0.04923366000000001,6.34968996
-0.04931809000000001,6.350560188
-0.04926015400000003,6.352343082
-0.04932612200000003,6.353033543
-0.04925975200000002,6.353563309
-0.04932265000000002,6.356340885
-0.04931007300000001,6.354711533
-0.04941421700000001,6.356379509
-0.049431220000000026,6.357978821
-0.04950331100000002,6.357209206
-0.049524084000000024,6.357885838
-0.04966613600000003,6.358419895
-0.04966725400000002,6.358922005
-0.04981894800000003,6.359739304
-0.04970744200000002,6.358840942
-0.04973642500000003,6.360947609
-0.04985585800000003,6.357705593
-0.04985241600000001,6.360844135
-0.04933691000000001,6.362512112
-0.05004853000000001,6.363508224
-0.04993714400000002,6.363012791
-0.05002096300000003,6.361395359
-0.05005326900000001,6.36716938
-0.050120264000000025,6.366678715
-0.05013057600000001,6.369080067
-0.050281748000000015,6.36840868
-0.050207466000000006,6.37014389
-0.050268933000000016,6.368798256
-0.050348878000000014,6.370769024
-0.050409093000000016,6.369513035
-0.050383359000000016,6.370865345
-0.05039952700000003,6.369641304
-0.05046396000000003,6.372564793
-0.05060933500000003,6.371865273
-0.05058865200000001,6.374507904
-0.05072872300000003,6.372759342
-0.05066423100000003,6.373662949
-0.05073408800000001,6.375968933
-0.05076797300000002,6.377663136
-0.050791189000000014,6.377685547
-0.05086590300000002,6.37688303
-0.05098027000000002,6.377192974
-0.05097286400000001,6.376676559
-0.05103054600000001,6.379258633
-0.051100597000000025,6.376743793
-0.05113811800000001,6.382319927
-0.05102279800000001,6.381713867
-0.05042029900000003,6.381417274
-0.05090804400000001,6.383168221
-0.051089123000000014,6.384533882
-0.05105845600000003,6.383657455
-0.05026523800000002,6.383711815
-0.050655752000000026,6.387068748
-0.050328150000000016,6.387262344
-0.05122061100000003,6.387609959
-0.05149206500000003,6.388700008
-0.05158382600000003,6.38962698
-0.05159284200000003,6.389050484
-0.05154597800000002,6.39173317
-0.05165410000000001,6.388616085
-0.051711723000000015,6.38967514
-0.05179184700000003,6.391064644
-0.051840261000000026,6.396788597
-0.05171646200000002,6.39336729
-0.05188450200000003,6.395791531
-0.05183507500000001,6.3916502
-0.051891118000000014,6.39546299
-0.051941633000000015,6.394192219
-0.05196292700000002,6.394989491
-0.05199201400000003,6.394782543
-0.05213253200000001,6.396002769
-0.05206345000000001,6.397194386
-0.05206093200000003,6.394753933
-0.05216243900000003,6.397726536
-0.05219607100000001,6.398507118
-0.05228182700000003,6.400065899
-0.05229826300000001,6.402104378
-0.05234098400000001,6.39938736
-0.05228789100000003,6.402950287
-0.05246089400000001,6.40195322
-0.05244232700000001,6.405073643
-0.05243358000000001,6.402723312
-0.05243402700000002,6.406068802
-0.05249498800000002,6.404582024
-0.052565604000000016,6.402942181
-0.05266845200000003,6.406337738
-0.052813128000000015,6.405472279
-0.05283327400000001,6.409563065
-0.05292767300000001,6.408095837
-0.05286435800000003,6.412572861
-0.05302129700000002,6.409204006
-0.05289679800000002,6.411252975
-0.052528694000000015,6.410680771
-0.05248117400000002,6.412303925
-0.05313351700000002,6.411392212
-0.053038850000000026,6.413324356
-0.05316698500000003,6.415608883
-0.053144738000000025,6.413907051
-0.05320122800000002,6.413250446
-0.05324825600000002,6.415071011
-0.05326880500000003,6.416576385
-0.053352028000000024,6.418181419
-0.05333437000000002,6.419137478
-0.05345156800000003,6.41668129
-0.05337296400000002,6.417144299
-0.05345849700000002,6.416500568
-0.053490639000000006,6.418085575
-0.053412139000000025,6.417339802
-0.053642437000000015,6.418477535
-0.05356721600000003,6.420751572
-0.05356308800000001,6.418729305
-0.05362919000000002,6.424454212
-0.053723201000000026,6.420885563
-0.05381275700000002,6.422332287
-0.05383327600000001,6.42320013
-0.05386810000000003,6.424283028
-0.05394466200000003,6.426556587
-0.05363887500000003,6.428655148
-0.05397783200000003,6.428534031
-0.05400747100000003,6.42728281
-0.054163322000000014,6.428868771
-0.05408045600000003,6.424954414
-0.054160982000000024,6.428556442
-0.05420222900000002,6.426875114
-0.05434131600000003,6.428166866
-0.05429945900000002,6.428672314
-0.05436350400000001,6.429018021
-0.05429756600000002,6.428840637
-0.05448742200000001,6.431519032
-0.05445610000000001,6.432751179
-0.054468796000000014,6.432577133
-0.05431008300000001,6.433255196
-0.05437277300000001,6.435330391
-0.054440618000000024,6.438936234
-0.054649696000000025,6.436519146
-0.05462949000000003,6.438368797
-0.05474548000000001,6.439361095
-0.054621294000000015,6.438549042
-0.05478049800000001,6.442816257
-0.05466692100000001,6.441126823
-0.05480885500000002,6.439308167
-0.05481877900000001,6.439280033
-0.05477854600000001,6.438903809
-0.054879099000000015,6.441530704
-0.05508382600000003,6.441680431
-0.05512590700000003,6.440031528
-0.05518338100000003,6.442602634
-0.05521634200000003,6.442381859
-0.05512346300000001,6.44452858
-0.055203080000000015,6.4442873
-0.05508577800000003,6.449112892
-0.05519196400000001,6.447069645
-0.05537761700000002,6.448156834
-0.055275604000000006,6.449030399
-0.05530990700000002,6.44954443
-0.05534818800000002,6.447130203
-0.05549305700000001,6.445532799
-0.05543525500000002,6.449220181
-0.05544041100000002,6.449563026
-0.05545330000000001,6.45031023
-0.05562648200000003,6.451448917
-0.05559904900000001,6.450715065
-0.05565075600000002,6.455094337
-0.055642649000000016,6.452728748
-0.05579438800000003,6.455807209
-0.05569352200000002,6.456135273
-0.05580240500000003,6.452917576
-0.05582952500000002,6.456410885
-0.055909842000000015,6.458703041
-0.055885777000000025,6.458821297
-0.05599013000000003,6.458371639
-0.05592273200000003,6.45758009
-0.056053817000000006,6.4584198
-0.05613370200000001,6.459614754
-0.056230187000000015,6.458117962
-0.05610945800000003,6.456010818
-0.056318864000000024,6.458076477
-0.05620232200000003,6.45951128
-0.056200147000000006,6.462043285
-0.05630093800000002,6.463906288
-0.05647641400000003,6.466478348
-0.056541145000000015,6.464021206
-0.05656681900000002,6.463908672
-0.056527644000000016,6.463359356
-0.05658474600000002,6.465540886
-0.05673946400000002,6.466126442
-0.056736901000000006,6.466589928
-0.05673511300000003,6.464973927
-0.056783602000000016,6.465689659
-0.056970045000000025,6.466768742
-0.056893215000000025,6.470155716
-0.056975633000000026,6.467228413
-0.05708991000000002,6.470879555
-0.05709220500000001,6.468608379
-0.057187825000000025,6.467582703
-0.05718749800000003,6.471085072
-0.057263181000000024,6.473719597
-0.05735571700000003,6.476768494
-0.05739244800000001,6.4745121
-0.05743919300000003,6.477511883
-0.05758611900000002,6.475327969
-0.05756068200000003,6.475702763
-0.05758397300000001,6.475947857
-0.05748842700000001,6.475758076
-0.05764807800000002,6.475318909
-0.057767838000000016,6.476471424
-0.05781309300000001,6.478726387
-0.05776749500000003,6.48122263
-0.05794477500000003,6.48195076
-0.05789907300000002,6.481315613
-0.057870910000000025,6.48284483
-0.05792039600000001,6.479913235
-0.058154657000000026,6.48087883
-0.058019951000000014,6.481803417
-0.05806399900000003,6.484856129
-0.05801194900000001,6.483438015
-0.05807314800000002,6.48501873
-0.05808748300000002,6.487569809
-0.05813667200000003,6.485019684
-0.05814415200000003,6.485989094
-0.05818644200000003,6.488427162
-0.05832272800000002,6.487627029
-0.05840389400000001,6.489362717
-0.05834972900000002,6.491157055
-0.05834984800000001,6.491618633
-0.058438003000000016,6.493295193
-0.058440342000000006,6.488765717
-0.05838276400000003,6.490187168
-0.05852504100000003,6.494864464
-0.05851429700000002,6.492677689
-0.058630317000000015,6.494477272
-0.05851802200000003,6.497178078
-0.05868782100000003,6.495919228
-0.05874635300000003,6.494857788
-0.058862388000000015,6.498432159
-0.05877305600000002,6.498977184
-0.05884811300000001,6.498363972
-0.05880242600000002,6.498013973
-0.05885927400000002,6.503305435
-0.05893391400000003,6.503734589
-0.05904622400000001,6.501926422
-0.05898670800000003,6.50095129
-0.05899290700000001,6.502556801
-0.058978483000000026,6.503669262
-0.059134588000000016,6.500515938
-0.05927835400000003,6.501615047
-0.05921530700000002,6.502828598
-0.05928799500000001,6.505412579
-0.059229821000000016,6.505014896
-0.05946826900000002,6.50592947
-0.059453458000000015,6.504145622
-0.05946975900000001,6.511063099
-0.059562981000000015,6.509568691
-0.05955630500000003,6.509007454
-0.05962099100000001,6.508451462
-0.05955888300000001,6.508223057
-0.05904537400000001,6.5090909
-0.05980409700000003,6.509009361
-0.059698746000000025,6.514502525
-0.05975993000000002,6.511874199
-0.05994749100000002,6.509350777
-0.05983015900000002,6.510884762
-0.05993138200000003,6.512931347
-0.05996345000000003,6.51560688
-0.06001700500000001,6.51563549
-0.05993291700000003,6.515338898
-0.060046196000000024,6.513946056
-0.060090855000000026,6.518348694
-0.06013041700000002,6.517093182
-0.06016527100000002,6.516960144
-0.060361177000000016,6.515098572
-0.06027928000000002,6.51804018
-0.060387403000000006,6.51799202
-0.060457200000000016,6.519640446
-0.06045879400000001,6.51854372
-0.06047698900000001,6.52047348
-0.06056608300000002,6.520433903
-0.06049171100000003,6.520652294
-0.06063684800000002,6.519618511
-0.06069935900000001,6.524739742
-0.06074734000000001,6.523301125
-0.06077815600000003,6.522789478
-0.060863569000000006,6.522281647
-0.060625836000000016,6.525544643
-0.06081220500000001,6.526851654
-0.06080706400000002,6.526150703
-0.06076641400000002,6.527700424
-0.06078520400000001,6.527385712
-0.060851738000000016,6.522612572
-0.06088270200000001,6.527741432
-0.06092798700000002,6.531509399
-0.060972407000000006,6.526267529
-0.06101757300000002,6.528141022
-0.06109067800000001,6.527255535
-0.06117504800000001,6.52854681
-0.06119960500000002,6.529801369
-0.061257929000000017,6.527648926
-0.06130285600000002,6.531406403
-0.060889497000000015,6.528827667
-0.061587080000000016,6.530578613
-0.06164130600000001,6.531835079
-0.061594501000000024,6.532659531
-0.06171074500000001,6.533050537
-0.06171122200000001,6.535981178
-0.06178280700000002,6.5345788
-0.06177073700000002,6.535090446
-0.06172707700000002,6.539243221
-0.06183739000000002,6.539604664
-0.061187729000000024,6.537714481
-0.06188663800000002,6.539788246
-0.06175458400000003,6.542441368
-0.061902136000000024,6.540373325
-0.06205904500000001,6.540905476
-0.06207566000000003,6.54115057
-0.06206952000000002,6.540924072
-0.06211215300000003,6.542867661
-0.06211026000000003,6.542347431
-0.06209272100000002,6.542930603
-0.06209714700000002,6.545253754
-0.062130973000000006,6.544774532
-0.06219974200000003,6.54184866
-0.06226815300000002,6.546545982
-0.06240588400000002,6.548578262
-0.062391415000000006,6.547292709
-0.062221706000000016,6.546429157
-0.06252488500000003,6.545999527
-0.06270416100000001,6.546976089
-0.06270760300000003,6.54934454
-0.06270948000000001,6.549362183
-0.06279192900000002,6.548069477
-0.062821388,6.550642967
-0.06271027000000001,6.549044609
-0.062764227,6.550996304
-0.06285701700000002,6.550096035
-0.06298857900000002,6.550947666
-0.06298326000000001,6.551695347
-0.06302587700000001,6.550972939
-0.06310071000000003,6.553678513
-0.06317909100000002,6.554123878
-0.06315532300000001,6.55766964
-0.06311234800000001,6.554764748
-0.06319882000000002,6.554599285
-0.06310996400000002,6.555881023
-0.06322486700000002,6.557373524
-0.06323564000000001,6.558772564
-0.06338948000000003,6.555969238
-0.063220039,6.55751276
-0.06336365600000002,6.560265541
-0.06333372000000001,6.557340145
-0.06345099200000001,6.560658455
-0.06349913800000001,6.559457302
-0.06352984900000003,6.56251955
-0.06356319800000002,6.560665607
-0.063525617,6.566779613
-0.06366065100000001,6.565164089
-0.06356649100000003,6.566031933
-0.06364393200000001,6.563161373
-0.06373222200000003,6.561817646
-0.06375582500000002,6.562562943
-0.06376639,6.562878609
-0.06376995100000002,6.566304684
-0.063994929,6.563014507
-0.06397487200000002,6.567566872
-0.06412427100000001,6.568017006
-0.06416358000000003,6.569228172
-0.06405364000000002,6.568434715
-0.06414295700000003,6.568274975
-0.06424985800000002,6.568872452
-0.06421999600000003,6.57256031
-0.06435471800000003,6.571492195
-0.06430797300000002,6.571103096
-0.06437835100000003,6.572407246
-0.06440837700000002,6.573665142
-0.06451624600000003,6.56970644
-0.06447878500000001,6.574053288
-0.06449227000000002,6.573328972
-0.06452873300000003,6.578091145
-0.06467370700000002,6.575432301
-0.06473802000000001,6.575426102
-0.06465950600000003,6.574839592
-0.06478224700000002,6.577253819
-0.06490273800000002,6.578774452
-0.06499622800000002,6.577365398
-0.06503295900000003,6.576535225
-0.06488062400000003,6.577825069
-0.06501653800000001,6.579158306
-0.06505407400000002,6.580004692
-0.06505784400000003,6.578758717
-0.06496816900000002,6.579310417
-0.06507189600000002,6.58289814
-0.06515495500000001,6.579313278
-0.06515948500000002,6.581398964
-0.06516447700000003,6.581259251
-0.06523211300000001,6.581864357
-0.06530422000000002,6.583156586
-0.06535831100000003,6.58403635
-0.06527370200000002,6.584769249
-0.06527218200000001,6.585916042
-0.06532053600000001,6.586846828
-0.06545326100000001,6.589076042
-0.06536120200000001,6.586943626
-0.06540973500000002,6.587666988
-0.06551027300000001,6.588970661
-0.06555585600000002,6.589331627
-0.06537602800000003,6.590646267
-0.065205172,6.590856075
-0.06519669300000003,6.590620995
-0.06520418800000002,6.591719151
-0.06519264000000002,6.590889454
-0.06533470700000002,6.591505527
-0.06537418100000003,6.591146946
-0.06538938000000002,6.593800545
-0.06532956700000003,6.595543385
-0.06543105800000001,6.595357418
-0.06554730200000003,6.595627308
-0.06554766000000001,6.593962193
-0.06553407000000003,6.595856667
-0.06564132900000003,6.596591473
-0.06559838300000001,6.597749233
-0.06578393300000002,6.599076748
-0.06567230800000001,6.598882198
-0.06586352000000001,6.596977711
-0.06579458700000002,6.599832535
-0.06590411100000002,6.600321293
-0.06589217500000003,6.598962784
-0.06598673800000002,6.601630688
-0.06605042500000002,6.601739883
-0.066436663,6.605038166
-0.06649231900000002,6.604856491
-0.06641601000000003,6.603001595
-0.06653815500000002,6.60423851
-0.06668789700000002,6.602448463
-0.06649506100000002,6.603200436
-0.06642030200000001,6.607392788
-0.06654202900000003,6.606410503
-0.06650716100000001,6.606987
-0.06644815200000001,6.608026028
-0.06653508500000002,6.605537891
-0.06677869000000003,6.609034061
-0.06677754200000002,6.60784626
-0.06686657700000001,6.61084795
-0.06691800100000003,6.609536648
-0.06681419900000002,6.611846447
-0.06691388800000003,6.614751339
-0.06666457600000003,6.611278534
-0.06681062300000001,6.612383366
-0.066711396,6.61346817
-0.06687252200000002,6.61495018
-0.06677006200000002,6.614170551
-0.067104667,6.616388798
-0.06697189800000003,6.612898827
-0.06694653600000003,6.612879276
-0.06705384000000003,6.614703655
-0.06707373300000002,6.613143921
-0.06721316300000002,6.615894794
-0.067170635,6.614845753
-0.06726935500000003,6.614873886
-0.06734079100000001,6.619729519
-0.06741654900000002,6.616695881
-0.06748025100000002,6.617050648
-0.06738999500000001,6.619312286
-0.06758713700000002,6.621308804
-0.06762571600000003,6.61963129
-0.06762003900000002,6.618739605
-0.06754109300000002,6.62080574
-0.06773076900000002,6.624330997
-0.06775091600000002,6.623873711
-0.06781464800000003,6.62439537
-0.06777568200000003,6.626053333
-0.06782612200000002,6.624338627
-0.06782338000000002,6.625136852
-0.06783787900000002,6.624596119
-0.06791567800000001,6.624967575
-0.06798040900000002,6.623440742
-0.06792759900000003,6.626926899
-0.06811206000000003,6.628170967
-0.06807787700000001,6.627259254
-0.06820243600000003,6.627171993
-0.06815269600000001,6.630529404
-0.068165153,6.63076067
-0.06813426300000003,6.630254269
-0.06817334900000002,6.630330086
-0.06822237400000003,6.630428314
-0.06831365800000003,6.632162571
-0.06838251600000003,6.63288784
-0.06849570600000002,6.63314867
-0.06858386100000002,6.63248682
-0.06856100300000001,6.631252289
-0.06855651700000001,6.633843422
-0.06861516800000003,6.634412289
-0.06857103100000003,6.633820057
-0.06861282900000001,6.634576321
-0.06860938700000002,6.637637138
-0.06865078200000002,6.636488438
-0.06877128800000001,6.634011745
-0.06879526400000002,6.635762691
-0.06881220600000001,6.636953354
-0.06888113900000001,6.638751984
-0.06894770300000003,6.638188362
-0.06901702300000001,6.637329578
-0.06896288700000003,6.642571449
-0.06903763100000002,6.641221523
-0.06899666800000001,6.640240192
-0.06908473400000001,6.641382694
-0.06912523500000001,6.643867493
-0.06925715500000001,6.642024994
-0.06918664300000002,6.644498348
-0.06926639400000001,6.641559124
-0.06931062000000002,6.644436359
-0.06932820400000003,6.644527912
-0.06947495000000001,6.644708157
-0.06936243200000003,6.642920971
-0.06951317200000001,6.647068977
-0.06950931200000002,6.647485733
-0.06959322100000001,6.645433426
-0.06949313000000001,6.646380424
-0.06957848400000002,6.651202202
-0.06977550700000001,6.647852898
-0.06985896800000002,6.65014267
-0.06984381400000003,6.654053688
-0.06981931600000002,6.653461933
-0.06966543200000003,6.654198647
-0.06993612600000002,6.651834965
-0.07006959600000001,6.653237343
-0.07014069,6.650454998
-0.07017216100000001,6.654426575
-0.07026261100000003,6.653841019
-0.07035550500000001,6.65393877
-0.07035078100000003,6.653618813
-0.07039120800000001,6.653800011
-0.070432663,6.653949738
-0.07047770900000003,6.653615952
-0.07052730000000001,6.654423714
-0.07064630100000002,6.655760765
-0.07065749200000002,6.655423164
-0.07069167500000001,6.656624317
-0.07073050700000003,6.656201363
-0.07070508600000003,6.655750275
-0.07074110200000003,6.656692982
-0.07090759300000002,6.658074856
-0.07087680700000001,6.659450531
-0.07096558800000002,6.658847332
-0.07088916,6.661363602
-0.070952967,6.658786297
-0.07101412100000001,6.660065651
-0.07107874700000003,6.663829327
-0.07110708900000001,6.662529945
-0.07110492900000001,6.66251421
-0.07124142300000003,6.663546085
-0.07127094300000003,6.666193008
-0.07118250400000001,6.667192459
-0.07139934600000003,6.666550636
-0.07136413500000002,6.666469574
-0.07121475000000002,6.668411732
-0.07138271600000001,6.66493082
-0.07145005500000001,6.6678195
-0.07153634700000003,6.667828083
-0.07157865200000002,6.66925478
-0.07165628700000001,6.66875124
-0.07167692500000003,6.669924736
-0.07172967500000002,6.670640945
-0.07172843800000003,6.670238495
-0.07181236100000002,6.6685853
-0.07187213,6.669255733
-0.07185192400000001,6.66962719
-0.07186122200000003,6.671642303
-0.07190020400000002,6.671923637
-0.07196350400000001,6.672997475
-0.07207317600000002,6.674388409
-0.07208460600000002,6.673814297
-0.07216756000000002,6.673680305
-0.07211549600000003,6.67713356
-0.07218162700000003,6.674304008
-0.072197854,6.675305367
-0.07231503700000003,6.676234722
-0.07224342200000003,6.678514481
-0.07229419000000001,6.679120064
-0.07240140400000003,6.678992748
-0.07240915300000003,6.678245068
-0.072537392,6.679170609
-0.07258267700000001,6.68264389
-0.07258923300000003,6.679479599
-0.07268133800000001,6.680821419
-0.07271923100000002,6.68295002
-0.07266275600000002,6.684487343
-0.07271513300000002,6.683068752
-0.07273142000000002,6.685221672
-0.07277861200000002,6.680711746
-0.07278719500000003,6.680921078
-0.07269710300000001,6.678873539
-0.07282817400000002,6.674580574
-0.07288698800000001,6.669434071
-0.07293470200000002,6.664364815
-0.07291412300000003,6.655860901
-0.07293824800000001,6.645627975
-0.07280887700000002,6.637783527
-0.07289795600000001,6.62828207
-0.07287807800000001,6.620118618
-0.07293334600000001,6.61316967
-0.07297016700000003,6.605781078
-0.07295118300000003,6.601463318
-0.07292290000000001,6.596885681
-0.07291586700000002,6.595285416
-0.07286413000000003,6.590218544
-0.07302551000000002,6.584665775
-0.07295218100000003,6.582839489
-0.07298828700000001,6.582382202
-0.07294450700000002,6.579481602
-0.07301734400000001,6.575620174
-0.07308886900000003,6.573540211
-0.07310386000000002,6.573823452
-0.07301159200000001,6.570329189
-0.07309508300000003,6.567821026
-0.072929397,6.566057205
-0.07316795000000001,6.563127518
-0.07302080100000002,6.56148243
-0.07302026400000003,6.559039116
-0.07299971600000002,6.560321808
-0.073074251,6.558398724
-0.07310779400000003,6.555537224
-0.07312229300000003,6.552537918
-0.07287870300000002,6.550776005
-0.07295021400000001,6.550847054
-0.07310931400000001,6.551241398
-0.07313187400000001,6.552636623
-0.07306850000000001,6.55767107
-0.07314065100000003,6.570622921
-0.07307639700000002,6.581754208
-0.07331690200000002,6.591737747
-0.07317008100000003,6.607602119
-0.073293984,6.616446495
-0.07318776800000001,6.627575874
-0.07340286700000001,6.638874054
-0.07337215500000002,6.650194645
-0.07345612300000001,6.657390118
-0.07338067900000003,6.663445473
-0.07344579700000001,6.670453072
-0.07342618700000003,6.678190231
-0.07356114700000002,6.684550285
-0.07373100500000002,6.687077999
-0.073655143,6.691914558
-0.07364764800000001,6.692527294
-0.07373249500000001,6.695288658
-0.07373049900000003,6.700035572
-0.07372474700000001,6.699033737
-0.07368308300000001,6.698227406
-0.07377302600000002,6.701769829
-0.07390578100000003,6.701724052
-0.07397034800000002,6.703730583
-0.07381571800000003,6.700387001
-0.07381853500000002,6.698778629
-0.07368150300000001,6.702780247
-0.07374511700000003,6.701007366
-0.07374195700000002,6.703354359
-0.07389095400000001,6.702822685
-0.07394453900000003,6.706167698
-0.07398706700000002,6.701911449
-0.07395647500000002,6.703070164
-0.07398502500000001,6.702111244
-0.07399985200000003,6.704675198
-0.07412090900000001,6.704027176
-0.07413670400000003,6.703652382
-0.07418413500000001,6.701608658
-0.07431182300000003,6.702191353
-0.074297413,6.702209949
-0.07435350100000002,6.703609467
-0.074415848,6.70345211
-0.07451088700000003,6.70603466
-0.07451912800000002,6.703178406
-0.07443936200000001,6.70680666
-0.07447749400000003,6.706213474
-0.07450804100000002,6.706804752
-0.07460352800000003,6.705378056
-0.07459677800000003,6.70532608
-0.07467044900000003,6.709263325
-0.07461825000000002,6.705819607
-0.07477584500000001,6.708389282
-0.07473559700000001,6.707974911
-0.07475556400000002,6.708495617
-0.07493335000000001,6.710505962
-0.07493297800000001,6.710688591
-0.07499776800000002,6.708235741
-0.07472087400000002,6.714319229
-0.07468596100000002,6.713028431
-0.07512047900000002,6.716107845
-0.07507497100000002,6.715265751
-0.07528218600000003,6.71466732
-0.07534162700000002,6.712201595
-0.07540510600000003,6.713547707
-0.07534112000000001,6.713988304
-0.07541872600000002,6.711977959
-0.07548691300000002,6.713001251
-0.07544975000000001,6.711856365
-0.07554757600000003,6.71598959
-0.07563707200000003,6.714710712
-0.07564747300000002,6.717371941
-0.07572479500000001,6.717774391
-0.07576550500000001,6.717324734
-0.07583929600000003,6.718510628
-0.07584916100000003,6.718492508
-0.07586339100000003,6.721304417
-0.07589863200000002,6.720782757
-0.07587455200000001,6.722122669
-0.07594081800000002,6.722083569
-0.07586821900000001,6.722842216
-0.07594241200000001,6.722251892
-0.07608486700000003,6.71923542
-0.07610100500000003,6.718007088
-0.07613578400000001,6.719734669
-0.07610267400000001,6.723608971
-0.07627058000000003,6.722786427
-0.07632108000000001,6.72403717
-0.07632635500000001,6.723565578
-0.07633915500000002,6.727258205
-0.07640415400000003,6.725006104
-0.07643823300000002,6.723292351
-0.07643708600000002,6.728940964
-0.076460779,6.726659775
-0.07653501600000001,6.730979919
-0.07647611200000001,6.727593422
-0.07645539900000001,6.729486465
-0.07633070600000003,6.730293274
-0.07650770200000001,6.728096962
-0.07656802200000001,6.729251862
-0.07663784900000001,6.728454113
-0.07661823900000003,6.728645325
-0.07667851400000003,6.729155064
-0.07743313900000001,6.729024887
-0.07729488600000001,6.731421947
-0.07744082800000002,6.733790874
-0.07759088300000003,6.729363441
-0.07753847500000002,6.729092121
-0.07758770900000003,6.732607841
-0.07742130800000002,6.7342906
-0.07769563800000001,6.732234478
-0.07714825900000002,6.733650208
-0.07717832900000002,6.733051777
-0.07726347400000003,6.736293793
-0.07729010300000003,6.735609531
-0.07734417900000001,6.735847473
-0.07732440500000001,6.734701633
-0.07729290400000002,6.736927986
-0.077475071,6.738003731
-0.07734546100000003,6.734275818
-0.07752364900000003,6.736616135
-0.07741037,6.736775398
-0.07748761800000001,6.737671852
-0.07758326800000001,6.737307549
-0.077604949,6.739016056
-0.07764747700000002,6.737103939
-0.07773336800000002,6.738687038
-0.07770890000000003,6.737514496
-0.07770971900000001,6.739550591
-0.07776834100000002,6.741715431
-0.07783716900000001,6.743484974
-0.07784505200000003,6.742385864
-0.07795748100000002,6.744354248
-0.07793103200000001,6.746498585
-0.07808217400000003,6.745793343
-0.07809676200000001,6.744565964
-0.07817153600000001,6.745162487
-0.07810714800000002,6.745830059
-0.07816244700000002,6.744577885
-0.07822781800000003,6.744972706
-0.07822036700000001,6.746401787
-0.07830879100000002,6.748139381
-0.0783723,6.746662617
-0.07839845100000001,6.746322155
-0.07835775600000003,6.747306824
-0.07846035100000001,6.749071121
-0.07847464100000001,6.748256683
-0.078555226,6.749931812
-0.078552589,6.749791145
-0.07857610300000001,6.749883652
-0.07870428300000001,6.749408722
-0.07870438700000001,6.751753807
-0.07854130900000003,6.752161026
-0.07866025000000001,6.754832268
-0.07879060500000001,6.754144669
-0.07874988000000002,6.753752232
-0.07877360300000003,6.75638628
-0.07877552500000001,6.755658627
-0.07895985200000002,6.754593372
-0.07904528100000002,6.757002354
-0.07901024800000003,6.753966331
-0.07916750000000003,6.7571702
-0.07912167900000003,6.75284481
-0.07909105700000002,6.756235123
-0.07917787100000001,6.756650925
-0.07937555000000002,6.753029823
-0.0791464,6.756379128
-0.07934902600000002,6.757106781
-0.07934837000000003,6.760307312
-0.07932411100000003,6.760042191
-0.07931940300000001,6.762115002
-0.07930694500000002,6.759699345
-0.07951034600000001,6.76335001
-0.07945427300000002,6.762116432
-0.079382688,6.76342535
-0.07944139800000002,6.763718605
-0.07955616700000001,6.763314724
-0.07965429100000002,6.763153553
-0.07963539700000002,6.765131474
-0.07970112600000001,6.764307022
-0.07987095400000002,6.768274307
-0.07984198600000003,6.763665199
-0.07981029100000003,6.767150402
-0.07985492000000002,6.768059731
-0.07992111100000002,6.76859951
-0.07995265700000001,6.767224312
-0.07997694600000002,6.767446995
-0.08003929300000001,6.766658783
-0.08002102400000002,6.768620968
-0.08008854100000001,6.768072128
-0.08011844700000001,6.769162655
-0.08020354800000001,6.771322727
-0.08065253500000003,6.772146702
-0.08154170200000002,6.770072937
-0.08144630500000002,6.7728405
-0.08159825200000001,6.773160934
-0.08171159000000003,6.771790504
-0.08169476700000003,6.770063877
-0.08173853200000003,6.770845413
-0.08176189700000003,6.77174139
-0.08184196100000002,6.772789478
-0.08189672200000003,6.774130344
-0.08192282900000003,6.775095463
-0.08191415700000002,6.776824951
-0.08186584700000002,6.775679588
-0.08131331200000003,6.776821613
-0.08142562200000003,6.778555393
-0.08117710000000003,6.776048183
-0.08122131200000002,6.77852869
-0.08119165900000003,6.778251648
-0.08114050300000003,6.775747299
-0.08115980000000003,6.78044939
-0.08130574200000001,6.779283047
-0.08150436000000003,6.778299332
-0.08127185700000003,6.779320717
-0.08140388100000001,6.780344963
-0.08132948000000001,6.781258583
-0.08140237600000003,6.781572819
-0.08171805700000001,6.782948017
-0.08193206800000002,6.784211159
-0.08156664700000002,6.784911156
-0.08169685300000001,6.785509586
-0.08172723600000001,6.785299301
-0.08162696700000002,6.78711462
-0.08212561900000001,6.78466177
-0.08215586800000002,6.786634922
-0.08225269600000001,6.786001682
-0.08219909700000003,6.787268639
-0.08231119800000003,6.786723137
-0.08180141400000002,6.789463997
-0.08183336300000002,6.784809113
-0.08199082300000002,6.787868023
-0.08200830200000003,6.788510799
-0.08208710000000002,6.784310341
-0.08241525300000002,6.785666466
-0.08221130100000001,6.787146091
-0.08249673200000002,6.785530567
-0.08252123000000003,6.78576231
-0.08256684200000003,6.7882967
-0.08260473600000001,6.788302898
-0.08261597200000001,6.789304733
-0.08266414700000002,6.790603638
-0.08269248900000001,6.792190552
-0.08282452800000001,6.795621395
-0.08273682000000002,6.794790268
-0.08279053900000002,6.79320097
-0.08255846800000002,6.793792725
-0.08259698700000001,6.795074463
-0.082713216,6.79514122
-0.08270399300000003,6.795404434
-0.08269947800000002,6.795891762
-0.08284498700000001,6.796064854
-0.08286047000000002,6.796700001
-0.08294034000000003,6.797587872
-0.08301584400000003,6.797426224
-0.08294831200000002,6.796217918
-0.08302637900000001,6.796058655
-0.08304809000000002,6.799348831
-0.08317522700000002,6.797712803
-0.08321747200000001,6.798781395
-0.08332459600000003,6.797110081
-0.08331064900000001,6.799636364
-0.083286092,6.80003643
-0.08329467500000001,6.800887108
-0.08342868100000003,6.799760342
-0.08348405400000003,6.802615643
-0.08345936200000001,6.802462101
-0.08355051300000002,6.803674221
-0.08355158600000001,6.804183483
-0.08359646800000001,6.803260803
-0.08348840500000002,6.803180218
-0.08382582700000002,6.803407669
-0.08387692300000002,6.80695343
-0.08412310500000003,6.804019928
-0.08408576200000001,6.802871704
-0.08412325400000001,6.803840637
-0.08387239300000002,6.807324886
-0.08434410400000003,6.804559231
-0.08383189100000002,6.807003975
-0.08423717300000003,6.80854702
-0.08444558100000002,6.808748245
-0.08443892000000003,6.810996532
-0.08438155100000003,6.809740543
-0.08445845500000002,6.80700016
-0.08471295200000001,6.807103634
-0.08464372200000003,6.810991287
-0.08454851800000002,6.810128689
-0.08475743200000002,6.809259415
-0.08472856900000003,6.810542583
-0.08474426000000002,6.812787533
-0.08483472500000003,6.812818527
-0.08483618500000001,6.810881138
-0.08496563100000001,6.810955048
-0.08493119500000001,6.815302372
-0.08507269600000003,6.813747883
-0.08503437000000003,6.813699245
-0.08503867700000001,6.814348221
-0.08520004100000003,6.816596031
-0.08518114700000001,6.815239906
-0.08520899700000001,6.817425251
-0.08503212000000002,6.818758965
-0.08501304700000001,6.817606926
-0.08503298500000003,6.816231251
-0.08502124200000002,6.818171024
-0.08510585100000001,6.816254616
-0.08516937500000002,6.819274902
-0.08520270900000002,6.818444729
-0.08532723800000003,6.821208
-0.08532263300000001,6.82359457
-0.08528116300000002,6.819684982
-0.08533619300000003,6.820084572
-0.085422829,6.821542263
-0.08538758700000001,6.82170105
-0.08550307100000001,6.822333336
-0.08545400200000003,6.825386047
-0.08551722800000003,6.822792053
-0.08585555800000003,6.823811054
-0.08581636800000003,6.823105335
-0.08589236400000003,6.824000359
-0.08587431900000003,6.82392025
-0.08601549300000003,6.823901176
-0.086354226,6.825028896
-0.08611993500000001,6.825662613
-0.08618429300000002,6.825322151
-0.08623133600000002,6.827877045
-0.08624479200000001,6.828838825
-0.08622895200000003,6.828028679
-0.08637361200000002,6.828568935
-0.08640210300000001,6.82810688
-0.08645719300000002,6.827909946
-0.08646807100000001,6.831813335
-0.08648122800000002,6.830297947
-0.08652116400000001,6.831910133
-0.08653740600000001,6.8328228
-0.08650440000000001,6.83183527
-0.08667458600000003,6.83088398
-0.08655661300000003,6.829060078
-0.08669562600000003,6.833683014
-0.08660724800000003,6.834337234
-0.08677580900000001,6.836356163
-0.08682164500000003,6.834728718
-0.08686392000000001,6.832290173
-0.08665992300000003,6.838656425
-0.08679197700000002,6.835363865
-0.08693578800000001,6.837860584
-0.08696530800000002,6.833773613
-0.08698430700000001,6.835781574
-0.08703340600000001,6.83699894
-0.08694122700000001,6.836490631
-0.08702004000000002,6.837771416
-0.08706128600000002,6.83908844
-0.08717028800000001,6.836944103
-0.08707305800000001,6.837294102
-0.08725090300000002,6.837900639
-0.08726051400000001,6.840441227
-0.08730076200000003,6.838519096
-0.08734437800000003,6.84044075
-0.08741064400000001,6.835958481
-0.08742044900000001,6.841685772
-0.08737544700000002,6.842265129
-0.08738921600000002,6.841050148
-0.08751642700000001,6.844435215
-0.08756107100000002,6.845788479
-0.08757627000000001,6.843280315
-0.08762972100000002,6.846975327
-0.08761265900000001,6.845536232
-0.087691709,6.847709179
-0.08787952400000001,6.84317112
-0.08787800400000001,6.84723568
-0.08783251000000003,6.846144199
-0.08785437000000001,6.847148895
-0.08793318300000003,6.847505093
-0.08793368900000001,6.845668793
-0.08797217900000001,6.844432831
-0.08800759900000002,6.849002838
-0.08804373400000001,6.850450993
-0.08810722800000001,6.84953928
-0.08810107400000003,6.848780155
-0.08815963600000001,6.85099268
-0.08816412100000001,6.850061893
-0.08825407900000001,6.848990917
-0.08833809200000001,6.854129314
-0.08839806900000002,6.850275517
-0.088401109,6.853318214
-0.08838690800000001,6.85265255
-0.08847373700000002,6.853272915
-0.08852833500000001,6.850367069
-0.08858475100000002,6.852267742
-0.08859907100000003,6.854878426
-0.088585615,6.854285717
-0.08863973600000002,6.857522488
-0.08859635900000001,6.854664803
-0.08870396000000003,6.856421471
-0.08875948200000003,6.854283333
-0.08876651500000002,6.856325626
-0.08879794200000002,6.85422039
-0.08885116900000001,6.857689857
-0.08882184300000001,6.858604908
-0.08876270100000003,6.859354496
-0.08875110700000002,6.857016087
-0.08896409000000002,6.858518124
-0.08896639900000003,6.859523296
-0.08896756200000003,6.858551979
-0.08908787400000001,6.857260704
-0.08909186700000002,6.859885693
-0.08914746300000001,6.858009815
-0.08910970400000001,6.863251686
-0.08915422900000003,6.861998558
-0.089230418,6.861703873
-0.08925427500000002,6.861026287
-0.08929817400000001,6.862224579
-0.08929687700000002,6.861884594
-0.08936876100000002,6.861252308
-0.08931292600000001,6.861798286
-0.08947591500000002,6.863981724
-0.08950746100000001,6.866011143
-0.08951744400000003,6.865251541
-0.089467287,6.866938114
-0.08965633800000003,6.864862442
-0.08958682400000001,6.865329742
-0.08961920400000001,6.864899158
-0.08971785000000002,6.863982201
-0.08974647500000002,6.864028931
-0.08978341500000003,6.866847038
-0.08982791000000001,6.866474628
-0.08985179700000001,6.864592075
-0.08990047900000003,6.867322445
-0.08972916000000003,6.866696358
-0.09007655100000003,6.869128227
-0.08996194600000001,6.868666649
-0.09002085000000001,6.86923027
-0.09003874700000003,6.868489265
-0.09007999300000002,6.868918896
-0.09003585600000003,6.870985031
-0.09015409600000002,6.871101856
-0.09008006700000001,6.873791218
-0.09020820300000001,6.876441002
-0.09024474000000002,6.873366356
-0.09029665600000003,6.875928879
-0.09030388300000003,6.875348568
-0.09035256500000002,6.876885414
-0.09044675500000002,6.877011776
-0.09057790000000002,6.876763821
-0.09052087400000003,6.876607418
-0.09065794900000002,6.879193306
-0.09070269800000003,6.876357555
-0.09077048300000001,6.878331661
-0.09071141500000002,6.877738953
-0.09085212600000003,6.876279831
-0.09085305000000002,6.8759408
-0.09086611900000002,6.877370358
-0.09084591300000003,6.879622459
-0.09091950900000001,6.880025864
-0.09095548100000003,6.87883997
-0.09097923300000002,6.877641678
-0.09097155900000001,6.880862236
-0.09105473800000002,6.880075455
-0.09117530300000001,6.87837553
-0.09112401300000003,6.880536556
-0.09111635400000001,6.880977154
-0.09111844000000002,6.879648685
-0.091308042,6.880808353
-0.09134635300000002,6.882684231
-0.09130434700000001,6.882062912
-0.09130829600000001,6.881611347
-0.09140940000000003,6.885411263
-0.09141323000000001,6.882182121
-0.09153476400000002,6.883947372
-0.09157058600000001,6.883280277
-0.09145429700000002,6.88374567
-0.09149177400000003,6.885361671
-0.091543645,6.883821964
-0.09162043000000003,6.886562347
-0.09156288200000001,6.887662411
-0.09168373000000002,6.888072968
-0.09159064300000003,6.887997627
-0.09169931700000003,6.888513088
-0.09173122000000003,6.886438847
-0.09177680300000002,6.886804104
-0.09180085400000002,6.889098644
-0.09192679800000003,6.891366959
-0.09179776900000003,6.891606808
-0.09200781600000002,6.889789581
-0.09190619000000003,6.890511513
-0.09209136700000001,6.888890266
-0.09207233800000003,6.889044285
-0.09207791100000001,6.894402504
-0.092070013,6.893497944
-0.09220196300000003,6.894658566
-0.09219402100000001,6.89405632
-0.09223841100000002,6.892449379
-0.09222538800000002,6.893988132
-0.09235569800000001,6.893558025
-0.09237580000000001,6.894982338
-0.09241269500000002,6.893585205
-0.09238007700000003,6.895000935
-0.09243722300000001,6.893939972
-0.09238287800000003,6.894398212
-0.09257404500000002,6.894948959
-0.09255416700000002,6.895838261
-0.09253971300000002,6.896159649
-0.09247851400000001,6.898086548
-0.09279781600000003,6.899817467
-0.09281694900000001,6.899426937
-0.09293600900000001,6.899521828
-0.09294949500000002,6.901022434
-0.09290854600000001,6.900936127
-0.09289696800000002,6.902582645
-0.09276579300000001,6.901685238
-0.09295018000000002,6.901778221
-0.09305711100000003,6.900364876
-0.09312188600000001,6.90369606
-0.09315358100000001,6.905191422
-0.09308284500000003,6.90362072
-0.09313622100000002,6.903008461
-0.09308710700000003,6.903805256
-0.09309202400000002,6.903289318
-0.09328350400000002,6.904471874
-0.09344248500000002,6.903428555
-0.09343242600000001,6.905409336
-0.09343965300000001,6.9065485
-0.09329275800000003,6.905126095
-0.09342065400000002,6.904297352
-0.09328578400000001,6.903762817
-0.09338176200000001,6.903841972
-0.093418464,6.904915333
-0.09340257900000001,6.907703876
-0.09345352600000001,6.906335831
-0.093529254,6.906908989
-0.09348520600000002,6.910577774
-0.09359876800000003,6.912773132
-0.09359116800000003,6.909080029
-0.09372991300000003,6.910013676
-0.09370297200000002,6.910665989
-0.09380917200000002,6.91040659
-0.09375830000000002,6.911756516
-0.09382905100000002,6.914723396
-0.09385566400000003,6.914796352
-0.09388206900000001,6.910793304
-0.09388969800000002,6.911943436
-0.09412767000000002,6.913621426
-0.09416441600000003,6.916225433
-0.09422130900000003,6.914848804
-0.09424381000000001,6.916502476
-0.094352975,6.91806078
-0.09436720600000001,6.915139675
-0.09439316400000003,6.915526867
-0.09414109600000001,6.915194035
-0.09435544900000001,6.915244102
-0.09442760000000003,6.919364452
-0.09450915500000001,6.915541649
-0.09444184600000002,6.924897671
-0.09483304600000003,6.924195766
-0.09488135600000003,6.922768593
-0.09492503100000002,6.922448158
-0.09477987900000001,6.924408913
-0.09499570700000001,6.917589664
-0.09499087900000003,6.92078352
-0.09511254700000002,6.922267914
-0.09508276000000002,6.925348759
-0.09522227900000002,6.924824238
-0.09529021400000001,6.923686981
-0.09531462200000002,6.92602396
-0.09527353900000002,6.926698208
-0.09532178900000002,6.925719738
-0.09527652000000003,6.926413059
-0.09534971400000003,6.926896095
-0.09540844000000001,6.92903471
-0.09540356700000002,6.930678844
-0.09535057800000002,6.929031372
-0.09553182100000002,6.930777073
-0.09553507000000003,6.931711674
-0.09552869200000003,6.93191433
-0.09560485200000002,6.930354595
-0.09570503200000002,6.9325037
-0.095663249,6.932286263
-0.09564845300000002,6.931801319
-0.09570428700000003,6.932552814
-0.09574399900000002,6.93177557
-0.09573465600000003,6.932256699
-0.09577402500000001,6.930962563
-0.09594291400000002,6.932959557
-0.09584565500000003,6.935257435
-0.09595353900000003,6.93464613
-0.09598344600000003,6.935648441
-0.09602277000000001,6.937100887
-0.09600430700000001,6.934232712
-0.09605884500000003,6.934707165
-0.09606955900000003,6.93509388
-0.09595856100000003,6.93575573
-0.09620425100000002,6.938013077
-0.09618468600000002,6.937164307
-0.09622439700000002,6.934963703
-0.09631413200000002,6.938045502
-0.09643574100000002,6.938927174
-0.09647049000000002,6.938719749
-0.09648528700000003,6.939299583
-0.09645128200000003,6.9412117
-0.09645445600000002,6.941082954
-0.09651841200000003,6.941884041
-0.09654875100000002,6.941269398
-0.096563324,6.941660881
-0.09656998500000002,6.940340042
-0.09656624500000002,6.940112114
-0.09668880700000002,6.943471909
-0.09671090500000001,6.944382191
-0.09672355600000002,6.947854996
-0.09675039300000002,6.943585396
-0.09669566100000002,6.949292183
-0.09680861200000002,6.943805218
-0.09681187600000002,6.946605682
-0.09692107100000003,6.945774555
-0.09691143000000002,6.94475317
-0.097026095,6.946093082
-0.09704522800000001,6.945490837
-0.09703291900000002,6.947099209
-0.09704355900000003,6.945236683
-0.09720905100000002,6.949002743
-0.09711623200000002,6.946545601
-0.09721477300000003,6.9498353
-0.09723469600000001,6.948307991
-0.09723335500000002,6.946784496
-0.09724517200000002,6.949777603
-0.09731790400000001,6.950052261
-0.09733985400000003,6.947203636
-0.09745983800000002,6.947138309
-0.09735816700000002,6.950912476
-0.09739960700000003,6.950525761
-0.09738463200000003,6.951115131
-0.09742331500000001,6.952958584
-0.09742106500000003,6.953492165
-0.09757255000000001,6.954117298
-0.09757365300000001,6.954932213
-0.09768991200000002,6.953807831
-0.09768554600000001,6.951646328
-0.09769097000000002,6.95251894
-0.09776189900000001,6.951164246
-0.09781310000000001,6.955722809
-0.09783484,6.955401421
-0.09778451900000001,6.951841354
-0.09786878500000001,6.95429945
-0.09790885400000002,6.952310562
-0.09785553800000002,6.954027653
-0.09789751500000002,6.95479393
-0.09806473500000001,6.954409599
-0.09805312700000002,6.955625534
-0.09813824300000001,6.954946041
-0.09812730500000003,6.958084106
-0.09811319400000001,6.959299564
-0.09819427100000003,6.960245609
-0.09823982400000003,6.960408688
-0.09829783400000003,6.958246708
-0.09830661100000002,6.960363388
-0.09842775800000003,6.95933485
-0.09833443200000003,6.961296082
-0.09858180600000002,6.958119392
-0.09858624600000002,6.959064484
-0.09860992400000002,6.962862015
-0.09868218000000001,6.961151123
-0.09867197300000002,6.965633869
-0.09869396700000002,6.964557171
-0.09877112500000002,6.963602066
-0.09883452900000003,6.963018417
-0.09893713900000001,6.963077545
-0.09893827100000002,6.964510918
-0.09901472900000002,6.96499157
-0.09900462600000001,6.961351395
-0.09913347700000003,6.964262486
-0.09888821800000003,6.964222908
-0.09898112700000003,6.965723038
-0.099085212,6.966121197
-0.09907066800000003,6.965239525
-0.09907667300000003,6.965986729
-0.09934523700000003,6.967806339
-0.09939652700000001,6.967016697
-0.09939809100000002,6.9684515
-0.09947381900000002,6.969500542
-0.09945707000000001,6.967772961
-0.09958729100000002,6.969773769
-0.09943129100000003,6.970109463
-0.09946632400000002,6.969722748
-0.09979239100000001,6.968996048
-0.09973822500000001,6.967069626
-0.09966115600000003,6.97352457
-0.09969426700000003,6.971895218
-0.09982378800000002,6.970991135
-0.09981717200000001,6.972416401
-0.09982454800000001,6.972465992
-0.09986615200000001,6.972682476
-0.09988533000000002,6.971314907
-0.09988725200000001,6.969549179
-0.09992155400000002,6.971394539
-0.09987729800000003,6.973063946
-0.10005185000000003,6.974256039
-0.10008151800000001,6.974211693
-0.10006912000000001,6.973465919
-0.10009756700000003,6.974273682
-0.10013648900000002,6.974117279
-0.10019332200000003,6.976539612
-0.10017211700000003,6.980023384
-0.10023281,6.976334095
-0.10028944900000003,6.978655815
-0.10032440700000003,6.981237888
-0.10038289400000003,6.97869873
-0.10035307700000001,6.979316711
-0.10057427000000002,6.97919178
-0.10060058500000002,6.979367256
-0.10055822100000003,6.981796741
-0.10053068400000001,6.981532097
-0.10062235600000002,6.979894638
-0.10067242400000001,6.980209351
-0.10067208100000002,6.981560707
-0.10064157800000001,6.98266983
-0.10069696600000003,6.981367111
-0.10080920200000001,6.984247684
-0.10078191800000003,6.984703541
-0.10071706800000002,6.983821392
-0.10089869800000001,6.984117031
-0.10088703000000002,6.982567787
-0.10095056900000002,6.981260777
-0.10091450800000001,6.981167793
-0.10108082000000002,6.982410908
-0.10109221900000001,6.982227325
-0.10112889100000003,6.981340885
-0.10111928,6.984498978
-0.10117743900000001,6.982413292
-0.10121651000000001,6.98438406
-0.10124607400000002,6.987066746
-0.10127285100000002,6.986101151
-0.10122254500000002,6.985448837
-0.10141590200000003,6.987867832
-0.10140614200000003,6.987102509
-0.10140721500000002,6.985163212
-0.10148173600000002,6.990737915
-0.10147470200000003,6.991715908
-0.10150401300000003,6.992480278
-0.10152934500000002,6.990729809
-0.10159072300000002,6.989356518
-0.10146793700000001,6.990334988
-0.10136105100000001,6.990493298
-0.10141302600000002,6.992303371
-0.10146391400000002,6.99148035
-0.10159465700000003,6.992847443
-0.10166847700000001,6.994598866
-0.10176938800000002,6.99492979
-0.10187338300000001,6.994479179
-0.10187901600000002,6.996062279
-0.10197809300000002,6.995138645
-0.10195489200000002,6.993124008
-0.10205496800000002,6.992250919
-0.10192893400000003,6.995457649
-0.10205167500000001,6.993112087
-0.10208562000000002,6.991714478
-0.10210883600000001,6.993627071
-0.10224407900000002,6.99539566
-0.10231147700000001,6.997313976
-0.102315232,6.996461868
-0.10247269300000003,6.99846077
-0.10247035300000001,6.99916029
-0.10249349500000002,6.997389793
-0.10245244200000003,6.996702194
-0.10262098900000002,6.999094009
-0.10267856700000003,7.00057888
-0.10259220000000002,7.00003624
-0.10262483400000003,7.00096941
-0.10270588100000003,7.000939846
-0.10275238700000003,7.000761032
-0.10279406600000002,7.00126791
-0.10276782500000001,7.001163006
-0.10288250400000001,7.001330853
-0.10284918500000001,7.003512859
-0.102737874,7.002437115
-0.10286317800000003,7.00232029
-0.10287633500000001,7.004498005
-0.10308475800000003,7.002285957
-0.10311113300000002,7.004183769
-0.10313610700000003,7.00288868
-0.10318943900000002,7.003360271
-0.10311077500000002,7.006931782
-0.10317118500000003,7.005125999
-0.10311381500000003,7.004946709
-0.10321544100000002,7.005772114
-0.10318635400000001,7.005644798
-0.10329130300000003,7.006141663
-0.10326844400000001,7.004368305
-0.10335058000000003,7.007703781
-0.10336817800000003,7.007992744
-0.10346829900000001,7.005029678
-0.10349430100000001,7.008923054
-0.10356998400000003,7.00928688
-0.10370577900000003,7.010807991
-0.10374145200000001,7.011991501
-0.10367427800000001,7.012084007
-0.10381178600000002,7.010261536
-0.10376539800000001,7.013120174
-0.10388234300000002,7.012913227
-0.10383579100000001,7.012998581
-0.10380506500000003,7.007795334
-0.10393472000000001,7.011303902
-0.10395361500000003,7.011376381
-0.10402263700000003,7.014338017
-0.10386914000000003,7.014367104
-0.10402877600000002,7.010764599
-0.10405473400000001,7.017475605
-0.10397371600000002,7.019505978
-0.104075149,7.015554428
-0.10400636500000002,7.013502598
-0.10411177600000002,7.013078213
-0.10413324800000001,7.014457226
-0.104153454,7.016379356
-0.10431653300000002,7.017054558
-0.10431814200000003,7.017241478
-0.10422691700000003,7.020203114
-0.10432761900000001,7.018233299
-0.10424931300000001,7.015719891
-0.10431291200000001,7.020098209
-0.10433340100000002,7.01901722
-0.10436417200000003,7.020329952
-0.10444808000000003,7.019818306
-0.10452586400000002,7.022657871
-0.10452602800000002,7.024032116
-0.10447286100000003,7.01988554
-0.10461874300000001,7.018402576
-0.10460253100000003,7.017914295
-0.10461096500000003,7.021393299
-0.10469409800000001,7.021146297
-0.10471041500000003,7.018994331
-0.10497066400000002,7.018236637
-0.10493892400000002,7.022851467
-0.10499118300000002,7.020690441
-0.10504232300000002,7.019460201
-0.10513305700000003,7.02380991
-0.10514700400000002,7.02230978
-0.10529324400000001,7.022726536
-0.10526226500000002,7.025026321
-0.10528630000000003,7.021434307
-0.105226964,7.021467209
-0.10527440900000001,7.026031017
-0.10533392400000002,7.02259922
-0.10534037600000001,7.024689198
-0.10536263900000001,7.023106575
-0.10536511200000001,7.025524139
-0.10551069700000001,7.028459072
-0.10566048300000003,7.027511597
-0.10561899800000002,7.024457455
-0.10562528700000001,7.024218082
-0.10567285100000001,7.02393055
-0.10564445000000003,7.024590492
-0.10574342300000003,7.026751995
-0.10579021300000002,7.025534153
-0.10578221100000001,7.026882648
-0.10582384500000003,7.026883602
-0.105757549,7.02795887
-0.105747953,7.030286789
-0.10581746700000003,7.030722618
-0.10602407200000002,7.029001713
-0.10597476400000003,7.031785965
-0.10599759200000003,7.032259464
-0.10606156300000003,7.032645226
-0.10608792300000003,7.033227444
-0.10607452700000003,7.030904293
-0.10613691800000002,7.035006046
-0.10614794500000002,7.034767151
-0.10612486300000001,7.033531666
-0.106210038,7.034103394
-0.10627390400000003,7.032483578
-0.10633936500000002,7.034455299
-0.10634800800000002,7.034668446
-0.10634762000000003,7.031531334
-0.10632650500000002,7.03476572
-0.10634765000000002,7.034430504
-0.10646227000000003,7.035455227
-0.10647177700000002,7.035805702
-0.10653503200000003,7.038981438
-0.10658596500000003,7.037814617
-0.10661391900000003,7.038785458
-0.10664947300000002,7.040324211
-0.10664299100000002,7.037644386
-0.10669930300000002,7.039861679
-0.10679175000000002,7.039506435
-0.10670638100000002,7.040138245
-0.10677337600000003,7.040228367
-0.10679954300000002,7.041921616
-0.10681718600000001,7.04316473
-0.10699498600000001,7.042891502
-0.10699823500000002,7.043092251
-0.10703100300000001,7.041397572
-0.10708846100000002,7.042284012
-0.10709974200000003,7.041139603
-0.10703942200000002,7.042547703
-0.10712650400000001,7.041093349
-0.10721023400000002,7.042298794
-0.107230976,7.042889118
-0.10727503900000002,7.042154789
-0.10733254200000003,7.042129517
-0.10734662400000003,7.043504238
-0.10738274500000003,7.041934967
-0.10746507300000002,7.042513371
-0.10745891900000001,7.043079376
-0.10756617800000001,7.041638851
-0.10761144800000003,7.045980453
-0.10765935500000001,7.045965672
-0.10763967000000002,7.045812607
-0.10767468800000002,7.0461092
-0.10775703200000003,7.047154427
-0.10773770500000002,7.047799587
-0.10779884500000003,7.047585011
-0.10787710500000003,7.050276279
-0.10788756600000002,7.049960613
-0.10790978400000001,7.050288677
-0.10790871100000002,7.048505306
-0.10794498000000002,7.049515724
-0.10797026700000001,7.046521187
-0.10797551300000002,7.048553944
-0.10803867900000003,7.048661232
-0.10802510400000001,7.051541805
-0.10798646500000003,7.050261497
-0.10804384900000003,7.051617622
-0.10820522900000001,7.053030014
-0.10825787500000003,7.05506897
-0.10834150000000001,7.052611351
-0.10832491500000002,7.05471468
-0.10833703000000003,7.05350399
-0.10838547300000001,7.056322575
-0.10842923800000001,7.055438995
-0.10841237000000001,7.054550171
-0.10845623900000001,7.05625248
-0.108480871,7.055475235
-0.10845157500000002,7.059956074
-0.10856728300000001,7.057202339
-0.10859334500000001,7.05614996
-0.10867010100000002,7.057796478
-0.10873015200000002,7.057491302
-0.10866665800000003,7.056041718
-0.10868342200000003,7.056609154
-0.10874632000000001,7.058288097
-0.10889369200000001,7.058942318
-0.10889978700000003,7.058945656
-0.10900366300000003,7.059702396
-0.10896579900000003,7.061421871
-0.10900798400000003,7.061594009
-0.10899692800000002,7.059480667
-0.10915429900000001,7.062019348
-0.10925109700000002,7.061408997
-0.10917621800000002,7.060073376
-0.10917030300000002,7.06061697
-0.10934639000000002,7.061986446
-0.10934370800000001,7.063026905
-0.10933636100000002,7.064374447
-0.10934568900000002,7.066834927
-0.10943232500000002,7.063846588
-0.10948406200000002,7.063273907
-0.10957767100000002,7.063451767
-0.10953782500000003,7.064824581
-0.10960179600000003,7.064031601
-0.10958910000000002,7.063031197
-0.10957044400000002,7.064395905
-0.10959169300000002,7.064599991
-0.10968612100000003,7.064353466
-0.10972990100000002,7.06293726
-0.10976937400000003,7.064144611
-0.10969731200000002,7.065276146
-0.10975323600000003,7.066753387
-0.10984492300000001,7.064943314
-0.10986791500000001,7.067054749
-0.10990519800000001,7.066778183
-0.10989794100000003,7.070835114
-0.10984471400000001,7.069946766
-0.110065773,7.068656445
-0.10981710300000003,7.068976402
-0.10891518000000003,7.068424702
-0.10949832200000001,7.069736481
-0.11025619500000003,7.069082737
-0.11018495300000003,7.07060194
-0.11026342200000003,7.071923256
-0.11027349500000003,7.070004463
-0.11026969500000003,7.068378448
-0.11038413600000002,7.071479797
-0.11040893200000002,7.071217537
-0.11048586700000002,7.070455551
-0.11049769800000003,7.071419239
-0.11047154700000003,7.075657845
-0.11054514300000001,7.073230267
-0.11050823300000001,7.075869083
-0.11061364400000001,7.07305479
-0.11063078000000001,7.073843956
-0.11063030400000001,7.072750092
-0.11070801300000002,7.07422781
-0.11065658900000003,7.073301792
-0.11076381800000001,7.076031208
-0.11084239200000001,7.074353695
-0.11078257900000002,7.076816559
-0.110925034,7.079584599
-0.11087366900000001,7.078879356
-0.11092667300000003,7.076957703
-0.11090703300000002,7.076306343
-0.11094757900000002,7.079509735
-0.11111716900000002,7.078345299
-0.11119927500000001,7.078322887
-0.11119386500000003,7.079679012
-0.11121155300000002,7.079292774
-0.11127941300000002,7.078735828
-0.11131703800000001,7.080154419
-0.11138179900000003,7.079275608
-0.11140812900000002,7.080606461
-0.11137983200000001,7.079885483
-0.11149433300000003,7.080256939
-0.11154064500000002,7.078556538
-0.11148975800000002,7.082332134
-0.111547634,7.083729744
-0.11159504900000003,7.085028648
-0.11158517000000001,7.08353281
-0.11163049900000002,7.084340572
-0.11170156300000003,7.088059425
-0.11167742300000003,7.084988117
-0.11169603500000003,7.086222649
-0.11175635500000003,7.084321022
-0.11176066100000001,7.08722353
-0.11175526700000002,7.0862813
-0.11190076200000001,7.084168434
-0.11196829400000002,7.084947109
-0.11194820700000002,7.083707333
-0.11198407400000002,7.088423252
-0.11201648400000003,7.087846279
-0.11201220700000003,7.086202145
-0.11205856500000003,7.087615967
-0.11207635700000002,7.085414886
-0.112095937,7.086789608
-0.11208175100000001,7.088130951
-0.11227335000000002,7.089148045
-0.11234857100000001,7.088986874
-0.11236229500000003,7.085872173
-0.11238518400000003,7.088125706
-0.11230446400000002,7.089061737
-0.11245454800000002,7.087392807
-0.11249057900000001,7.088134289
-0.11263556800000002,7.088057518
-0.11255708300000003,7.090638638
-0.11264236300000002,7.090869427
-0.11267846800000003,7.091394901
-0.11273041400000003,7.090620041
-0.11278983900000003,7.093740463
-0.11284630000000001,7.091294765
-0.11281094000000003,7.092358112
-0.11288923000000001,7.095060825
-0.11292123800000001,7.09108305
-0.11292882300000001,7.091081619
-0.11301331200000003,7.093593121
-0.11304098400000001,7.094042778
-0.11292341300000003,7.095126629
-0.11312380400000002,7.093951702
-0.11309541800000003,7.094657421
-0.11307521200000001,7.096636295
-0.11316050600000002,7.097691536
-0.11328090700000001,7.092066765
-0.11325985200000002,7.091779709
-0.11332602800000002,7.097110271
-0.11336842200000002,7.097959995
-0.11344957300000003,7.096254349
-0.11352144200000003,7.096523762
-0.11353215600000002,7.097428799
-0.11355227200000001,7.097486973
-0.11366091700000003,7.097755909
-0.113700718,7.099490643
-0.11359901700000002,7.098584175
-0.11375443600000001,7.100045204
-0.113763943,7.099943638
-0.11383046200000002,7.100368977
-0.113914862,7.102747917
-0.11394009000000002,7.098938465
-0.11395444000000002,7.102054596
-0.11401356800000001,7.103419781
-0.11413089900000001,7.105668545
-0.11389297200000001,7.102753162
-0.11403210500000002,7.103260517
-0.11413361100000002,7.104363918
-0.11420293100000001,7.102972031
-0.11423046900000003,7.103570938
-0.11430963900000002,7.104674816
-0.11433310800000002,7.101750851
-0.114377052,7.10101366
-0.11442531600000003,7.105342865
-0.11441946000000003,7.106789589
-0.11449639500000003,7.106958866
-0.11456748800000002,7.107419014
-0.11458498200000003,7.107575417
-0.11464406500000002,7.105924606
-0.11468634000000003,7.105551243
-0.11471797500000003,7.104802132
-0.11470601000000002,7.107885361
-0.11471143400000003,7.10713768
-0.11479643000000003,7.106976509
-0.11475257600000002,7.106248379
-0.11488094900000001,7.106035709
-0.11485537900000001,7.106453896
-0.11492052700000002,7.105860233
-0.11490182600000001,7.105293751
-0.11510714900000002,7.109702587
-0.11491493900000002,7.111808777
-0.11504463800000003,7.109961987
-0.11516019700000002,7.111001492
-0.11517426400000003,7.113202095
-0.11516967400000003,7.11000967
-0.11515945200000002,7.114130974
-0.115271538,7.112199783
-0.115347579,7.112676144
-0.11529099900000003,7.111364841
-0.11536110900000002,7.10998106
-0.11543005700000003,7.110660553
-0.11540471000000002,7.110306263
-0.11546608800000002,7.11149168
-0.11558759200000002,7.11220932
-0.11561228300000001,7.114080906
-0.11562810800000001,7.117513657
-0.11565102600000002,7.11460495
-0.11569565500000001,7.11694622
-0.11577154700000003,7.116064072
-0.11570993100000002,7.117325306
-0.11587341100000001,7.118367672
-0.11596109000000002,7.116952896
-0.11596399500000001,7.116424084
-0.11594928800000001,7.116774082
-0.11596784000000002,7.117033005
-0.11608932900000002,7.114554882
-0.11612266300000001,7.117755413
-0.116051122,7.116201878
-0.11607445800000002,7.117073059
-0.116197348,7.117786407
-0.11612643300000003,7.119927883
-0.11622576400000001,7.117997169
-0.116076857,7.11924839
-0.11626705500000001,7.118889332
-0.11639004900000002,7.121095181
-0.11635147000000001,7.119262218
-0.11628241800000003,7.118944645
-0.11641977700000003,7.118703365
-0.11661928900000001,7.118436337
-0.11653919500000001,7.11698103
-0.11646230500000002,7.12071991
-0.11653730300000001,7.120333672
-0.11656029500000001,7.121109962
-0.11655794100000003,7.121110439
-0.11674708100000003,7.119863033
-0.11681488200000001,7.121129036
-0.11676551400000001,7.121404171
-0.11674486100000003,7.125167847
-0.116684481,7.125816345
-0.116780296,7.124717236
-0.11687012000000002,7.124208927
-0.11684697900000002,7.123969078
-0.11682498500000002,7.124594688
-0.11682328600000003,7.127915382
-0.11696693300000002,7.123570442
-0.11701713500000002,7.125638962
-0.11700598900000003,7.124289989
-0.11718559300000003,7.123421669
-0.11709523200000002,7.12337923
-0.11712198000000001,7.125865936
-0.11710900100000002,7.129709721
-0.11727798000000003,7.126400948
-0.11733380000000002,7.128436565
-0.11746424400000002,7.127038956
-0.11747457100000003,7.128593445
-0.11760529900000002,7.129096508
-0.11767528900000002,7.129246235
-0.11762382100000002,7.128741741
-0.11761459700000002,7.130685806
-0.11768175700000003,7.130587101
-0.11791150300000003,7.129103184
-0.11778259300000002,7.129566669
-0.11787222300000003,7.133125305
-0.11789000000000002,7.132016659
-0.11794357000000003,7.130749702
-0.11811021000000002,7.132646084
-0.11791813400000001,7.132545471
-0.11800929900000001,7.133016109
-0.11813232300000001,7.13488245
-0.118155852,7.132668018
-0.11810158200000001,7.132009983
-0.11814071200000001,7.130572796
-0.118202835,7.133160591
-0.11817814400000001,7.134891033
-0.11811016500000002,7.134868622
-0.11824046100000002,7.134701252
-0.11819672600000003,7.134095192
-0.11821533700000003,7.133664608
-0.11813302300000003,7.135401726
-0.11838191700000003,7.135256767
-0.11829860500000003,7.137461662
-0.118285835,7.136341572
-0.11839424100000001,7.136616707
-0.11847358900000002,7.134054184
-0.11854212000000003,7.134086132
-0.11856280300000002,7.137578011
-0.11855599300000003,7.137556553
-0.11862981300000003,7.140205383
-0.11851829300000002,7.140388489
-0.11872407800000001,7.138968945
-0.11879508200000002,7.140614033
-0.11873942600000001,7.141750813
-0.118901581,7.138478756
-0.11886176500000001,7.13869524
-0.118864089,7.138432026
-0.11897538600000002,7.139501095
-0.11904345400000002,7.141910076
-0.11903664500000002,7.141297817
-0.11899779700000002,7.141555309
-0.11912858500000001,7.137806892
-0.11915306700000003,7.140426159
-0.11930461200000003,7.140416622
-0.11922693200000001,7.142168999
-0.11932398400000002,7.142398834
-0.11925929800000001,7.143706799
-0.11931026000000003,7.145447254
-0.11927838600000001,7.14456892
-0.11952035100000002,7.142202854
-0.11954748600000001,7.146727562
-0.11956681300000002,7.146676064
-0.11953428400000002,7.146538258
-0.11972239600000001,7.146139622
-0.11955875200000002,7.144752502
-0.11974212500000003,7.145655155
-0.11967988300000001,7.14966917
-0.11970485700000003,7.148264408
-0.11967444400000002,7.148244381
-0.11977390900000001,7.147257805
-0.11978702200000002,7.146894932
-0.11975096200000002,7.14676857
-0.11983421400000002,7.146763325
-0.11982160800000002,7.15013361
-0.11964143800000002,7.149620533
-0.12000253800000002,7.151035309
-0.12006461600000001,7.149138451
-0.11996895100000002,7.150121212
-0.11999388000000002,7.148057461
-0.12010167500000002,7.154260159
-0.12013886900000001,7.148878098
-0.12034705300000001,7.15055275
-0.12039105600000002,7.150203228
-0.12043999100000002,7.152201176
-0.12042681900000002,7.151100636
-0.12063114300000002,7.152690887
-0.12063200800000001,7.154531956
-0.12066538600000001,7.153336048
-0.12075948700000003,7.154625416
-0.12077425400000003,7.152584553
-0.12066729400000001,7.153604031
-0.12075011400000002,7.153915882
-0.12052547900000002,7.155942917
-0.12066759200000002,7.156548977
-0.12061266600000001,7.157363892
-0.12085591300000001,7.156520844
-0.12079794700000002,7.156610966
-0.12096414000000003,7.15576458
-0.120868996,7.161389828
-0.12086376500000001,7.156373501
-0.12086501700000002,7.159075737
-0.12091617300000002,7.157217979
-0.12121082800000002,7.15828228
-0.12117426100000003,7.155981541
-0.12125328200000002,7.159554958
-0.12125249200000002,7.158804893
-0.12133659400000002,7.161231518
-0.12133353900000002,7.160183907
-0.121372953,7.160454273
-0.12134760600000002,7.163781643
-0.12137255100000002,7.163574219
-0.12141715000000003,7.160984993
-0.12145829200000002,7.163018227
-0.12153726800000003,7.161148548
-0.12142890700000003,7.163580894
-0.12162444000000003,7.161133289
-0.12166434500000001,7.164307117
-0.12159510000000001,7.159162998
-0.12154547900000001,7.163907528
-0.12161457500000003,7.163184643
-0.12165758000000002,7.164180279
-0.12167248100000003,7.162817478
-0.12176848900000001,7.163806438
-0.12185613800000003,7.166544914
-0.12175636000000001,7.163616657
-0.12182053900000003,7.162473679
-0.12192827500000003,7.165672302
-0.12196993800000003,7.165472507
-0.12205992600000001,7.167176723
-0.12206836000000001,7.16596508
-0.12211282500000001,7.16967535
-0.12208616700000002,7.165505409
-0.12227468200000002,7.164849281
-0.12226812500000003,7.166918755
-0.12228514200000001,7.166564941
-0.12232554000000001,7.166670799
-0.12230750900000001,7.169445038
-0.12229117700000003,7.168280602
-0.12229105800000001,7.168660164
-0.12231449800000002,7.170884609
-0.12241442500000002,7.169690132
-0.12240529100000003,7.168198586
-0.12239129800000001,7.168715954
-0.12256185700000002,7.169192314
-0.12260834900000003,7.169025898
-0.12261115000000003,7.170435905
-0.12262412900000003,7.1705966
-0.12265850600000003,7.170342445
-0.12270800800000001,7.172809124
-0.12273743700000003,7.173063755
-0.12278433100000002,7.172021866
-0.12281069200000003,7.174042225
-0.12287563100000001,7.173603058
-0.12297661600000001,7.173542023
-0.12299990600000002,7.170702934
-0.12303027500000002,7.171401978
-0.12297919400000001,7.174213886
-0.12302711600000002,7.171527386
-0.12312981500000003,7.171373844
-0.123011216,7.173101902
-0.12302865100000002,7.173671722
-0.12314881400000002,7.17384243
-0.12313076800000003,7.173476696
-0.12318240100000002,7.175915718
-0.12323020400000001,7.175793171
-0.12333633000000002,7.176335335
-0.12334355700000002,7.174714088
-0.12325464200000003,7.175686836
-0.12331074500000003,7.173369884
-0.12347759300000002,7.175067902
-0.12354414200000002,7.178268433
-0.12355853600000002,7.177048206
-0.12356117400000002,7.177343369
-0.12367571900000002,7.178760052
-0.12365950600000003,7.17793417
-0.12375024000000001,7.178907871
-0.12375761600000001,7.179504871
-0.12383997400000002,7.177452087
-0.12382498400000003,7.178890705
-0.12399435000000003,7.179703236
-0.12396146400000002,7.178680897
-0.12393701100000001,7.181296349
-0.12402844400000002,7.180538177
-0.12402819100000001,7.180457592
-0.12403565600000002,7.183145523
-0.12398770400000003,7.180587769
-0.12420156600000001,7.181231976
-0.12417146600000001,7.181923389
-0.12420699000000002,7.182269573
-0.12420956800000002,7.182145119
-0.12428757500000001,7.185227871
-0.124379918,7.182940006
-0.12441648500000002,7.183942795
-0.12439295600000003,7.181041718
-0.12446786500000001,7.184360981
-0.12442959800000003,7.18428278
-0.124518126,7.184000492
-0.12465833100000001,7.185295105
-0.12465900200000002,7.182064533
-0.12463559200000002,7.184373856
-0.12470233400000003,7.184370518
-0.12467336600000001,7.183481693
-0.12481933800000003,7.183311939
-0.12485522000000002,7.183522224
-0.12488043300000001,7.184915543
-0.124907866,7.18564415
-0.12490277000000002,7.186373234
-0.12494763700000003,7.187174797
-0.125090212,7.190182209
-0.12509709600000002,7.188561916
-0.12507794800000002,7.190238476
-0.12511871800000002,7.188934326
-0.12524440900000003,7.191594601
-0.12529890200000002,7.192504406
-0.125350907,7.189065456
-0.12531472700000001,7.19099617
-0.12541094400000002,7.193127632
-0.12545076000000002,7.189418793
-0.125365734,7.190688133
-0.12536326000000003,7.190003395
-0.12549230500000003,7.191344738
-0.12555989600000003,7.192911625
-0.12558779100000003,7.19115448
-0.12551331500000001,7.192380428
-0.12569233800000001,7.191547394
-0.125656173,7.192777157
-0.12571261800000003,7.194736481
-0.125629172,7.192457199
-0.12574125800000002,7.194513321
-0.12574048300000001,7.193791866
-0.12587328300000003,7.193019867
-0.12586054200000002,7.192579269
-0.12594831,7.193199635
-0.12596198900000002,7.193949699
-0.125891462,7.19241333
-0.12593014500000002,7.196614742
-0.126028031,7.192348003
-0.12605156,7.196079731
-0.12611597800000002,7.193744659
-0.12611955400000002,7.193812847
-0.12620037800000003,7.193886757
-0.126282617,7.194877148
-0.126243919,7.195753098
-0.12608327000000003,7.196192741
-0.12638261900000003,7.196162224
-0.12627852000000003,7.195943832
-0.12633843700000003,7.199450493
-0.12625706200000003,7.198194981
-0.12657763100000002,7.197255135
-0.12657785400000002,7.19842577
-0.12643756000000003,7.201728344
-0.12660189000000002,7.200896263
-0.12666299900000003,7.199795723
-0.12664528200000003,7.19865036
-0.12675042400000003,7.199184418
-0.12671200900000001,7.201990604
-0.12687376100000003,7.200935364
-0.12684702900000003,7.200732231
-0.126846015,7.202119827
-0.12685392800000003,7.202583313
-0.12694600200000003,7.205331802
-0.126974091,7.202776909
-0.12699867800000003,7.202573299
-0.126982853,7.203568935
-0.127064794,7.202500343
-0.12717582300000002,7.200635433
-0.12712545700000003,7.201917648
-0.12704086300000003,7.203300476
-0.12723840800000003,7.204591751
-0.12725375600000002,7.200959206
-0.127407387,7.206072807
-0.12708249700000002,7.203415394
-0.12706759600000003,7.202764511
-0.12702262400000003,7.205588341
-0.127016336,7.200994015
-0.12697297300000002,7.204963684
-0.127020448,7.206209183
-0.126972094,7.203345299
-0.12709635500000002,7.205278397
-0.12711323800000002,7.205282211
-0.12720555100000003,7.210132122
-0.127191931,7.209447384
-0.12726272600000002,7.208042145
-0.127359033,7.208901882
-0.127236277,7.210965633
-0.127319008,7.209724426
-0.12722303000000001,7.20759964
-0.12719874100000003,7.210812092
-0.127487168,7.212378025
-0.12746469700000002,7.210101128
-0.12753270600000002,7.209321976
-0.12731288400000002,7.211513519
-0.127658755,7.209537029
-0.12747877800000001,7.209601879
-0.12766405900000002,7.209763527
-0.12761890900000003,7.21060276
-0.127718091,7.210420609
-0.12769496400000002,7.213163853
-0.12786299,7.211455822
-0.127813369,7.213467598
-0.12777611600000002,7.208887577
-0.127926737,7.210585594
-0.12793600600000002,7.209591866
-0.12799699600000003,7.212392807
-0.12793526000000002,7.212544441
-0.12809610400000002,7.212425709
-0.12814815300000001,7.21157217
-0.128137305,7.213872433
-0.12818579400000002,7.214383125
-0.128189713,7.216892719
-0.128224879,7.216724396
-0.12826524700000003,7.217107773
-0.128438398,7.216820717
-0.12829826800000002,7.215774059
-0.12826561900000003,7.215686798
-0.12826576800000003,7.21696806
-0.128250465,7.215395927
-0.12842327400000003,7.217296124
-0.12824372900000003,7.215519428
-0.128377065,7.216200352
-0.12852770100000002,7.217832088
-0.12856914100000003,7.217723846
-0.12847210500000003,7.21890974
-0.128012851,7.216222286
-0.12820559700000003,7.218612671
-0.12830221600000002,7.217964172
-0.128213599,7.219314098
-0.12815588700000002,7.221356869
-0.128118366,7.219229698
-0.12837950900000003,7.220295906
-0.128312319,7.220790386
-0.128292963,7.222239494
-0.12832325700000002,7.220299721
-0.128351495,7.22291851
-0.128386036,7.220323086
-0.12839730100000002,7.223492622
-0.128498092,7.219216347
-0.12857815600000003,7.221590042
-0.12862919300000003,7.221042156
-0.128596798,7.222223759
-0.12850149000000002,7.222726345
-0.12876722200000001,7.22276783
-0.12864808700000002,7.220546722
-0.12871104500000002,7.225411415
-0.128545806,7.224105835
-0.12892705200000001,7.223612309
-0.128903747,7.223546505
-0.128816858,7.22766161
-0.12907478200000003,7.223622799
-0.129043654,7.225623608
-0.12901982700000003,7.224674225
-0.128973246,7.226454258
-0.12907856700000003,7.22451973
-0.12902914000000001,7.22606039
-0.129047558,7.226691246
-0.12901583300000002,7.227857113
-0.129203111,7.226765156
-0.129176423,7.228589535
-0.12918667500000003,7.227963924
-0.12923461200000003,7.229710579
-0.12936580200000003,7.226895332
-0.12939681100000003,7.226987362
-0.12938337000000003,7.226852894
-0.12934428400000003,7.227055073
-0.12936943800000003,7.227282047
-0.129484534,7.230138302
-0.12946499900000003,7.22792244
-0.129491135,7.228626251
-0.12952549800000002,7.228410244
-0.129641309,7.230297089
-0.129613206,7.231122017
-0.12963973,7.233423233
-0.12977041300000003,7.23256731
-0.129626498,7.232866764
-0.12975977400000002,7.23178196
-0.12968303300000003,7.231788158
-0.12973815200000002,7.231197357
-0.12967635700000002,7.229682922
-0.12979899300000003,7.231155872
-0.12986519900000001,7.22923708
-0.12964429000000002,7.2285285
-0.130096376,7.232303619
-0.12988045800000003,7.230092525
-0.12994858600000003,7.232585907
-0.129880875,7.228385925
-0.12996974600000002,7.235939503
-0.129938826,7.23207283
-0.13016895900000003,7.23302412
-0.130225524,7.233072758
-0.130028248,7.234692097
-0.13025184,7.232575893
-0.13023372000000003,7.234237194
-0.130203739,7.233495712
-0.13033349800000002,7.236829758
-0.13038764900000002,7.232138634
-0.13041093900000003,7.234834671
-0.13061294,7.235490799
-0.130593702,7.237918854
-0.130999193,7.236361027
-0.13112415400000002,7.236423016
-0.13142196800000003,7.237589359
-0.13151559200000001,7.23600626
-0.13157358800000002,7.239109993
-0.13153314600000002,7.235986233
-0.13166075900000002,7.240222931
-0.13157457100000003,7.238285065
-0.1316313,7.239008427
-0.13160441800000003,7.240707397
-0.13144226400000003,7.24279213
-0.13166236900000003,7.242183685
-0.1314964,7.241178513
-0.13157531600000003,7.240706444
-0.1315386,7.243150234
-0.13153034400000002,7.240931034
-0.131588265,7.244043827
-0.13163963,7.24311018
-0.131583527,7.246263027
-0.131905705,7.243668079
-0.131527036,7.245646954
-0.13116648800000003,7.244250774
-0.13130326600000003,7.244661808
-0.13130913700000002,7.243338108
-0.13145799900000002,7.240915298
-0.131405815,7.244488239
-0.13143484300000002,7.242999077
-0.13149681700000002,7.244504929
-0.13156338,7.242337704
-0.13149410500000003,7.244636059
-0.13139757500000002,7.243000031
-0.13173250800000003,7.24464798
-0.131613418,7.243715763
-0.131813437,7.243411541
-0.131804049,7.247238636
-0.131838694,7.245816708
-0.13184009500000002,7.247471333
-0.13203460000000003,7.24580431
-0.13193246700000003,7.246629238
-0.13207811100000003,7.247231483
-0.13204515000000003,7.245234966
-0.132032469,7.24818182
-0.13200037200000003,7.248548985
-0.13212874500000002,7.247469902
-0.13204731000000003,7.246528149
-0.131948218,7.247968674
-0.13202863900000003,7.249126911
-0.13215041200000002,7.249855518
-0.13232757100000003,7.250208378
-0.132248253,7.249732971
-0.13235826800000003,7.249568939
-0.132423684,7.250641823
-0.13252031800000003,7.250953197
-0.132442355,7.252371311
-0.13266837600000003,7.253170013
-0.13266785400000003,7.250705242
-0.13269764200000003,7.25255537
-0.13261298800000001,7.249781609
-0.13274893200000001,7.252172947
-0.13275787200000003,7.252081394
-0.13284711500000002,7.251948357
-0.13282658200000003,7.253269672
-0.132859886,7.254164696
-0.13298820000000003,7.252589226
-0.13299272900000003,7.252401352
-0.133060738,7.252800941
-0.133064017,7.255268097
-0.13296003600000003,7.252879143
-0.13310979300000003,7.251708031
-0.13324575100000002,7.2534585
-0.13323152100000002,7.254331112
-0.13332802100000002,7.252646446
-0.13320209100000002,7.254166126
-0.13318072300000003,7.257564545
-0.133218676,7.255546093
-0.13322033000000003,7.256054878
-0.13335716700000003,7.25446701
-0.13335168400000003,7.256164074
-0.133323505,7.256408691
-0.13344503900000002,7.256452084
-0.13339376400000003,7.254800797
-0.13359837200000002,7.256414413
-0.13350033800000002,7.255877495
-0.133668259,7.25552702
-0.13386936500000002,7.260164261
-0.13387620400000003,7.2587924
-0.13364750100000003,7.259554386
-0.13384105300000002,7.259287357
-0.13386844100000003,7.260460377
-0.133814216,7.26438427
-0.13382226200000003,7.264241695
-0.13397264500000003,7.25980854
-0.133991033,7.262084007
-0.13390407000000001,7.260706902
-0.13421364100000002,7.262366772
-0.13409838100000002,7.25915432
-0.13413500800000003,7.258213997
-0.13411290900000003,7.259129047
-0.13414228000000003,7.261621952
-0.13420051300000002,7.258370399
-0.13421773900000003,7.261239529
-0.134285703,7.258651257
-0.13431927600000002,7.26444006
-0.13439889200000002,7.262586594
-0.13427807400000003,7.264809608
-0.13444417700000003,7.265513897
-0.13442724900000003,7.265838623
-0.13455405800000003,7.26513052
-0.13466110800000003,7.264750957
-0.13466028900000002,7.263397217
-0.134686723,7.262864113
-0.13476011200000002,7.265938282
-0.134729177,7.264538765
-0.134749576,7.2654953
-0.134738654,7.263568401
-0.134801775,7.26620245
-0.13487188500000002,7.267828941
-0.13506719500000003,7.266100883
-0.13491432400000003,7.267455578
-0.135023147,7.265757561
-0.13498051500000002,7.267671108
-0.13494333600000002,7.26530695
-0.13506037,7.265571117
-0.135258645,7.268752098
-0.135293499,7.270738125
-0.135176077,7.271066666
-0.13515596100000002,7.268766403
-0.13523098800000002,7.269285679
-0.135318235,7.27047205
-0.13524764800000003,7.273309231
-0.13530224600000001,7.269849777
-0.13526973100000003,7.269090652
-0.13534641300000003,7.269616127
-0.135364741,7.269117355
-0.13539831300000002,7.270958424
-0.13534578700000002,7.268915176
-0.13551062300000002,7.2693367
-0.13553568700000002,7.272870541
-0.13553766900000003,7.272819042
-0.135565489,7.273215771
-0.135610521,7.272540569
-0.13573530300000003,7.271194935
-0.13572688400000002,7.27293539
-0.13572944700000003,7.272258282
-0.13572792700000003,7.269244194
-0.13570879400000002,7.272699356
-0.135788545,7.275513172
-0.13582953800000003,7.27421236
-0.135863379,7.27556181
-0.13597528600000003,7.274463177
-0.13609489800000002,7.274887562
-0.13611671300000003,7.276425838
-0.13585913200000002,7.272664547
-0.13618961000000002,7.274055481
-0.13612794900000003,7.278449535
-0.13611681800000003,7.274398804
-0.13619260500000002,7.275714874
-0.13633887500000003,7.276217937
-0.136475056,7.275411129
-0.13654907000000002,7.272015572
-0.13649602200000002,7.272721767
-0.13661161100000002,7.276564598
-0.136572033,7.279172897
-0.13654889200000003,7.279608727
-0.13659878100000003,7.278898716
-0.13693469800000002,7.279592991
-0.13696058100000003,7.282002449
-0.136983603,7.278946877
-0.13684459000000002,7.278372288
-0.137227803,7.280315876
-0.137172222,7.277961254
-0.13738928700000003,7.280629158
-0.13760927300000003,7.281415939
-0.137368962,7.279956818
-0.13725124300000002,7.279722691
-0.13737657700000003,7.281139374
-0.137351304,7.280837059
-0.137576625,7.282733917
-0.137689576,7.284399509
-0.13746263100000003,7.284096241
-0.13776744900000001,7.279716015
-0.137347668,7.279499054
-0.13772033200000003,7.282635212
-0.13779383900000003,7.28348732
-0.137527153,7.284771919
-0.13760691900000002,7.287839413
-0.13757711600000003,7.285256386
-0.13777466100000002,7.287889957
-0.13764444,7.287065506
-0.13774184900000003,7.288068771
-0.13783098800000002,7.287338257
-0.137835696,7.286328316
-0.13806709600000003,7.28877449
-0.13800610600000002,7.286151886
-0.13792724900000003,7.286561489
-0.13801558300000002,7.286714554
-0.13808570800000003,7.285081863
-0.13808912,7.287943363
-0.13811765600000003,7.286897182
-0.13815300200000002,7.28823185
-0.13791284,7.28819418
-0.137892753,7.28624773
-0.13789150100000003,7.285875797
-0.13777728400000003,7.286300659
-0.13784846700000003,7.284784317
-0.13787464800000002,7.288315296
-0.13789695500000002,7.285582066
-0.13794010900000003,7.286926746
-0.13797520100000002,7.289138794
-0.138049945,7.288053989
-0.13803482100000003,7.287340164
-0.13806881000000001,7.287587643
-0.13812939800000001,7.288725853
-0.13811826700000002,7.291406631
-0.13820986400000002,7.291227341
-0.138229802,7.289649487
-0.13837315100000003,7.29065609
-0.13837027500000001,7.292869568
-0.13836278000000002,7.291374683
-0.13828235900000002,7.290877342
-0.13840849700000002,7.290777206
-0.13831952200000003,7.291937828
-0.13840280500000002,7.292243958
-0.13847935200000003,7.293496609
-0.13856403500000003,7.292201996
-0.13865792700000001,7.293185234
-0.138538554,7.291210651
-0.13861396900000003,7.294966221
-0.138764352,7.293429375
-0.13858272100000002,7.29288578
-0.13872197300000003,7.294604778
-0.13874560600000002,7.295287609
-0.13876098400000003,7.294477463
-0.13885459300000003,7.295512199
-0.13892136500000002,7.293466568
-0.138926968,7.295640945
-0.13898986600000002,7.296673775
-0.13894914100000003,7.295303345
-0.13901828200000002,7.295472145
-0.139042616,7.295700073
-0.13905026,7.297069073
-0.139073834,7.296857357
-0.13919127,7.295492649
-0.139160469,7.29611969
-0.13933391900000003,7.294403553
-0.13931922600000002,7.296906471
-0.13942869000000002,7.296457767
-0.13943748200000003,7.297853947
-0.13941407200000003,7.296472549
-0.13946513800000002,7.297010899
-0.13941033200000003,7.297543049
-0.13940174900000002,7.297681808
-0.13952150900000002,7.29941988
-0.13964837800000002,7.299172878
-0.139618918,7.299973965
-0.13950903700000003,7.301252842
-0.13973406000000002,7.29902029
-0.139799938,7.298828602
-0.139578372,7.297889709
-0.139664009,7.303095818
-0.13987736400000003,7.301192284
-0.14002630100000002,7.301381588
-0.139973536,7.300302505
-0.14005112600000003,7.300302029
-0.14006497,7.302155972
-0.14035722600000003,7.302228928
-0.140312493,7.302093506
-0.14027755000000003,7.301870823
-0.140216052,7.306413651
-0.14028941100000003,7.304178238
-0.14031963000000003,7.305011749
-0.14027507600000003,7.304784775
-0.140251532,7.302182198
-0.140427336,7.298343658
-0.14044988200000003,7.301375866
-0.14054147900000002,7.3021245
-0.14044351900000002,7.302644253
-0.14043402700000002,7.302049637
-0.140561759,7.304317474
-0.14052206300000003,7.303053379
-0.14063291200000003,7.307170868
-0.140700072,7.306405544
-0.14064344800000003,7.305162907
-0.140644699,7.307762623
-0.14081454300000001,7.308346748
-0.14073775700000002,7.307701111
-0.140699446,7.306567192
-0.14081864100000002,7.307719707
-0.140814871,7.307311535
-0.14089864500000002,7.308120728
-0.14090915,7.309178352
-0.14090132700000002,7.308458805
-0.141264304,7.308668613
-0.14127691100000003,7.307009697
-0.14117988900000003,7.307772636
-0.141258344,7.308496952
-0.14144249300000003,7.309463024
-0.14148087800000003,7.312212944
-0.14156048000000002,7.310194492
-0.14156815400000003,7.313453197
-0.141482875,7.309596062
-0.141542777,7.310578346
-0.141543835,7.311496735
-0.14166714200000002,7.309207439
-0.14171686800000002,7.308347702
-0.14174018800000002,7.311436653
-0.14176143700000002,7.31139946
-0.14180541000000002,7.311040878
-0.141870022,7.312761784
-0.141849771,7.311689854
-0.14171192000000002,7.310811043
-0.14182180200000002,7.312487125
-0.141876295,7.311431408
-0.14191146200000002,7.313489914
-0.141986564,7.309824467
-0.141941473,7.312668324
-0.142018735,7.312590122
-0.14223526400000003,7.313566208
-0.14216059400000003,7.311726093
-0.142033338,7.312263012
-0.142144859,7.314015388
-0.142426655,7.31588459
-0.142530799,7.3156147
-0.14242522400000002,7.316138744
-0.14255899200000002,7.313399315
-0.14257200100000003,7.316073895
-0.14256657700000003,7.314329624
-0.14253325800000002,7.314549446
-0.14273051900000003,7.315209389
-0.14259702000000002,7.313234329
-0.14279806600000003,7.314024925
-0.142687201,7.315784931
-0.14276376400000002,7.317323208
-0.142910421,7.319422722
-0.142834797,7.320384979
-0.14285217200000003,7.320169449
-0.14300155600000003,7.320807457
-0.143009022,7.321770668
-0.14301125700000003,7.319159031
-0.143065244,7.317572594
-0.14306810500000003,7.318113804
-0.14311556500000003,7.322917461
-0.143106326,7.317742825
-0.14292231200000002,7.32073164
-0.14308081600000003,7.317919254
-0.14312669600000003,7.318589687
-0.14322982700000003,7.316880703
-0.14318893800000002,7.319700241
-0.14327150600000002,7.32099247
-0.143283293,7.320594788
-0.14344908300000003,7.32160902
-0.14347645600000003,7.323341846
-0.14348262500000003,7.317696571
-0.14352434900000002,7.320811749
-0.14353141200000002,7.319803238
-0.14353595700000002,7.319155693
-0.143488884,7.321121216
-0.143470541,7.321969509
-0.14349314600000002,7.32586956
-0.14371097100000002,7.32410574
-0.143813506,7.324436665
-0.14381040600000003,7.324726105
-0.14386372300000003,7.32090044
-0.14386965300000001,7.324403763
-0.143981814,7.325839043
-0.14393375800000002,7.322849274
-0.14403978,7.323907375
-0.14411307900000003,7.327397346
-0.14414820100000003,7.323966503
-0.14419457300000002,7.323583126
-0.144083008,7.325526237
-0.14425985500000002,7.328041553
-0.14419049000000003,7.32545805
-0.14426069000000002,7.323796749
-0.144392341,7.32526207
-0.14444904000000003,7.323184013
-0.144513562,7.328312397
-0.14441646600000002,7.326200962
-0.14470619,7.32616663
-0.14457127400000003,7.329036713
-0.14465493000000001,7.328318596
-0.14467974000000003,7.326678753
-0.14465038500000002,7.327721596
-0.14465901300000003,7.329357147
-0.14488525700000002,7.330416203
-0.14496091000000003,7.329719543
-0.14480862000000003,7.329918385
-0.14471107700000002,7.32983017
-0.14499083200000001,7.330655575
-0.14482453500000003,7.328976154
-0.14495800400000003,7.33091116
-0.144881219,7.332560539
-0.144980565,7.331469536
-0.14500561400000003,7.329327106
-0.144928351,7.330582619
-0.14502097700000002,7.330149174
-0.145024642,7.332881451
-0.14522630000000003,7.332344532
-0.14520217500000002,7.332499981
-0.145202458,7.331585407
-0.14534980100000003,7.333823204
-0.145238042,7.336165428
-0.145247489,7.333971024
-0.14532701700000003,7.337405682
-0.145255864,7.335612774
-0.145413488,7.335111141
-0.14560866400000003,7.335419178
-0.14555814900000003,7.338458538
-0.14549489300000001,7.339119911
-0.14565064000000003,7.333580971
-0.14565105700000003,7.333915234
-0.14577682300000003,7.335140705
-0.14570643000000003,7.332838058
-0.14576917900000003,7.334801197
-0.145827472,7.333853722
-0.14572426700000002,7.335439682
-0.14588682300000003,7.33660078
-0.14577610800000002,7.333277702
-0.145857319,7.334668159
-0.14598232500000002,7.333466053
-0.14595553300000003,7.334956646
-0.14594762000000003,7.333910942
-0.14600670300000002,7.335875988
-0.145992532,7.3346591
-0.14619278900000002,7.33348465
-0.146134794,7.335501671
-0.14604121400000003,7.336792946
-0.14618575600000003,7.335737705
-0.14632169900000003,7.338126659
-0.14636427200000002,7.337918282
-0.146281078,7.337813377
-0.146304071,7.337401867
-0.14631499300000003,7.337436676
-0.146322414,7.337817192
-0.14636458500000002,7.339734077
-0.14621225000000002,7.337969303
-0.14646258900000003,7.34191227
-0.14645722500000002,7.341887474
-0.14640280600000002,7.340254784
-0.14641352000000002,7.340946198
-0.14651764900000003,7.340404034
-0.14661668200000003,7.341229439
-0.14650559400000002,7.341382027
-0.14661701000000002,7.340896606
-0.14669568800000002,7.342935562
-0.14673607000000002,7.341814041
-0.14683331500000002,7.341135502
-0.14673690500000003,7.339763641
-0.14679950500000002,7.341567039
-0.14689962600000003,7.342552185
-0.14688852400000002,7.34435463
-0.146920979,7.343957424
-0.14688929900000003,7.343100071
-0.14705440400000003,7.34342432
-0.14695744200000002,7.341924191
-0.147037357,7.344091415
-0.14700672,7.342761517
-0.14709790000000003,7.343831062
-0.147036985,7.342475891
-0.147211626,7.344656944
-0.14712417100000003,7.345141411
-0.14727455400000003,7.344594002
-0.14712765800000002,7.344249249
-0.14725905700000003,7.344695091
-0.14717985700000003,7.344983101
-0.14730179300000001,7.343472958
-0.14738208100000003,7.343851089
-0.14739902300000002,7.346526146
-0.14740409000000002,7.344792843
-0.14789708000000001,7.346561432
-0.14796878400000002,7.346936703
-0.14752657700000002,7.346265316
-0.14761595400000002,7.349263668
-0.14770975700000002,7.347114563
-0.14774330000000002,7.346387386
-0.14787533900000002,7.347784042
-0.14779345700000002,7.345593929
-0.14791330700000002,7.346626759
-0.14788140400000002,7.346045971
-0.14813247300000001,7.345902443
-0.14845658800000003,7.347631454
-0.14850226000000002,7.348103046
-0.14855457800000002,7.348937511
-0.148600057,7.34979105
-0.14858292,7.346971512
-0.148386076,7.349932671
-0.14838974200000002,7.346218109
-0.14850042800000002,7.34822607
-0.14837126400000003,7.351532459
-0.14845258000000003,7.352202415
-0.14860208300000002,7.352798939
-0.14859579500000003,7.351223946
-0.148488164,7.353275776
-0.14860706,7.35013628
-0.14868675200000003,7.353069782
-0.14876192800000002,7.354048252
-0.14858931300000003,7.351809978
-0.148731887,7.351992607
-0.148758084,7.354766846
-0.14861697000000001,7.353516579
-0.14874164800000003,7.355977058
-0.148946181,7.353025913
-0.148857757,7.352365971
-0.14885038100000003,7.353316307
-0.14895318400000002,7.352880001
-0.14906954800000002,7.355268002
-0.14901258,7.353861332
-0.14914797200000002,7.353250504
-0.14921622,7.356855869
-0.149261624,7.357281208
-0.14922706800000002,7.356209755
-0.14923548700000003,7.356945992
-0.149250865,7.355689526
-0.14930535800000003,7.356686115
-0.14930814500000003,7.356433868
-0.14935424900000002,7.355208874
-0.14931570000000002,7.357699394
-0.14955030400000002,7.357953548
-0.14948658600000003,7.356695652
-0.14935913700000003,7.358934879
-0.149586812,7.359024048
-0.14961147300000002,7.359068871
-0.14961583900000003,7.359331608
-0.14966151100000002,7.359663486
-0.14967489200000003,7.358366966
-0.14955741200000003,7.360113621
-0.14981153600000002,7.360035419
-0.14988103500000002,7.360548019
-0.14977751700000003,7.364059925
-0.149883598,7.360445023
-0.149885222,7.361589909
-0.14999578900000002,7.358089924
-0.14984059300000002,7.361702919
-0.14994469300000002,7.359398842
-0.15011507300000002,7.360489845
-0.15012322400000003,7.360371113
-0.15002326700000002,7.362363338
-0.15022696500000002,7.357513905
-0.15014612700000002,7.361604691
-0.150200248,7.358793736
-0.150140613,7.362645626
-0.15031534400000002,7.361974239
-0.15030297600000003,7.362042427
-0.15034781400000002,7.361119747
-0.15044224300000003,7.361183643
-0.150610864,7.362643719
-0.15054966500000003,7.365390301
-0.15058003400000003,7.364160538
-0.150691226,7.365822315
-0.15073175700000002,7.362129211
-0.15100486600000002,7.365195751
-0.150799915,7.366062641
-0.15077415100000002,7.367008686
-0.15113061700000002,7.3676157
-0.15083459000000002,7.366463184
-0.15101124300000002,7.364168167
-0.150976404,7.366077423
-0.151074216,7.364984989
-0.15110074,7.367240906
-0.151090935,7.366992474
-0.15099296,7.365675926
-0.15116624500000003,7.366615772
-0.15107114600000002,7.3673172
-0.151217326,7.367545605
-0.15120823700000002,7.365196705
-0.15112552,7.367568493
-0.15138593300000003,7.369850636
-0.15139432200000003,7.367669106
-0.15143561400000002,7.366748333
-0.15149878000000003,7.368598938
-0.151605487,7.367886543
-0.15168111,7.367150784
-0.151657954,7.367079258
-0.151596889,7.369317532
-0.15166743100000002,7.369213104
-0.15174347200000002,7.370082378
-0.151688695,7.369433403
-0.15188123300000003,7.370744228
-0.151867032,7.367685795
-0.15203100400000003,7.368395329
-0.15184165500000002,7.369372368
-0.15212522400000003,7.369691372
-0.15213494000000002,7.369572639
-0.15202713,7.369296551
-0.15214307600000002,7.370346546
-0.15217232700000002,7.371109962
-0.15205706700000002,7.369011879
-0.15211565800000001,7.372623444
-0.15230760000000002,7.370955467
-0.153328493,7.372575283
-0.15341129900000003,7.37275219
-0.153298333,7.3729105
-0.15320608000000002,7.374557972
-0.15318092700000002,7.376697063
-0.153452933,7.375787735
-0.153448671,7.373902798
-0.153419882,7.377074242
-0.15349558000000002,7.376176834
-0.15354971600000003,7.374448776
-0.15357136700000001,7.373903751
-0.15364353400000003,7.374945164
-0.15362215,7.374546528
-0.15377472300000003,7.375560284
-0.15366700300000002,7.376751423
-0.153718293,7.374641418
-0.15370714700000002,7.376332283
-0.15374954000000002,7.375528336
-0.15373702300000003,7.373454094
-0.153795332,7.37686348
-0.15322285900000002,7.375602722
-0.15335181400000003,7.376357555
-0.15358690900000002,7.376701832
-0.153485998,7.377263069
-0.15373221,7.378210068
-0.15336132000000002,7.379315853
-0.15359313800000002,7.37766552
-0.15339949700000002,7.381219387
-0.15344700200000003,7.379813671
-0.15338252500000002,7.383449078
-0.15354013400000002,7.377737999
-0.153410867,7.381533623
-0.15418967600000003,7.380498409
-0.15373027300000003,7.380405426
-0.153724715,7.377342701
-0.15386016700000002,7.380036354
-0.15393783100000002,7.378446102
-0.15399067100000002,7.378368378
-0.15404528400000003,7.381462097
-0.15406408900000002,7.382325649
-0.154163703,7.382209778
-0.15408462300000003,7.38106966
-0.15411001400000002,7.380074978
-0.154215231,7.383210182
-0.15424147200000002,7.379158497
-0.15433549900000001,7.382147789
-0.15438269100000002,7.382731438
-0.15436913100000002,7.383128643
-0.154472083,7.383931637
-0.154427782,7.381702423
-0.15454009900000001,7.382638931
-0.15462304600000001,7.385134697
-0.15457536300000002,7.382704735
-0.15454337700000004,7.381729126
-0.154594153,7.3811059
-0.15470612800000003,7.382569313
-0.15474873800000002,7.385600567
-0.154633701,7.384046555
-0.15483013500000004,7.382255077
-0.15478554400000002,7.389717102
-0.154917978,7.383992195
-0.154833078,7.387359142
-0.15493244700000003,7.385351658
-0.15492551000000002,7.386700153
-0.15492712700000003,7.387581348
-0.15508241900000003,7.385315418
-0.15501222000000003,7.386586666
-0.15508736700000003,7.386027336
-0.15534260900000002,7.387649059
-0.15541817200000002,7.385798931
-0.15546436600000002,7.383486271
-0.15533901700000002,7.387921333
-0.15543136000000002,7.387904167
-0.15548781300000003,7.388706684
-0.15561161900000003,7.387260437
-0.15560286500000003,7.386999607
-0.15561898000000002,7.388152599
-0.15560640400000003,7.385779858
-0.15570717300000003,7.386542797
-0.15570324700000002,7.387862206
-0.15576267200000002,7.388810635
-0.15586887300000002,7.386902809
-0.155802257,7.390299797
-0.15582457900000002,7.390805721
-0.155843697,7.390487194
-0.155892886,7.38932848
-0.15594785700000002,7.390993118
-0.15609619000000002,7.391484261
-0.156116374,7.387145519
-0.156067707,7.391409874
-0.15612527000000004,7.390757084
-0.15618588800000002,7.390896797
-0.15622080900000002,7.389593601
-0.15628892200000002,7.391497135
-0.15635241600000002,7.389709473
-0.15634340800000002,7.389955997
-0.15642058800000003,7.391630173
-0.156442366,7.391713142
-0.156472556,7.392994881
-0.156468928,7.393484116
-0.156519927,7.391920567
-0.15655179300000002,7.392293453
-0.15665525900000002,7.393996239
-0.15669648300000003,7.392891884
-0.15666937800000003,7.395752907
-0.15671937200000002,7.394918919
-0.15685015200000002,7.398439884
-0.15684048100000003,7.398127556
-0.157059424,7.393640995
-0.15694958000000003,7.397475243
-0.15718253000000001,7.395972252
-0.15717039300000002,7.396384716
-0.15720123800000002,7.395627022
-0.15730222300000002,7.395047665
-0.157235369,7.394225597
-0.15718394500000002,7.394346714
-0.15732158000000002,7.397995949
-0.15724232800000001,7.399755955
-0.157380611,7.395374298
-0.157269604,7.396543503
-0.157363005,7.398740292
-0.15719017400000002,7.397661686
-0.157400906,7.398568153
-0.157548085,7.40161705
-0.157473005,7.401174068
-0.157586738,7.396481991
-0.15758726700000003,7.39753437
-0.15754456800000002,7.399151325
-0.15762228500000003,7.398211479
-0.157723844,7.396000385
-0.157792747,7.398630619
-0.157732427,7.397613525
-0.15773144400000003,7.398498535
-0.15781082200000002,7.400461674
-0.15797919800000002,7.398963451
-0.15803673900000004,7.397188187
-0.157985635,7.398062229
-0.15807351500000003,7.398174763
-0.15809159,7.397835732
-0.15815862300000003,7.400642872
-0.15802332000000002,7.398760319
-0.158150114,7.399291039
-0.158139721,7.403026104
-0.15819879600000003,7.401196003
-0.158189252,7.404137135
-0.158342704,7.401301384
-0.158425488,7.404382706
-0.158390902,7.401182175
-0.15830163700000002,7.401849747
-0.15848138900000003,7.400455475
-0.15858289600000003,7.402486324
-0.15855383900000003,7.402385712
-0.15854171700000003,7.402449608
-0.15868604200000003,7.405759335
-0.15881091400000003,7.403819561
-0.15869471400000001,7.404812813
-0.15863668900000003,7.402139187
-0.158588059,7.403703213
-0.15874668200000003,7.403104782
-0.15870271600000002,7.404423237
-0.158823855,7.403845787
-0.15887665,7.404871941
-0.158891365,7.404362679
-0.15891180200000002,7.406894684
-0.15884113300000002,7.408379078
-0.15895556700000002,7.408993244
-0.15898791700000003,7.404697895
-0.15908823200000002,7.406191826
-0.15896552100000003,7.40367794
-0.15905205900000002,7.403925419
-0.15910384800000002,7.404563904
-0.15920191300000003,7.405110359
-0.15917191600000002,7.408041477
-0.15934575300000003,7.408723354
-0.15937244900000003,7.406488895
-0.15952016400000002,7.40762043
-0.15941512600000002,7.406041145
-0.15945591800000003,7.406690121
-0.15953873100000002,7.407029152
-0.15949776800000004,7.407978058
-0.15940877800000003,7.405790329
-0.15955625500000004,7.407993793
-0.159598544,7.406378746
-0.15963845000000002,7.408707142
-0.15969461900000004,7.405883312
-0.15964353800000003,7.409814835
-0.15967343700000003,7.40835762
-0.15982212100000004,7.409987926
-0.15970064700000003,7.410840988
-0.15985767500000003,7.409623146
-0.15982119700000003,7.408958435
-0.15992810600000001,7.410172939
-0.15992420200000002,7.411577225
-0.15991996200000003,7.411375999
-0.160090707,7.411712646
-0.16007310900000002,7.41216898
-0.160129927,7.412324905
-0.160123162,7.409229279
-0.16024494900000003,7.413054943
-0.16016644200000002,7.411370277
-0.16011398300000002,7.410779953
-0.16026286,7.410943985
-0.16038256900000003,7.41070652
-0.16035993400000004,7.411700726
-0.16035483,7.411540985
-0.16049921500000003,7.411232948
-0.16058457600000003,7.411673069
-0.16052950200000002,7.410551071
-0.16050493700000001,7.413602352
-0.160674229,7.415313244
-0.160719186,7.413002968
-0.16079328200000004,7.414301395
-0.16082895500000002,7.412387848
-0.16084287300000003,7.414498806
-0.16085133700000004,7.411950111
-0.16092087300000002,7.414644241
-0.160818122,7.415533066
-0.16098436700000002,7.413764954
-0.16104075300000004,7.415377617
-0.161027364,7.41361475
-0.161116794,7.416414738
-0.161185764,7.415221691
-0.16113078600000003,7.415547848
-0.16118121900000001,7.414729595
-0.161201641,7.415180683
-0.16123166700000002,7.41554451
-0.16122523700000002,7.417080879
-0.16129510800000002,7.415873528
-0.16123458000000002,7.417126656
-0.16141866900000001,7.41834259
-0.16139392500000002,7.414573669
-0.161445089,7.419985294
-0.16145446100000002,7.416389465
-0.16154807100000002,7.416568279
-0.16161743500000003,7.416885376
-0.161543243,7.418888092
-0.16152003400000003,7.419942856
-0.16161660800000002,7.419047356
-0.161630981,7.416831017
-0.16166360700000001,7.417738914
-0.161686771,7.419867992
-0.16168930400000003,7.422551632
-0.16187571,7.420805454
-0.16180167300000003,7.418449879
-0.16186469800000003,7.422786236
-0.16206944,7.422612667
-0.161945581,7.420639992
-0.16204093400000003,7.421263695
-0.16201749400000004,7.423407555
-0.16204167900000002,7.422171593
-0.16209849000000004,7.421919823
-0.16201183200000002,7.420847416
-0.16216191600000002,7.421713829
-0.16215789300000003,7.420148849
-0.16227909900000004,7.420732021
-0.16228790600000004,7.420433521
-0.16218616100000002,7.423553944
-0.16239740700000002,7.42378664
-0.162367798,7.423927307
-0.16241999700000004,7.427172661
-0.162418157,7.424996853
-0.162497006,7.425819874
-0.162605308,7.425382614
-0.162674904,7.421094418
-0.16265623300000004,7.422979832
-0.162737876,7.421899796
-0.16273666200000003,7.424421787
-0.16265401200000001,7.425508976
-0.162764564,7.428671837
-0.16289889100000002,7.422177315
-0.16288499500000003,7.425429821
-0.16292496,7.424543858
-0.16287186000000003,7.423849106
-0.16295120100000002,7.42376709
-0.16299376600000004,7.423982143
-0.16306942700000002,7.424766541
-0.162896119,7.425378323
-0.16305556100000002,7.423853397
-0.163177438,7.425902843
-0.16318474700000002,7.426012039
-0.163137831,7.429244041
-0.163189083,7.426967621
-0.163234435,7.429821014
-0.16322666400000002,7.428737164
-0.163207598,7.428277016
-0.16330229500000001,7.429924965
-0.163333513,7.429602146
-0.16347169100000003,7.430473328
-0.16347382200000002,7.430819988
-0.163470037,7.428206921
-0.16358465000000003,7.42838335
-0.16356615000000002,7.426918507
-0.163622439,7.426290512
-0.16353449200000003,7.424943447
-0.163685925,7.426855087
-0.16375450800000002,7.427397728
-0.16376674200000002,7.426763058
-0.163858302,7.429368019
-0.16384964400000002,7.428083897
-0.16376578800000002,7.431369305
-0.163985141,7.42734623
-0.16398967800000003,7.43007803
-0.16403599100000002,7.432114601
-0.16406557000000002,7.429065704
-0.16408097700000002,7.431381226
-0.164046362,7.432090759
-0.16410659200000002,7.430475235
-0.16418789300000003,7.43065834
-0.16418138100000002,7.429169655
-0.16422834200000003,7.431292534
-0.16433478900000004,7.430794716
-0.16442671400000003,7.431660175
-0.16437163200000002,7.430779934
-0.164425023,7.431174755
-0.16450402900000002,7.431529522
-0.16453816000000002,7.434376717
-0.16454327800000002,7.431960583
-0.164558969,7.431661129
-0.164597355,7.431858063
-0.16457616500000002,7.432157516
-0.16473450500000003,7.434344292
-0.16461000600000003,7.434207916
-0.164702803,7.432888985
-0.16477095300000003,7.436846733
-0.164785705,7.432949066
-0.16469475600000003,7.435712814
-0.16482900100000003,7.43401289
-0.164851919,7.435947418
-0.16505043900000002,7.435441971
-0.16494122900000002,7.436172485
-0.16503094900000004,7.435900211
-0.165053487,7.434992313
-0.165171899,7.434632301
-0.16506935700000003,7.433636189
-0.16522270400000003,7.435311794
-0.165221587,7.432645321
-0.16529869300000002,7.439499378
-0.16528894700000002,7.437000275
-0.16540667400000003,7.438328743
-0.16537991200000002,7.438238144
-0.16546059400000002,7.437963486
-0.165402092,7.439843178
-0.165552311,7.438764572
-0.16555624500000002,7.437346458
-0.16568032600000002,7.437980652
-0.16562525900000002,7.436756611
-0.16567760000000004,7.439290047
-0.16561525300000002,7.438618183
-0.165696748,7.437858105
-0.165563658,7.436285019
-0.16572046300000004,7.435299873
-0.16576594900000002,7.437778473
-0.16578202700000003,7.435805321
-0.16584426200000002,7.440752029
-0.16586229900000002,7.4386549
-0.16595657200000002,7.442209244
-0.16593556800000003,7.440631866
-0.16590126600000002,7.440300465
-0.166038454,7.438879013
-0.166035078,7.440947056
-0.16594603700000002,7.438932419
-0.16590298000000003,7.438833237
-0.16596701000000003,7.440064907
-0.165907778,7.43850565
-0.165990256,7.442008495
-0.16587295400000002,7.441364288
-0.16598516700000002,7.441431046
-0.16593781900000001,7.440132618
-0.16614116,7.441008091
-0.16607112400000001,7.4413414
-0.16603949700000004,7.444683552
-0.16598562100000003,7.441589355
-0.16610685700000002,7.443621159
-0.16613788900000004,7.443893909
-0.16628517200000004,7.442098141
-0.16620306700000004,7.443268299
-0.16631706100000002,7.444214821
-0.16635079700000002,7.445522308
-0.16640602000000002,7.442782402
-0.166437037,7.442157269
-0.16645288500000002,7.44512558
-0.16646044000000002,7.449172497
-0.166537382,7.447487831
-0.16659354400000004,7.445871353
-0.16653857400000002,7.447170258
-0.16649771500000002,7.444863319
-0.16656312300000004,7.448845863
-0.16666429500000002,7.446428776
-0.166699924,7.446893215
-0.166677356,7.446736336
-0.166778594,7.448509693
-0.16681052700000001,7.444857121
-0.16689840700000003,7.449755192
-0.16676292600000003,7.44954586
-0.16695119400000002,7.449873924
-0.166975535,7.448564529
-0.167063348,7.446061611
-0.16697487200000002,7.45035696
-0.167044982,7.44765234
-0.16716823000000003,7.446747303
-0.16720980400000002,7.446023941
-0.167257696,7.448796749
-0.167178027,7.446840763
-0.16734238700000004,7.44756031
-0.16737902200000002,7.449006081
-0.16725486500000003,7.44680357
-0.16742578100000002,7.44947052
-0.16741740700000002,7.450815678
-0.167411484,7.450689316
-0.16730218400000002,7.449116707
-0.16749529500000002,7.450430393
-0.167531162,7.449571133
-0.16761054800000003,7.452904701
-0.16766391700000002,7.453483105
-0.167598925,7.452445507
-0.16775966400000003,7.451909542
-0.16768480100000002,7.451369286
-0.16775335400000002,7.453317642
-0.16792161800000002,7.450128555
-0.16773951800000003,7.45476532
-0.16797417400000003,7.452551365
-0.167954653,7.453148365
-0.167999059,7.453042507
-0.16804448500000002,7.4529562
-0.16809210900000002,7.453873634
-0.168096513,7.454161167
-0.16816297900000002,7.454161644
-0.16823225500000002,7.454253197
-0.16821796400000003,7.452824593
-0.16812685900000002,7.454954624
-0.16836407800000003,7.453898907
-0.16844672700000002,7.453224659
-0.16850441700000002,7.452225208
-0.16846592700000002,7.451229095
-0.16849254800000002,7.453391075
-0.16862183800000002,7.453327179
-0.16862607000000002,7.456223011
-0.16855282300000002,7.452802658
-0.168734938,7.450470924
-0.16867377600000003,7.455046654
-0.16882656500000004,7.456167221
-0.16885431100000003,7.453179359
-0.16892158200000001,7.455674648
-0.16901580200000002,7.456640244
-0.16911928400000004,7.458360672
-0.16903085300000004,7.456077576
-0.169113114,7.458134174
-0.16908922000000004,7.454748631
-0.16913212100000002,7.458087444
-0.16909671600000004,7.457199097
-0.16929771000000002,7.457231998
-0.16922701100000004,7.459239006
-0.16931081600000003,7.457837105
-0.16919039200000002,7.460610867
-0.16925282000000003,7.458810329
-0.169394694,7.459850311
-0.16939494000000002,7.458886147
-0.169378258,7.459063053
-0.16940306900000002,7.45669651
-0.16944596900000003,7.457591534
-0.16935563800000003,7.458622932
-0.16955540300000002,7.455151558
-0.16960018100000002,7.456662178
-0.16964079400000004,7.459843636
-0.169638909,7.456419945
-0.16960015900000003,7.46112299
-0.169759437,7.460220337
-0.16962418700000004,7.460026264
-0.169790573,7.460701942
-0.16966274400000003,7.460870266
-0.16971027100000002,7.457279205
-0.169818707,7.458998203
-0.16981289500000002,7.460588932
-0.16979528200000002,7.462121487
-0.169795476,7.458439827
-0.16989726600000002,7.459666252
-0.16997984000000002,7.460457802
-0.169931993,7.459728718
-0.17005035300000002,7.460708618
-0.169996686,7.461524963
-0.169956773,7.460339546
-0.17004964500000003,7.46445179
-0.17009326800000002,7.46363306
-0.17021465300000002,7.463750839
-0.17017287000000003,7.462218761
-0.170260191,7.46521759
-0.17044094200000004,7.463592529
-0.17039024100000003,7.461812496
-0.17045083600000002,7.461653233
-0.17049437,7.462130547
-0.170572467,7.464535713
-0.17047409700000002,7.463026524
-0.17046106600000002,7.465681076
-0.170455784,7.464632034
-0.17046906,7.463254929
-0.17061800500000002,7.460637569
-0.17062093300000003,7.463361263
-0.17064352300000002,7.464576244
-0.17074517900000002,7.46303463
-0.17069172900000001,7.463386536
-0.170741215,7.464258194
-0.170906946,7.466900826
-0.17079958300000003,7.465931892
-0.17085819700000002,7.467120171
-0.170844726,7.464920044
-0.170750976,7.468142509
-0.170905717,7.467795372
-0.17093353,7.468504906
-0.17107430100000004,7.465270996
-0.17099639800000002,7.467479706
-0.17108567100000002,7.466848373
-0.17107180500000002,7.465985775
-0.17119203500000002,7.464875221
-0.17109917800000002,7.4715662
-0.17128294700000002,7.465076447
-0.171264984,7.468833447
-0.17127404400000001,7.466825962
-0.171272412,7.468337059
-0.17143318100000002,7.467754364
-0.171454675,7.466251373
-0.17137738300000002,7.466413975
-0.17151565100000002,7.469373703
-0.171422236,7.47030592
-0.17155746400000002,7.46973753
-0.17167577900000003,7.469601154
-0.17151690300000003,7.471729755
-0.171591192,7.468848705
-0.17170985000000002,7.470649242
-0.17171697300000002,7.471441746
-0.17171324000000002,7.471130848
-0.171773106,7.471646786
-0.17174722200000003,7.47177887
-0.17182514100000001,7.471862316
-0.17191717,7.471146107
-0.17199093800000004,7.469641209
-0.17208772900000002,7.471281052
-0.17205984900000001,7.469887733
-0.17202319200000002,7.472922802
-0.171949327,7.470983505
-0.172065727,7.472342491
-0.171975598,7.47155714
-0.172195323,7.472452164
-0.172233656,7.472328186
-0.172331065,7.472471237
-0.17234402100000001,7.471263885
-0.17240382,7.474996567
-0.17238798000000002,7.471825123
-0.172428191,7.47085762
-0.17241510000000002,7.471470356
-0.17251874500000003,7.473091602
-0.172542617,7.474654675
-0.17254982900000002,7.476281166
-0.17252226200000004,7.474256992
-0.17265233400000002,7.475680351
-0.17263894500000002,7.471473694
-0.17264562800000002,7.472959995
-0.172734834,7.474495411
-0.17278178000000002,7.474010944
-0.172866754,7.474227905
-0.17270947200000003,7.47515583
-0.17280192700000002,7.475450516
-0.17298182100000004,7.474723339
-0.17298480100000002,7.475916862
-0.17301982600000002,7.473786354
-0.17293116400000003,7.474176884
-0.173058324,7.472617626
-0.173091814,7.473874092
-0.173115537,7.475725651
-0.17316707200000003,7.475142002
-0.17312600500000003,7.47585535
-0.173181623,7.478776455
-0.17328522300000002,7.475354671
-0.17334566300000004,7.475142956
-0.17342297,7.475025654
-0.173482872,7.478156567
-0.173477657,7.476912975
-0.17348427300000002,7.477805138
-0.17365776000000002,7.476918697
-0.17344114200000002,7.477968216
-0.17344851800000002,7.47832489
-0.17354369900000002,7.478543758
-0.173482768,7.481263638
-0.17359816300000003,7.478462696
-0.17369096700000003,7.47894907
-0.17375194300000002,7.479352474
-0.17378505300000002,7.478003979
-0.173750542,7.479501724
-0.17389624600000003,7.482213974
-0.173992366,7.481819153
-0.173903882,7.480923653
-0.17400275200000004,7.479492664
-0.17411868300000002,7.480900288
-0.1741568,7.481214523
-0.17420336600000003,7.481863976
-0.17393746200000001,7.481254101
-0.17415687400000002,7.481891155
-0.17420394700000003,7.482729435
-0.174275644,7.480391979
-0.174242049,7.482671738
-0.17429589500000003,7.482499123
-0.17439337800000002,7.482717991
-0.17440136500000003,7.485222816
-0.17440104500000003,7.480513573
-0.17444888500000003,7.480934143
-0.17445950200000002,7.482267857
-0.17440155100000002,7.483199596
-0.17446967200000002,7.484041214
-0.17452272800000002,7.485464573
-0.17456210400000002,7.485008717
-0.17463082800000002,7.484909534
-0.174621209,7.484322548
-0.174540199,7.48422575
-0.17465096700000002,7.484360218
-0.17468660300000002,7.483840466
-0.17464862800000003,7.482623577
-0.174639761,7.483966827
-0.174829073,7.484605312
-0.17480199800000001,7.488003254
-0.17480198300000002,7.485534191
-0.17501027900000002,7.485912323
-0.174962155,7.484549999
-0.17504876100000002,7.483847618
-0.17508926200000002,7.484117031
-0.17522421500000002,7.485435486
-0.17516858100000002,7.484320641
-0.175203681,7.482929707
-0.17522272500000002,7.485300064
-0.17532462600000004,7.483028889
-0.17533864100000002,7.485723019
-0.17540576300000002,7.48878479
-0.17533119000000003,7.486832619
-0.17533293400000002,7.485735893
-0.17539750800000004,7.487869263
-0.17533188300000002,7.48741436
-0.17548749600000002,7.486275196
-0.175532199,7.487829208
-0.175657622,7.488546848
-0.175554492,7.489380836
-0.175634071,7.488902092
-0.175717287,7.489235401
-0.17577137000000004,7.489439964
-0.17571524500000002,7.48891592
-0.175780557,7.489147663
-0.17583144500000003,7.488565922
-0.17597255900000003,7.490276337
-0.17604939600000002,7.487330437
-0.176011413,7.489919186
-0.17608694700000002,7.489160061
-0.176098354,7.49050808
-0.176127113,7.49014473
-0.17621202800000002,7.489807129
-0.17621392000000002,7.493056297
-0.17620057600000003,7.491136551
-0.17627146100000002,7.490571022
-0.17617364200000002,7.49041748
-0.17634357500000003,7.492656231
-0.176354952,7.491104603
-0.17641715700000002,7.49388361
-0.17635344700000002,7.49139452
-0.176469214,7.489877224
-0.17645446200000003,7.492012024
-0.17659285700000002,7.491025448
-0.17654159700000002,7.490194321
-0.17658567400000003,7.493226051
-0.176641121,7.489955902
-0.176518381,7.493638039
-0.176641673,7.495104313
-0.17676033100000002,7.492996216
-0.17675659100000002,7.494289875
-0.17680294100000002,7.4925704
-0.17679375400000003,7.494217873
-0.17692506300000002,7.493645191
-0.17694193100000002,7.494359016
-0.17702435000000002,7.492242813
-0.17691514600000002,7.494327068
-0.17700220600000002,7.496267796
-0.17699945,7.493422508
-0.17712473100000004,7.493093491
-0.177117564,7.493588924
-0.17711371200000003,7.493600368
-0.17717044800000004,7.496284962
-0.17720261200000004,7.49404335
-0.177230552,7.495240211
-0.17726502600000002,7.495359421
-0.17726308100000002,7.494374275
-0.177454308,7.493674278
-0.177285083,7.492322922
-0.17745909800000004,7.495231628
-0.17750730400000003,7.495378971
-0.17751047000000003,7.496785641
-0.177431002,7.497870922
-0.17757003000000002,7.496015072
-0.177590668,7.496123791
-0.177687235,7.495642185
-0.17771830400000002,7.49929142
-0.17779515700000004,7.497502327
-0.17771408000000002,7.496002197
-0.17787171900000004,7.499225616
-0.177803598,7.497443199
-0.17787826100000004,7.497148514
-0.17798353,7.497673988
-0.177954927,7.497528076
-0.17799805100000002,7.499495983
-0.17798975900000003,7.497425079
-0.17805120300000002,7.501345634
-0.17805380400000004,7.501452446
-0.17810373700000004,7.501280785
-0.178059831,7.499883175
-0.17819441100000002,7.500736713
-0.178158015,7.49734354
-0.17812137300000003,7.499444008
-0.178203039,7.499796867
-0.17814032700000001,7.496929646
-0.17825568500000002,7.498412609
-0.17827603200000003,7.50233078
-0.17838449,7.501291752
-0.17838590600000004,7.502968311
-0.17848084900000002,7.500819206
-0.17847979800000002,7.504768848
-0.17856784200000003,7.499507427
-0.17848017100000002,7.501134396
-0.178579859,7.503387451
-0.17864859100000002,7.503788471
-0.17862777400000002,7.501654625
-0.178711683,7.502127171
-0.17878698600000004,7.502135754
-0.17864987200000002,7.504122257
-0.17889867000000004,7.503324986
-0.17884944400000002,7.50448513
-0.17889937,7.50352335
-0.17896298300000002,7.505959511
-0.17896008500000002,7.502338409
-0.17895864700000003,7.505819798
-0.179173447,7.502804756
-0.17922104900000002,7.508047581
-0.17923788000000002,7.503549099
-0.17922601100000002,7.503380775
-0.179287665,7.503790379
-0.17921752500000002,7.504731178
-0.179320417,7.501961708
-0.17946029400000002,7.503658772
-0.17942533600000002,7.503126144
-0.17945925100000001,7.504376888
-0.17953646900000003,7.503601551
-0.179544486,7.502431393
-0.179633424,7.503561974
-0.179496176,7.504671574
-0.17967548200000003,7.506071091
-0.17974335000000002,7.506934643
-0.17980130000000002,7.504981041
-0.179830596,7.508225441
-0.17989665300000002,7.505283356
-0.17995461100000001,7.504793644
-0.179951452,7.50774622
-0.17994844200000001,7.506233215
-0.18001228600000002,7.507235527
-0.17999925500000002,7.505396843
-0.180016004,7.5058465
-0.18010451600000002,7.504667282
-0.18010279500000004,7.504562855
-0.18022537200000002,7.506617546
-0.18033530600000003,7.506592751
-0.18036159900000004,7.506760597
-0.18040397800000002,7.506572247
-0.18035891600000004,7.505980492
-0.18037734200000002,7.507392883
-0.18037666400000002,7.510183334
-0.18046361900000002,7.511254787
-0.18056028300000002,7.510174751
-0.180617258,7.509933949
-0.18052471400000003,7.508752823
-0.180505678,7.510617733
-0.18062490200000003,7.510110855
-0.18062787500000002,7.510677814
-0.18072648300000002,7.508370876
-0.18073887400000002,7.510169506
-0.18073740600000002,7.511258125
-0.1807997,7.510107994
-0.18087276800000002,7.514905453
-0.18086401400000002,7.511991978
-0.18094993400000003,7.514350414
-0.18092788800000004,7.513906956
-0.18105274400000002,7.511640549
-0.18093327400000003,7.511997223
-0.18101810700000004,7.512732029
-0.181111827,7.513753891
-0.18115880300000003,7.50920248
-0.18120588400000004,7.51235342
-0.18123373400000004,7.512192726
-0.18132034700000002,7.512327194
-0.18129743600000003,7.512186527
-0.181295812,7.511240959
-0.18133841500000003,7.513744831
-0.18137977300000002,7.509402752
-0.181457885,7.508355618
-0.181380957,7.512359142
-0.18151512000000003,7.511455059
-0.18150304300000003,7.513777256
-0.18143925100000002,7.510574341
-0.181490496,7.50910759
-0.18144293900000003,7.512276173
-0.181545369,7.512732029
-0.18156176100000002,7.513719082
-0.18163390500000004,7.51326704
-0.18159803700000002,7.51121664
-0.18168816000000002,7.512282372
-0.181791857,7.513438225
-0.18170837300000003,7.511764526
-0.18179027000000003,7.510941505
-0.181869775,7.510778427
-0.18186886600000002,7.514538765
-0.18185490400000004,7.513968945
-0.18192122100000002,7.514977932
-0.18193409600000002,7.516106606
-0.18189317700000002,7.513847351
-0.18208875500000002,7.51517725
-0.18218504600000002,7.517180443
-0.18214388200000003,7.517869473
-0.182238124,7.516866684
-0.18214637800000003,7.515904903
-0.18226154900000002,7.518045902
-0.18229222300000003,7.516511917
-0.18231391900000002,7.516853809
-0.18238720300000003,7.516379356
-0.18246631300000002,7.517263889
-0.18243289000000001,7.515692711
-0.182447568,7.519053936
-0.18253328600000002,7.516438484
-0.182583705,7.51712513
-0.18260476000000003,7.516738415
-0.18262265600000002,7.515795231
-0.182673678,7.517283916
-0.182605982,7.515473843
-0.182800434,7.518398285
-0.18283771000000001,7.516147614
-0.182795443,7.519414902
-0.182907164,7.519289017
-0.183002993,7.518618584
-0.182985,7.517697811
-0.18299555,7.520077705
-0.183080703,7.519020557
-0.18313268600000002,7.517764568
-0.18313873600000002,7.518975258
-0.183079816,7.521249771
-0.18308486000000002,7.519887924
-0.18310049900000003,7.519991875
-0.183192022,7.521151543
-0.183197461,7.520192623
-0.18331598500000001,7.523509026
-0.183364682,7.522743702
-0.183382757,7.521065235
-0.18334002000000002,7.519814014
-0.183420606,7.521205902
-0.183653854,7.523306847
-0.18355424000000004,7.521552563
-0.18365925500000002,7.517825127
-0.18380996600000002,7.516139984
-0.1837724,7.513967037
-0.18377352500000002,7.506565571
-0.18373813500000002,7.503164291
-0.18401908100000003,7.49420166
-0.18391058600000001,7.486315727
-0.18392724500000002,7.475934982
-0.18382992600000003,7.464927197
-0.18392925000000002,7.453005791
-0.183907017,7.444937229
-0.18388745900000003,7.439310074
-0.18384853700000003,7.434760094
-0.18386068200000003,7.42765379
-0.18385896100000002,7.423819542
-0.183820374,7.42204237
-0.18379613,7.418729305
-0.18384808300000002,7.415462971
-0.18395327800000003,7.411396027
-0.183910087,7.408433914
-0.18383088000000003,7.404345512
-0.18392316200000003,7.40339756
-0.183962978,7.4047122
-0.18385683700000002,7.401405334
-0.18389564000000003,7.399079323
-0.18390451400000002,7.396495342
-0.18386114400000003,7.395512581
-0.18382396500000003,7.396778107
-0.18382461400000003,7.396901131
-0.18393620100000002,7.420628071
-0.183870941,7.468380451
-0.18421568700000002,7.516877651
-0.18423731600000004,7.566524029
-0.184488967,7.611769676
-0.18460041300000002,7.637880802
-0.18490905300000002,7.653502464
-0.18528997100000003,7.653253078
-0.18549951200000003,7.641594887
-0.18580513400000004,7.629354477
-0.186099805,7.618114948
-0.18620213900000002,7.611706734
-0.186507784,7.607743263
-0.18662893000000003,7.609095573
-0.18680386200000001,7.612902641
-0.18689603400000002,7.621120453
-0.18716729400000004,7.621918201
-0.187371917,7.623022556
-0.187552981,7.624477863
-0.18745847000000002,7.623343468
-0.18780602500000002,7.624602795
-0.18801814300000003,7.62466526
-0.18820334200000002,7.6227808
-0.18841591500000002,7.621530533
-0.18868427000000002,7.622727871
-0.18886598200000002,7.622930527
-0.189072348,7.623693943
-0.18919734700000002,7.625001907
-0.18941306300000002,7.626901627
-0.18958376300000002,7.629285812
-0.189872637,7.624869347
-0.189921893,7.626166821
-0.19019531500000003,7.626510143
-0.190443307,7.624464989
-0.19062917700000004,7.626717567
-0.19080859400000003,7.625723362
-0.19085980900000002,7.628223896
-0.19111423200000002,7.632136822
-0.191302195,7.632478714
-0.19163227800000002,7.631244659
-0.191830791,7.632100105
-0.19197157000000004,7.627864838
-0.192173384,7.628245354
-0.19232626300000003,7.63021946
-0.192496665,7.630771637
-0.19274082000000003,7.630218506
-0.19289774400000004,7.632648945
-0.19314679500000004,7.633293629
-0.19331335300000002,7.63668251
-0.19338305300000003,7.637714386
-0.193658285,7.63803339
-0.193847775,7.63476944
-0.194150113,7.635133266
-0.19431822,7.637378216
-0.19438312900000002,7.636914253
-0.19463045900000003,7.637109756
-0.194829032,7.641619682
-0.19507075100000001,7.640226364
-0.19520258900000004,7.641102791
-0.19550252,7.64034462
-0.19559066000000003,7.635939598
-0.195754312,7.639299393
-0.19590614,7.641368866
-0.19611571700000002,7.645542145
-0.196390748,7.644742012
-0.19642811300000002,7.644470215
-0.19665508000000004,7.643205643
-0.19682449800000001,7.64618206
-0.19702370500000002,7.643515587
-0.197179757,7.648604393
-0.19741030800000003,7.650715828
-0.19757586700000002,7.650089741
-0.19790475100000002,7.648179054
-0.19798705000000003,7.648444653
-0.198215209,7.65222168
-0.19840027400000002,7.65222168
-0.198580317,7.651222229
-0.19862024500000003,7.654875755
-0.19890458100000002,7.656155586
-0.199100777,7.652717113
-0.19932237300000002,7.653808594
-0.19951003,7.649439335
-0.199741401,7.650972366
-0.19991116200000003,7.655333042
-0.20007699700000003,7.656199932
-0.200277761,7.656505108
-0.20050738,7.655694008
-0.200607374,7.660012722
-0.20076116900000002,7.659196854
-0.201106004,7.658556938
-0.20129812500000002,7.661565304
-0.20145991400000002,7.66450882
-0.201698802,7.660547733
-0.20176018,7.659868717
-0.20200960300000004,7.659630299
-0.20216880000000004,7.663010597
-0.202327959,7.664370537
-0.202527218,7.665041924
-0.20256742800000002,7.665043354
-0.202976398,7.666126251
-0.20310347500000003,7.666986465
-0.203214355,7.666072369
-0.20339675200000001,7.666611195
-0.20361162700000002,7.670497894
-0.20383814,7.669602871
-0.20398068400000002,7.67016077
-0.204398505,7.671596527
-0.20446328800000002,7.670413971
-0.204513997,7.670110226
-0.20471079600000003,7.671945572
-0.20504514900000004,7.672371387
-0.20508241600000002,7.673400879
-0.20526802500000002,7.673662663
-0.20554055300000001,7.677318096
-0.205762051,7.675082207
-0.20584382100000004,7.67545557
-0.205962725,7.677536488
-0.20624274800000003,7.677766323
-0.20650624500000003,7.680627346
-0.20671646300000002,7.677363873
-0.20691175,7.678533077
-0.20708655600000003,7.680476189
-0.20729143900000002,7.678434372
-0.20742159300000002,7.679887772
-0.20758453000000002,7.682393551
-0.207655631,7.685647011
-0.20788557100000002,7.683393955
-0.20806862400000004,7.683860302
-0.20844411100000002,7.681069851
-0.20845931,7.681894779
-0.208785184,7.682817936
-0.20886232700000001,7.684228897
-0.20903263200000002,7.684225082
-0.209223345,7.687896729
-0.209407218,7.689250946
-0.209770128,7.689979076
-0.20983457600000002,7.688357353
-0.21009725300000004,7.688478947
-0.21031905700000003,7.690018654
-0.210537001,7.69122982
-0.21070196500000002,7.687916756
-0.210862398,7.691828251
-0.210966267,7.693641663
-0.21119128200000004,7.69240284
-0.21126151800000004,7.693025589
-0.21158969400000002,7.694194794
-0.211765788,7.694830894
-0.21190006300000003,7.695402145
-0.21205344000000004,7.693500519
-0.21242268400000003,7.6960392
-0.212653749,7.694355965
-0.21275153000000002,7.695195675
-0.212927617,7.697463036
-0.21307566800000002,7.697666645
-0.213360667,7.698275089
-0.21354044200000002,7.698675632
-0.21365212600000003,7.69931078
-0.21385602600000003,7.697023392
-0.21408195800000002,7.701776505
-0.214179173,7.70475769
-0.214420475,7.705748558
-0.21461649200000002,7.701090813
-0.21479436000000002,7.703787327
-0.21484964300000003,7.706085205
-0.215188861,7.703468323
-0.215442672,7.705465794
-0.21549801500000001,7.704472542
-0.21579740200000003,7.703787327
-0.21590664200000004,7.707906246
-0.21617110100000003,7.706208229
-0.216279365,7.707021236
-0.216459654,7.705304146
-0.21657751500000003,7.708487511
-0.216910593,7.708101749
-0.21713991500000002,7.709760666
-0.21720421700000003,7.714774609
-0.217560299,7.712813377
-0.21760407800000003,7.711824894
-0.217943128,7.71127224
-0.21817622700000003,7.712677002
-0.218125381,7.714281082
-0.21839364200000003,7.714713573
-0.21855625500000003,7.716868877
-0.21873019600000002,7.715388775
-0.21891143500000002,7.716076374
-0.219104085,7.714761734
-0.21929689100000002,7.716861725
-0.21946197,7.715517044
-0.219600905,7.71622467
-0.21984455700000002,7.72020483
-0.21996995400000002,7.720552921
-0.22010785000000002,7.720498085
-0.220192138,7.722389698
-0.22058260100000002,7.719073772
-0.22053848600000003,7.721561432
-0.22097574500000003,7.720757484
-0.22111065700000002,7.723815918
-0.221373916,7.725965977
-0.22160024900000003,7.723525524
-0.22172604900000004,7.723801613
-0.22188786000000002,7.726377964
-0.22215076500000003,7.727082729
-0.222246293,7.729372501
-0.22255859100000003,7.728456974
-0.22258691500000002,7.725409985
-0.22297665500000002,7.729428768
-0.22319522900000002,7.726940632
-0.22331678100000002,7.730329037
-0.22348051500000002,7.73148489
-0.22360282400000003,7.7314291
-0.22400981200000003,7.727892876
-0.22415372000000003,7.72808218
-0.22427758200000003,7.730509281
-0.224505104,7.731943607
-0.22472281400000002,7.731311798
-0.224828776,7.730648994
-0.225008216,7.7354846
-0.22522422300000003,7.73597765
-0.22546890400000003,7.736073494
-0.22568528000000002,7.731940269
-0.22593821200000003,7.738082409
-0.22595797500000003,7.738183022
-0.226249568,7.737819195
-0.22644897200000003,7.738832474
-0.22654240600000003,7.737382889
-0.22680506100000003,7.739319324
-0.22706839100000004,7.740761757
-0.22723165500000003,7.739744186
-0.227510761,7.739330292
-0.22780078600000003,7.741388798
-0.228023309,7.74232626
-0.22815416000000002,7.739963055
-0.228248097,7.740303993
-0.228425708,7.743168831
-0.22867619600000003,7.74135685
-0.22890019800000003,7.742886543
-0.229079038,7.744801521
-0.22934189100000002,7.744881153
-0.22956793400000003,7.746572018
-0.229918532,7.745357037
-0.22999504600000004,7.743641376
-0.23032502100000002,7.742759228
-0.230428301,7.749229908
-0.23058287400000002,7.745573997
-0.23065405700000002,7.746287823
-0.230931606,7.748095512
-0.231206872,7.747136593
-0.23122280800000003,7.747149944
-0.23136293900000002,7.749899864
-0.23164229500000003,7.748058796
-0.23179273300000003,7.751256466
-0.23186825600000002,7.751083851
-0.23212077800000003,7.751253128
-0.23233122700000003,7.750818729
-0.232528742,7.752130032
-0.23274861600000002,7.751475334
-0.23290200900000002,7.753304958
-0.23314869000000002,7.750061035
-0.233332585,7.753229618
-0.23342915200000003,7.753231049
-0.23360834600000002,7.755021572
-0.23389067900000002,7.753810883
-0.234046355,7.752986908
-0.234118082,7.754263878
-0.234376401,7.756269455
-0.23459795500000002,7.758209229
-0.234793525,7.760428429
-0.23494524500000002,7.760330677
-0.23512611500000002,7.758242607
-0.235368501,7.759796619
-0.235634316,7.758222103
-0.235755663,7.759441376
-0.235906199,7.758559227
-0.23614013900000003,7.761863232
-0.23637517900000002,7.760650158
-0.236511085,7.760142803
-0.23675357200000002,7.762139797
-0.236828692,7.759804726
-0.23689596400000001,7.761947632
-0.237060383,7.766861439
-0.237140063,7.763145447
-0.237515252,7.762796879
-0.23776866100000002,7.762317181
-0.23781817400000002,7.763210297
-0.23803003900000003,7.767178059
-0.23821248900000003,7.768781662
-0.23837216200000003,7.765712261
-0.238721691,7.766962528
-0.23876322400000002,7.766637802
-0.23902626000000002,7.76364994
-0.23922515700000002,7.768146515
-0.239385232,7.767501354
-0.239426356,7.773954391
-0.23977951300000003,7.771389961
-0.23995274700000002,7.771945953
-0.240084223,7.768053532
-0.24020845100000002,7.769697666
-0.24046592800000002,7.766820908
-0.24072563300000002,7.770638466
-0.24096639400000003,7.768622875
-0.241079114,7.775116444
-0.241241846,7.771541119
-0.24142465700000001,7.77386713
-0.241589975,7.773258686
-0.24173449300000002,7.772488117
-0.24224677300000003,7.775580406
-0.24225747600000003,7.774003506
-0.24253961400000001,7.772322655
-0.24259428700000002,7.777577877
-0.242857907,7.776626587
-0.24297105500000002,7.774971485
-0.243233036,7.775242329
-0.24326454100000003,7.778420925
-0.24346587800000002,7.776212692
-0.24368611,7.779601574
-0.243786361,7.7797966
-0.24385206400000004,7.779688358
-0.24414919300000001,7.776652813
-0.244420566,7.778778553
-0.244555715,7.77818203
-0.24469648700000002,7.780584812
-0.244916715,7.780240059
-0.24524835100000003,7.779784203
-0.24540126300000004,7.78107214
-0.24555815400000003,7.781219482
-0.245675307,7.780133724
-0.24594247000000002,7.783912659
-0.24626070600000002,7.783683777
-0.24623097100000002,7.787683964
-0.24643324700000002,7.787436485
-0.24661435600000003,7.785464764
-0.24690726000000002,7.784291744
-0.24704870900000003,7.783482552
-0.24718143800000003,7.782161236
-0.247340359,7.782990456
-0.247544959,7.785983086
-0.24756355600000002,7.785043716
-0.247960001,7.785056591
-0.24806226400000003,7.789409161
-0.248371525,7.788090706
-0.248545438,7.789971828
-0.248735163,7.791164875
-0.24887808200000003,7.788154125
-0.24906977600000002,7.785692215
-0.24932582100000003,7.789534092
-0.24943452000000002,7.789905548
-0.24973800000000002,7.789937496
-0.24999964800000002,7.79110527
-0.250166699,7.792390823
-0.250313777,7.792286873
-0.25055116600000005,7.790307522
-0.250682766,7.790838718
-0.250828588,7.790590286
-0.250975648,7.789195061
-0.251224294,7.792674541
-0.251261463,7.795044899
-0.251532489,7.795190334
-0.25165664200000004,7.794141293
-0.25195999300000005,7.79279232
-0.252098994,7.792654514
-0.25231421400000004,7.795290947
-0.25246302000000004,7.79556942
-0.252698792,7.796106815
-0.25288618,7.79659605
-0.25327556,7.795380592
-0.25330822000000003,7.796971321
-0.253555762,7.794113636
-0.253691312,7.795986652
-0.253810178,7.799334526
-0.25401719700000003,7.799660206
-0.254298858,7.796840668
-0.254438646,7.799427986
-0.254600959,7.796288967
-0.25464588200000005,7.796069622
-0.25502068,7.797111988
-0.255235616,7.798079967
-0.25532509000000003,7.79730463
-0.255491191,7.801745415
-0.255737718,7.803013802
-0.25586921700000004,7.803606987
-0.25611612,7.803714275
-0.256310005,7.800821781
-0.25647602,7.803822994
-0.25663288100000003,7.806106091
-0.256992804,7.802332401
-0.257006606,7.802703381
-0.257298024,7.801564217
-0.25741882600000004,7.803180695
-0.25768166200000003,7.803933144
-0.257777629,7.803406715
-0.258042954,7.805610657
-0.25817099200000004,7.807016373
-0.25836554,7.807907104
-0.25833299800000004,7.804701805
-0.2587856,7.804352283
-0.258965516,7.80542469
-0.259008141,7.805979729
-0.25914579400000004,7.806071281
-0.25937195500000004,7.805895805
-0.259616509,7.806344986
-0.259961275,7.804530621
-0.260058926,7.806462288
-0.260262785,7.805243492
-0.26042813400000003,7.809456348
-0.26059962200000003,7.808691502
-0.260530535,7.81276226
-0.26068440600000004,7.81086874
-0.26086200400000004,7.81129694
-0.26108199200000004,7.812303543
-0.26123433,7.811772346
-0.261383643,7.811148643
-0.26166764800000003,7.812629223
-0.261833433,7.812356949
-0.261924015,7.815066338
-0.26215627,7.813986301
-0.26225742100000005,7.812469959
-0.262550324,7.811851501
-0.262736212,7.812168598
-0.26306054,7.813484669
-0.26317417400000004,7.814669132
-0.26340560100000004,7.815305233
-0.26352332900000003,7.812424183
-0.26380676200000003,7.812418461
-0.264005981,7.815348148
-0.26419973500000005,7.816403866
-0.264431417,7.817650318
-0.264557196,7.817616463
-0.26474408,7.818498135
-0.264901053,7.816414833
-0.265152025,7.816803455
-0.265589293,7.818406105
-0.265745973,7.8210392
-0.26593038700000005,7.81783247
-0.266020066,7.819449902
-0.26596613,7.818181515
-0.264741179,7.816491127
-0.258911153,7.81738472
-0.259578878,7.820508003
-0.25976390800000004,7.818817139
-0.259893779,7.820361137
-0.260119349,7.8187747
-0.26029513400000004,7.817443371
-0.260567194,7.822733402
-0.26067386200000003,7.820123196
-0.26089574800000004,7.819314957
-0.261004012,7.82081461
-0.26126997500000004,7.821388245
-0.26155895,7.82016468
-0.261803232,7.821656227
-0.26197157200000004,7.820955753
-0.262276065,7.819543839
-0.26237565300000004,7.822702885
-0.262520038,7.825677395
-0.262659268,7.822021961
-0.262945227,7.827008724
-0.262996292,7.824320793
-0.26333919,7.825965405
-0.26352611600000003,7.823871613
-0.263810141,7.824794292
-0.26397542700000004,7.82567358
-0.26412335200000003,7.825428486
-0.264280962,7.826785564
-0.264491321,7.824006081
-0.26470635400000003,7.827643871
-0.26485317,7.828327656
-0.26497394100000005,7.827992439
-0.265283867,7.828308105
-0.26542202400000003,7.825586319
-0.26553821,7.826522827
-0.265732998,7.826759338
-0.265863143,7.827618122
-0.26602770400000003,7.82626009
-0.26628318300000003,7.825098038
-0.26635079500000003,7.829241276
-0.266459111,7.829061031
-0.26676546,7.828784943
-0.266989179,7.830067158
-0.267098388,7.831567764
-0.26722357,7.834340096
-0.267312044,7.831929684
-0.267560289,7.832169533
-0.26767240800000003,7.830396175
-0.26794700600000004,7.83152914
-0.26805811900000004,7.831346512
-0.268162047,7.831850052
-0.26843500600000003,7.835986137
-0.268676907,7.832752705
-0.268764489,7.831643581
-0.269003441,7.832666397
-0.269108004,7.831715107
-0.26924098700000004,7.834701538
-0.269415685,7.833997726
-0.269599119,7.833842278
-0.26973064700000005,7.834869862
-0.269982277,7.836829185
-0.270105237,7.832876682
-0.270211906,7.834073544
-0.27037081900000004,7.83584404
-0.27067789200000003,7.836527824
-0.270716868,7.833634853
-0.270952091,7.834219456
-0.271081416,7.832365036
-0.27127431700000004,7.834282875
-0.271453873,7.835132599
-0.271596141,7.839904785
-0.27174523100000003,7.842877865
-0.27197986100000004,7.841784477
-0.272073819,7.839178562
-0.272217251,7.839556217
-0.272312296,7.840976715
-0.27262588600000004,7.840671539
-0.27283018200000003,7.83826828
-0.272908296,7.838629723
-0.2731846,7.840835571
-0.273374593,7.840982437
-0.273660783,7.83976078
-0.27388352600000004,7.837589264
-0.274007423,7.841328621
-0.274198755,7.841104507
-0.274472529,7.84254694
-0.27459255000000005,7.839173794
-0.274834511,7.841209412
-0.27502257700000005,7.839503765
-0.275211378,7.840464592
-0.275317743,7.84125185
-0.27537667600000004,7.846361637
-0.275697666,7.844003201
-0.275812938,7.843818665
-0.276077664,7.845498085
-0.27629818300000003,7.843949795
-0.276578484,7.845035076
-0.276676015,7.845109463
-0.276848448,7.842778683
-0.277014735,7.843275547
-0.277178703,7.842418671
-0.27737602100000003,7.844654083
-0.27761819800000004,7.844923973
-0.27767472800000004,7.844714165
-0.277922855,7.846814156
-0.27832549900000003,7.844450951
-0.278441846,7.844314098
-0.27864819,7.846682072
-0.27872551700000003,7.844604492
-0.27892244,7.847357273
-0.279070572,7.846788883
-0.27922782500000004,7.847930908
-0.279413994,7.845020771
-0.279761133,7.842199326
-0.279940944,7.84735918
-0.28010144200000003,7.847373009
-0.280239238,7.847097874
-0.280392937,7.849358559
-0.280604984,7.847877979
-0.280851801,7.849011898
-0.28079074800000003,7.847000122
-0.28111497500000004,7.847019672
-0.28132399,7.845081806
-0.281497549,7.847967148
-0.28168719200000003,7.848701477
-0.28175407,7.848993301
-0.282002906,7.850200653
-0.28219885,7.849407196
-0.28229574700000004,7.847624302
-0.282458761,7.84806776
-0.28273224,7.85031414
-0.282936134,7.850492954
-0.283094242,7.851372719
-0.283225084,7.851887703
-0.283404364,7.851438046
-0.283563175,7.851083279
-0.283817845,7.852028847
-0.284011721,7.850631237
-0.28407632,7.852518082
-0.28429988100000003,7.853013992
-0.284468698,7.855400562
-0.28465358100000004,7.852581978
-0.284826197,7.85004282
-0.285088726,7.85159874
-0.285260104,7.853979588
-0.285356594,7.854704857
-0.28561388200000004,7.854828358
-0.285817823,7.851958275
-0.285977758,7.854622841
-0.286212363,7.852436543
-0.28642071700000005,7.852578163
-0.286513191,7.852657795
-0.286820817,7.855575562
-0.286902557,7.856212139
-0.28718313900000003,7.855827332
-0.28736241,7.853866577
-0.28756625,7.853555202
-0.287765676,7.854563713
-0.28792273,7.852508545
-0.288195093,7.855480671
-0.288337683,7.856319904
-0.288492641,7.856182098
-0.28865065900000003,7.854575157
-0.288906174,7.855690956
-0.28906523100000003,7.855626106
-0.289429261,7.856730461
-0.28958879200000004,7.859984398
-0.28971264,7.858373165
-0.28991787700000005,7.857319832
-0.290149038,7.854961872
-0.290305488,7.861013412
-0.29049074,7.857955933
-0.290710209,7.859594822
-0.290885959,7.859453678
-0.291150393,7.858798504
-0.29129177300000003,7.856337547
-0.291399517,7.858767986
-0.291725506,7.858257294
-0.291812724,7.859420776
-0.292103427,7.859265327
-0.29216907400000003,7.858429909
-0.29237749900000004,7.861431599
-0.292579594,7.85933733
-0.292748648,7.860104561
-0.29287804700000003,7.857514381
-0.29320171700000003,7.860771179
-0.293276493,7.860604286
-0.293455783,7.86131382
-0.29372869500000004,7.862193584
-0.293926332,7.862313271
-0.29410060400000004,7.85489893
-0.29429028,7.858255386
-0.29443647500000003,7.859977722
-0.294683778,7.859133244
-0.29481619800000003,7.863993645
-0.295072531,7.86341238
-0.29524474,7.866066933
-0.295408783,7.861160755
-0.29557413800000004,7.865003586
-0.295735847,7.860654831
-0.295986695,7.860821247
-0.29619536700000004,7.863427639
-0.29645255400000003,7.863240719
-0.29658699600000005,7.861422062
-0.296877518,7.860004425
-0.297148215,7.862620831
-0.297220822,7.860061169
-0.29733476400000003,7.860751629
-0.2975283,7.861847878
-0.297787998,7.863470078
-0.298014965,7.863204002
-0.298167644,7.861124039
-0.298159243,7.859682083
-0.29847775400000004,7.863057613
-0.298718994,7.863540649
-0.29812348600000005,7.864939213
-0.29793855700000005,7.864886284
-0.298253557,7.866419792
-0.298400769,7.866913319
-0.29856983800000003,7.865048885
-0.298750667,7.864179134
-0.299023731,7.863924503
-0.29908148900000003,7.863331795
-0.299337299,7.8647542
-0.299343636,7.867479801
-0.29973102700000004,7.865941048
-0.299876941,7.86264801
-0.299980532,7.864831448
-0.30023434800000004,7.863565445
-0.30035916,7.867135525
-0.300629979,7.864592552
-0.30082966,7.866556168
-0.30098878,7.866224766
-0.301261643,7.864918232
-0.301336981,7.866531372
-0.30157966,7.865952492
-0.30175459800000004,7.867667198
-0.30201032,7.868562698
-0.30217144100000004,7.872535706
-0.30232061400000004,7.86827898
-0.302508865,7.869630814
-0.30281746000000004,7.868538857
-0.302929133,7.870740891
-0.303130286,7.869392395
-0.30325767600000003,7.868946552
-0.30353856500000004,7.86939764
-0.303748371,7.870277405
-0.30392383,7.869448185
-0.304071745,7.872552872
-0.30425406200000005,7.868259907
-0.304505784,7.868635654
-0.30469967400000003,7.868954182
-0.30480204,7.870465755
-0.30513102000000003,7.869656086
-0.305168781,7.868699074
-0.305396043,7.86825037
-0.305693798,7.86887598
-0.305804837,7.869235992
-0.30603598800000004,7.869587421
-0.306195196,7.870593071
-0.30633936300000003,7.871448517
-0.306550737,7.869022369
-0.30675782300000004,7.870657921
-0.30694033600000004,7.870020866
-0.307060057,7.867042065
-0.3073551,7.870933056
-0.30750129000000004,7.872296333
-0.30760760600000003,7.871077538
-0.307867398,7.871457577
-0.308033386,7.868830681
-0.308202509,7.87043047
-0.308414966,7.869670868
-0.30854027500000003,7.869625092
-0.308882946,7.871182919
-0.30891251200000003,7.873654842
-0.30900386700000004,7.871295929
-0.309270943,7.870804787
-0.309513003,7.872144699
-0.30965921100000005,7.872528553
-0.309924072,7.870491028
-0.31017014800000003,7.872457504
-0.310311587,7.872322559
-0.310502775,7.870240688
-0.310775381,7.871180058
-0.31073006200000003,7.863344193
-0.31068950300000003,7.86743927
-0.31099444600000004,7.866277695
-0.311191585,7.869260311
-0.311291203,7.86872673
-0.31159025100000004,7.86871767
-0.31173877,7.866405964
-0.311913449,7.864578247
-0.312117521,7.866688728
-0.31230373300000003,7.863339901
-0.31232243800000004,7.866989613
-0.312664133,7.865929604
-0.312756717,7.865693569
-0.312951017,7.862976551
-0.313161269,7.864593029
-0.313314743,7.868905067
-0.313491993,7.868985653
-0.31374340100000003,7.866482258
-0.313900184,7.871275425
-0.31406993,7.868551731
-0.31420239800000005,7.869181633
-0.31442769200000004,7.866175652
-0.31462269600000003,7.867787838
-0.31478261900000004,7.86832571
-0.314960036,7.869335175
-0.315213427,7.867755413
-0.31524449200000004,7.866371155
-0.31552236100000003,7.869992733
-0.315622996,7.869524479
-0.31584754200000004,7.866716385
-0.316112008,7.868011951
-0.316301811,7.869061947
-0.31643978500000003,7.87124157
-0.31669008400000004,7.870790958
-0.31692216500000003,7.870110035
-0.31712575600000004,7.869193554
-0.317271855,7.868099689
-0.31744562800000004,7.867537975
-0.317721374,7.869262218
-0.31784144400000003,7.869753361
-0.318128854,7.873357296
-0.318364561,7.869868755
-0.318448573,7.869514465
-0.31858068700000003,7.869603157
-0.31869464000000003,7.868691921
-0.318912853,7.87121439
-0.31903539200000003,7.87322855
-0.319331501,7.870483875
-0.31936257,7.872511864
-0.319605317,7.871049881
-0.31991639400000005,7.86907959
-0.320036739,7.865870953
-0.320233315,7.871947289
-0.32033940800000005,7.870266438
-0.320642129,7.869790077
-0.320714347,7.87220335
-0.32085560300000004,7.871746063
-0.321061309,7.872303486
-0.321152888,7.871459007
-0.321582857,7.873855114
-0.321638584,7.872340679
-0.321737859,7.869694233
-0.32203190800000003,7.870131969
-0.322144922,7.870432854
-0.322403979,7.871030331
-0.32260539,7.869003773
-0.322841525,7.872003078
-0.323073626,7.873514175
-0.323115598,7.874337673
-0.323341537,7.875766277
-0.323531948,7.873369694
-0.323817491,7.871645451
-0.323961053,7.870911598
-0.323991742,7.870405197
-0.324341007,7.872554302
-0.324498132,7.871829987
-0.324645773,7.872883797
-0.324849375,7.872811317
-0.32507035100000004,7.874564648
-0.325253762,7.871263504
-0.32538004600000003,7.87033844
-0.325641457,7.870833874
-0.32565665600000004,7.873576641
-0.32599469600000003,7.872693539
-0.32623254100000004,7.872771263
-0.326228436,7.872395515
-0.326476168,7.86961937
-0.326595597,7.870801449
-0.326877691,7.869968414
-0.326960906,7.872172356
-0.327153448,7.872810364
-0.327228036,7.871661663
-0.327435788,7.872392654
-0.327648308,7.872846127
-0.327875495,7.871927261
-0.328073025,7.873073578
-0.328172158,7.873585701
-0.32834924000000004,7.875805378
-0.328477289,7.873073101
-0.328654636,7.873602867
-0.328849696,7.871584892
-0.328981772,7.871607304
-0.32917216400000004,7.872286797
-0.32933415800000004,7.873274326
-0.32954224200000004,7.871713161
-0.32968134400000004,7.871345997
-0.329966038,7.872381687
-0.33006836500000003,7.8704319
-0.330230843,7.871402264
-0.330402393,7.871930122
-0.330622062,7.872768879
-0.330773823,7.87480545
-0.330932066,7.87485981
-0.330955844,7.873700619
-0.331270777,7.873722553
-0.33139909100000003,7.876334667
-0.331597295,7.87211895
-0.33173476900000004,7.877488136
-0.33192034400000003,7.871909618
-0.33201471000000005,7.87515974
-0.332202349,7.872973919
-0.332310773,7.872130871
-0.332658995,7.871201038
-0.33281662700000003,7.874659538
-0.333104767,7.873731136
-0.33319597300000003,7.871779919
-0.333295524,7.873065472
-0.33342044800000004,7.873643875
-0.333707925,7.874530792
-0.33377613500000003,7.877040863
-0.33411032,7.871142387
-0.334316473,7.872564793
-0.334371231,7.87400341
-0.33447999500000003,7.873531818
-0.334770027,7.877132893
-0.33495925400000004,7.875676632
-0.334982965,7.875006676
-0.33519867400000003,7.872647285
-0.335599735,7.874353886
-0.335818,7.874229431
-0.33596630800000005,7.875089645
-0.335776564,7.876018047
-0.33615122000000003,7.875229359
-0.33630596500000004,7.874871254
-0.336336169,7.87519455
-0.33644161,7.877239704
-0.33670396700000005,7.873990059
-0.33698178500000003,7.872511387
-0.33711753,7.876824379
-0.337097101,7.876465321
-0.33754652,7.879014492
-0.337703109,7.874442577
-0.33785604700000005,7.873743057
-0.33805998000000004,7.872959137
-0.33826517300000003,7.87501812
-0.338522725,7.872381687
-0.338708281,7.874313831
-0.33885582200000003,7.876468658
-0.33910175400000003,7.875648499
-0.33925255000000004,7.871160984
-0.339510295,7.871438026
-0.339613918,7.874603271
-0.339880556,7.874849319
-0.340033483,7.87354517
-0.34016919100000004,7.875645638
-0.34029140700000005,7.875353336
-0.340526041,7.874300957
-0.340835478,7.875017643
-0.34097475600000005,7.874491215
-0.34113670900000004,7.875908375
-0.34145202900000005,7.875336647
-0.341594312,7.873327255
-0.341729455,7.874242306
-0.34195945800000005,7.872589111
-0.34220884700000004,7.873093128
-0.34234938000000004,7.873716831
-0.342585631,7.873465538
-0.34276779700000004,7.8737607
-0.343065768,7.876929283
-0.34321776000000004,7.876461983
-0.343312085,7.875572681
-0.343346052,7.869232655
-0.343581185,7.874467373
-0.34372907900000005,7.871278763
-0.34399960900000004,7.873288631
-0.344100624,7.874911308
-0.344153933,7.876588821
-0.34450784300000004,7.876094818
-0.344484903,7.876055717
-0.344751209,7.873654842
-0.345116317,7.872787952
-0.345232621,7.875515938
-0.34549006800000004,7.87355423
-0.345645264,7.875271797
-0.345727295,7.875911713
-0.346020013,7.874488831
-0.346220605,7.876637459
-0.34624339600000004,7.875729561
-0.346651882,7.876695156
-0.346807167,7.875801563
-0.347120255,7.877334595
-0.34705445900000004,7.87391758
-0.34742981900000003,7.873783112
-0.34756474200000004,7.874180317
-0.347873017,7.873073578
-0.348009452,7.87234211
-0.34820627400000004,7.875199318
-0.34834671,7.875800133
-0.348541692,7.872624874
-0.34866421700000005,7.875527859
-0.348731264,7.874054432
-0.348940715,7.873735428
-0.349241324,7.874058247
-0.349297367,7.873342991
-0.34963224800000003,7.875831127
-0.349646255,7.873870373
-0.34989601400000003,7.875004768
-0.35005421200000003,7.873366833
-0.350190274,7.875212193
-0.35031734400000003,7.874214649
-0.350527346,7.874973774
-0.350679934,7.872166634
-0.35099823,7.876047611
-0.351165891,7.871232033
-0.351402663,7.874922276
-0.35143648800000005,7.872716904
-0.351763323,7.870696545
-0.351897508,7.872999668
-0.352107115,7.875121593
-0.352120712,7.874493122
-0.352370828,7.874040127
-0.352551594,7.871947289
-0.352744378,7.874258041
-0.352853142,7.874833107
-0.35310848100000003,7.874409676
-0.353234276,7.873168468
-0.353460461,7.876193047
-0.353644654,7.874450207
-0.35386572800000005,7.872498035
-0.353994928,7.874499798
-0.35419382200000005,7.870710373
-0.35424930600000004,7.873384476
-0.354579329,7.87330246
-0.354685135,7.876271725
-0.35519347300000004,7.88122654
-0.355314866,7.882388592
-0.35561897600000003,7.87700367
-0.35568805800000003,7.874200344
-0.35583132500000003,7.875895977
-0.35599396400000005,7.877307415
-0.356180422,7.878875732
-0.356323793,7.878063679
-0.35649609600000004,7.880169868
-0.356617883,7.879991055
-0.356939726,7.878240585
-0.357081942,7.876212597
-0.35721824300000005,7.879512787
-0.35734362900000005,7.879406452
-0.357590042,7.876322746
-0.35778860700000004,7.878679276
-0.358041637,7.877940178
-0.358188607,7.87950325
-0.35823831700000003,7.87819767
-0.35864250400000003,7.877280712
-0.35867979400000005,7.880735874
-0.358958796,7.877725124
-0.359055601,7.881044388
-0.359169334,7.877658844
-0.359303363,7.877325535
-0.359541312,7.879295826
-0.35982073800000003,7.875813007
-0.359959483,7.877166271
-0.36015813,7.877630711
-0.36020246100000003,7.878158092
-0.36046568300000004,7.878483772
-0.360787265,7.878819942
-0.36085140000000004,7.873766422
-0.360914811,7.876428604
-0.36122503100000003,7.875130177
-0.36133690900000004,7.876266479
-0.361522265,7.880325794
-0.361746184,7.879469872
-0.361934565,7.87729454
-0.36213463500000004,7.87648344
-0.362331293,7.877699375
-0.362456597,7.878969669
-0.362700365,7.878332615
-0.36292550700000004,7.875333309
-0.362998456,7.87777853
-0.36316838100000004,7.877209187
-0.36336323600000003,7.875606537
-0.36358153800000004,7.877407074
-0.363618433,7.876443863
-0.363888204,7.874606609
-0.36402263500000004,7.876142979
-0.36421172300000004,7.877811432
-0.36438453200000004,7.877035618
-0.364637241,7.875435352
-0.364726692,7.875098705
-0.36505045700000005,7.872583866
-0.36507406800000003,7.874855518
-0.365361422,7.874380589
-0.36551673700000004,7.878025532
-0.365770221,7.876480579
-0.36603530500000003,7.875965595
-0.366093673,7.875197411
-0.366331436,7.874177933
-0.366458885,7.87534523
-0.366648599,7.874969006
-0.36676731,7.878047466
-0.367071181,7.875408649
-0.367280841,7.878086567
-0.367304809,7.877193928
-0.367432624,7.876374245
-0.36777316000000004,7.874402523
-0.367943495,7.87237978
-0.36816086600000003,7.875191689
-0.368215047,7.875567913
-0.36831820000000004,7.875085354
-0.368579268,7.87768507
-0.36866428700000003,7.876533508
-0.36880406,7.873504162
-0.36901274300000003,7.876172066
-0.369207263,7.876124859
-0.369400561,7.877191544
-0.369575717,7.876533508
-0.369676612,7.872726917
-0.36991781,7.873530865
-0.37003272000000004,7.876554489
-0.37020538700000005,7.872713089
-0.370394334,7.875154972
-0.370601177,7.875838757
-0.37079519800000005,7.8745327
-0.370992035,7.87442112
-0.37117457400000003,7.871480465
-0.37137397400000005,7.871384144
-0.37168932,7.87541914
-0.371853039,7.874073505
-0.371907212,7.876230717
-0.372107156,7.873762131
-0.372300275,7.873624802
-0.372616239,7.874057293
-0.372690834,7.874828339
-0.372779839,7.872045994
-0.37307641700000005,7.871728897
-0.37316595,7.875095844
-0.37344066800000003,7.876376152
-0.373601258,7.871521473
-0.373750336,7.873091698
-0.37397109,7.87224102
-0.37409707200000003,7.873722553
-0.37428692,7.871963501
-0.374464676,7.871986866
-0.374611437,7.871982574
-0.374790214,7.871826172
-0.375014946,7.871096134
-0.375187941,7.871943951
-0.37542107700000005,7.869540691
-0.375504509,7.871451855
-0.375697859,7.873954296
-0.375855058,7.871636391
-0.376036592,7.873361588
-0.376237296,7.872874737
-0.376479343,7.869976997
-0.376669623,7.870339394
-0.37692637,7.872640133
-0.37694913100000005,7.872580528
-0.377184458,7.874387741
-0.377310492,7.874282837
-0.377693661,7.872028351
-0.37794232400000005,7.870326996
-0.37800937900000003,7.87058115
-0.378189802,7.872525692
-0.37845991500000004,7.872893333
-0.378566742,7.871764183
-0.378796332,7.872436523
-0.378975451,7.871808052
-0.379233159,7.868616581
-0.37935771,7.871059895
-0.37952444,7.871263504
-0.379783839,7.86895752
-0.380004547,7.869446278
-0.38030334600000004,7.870505333
-0.38036651200000005,7.871451855
-0.38053849300000003,7.868115425
-0.38075099900000003,7.870127678
-0.380759045,7.869820595
-0.38092701100000004,7.869183064
-0.381217956,7.871028423
-0.381479844,7.872515678
-0.381511062,7.873242855
-0.381664872,7.868350983
-0.381829664,7.866600037
-0.382127911,7.869608402
-0.382343404,7.870583534
-0.382450834,7.871058941
-0.382666022,7.869099617
-0.382806517,7.87156868
-0.382964052,7.869271755
-0.38319019200000004,7.870559692
-0.383477136,7.866396904
-0.38376092900000003,7.867857456
-0.38386437300000004,7.866646767
-0.384141199,7.867538929
-0.384252079,7.87087965
-0.384316519,7.870045185
-0.384511985,7.866076469
-0.38473448200000004,7.86916256
-0.384821482,7.865325451
-0.385190725,7.867897034
-0.385222033,7.870298862
-0.385476865,7.869794846
-0.385724626,7.867923737
-0.385848515,7.868027687
-0.386019029,7.866359711
-0.38622275,7.866944313
-0.38655278800000004,7.865186214
-0.386606805,7.867552757
-0.3867881,7.871190071
-0.387030259,7.869660378
-0.387156561,7.867477417
-0.38725954300000004,7.866359711
-0.3874496,7.869515419
-0.387642078,7.866671085
-0.387867257,7.870059013
-0.3880262,7.866985321
-0.388313726,7.866419792
-0.38849581,7.866727352
-0.388537951,7.863729954
-0.388870627,7.862716675
-0.388903312,7.86429739
-0.389111973,7.866510868
-0.389386728,7.866758823
-0.38955827800000004,7.869103909
-0.38978865,7.866543293
-0.38992065200000003,7.864916325
-0.390096247,7.866105556
-0.390444279,7.864649296
-0.390481397,7.865297794
-0.390684001,7.864097118
-0.390905157,7.867987156
-0.391176231,7.867532253
-0.39124162500000004,7.866912365
-0.391404711,7.867577553
-0.391608924,7.864332199
-0.391988993,7.865040779
-0.392091058,7.866014004
-0.39230271400000005,7.864575863
-0.39244137,7.86213541
-0.392590947,7.863969326
-0.39269879500000004,7.865088463
-0.39298408500000004,7.865259647
-0.393103674,7.863245964
-0.39327876300000003,7.863998413
-0.393484689,7.867306232
-0.39373754000000005,7.865326405
-0.393869713,7.8648386
-0.39403694100000003,7.861608505
-0.39416534400000003,7.865242004
-0.394459985,7.8630023
-0.394576311,7.866996288
-0.394782528,7.862435818
-0.394942298,7.863473415
-0.39498459500000005,7.861933231
-0.39537917100000003,7.863868237
-0.39545219400000003,7.860417366
-0.39552084400000004,7.86262989
-0.39581503,7.862485886
-0.395871676,7.864918232
-0.396086901,7.864269733
-0.396139942,7.864863873
-0.396375343,7.862534523
-0.396827698,7.859972954
-0.396994792,7.861003876
-0.397067361,7.862206936
-0.397306621,7.861161709
-0.397492088,7.859777451
-0.397699542,7.861999512
-0.397894837,7.861614704
-0.39815948900000003,7.858444214
-0.398254849,7.857179165
-0.398545988,7.861141682
-0.398634739,7.86611414
-0.39887092300000004,7.861768723
-0.399063438,7.863361835
-0.399241894,7.860248089
-0.399324998,7.861933231
-0.399507873,7.859303474
-0.399838224,7.860318184
-0.40001937,7.859442711
-0.40018530900000004,7.86013031
-0.400308542,7.860782146
-0.40044461200000003,7.860307693
-0.400744162,7.858522892
-0.400786541,7.858995438
-0.400941372,7.858208179
-0.401162974,7.859636307
-0.40128164,7.857409954
-0.401374169,7.859517574
-0.401601553,7.857976437
-0.40177705900000005,7.857132912
-0.40202547600000005,7.85678339
-0.402139142,7.856112957
-0.402459919,7.856966496
-0.402654864,7.856905937
-0.402847357,7.858793736
-0.40296278100000005,7.861495495
-0.40322482600000004,7.85850811
-0.403387964,7.85720253
-0.403549001,7.854698658
-0.403701425,7.859014988
-0.403722629,7.857733727
-0.403871052,7.856066704
-0.404225133,7.855293274
-0.40446478900000005,7.856458664
-0.40459278200000004,7.855120659
-0.40475110700000005,7.855119705
-0.40477441200000003,7.856992245
-0.405137911,7.856927395
-0.405389801,7.855670452
-0.405483916,7.859751225
-0.405495658,7.856799603
-0.40587718800000006,7.854523659
-0.406041309,7.853270054
-0.40614263700000003,7.854168892
-0.40633487700000004,7.85471344
-0.406516835,7.856239796
-0.40671682400000003,7.85605669
-0.40680193900000006,7.854590416
-0.407054216,7.854428291
-0.40720297400000005,7.852765083
-0.407342568,7.852771282
-0.40744072200000003,7.849513054
-0.407743871,7.852020741
-0.407868728,7.852415562
-0.40802739600000004,7.854743481
-0.40831323,7.853415966
-0.408546925,7.851297379
-0.408696681,7.854201794
-0.408968329,7.854767323
-0.409146398,7.854049683
-0.409363538,7.853538513
-0.409502178,7.857277393
-0.409662038,7.855307102
-0.409907818,7.853744507
-0.41011428800000005,7.851529121
-0.410312578,7.852537632
-0.41046063600000005,7.852825642
-0.410540342,7.852727413
-0.410824984,7.852092266
-0.41113466,7.851906776
-0.411366999,7.85285902
-0.411551088,7.85176754
-0.411730528,7.851059437
-0.411917597,7.852648258
-0.412048921,7.849573612
-0.412168518,7.852642536
-0.412431687,7.850840092
-0.412537172,7.852067947
-0.41262181100000006,7.848325253
-0.412954748,7.848092079
-0.413111538,7.847506523
-0.413208291,7.852427006
-0.41334502400000006,7.851834297
-0.413535535,7.851921082
-0.413714692,7.851766586
-0.41388800700000006,7.848527908
-0.414016694,7.850710392
-0.41419962,7.852347851
-0.414481223,7.852005482
-0.414499178,7.853650093
-0.414756998,7.852025032
-0.414951116,7.851460934
-0.41500976700000003,7.848670483
-0.41519931,7.849989891
-0.415279359,7.846132755
-0.415427044,7.847337723
-0.415810212,7.847820282
-0.41605553,7.848893642
-0.416122675,7.84668684
-0.416405335,7.847625256
-0.416607901,7.846765995
-0.41681976600000004,7.844887257
-0.41692002100000003,7.846400261
-0.417179584,7.846617222
-0.417195216,7.845380306
-0.417488396,7.846228123
-0.417605922,7.846880913
-0.41777043,7.847387314
-0.41801369200000005,7.846843243
-0.41829904900000003,7.846216679
-0.418390393,7.84538269
-0.418657944,7.846538067
-0.41883280900000003,7.849115372
-0.41893187200000004,7.84611845
-0.419129193,7.846790791
-0.41938732600000006,7.84540987
-0.41956608,7.844073296
-0.41967991000000004,7.843585014
-0.419854253,7.841927528
-0.420091003,7.843569756
-0.420346945,7.841346741
-0.42048361900000003,7.844734669
-0.420699924,7.843421936
-0.42095057700000005,7.843546391
-0.42116518300000005,7.842480659
-0.42117269300000004,7.843463421
-0.421193242,7.842587948
-0.421432599,7.844105721
-0.421783209,7.843700886
-0.421995997,7.843271255
-0.421798184,7.843247414
-0.422307938,7.845697403
-0.42231340700000003,7.842171669
-0.42255047,7.842857838
-0.42248754200000005,7.843463421
-0.42286773,7.83986187
-0.422971114,7.841657162
-0.423169672,7.839078903
-0.42334578900000003,7.837528706
-0.423372835,7.840620041
-0.42369908100000003,7.841789246
-0.42384991000000005,7.843245983
-0.42405787100000003,7.840166569
-0.424207121,7.840060234
-0.424361229,7.842496395
-0.42463927,7.8415308
-0.424707755,7.841385365
-0.42497576800000003,7.84275341
-0.425217316,7.840196609
-0.425250158,7.840143204
-0.425566763,7.840179443
-0.425793737,7.838234425
-0.42607300000000004,7.839169025
-0.42612724,7.839047432
-0.42635567500000005,7.840046883
-0.426549807,7.839209557
-0.42671422700000006,7.840067863
-0.426871359,7.837816715
-0.426907912,7.839407444
-0.42727224500000005,7.838164806
-0.427529409,7.837347984
-0.42762763800000003,7.838411808
-0.427779779,7.839362621
-0.427979499,7.837838173
-0.42830351,7.835900784
-0.4284091,7.835689068
-0.428575888,7.837585926
-0.428742737,7.835445881
-0.428928018,7.836640358
-0.429064691,7.835211754
-0.42934490700000005,7.837478161
-0.42958572500000003,7.839576721
-0.429662958,7.835203171
-0.42986892200000004,7.832755089
-0.429887995,7.836313725
-0.43022857600000003,7.836679935
-0.430482835,7.836310863
-0.43063330600000005,7.836352825
-0.430731863,7.833388329
-0.431066677,7.835752487
-0.431283027,7.834709644
-0.43137419200000005,7.835285187
-0.431437999,7.835042953
-0.431793958,7.836912632
-0.431908369,7.835240364
-0.432122707,7.833140373
-0.43224541800000005,7.833462238
-0.43260490900000004,7.834196091
-0.432772219,7.83460331
-0.432912901,7.834383011
-0.433069527,7.830898762
-0.433308169,7.832945347
-0.43345838800000003,7.831511974
-0.433658957,7.831384182
-0.433713883,7.833342552
-0.434045032,7.830699444
-0.434111208,7.829503059
-0.434439182,7.831356525
-0.43456774900000006,7.83211565
-0.43486268800000005,7.831470013
-0.435045943,7.829051495
-0.43520136200000004,7.827977657
-0.435327366,7.830904961
-0.435485974,7.828164101
-0.435774177,7.827579021
-0.435954153,7.829778671
-0.43602553,7.83015728
-0.436139673,7.830457211
-0.43641778800000003,7.829983234
-0.436598897,7.828783989
-0.43672278500000006,7.828669548
-0.43683752400000003,7.827682495
-0.43697768400000003,7.827032089
-0.43728263700000003,7.829044819
-0.437542468,7.827505112
-0.43768389500000004,7.830079556
-0.43784812100000003,7.823922157
-0.43809889300000004,7.826200008
-0.438191906,7.82595253
-0.438479289,7.826463223
-0.438429102,7.827777863
-0.43881543,7.830040932
-0.43892958800000004,7.828009129
-0.439153224,7.8292799
-0.439380318,7.825864315
-0.439352155,7.824111462
-0.43974182000000006,7.822852135
-0.43981286900000005,7.826831341
-0.439979047,7.826595306
-0.440355182,7.826072693
-0.44046567400000003,7.827668667
-0.44058041300000006,7.826704502
-0.440867528,7.824912548
-0.441150874,7.822196007
-0.441177025,7.825341225
-0.441283986,7.825244427
-0.44146081800000003,7.825716972
-0.44165535300000003,7.823747635
-0.441856652,7.822518349
-0.44207370300000004,7.822342873
-0.442278564,7.823676109
-0.44250583600000004,7.821557522
-0.44272923500000005,7.823282242
-0.442803219,7.824774742
-0.442967683,7.823727608
-0.44318918900000004,7.821712971
-0.44328296200000006,7.821808815
-0.443499803,7.820603848
-0.44380556000000004,7.820271015
-0.444041938,7.819905758
-0.44400973600000004,7.822156906
-0.444296449,7.81856823
-0.444490567,7.819752216
-0.44472345700000004,7.821444511
-0.444849178,7.818147182
-0.445138752,7.818413258
-0.44542461600000005,7.818507195
-0.445471689,7.818650723
-0.445752367,7.82322216
-0.446046516,7.820067406
-0.44621786500000005,7.819903374
-0.446429059,7.818834782
-0.446657866,7.817427635
-0.44671316400000005,7.817144871
-0.447007701,7.8185215
-0.447236642,7.820422649
-0.447308853,7.818470478
-0.447505787,7.817869186
-0.447628021,7.816617012
-0.447755426,7.813351154
-0.447958365,7.817077637
-0.44829911,7.815630913
-0.44833222000000006,7.816917896
-0.448591575,7.815984249
-0.44886550300000005,7.81662035
-0.448895097,7.815931797
-0.44904921900000005,7.814487457
-0.44927120200000004,7.81293869
-0.4493929,7.81494236
-0.449663281,7.813420296
-0.44982245600000004,7.816633224
-0.45008219800000004,7.814065456
-0.45021136100000003,7.813207626
-0.450476751,7.814376831
-0.450434834,7.811250687
-0.450651899,7.813374519
-0.45094099600000004,7.815290928
-0.45104785300000005,7.813894272
-0.451291278,7.813958645
-0.45153124600000005,7.811215401
-0.451623321,7.810687542
-0.45184461800000003,7.809923172
-0.452226177,7.812387943
-0.452112988,7.813076973
-0.45239874700000005,7.813185215
-0.452582523,7.808571815
-0.452787474,7.808682919
-0.45299242400000006,7.806030273
-0.45328669200000005,7.808917046
-0.45333758,7.809233189
-0.45372147900000004,7.811404228
-0.45390825,7.811163425
-0.453986287,7.811932087
-0.454305828,7.811099529
-0.454576835,7.809979439
-0.45468872800000004,7.808938026
-0.454940498,7.81093502
-0.455103382,7.809675217
-0.455334276,7.80682373
-0.455277085,7.810253143
-0.455771029,7.807145119
-0.45571833800000006,7.808358192
-0.456040427,7.807414532
-0.456111237,7.806774139
-0.45615063600000005,7.808393002
-0.456524774,7.807741642
-0.45679795700000003,7.805369377
-0.45680175700000003,7.805875778
-0.45717863700000005,7.803734779
-0.457325384,7.805068016
-0.457392976,7.802453518
-0.457673967,7.802877426
-0.457795143,7.805849552
-0.458116218,7.808659554
-0.45838981900000003,7.805812359
-0.458589479,7.807340622
-0.45886522500000004,7.805222511
-0.458985463,7.803428173
-0.459224179,7.804396152
-0.459444925,7.805064201
-0.45947232800000004,7.804883957
-0.45961421700000005,7.803660393
-0.459806979,7.804966927
-0.460046709,7.80066061
-0.460173234,7.802097797
-0.46032683500000005,7.801870346
-0.46055021900000004,7.800936699
-0.460712954,7.804093361
-0.46097959600000005,7.803499699
-0.461001754,7.802052975
-0.461375609,7.79949379
-0.461545125,7.798998356
-0.46173171700000004,7.798503399
-0.461860627,7.797216415
-0.462110966,7.799441814
-0.46235577800000005,7.801102638
-0.46246208200000005,7.802494049
-0.46260805400000005,7.797394276
-0.462898359,7.79958725
-0.46301858100000004,7.799780846
-0.463187769,7.79861927
-0.463410005,7.799532413
-0.46357640600000005,7.797887325
-0.463691011,7.800863743
-0.463950753,7.798689842
-0.46396124400000005,7.795372963
-0.464345589,7.797588348
-0.46444873500000006,7.798164845
-0.464674056,7.795505047
-0.464838773,7.797664165
-0.465043589,7.796470165
-0.46518956100000003,7.796685219
-0.465389728,7.796067238
-0.46555306,7.79496336
-0.465773538,7.795372009
-0.465971738,7.795411587
-0.466111034,7.794443607
-0.46644493900000006,7.796738625
-0.46669203000000004,7.791391373
-0.46686480900000005,7.793127537
-0.46702787300000004,7.793921947
-0.46718223400000003,7.796864033
-0.46735693500000003,7.795016289
-0.467615142,7.793166161
-0.467785343,7.793980598
-0.46780534100000004,7.793182373
-0.468147576,7.791501045
-0.468349546,7.791189194
-0.468563721,7.791548252
-0.468681633,7.793208122
-0.468893647,7.793691635
-0.46913932300000005,7.791277885
-0.46938535600000003,7.792723656
-0.469513729,7.788596153
-0.46966785200000005,7.787116528
-0.46992465800000005,7.789886951
-0.470132098,7.7927742
-0.47023578,7.789425373
-0.470559612,7.791172504
-0.47064743900000006,7.78853178
-0.470881119,7.789490223
-0.471062884,7.789825916
-0.47128410600000004,7.789982796
-0.47144974800000006,7.787897587
-0.471451506,7.788581371
-0.471567556,7.787816048
-0.471754044,7.787758827
-0.47180862700000004,7.788249016
-0.47212252,7.789058685
-0.472428426,7.789011955
-0.472553283,7.787795067
-0.472785801,7.787575722
-0.473024189,7.783830166
-0.47306776000000006,7.784441948
-0.47325360800000005,7.782530785
-0.473462939,7.782959461
-0.473570406,7.786947727
-0.473603398,7.785203457
-0.47383974500000003,7.786485672
-0.474003226,7.782102108
-0.47419410900000003,7.782608032
-0.47428970000000004,7.781741142
-0.47438229600000004,7.785232544
-0.474591643,7.786230087
-0.474760666,7.786007404
-0.47487682100000006,7.783333302
-0.475075707,7.782610416
-0.475243941,7.780667782
-0.47553810500000004,7.779127598
-0.47569027500000005,7.778623581
-0.475865439,7.779384136
-0.47599054900000004,7.781710148
-0.47616310400000006,7.779738903
-0.47629599300000003,7.781564713
-0.47640787100000004,7.779188156
-0.47655020600000003,7.779970646
-0.47699634700000004,7.777117729
-0.477033466,7.781003952
-0.477362737,7.782050133
-0.47757791000000005,7.781391621
-0.477697745,7.778815746
-0.47785715800000006,7.774296284
-0.47814185900000006,7.773999691
-0.478317231,7.776778221
-0.478414655,7.777821541
-0.478690237,7.77909708
-0.478776157,7.777366161
-0.479088128,7.780629635
-0.47927406400000006,7.777202129
-0.47942945400000003,7.777898312
-0.479644537,7.777434349
-0.479840666,7.776049614
-0.480083391,7.77613163
-0.48025584200000004,7.774406433
-0.480493098,7.775746346
-0.48060642200000003,7.772168636
-0.480665609,7.776069164
-0.480729312,7.775362015
-0.480943322,7.773275852
-0.481108859,7.774817467
-0.481339797,7.774977207
-0.48127786800000005,7.772195339
-0.48174469200000003,7.773514748
-0.481938124,7.770517349
-0.482035339,7.771930695
-0.482195079,7.772228718
-0.482391939,7.772660255
-0.482518464,7.771101952
-0.48276083200000003,7.771315098
-0.483066216,7.775372982
-0.483059481,7.770933628
-0.483235136,7.771731853
-0.483491495,7.773005009
-0.48362305800000005,7.77419281
-0.483795255,7.769881248
-0.48404912600000005,7.769073486
-0.484276324,7.765333176
-0.484406605,7.767976284
-0.484614149,7.768150806
-0.48477847900000004,7.769260883
-0.485107332,7.771651745
-0.48517081100000004,7.771211147
-0.48538281000000005,7.770405293
-0.485543296,7.768945217
-0.48589821200000005,7.767487049
-0.486019283,7.769939423
-0.48621423500000005,7.768569946
-0.48648397600000004,7.766767979
-0.486624524,7.767375946
-0.48676677,7.767897606
-0.48699250800000005,7.763633728
-0.487162262,7.766167164
-0.487283558,7.766356468
-0.487460747,7.766988277
-0.487715512,7.767678261
-0.48783351500000005,7.766945839
-0.488078669,7.763319969
-0.488123283,7.762568474
-0.488396913,7.764745712
-0.48860912,7.76185894
-0.488862336,7.765201569
-0.488858402,7.761978149
-0.489110783,7.760178089
-0.489261836,7.762680054
-0.489493206,7.763938427
-0.48976925000000004,7.762721062
-0.48979063300000003,7.764696121
-0.49001985800000003,7.763628483
-0.490207866,7.76571846
-0.490395263,7.762619019
-0.490731165,7.76158905
-0.490863308,7.761590004
-0.49100311100000005,7.760622025
-0.49110686800000003,7.76111269
-0.49137587800000004,7.759976864
-0.49155086300000006,7.761035919
-0.491680294,7.760892391
-0.491906822,7.760138035
-0.49211595900000005,7.760764122
-0.49224697,7.758206844
-0.492494643,7.75703764
-0.492669955,7.757834435
-0.492841765,7.756817341
-0.492956221,7.758040905
-0.493178457,7.757660389
-0.49338677500000006,7.758271694
-0.49334098400000004,7.758040905
-0.49371168,7.757119179
-0.493983194,7.756725788
-0.494076371,7.75596714
-0.49427895200000005,7.757061005
-0.494441166,7.754241943
-0.494663,7.753031731
-0.494772538,7.753893852
-0.495151371,7.751695633
-0.49524839200000004,7.752426147
-0.495492339,7.753200531
-0.495619327,7.753745556
-0.495769963,7.755576611
-0.495988458,7.757196426
-0.496140301,7.753468513
-0.49634397,7.752946854
-0.496466666,7.750581264
-0.49673190700000003,7.751142502
-0.49678295800000005,7.747992992
-0.497084886,7.752524376
-0.49699451000000006,7.752242088
-0.49737319300000005,7.752243996
-0.497584209,7.752953053
-0.497707814,7.750758648
-0.49795657400000004,7.748196602
-0.49803762100000004,7.747703552
-0.498410597,7.749182701
-0.498556286,7.749779701
-0.498747602,7.748977661
-0.499029979,7.749875069
-0.49911189100000003,7.75173521
-0.499380693,7.745957851
-0.499521971,7.746544838
-0.499693796,7.745743752
-0.49989669000000003,7.747276783
-0.500221282,7.747430801
-0.5003395230000001,7.745748997
-0.500628382,7.745259762
-0.500750467,7.747613907
-0.500916168,7.744284153
-0.501075998,7.744537354
-0.501345009,7.745009899
-0.501541644,7.745097637
-0.501691714,7.7475214
-0.50178419,7.743685722
-0.502021834,7.739248276
-0.502221361,7.740552425
-0.502422854,7.740365028
-0.502488479,7.742929459
-0.50279057,7.744198322
-0.502952337,7.743465424
-0.503153041,7.74126482
-0.50325568,7.741292953
-0.5035310390000001,7.740612984
-0.503664091,7.74016571
-0.503892258,7.742740154
-0.504031435,7.741863728
-0.5043011310000001,7.738698483
-0.504391715,7.736959934
-0.504706368,7.740646362
-0.504895002,7.739822388
-0.505139142,7.739418983
-0.505316302,7.738783836
-0.505467385,7.744506836
-0.505464315,7.740712166
-0.505729705,7.738119602
-0.505917668,7.737268448
-0.50610736,7.737509727
-0.506157502,7.737458706
-0.506619915,7.73607254
-0.506746769,7.7385602
-0.506949052,7.737570763
-0.507110104,7.737071991
-0.507341966,7.737161636
-0.507543221,7.733210564
-0.507686064,7.733518124
-0.50777781,7.734493732
-0.508071214,7.731986523
-0.5083372150000001,7.733502865
-0.508398831,7.735184193
-0.508565709,7.734908581
-0.50873515,7.733931541
-0.50888963,7.732709885
-0.509159535,7.733625412
-0.5093277390000001,7.734879494
-0.5096787660000001,7.735551357
-0.50980936,7.732799053
-0.510061935,7.733053684
-0.509967759,7.730412483
-0.510386929,7.727074623
-0.510464325,7.73054266
-0.510593608,7.733521938
-0.510760277,7.732183933
-0.5108999160000001,7.733123779
-0.511113748,7.732575893
-0.511243537,7.730988503
-0.5113639680000001,7.728610992
-0.511645108,7.728434563
-0.511777192,7.729077339
-0.512012601,7.729511738
-0.512244508,7.727048397
-0.512420908,7.726556778
-0.5125831510000001,7.726045132
-0.512672573,7.725987911
-0.512869656,7.725978374
-0.513048485,7.725603104
-0.513401419,7.727956295
-0.513489917,7.728441238
-0.513689116,7.727885246
-0.513926133,7.72641325
-0.514051527,7.725207806
-0.514237776,7.724483013
-0.514429659,7.723306656
-0.514826581,7.724133492
-0.514866382,7.721941471
-0.515016153,7.725370884
-0.5151937600000001,7.724248886
-0.515517995,7.725450516
-0.515448898,7.72149992
-0.515879288,7.725618362
-0.515979752,7.722108841
-0.5162078290000001,7.723623276
-0.516389474,7.724003792
-0.516458496,7.722557545
-0.516700342,7.720484734
-0.5168668780000001,7.720873356
-0.517079383,7.719668865
-0.517394185,7.717582226
-0.517480716,7.72084713
-0.517711028,7.722220421
-0.5179376600000001,7.718236923
-0.5181445330000001,7.721035004
-0.5181653500000001,7.719716549
-0.5182899240000001,7.7196455
-0.518636212,7.718426704
-0.518741831,7.71487236
-0.518864408,7.717081547
-0.51911211,7.720889091
-0.519352227,7.717502594
-0.519513562,7.717121124
-0.519695818,7.713990211
-0.519854262,7.713053226
-0.519988805,7.71746397
-0.5201518980000001,7.712159634
-0.520328999,7.714725018
-0.520582929,7.716927528
-0.520672664,7.7138381
-0.520891488,7.713624001
-0.52110298,7.711587429
-0.521384835,7.714443207
-0.521423966,7.713414192
-0.521693408,7.714115143
-0.521783799,7.714033127
-0.522018701,7.712426186
-0.522190183,7.71120882
-0.522443891,7.711792469
-0.522603556,7.712562561
-0.522748351,7.709338188
-0.523062617,7.711664677
-0.523191705,7.711952209
-0.523367196,7.711425304
-0.523472324,7.710382462
-0.523679271,7.709846497
-0.523897245,7.70734787
-0.523921013,7.708958626
-0.523988813,7.71135664
-0.524198875,7.707473755
-0.524391636,7.70875597
-0.524526402,7.709445
-0.524803594,7.70776701
-0.52498132,7.707412243
-0.525178581,7.706515789
-0.52533935,7.70447588
-0.525545016,7.705791473
-0.525741622,7.706856251
-0.526005775,7.706005573
-0.526189163,7.703600407
-0.526339248,7.702782631
-0.5264668610000001,7.701299667
-0.526604548,7.702584267
-0.5269834250000001,7.705588341
-0.527291641,7.705391884
-0.527533248,7.703085423
-0.52766636,7.70249033
-0.527633205,7.700427055
-0.528054982,7.69898653
-0.528127208,7.69908762
-0.5283818690000001,7.701190948
-0.5282593520000001,7.701975346
-0.528729394,7.699008942
-0.528833792,7.701243401
-0.529030412,7.701063156
-0.5290214870000001,7.697280884
-0.529424399,7.696243763
-0.529110432,7.695777416
-0.529341191,7.697359085
-0.529953062,7.700413704
-0.530103922,7.698328018
-0.53037855,7.698243141
-0.530444771,7.698513985
-0.5305328069999999,7.699816704
-0.530866861,7.694386482
-0.5311631560000001,7.694415092
-0.531287909,7.695456028
-0.531402826,7.699456215
-0.53164798,7.697676659
-0.5314401980000001,7.699393272
-0.5319530960000001,7.694654942
-0.5320858660000001,7.694847107
-0.5322973129999999,7.69381237
-0.532449484,7.69255209
-0.532703727,7.694186211
-0.532625556,7.69383812
-0.5328958930000001,7.693396091
-0.5331723690000001,7.690833569
-0.533230275,7.689982414
-0.533521533,7.690401077
-0.5336131749999999,7.688281536
-0.533721924,7.693193436
-0.533828348,7.691802502
-0.534239143,7.691587448
-0.5344687100000001,7.690181255
-0.534650326,7.687594891
-0.534815252,7.690702438
-0.534849465,7.690240383
-0.535051733,7.68879509
-0.535242349,7.688659191
-0.5355684460000001,7.69040966
-0.5357024370000001,7.686635017
-0.535961389,7.686637402
-0.536146373,7.686319351
-0.5362571780000001,7.685983658
-0.536419332,7.688127041
-0.536535054,7.685941696
-0.536873937,7.685821056
-0.537096858,7.687234879
-0.5372859839999999,7.680557251
-0.537402451,7.684090614
-0.537683576,7.681455135
-0.537866384,7.684049606
-0.538000077,7.679599762
-0.5379942360000001,7.685306549
-0.538260102,7.685246468
-0.538529515,7.684943199
-0.538758576,7.679635525
-0.5388566850000001,7.67791748
-0.538808733,7.678197384
-0.5392189030000001,7.681078434
-0.5393809380000001,7.681951523
-0.539639711,7.683799267
-0.539680004,7.682452679
-0.540012389,7.681393147
-0.540155798,7.680513382
-0.540365845,7.678521156
-0.540611625,7.675551414
-0.5408174400000001,7.678972721
-0.541020602,7.677957058
-0.541146874,7.677261353
-0.541056067,7.679130554
-0.54126814,7.678757668
-0.5416490140000001,7.676236629
-0.541870415,7.67527914
-0.542036712,7.677428722
-0.542303234,7.676359653
-0.542439848,7.676843166
-0.542559385,7.677557468
-0.542705864,7.673580647
-0.542900413,7.673844337
-0.543117285,7.67373848
-0.543195933,7.671859741
-0.543366104,7.673985481
-0.543582499,7.672383785
-0.543731332,7.674185276
-0.543854892,7.677319527
-0.544003397,7.674292564
-0.544217169,7.673602104
-0.544377685,7.672635555
-0.54453665,7.672664642
-0.544759273,7.671822071
-0.545019478,7.670179844
-0.545143604,7.669993877
-0.545292348,7.672584057
-0.5455363390000001,7.667864799
-0.545751095,7.669017315
-0.5458679500000001,7.66995573
-0.546061695,7.668328285
-0.546401322,7.66942215
-0.5461757780000001,7.668374538
-0.546631128,7.665990829
-0.546939135,7.666572094
-0.5470787880000001,7.665844917
-0.547270954,7.664979458
-0.547373325,7.665933609
-0.547478318,7.665761948
-0.54794544,7.665849686
-0.547814935,7.665515423
-0.548310548,7.664634705
-0.54845053,7.664644241
-0.5486117,7.663149357
-0.548831463,7.662204266
-0.549071372,7.663745403
-0.549133182,7.666007519
-0.549387038,7.661128521
-0.549568444,7.661151886
-0.549726099,7.660504341
-0.549865812,7.659630299
-0.550049931,7.658678055
-0.55034849,7.657631874
-0.5504672530000001,7.661244869
-0.5506726500000001,7.663910389
-0.550891757,7.660718918
-0.551132649,7.660336018
-0.5512721540000001,7.658905506
-0.5514774920000001,7.659477234
-0.55163008,7.657651901
-0.551813573,7.658001423
-0.5520496370000001,7.65785408
-0.552273095,7.658399105
-0.552556872,7.658366203
-0.5527879,7.657565117
-0.552792013,7.652844906
-0.552880257,7.655196667
-0.553143859,7.652480125
-0.5532726050000001,7.65419817
-0.553404123,7.655022144
-0.553590417,7.656849861
-0.5538167650000001,7.653530121
-0.5539965330000001,7.654233932
-0.554211855,7.655069351
-0.554126054,7.652767658
-0.55472964,7.650671959
-0.5548141900000001,7.651486397
-0.554981232,7.651727676
-0.555091888,7.652633667
-0.555274665,7.650183201
-0.5554163160000001,7.651153564
-0.5555461349999999,7.648738384
-0.555714488,7.646296024
-0.555955619,7.64885664
-0.556122601,7.650023937
-0.556239814,7.649389744
-0.5563510060000001,7.649384022
-0.556598574,7.650944233
-0.556770265,7.647270679
-0.557004601,7.648399353
-0.557059646,7.646861076
-0.557308972,7.648799419
-0.557560563,7.647589207
-0.557697564,7.64675808
-0.5577966270000001,7.648701668
-0.5579903420000001,7.644948006
-0.558275402,7.643671513
-0.558300286,7.641167641
-0.558638841,7.643694401
-0.558918238,7.644078255
-0.5590050520000001,7.642545223
-0.559250683,7.646244526
-0.5592809320000001,7.644696236
-0.5593092740000001,7.643484116
-0.559502333,7.640773296
-0.559784234,7.641424656
-0.559927165,7.639913082
-0.560166895,7.641292095
-0.560371607,7.642376423
-0.560590506,7.642784595
-0.5607271490000001,7.643404484
-0.560941279,7.641320229
-0.56109795,7.640109062
-0.5612340570000001,7.639940739
-0.561439097,7.640420437
-0.561661661,7.640339375
-0.561841279,7.640577793
-0.562047958,7.640171051
-0.562178642,7.636305332
-0.5623309910000001,7.636553288
-0.562693655,7.636791229
-0.562767357,7.635885715
-0.5629141630000001,7.638621807
-0.56308046,7.636505127
-0.563262492,7.637086868
-0.563517362,7.63775301
-0.563714415,7.637930393
-0.563848466,7.634251595
-0.563982457,7.631897449
-0.564304143,7.632941723
-0.564323157,7.634117126
-0.564545721,7.633838654
-0.564767122,7.633359909
-0.564945102,7.631243706
-0.5651556550000001,7.632521152
-0.565303415,7.631694317
-0.565242886,7.631984234
-0.56576556,7.629750252
-0.565924138,7.633046627
-0.5660693050000001,7.629555702
-0.5662976200000001,7.630571842
-0.566429049,7.628314972
-0.56651929,7.626995087
-0.566858023,7.627966404
-0.567008108,7.628116608
-0.567298651,7.631307602
-0.567325622,7.629858017
-0.56764552,7.627937317
-0.5678069290000001,7.627060413
-0.568032533,7.627624989
-0.568274438,7.62950325
-0.568527132,7.627230167
-0.568579078,7.624581814
-0.5687902570000001,7.626573563
-0.568928331,7.624755383
-0.569118679,7.622532368
-0.569222718,7.622433662
-0.56946072,7.621156216
-0.569676131,7.62259531
-0.569936663,7.623085022
-0.569999218,7.623806
-0.5702670510000001,7.6233778
-0.570386052,7.621830463
-0.570626199,7.622995853
-0.570840955,7.623200417
-0.571082741,7.621886253
-0.571237266,7.620419502
-0.571413249,7.619048119
-0.571540803,7.620219707
-0.571717977,7.618497849
-0.571904033,7.621632099
-0.57204774,7.618534088
-0.572259933,7.617414951
-0.5724337100000001,7.618177891
-0.572600454,7.619904041
-0.572636753,7.613794804
-0.572933108,7.616951942
-0.573124915,7.61414957
-0.573307663,7.61554718
-0.5734071430000001,7.615803242
-0.573569894,7.614062309
-0.573653907,7.613548279
-0.5738742649999999,7.617691994
-0.574051917,7.61645031
-0.574238837,7.614742756
-0.574435413,7.614757538
-0.574690103,7.613338947
-0.574812859,7.6132617
-0.575188667,7.612042427
-0.5754236580000001,7.609963894
-0.575333714,7.614526749
-0.575682938,7.610744953
-0.5758921210000001,7.610887051
-0.5760031640000001,7.612386703
-0.5761980710000001,7.608038425
-0.5763253269999999,7.61004734
-0.5765149,7.608374596
-0.576667637,7.610999584
-0.5767170189999999,7.611794949
-0.577015966,7.609126568
-0.577252686,7.607661247
-0.5775600080000001,7.60801363
-0.577637672,7.604094505
-0.577851623,7.607485771
-0.577873379,7.60932827
-0.578269988,7.607546806
-0.578398228,7.60848856
-0.578571975,7.606315613
-0.57860589,7.604912281
-0.578881413,7.605886936
-0.579161525,7.605302334
-0.579351693,7.604099751
-0.57953611,7.606235027
-0.57967788,7.603187561
-0.579891652,7.602596283
-0.580121607,7.605215549
-0.580228239,7.60289526
-0.580494165,7.600272655
-0.580723911,7.601828575
-0.580807328,7.601102352
-0.58112061,7.602284908
-0.5812208350000001,7.602424622
-0.5813778039999999,7.600930214
-0.5815059840000001,7.600275517
-0.581809968,7.598816395
-0.581919253,7.598045349
-0.582110047,7.59687376
-0.5823016169999999,7.598267078
-0.5825017990000001,7.598783493
-0.582699388,7.599415779
-0.582861423,7.5981493
-0.58303979,7.596512318
-0.583235681,7.594340324
-0.583449721,7.596038342
-0.583660185,7.596758842
-0.583767861,7.59577322
-0.583954394,7.594528198
-0.584191382,7.594671249
-0.5844008620000001,7.593796253
-0.584504068,7.593676567
-0.5846078690000001,7.593410492
-0.5850977900000001,7.594939232
-0.585464537,7.597156048
-0.585843682,7.592290878
-0.585685521,7.593049526
-0.585903823,7.589279652
-0.586180001,7.589084148
-0.586399376,7.589104176
-0.586482763,7.588238239
-0.58680132,7.590670109
-0.5871027710000001,7.589494705
-0.587298274,7.589437008
-0.58713457,7.589308262
-0.587718457,7.587178707
-0.587626159,7.585706711
-0.588094473,7.586000919
-0.588052303,7.589490414
-0.5883033870000001,7.588750839
-0.588481933,7.588288307
-0.588659286,7.58619833
-0.5888454320000001,7.585083485
-0.5890743140000001,7.583786488
-0.589448661,7.586166859
-0.589543134,7.5831604
-0.589454591,7.585466862
-0.589866668,7.584796429
-0.590058386,7.583796024
-0.590037972,7.583983898
-0.590078205,7.583158016
-0.5903358160000001,7.581551552
-0.590685159,7.584010124
-0.590670824,7.581754684
-0.590529472,7.583843231
-0.591098189,7.582092285
-0.591078848,7.581651688
-0.591643393,7.580012798
-0.591850728,7.578700066
-0.592100441,7.579016685
-0.5921269950000001,7.579958916
-0.59212774,7.579888821
-0.592660427,7.579020023
-0.5924481450000001,7.57771349
-0.5929292740000001,7.576424122
-0.593032956,7.573022842
-0.5935239489999999,7.576828957
-0.593478978,7.576336861
-0.5937931240000001,7.576160908
-0.593863279,7.575104713
-0.5941893760000001,7.573768616
-0.5940820870000001,7.572909355
-0.594306827,7.572459698
-0.594281793,7.572938442
-0.594604313,7.574542522
-0.5951976480000001,7.571497917
-0.595212728,7.573047638
-0.595227689,7.572624207
-0.595401168,7.56981802
-0.595723987,7.569919586
-0.596045405,7.572705746
-0.596231818,7.56833744
-0.5963687900000001,7.570814133
-0.59623611,7.568162918
-0.596555382,7.569867611
-0.596524388,7.571471214
-0.597244561,7.569303036
-0.5971202250000001,7.56648016
-0.597424984,7.567212105
-0.59757778,7.565837383
-0.5975205299999999,7.567441463
-0.597688883,7.568630219
-0.5980599820000001,7.566013813
-0.598339647,7.567093849
-0.598786265,7.562569141
-0.5986858310000001,7.565234661
-0.598927855,7.563009739
-0.599132895,7.567457676
-0.598982811,7.564610958
-0.59951818,7.564483166
-0.599545479,7.56016016
-0.599848032,7.561407089
-0.599898875,7.559510231
-0.600242376,7.561306
-0.600518197,7.56206274
-0.600515664,7.562730789
-0.600754797,7.562261105
-0.600680858,7.559526443
-0.60041061,7.559989452
-0.600806892,7.559207439
-0.600968689,7.559855461
-0.601135433,7.558965683
-0.6013515890000001,7.555632114
-0.601524204,7.557804585
-0.601743489,7.556785107
-0.60191983,7.55633688
-0.602097809,7.555533886
-0.602245212,7.551941872
-0.602364659,7.555416584
-0.602663547,7.556776524
-0.6028314530000001,7.556847095
-0.602974951,7.556501865
-0.603181153,7.552578449
-0.603348225,7.552053928
-0.6035588380000001,7.550579071
-0.603602171,7.552509308
-0.603837877,7.552445889
-0.6040076910000001,7.553390026
-0.60416615,7.554171562
-0.604325801,7.551263809
-0.6046158070000001,7.550543785
-0.604913294,7.548661709
-0.60499835,7.549003124
-0.6049782930000001,7.548486233
-0.605358452,7.551235199
-0.605624884,7.550276756
-0.605664074,7.549201965
-0.605824143,7.547504425
-0.606116027,7.55045414
-0.606321752,7.547072887
-0.6064538660000001,7.545635223
-0.606641799,7.545978546
-0.606791288,7.547176361
-0.6069559449999999,7.542584896
-0.607192934,7.545336723
-0.607388467,7.543991089
-0.607511848,7.544685364
-0.60775578,7.544826508
-0.6079324779999999,7.543619633
-0.608037919,7.54507494
-0.608104348,7.542491913
-0.60829699,7.543203354
-0.60853377,7.540818214
-0.608760446,7.541489601
-0.6090966760000001,7.541892529
-0.6091870960000001,7.541929722
-0.609324843,7.544225216
-0.6093629899999999,7.543029308
-0.609746516,7.538005352
-0.609859347,7.539365292
-0.610133946,7.539275169
-0.6102522610000001,7.538963318
-0.6106277410000001,7.538160801
-0.6107456680000001,7.538500786
-0.611002892,7.536968231
-0.6111294030000001,7.538532734
-0.6113777760000001,7.536637306
-0.611537099,7.535459042
-0.61141175,7.534799576
-0.611881047,7.536555767
-0.612007737,7.535728455
-0.612265617,7.535972118
-0.612446934,7.538505554
-0.612582564,7.537249088
-0.612750709,7.532426834
-0.61287269,7.533262253
-0.613281995,7.528743744
-0.6133822200000001,7.530888081
-0.613624424,7.531605721
-0.613771677,7.53034544
-0.614085466,7.533100128
-0.6141583020000001,7.53519249
-0.6143375040000001,7.531483173
-0.614452392,7.530095577
-0.614604443,7.527131557
-0.614813507,7.529351234
-0.614966303,7.531111717
-0.6151930990000001,7.528967857
-0.6154097620000001,7.528002262
-0.615646213,7.527993679
-0.6158699089999999,7.525901318
-0.6159615220000001,7.524916172
-0.616167813,7.525386333
-0.6165087220000001,7.527972698
-0.616782904,7.52606678
-0.6169816260000001,7.523650646
-0.617125988,7.523383141
-0.617119193,7.525463581
-0.617402464,7.523360252
-0.6176039870000001,7.52099514
-0.617752224,7.521785259
-0.61788702,7.524628162
-0.618079841,7.523420334
-0.618233055,7.525015831
-0.618390709,7.519824028
-0.618534446,7.52105999
-0.618766516,7.51966238
-0.618976861,7.518087387
-0.619065136,7.517318249
-0.619126409,7.52028513
-0.619357198,7.516582966
-0.619529039,7.51758194
-0.6198110880000001,7.516480923
-0.619977415,7.516098499
-0.6200649140000001,7.51832056
-0.620444506,7.515253067
-0.620599836,7.51640749
-0.620627314,7.517403126
-0.620951027,7.516361237
-0.621226519,7.513519764
-0.621370405,7.512550831
-0.621493369,7.514123917
-0.6214973930000001,7.512652397
-0.6217942830000001,7.513367176
-0.622053355,7.515986919
-0.622288376,7.515433788
-0.62247166,7.511685848
-0.622781783,7.510799408
-0.622923583,7.509992599
-0.623090923,7.50764513
-0.623219013,7.507419586
-0.623360008,7.508103848
-0.623510152,7.508984566
-0.623807847,7.507044792
-0.623992443,7.50651598
-0.624415338,7.507887363
-0.62494722,7.507190228
-0.624886543,7.509979248
-0.625260204,7.510660648
-0.624871194,7.509167671
-0.625241786,7.508583069
-0.625105113,7.505498886
-0.625437796,7.50235796
-0.625635952,7.506367683
-0.625819325,7.502912045
-0.626144737,7.504943371
-0.626251399,7.506233692
-0.626394272,7.50454092
-0.626584977,7.501381874
-0.626771033,7.500238895
-0.627000362,7.500880241
-0.627316117,7.499934196
-0.627386719,7.49827528
-0.627465695,7.496296406
-0.6276712120000001,7.501086235
-0.6278412040000001,7.499747276
-0.628127247,7.499121666
-0.628276378,7.49945116
-0.628369033,7.499386311
-0.628620595,7.497624874
-0.628824413,7.497712135
-0.629078716,7.498376846
-0.6291725340000001,7.49625206
-0.62946409,7.497153282
-0.629640549,7.492278576
-0.62972331,7.49648571
-0.630022913,7.495145798
-0.630164921,7.493699551
-0.630399436,7.494359493
-0.630532235,7.495219707
-0.630671859,7.494427204
-0.6308978199999999,7.492911339
-0.630997091,7.492696762
-0.631336451,7.489644051
-0.631229907,7.490803242
-0.6316081280000001,7.492996693
-0.631805599,7.493256092
-0.631990015,7.491036892
-0.6321210859999999,7.490405083
-0.632341891,7.489989281
-0.6325019000000001,7.488968849
-0.632740945,7.488157272
-0.632864624,7.48870182
-0.633057415,7.490011215
-0.6332695779999999,7.484744549
-0.633506685,7.486997604
-0.633694202,7.485815525
-0.63389951,7.489645004
-0.634064943,7.486064911
-0.6343063120000001,7.48475647
-0.634344161,7.48297596
-0.6345975100000001,7.486442089
-0.634757191,7.4858284
-0.635030389,7.481823444
-0.635142267,7.48350668
-0.635347187,7.480111599
-0.635516375,7.482357502
-0.635599852,7.480184555
-0.6357069310000001,7.483732224
-0.635982394,7.482269764
-0.636209071,7.48036623
-0.636049539,7.481511593
-0.6365279850000001,7.478674412
-0.636703044,7.48066473
-0.6369480190000001,7.481312275
-0.636927545,7.478262901
-0.637080759,7.476327896
-0.637373686,7.479465961
-0.637456655,7.479107857
-0.637867033,7.480293274
-0.6379420760000001,7.479421616
-0.6381446420000001,7.47847414
-0.63832888,7.476016045
-0.638558477,7.477734566
-0.6386235060000001,7.476973057
-0.638868153,7.47445631
-0.638981521,7.472354889
-0.639168918,7.46953392
-0.639402509,7.471759796
-0.6395788490000001,7.472559452
-0.639753163,7.475847244
-0.639848411,7.473534107
-0.6400675769999999,7.472268581
-0.640352756,7.470530987
-0.640550137,7.469622612
-0.6407671269999999,7.471420765
-0.6408941450000001,7.470777512
-0.641141534,7.468222618
-0.641324192,7.470159531
-0.641536623,7.471158504
-0.641689539,7.467898846
-0.6419276890000001,7.467250347
-0.6420387030000001,7.466510296
-0.642287224,7.46675539
-0.642390519,7.466901779
-0.642661929,7.467319489
-0.6428348420000001,7.463320732
-0.643050164,7.464622021
-0.643071234,7.463261604
-0.643280983,7.463162899
-0.6436233520000001,7.466723919
-0.6437869970000001,7.46440649
-0.643704146,7.464270592
-0.64420262,7.4633708
-0.644357353,7.461297035
-0.644489884,7.461268425
-0.644601792,7.458054543
-0.6448423560000001,7.459911346
-0.6449131370000001,7.458179951
-0.645122886,7.459292412
-0.645375997,7.460551739
-0.645506829,7.459789276
-0.6456700559999999,7.459388256
-0.646043956,7.458046913
-0.646064132,7.456391335
-0.646427065,7.45428896
-0.6466091570000001,7.455216408
-0.646739513,7.456551075
-0.646838188,7.454586983
-0.647004366,7.455293179
-0.647352248,7.456296921
-0.647455782,7.454423904
-0.647625178,7.451738358
-0.6478496490000001,7.453963757
-0.647958636,7.451546669
-0.648197234,7.455533028
-0.648381799,7.452497482
-0.648748726,7.451438904
-0.64867717,7.451973438
-0.6490028800000001,7.449000359
-0.649124592,7.449836254
-0.649402171,7.451748848
-0.649626702,7.450436115
-0.6498103740000001,7.450461864
-0.64990446,7.451708317
-0.650132209,7.446333408
-0.6503186519999999,7.447191715
-0.650497019,7.446931839
-0.6506759230000001,7.447446823
-0.650889963,7.446425438
-0.650989979,7.447182655
-0.6513321700000001,7.446345806
-0.6514605280000001,7.447283268
-0.651475698,7.442454338
-0.651859045,7.443490982
-0.651967198,7.442545414
-0.652160406,7.441488266
-0.652370304,7.445430756
-0.652476668,7.443423748
-0.6527293620000001,7.44276762
-0.6529536840000001,7.444221497
-0.653181404,7.439851761
-0.6532544490000001,7.44020462
-0.653531194,7.439341068
-0.653721631,7.442250252
-0.65386495,7.440404892
-0.654073417,7.441968918
-0.654274434,7.440083504
-0.654638201,7.436535358
-0.654558837,7.436028481
-0.654807329,7.434774876
-0.654951692,7.437932968
-0.6550202970000001,7.439606667
-0.6549657280000001,7.437605381
-0.655501246,7.435595036
-0.655640751,7.430425167
-0.655827075,7.435249329
-0.656042248,7.429921627
-0.6561320420000001,7.434828758
-0.6563290660000001,7.432307243
-0.656474173,7.435351849
-0.656619728,7.432616234
-0.656851888,7.430626392
-0.65713042,7.429265976
-0.657265276,7.43201828
-0.657397509,7.426695347
-0.657605797,7.430125237
-0.6577548980000001,7.430446625
-0.657929957,7.429672718
-0.658144563,7.427181244
-0.658296078,7.42621088
-0.658512831,7.425413132
-0.658655375,7.426484108
-0.658730209,7.426800728
-0.659032822,7.428708076
-0.65915072,7.431311131
-0.659413248,7.428656101
-0.6595339769999999,7.42577219
-0.659669876,7.424794197
-0.659877032,7.4231987
-0.660053223,7.423933983
-0.660282195,7.422538757
-0.66047743,7.422593117
-0.66063413,7.422699928
-0.660885543,7.420580864
-0.660973757,7.419983387
-0.661316961,7.419068813
-0.661482632,7.419463158
-0.661643952,7.418987274
-0.661927491,7.423519611
-0.66206187,7.417956352
-0.6621567610000001,7.416120529
-0.662439048,7.417280674
-0.662669539,7.417406559
-0.662767768,7.417667389
-0.662977099,7.417254925
-0.663078457,7.418488979
-0.6633522810000001,7.417193413
-0.663583845,7.418048859
-0.663754016,7.416740894
-0.663895577,7.41619873
-0.663997889,7.413014889
-0.6642226280000001,7.41473484
-0.6644166410000001,7.413801193
-0.6646007890000001,7.41287756
-0.6646763680000001,7.415333271
-0.6649259030000001,7.413032055
-0.665116936,7.413707256
-0.665310413,7.40971756
-0.665373743,7.40856123
-0.665657103,7.40842247
-0.665843815,7.408114433
-0.666024357,7.413263321
-0.666326255,7.409337044
-0.666611999,7.408022881
-0.666778803,7.406674862
-0.666862607,7.404239178
-0.6670416,7.405461311
-0.6671950520000001,7.404682159
-0.667415798,7.405025005
-0.667520165,7.406013012
-0.6677493750000001,7.404717445
-0.667954296,7.404800415
-0.668217629,7.406581402
-0.668403327,7.403896332
-0.668563038,7.400987148
-0.6687525510000001,7.404551506
-0.669044167,7.402105331
-0.6691258250000001,7.403111935
-0.669319391,7.401112556
-0.669445395,7.3977952
-0.6697724460000001,7.400436878
-0.670010805,7.400880337
-0.670064777,7.401702881
-0.670291513,7.400973797
-0.6704864500000001,7.402987003
-0.670660078,7.398786545
-0.670852184,7.398256302
-0.671104103,7.398643494
-0.671223223,7.395163536
-0.671408832,7.398182392
-0.671421587,7.395757675
-0.671831369,7.395187855
-0.671984523,7.397055149
-0.672292173,7.396426678
-0.672559589,7.392810345
-0.672760934,7.393426418
-0.672866344,7.394019604
-0.673159033,7.393280983
-0.6733478310000001,7.392796516
-0.673606634,7.391236305
-0.673756421,7.388058662
-0.673787326,7.389444351
-0.673752338,7.388391018
-0.674107403,7.393030167
-0.6743258830000001,7.390955925
-0.674652636,7.391833782
-0.674839199,7.390902996
-0.675395131,7.387126923
-0.67565611,7.388359547
-0.675564885,7.388720512
-0.675851226,7.387269974
-0.676120222,7.387116909
-0.676249862,7.386962414
-0.676562428,7.383990288
-0.676586389,7.384089947
-0.676763624,7.385915756
-0.677010745,7.385560989
-0.677197635,7.384925365
-0.6773519809999999,7.383171082
-0.677501023,7.383692265
-0.677841365,7.382376194
-0.677965224,7.381882668
-0.6781658530000001,7.379460812
-0.678423494,7.375807285
-0.678538769,7.379216671
-0.678748101,7.377604961
-0.678786427,7.380516052
-0.678918213,7.381680965
-0.679302007,7.377845764
-0.679383278,7.380902767
-0.679428965,7.377546787
-0.679979801,7.376141071
-0.680013686,7.377298832
-0.6802127360000001,7.377009392
-0.680374801,7.376683235
-0.6803908350000001,7.377969265
-0.680679142,7.374477863
-0.6807853880000001,7.373306751
-0.681038976,7.374205589
-0.681159407,7.373184204
-0.681245863,7.375113487
-0.681620121,7.373644352
-0.681538492,7.373745441
-0.682142585,7.371263027
-0.6817950610000001,7.368183136
-0.6819469330000001,7.370223999
-0.681929678,7.371234894
-0.6822641190000001,7.371535778
-0.6824510690000001,7.3664608
-0.682623804,7.364497185
-0.6826158760000001,7.366486549
-0.682965547,7.366656303
-0.68339014,7.367556095
-0.6833912129999999,7.367289543
-0.683367312,7.365062237
-0.6836817260000001,7.366588116
-0.6837994460000001,7.366102219
-0.683953434,7.364783287
-0.684117109,7.365067005
-0.684368759,7.364217281
-0.684545368,7.36327219
-0.684751093,7.362909794
-0.68487528,7.360817432
-0.685138911,7.360248566
-0.685360104,7.36110878
-0.685523003,7.361115456
-0.685510457,7.361515999
-0.685664892,7.361748219
-0.685974866,7.361115932
-0.686047882,7.35687685
-0.686281234,7.355892181
-0.686467588,7.357570648
-0.6864267589999999,7.356645584
-0.6866891980000001,7.358763695
-0.6867149770000001,7.358272076
-0.6870271560000001,7.358649254
-0.687145919,7.356929779
-0.6873877349999999,7.356183052
-0.68748343,7.355073929
-0.687701136,7.357144833
-0.687891424,7.357280731
-0.688042939,7.355912209
-0.688261986,7.356183052
-0.688380718,7.353152275
-0.688596129,7.353592396
-0.688598245,7.350648403
-0.688573569,7.350434303
-0.68871969,7.350809574
-0.688782722,7.352767467
-0.689086586,7.352072716
-0.689303338,7.348133087
-0.689376086,7.351561069
-0.689610779,7.350027084
-0.689745814,7.348633289
-0.689861715,7.3479352
-0.689892948,7.351012707
-0.690236866,7.344968796
-0.690389782,7.344740868
-0.690578937,7.344634533
-0.690689176,7.343182564
-0.69091773,7.341654778
-0.691104472,7.344679356
-0.691253602,7.345016003
-0.691431016,7.344300747
-0.691582382,7.344370842
-0.691935658,7.342490673
-0.692054123,7.34221983
-0.6923412680000001,7.338596344
-0.69248873,7.339530945
-0.6926137800000001,7.3396945
-0.6929236350000001,7.340126991
-0.693145513,7.33989048
-0.693307459,7.339071751
-0.693469822,7.334497929
-0.6937038900000001,7.339681149
-0.6938675940000001,7.335471153
-0.693932652,7.336669445
-0.6942819060000001,7.340333939
-0.6944394110000001,7.339166641
-0.694521725,7.336474419
-0.694751561,7.336042881
-0.694937974,7.334999084
-0.695109516,7.336050034
-0.6953817010000001,7.333984375
-0.695491165,7.334352493
-0.6955949370000001,7.332363129
-0.695881993,7.337707043
-0.696147203,7.330221176
-0.6963118020000001,7.33126688
-0.696521699,7.331798077
-0.696760952,7.332699776
-0.696961135,7.331431389
-0.697033435,7.33148098
-0.697302341,7.329144955
-0.697449923,7.331459045
-0.697637767,7.328969002
-0.697835952,7.327126503
-0.698031187,7.327138901
-0.698255151,7.328407764
-0.6983790400000001,7.324253559
-0.698621035,7.326510429
-0.698759824,7.324921608
-0.6989595,7.3257761
-0.699119538,7.324667454
-0.699297339,7.324737549
-0.6994862850000001,7.327024937
-0.69965291,7.326362133
-0.6998334230000001,7.325572014
-0.70011124,7.321298599
-0.700329453,7.321891308
-0.700575888,7.322265625
-0.700667232,7.319387913
-0.700932473,7.318027496
-0.701137006,7.317558289
-0.701370299,7.320471764
-0.7015614210000001,7.31774807
-0.701739281,7.316977978
-0.701781005,7.317496777
-0.7020550670000001,7.315981388
-0.702199817,7.315919876
-0.702398896,7.317646027
-0.702668339,7.316181183
-0.7027661199999999,7.316573143
-0.702978671,7.314459801
-0.703311026,7.3155756
-0.703363419,7.313230515
-0.7036275270000001,7.311006546
-0.703716099,7.311878681
-0.7038677630000001,7.314000607
-0.704164565,7.316418171
-0.704394698,7.31071806
-0.704521865,7.312523842
-0.7046894130000001,7.308540821
-0.704939306,7.309045792
-0.705182433,7.307753086
-0.705267191,7.30970192
-0.70542857,7.308197498
-0.7057562770000001,7.309007168
-0.7058794500000001,7.306954384
-0.706084698,7.30695343
-0.706299394,7.305325985
-0.706547111,7.306820869
-0.706705004,7.303918362
-0.706899106,7.30508852
-0.7070817650000001,7.303267479
-0.707238257,7.304514408
-0.707438022,7.30325985
-0.70762977,7.301516056
-0.7077884080000001,7.300032139
-0.707977414,7.303071499
-0.708174884,7.30111742
-0.708392084,7.30340004
-0.708434015,7.300954819
-0.708697855,7.30187273
-0.7087966800000001,7.300283432
-0.708996892,7.300573349
-0.70918718,7.299952984
-0.7093371150000001,7.301233292
-0.709402233,7.29656744
-0.709488034,7.297296047
-0.709719092,7.296519279
-0.70985806,7.296679497
-0.710026294,7.294775486
-0.71022439,7.293473244
-0.710397452,7.294378757
-0.7105804680000001,7.295316696
-0.710804522,7.294749737
-0.710940838,7.295714378
-0.711209893,7.292562962
-0.711397856,7.2915802
-0.711525112,7.29142952
-0.7116655709999999,7.291564941
-0.711853653,7.291404724
-0.712099045,7.292397976
-0.7122994060000001,7.288430691
-0.7124154570000001,7.290501118
-0.712662846,7.289423943
-0.712835163,7.288158894
-0.71313107,7.289143085
-0.71327889,7.286916256
-0.7135296170000001,7.28679657
-0.713716537,7.288684368
-0.713864624,7.288184166
-0.7140672210000001,7.286444664
-0.714283019,7.286101341
-0.7144555450000001,7.285435677
-0.7144895200000001,7.282641888
-0.7147899870000001,7.285901546
-0.714968055,7.28479147
-0.715116799,7.283896446
-0.715415597,7.28118372
-0.715477347,7.279313564
-0.7157024439999999,7.279490471
-0.7158716620000001,7.279140472
-0.7159848209999999,7.280305386
-0.71609959,7.280197144
-0.716250986,7.28179121
-0.716428667,7.279955387
-0.716617465,7.27878046
-0.716665983,7.275393009
-0.71690467,7.276554108
-0.717073202,7.278288841
-0.71735543,7.275884628
-0.717446566,7.278087616
-0.717632294,7.279562473
-0.717769146,7.276267529
-0.717894942,7.273284435
-0.718005717,7.273612976
-0.718373626,7.272824764
-0.718533486,7.272359848
-0.7186889350000001,7.273898602
-0.718690008,7.272602081
-0.7191055420000001,7.272174358
-0.719197482,7.27142334
-0.71934557,7.27255249
-0.719536781,7.270073891
-0.719781131,7.26751709
-0.719961584,7.27327776
-0.7201343179999999,7.271128178
-0.7203700239999999,7.268262386
-0.720478475,7.264922142
-0.720734179,7.264720917
-0.720982522,7.266035557
-0.721090227,7.263627052
-0.721279591,7.266643524
-0.7215469480000001,7.266338825
-0.721685141,7.266444206
-0.721879244,7.264576912
-0.7220282259999999,7.263007164
-0.72208026,7.254311085
-0.722095609,7.257709503
-0.722241133,7.258354664
-0.7224779720000001,7.260899067
-0.722625732,7.25652647
-0.7228107450000001,7.256089211
-0.7229870860000001,7.253185272
-0.723212123,7.254179955
-0.7233508230000001,7.253234863
-0.7234176990000001,7.250650883
-0.722593665,7.250092506
-0.721182316,7.251825809
-0.7212952370000001,7.252125263
-0.721486449,7.250575542
-0.72164163,7.249983311
-0.7217474580000001,7.249493599
-0.721970499,7.250963211
-0.722222269,7.251752853
-0.722337604,7.252613068
-0.722525984,7.250750065
-0.7227436899999999,7.247375488
-0.723015517,7.248086929
-0.7231839600000001,7.243839741
-0.723527104,7.244356632
-0.723589987,7.244673729
-0.723879725,7.245663643
-0.724099696,7.248528957
-0.724175453,7.24572134
-0.724367917,7.244534492
-0.724637747,7.241612434
-0.724741906,7.241212845
-0.724996567,7.242631912
-0.7251713870000001,7.243766785
-0.725425094,7.246545315
-0.7255631090000001,7.241322994
-0.725920707,7.238839149
-0.726008773,7.240317345
-0.726160794,7.238191128
-0.726397634,7.23920536
-0.726639807,7.236737728
-0.726838231,7.23284626
-0.727004349,7.222648144
-0.726994932,7.204394817
-0.727042556,7.186200619
-0.727128625,7.154356956
-0.727193147,7.130927086
-0.727166086,7.111073971
-0.7272327540000001,7.091703415
-0.727212727,7.076805592
-0.727170646,7.066751003
-0.727117896,7.054924011
-0.727129549,7.050344467
-0.7271296380000001,7.048127174
-0.7271846230000001,7.043768406
-0.727333099,7.0387187
-0.727186501,7.036273003
-0.727277189,7.035611629
-0.727211028,7.030080318
-0.727278739,7.028841496
-0.727262825,7.025698662
-0.727303773,7.02483511
-0.72731781,7.023036957
-0.727302015,7.020972729
-0.7272427379999999,7.014870644
-0.72728613,7.013727188
-0.7273010310000001,7.016504765
-0.727286756,7.037906647
-0.727459371,7.074830532
-0.727326542,7.121228218
-0.727733314,7.164241791
-0.7278005780000001,7.204178333
-0.727956831,7.230829716
-0.728156656,7.246913433
-0.728559703,7.254736423
-0.728827149,7.252991199
-0.7291022840000001,7.241492748
-0.7292843760000001,7.234447479
-0.729473531,7.227720737
-0.729518205,7.228464603
-0.7298483250000001,7.227434635
-0.7299392520000001,7.229943275
-0.730187565,7.230031013
-0.73028329,7.230091572
-0.7306249140000001,7.229174614
-0.730649501,7.228674412
-0.730846941,7.229678154
-0.73114711,7.234152317
-0.731310755,7.230873585
-0.7315822240000001,7.231996536
-0.731840849,7.227951527
-0.731989831,7.228759289
-0.732273191,7.227508068
-0.7323735060000001,7.226012707
-0.7326121329999999,7.224430084
-0.7328456640000001,7.224692345
-0.733023345,7.223526001
-0.733168244,7.223396301
-0.733391404,7.222580433
-0.733405799,7.223546505
-0.7336432930000001,7.222578526
-0.733779281,7.220186234
-0.734053284,7.222850323
-0.73422265,7.221837521
-0.734397292,7.218229294
-0.734598994,7.2181077
-0.734728932,7.217930317
-0.734927297,7.217423916
-0.735093176,7.217019558
-0.735357493,7.215215683
-0.7355596120000001,7.216739178
-0.7357561290000001,7.217960358
-0.735882491,7.213767529
-0.7360416350000001,7.214850426
-0.736197174,7.213932991
-0.736412168,7.211906433
-0.736597657,7.212098122
-0.736835271,7.211624622
-0.7369810640000001,7.210096359
-0.73724997,7.213086128
-0.7373778520000001,7.210103989
-0.7375485900000001,7.208522797
-0.737805694,7.210389137
-0.7379248140000001,7.209143162
-0.738211006,7.20789814
-0.7384442090000001,7.210206509
-0.738622785,7.210532188
-0.738774866,7.208005905
-0.738895565,7.204708099
-0.739114404,7.207366467
-0.739335686,7.20142889
-0.739769816,7.203052521
-0.739956468,7.205533028
-0.740091383,7.204351425
-0.7403066460000001,7.204471111
-0.740424246,7.203379631
-0.7407239080000001,7.199462414
-0.7409241200000001,7.198563099
-0.741145343,7.201630116
-0.741317987,7.199869633
-0.741511553,7.200107574
-0.7416837810000001,7.2009902
-0.741851002,7.200746536
-0.7418071930000001,7.198443413
-0.742087126,7.198564053
-0.742145866,7.197808266
-0.74250114,7.196600437
-0.7427648010000001,7.195133686
-0.7426875230000001,7.196326256
-0.743142784,7.197370529
-0.743224442,7.194106102
-0.743488014,7.195165157
-0.7436633109999999,7.193579674
-0.74387747,7.194060802
-0.743840992,7.195464611
-0.74411276,7.194577694
-0.7442194820000001,7.193121433
-0.74438408,7.19089365
-0.744604677,7.189813137
-0.744664997,7.186932087
-0.74486205,7.185665131
-0.745111555,7.18857336
-0.7452416420000001,7.18707037
-0.745542616,7.190610886
-0.745600581,7.18910265
-0.745818317,7.188726425
-0.745908588,7.187617779
-0.746204674,7.186622143
-0.7463071050000001,7.184594631
-0.7464986440000001,7.18510437
-0.746766806,7.185675144
-0.746816039,7.186453819
-0.746998817,7.184137344
-0.747181833,7.184412956
-0.74735713,7.182835102
-0.7475224730000001,7.18046093
-0.747741491,7.179812908
-0.748006135,7.180521965
-0.748065054,7.180803299
-0.748336792,7.180174828
-0.748508006,7.17941761
-0.748712629,7.179941654
-0.7488606870000001,7.179242134
-0.748845041,7.174670219
-0.749077976,7.175347805
-0.749350399,7.176368237
-0.749558926,7.176305771
-0.749744415,7.174730301
-0.74984166,7.174639225
-0.750128388,7.173092842
-0.750256538,7.174931049
-0.7503485679999999,7.173318386
-0.750483572,7.170963764
-0.7506635779999999,7.173131466
-0.750845134,7.171650887
-0.750991583,7.171958447
-0.7510853710000001,7.173629761
-0.751376957,7.171204567
-0.751639634,7.169129372
-0.751809657,7.167262077
-0.752018452,7.168667316
-0.752211273,7.16669035
-0.752382219,7.167755604
-0.752499223,7.167737484
-0.752705127,7.167891026
-0.752879232,7.168185234
-0.75313881,7.168385983
-0.753188312,7.168560982
-0.75343442,7.165632248
-0.753532767,7.167806149
-0.75420177,7.163745403
-0.754420698,7.164886475
-0.754781067,7.161828041
-0.754928499,7.162321568
-0.755114347,7.161478043
-0.755384594,7.158997536
-0.755503982,7.160824776
-0.755602777,7.163058758
-0.7559308410000001,7.161397934
-0.755687147,7.162467957
-0.755870789,7.159252167
-0.756135702,7.156712055
-0.7563157380000001,7.155088425
-0.756519645,7.159217358
-0.756480426,7.158180714
-0.7567604480000001,7.158274651
-0.75699988,7.155627251
-0.757028341,7.153751373
-0.757231414,7.154256821
-0.757497281,7.150165081
-0.757695109,7.150809288
-0.757967085,7.153562546
-0.7579948599999999,7.151700497
-0.758336604,7.155471802
-0.75839442,7.15165329
-0.758591711,7.150667191
-0.75870803,7.149597645
-0.7590213720000001,7.147144794
-0.759108514,7.149108887
-0.759341627,7.146924496
-0.7594552640000001,7.150793076
-0.759753644,7.148486614
-0.7599622610000001,7.148377419
-0.759997189,7.14756155
-0.760108203,7.143704414
-0.760333776,7.14565134
-0.760447144,7.146302223
-0.760683596,7.146627903
-0.760884911,7.147145748
-0.7612478730000001,7.143958092
-0.761275947,7.14304018
-0.761625856,7.140158653
-0.761749357,7.14056015
-0.7619012890000001,7.139714241
-0.762135565,7.139857769
-0.762180567,7.141584873
-0.762396395,7.140439034
-0.762687534,7.141598225
-0.7628251610000001,7.139748096
-0.763017297,7.136380672
-0.763073474,7.13683939
-0.7633408610000001,7.137079716
-0.76360473,7.136096001
-0.76374802,7.134274483
-0.763913304,7.138245106
-0.764178187,7.136423588
-0.764277846,7.133137703
-0.764609367,7.132195473
-0.7646144029999999,7.130684853
-0.764920324,7.132638931
-0.765079021,7.130014896
-0.7653288540000001,7.132481098
-0.765416473,7.129781723
-0.765653014,7.132009506
-0.7658587990000001,7.130862713
-0.76594919,7.129528046
-0.766252369,7.127310276
-0.766425848,7.127907753
-0.76670143,7.12996006
-0.766822517,7.129277229
-0.7668548230000001,7.126927853
-0.767146766,7.126474857
-0.767313927,7.124172688
-0.767549604,7.124902725
-0.7677631970000001,7.122849464
-0.7679491039999999,7.123697281
-0.768104255,7.124352455
-0.768241137,7.124222755
-0.768492222,7.122978687
-0.7686225470000001,7.122406483
-0.768795997,7.123403072
-0.769044936,7.120291233
-0.76922217,7.119948387
-0.769484371,7.117146969
-0.769675046,7.119654179
-0.769825101,7.120736122
-0.769953161,7.120504856
-0.770254582,7.118120193
-0.7703186870000001,7.11648798
-0.770458847,7.115209103
-0.770676702,7.114743233
-0.770893335,7.114803314
-0.771222234,7.117050171
-0.7713531849999999,7.116323471
-0.771508098,7.117712021
-0.771727323,7.115570068
-0.771954656,7.111270428
-0.772078246,7.116346359
-0.77219066,7.114129066
-0.772354245,7.112835884
-0.772561252,7.111990452
-0.772810698,7.11302042
-0.772893608,7.112378597
-0.7731245760000001,7.110826015
-0.773321032,7.107831478
-0.773529023,7.107648849
-0.7736879590000001,7.109927177
-0.773828894,7.108615398
-0.774080127,7.107691765
-0.774226874,7.10874176
-0.7743974330000001,7.107000828
-0.7745715980000001,7.103064537
-0.774780542,7.103070259
-0.77495873,7.101423264
-0.77510184,7.108831882
-0.775287807,7.104823589
-0.7754425110000001,7.103898048
-0.775690883,7.100966454
-0.7756667429999999,7.101143837
-0.77594313,7.100412369
-0.776078016,7.09770298
-0.7763095200000001,7.098496437
-0.776418269,7.102510929
-0.776630878,7.098926544
-0.776867151,7.096437931
-0.776906162,7.098173141
-0.777234822,7.096948624
-0.7773154680000001,7.096020222
-0.7774539890000001,7.098846436
-0.7777989510000001,7.100105286
-0.777926505,7.098352432
-0.778119206,7.094167709
-0.778211057,7.09432745
-0.778503835,7.093430519
-0.7787161170000001,7.09210825
-0.778865188,7.091937065
-0.778982967,7.091850281
-0.779275596,7.092866421
-0.779335529,7.093125343
-0.7796289919999999,7.093610287
-0.779880285,7.091098785
-0.780084073,7.090510845
-0.7801772360000001,7.089550972
-0.7803590890000001,7.08950758
-0.780659556,7.087045193
-0.7807935480000001,7.090078354
-0.7809261080000001,7.08718586
-0.781046033,7.087139606
-0.781299591,7.085460663
-0.7814520600000001,7.083622932
-0.7816675900000001,7.084868431
-0.7818080780000001,7.084384918
-0.781972825,7.082745552
-0.7821165320000001,7.083696365
-0.7823289630000001,7.082862377
-0.7825471159999999,7.082237244
-0.7825906280000001,7.081169605
-0.7828459139999999,7.080496311
-0.783008337,7.080695152
-0.783262372,7.078425407
-0.7834525110000001,7.077960491
-0.7836609480000001,7.07981348
-0.783791065,7.075694084
-0.7840492130000001,7.074660778
-0.7841786150000001,7.077777863
-0.784512699,7.076627731
-0.784713089,7.077419758
-0.7848821880000001,7.076435566
-0.7849685550000001,7.077268124
-0.785084128,7.073135376
-0.785431862,7.070036888
-0.785434663,7.069632053
-0.7856587770000001,7.071353436
-0.7858783600000001,7.071685791
-0.785976112,7.072356224
-0.7861890200000001,7.07187748
-0.786453783,7.070923805
-0.786670148,7.073029041
-0.7867792840000001,7.071891308
-0.7870627640000001,7.072669506
-0.7872853280000001,7.069314957
-0.7874689699999999,7.066959858
-0.7875866890000001,7.069629192
-0.787840962,7.068493843
-0.7879530189999999,7.06474638
-0.7880846859999999,7.067173958
-0.788336039,7.061640739
-0.7885321970000001,7.061720371
-0.788577437,7.06389761
-0.788726389,7.0660429
-0.789185703,7.063792706
-0.789291561,7.059836864
-0.78951931,7.062116146
-0.789711118,7.062993526
-0.789889872,7.062214375
-0.790118933,7.06025362
-0.7903531189999999,7.061711788
-0.790581703,7.059429169
-0.7907699349999999,7.05908823
-0.790879071,7.059383392
-0.7912429569999999,7.05742979
-0.791386723,7.05566597
-0.791494071,7.057822704
-0.791714013,7.057448864
-0.791914403,7.056696892
-0.792128086,7.055861473
-0.792490184,7.053874493
-0.7926448580000001,7.055141926
-0.79308325,7.053117752
-0.793448269,7.052404404
-0.79332757,7.050627708
-0.793646753,7.0510149
-0.7937989830000001,7.054956913
-0.7939729689999999,7.053954601
-0.794041038,7.050874233
-0.7942999,7.052911758
-0.7945073250000001,7.051136017
-0.7947084900000001,7.048245907
-0.794894516,7.048614502
-0.7950649860000001,7.047677517
-0.7950469250000001,7.049495697
-0.79554671,7.046316624
-0.795465589,7.048199654
-0.7952945229999999,7.045398712
-0.795552015,7.045455456
-0.795676649,7.045440197
-0.79593271,7.045558453
-0.796314239,7.046513557
-0.796409905,7.044080734
-0.7966068980000001,7.043281555
-0.796684384,7.042125225
-0.796887815,7.040564537
-0.7970845099999999,7.039761543
-0.797229052,7.042098522
-0.797494173,7.041345119
-0.79750973,7.040184975
-0.797878742,7.039021015
-0.797941029,7.038615227
-0.7980331780000001,7.036211014
-0.7982212900000001,7.036177635
-0.7985484600000001,7.035746098
-0.798752189,7.035005569
-0.798895717,7.035293102
-0.79900533,7.033717155
-0.7992315889999999,7.03299427
-0.799419463,7.032363415
-0.7995908860000001,7.032328129
-0.799689233,7.034265041
-0.799901009,7.03389883
-0.8001356719999999,7.034490585
-0.800301194,7.0302701
-0.8004525899999999,7.029564857
-0.800651848,7.030121326
-0.800805867,7.028459549
-0.8010407690000001,7.026435852
-0.8011918069999999,7.027600765
-0.801402628,7.02796936
-0.8019109959999999,7.028324127
-0.802197695,7.0266819
-0.802315772,7.02644968
-0.802647769,7.025756836
-0.80280602,7.024783134
-0.8028706910000001,7.023004532
-0.80285567,7.024494171
-0.803359806,7.022476196
-0.8036161660000001,7.021515369
-0.8038167949999999,7.020814419
-0.803829908,7.019936085
-0.804104626,7.018670559
-0.8042081590000001,7.020634174
-0.8044734,7.022593975
-0.8046689630000001,7.021055698
-0.8049663899999999,7.019373417
-0.805184007,7.019235611
-0.8053013090000001,7.021157742
-0.8054917450000001,7.017325878
-0.805231869,7.015093803
-0.8057587150000001,7.016242981
-0.805840552,7.016543388
-0.806163073,7.016843796
-0.8062779310000001,7.012789249
-0.806665242,7.013507843
-0.8066821690000001,7.013468742
-0.8068767189999999,7.011016846
-0.80719322,7.013566494
-0.8071839810000001,7.013253689
-0.806949675,7.012082577
-0.807082772,7.011795998
-0.8072587849999999,7.010651588
-0.8074586990000001,7.010696411
-0.807632804,7.00760603
-0.807693422,7.009301662
-0.807816863,7.007908821
-0.8081067200000001,7.006558418
-0.8083328599999999,7.006278992
-0.808441102,7.003726959
-0.808735907,7.006397724
-0.8088322880000001,7.001638889
-0.8090866800000001,7.002416134
-0.80918628,7.000384331
-0.809355676,7.000209808
-0.8095111850000001,7.001656532
-0.809688926,7.000952244
-0.809810162,7.000286579
-0.810112357,7.00006628
-0.8103365899999999,6.997832775
-0.810532212,6.997182369
-0.8105543850000001,6.99946022
-0.8109039659999999,6.999165535
-0.811090648,6.99895668
-0.8114241959999999,6.99876976
-0.8115252260000001,6.998519897
-0.811709166,6.994546413
-0.81187886,6.990805626
-0.8120354409999999,6.995363235
-0.8121603129999999,6.995358944
-0.812467933,6.992654324
-0.8126227260000001,6.99346447
-0.812726498,6.993001461
-0.8129331470000001,6.992219925
-0.8131141660000001,6.992148399
-0.81303215,6.98978281
-0.813305795,6.991279602
-0.8132771249999999,6.990588188
-0.8136695030000001,6.987686634
-0.8138644690000001,6.988232136
-0.814340413,6.989571095
-0.8143544199999999,6.988419056
-0.814529479,6.985562801
-0.814574838,6.983266354
-0.8147007230000001,6.983136177
-0.8148177860000001,6.987712383
-0.8151497240000001,6.985351086
-0.8154208060000001,6.988649845
-0.815861881,6.989980698
-0.8159281010000001,6.986469746
-0.8161882760000001,6.986056328
-0.8162981870000001,6.985384941
-0.816527843,6.987338543
-0.8166542050000001,6.98978281
-0.816836476,6.989918232
-0.81708461,6.98694706
-0.817250609,6.985571861
-0.81715709,6.986093521
-0.8173977139999999,6.984160423
-0.8175370690000001,6.98260355
-0.8177599310000001,6.98617506
-0.818011343,6.985814571
-0.8181865210000001,6.982284546
-0.818125725,6.98279953
-0.8184756040000001,6.979842663
-0.81869477,6.981803894
-0.8187361959999999,6.97666502
-0.8190553780000001,6.977533817
-0.819249213,6.978600979
-0.8194708230000001,6.978759289
-0.8195869920000001,6.978164196
-0.819770098,6.976928711
-0.819940567,6.974674702
-0.8201848860000001,6.978445053
-0.82031846,6.97465229
-0.8205321430000001,6.973144054
-0.8206782340000001,6.973871708
-0.820863664,6.974990845
-0.821096539,6.973070621
-0.821298659,6.970428467
-0.8214532139999999,6.971887589
-0.8217458129999999,6.973692894
-0.821927845,6.97142601
-0.8221238260000001,6.968510151
-0.8222533460000001,6.970818996
-0.822369575,6.970922947
-0.82247895,6.966057777
-0.822696149,6.967640877
-0.8228933810000001,6.968581676
-0.823023796,6.965528488
-0.823257685,6.965823174
-0.8234270210000001,6.966238499
-0.8236451739999999,6.964687347
-0.823771179,6.966470718
-0.823989689,6.963334084
-0.824101746,6.960665226
-0.82435298,6.963760853
-0.8244400620000001,6.959293842
-0.8245897289999999,6.960929394
-0.824798763,6.96348238
-0.8248966930000001,6.960423946
-0.82513237,6.961950302
-0.825218797,6.959103584
-0.825471759,6.958144188
-0.8255494830000001,6.958154202
-0.8258069160000001,6.956300259
-0.8259304169999999,6.9617033
-0.826176107,6.95781374
-0.8263701800000001,6.957621098
-0.8265588880000001,6.954210758
-0.826729238,6.951528072
-0.826943338,6.952478886
-0.827026308,6.955410004
-0.8272990579999999,6.953855991
-0.8274570109999999,6.954679966
-0.8275651930000001,6.952753544
-0.827762485,6.951664448
-0.8278568390000001,6.951971054
-0.8281192180000001,6.949792385
-0.8282974359999999,6.950634003
-0.8284170630000001,6.947917938
-0.8286343810000001,6.949409008
-0.828815997,6.948516369
-0.8290204409999999,6.947720051
-0.829137325,6.947660446
-0.829304576,6.946603298
-0.829591811,6.944301128
-0.8296996350000001,6.947255135
-0.829882741,6.943217278
-0.8300896879999999,6.94625473
-0.830223441,6.945077896
-0.830382347,6.943906784
-0.8305413130000001,6.940105915
-0.8307022450000001,6.940267086
-0.830883443,6.939733028
-0.831183612,6.93997097
-0.831230462,6.940510273
-0.831454635,6.940255165
-0.8316583630000001,6.938019276
-0.8318419459999999,6.936378002
-0.8319959640000001,6.935846806
-0.8322559,6.937828541
-0.8323810700000001,6.938958645
-0.8325669170000001,6.938125134
-0.8327278490000001,6.935423851
-0.832971811,6.933985233
-0.8331494930000001,6.933620453
-0.833295584,6.932095528
-0.833568275,6.929524899
-0.8337184790000001,6.93098259
-0.8338400720000001,6.929859161
-0.834043562,6.931756973
-0.8343331810000001,6.932326317
-0.834524512,6.930580616
-0.834520578,6.928683758
-0.8349537250000001,6.92824173
-0.8350248929999999,6.927115917
-0.8352479930000001,6.924545288
-0.835336506,6.927909851
-0.8355200890000001,6.925199509
-0.8357175590000001,6.924730301
-0.8359369640000001,6.924202442
-0.8360211850000001,6.926233292
-0.836290955,6.922691345
-0.8364463449999999,6.924233913
-0.8366341589999999,6.925432682
-0.8368045690000001,6.921698093
-0.8370753529999999,6.924303055
-0.8371597530000001,6.921859741
-0.8374621870000001,6.919545174
-0.83755213,6.920087814
-0.8378442530000001,6.917648315
-0.8379557129999999,6.9217453
-0.8381292220000001,6.920573711
-0.8382191059999999,6.918349743
-0.838474154,6.917007446
-0.838718235,6.916665077
-0.8389295940000001,6.91428709
-0.8390449879999999,6.916084766
-0.839333355,6.915074348
-0.839461207,6.916092396
-0.8396968250000001,6.917508602
-0.8398327830000001,6.91408205
-0.840112328,6.913097382
-0.8401863570000001,6.91072464
-0.840411544,6.910649776
-0.840523004,6.912196159
-0.8408029080000001,6.915471077
-0.840969622,6.912900925
-0.8412436249999999,6.910130024
-0.8413552639999999,6.907691956
-0.841496408,6.906862259
-0.841783524,6.909464836
-0.8419301510000001,6.90869379
-0.842069089,6.907194138
-0.8422318099999999,6.906598091
-0.842484593,6.906155586
-0.8426749710000001,6.90753746
-0.8427721260000001,6.902532578
-0.842974305,6.903251171
-0.8432168959999999,6.901067257
-0.843409479,6.901700974
-0.8435139060000001,6.903097153
-0.8437912460000001,6.904124737
-0.8438639640000001,6.903324604
-0.844147325,6.900893688
-0.844293296,6.896776199
-0.8444970250000001,6.896902561
-0.8446869850000001,6.896886826
-0.844914854,6.899563313
-0.8451113699999999,6.899514198
-0.845183432,6.897490025
-0.84538734,6.891764641
-0.845555544,6.894133091
-0.845623851,6.891097069
-0.8458536860000001,6.891857624
-0.846402466,6.893578053
-0.8465713260000001,6.895471096
-0.8467277879999999,6.892366886
-0.8468284610000001,6.892995358
-0.8470517399999999,6.892071247
-0.8471652270000001,6.894093037
-0.8473842739999999,6.891588211
-0.8476991650000001,6.890003204
-0.84784627,6.890398502
-0.8477097149999999,6.891783237
-0.847871482,6.889466286
-0.8481491210000001,6.88818121
-0.848301113,6.888704777
-0.8484072680000001,6.883810043
-0.848489523,6.883759022
-0.8487567309999999,6.886026382
-0.8490262630000001,6.886582851
-0.849238098,6.886425018
-0.849300921,6.883859158
-0.8494994040000001,6.884326935
-0.8495495909999999,6.883444309
-0.8498598340000001,6.880290031
-0.8500142100000001,6.879757881
-0.8502323030000001,6.879896641
-0.850432515,6.878718853
-0.8505634660000001,6.881456852
-0.850707114,6.879167557
-0.850934386,6.878660679
-0.8511319159999999,6.876685143
-0.8512929680000001,6.877533913
-0.8514907359999999,6.8772192
-0.8516655559999999,6.875153542
-0.851867616,6.877055168
-0.851945698,6.876982212
-0.852105975,6.873908997
-0.8522773379999999,6.876704693
-0.852431714,6.873037338
-0.8527429099999999,6.871218204
-0.8528196219999999,6.873475075
-0.8530507680000001,6.871758938
-0.8531150220000001,6.869123936
-0.853338063,6.872053146
-0.8535429830000001,6.872667313
-0.853841662,6.871685028
-0.8538946510000001,6.866034031
-0.854101241,6.867435455
-0.8542302850000001,6.867908478
-0.8544529679999999,6.86823225
-0.8545982839999999,6.866378307
-0.854830325,6.865252495
-0.854978383,6.865986824
-0.8551874159999999,6.863420486
-0.8552887440000001,6.86238718
-0.8555318709999999,6.86240387
-0.855666161,6.865715504
-0.8558588030000001,6.863975525
-0.8560571670000001,6.862325668
-0.856208324,6.860127449
-0.856424689,6.862285614
-0.856671333,6.858839512
-0.8567740320000001,6.857896328
-0.8568210599999999,6.858468056
-0.857150614,6.857834816
-0.857285082,6.858574867
-0.857557058,6.854738235
-0.857721806,6.855743885
-0.857897401,6.858379364
-0.85807693,6.854873657
-0.8582853079999999,6.854065895
-0.8583906290000001,6.855924606
-0.858613431,6.855574131
-0.8588050600000001,6.853770733
-0.8589746360000001,6.85338974
-0.8592355250000001,6.850476265
-0.85936743,6.850405216
-0.8594844340000001,6.847507477
-0.859699607,6.848737717
-0.859958053,6.849192142
-0.859987855,6.852293968
-0.860264301,6.850033283
-0.860526264,6.847887516
-0.8606448170000001,6.846164227
-0.860838115,6.845322609
-0.8610843420000001,6.845002651
-0.8612716790000001,6.844747543
-0.861422718,6.842805862
-0.8615860340000001,6.843984604
-0.861811221,6.840224266
-0.86190623,6.841998577
-0.8622138500000001,6.842082024
-0.862360239,6.841500282
-0.862525582,6.839457035
-0.862723887,6.842437267
-0.86284703,6.838392735
-0.8630425930000001,6.83873558
-0.8631827830000001,6.838375092
-0.8634969590000001,6.834136486
-0.8637345430000001,6.837219238
-0.863809287,6.838269234
-0.864028513,6.837708473
-0.8640469310000001,6.836464882
-0.8644921780000001,6.836783886
-0.864615321,6.835146904
-0.864813149,6.83257246
-0.865043819,6.834972858
-0.865261257,6.833984852
-0.8654103870000001,6.831787109
-0.8655369880000001,6.830339432
-0.865774512,6.832334042
-0.865765393,6.83056736
-0.866099656,6.829596043
-0.866329133,6.828013897
-0.866547644,6.828607082
-0.866686702,6.825144291
-0.8668140770000001,6.824418068
-0.8670440910000001,6.830354214
-0.867227972,6.828962803
-0.8673750760000001,6.827982426
-0.867673159,6.827877998
-0.867803216,6.822410107
-0.868047416,6.823801517
-0.8681570890000001,6.82157135
-0.868413031,6.820301533
-0.868510425,6.82394743
-0.8687595130000001,6.82289505
-0.869001567,6.820174694
-0.8691025379999999,6.821074009
-0.869310856,6.817549229
-0.869485259,6.818749905
-0.86972177,6.819898129
-0.86995244,6.819422722
-0.869937599,6.814852715
-0.870254815,6.81533289
-0.870423913,6.816555023
-0.870664358,6.813949108
-0.870843112,6.815634251
-0.871053219,6.816002369
-0.871186674,6.814098835
-0.871521056,6.814421654
-0.871624827,6.813331604
-0.8718619940000001,6.812362194
-0.8720648289999999,6.812097073
-0.872219026,6.809436321
-0.872395754,6.809896469
-0.872549772,6.810239792
-0.872780085,6.808469296
-0.872960508,6.809719563
-0.873122334,6.806297302
-0.8732228870000001,6.808900833
-0.873498321,6.806306839
-0.8737097380000001,6.805605412
-0.873840392,6.806369305
-0.8741188049999999,6.807483673
-0.874237299,6.806110382
-0.874369919,6.804210663
-0.874593615,6.801713943
-0.874766827,6.801066399
-0.8749746680000001,6.801056385
-0.875221193,6.800158501
-0.8753326530000001,6.799841881
-0.8755736949999999,6.802252769
-0.875716865,6.797939301
-0.8758645060000001,6.798980713
-0.8760603069999999,6.79955101
-0.876274228,6.796297073
-0.876456022,6.795772552
-0.8767504690000001,6.795219898
-0.8768277170000001,6.798666
-0.8771290780000001,6.797074318
-0.8772492410000001,6.79611969
-0.877367496,6.794470787
-0.8775802850000001,6.796070576
-0.877828777,6.794309616
-0.8779825569999999,6.791330814
-0.878197968,6.791491032
-0.8783124680000001,6.792346954
-0.8786400560000001,6.789168835
-0.878679931,6.790947437
-0.878872573,6.791239738
-0.8789378999999999,6.788314342
-0.879188716,6.784009933
-0.8793684239999999,6.786701202
-0.8795569540000001,6.7884655
-0.8797452450000001,6.787666321
-0.8798906209999999,6.785320282
-0.8801910880000001,6.786634445
-0.8803488610000001,6.784042835
-0.8804273010000001,6.783028603
-0.8807274700000001,6.783923149
-0.880920768,6.785822868
-0.881159008,6.7848382
-0.8811656830000001,6.782730103
-0.8814800380000001,6.781180859
-0.881648183,6.781532288
-0.881844997,6.781583309
-0.881916404,6.779458523
-0.882223666,6.778644085
-0.8823292250000001,6.778067112
-0.8825620410000001,6.780166149
-0.8826010820000001,6.778504372
-0.8828653690000001,6.775592327
-0.8830709459999999,6.776064396
-0.88326484,6.774875641
-0.8833730820000001,6.773918152
-0.8836193080000001,6.771308899
-0.883882582,6.774820805
-0.884063244,6.774456024
-0.8842282290000001,6.773194313
-0.88449055,6.770456314
-0.8847079280000001,6.770326138
-0.884800732,6.769503593
-0.8849917650000001,6.771820068
-0.8851665850000001,6.769442558
-0.885571122,6.768045902
-0.8857439760000001,6.769151211
-0.8857576250000001,6.765456676
-0.886090577,6.764787674
-0.8861937520000001,6.765227795
-0.886390209,6.765941143
-0.8866911530000001,6.764996052
-0.88678199,6.763203621
-0.8870865109999999,6.761600971
-0.887208462,6.761682987
-0.887255669,6.762267113
-0.887458503,6.757591724
-0.887802005,6.760148525
-0.8878356810000001,6.760047913
-0.8879999519999999,6.759538174
-0.888177276,6.760632992
-0.8883494140000001,6.7589221
-0.8884301190000001,6.757618904
-0.88864243,6.756072998
-0.8890135290000001,6.755871296
-0.888964117,6.758413792
-0.889199614,6.754285812
-0.8893180490000001,6.750978947
-0.889580965,6.753286362
-0.8898710009999999,6.750389099
-0.8899802569999999,6.752851009
-0.8901235460000001,6.753057957
-0.8902856109999999,6.750377178
-0.8904770610000001,6.752727509
-0.890705764,6.750486374
-0.8907327650000001,6.750570297
-0.89100343,6.750165462
-0.8911961909999999,6.748799324
-0.8914153579999999,6.749989986
-0.891545713,6.748801231
-0.8916623590000001,6.749464035
-0.8918507689999999,6.74896574
-0.89216882,6.747228622
-0.8921822910000001,6.746935368
-0.892511606,6.745902538
-0.8926219340000001,6.747224331
-0.892812967,6.74591589
-0.8930010800000001,6.743272781
-0.8933430310000001,6.743469715
-0.8936511870000001,6.744827271
-0.893692374,6.741819859
-0.8939895630000001,6.740897179
-0.8941612240000001,6.743506908
-0.89439702,6.739611149
-0.894589901,6.740630627
-0.8947730060000001,6.738797665
-0.8948700430000001,6.73659277
-0.8951585289999999,6.735373974
-0.895344138,6.737547398
-0.8954816459999999,6.737777233
-0.8956490750000001,6.734549999
-0.895981371,6.736804962
-0.896124065,6.735379696
-0.896151304,6.733129978
-0.8966292140000001,6.732431889
-0.896729946,6.73150444
-0.8969438080000001,6.731865883
-0.8970498440000001,6.733683109
-0.89714849,6.731770039
-0.897287309,6.728933811
-0.897625804,6.726792812
-0.897695243,6.729875565
-0.8979748489999999,6.727493763
-0.89840728,6.725791931
-0.8984496,6.726760387
-0.898495018,6.728690624
-0.8987587690000001,6.725785255
-0.8990389110000001,6.725265503
-0.899141669,6.724160194
-0.8992536070000001,6.725933552
-0.8995339870000001,6.722297668
-0.899740338,6.72251749
-0.899819374,6.72223711
-0.900090694,6.723025322
-0.900275111,6.721910477
-0.900470436,6.719425678
-0.9005100130000001,6.717945099
-0.9008727670000001,6.721105576
-0.901055157,6.719848156
-0.9012350440000001,6.719177723
-0.9015230540000001,6.715666294
-0.901583552,6.717054844
-0.901786685,6.715131283
-0.9018250110000001,6.714192867
-0.9021768569999999,6.715645313
-0.9023526909999999,6.716106415
-0.902539492,6.715580463
-0.9027514460000001,6.717383862
-0.902919531,6.712490082
-0.9031425120000001,6.714317322
-0.903325379,6.707594872
-0.903466761,6.710382938
-0.9036024810000001,6.711603165
-0.903954863,6.709715843
-0.9041616320000001,6.70968008
-0.9043197629999999,6.708257198
-0.904310524,6.70553875
-0.9046832920000001,6.709060669
-0.9048679470000001,6.706553459
-0.90513742,6.705060959
-0.905278563,6.706225872
-0.905507445,6.70754385
-0.9057232740000001,6.70435524
-0.9058998229999999,6.704591751
-0.90610671,6.701001644
-0.9061790700000001,6.70315218
-0.906496763,6.70206356
-0.9067121149999999,6.700595379
-0.906805992,6.701991558
-0.9069613810000001,6.699527264
-0.9071055050000001,6.69766283
-0.907333374,6.696116924
-0.9075102210000001,6.69660759
-0.907649755,6.696177006
-0.9078426960000001,6.696751118
-0.9079341890000001,6.698540688
-0.9081305260000001,6.698102951
-0.908380628,6.694487095
-0.908597052,6.693328857
-0.908850551,6.690591812
-0.908918917,6.69386816
-0.9091336130000001,6.693430901
-0.9093365070000001,6.693282127
-0.9094262719999999,6.691586494
-0.909665108,6.689175129
-0.90981245,6.687383175
-0.9099971060000001,6.686688423
-0.9101856349999999,6.687873363
-0.910374343,6.687240124
-0.91058737,6.687931538
-0.91080308,6.689509392
-0.9109377860000001,6.684730053
-0.911152244,6.687777519
-0.911456048,6.681865215
-0.9115158320000001,6.682436466
-0.911704421,6.679462433
-0.9120288489999999,6.682179451
-0.9122318620000001,6.684120655
-0.9122036689999999,6.682865143
-0.9122927780000001,6.683131218
-0.9125807880000001,6.67988348
-0.9127502439999999,6.679811954
-0.9127876159999999,6.679786682
-0.9131433369999999,6.681437492
-0.913274586,6.679628372
-0.913619041,6.680508137
-0.9136518840000001,6.67921257
-0.913990557,6.675756931
-0.9140917660000001,6.676302433
-0.9142563939999999,6.675927162
-0.91448164,6.673703671
-0.9146466850000001,6.674108505
-0.9148180480000001,6.672672749
-0.9150401349999999,6.674519539
-0.9151902199999999,6.673991203
-0.9152436850000001,6.674155235
-0.915494144,6.671265602
-0.915710509,6.669097424
-0.915867805,6.668015957
-0.91591537,6.670516968
-0.9161696429999999,6.671318054
-0.9165363310000001,6.667127132
-0.91660732,6.667624474
-0.916813672,6.666402817
-0.9170379040000001,6.665923595
-0.916999578,6.665596008
-0.9170429710000001,6.663228512
-0.9173772330000001,6.663336277
-0.9175805450000001,6.665542603
-0.918001413,6.66431427
-0.9178510310000001,6.661039829
-0.918199956,6.661316872
-0.9183628560000001,6.659968853
-0.9185191990000001,6.660485744
-0.918637454,6.657700062
-0.9190213680000001,6.662452698
-0.919166267,6.661971092
-0.919254601,6.658545971
-0.919503629,6.658120632
-0.9197170729999999,6.655460835
-0.9198215009999999,6.655771255
-0.920118988,6.651196003
-0.9201185110000001,6.653992176
-0.9203228350000001,6.655533314
-0.920717239,6.653809547
-0.920610309,6.655118465
-0.920951664,6.648155212
-0.9211713079999999,6.648776054
-0.9213829040000001,6.650101662
-0.9216381309999999,6.651534081
-0.921846628,6.651510239
-0.9218664759999999,6.647946358
-0.9220270509999999,6.651297092
-0.922241688,6.64997673
-0.922474623,6.648506165
-0.922525823,6.645093441
-0.9227097630000001,6.645281315
-0.9229027030000001,6.644227028
-0.9230901,6.646482468
-0.923222601,6.644393921
-0.923523426,6.645014763
-0.9236446620000001,6.641771793
-0.923788667,6.642215729
-0.9240376349999999,6.641244888
-0.9241204860000001,6.639153481
-0.924391806,6.638538361
-0.924485564,6.642327785
-0.924787164,6.640870094
-0.924927056,6.639111042
-0.925255895,6.635545254
-0.9253342150000001,6.635779858
-0.925599813,6.635053635
-0.925814629,6.633893013
-0.9258595110000001,6.633359909
-0.9261718990000001,6.636314392
-0.9263833160000001,6.634639263
-0.9266338940000001,6.63251543
-0.9268549079999999,6.630999088
-0.9269825220000001,6.632760048
-0.927007079,6.629601002
-0.927323103,6.630791187
-0.9274861809999999,6.629826069
-0.927703559,6.627868652
-0.9278449420000001,6.626761436
-0.928083599,6.62863636
-0.9282588359999999,6.629395485
-0.928373694,6.630410194
-0.9285586480000001,6.625565052
-0.9287294150000001,6.626453876
-0.929009974,6.626621246
-0.929138958,6.624668121
-0.92940706,6.62094593
-0.9296754,6.623040199
-0.929895699,6.623355865
-0.9300404790000001,6.623991966
-0.9301860930000001,6.623819828
-0.93026185,6.62297821
-0.9306740760000001,6.622980595
-0.9306092260000001,6.62132597
-0.930882811,6.620426178
-0.931048334,6.618704796
-0.9313575030000001,6.615006447
-0.931450546,6.615559101
-0.93177855,6.618213177
-0.9318031070000001,6.617470264
-0.9319888949999999,6.615285873
-0.93220675,6.613052845
-0.9324440359999999,6.612051964
-0.9325697420000001,6.61414814
-0.93281126,6.6133008
-0.9330158829999999,6.613167286
-0.9332951899999999,6.612380028
-0.9334573150000001,6.610940933
-0.933591485,6.60881424
-0.933784127,6.61066103
-0.933920503,6.611079693
-0.9341942670000001,6.608203888
-0.9344031210000001,6.608496666
-0.934442937,6.606626034
-0.934870839,6.606863022
-0.934950352,6.604660511
-0.9350048900000001,6.605187416
-0.9351409669999999,6.602264404
-0.935326755,6.604432106
-0.935606301,6.605035782
-0.935759783,6.605673313
-0.9358149769999999,6.602579117
-0.9360656140000001,6.602869511
-0.9361684320000001,6.600255966
-0.9363843199999999,6.599482536
-0.93660444,6.599211216
-0.9367181660000001,6.600784302
-0.9369238609999999,6.597846031
-0.9370718,6.600559711
-0.937248409,6.598927021
-0.937490165,6.595639229
-0.9376831050000001,6.595418453
-0.937889159,6.592191219
-0.9378969070000001,6.594975471
-0.9383631350000001,6.591471672
-0.9384980199999999,6.592576981
-0.9386279580000001,6.592940807
-0.938747346,6.591706753
-0.938936174,6.589689255
-0.9391550420000001,6.588195324
-0.939392507,6.588436604
-0.9394396540000001,6.591283798
-0.939800024,6.587265491
-0.9399330020000001,6.589541912
-0.940134883,6.586471081
-0.9403454660000001,6.586239338
-0.940612555,6.585179329
-0.940819383,6.584609509
-0.9409874680000001,6.583879471
-0.941152751,6.582716942
-0.9414839740000001,6.582668781
-0.941722572,6.581460476
-0.941827655,6.58221674
-0.942019224,6.580104351
-0.9423208240000001,6.580619812
-0.942616165,6.580030918
-0.942813218,6.578497887
-0.943039119,6.579284668
-0.943420887,6.578838825
-0.9438191650000001,6.579266548
-0.9443284869999999,6.578248024
-1.026653886,6.576822758
-1.093280673,6.570186615
-1.09471631,6.569652081
-1.092980325,6.567648411
-1.093445599,6.569005013
-1.093894422,6.567568779
-1.09376961,6.568793297
-1.094472647,6.566253185
-1.094521522,6.567579269
-1.094798267,6.568479538
-1.095174253,6.567603588
-1.095233023,6.566126347
-1.095538557,6.564716816
-1.095889986,6.566811085
-1.095983922,6.564682484
-1.096152067,6.56477499
-1.096516788,6.562927723
-1.096802294,6.56183815
-1.09716922,6.561777592
-1.0973593,6.564313889
-1.097693324,6.563346386
-1.097892642,6.560483456
-1.098121524,6.55853653
-1.098340392,6.557210922
-1.09872967,6.557121277
-1.099044144,6.554201126
-1.099300384,6.557049751
-1.099459827,6.556228161
-1.099685132,6.559188843
-1.099960208,6.556359768
-1.100154579,6.55992794
-1.100390434,6.554591179
-1.100766659,6.553321838
-1.100819051,6.553483486
-1.101151347,6.553536415
-1.101631939,6.553675175
-1.101751149,6.549900532
-1.102152705,6.550262928
-1.102436125,6.547586918
-1.102594733,6.546871185
-1.102977931,6.549424171
-1.103292704,6.550562382
-1.103436708,6.550733089
-1.103772461,6.547222614
-1.104058742,6.544353962
-1.104275525,6.543915272
-1.104542375,6.540809155
-1.1047334070000001,6.540212631
-1.105036616,6.54308033
-1.105296791,6.543468475
-1.105508923,6.545351028
-1.105844617,6.545805454
-1.106090963,6.542552471
-1.106252789,6.540548325
-1.106585324,6.536948204
-1.106882453,6.538323402
-1.107049108,6.537113667
-1.107303679,6.536699295
-1.107642412,6.53902483
-1.107800662,6.538890839
-1.108097374,6.537763596
-1.108298957,6.534546375
-1.108578324,6.532122135
-1.108854651,6.532716274
-1.108974993,6.534756184
-1.1092919110000001,6.535159588
-1.109587491,6.533271313
-1.109838009,6.529915333
-1.110018611,6.530756474
-1.110293031,6.529314041
-1.110663295,6.528988838
-1.110833168,6.52904892
-1.111074269,6.529242039
-1.111260116,6.528483868
-1.111652255,6.530007839
-1.111815929,6.528745174
-1.112080872,6.527053356
-1.1123204230000001,6.526186943
-1.112665653,6.526332855
-1.11272335,6.52437973
-1.1130726930000001,6.524185658
-1.113360226,6.526807785
-1.1136305930000001,6.523576736
-1.11390388,6.522711277
-1.114019871,6.519912243
-1.114375412,6.518061638
-1.114584804,6.519473076
-1.1148852710000001,6.51903677
-1.11520499,6.523028851
-1.115386605,6.520044804
-1.115638256,6.519459724
-1.115731776,6.516710758
-1.116036951,6.515049458
-1.116288364,6.515239239
-1.116585374,6.514214039
-1.116915286,6.513370991
-1.117020786,6.514705658
-1.117324114,6.513435364
-1.117547095,6.514605045
-1.117792666,6.511157513
-1.117999732,6.510097027
-1.118199289,6.506185532
-1.118473291,6.510288715
-1.11856693,6.508912563
-1.118862092,6.509824753
-1.118969619,6.508396626
-1.119206428,6.507442951
-1.119412303,6.505961895
-1.119589865,6.506019592
-1.119773567,6.503198624
-1.120033681,6.505036831
-1.120271265,6.504038334
-1.120421708,6.501991272
-1.120519161,6.501901627
-1.120917499,6.502392769
-1.121120214,6.499229908
-1.121318281,6.500609875
-1.121491671,6.499772549
-1.121810019,6.501036644
-1.1220370530000001,6.496631145
-1.122194707,6.500719547
-1.122391283,6.498522282
-1.122659624,6.500958443
-1.12298435,6.496981144
-1.123285353,6.496054649
-1.123463988,6.495528698
-1.123716295,6.493426323
-1.123864651,6.493485451
-1.124079108,6.492273808
-1.124285102,6.49337244
-1.124598026,6.493310452
-1.124812305,6.490783691
-1.125174284,6.490025997
-1.125303328,6.488733768
-1.125594616,6.492966652
-1.125756383,6.489573002
-1.126000822,6.489384174
-1.12624532,6.48925209
-1.126369238,6.488685131
-1.126683831,6.483794689
-1.126874983,6.483508587
-1.126925468,6.485346317
-1.1273164150000001,6.485050201
-1.127524137,6.486073017
-1.127753317,6.484865665
-1.127896845,6.48357439
-1.12822783,6.482858181
-1.12839961,6.482048035
-1.128584027,6.486428738
-1.1288407440000001,6.484768391
-1.129182398,6.480518341
-1.129428029,6.478295326
-1.129593193,6.480228901
-1.12979877,6.477044582
-1.130094886,6.475511551
-1.130331755,6.475047588
-1.130581796,6.475029945
-1.130584121,6.474562645
-1.131004453,6.47332716
-1.131187916,6.473995209
-1.131491184,6.474144459
-1.131674766,6.473100185
-1.1318766470000001,6.470830441
-1.132125139,6.470518589
-1.132270098,6.472030163
-1.132444441,6.470201969
-1.132789373,6.468155384
-1.132930338,6.468619347
-1.13331151,6.466153145
-1.133508801,6.467476845
-1.13372755,6.466906548
-1.13396734,6.466482639
-1.134165347,6.469851971
-1.134425044,6.464924812
-1.134716093,6.463720322
-1.134905994,6.462145805
-1.134969771,6.460640907
-1.135615885,6.459920406
-1.136256218,6.460674286
-1.136400998,6.458722591
-1.136542737,6.458340645
-1.136672556,6.460988045
-1.136840343,6.458347797
-1.137246907,6.459196091
-1.137538671,6.455246449
-1.137676537,6.455196857
-1.137964845,6.457331181
-1.138113916,6.454603672
-1.13835752,6.453059673
-1.138132155,6.455904484
-1.138718605,6.45211792
-1.1385884880000001,6.452589512
-1.139078796,6.453224182
-1.139518976,6.452291012
-1.139375329,6.449289322
-1.139979839,6.449386597
-1.140102327,6.450565815
-1.140214384,6.449514866
-1.14038372,6.44833374
-1.1406934260000001,6.447613716
-1.140978515,6.446860313
-1.141222775,6.445672035
-1.141463399,6.444276333
-1.141734004,6.446540833
-1.141674459,6.446060181
-1.141407549,6.446497917
-1.14181906,6.444015026
-1.142033398,6.44118166
-1.142238855,6.44016695
-1.142399311,6.443558216
-1.142678618,6.439315796
-1.142796457,6.437895298
-1.143186569,6.439318657
-1.143306494,6.43917942
-1.1435707210000001,6.436867714
-1.143785536,6.437750816
-1.144050658,6.435297489
-1.144195855,6.437893867
-1.1443541050000001,6.432662487
-1.1445905570000001,6.436789513
-1.144795656,6.431389809
-1.145024002,6.436096668
-1.145411015,6.431979656
-1.145909131,6.430141926
-1.145884097,6.429614544
-1.146072805,6.428911209
-1.146258175,6.42799902
-1.146616995,6.428404331
-1.146869361,6.42781353
-1.147059679,6.428955078
-1.14735651,6.426923752
-1.147645891,6.426729679
-1.147855937,6.424067497
-1.148043513,6.42459631
-1.148242235,6.424553394
-1.148440301,6.424092293
-1.148756325,6.42391777
-1.148924947,6.422439575
-1.149165332,6.420865536
-1.149336457,6.419386387
-1.149471402,6.420629978
-1.149834931,6.422961235
-1.150100231,6.418370724
-1.150376916,6.416591644
-1.1506375070000001,6.417284012
-1.150866806,6.41829443
-1.150982141,6.414028645
-1.151237249,6.415430546
-1.151451051,6.414811611
-1.151701093,6.412715435
-1.151860416,6.41407299
-1.152221024,6.410017967
-1.152382016,6.414471149
-1.152720392,6.413425446
-1.152919292,6.41029501
-1.153269649,6.408265591
-1.153383553,6.409953117
-1.153672337,6.408129692
-1.153856873,6.405854225
-1.1540791990000001,6.408529282
-1.154285014,6.40596056
-1.154440165,6.405553341
-1.154615998,6.407495022
-1.154881,6.403719425
-1.155129969,6.401988029
-1.155298412,6.404743671
-1.155590653,6.403367519
-1.15576154,6.400419235
-1.15609771,6.398369789
-1.156243682,6.402007103
-1.1565464730000001,6.397429466
-1.156820714,6.398470879
-1.156996071,6.400078297
-1.157299399,6.400669098
-1.1575481890000001,6.397725105
-1.1577606200000001,6.397949696
-1.15800339,6.396179199
-1.158234954,6.394060612
-1.158455789,6.392847061
-1.158668458,6.394939899
-1.158765733,6.393321991
-1.159070611,6.39244175
-1.159259319,6.392753124
-1.159594357,6.392614841
-1.159650922,6.390106678
-1.159938395,6.388329983
-1.160050631,6.386397839
-1.1603496070000001,6.386100769
-1.16052866,6.38726902
-1.160739899,6.388013363
-1.160944462,6.388694763
-1.161207259,6.387464046
-1.161454201,6.384011745
-1.16168803,6.382732391
-1.161926091,6.38237381
-1.1619922520000001,6.383698463
-1.162325919,6.381578445
-1.162578106,6.386205673
-1.162599742,6.382871151
-1.16298902,6.384791374
-1.163268685,6.380428314
-1.163376629,6.381955624
-1.163416088,6.379553318
-1.163913786,6.379143715
-1.164047778,6.377639294
-1.1643028260000001,6.37859726
-1.1644235250000001,6.375724792
-1.1645860670000001,6.374146461
-1.164681852,6.372655869
-1.165122509,6.371485233
-1.165300846,6.372895241
-1.165611982,6.372091293
-1.165835202,6.374559402
-1.166021883,6.372044563
-1.166296065,6.37390089
-1.16635102,6.371353626
-1.1667467950000001,6.365896702
-1.166957915,6.369675159
-1.167138815,6.367342949
-1.167342842,6.366348267
-1.167580485,6.365834713
-1.167706132,6.367149353
-1.167939484,6.365931511
-1.168178379,6.36455822
-1.168428719,6.363729
-1.168730497,6.365019321
-1.168919504,6.36296463
-1.169120967,6.36303997
-1.169402003,6.365006447
-1.169562519,6.362328529
-1.169826746,6.360517025
-1.170048237,6.356848717
-1.170346439,6.358632088
-1.170522451,6.358155251
-1.170579791,6.357825756
-1.170921683,6.357046604
-1.171089053,6.357511044
-1.171296775,6.358100891
-1.171413243,6.354395866
-1.171747684,6.355288506
-1.172037899,6.355040073
-1.172205627,6.352169037
-1.17236197,6.353299141
-1.172662735,6.351442337
-1.172768176,6.352191448
-1.173118949,6.349153042
-1.173277736,6.348386288
-1.173468888,6.346604347
-1.1737738850000001,6.35083437
-1.174022615,6.349094391
-1.174189687,6.349086761
-1.174431622,6.346250057
-1.174706638,6.343468666
-1.174932957,6.344071388
-1.1751647,6.344081402
-1.175327003,6.342563629
-1.175477564,6.343847275
-1.175609171,6.343758106
-1.1757711770000001,6.342476845
-1.17602247,6.339526176
-1.17633456,6.336863995
-1.176690936,6.33842659
-1.176971435,6.339901447
-1.177236319,6.339578152
-1.177417755,6.338190556
-1.177667141,6.338179588
-1.17770654,6.336571693
-1.17816025,6.335130215
-1.178273857,6.33220911
-1.178364932,6.33324194
-1.1786665920000001,6.336120129
-1.178906798,6.333794594
-1.17918402,6.334084034
-1.1794947390000001,6.333032131
-1.179591656,6.332920551
-1.179852724,6.328778267
-1.180078208,6.328072548
-1.180263758,6.324406147
-1.1803696160000001,6.3257761
-1.180752337,6.325406551
-1.18097949,6.326557636
-1.181150615,6.325875282
-1.181308627,6.325709343
-1.181754231,6.326016426
-1.181805193,6.322796822
-1.182122529,6.32379961
-1.182270706,6.323614597
-1.182537019,6.324873447
-1.182770014,6.319229603
-1.18290174,6.320198059
-1.183002651,6.318558693
-1.183401585,6.317124844
-1.183622837,6.317311764
-1.183830738,6.316420078
-1.183990955,6.31911087
-1.184243917,6.318309784
-1.18435055,6.31606245
-1.184569597,6.315366745
-1.184598565,6.311310768
-1.184948862,6.311775208
-1.185253203,6.312409401
-1.185400188,6.309882164
-1.185547948,6.31487608
-1.185893416,6.309537888
-1.186131716,6.309909344
-1.186463714,6.30590868
-1.186615169,6.306433201
-1.186800718,6.307870388
-1.187052429,6.305922985
-1.187227309,6.308289051
-1.1875346900000001,6.308009624
-1.187738776,6.306423664
-1.187982202,6.305671215
-1.188081741,6.303279877
-1.188521326,6.301282406
-1.18865037,6.302752018
-1.188846588,6.30555582
-1.189005077,6.302819252
-1.189251959,6.301577568
-1.189536035,6.298806667
-1.189621448,6.298432827
-1.189963162,6.294949532
-1.190233171,6.297419071
-1.190438807,6.296849251
-1.190627396,6.297699451
-1.190813065,6.296325207
-1.191019177,6.299389362
-1.191230535,6.291784763
-1.191493094,6.293857574
-1.1916708950000001,6.292782784
-1.19192189,6.291617393
-1.192209363,6.29212141
-1.192356944,6.291983128
-1.192577064,6.289246082
-1.192787409,6.288944244
-1.193013489,6.289805412
-1.193356514,6.286990643
-1.1935234670000001,6.288357735
-1.193794489,6.2890172
-1.194114864,6.286756039
-1.194287002,6.28728199
-1.194371164,6.282559395
-1.194681644,6.284374714
-1.194889367,6.282414913
-1.195187986,6.282438755
-1.1954143640000001,6.283729076
-1.195622444,6.280786991
-1.195805728,6.279173374
-1.196023703,6.279507637
-1.196056306,6.279317379
-1.196355104,6.278477669
-1.196725845,6.276441097
-1.196938097,6.277225018
-1.197033405,6.278298855
-1.197289348,6.279943943
-1.197533905,6.277161121
-1.197815418,6.272690296
-1.198036253,6.273265839
-1.198209763,6.274341106
-1.198493063,6.270011425
-1.198772132,6.274728298
-1.19898659,6.273435593
-1.199063778,6.274915218
-1.199487448,6.270515919
-1.19973135,6.270083904
-1.199928343,6.266530514
-1.200031817,6.268737316
-1.20021534,6.265301704
-1.200465143,6.263338566
-1.200619101,6.26370573
-1.200891197,6.264408112
-1.201102018,6.265542507
-1.201326013,6.264127731
-1.201601922,6.261544228
-1.201822817,6.26411581
-1.201981604,6.264053345
-1.202309668,6.260955811
-1.202499449,6.260281086
-1.202773154,6.26404047
-1.202966094,6.259308338
-1.203294635,6.258219719
-1.203499794,6.25389719
-1.20362705,6.254780293
-1.203882337,6.256648064
-1.204035938,6.255638599
-1.204349637,6.255568027
-1.204549909,6.256596088
-1.204837561,6.254627228
-1.204900801,6.251392365
-1.20514518,6.252129555
-1.2053318020000001,6.249744892
-1.205510616,6.249277115
-1.2057359220000001,6.249545097
-1.20591563,6.25089407
-1.206159115,6.246045589
-1.206359386,6.244276047
-1.206639826,6.246094227
-1.206856489,6.246715546
-1.206998587,6.244261265
-1.207375824,6.243988037
-1.207484066,6.246098995
-1.207910478,6.245802402
-1.208022475,6.243468761
-1.2082447410000001,6.240537643
-1.208381057,6.240383625
-1.208728254,6.240249634
-1.208908379,6.242092133
-1.209047496,6.241146564
-1.2093586920000001,6.240946293
-1.209538341,6.238089085
-1.209766567,6.235028744
-1.209860444,6.236769199
-1.21014142,6.237112045
-1.2103739980000001,6.236190796
-1.210704982,6.234173775
-1.210839629,6.233754635
-1.211131513,6.234292507
-1.211293399,6.23032999
-1.211530328,6.2312603
-1.211682379,6.232020855
-1.211938739,6.232546329
-1.212072909,6.227924347
-1.212369859,6.230697632
-1.212446749,6.228164196
-1.212821066,6.228495121
-1.21304965,6.226676464
-1.213393509,6.224887371
-1.213528156,6.226097107
-1.213723004,6.22511816
-1.21398437,6.224858284
-1.214110434,6.225511074
-1.214429319,6.223628044
-1.214557707,6.223926544
-1.214941263,6.223983288
-1.215070367,6.218513489
-1.215278208,6.219303131
-1.215598166,6.217660427
-1.21573633,6.219907761
-1.216083109,6.218603611
-1.2162379620000001,6.219325066
-1.2164299490000001,6.216981888
-1.216629147,6.216790676
-1.216818809,6.213541508
-1.217020392,6.213822365
-1.217217624,6.214755058
-1.217520952,6.215297699
-1.217666388,6.214111328
-1.217884302,6.211672783
-1.2181261780000001,6.211465359
-1.218203127,6.208848953
-1.218608975,6.209466934
-1.218773723,6.208230495
-1.219008505,6.209496975
-1.21910435,6.208068371
-1.21932447,6.206008434
-1.21965301,6.206352234
-1.219690263,6.201875687
-1.220030844,6.205312729
-1.220254183,6.202981949
-1.220491171,6.203142166
-1.220770597,6.204335213
-1.220846236,6.201238632
-1.221285284,6.199816227
-1.221380353,6.200059414
-1.221672594,6.200055599
-1.221852422,6.197080135
-1.222125709,6.197967052
-1.22224772,6.19878149
-1.222470283,6.19928503
-1.2226464750000001,6.198578358
-1.2228563430000001,6.195643425
-1.222997189,6.195874691
-1.223362684,6.197144508
-1.223641157,6.192348957
-1.223867834,6.195580006
-1.22392422,6.194836617
-1.2242226,6.191427708
-1.224460125,6.193099499
-1.224615395,6.189790249
-1.224861979,6.188343525
-1.225066483,6.187834263
-1.225279987,6.185091972
-1.225478768,6.187830448
-1.225506842,6.188153267
-1.2257491950000001,6.186194897
-1.226015508,6.183280468
-1.226368666,6.181727409
-1.226555228,6.182866096
-1.226922333,6.183200836
-1.227143049,6.181667328
-1.227312744,6.182526112
-1.227445245,6.181725979
-1.227745414,6.179823399
-1.227927089,6.18066597
-1.2281240820000001,6.181963921
-1.228296459,6.177051544
-1.228571713,6.178906918
-1.228716314,6.178614616
-1.229028225,6.178926945
-1.2291329500000001,6.177242756
-1.229235113,6.172980785
-1.229446113,6.174503326
-1.229549885,6.171394348
-1.229729533,6.174528599
-1.230051756,6.172777653
-1.230387151,6.170734882
-1.23053962,6.171890736
-1.230715036,6.168880463
-1.2310393450000001,6.168285847
-1.231250763,6.166744709
-1.231412113,6.168044567
-1.23161006,6.165811062
-1.2318697570000001,6.167662144
-1.2319297790000001,6.165641785
-1.232331455,6.163286686
-1.232477844,6.162025452
-1.2325665350000001,6.164506435
-1.2327336070000001,6.162957668
-1.233101547,6.162041664
-1.233264565,6.165083408
-1.2334479090000001,6.163732529
-1.233693004,6.161932945
-1.233895123,6.158969879
-1.234026074,6.158826828
-1.234276771,6.156608582
-1.234496117,6.154648304
-1.234785736,6.157339096
-1.23482281,6.157884598
-1.235052228,6.153720856
-1.23524636,6.151839733
-1.235499561,6.155921459
-1.235786855,6.150792599
-1.235915124,6.153908253
-1.236158967,6.153698921
-1.2364296320000001,6.151961803
-1.236688018,6.152945042
-1.236834764,6.151779175
-1.237028778,6.14881897
-1.237200201,6.146086693
-1.237359941,6.146900177
-1.237643421,6.146829605
-1.237834513,6.144953728
-1.238021135,6.147396564
-1.238227844,6.144693851
-1.238423049,6.144307613
-1.2385883930000001,6.139554024
-1.238877118,6.133617878
-1.238995194,6.138983727
-1.239280581,6.142963409
-1.239405811,6.144023895
-1.239633441,6.145827293
-1.239798844,6.139474869
-1.240160525,6.137327671
-1.240393996,6.138335228
-1.240457654,6.135646343
-1.240705788,6.137550831
-1.241038799,6.135440826
-1.2411533590000001,6.134359837
-1.241405129,6.134479046
-1.241584301,6.135404587
-1.241820097,6.131668091
-1.241951406,6.130259991
-1.2423352,6.131202221
-1.242470801,6.131817818
-1.242689252,6.12938118
-1.2427804470000001,6.130968094
-1.243142545,6.127212048
-1.243277073,6.128134251
-1.243591189,6.126405239
-1.243859053,6.126671791
-1.244077086,6.12651062
-1.244305909,6.126997948
-1.244545579,6.126282215
-1.244731486,6.123810291
-1.244962513,6.123042107
-1.2451545,6.123492718
-1.245463908,6.123705387
-1.245646357,6.121856213
-1.245862305,6.120942116
-1.246033251,6.120672703
-1.246277332,6.120055676
-1.246309578,6.119548798
-1.24671489,6.119181633
-1.246894717,6.118494511
-1.247150481,6.119762897
-1.24736923,6.114760876
-1.247534811,6.117884159
-1.247693658,6.118622303
-1.247759521,6.114316463
-1.248074293,6.112886429
-1.2481623290000001,6.111524582
-1.248494089,6.113408566
-1.2487540240000001,6.108267307
-1.24892801,6.108837128
-1.249097168,6.111589909
-1.249218941,6.108205318
-1.249630153,6.109262466
-1.2497916820000001,6.106942177
-1.24989742,6.106650352
-1.250181198,6.110834599
-1.250387847,6.104525089
-1.250605226,6.103201866
-1.250911951,6.103654385
-1.251138329,6.105164528
-1.251327634,6.102851391
-1.251414716,6.101349354
-1.251789689,6.099524021
-1.251931369,6.101566792
-1.252134919,6.099568367
-1.252259493,6.100505352
-1.252547562,6.099263191
-1.252836823,6.096065521
-1.253127992,6.096734524
-1.253277123,6.095123291
-1.253538668,6.095673084
-1.253674746,6.094613552
-1.25391072,6.094023705
-1.254113078,6.094508648
-1.25431931,6.094009399
-1.254580915,6.092206478
-1.254744947,6.091058254
-1.254996955,6.089481354
-1.255278528,6.087634087
-1.2553584580000001,6.092033386
-1.255764544,6.09245491
-1.255984724,6.087298393
-1.256204367,6.083323956
-1.256394327,6.086147785
-1.256567419,6.083212852
-1.256786227,6.083090782
-1.256935894,6.083651543
-1.257177591,6.083860397
-1.257393658,6.083220482
-1.257677615,6.080825806
-1.257788479,6.080759048
-1.2581563,6.080679893
-1.258247316,6.079328537
-1.258413494,6.075852394
-1.258654654,6.077971935
-1.258887887,6.077454567
-1.259222329,6.07754612
-1.259355843,6.081450939
-1.259576321,6.075911045
-1.2597267030000001,6.072596073
-1.259909511,6.070854664
-1.260109782,6.070894241
-1.260477483,6.071042538
-1.26060307,6.073262691
-1.260772586,6.071724892
-1.261045814,6.069785595
-1.261189878,6.068687439
-1.261484384,6.070040226
-1.261696875,6.070747852
-1.261927009,6.067686081
-1.262092531,6.068752289
-1.262312412,6.067399979
-1.262436509,6.064900875
-1.262593746,6.066577435
-1.262949169,6.063706398
-1.263150275,6.061554432
-1.263388812,6.060432434
-1.263715863,6.061574459
-1.26387465,6.063524723
-1.26413244,6.059757233
-1.264261901,6.059398174
-1.264454186,6.058640003
-1.264682174,6.058864117
-1.264943182,6.055037498
-1.2651042940000001,6.057385921
-1.265336692,6.056559563
-1.265554249,6.057701111
-1.265682816,6.0546422
-1.265963912,6.053415775
-1.2661618590000001,6.051404476
-1.266433418,6.050373077
-1.266626418,6.049927235
-1.266864836,6.048533916
-1.266993582,6.050940514
-1.267152309,6.050806046
-1.267385304,6.05158186
-1.2675709720000001,6.048056602
-1.2679190040000001,6.048128605
-1.268115163,6.045480728
-1.268380105,6.044409752
-1.268514514,6.042337894
-1.2687088850000001,6.044316292
-1.268803179,6.042052746
-1.269179642,6.04515934
-1.269310117,6.041417122
-1.269600153,6.040616989
-1.2697528,6.038280487
-1.269892156,6.037638187
-1.270087719,6.039258957
-1.2704923750000001,6.041356087
-1.2707622650000001,6.03879118
-1.271007359,6.035853386
-1.271197557,6.034976959
-1.271425068,6.034574032
-1.271543205,6.034276962
-1.271710157,6.034220695
-1.272014201,6.036453247
-1.27232945,6.032339573
-1.272536457,6.031723022
-1.2726486320000001,6.029980659
-1.272842407,6.029201031
-1.273078978,6.028744698
-1.2733806970000001,6.02733469
-1.27352494,6.028453827
-1.27371031,6.026394367
-1.2739432450000001,6.025821686
-1.274191916,6.02694273
-1.274431348,6.025733948
-1.274517775,6.021961212
-1.274757922,6.02511692
-1.275026441,6.02729702
-1.275168657,6.023728848
-1.275200963,6.021635056
-1.275525153,6.02152729
-1.275739372,6.020077229
-1.2759501340000001,6.017441273
-1.276302636,6.019571304
-1.276390433,6.017896652
-1.276707709,6.017914772
-1.276966274,6.01761055
-1.277096152,6.018618107
-1.2773586510000001,6.016350746
-1.277247965,6.010086536
-1.277519107,6.010620117
-1.2776398660000001,6.009824276
-1.27772969,6.008249283
-1.27803731,6.006680489
-1.278256774,6.006490231
-1.27843976,6.006812096
-1.278657973,6.004023075
-1.27882868,6.002352715
-1.279075205,6.003411293
-1.279157162,6.004196644
-1.279371619,6.005575657
-1.279547572,6.002362728
-1.2797572609999999,6.001245975
-1.279852152,5.99418354
-1.28018105,5.998372555
-1.280441523,5.997936726
-1.2806587219999999,5.995799541
-1.280750632,5.995531082
-1.2810008529999999,5.997844696
-1.281238913,5.99608326
-1.281340957,5.994999409
-1.281534076,5.993061543
-1.281807423,5.991650581
-1.281975031,5.988383293
-1.282132745,5.989046574
-1.282271624,5.990587234
-1.282719016,5.988741398
-1.28282249,5.990371704
-1.2830179929999999,5.989545822
-1.283232927,5.985110283
-1.283299923,5.987073421
-1.283740282,5.986332417
-1.283887982,5.986785889
-1.284088492,5.986372948
-1.284429789,5.984766006
-1.284571171,5.984311104
-1.284725666,5.983706474
-1.284996867,5.981332779
-1.285294175,5.980437756
-1.285375118,5.977407455
-1.285623193,5.979099274
-1.285861492,5.976900101
-1.285999298,5.979315281
-1.286309004,5.980451107
-1.286536097,5.976233482
-1.2866858239999999,5.977231503
-1.28695941,5.976275444
-1.287128091,5.972936153
-1.287285089,5.973704815
-1.287468076,5.976719379
-1.287677288,5.97667408
-1.288051248,5.972263336
-1.2882823939999999,5.969157219
-1.288411856,5.970947742
-1.288586855,5.970843315
-1.288778067,5.972247124
-1.289007187,5.967584133
-1.289181828,5.969868183
-1.289461136,5.964140892
-1.2895894049999999,5.965314865
-1.28982687,5.96477747
-1.290108442,5.965545177
-1.290276051,5.963641167
-1.290540338,5.964184284
-1.290778279,5.961055279
-1.291009068,5.962268829
-1.291172266,5.959695339
-1.291365147,5.959055901
-1.291533351,5.95933342
-1.291810989,5.95959568
-1.291995168,5.959458351
-1.292259574,5.954750538
-1.2924698589999999,5.957226753
-1.292652965,5.95526123
-1.292847872,5.952165604
-1.293039322,5.953934193
-1.2933204169999999,5.953891277
-1.293410063,5.955068588
-1.293704987,5.953387737
-1.29389143,5.951078892
-1.294095635,5.950117588
-1.2942552569999999,5.949138641
-1.2945053579999999,5.949147224
-1.294702768,5.948445797
-1.29490602,5.953081608
-1.295260549,5.945351124
-1.295354724,5.9436903
-1.295631409,5.946687222
-1.295823693,5.942779064
-1.295996785,5.946145535
-1.296248794,5.943345547
-1.296493769,5.941898823
-1.296638727,5.941690445
-1.296720862,5.93901062
-1.29699254,5.938320637
-1.297204375,5.938426495
-1.297457457,5.936815739
-1.297708034,5.941428661
-1.297953486,5.938382626
-1.298193216,5.936769962
-1.298433065,5.935199261
-1.298715472,5.93686676
-1.2987732889999999,5.932700634
-1.299164176,5.931284904
-1.299243927,5.931237221
-1.299526215,5.931665897
-1.29974401,5.929841995
-1.299879074,5.929842949
-1.3002188209999999,5.932188034
-1.300366163,5.93108654
-1.3005114789999999,5.930492401
-1.300713777,5.92779398
-1.3007080549999999,5.928653717
-1.301110029,5.928095341
-1.301250219,5.92510891
-1.3014009,5.923083305
-1.301477671,5.922195435
-1.301824331,5.924957752
-1.302086353,5.923584938
-1.302299023,5.924228191
-1.302474379,5.923248768
-1.302668452,5.921270847
-1.3029335739999999,5.920189381
-1.303084135,5.919469833
-1.30326736,5.918112755
-1.303557157,5.919120312
-1.303613067,5.919044971
-1.3039317129999999,5.914839268
-1.3042123319999999,5.917363167
-1.304415107,5.915052891
-1.304540396,5.914420128
-1.304778099,5.914958477
-1.305003881,5.911668777
-1.305131316,5.912545204
-1.305418611,5.911942482
-1.305695295,5.911151886
-1.305909872,5.912631035
-1.306172728,5.909363747
-1.306337595,5.909939289
-1.3066455129999999,5.907722473
-1.306830883,5.906904221
-1.307078004,5.907607079
-1.307330728,5.903325081
-1.307521701,5.906335831
-1.307612896,5.902621746
-1.307955027,5.903970718
-1.308153272,5.90419817
-1.308376312,5.903170109
-1.308493018,5.903210163
-1.3086440559999999,5.903441906
-1.308910251,5.899120808
-1.309098124,5.898571491
-1.309346318,5.896861553
-1.3095545769999999,5.898237228
-1.3097460269999999,5.896500111
-1.309877634,5.897138119
-1.310186505,5.897973061
-1.3104000089999999,5.898885727
-1.310532689,5.896101952
-1.310685039,5.894073963
-1.311029077,5.890832424
-1.3112732169999999,5.891787052
-1.311447024,5.891691208
-1.311594009,5.892501831
-1.3118819,5.892894268
-1.312125802,5.887699604
-1.31231308,5.886549473
-1.312527657,5.882699013
-1.31273663,5.885166168
-1.3128799199999999,5.884778023
-1.313033581,5.88536787
-1.3133333919999999,5.886707306
-1.313525796,5.887544155
-1.313767433,5.88334465
-1.3139157289999999,5.881694317
-1.314177632,5.880636692
-1.314189553,5.880017757
-1.314480901,5.879908085
-1.314606309,5.880275249
-1.314954519,5.879749298
-1.315119028,5.878103256
-1.315394282,5.878871918
-1.315500498,5.872805119
-1.3158319,5.873774529
-1.315940857,5.874236107
-1.316132426,5.873773098
-1.316381335,5.873880863
-1.3166661259999999,5.872581959
-1.316902399,5.871114254
-1.317097545,5.869308472
-1.317144394,5.868732452
-1.317415237,5.870447636
-1.3176921609999999,5.868296623
-1.3180181979999999,5.870341778
-1.318286538,5.867976189
-1.318376303,5.864728928
-1.31872046,5.862236023
-1.318776131,5.863585472
-1.3188158269999999,5.861451149
-1.319195747,5.862778187
-1.319401503,5.864763737
-1.3195894959999999,5.860944748
-1.319730759,5.858710766
-1.3200001719999999,5.858653545
-1.3201681379999999,5.859046459
-1.320346713,5.86019516
-1.320495963,5.856788635
-1.320816755,5.859060287
-1.3209201099999999,5.857915878
-1.321274161,5.853953838
-1.3213908669999999,5.85440588
-1.321528792,5.854227543
-1.321710825,5.851653576
-1.3218550679999999,5.851700306
-1.322034121,5.849875927
-1.322369814,5.849439621
-1.322561026,5.852378845
-1.322587132,5.85122633
-1.3228966,5.849495888
-1.323224425,5.846206665
-1.323377132,5.846735477
-1.323606729,5.845292091
-1.323711753,5.846627712
-1.324069738,5.847054958
-1.324217558,5.841274738
-1.3243596549999999,5.84282732
-1.3245918749999999,5.841302872
-1.324785471,5.841650009
-1.325078964,5.841065407
-1.325265169,5.839266777
-1.325470447,5.840395927
-1.32576549,5.839559555
-1.325850367,5.837251663
-1.326024413,5.839508057
-1.326323032,5.83630991
-1.326594353,5.833985329
-1.326799035,5.835081577
-1.327012181,5.834762096
-1.327159166,5.833518028
-1.327324033,5.831123352
-1.327534795,5.831096649
-1.327853322,5.832909107
-1.328035712,5.828705788
-1.328341842,5.829460144
-1.328474283,5.829061031
-1.328693628,5.827852249
-1.328837037,5.8277812
-1.329284549,5.826837063
-1.3294985289999999,5.825955391
-1.329779267,5.823999882
-1.329901934,5.823950291
-1.330004334,5.822481155
-1.330356479,5.822946072
-1.330563307,5.820851803
-1.330961704,5.820317745
-1.331203222,5.820926189
-1.331840038,5.823642254
-1.3320546149999999,5.818117142
-1.332235694,5.815484524
-1.332233548,5.814535618
-1.332464457,5.814888954
-1.332563996,5.818403244
-1.332578659,5.816430569
-1.332902074,5.814536095
-1.333212614,5.815061092
-1.333202362,5.811168671
-1.333533645,5.80960083
-1.333885312,5.81110239
-1.334064126,5.811669827
-1.3342773909999999,5.811912537
-1.334040403,5.809751987
-1.334651113,5.810856819
-1.3350032569999999,5.805563927
-1.335256934,5.80672884
-1.3350384229999999,5.806907177
-1.335591912,5.804320335
-1.335879445,5.806856632
-1.335987091,5.806543827
-1.336167693,5.804508209
-1.336509824,5.804145336
-1.336802125,5.801166058
-1.337048769,5.796839237
-1.3371433019999999,5.798620701
-1.337354779,5.799730778
-1.337641597,5.801235199
-1.3376327749999999,5.799437523
-1.337840438,5.799415112
-1.337978959,5.797718048
-1.338352203,5.797124863
-1.3384152649999999,5.79886961
-1.338775992,5.796416759
-1.338869095,5.793260574
-1.339214325,5.79194355
-1.339555383,5.789822102
-1.339690447,5.79310894
-1.33985436,5.786657333
-1.3401345009999999,5.78792429
-1.3402168749999999,5.78942728
-1.340272427,5.788795948
-1.340848207,5.789856911
-1.340657473,5.786742687
-1.3412259819999999,5.786045551
-1.3411841389999999,5.784689426
-1.341499805,5.784142971
-1.341771841,5.784675121
-1.342020273,5.78461504
-1.341709733,5.783729076
-1.342091918,5.781298637
-1.342208981,5.782039642
-1.34243226,5.779860973
-1.342655301,5.780288219
-1.342798829,5.779695988
-1.343046904,5.777302265
-1.3432927129999999,5.7781353
-1.343525171,5.778955936
-1.343760252,5.777379513
-1.343888044,5.775477409
-1.344268203,5.775701523
-1.344495654,5.773125648
-1.344658256,5.772386551
-1.3449399469999999,5.769522667
-1.3454375269999999,5.773108006
-1.3456902499999999,5.771974087
-1.3458932639999999,5.770041466
-1.3460009099999999,5.76657486
-1.346309662,5.767873287
-1.346400976,5.766785622
-1.346731543,5.766377449
-1.34692347,5.765038967
-1.3471168279999999,5.76490593
-1.347281098,5.764904976
-1.34721148,5.763470173
-1.347672343,5.760215759
-1.347731113,5.762086868
-1.347743392,5.762380123
-1.348049879,5.760348797
-1.348298073,5.759457588
-1.348709106,5.760912895
-1.348704457,5.759538174
-1.349069834,5.754607677
-1.3493684529999999,5.754457951
-1.349467754,5.754134655
-1.349749923,5.753693581
-1.349820495,5.753504276
-1.3500648739999999,5.754214287
-1.350461721,5.753191471
-1.350639105,5.75062561
-1.3509444,5.74844408
-1.351035237,5.74732399
-1.350712538,5.749632835
-1.350945115,5.748880386
-1.351155519,5.746848106
-1.3513468499999999,5.748741627
-1.3515940899999999,5.745457172
-1.351757646,5.744969368
-1.352025509,5.742910862
-1.3521698709999999,5.742949486
-1.352375269,5.74498415
-1.352548361,5.74185133
-1.352684975,5.74435854
-1.3531789779999999,5.739777565
-1.353337049,5.738043785
-1.353588462,5.739475727
-1.353752613,5.736771584
-1.3540246489999999,5.737730026
-1.3542244429999999,5.736437798
-1.3542345759999999,5.734759808
-1.354501009,5.736321449
-1.355101824,5.739189625
-1.355277657,5.740463734
-1.3555625679999999,5.737465382
-1.3555767539999999,5.735696793
-1.355944633,5.735669136
-1.356109858,5.737605572
-1.356272817,5.734759331
-1.356415749,5.735247612
-1.356833935,5.735934258
-1.357275128,5.731873035
-1.357633591,5.729802608
-1.357950211,5.729320049
-1.358161449,5.728948593
-1.358069301,5.729334831
-1.358475447,5.731080532
-1.358553052,5.730050564
-1.3589245079999999,5.727613926
-1.359116316,5.727567196
-1.359398484,5.72778368
-1.3593065739999999,5.724113464
-1.359459162,5.724817276
-1.359442949,5.723932743
-1.359817147,5.724077225
-1.36004436,5.72150135
-1.360506058,5.721107483
-1.360679507,5.721124172
-1.360971451,5.719489098
-1.361101031,5.720111847
-1.361021757,5.718501091
-1.360881925,5.71856308
-1.3610725399999999,5.716350079
-1.361289263,5.714164257
-1.3615760799999999,5.715501785
-1.361792803,5.715898514
-1.361997247,5.713255405
-1.362214684,5.714678288
-1.362393975,5.715474606
-1.362626314,5.713121414
-1.362789273,5.714051247
-1.36299324,5.710109234
-1.363120675,5.706431866
-1.363325357,5.707363129
-1.36359477,5.704240799
-1.363839507,5.710204124
-1.364130974,5.708190441
-1.364326,5.70529604
-1.364480019,5.7039814
-1.3646572829999999,5.700613022
-1.364876389,5.700305462
-1.365084171,5.70012331
-1.365347743,5.699312687
-1.365652323,5.700154305
-1.365754008,5.699255943
-1.365964293,5.698781967
-1.3660278319999999,5.698541641
-1.366309404,5.695215225
-1.366533518,5.697357655
-1.366756201,5.695865631
-1.366858363,5.695573807
-1.367100596,5.693980694
-1.367471576,5.692831039
-1.367627144,5.690656662
-1.367850542,5.689308167
-1.368111968,5.690432072
-1.3682395219999999,5.688016891
-1.368396401,5.690282345
-1.36864984,5.69068861
-1.36886847,5.688775539
-1.369033813,5.686837673
-1.369313121,5.687660694
-1.36953938,5.685036659
-1.369782686,5.682131767
-1.369868278,5.683598518
-1.369993091,5.68441534
-1.370326996,5.683429241
-1.370463729,5.68179369
-1.370822906,5.678538322
-1.370915532,5.678090572
-1.371130586,5.678977013
-1.371371627,5.676132202
-1.371466994,5.67729044
-1.371769071,5.677531719
-1.372021675,5.675343513
-1.3722103829999999,5.675186634
-1.372271061,5.676654816
-1.372610211,5.671923637
-1.372619629,5.676066399
-1.372985721,5.671965122
-1.373275042,5.672809124
-1.3734424109999999,5.668895721
-1.3737748859999999,5.671929359
-1.373897433,5.67142868
-1.373958826,5.671110153
-1.374367595,5.668934345
-1.374462366,5.664788246
-1.374608397,5.665651798
-1.37487483,5.665266991
-1.375034213,5.665153027
-1.375202298,5.664739132
-1.375541687,5.665160656
-1.375750303,5.662400723
-1.375923395,5.659893513
-1.3760831359999999,5.660454273
-1.376218319,5.659818172
-1.376580715,5.658355236
-1.3767306799999999,5.656727314
-1.377070904,5.658154488
-1.3772075179999999,5.66039896
-1.377450585,5.657232285
-1.377573252,5.656297684
-1.377820969,5.651882172
-1.378002047,5.652247906
-1.378256082,5.653523922
-1.378444076,5.651703358
-1.3786726,5.653448582
-1.378899097,5.650634289
-1.379149795,5.649090767
-1.379331708,5.650479317
-1.379542589,5.650529385
-1.379713774,5.646632195
-1.379928231,5.646868229
-1.3801035879999999,5.645644188
-1.380355835,5.645824909
-1.380586743,5.644805431
-1.380744934,5.642299652
-1.3809558149999999,5.643414974
-1.38101244,5.638879776
-1.381286979,5.640422821
-1.381451011,5.641112328
-1.381718397,5.639865398
-1.382031679,5.642781258
-1.3820723289999999,5.638008595
-1.382289767,5.637981892
-1.382574201,5.633589745
-1.382803321,5.635071278
-1.3829293249999999,5.63162756
-1.383163929,5.633088112
-1.383362532,5.63475275
-1.383546114,5.636313438
-1.383817911,5.632239342
-1.383900046,5.633742809
-1.384147048,5.629629612
-1.384413242,5.629660606
-1.3845612999999999,5.627731323
-1.384639263,5.630689144
-1.384934425,5.628992558
-1.38512218,5.626637936
-1.385400414,5.625435352
-1.385634541,5.623996258
-1.385620117,5.621454716
-1.386022806,5.622487068
-1.386235714,5.623121738
-1.3864090439999999,5.620069981
-1.38669467,5.621656895
-1.386838317,5.620187759
-1.3868683579999999,5.620557785
-1.3872835639999999,5.618382931
-1.3875521419999999,5.613364697
-1.387698889,5.614292622
-1.387963295,5.613512516
-1.388072967,5.617010593
-1.388341665,5.613845825
-1.388408422,5.607674599
-1.388440251,5.610221863
-1.388770342,5.61012888
-1.388892651,5.607952118
-1.389099002,5.604839325
-1.389294147,5.606072903
-1.389547944,5.601415634
-1.389755726,5.600720406
-1.389954448,5.60175848
-1.390096784,5.601440907
-1.3901728389999999,5.599183083
-1.390564322,5.597242355
-1.3909312489999999,5.598372936
-1.391118169,5.598465443
-1.391373634,5.59791708
-1.391516328,5.59526825
-1.3916280269999999,5.595685005
-1.391837478,5.593819141
-1.39216876,5.59303093
-1.392346024,5.591706753
-1.392468214,5.591856003
-1.392710447,5.59346056
-1.392930508,5.592966557
-1.3931500909999999,5.5923419
-1.393376827,5.589544296
-1.393572569,5.58778429
-1.3937528129999999,5.586811543
-1.394010186,5.585849762
-1.3942413329999999,5.585561275
-1.394400001,5.585539818
-1.39457047,5.581659317
-1.394776821,5.58014822
-1.395038247,5.581695557
-1.395104051,5.580722809
-1.3953241109999999,5.580893993
-1.395653486,5.579540253
-1.395860195,5.582012653
-1.396023393,5.580805779
-1.396143079,5.579903126
-1.396456957,5.576897621
-1.396670103,5.576824665
-1.3968068359999999,5.576914787
-1.3971166609999999,5.574774742
-1.397368908,5.573123455
-1.397572637,5.572896004
-1.39776206,5.572940826
-1.397990227,5.572271824
-1.3981683249999999,5.573327065
-1.398257256,5.572300911
-1.398598313,5.568463326
-1.398803711,5.566545963
-1.398988485,5.56699276
-1.39926517,5.567152023
-1.3993549349999999,5.566914082
-1.399457335,5.564239979
-1.399759054,5.565308571
-1.399987221,5.562456131
-1.400095582,5.562574863
-1.400232196,5.561616421
-1.4005692,5.562186718
-1.400924683,5.562167645
-1.400928616,5.558514595
-1.401191831,5.557500362
-1.401357531,5.559387207
-1.401589155,5.557480812
-1.401766896,5.55539465
-1.401988029,5.554629326
-1.402031541,5.552085876
-1.402399301,5.554226398
-1.402662754,5.554708004
-1.402900338,5.551109314
-1.403292775,5.551905155
-1.4035410879999999,5.548596382
-1.403680801,5.545341969
-1.4037257429999999,5.546514034
-1.40389359,5.54887104
-1.404025793,5.548591614
-1.404465675,5.545389652
-1.4046119449999999,5.545610905
-1.404833913,5.544309616
-1.40504849,5.544102669
-1.405182958,5.541506767
-1.405261874,5.540066719
-1.405561686,5.541100502
-1.405544281,5.542057991
-1.4058270449999999,5.540770531
-1.40595305,5.539787769
-1.406274319,5.538761616
-1.406512499,5.536861897
-1.406591415,5.535100937
-1.4068732259999999,5.534934044
-1.4070369,5.533818245
-1.407307267,5.533918858
-1.407462001,5.532227993
-1.407685876,5.533706665
-1.4079288239999999,5.529754639
-1.408056974,5.53036356
-1.408372998,5.52889967
-1.4086320399999999,5.531681061
-1.4088022709999999,5.530215263
-1.4090741869999999,5.528101921
-1.40927875,5.525868416
-1.409424305,5.525444508
-1.409697413,5.52507782
-1.409917235,5.526108742
-1.40993619,5.522778034
-1.410281897,5.523224354
-1.410529494,5.525063992
-1.410770297,5.521156311
-1.410860419,5.520129204
-1.411059141,5.518595695
-1.411211014,5.517406464
-1.41155982,5.514294147
-1.411622167,5.515645504
-1.411853671,5.516901493
-1.412037611,5.517580509
-1.412188768,5.514965534
-1.412503719,5.513681412
-1.412705421,5.513246059
-1.412887335,5.51327467
-1.4130452869999999,5.510096073
-1.413299799,5.511288643
-1.4135006669999999,5.509803772
-1.413657665,5.508698463
-1.413996816,5.506485939
-1.414200306,5.505440712
-1.414258003,5.505173683
-1.414465785,5.505657196
-1.4145253899999999,5.503721237
-1.41491127,5.505652905
-1.415029764,5.502950668
-1.4152147769999999,5.50173378
-1.4155725239999999,5.498715878
-1.415815711,5.500208378
-1.415936589,5.497563362
-1.416156053,5.498023033
-1.416330218,5.495371819
-1.416639566,5.496454716
-1.41684401,5.496990204
-1.4169402119999999,5.497380257
-1.4172101019999999,5.496506691
-1.417354107,5.492977619
-1.417612433,5.49103117
-1.4178910249999999,5.4894104
-1.4180122609999999,5.491128445
-1.418286562,5.49202919
-1.418398738,5.492944717
-1.418691516,5.489303112
-1.418915153,5.488181591
-1.419068575,5.487722874
-1.419217825,5.487315178
-1.41951704,5.48729372
-1.419771433,5.486422539
-1.419922352,5.484455585
-1.420060992,5.483381271
-1.420135617,5.482583046
-1.420446277,5.478962421
-1.420553207,5.479252815
-1.420775533,5.479301929
-1.421001434,5.478338242
-1.421166182,5.478991985
-1.421278834,5.479037762
-1.42141974,5.478589535
-1.421692371,5.475641251
-1.422105193,5.473974228
-1.4222328659999999,5.47682476
-1.422395348,5.473406315
-1.422722459,5.472650528
-1.422876358,5.472324371
-1.423126221,5.470115662
-1.423266888,5.470040321
-1.423656225,5.468119621
-1.423758864,5.470117092
-1.423989534,5.467723846
-1.424092293,5.466053486
-1.424467325,5.464520454
-1.424622178,5.465356827
-1.424826384,5.464100838
-1.424950719,5.461844444
-1.425148606,5.462496758
-1.425471663,5.461156368
-1.425647855,5.459352016
-1.425866723,5.462409973
-1.426090836,5.459404469
-1.426261306,5.458300591
-1.426478982,5.457259655
-1.426612735,5.455021381
-1.426855445,5.455285549
-1.4270895719999999,5.453692913
-1.427278042,5.453296661
-1.42751801,5.450854301
-1.427788496,5.452859402
-1.427813053,5.451214314
-1.4282596109999999,5.450928211
-1.4283627269999999,5.44872427
-1.428575277,5.445926189
-1.428776145,5.446238041
-1.4289739129999999,5.445886135
-1.429179907,5.444705009
-1.429354787,5.446211815
-1.429586649,5.443090439
-1.429804683,5.44235611
-1.429913878,5.445008278
-1.430226922,5.442079067
-1.430421948,5.439764023
-1.430633187,5.440525055
-1.4308578969999999,5.438405514
-1.431210637,5.438725471
-1.431293487,5.436226368
-1.431373477,5.434364796
-1.431624174,5.432445049
-1.432039618,5.434740543
-1.432303548,5.434654236
-1.432964444,5.433635712
-1.433234811,5.430468559
-1.433400512,5.43140316
-1.433534026,5.430851936
-1.433593035,5.431177139
-1.4341965909999999,5.431407928
-1.434037328,5.429371357
-1.434308648,5.425156593
-1.434308529,5.425085068
-1.434643626,5.425332069
-1.434895992,5.427734375
-1.435224771,5.426908493
-1.435630679,5.42375803
-1.435621977,5.422707081
-1.435660124,5.421237469
-1.436169147,5.420240879
-1.436136603,5.422983646
-1.436230898,5.421127796
-1.436722994,5.417072773
-1.436838269,5.415130615
-1.437297702,5.415179729
-1.437283635,5.416190147
-1.437460542,5.415278912
-1.437831283,5.413617611
-1.438005686,5.412333488
-1.438136935,5.413750648
-1.438186645,5.41008997
-1.438178301,5.407420635
-1.4383710619999999,5.408245087
-1.43855834,5.411009789
-1.438762903,5.409627438
-1.439004779,5.408370972
-1.4392325879999999,5.40726614
-1.439378738,5.406990528
-1.439672828,5.405071259
-1.439837217,5.402343273
-1.440045595,5.400401592
-1.4402145149999999,5.400780678
-1.44053936,5.400515556
-1.440660119,5.401986599
-1.4408419129999999,5.398048401
-1.4410254949999999,5.398793697
-1.441215277,5.396765709
-1.441691875,5.396709919
-1.441785693,5.396729946
-1.442019701,5.397018909
-1.442309976,5.394739151
-1.442550182,5.394141197
-1.442890286,5.39218092
-1.443048358,5.392091274
-1.443369031,5.389156818
-1.443524122,5.387357712
-1.44380331,5.386072636
-1.4440340999999999,5.389903069
-1.444316029,5.387149334
-1.444582343,5.387687683
-1.444776416,5.385426998
-1.445021748,5.383279324
-1.445380926,5.380488873
-1.445760727,5.382958889
-1.446126461,5.381519794
-1.446454287,5.381917
-1.446841121,5.382173538
-1.447193265,5.379551411
-1.447511196,5.378260612
-1.447940946,5.374317646
-1.448337913,5.376941204
-1.448968887,5.374126434
-1.449826002,5.373408318
-1.5243017669999999,5.373635292
-1.554650783,5.369095802
-1.554666996,5.364201069
-1.554791093,5.3635993
-1.554867387,5.362985611
-1.555287361,5.363826275
-1.555684447,5.362622738
-1.555720448,5.363497257
-1.556005597,5.364303589
-1.556361079,5.365795612
-1.556387067,5.36300993
-1.5566302539999999,5.360450745
-1.5570806259999999,5.362166882
-1.55740726,5.359491348
-1.557594538,5.357709408
-1.557936311,5.359056473
-1.5581727029999999,5.361551762
-1.5585403439999999,5.360831738
-1.558847189,5.356411457
-1.559033632,5.356725693
-1.559457421,5.354125023
-1.5597151519999999,5.356443405
-1.5599471329999999,5.35142231
-1.560501099,5.353933334
-1.560689449,5.35226059
-1.560833216,5.351345539
-1.561120987,5.348161221
-1.561550617,5.346754551
-1.561758876,5.346045971
-1.561927438,5.345020771
-1.562226534,5.344442368
-1.562559605,5.345731258
-1.562916636,5.344383717
-1.5631673339999999,5.344567776
-1.563375354,5.342393875
-1.563633203,5.340876579
-1.563947797,5.340559959
-1.564176083,5.338852406
-1.56449759,5.338644028
-1.564899445,5.336321354
-1.564962387,5.337134361
-1.565337062,5.337398529
-1.5657309289999999,5.334952354
-1.56585288,5.333916187
-1.566144347,5.332465649
-1.566260219,5.330587864
-1.566732049,5.331916332
-1.567098141,5.332973957
-1.567321062,5.328419209
-1.567510843,5.332073212
-1.5679337979999999,5.327802658
-1.5681009289999999,5.32929039
-1.568383813,5.324123383
-1.568682551,5.320781231
-1.568938374,5.322426796
-1.569277644,5.324487686
-1.569367886,5.321852684
-1.569656491,5.319549084
-1.570225,5.319237709
-1.570360661,5.317615032
-1.570584178,5.317986488
-1.5707864759999999,5.318859577
-1.571106791,5.318507195
-1.571341038,5.314790249
-1.571597338,5.312591553
-1.571990132,5.312845707
-1.5721488,5.3132658
-1.5724674459999999,5.312710762
-1.572703958,5.311551094
-1.572908878,5.310197353
-1.573278785,5.310695648
-1.5736235379999999,5.310195923
-1.573934555,5.306928158
-1.5741254089999999,5.305294037
-1.574414611,5.301754951
-1.574718595,5.304990292
-1.574910045,5.305939674
-1.575130582,5.302416801
-1.575432658,5.303224087
-1.575838685,5.302554131
-1.5761100049999999,5.301408291
-1.576343775,5.299870014
-1.576576352,5.29754734
-1.5768998859999999,5.297992706
-1.5770448449999999,5.296563148
-1.577324629,5.296992779
-1.5776543619999999,5.295200348
-1.5779155489999999,5.296474934
-1.578121304,5.293662071
-1.578296423,5.294561386
-1.578682899,5.290977478
-1.5789272779999999,5.290000439
-1.579156518,5.28941679
-1.579249978,5.28948164
-1.579726934,5.288178921
-1.580004811,5.287638664
-1.5803347829999999,5.287929535
-1.580459237,5.286753654
-1.580786228,5.28305769
-1.58109498,5.282351494
-1.581373215,5.280911446
-1.581504941,5.282850742
-1.581872225,5.28166151
-1.5820225479999999,5.277672291
-1.582408786,5.278860569
-1.582410693,5.274120808
-1.5826898809999999,5.275620461
-1.583048224,5.276302338
-1.583256602,5.276203632
-1.583499908,5.278981209
-1.583699703,5.274674892
-1.584139824,5.269071102
-1.584271312,5.269420147
-1.584568977,5.269126892
-1.5847033259999999,5.269376755
-1.584893584,5.267196655
-1.5852105619999999,5.265651703
-1.5853286979999999,5.266605377
-1.585625887,5.264829636
-1.585922241,5.265893936
-1.586011291,5.264298916
-1.5863556859999999,5.262319565
-1.58665657,5.261285782
-1.586867571,5.261499882
-1.587060213,5.261033058
-1.587192655,5.262578487
-1.587555766,5.258121014
-1.587931633,5.256249428
-1.58814168,5.251699924
-1.588310122,5.257065773
-1.588604093,5.256334782
-1.588892102,5.255049706
-1.589040995,5.252340794
-1.5890879629999999,5.251515865
-1.589428782,5.250591755
-1.589613676,5.247459412
-1.589870214,5.245858192
-1.590206265,5.24600172
-1.590415001,5.243257046
-1.590700269,5.24459362
-1.590955019,5.243698597
-1.591136098,5.244088173
-1.591493487,5.239916801
-1.591657996,5.240694523
-1.592023134,5.240082264
-1.592129946,5.236664295
-1.5923937559999999,5.237294674
-1.592643976,5.235966682
-1.592873335,5.235374928
-1.5931346419999999,5.232552052
-1.59346056,5.229388714
-1.5936883689999999,5.230149269
-1.59389472,5.229076385
-1.594108939,5.225872993
-1.594428778,5.227876186
-1.594567656,5.228457451
-1.5948847529999999,5.225942135
-1.595207691,5.222689629
-1.595450878,5.222177982
-1.5956857199999999,5.220794201
-1.5960054399999999,5.221955299
-1.596253514,5.222223282
-1.5963691469999999,5.219154358
-1.596608043,5.216189861
-1.59694314,5.21511364
-1.597011805,5.21530962
-1.597508073,5.212789536
-1.597811222,5.213312149
-1.598132133,5.2119174
-1.598352075,5.211244106
-1.5986317399999999,5.209176064
-1.598769784,5.206911564
-1.5991786719999999,5.211837769
-1.599713564,5.209805012
-1.6000360249999999,5.205695629
-1.600246787,5.206449032
-1.600506902,5.204857349
-1.600862384,5.209065437
-1.601125717,5.206524372
-1.601302743,5.200451374
-1.601716876,5.203939915
-1.601758242,5.199255466
-1.602185845,5.196979523
-1.602472663,5.196890354
-1.602708459,5.195741177
-1.602962851,5.194795132
-1.603008985,5.190481186
-1.603447795,5.189602375
-1.603582621,5.189649582
-1.603811979,5.188463211
-1.604230165,5.187345028
-1.604491234,5.184577942
-1.604679465,5.182634354
-1.604908109,5.182259083
-1.605223775,5.179438114
-1.605395913,5.178063869
-1.605645657,5.176100731
-1.60601759,5.176417351
-1.606220007,5.172562122
-1.606680989,5.171771526
-1.60701251,5.168543816
-1.6071883439999999,5.170820236
-1.6073443889999999,5.165572643
-1.607801676,5.163215637
-1.60802114,5.160331249
-1.608204722,5.159812927
-1.608574629,5.161832809
-1.60882771,5.154976368
-1.609202504,5.153961658
-1.609406114,5.150689602
-1.609762073,5.147117615
-1.609952569,5.14327383
-1.610286951,5.138152122
-1.6106612679999999,5.133545876
-1.610883951,5.129498959
-1.611128569,5.121549129
-1.6114556789999999,5.121671677
-1.611904025,5.113729
-1.612143874,5.10580492
-1.612492323,5.101026535
-1.612684727,5.094001293
-1.613157749,5.081541538
-1.613329053,5.074232578
-1.613707542,5.067981243
-1.614012361,5.059939861
-1.614326715,5.051710129
-1.614686251,5.040162563
-1.614945173,5.032071114
-1.615236282,5.026879787
-1.615544319,5.018295288
-1.616019249,5.008414745
-1.616318107,5.000145435
-1.6166636939999999,4.990501881
-1.617017627,4.983150005
-1.617314577,4.974211216
-1.61755228,4.967529774
-1.617903233,4.95909977
-1.61818862,4.953182697
-1.618445396,4.94260931
-1.618748665,4.938824654
-1.619079947,4.930486679
-1.619372606,4.922511101
-1.6196969749999999,4.916113853
-1.6198760269999999,4.911121368
-1.620326161,4.901378632
-1.620690942,4.893668652
-1.620941281,4.887506485
-1.62139225,4.876777649
-1.62170434,4.869431973
-1.622067213,4.862026215
-1.6222814319999999,4.858940601
-1.622611403,4.849663734
-1.622928977,4.841417789
-1.6232126949999999,4.831798553
-1.6235010619999999,4.823699474
-1.623736739,4.814912319
-1.623970628,4.809175014
-1.6243749859999999,4.799962521
-1.624587655,4.794619083
-1.625029445,4.784588337
-1.6253085139999999,4.782597542
-1.625588059,4.771821976
-1.625838518,4.764668465
-1.626216054,4.756917953
-1.626588583,4.74723959
-1.62686646,4.739542961
-1.6271543499999999,4.733913898
-1.6275094749999999,4.724508762
-1.62776196,4.716810703
-1.62804532,4.705574512
-1.628400683,4.698292255
-1.628733635,4.689707756
-1.628930926,4.680163383
-1.6293150189999999,4.675185204
-1.629606724,4.668059349
-1.629941463,4.66003561
-1.63036108,4.6552248
-1.630574107,4.640114307
-1.630956888,4.636543274
-1.6312928199999999,4.627064705
-1.63152945,4.619191647
-1.63191402,4.62125206
-1.632028222,4.608969212
-1.632550478,4.604824066
-1.632760525,4.596756935
-1.632979393,4.586950302
-1.633298397,4.586382866
-1.63371408,4.578622341
-1.633949876,4.568776608
-1.634262323,4.564069748
-1.63452065,4.554541588
-1.634906411,4.550218582
-1.635269999,4.543210983
-1.635522604,4.536437035
-1.635842919,4.525300503
-1.636149287,4.519049644
-1.636272907,4.514020443
-1.636718392,4.505900383
-1.636880517,4.498876095
-1.637287497,4.494644165
-1.637581944,4.484951496
-1.637923121,4.480781555
-1.6381925339999999,4.471118927
-1.638552666,4.469041824
-1.638863087,4.461771965
-1.639082551,4.453351498
-1.6395384069999999,4.450619698
-1.63970077,4.44000864
-1.639929175,4.43159771
-1.640366077,4.427589893
-1.640596032,4.419377804
-1.640946507,4.415610313
-1.641233921,4.406276703
-1.641509414,4.401854038
-1.6417889589999999,4.390048981
-1.641994953,4.381925106
-1.642377138,4.376692295
-1.642648935,4.368935585
-1.642892837,4.365597725
-1.643372416,4.358483791
-1.643642425,4.350484371
-1.643906712,4.342050076
-1.644194722,4.336489201
-1.644591808,4.329293251
-1.64483428,4.321463108
-1.645064354,4.316354752
-1.645403504,4.312575817
-1.6459109779999999,4.301759243
-1.645969868,4.296151161
-1.646414399,4.288761616
-1.646630645,4.283947945
-1.646960854,4.278034687
-1.647255301,4.272772789
-1.647692919,4.264203072
-1.64789474,4.257937908
-1.648177147,4.251413822
-1.64846921,4.242903233
-1.648760676,4.237833023
-1.648909926,4.228700638
-1.649327517,4.221962929
-1.649701476,4.217628002
-1.650035977,4.210997581
-1.6503689289999999,4.200303078
-1.650665045,4.196058273
-1.650978923,4.187859535
-1.651228189,4.177709103
-1.651525736,4.17383337
-1.65183115,4.164264679
-1.6521654129999999,4.157341957
-1.6523441079999999,4.146958828
-1.652646899,4.136453629
-1.652877331,4.129322529
-1.653268695,4.121530533
-1.653522015,4.111558437
-1.65379703,4.10535574
-1.654126763,4.09519577
-1.654468059,4.089532375
-1.654870152,4.080738068
-1.655137539,4.071097851
-1.6554244759999999,4.066133022
-1.6557391879999999,4.057478905
-1.656194091,4.050227165
-1.656304717,4.039225578
-1.656829596,4.03129673
-1.657019734,4.021355152
-1.657524228,4.013231754
-1.6576412919999999,4.006127357
-1.658024549,3.998946905
-1.658433557,3.988813162
-1.658639073,3.977796555
-1.659088612,3.968776226
-1.659544349,3.95576334
-1.659814954,3.950074196
-1.660016417,3.943208933
-1.66045928,3.936992407
-1.660740137,3.930456877
-1.661046743,3.924288511
-1.6614979509999999,3.913267851
-1.661778808,3.907470465
-1.662133455,3.900127411
-1.662400603,3.892326593
-1.662796974,3.887646914
-1.662897825,3.880890608
-1.663380623,3.876963615
-1.663673162,3.866529465
-1.66401279,3.860100269
-1.664183736,3.851806164
-1.664562583,3.848334551
-1.664927721,3.838068008
-1.6652057169999999,3.832761765
-1.6654541489999999,3.824001789
-1.66584003,3.818448544
-1.666206717,3.810971022
-1.666496515,3.80277586
-1.666711926,3.800245047
-1.667082667,3.786964417
-1.667401314,3.782312155
-1.667713761,3.773136616
-1.668055057,3.768388987
-1.6684628719999999,3.76038146
-1.668698788,3.749687195
-1.669033289,3.742505074
-1.669294476,3.737591743
-1.669666529,3.730883598
-1.67002666,3.723572969
-1.670253396,3.717069387
-1.670479536,3.713247538
-1.670755506,3.706243992
-1.671171546,3.70011735
-1.67144227,3.690392971
-1.671757817,3.684797764
-1.672072649,3.681037188
-1.672364712,3.675086021
-1.672679901,3.670172215
-1.672898054,3.660571575
-1.673154831,3.653799295
-1.673515916,3.650741577
-1.673805118,3.642352343
-1.673991203,3.637010574
-1.674393177,3.628813744
-1.67461741,3.623289108
-1.674849749,3.613930464
-1.6752169129999999,3.609864712
-1.675531983,3.601589441
-1.675804257,3.596718073
-1.676039576,3.586703062
-1.676325083,3.581732035
-1.676562071,3.572599173
-1.6768929959999999,3.567725897
-1.677178025,3.557327747
-1.6774022579999999,3.552026033
-1.677723646,3.543941736
-1.678022027,3.538725853
-1.678379536,3.532997608
-1.678555012,3.52801156
-1.678942561,3.516792774
-1.679197311,3.510412931
-1.679422021,3.502099991
-1.679797649,3.493157148
-1.679954886,3.485899448
-1.680370688,3.478782654
-1.6807551379999999,3.47216773
-1.6809198859999999,3.466009378
-1.681132793,3.458269596
-1.681566119,3.452866793
-1.681863069,3.445302486
-1.682219505,3.435328722
-1.682465792,3.428787947
-1.682886481,3.419110775
-1.683210492,3.412598133
-1.683386087,3.40817976
-1.683671474,3.401267052
-1.684014082,3.390841722
-1.684442043,3.383289337
-1.684779048,3.377497911
-1.685024261,3.365008354
-1.685358286,3.357401609
-1.685687542,3.349233389
-1.686039805,3.346058369
-1.6863952869999999,3.339134693
-1.686644793,3.330266714
-1.687037349,3.323150873
-1.687317491,3.313691139
-1.6875029799999999,3.305913925
-1.687957048,3.300968409
-1.6883177759999999,3.294797659
-1.688741565,3.287279844
-1.689117193,3.277924776
-1.689484119,3.269595623
-1.689747691,3.256940365
-1.690084934,3.250802517
-1.690513134,3.241111755
-1.690856099,3.232597113
-1.6911364789999999,3.220059872
-1.691740036,3.207134485
-1.692043424,3.195968628
-1.692553163,3.176903963
-1.692991376,3.162604094
-1.693611264,3.141529799
-1.694206953,3.123971701
-1.6950120929999999,3.10474205
-1.695451975,3.087436914
-1.695502758,3.074089527
-1.695947766,3.064809561
-1.696085691,3.054615498
-1.696222782,3.055192232
-1.696646333,3.05978179
-1.69701767,3.059263706
-1.697299361,3.045534134
-1.697948575,3.03036046
-1.698034286,3.00846839
-1.6983306409999999,2.995331526
-1.69847846,2.985744953
-1.698470354,2.977615118
-1.69879961,2.978703022
-1.698619723,2.985625744
-1.699170589,2.987852573
-1.6990611549999999,2.975195169
-1.699235201,2.956242085
-1.699436307,2.937480688
-1.699409723,2.92681694
-1.699481487,2.912641525
-1.69959116,2.905589581
-1.699728608,2.901069403
-1.699684739,2.908370972
-1.699840903,2.913002491
-1.700067878,2.901398659
-1.700240493,2.882000208
-1.7003084419999999,2.86114049
-1.700619698,2.846325159
-1.700587273,2.834081411
-1.700592995,2.825257063
-1.700707912,2.819756269
-1.700838327,2.823498964
-1.701063037,2.834664106
-1.701195598,2.829501629
-1.701418638,2.807906628
-1.701566458,2.786782742
-1.701676249,2.769772291
-1.701708078,2.755935192
-1.702004194,2.752780199
-1.70196712,2.745608807
-1.702097535,2.745383501
-1.702039599,2.756660223
-1.702347517,2.759815693
-1.7023354769999999,2.740462542
-1.702515483,2.717101097
-1.702747703,2.699121237
-1.702854276,2.688244343
-1.702928305,2.67750001
-1.7030141349999999,2.675242424
-1.703117371,2.674566031
-1.703213572,2.686075211
-1.703289986,2.688865185
-1.703429818,2.673744202
-1.703526497,2.653403282
-1.703816533,2.636770964
-1.703866363,2.628106833
-1.703933001,2.612733364
-1.703800797,2.607343197
-1.703937411,2.609745502
-1.704093456,2.621009588
-1.704300046,2.615418673
-1.7042957539999999,2.596790075
-1.704628348,2.578111172
-1.704766631,2.563122511
-1.704952121,2.554953098
-1.705086231,2.544447422
-1.705185175,2.541791677
-1.704990506,2.54820013
-1.705325246,2.555462122
-1.705524683,2.543395281
-1.705838323,2.523821592
-1.706322908,2.50561142
-1.706777096,2.491902351
-1.707620263,2.48145628
-1.708836675,2.473871946
-1.709308624,2.47050786
-1.709903717,2.480347157
-1.710259199,2.48754859
-1.7107282879999999,2.473477364
-1.7111485,2.452174902
-1.711395502,2.435337543
-1.7117410899999999,2.422888756
-1.71188879,2.41540122
-1.7120183709999999,2.409612179
-1.7122526169999999,2.408823013
-1.712335586,2.418364763
-1.712546229,2.417815208
-1.712677598,2.40196085
-1.712889433,2.37901926
-1.712943315,2.365451336
-1.713044643,2.352824926
-1.7130920889999999,2.34425354
-1.71341002,2.339447498
-1.713262439,2.344018459
-1.71354115,2.353693008
-1.713590145,2.345658541
-1.713693619,2.324555159
-1.71376121,2.305869579
-1.713943243,2.291465282
-1.7140338419999999,2.281570673
-1.7140542269999999,2.276986837
-1.714209557,2.271100044
-1.714428544,2.276500225
-1.714467764,2.282948256
-1.7146812679999999,2.268094778
-1.714773774,2.243023396
-1.714864731,2.222596169
-1.714967489,2.211642504
-1.715128422,2.20349884
-1.715114832,2.197128296
-1.71514082,2.19486928
-1.7152823209999999,2.203336954
-1.715160847,2.212593079
-1.715274811,2.191895008
-1.715485334,2.168569326
-1.715598226,2.148880243
-1.715677977,2.135469198
-1.7156950229999999,2.126228571
-1.715805888,2.124158859
-1.7158082719999999,2.122870684
-1.7158315179999999,2.128194332
-1.715884924,2.134263992
-1.716048598,2.119080067
-1.71599257,2.084873438
-1.716137886,2.062878609
-1.71615541,2.04386878
-1.716218591,2.039451599
-1.7162107229999999,2.033285856
-1.716316104,2.034438133
-1.716368198,2.044039726
-1.716479182,2.058284283
-1.716643095,2.032705307
-1.716597676,1.997014999
-1.716581106,1.969894528
-1.716585994,1.950917006
-1.716612935,1.941119313
-1.716781855,1.938091159
-1.716787815,1.941334963
-1.716842174,1.947274566
-1.716866136,1.959170818
-1.717021942,1.938661933
-1.716948628,1.906169295
-1.716976881,1.895445824
