Radial elongation [mm],Load [kN]
0.0,0.003237596
-5.1303999999999995e-05,0.004184926
-7.4404e-05,0.004818244
-5.6504e-05,0.007832133
-2.1404e-05,0.013008945
-7.690400000000001e-05,0.010752932
-0.000123404,0.012145633
-0.000119104,0.016100915
-0.000113874,0.020007094
-5.8603999999999997e-05,0.021273509
-1.9104e-05,0.023937173
-5.6804e-05,0.025474623
-5.3704e-05,0.027647354
-9.1004e-05,0.03100159
-8.8604e-05,0.035766907
-6.2004e-05,0.036028516
-1.2504000000000001e-05,0.040087417
-2.5603999999999994e-05,0.043097328
-4.7403999999999995e-05,0.0457955
-5.3803999999999995e-05,0.05248262
-8.4604e-05,0.056062724
-8.6504e-05,0.058544673
-0.00015740399999999999,0.062907852
-8.8204e-05,0.064987801
-6.840399999999999e-05,0.072715461
-8.2204e-05,0.076200411
-9.1504e-05,0.084052965
-0.000124804,0.087517962
-8.9804e-05,0.092564218
-4.0103999999999994e-05,0.10010612
-0.00012830399999999998,0.106877349
-0.000126804,0.113867097
-0.000123004,0.123391233
-0.000122904,0.129867896
-0.000128004,0.139104053
-9.5904e-05,0.148804158
-0.000120704,0.158839718
-0.000169404,0.167567939
-0.000178104,0.180723935
-0.000156204,0.191036925
-0.000221449,0.202411398
-0.00024859999999999997,0.212252468
-0.00018640399999999999,0.22571674
-0.00021712199999999999,0.236286551
-0.000225049,0.251296997
-0.000235897,0.264628559
-0.000298911,0.276272297
-0.000289991,0.290169239
-0.000283026,0.30519551
-0.000209804,0.317649394
-0.00022939800000000002,0.337113231
-0.000210958,0.354136586
-0.00031745,0.368743986
-0.000390826,0.386266828
-0.000336477,0.403191745
-0.000282333,0.418153912
-0.000379843,0.437819153
-0.00036238,0.459528059
-0.000353836,0.479685575
-0.000354241,0.495905012
-0.00038466,0.519326806
-0.000427111,0.537010312
-0.00040934799999999997,0.562061965
-0.00039343099999999997,0.583975494
-0.00042165299999999997,0.606206179
-0.000467232,0.628576577
-0.000510488,0.655214846
-0.000500543,0.679050624
-0.000518738,0.70508337
-0.000545611,0.73109895
-0.000532356,0.760701478
-0.000517634,0.784674764
-0.000550436,0.815370679
-0.000609662,0.84224999
-0.000633161,0.873203933
-0.000609258,0.900216877
-0.000642662,0.933423996
-0.00061354,0.961684525
-0.000641953,0.994545877
-0.000646729,1.025364757
-0.0007192629999999999,1.056494236
-0.000717446,1.091783404
-0.0007473439999999999,1.124573827
-0.000802079,1.160073876
-0.000771415,1.200295568
-0.000741738,1.236921906
-0.000776655,1.280575991
-0.000890828,1.32156539
-0.000891345,1.369324088
-0.000897479,1.420833707
-0.000925989,1.473170877
-0.000891181,1.528493762
-0.00097245,1.585324049
-0.001098049,1.641097546
-0.0011047469999999999,1.706068039
-0.00116397,1.767040253
-0.001172291,1.832518697
-0.001195198,1.895904541
-0.001279574,1.964076996
-0.001289596,2.029887199
-0.001369722,2.100093603
-0.001359459,2.170399904
-0.001456876,2.239392281
-0.001450159,2.309834719
-0.001518022,2.385404348
-0.001501723,2.457729101
-0.001584483,2.529958248
-0.001694457,2.604225159
-0.001588467,2.68040204
-0.0016733429999999999,2.756871223
-0.001718395,2.834918499
-0.001792667,2.917150021
-0.001908441,2.992619991
-0.001923731,3.072961807
-0.001963563,3.155383587
-0.001962775,3.235491991
-0.002023847,3.318232298
-0.00207359,3.402799368
-0.002107169,3.48453021
-0.002182107,3.569414377
-0.002288421,3.655255318
-0.002313183,3.736732483
-0.002314013,3.823250532
-0.002369209,3.90969348
-0.002440431,3.9984231
-0.002489127,4.085788727
-0.002508646,4.177620411
-0.0025859,4.271246433
-0.002705938,4.363454342
-0.002702868,4.456762791
-0.002730769,4.549772739
-0.002831845,4.641254902
-0.002876277,4.732165337
-0.002988223,4.822274208
-0.002961121,4.914530277
-0.003100478,5.008468151
-0.003120795,5.103673458
-0.003108389,5.197600365
-0.003223315,5.294891834
-0.003250812,5.385835171
-0.0033815159999999998,5.479817867
-0.003399317,5.572306156
-0.003457175,5.664830208
-0.003494883,5.754573345
-0.003524663,5.847640038
-0.003628592,5.935998917
-0.003661912,6.021944523
-0.003739359,6.108291626
-0.00375991,6.198379517
-0.003778486,6.297076225
-0.003825198,6.391505241
-0.003936207000000001,6.487143517
-0.004024109,6.582870483
-0.004088118,6.676891804
-0.004117914,6.774212837
-0.004160582,6.866898537
-0.004231378,6.964545727
-0.004273113,7.061238766
-0.00432751,7.156245232
-0.004432371,7.249162674
-0.004441922,7.341608524
-0.004509351,7.436695576
-0.004554806,7.523808956
-0.004635713,7.620688438
-0.004564668,7.713447571
-0.004685276,7.806596756
-0.004766475,7.901851177
-0.004848783,7.998872757
-0.004862169,8.09401226
-0.004886959,8.192080498
-0.004972224,8.289532661
-0.005030894,8.384840965
-0.005092273,8.479152679
-0.00513367,8.574895859
-0.005191429,8.671143532
-0.005214986,8.765719414
-0.005301607,8.860817909
-0.005352272,8.957766533
-0.005404028,9.049418449
-0.005453864,9.149394035
-0.005566226,9.245760918
-0.005605149,9.341128349
-0.005617502,9.432717323
-0.005668537,9.530063629
-0.005717913,9.626004219
-0.005877223,9.718853951
-0.00592764,9.812958717
-0.005895617,9.90696907
-0.005972964,9.999950409
-0.006013616,10.09525776
-0.006055929,10.18815041
-0.006093109,10.2843132
-0.006165299,10.37510014
-0.00615072,10.46714306
-0.006218093,10.56110191
-0.006263438,10.65344524
-0.006288588,10.74645424
-0.006335564,10.83988094
-0.006435555,10.93396664
-0.00649742,11.02930737
-0.006576437,11.11777306
-0.006639023,11.20995998
-0.006624498,11.30263138
-0.006629029,11.39370632
-0.006702479,11.48635578
-0.006775446,11.57783699
-0.00678467,11.66672611
-0.006937268,11.7566061
-0.006910324,11.84993649
-0.007010968,11.94181442
-0.00704587,12.03277302
-0.007054265,12.12278461
-0.007138914,12.21117687
-0.0072085,12.29835606
-0.007184967,12.39003563
-0.007216088,12.48022461
-0.007285036,12.56598473
-0.007309289,12.6551733
-0.007352297,12.74624157
-0.007431853,12.83357239
-0.007477296,12.91845608
-0.007496242,13.00451374
-0.007545609,13.09072685
-0.007559826,13.17661858
-0.007630951,13.26379299
-0.007692365,13.34827423
-0.007730185,13.43198967
-0.007727568,13.51642418
-0.00781812,13.60155296
-0.007856677000000001,13.68471718
-0.00783059,13.76776028
-0.007807886,13.85384846
-0.007993229000000001,13.93453598
-0.007985203000000001,14.01485443
-0.008103516000000002,14.09759617
-0.008098006000000001,14.1762104
-0.008084381000000002,14.25481892
-0.008145251000000001,14.33796883
-0.008191378000000001,14.4162178
-0.008241398,14.49635983
-0.008282739,14.57355976
-0.008295046,14.65061569
-0.008337801,14.72492504
-0.008375939,14.80174541
-0.008351368000000001,14.87783623
-0.008407403,14.95260334
-0.008433386000000001,15.02706718
-0.008456613000000002,15.10319328
-0.008528339000000001,15.17721176
-0.008525989000000001,15.2507906
-0.008545586,15.32424736
-0.008545259000000001,15.39942265
-0.008587344,15.47119713
-0.008734655000000001,15.5434351
-0.008691031,15.61132526
-0.008656151,15.6849184
-0.008738717,15.75441742
-0.008741510000000001,15.82806301
-0.008759316000000001,15.8945303
-0.008774901000000002,15.96761608
-0.008802077,16.03100204
-0.008855622,16.09874535
-0.008827444,16.1686306
-0.008856933,16.23320007
-0.008845665,16.30028915
-0.008881074000000001,16.36768341
-0.008851168000000001,16.43470001
-0.00897292,16.49812126
-0.008975690000000001,16.56412888
-0.008964821000000001,16.62943077
-0.009015274,16.69197273
-0.009027410000000001,16.75708389
-0.009094501000000001,16.82176971
-0.009053885000000001,16.88098335
-0.009160519,16.94432259
-0.009110538000000001,17.00888824
-0.009087988000000002,17.06877136
-0.009174168000000002,17.13125229
-0.009152433000000001,17.19244385
-0.009170589000000002,17.25439072
-0.009227506000000002,17.31194878
-0.009274605,17.37303543
-0.009286534,17.43333244
-0.009218721000000001,17.49132729
-0.009295495,17.54995346
-0.009285406000000001,17.60896683
-0.009338309000000001,17.66667938
-0.009369771,17.72044754
-0.00940151,17.7787323
-0.009387260000000001,17.8336544
-0.009318602,17.8885994
-0.009395793000000001,17.94689751
-0.009430500000000001,17.99813652
-0.00948126,18.0519371
-0.009460682000000002,18.10520363
-0.009475933,18.15917969
-0.009480798,18.20936584
-0.00952264,18.26035309
-0.009577092,18.31298828
-0.009556168,18.36145782
-0.009651541000000001,18.41175079
-0.009563736000000001,18.45866966
-0.009598434000000001,18.50777626
-0.009616009,18.55782509
-0.009581015,18.60654259
-0.009618900000000001,18.65567017
-0.009654662000000001,18.70311165
-0.009703355,18.74965286
-0.009685157000000002,18.79696083
-0.009718227000000001,18.84414101
-0.009726468,18.89171219
-0.009757611000000001,18.93778419
-0.009724053000000002,18.983078
-0.009808818,19.03103638
-0.009818965,19.07468033
-0.00981276,19.11894035
-0.009788129000000001,19.16336823
-0.009782398000000001,19.20864487
-0.009826939000000002,19.25263214
-0.009816505000000001,19.29390907
-0.009907304,19.33739471
-0.009884217,19.38275528
-0.009896966,19.42521667
-0.009881857,19.46669579
-0.009871253000000002,19.51140022
-0.009968836,19.55310059
-0.009891438,19.59375572
-0.010011163,19.6368866
-0.009934888000000001,19.6756916
-0.009957354000000002,19.7163868
-0.009967324000000001,19.755476
-0.009945814,19.79469872
-0.010002819000000001,19.83359146
-0.010000886,19.87433815
-0.009970877000000001,19.91021347
-0.009993764,19.95184708
-0.009969516000000001,19.98588753
-0.009973218,20.02592278
-0.010045983000000001,20.06141281
-0.010077066,20.0999279
-0.010105371,20.1349659
-0.010078177,20.17203903
-0.010026390000000001,20.20457268
-0.010086234000000001,20.24184608
-0.010081412000000001,20.27706146
-0.010084733,20.31749153
-0.010127599000000001,20.35218048
-0.010154365,20.38647652
-0.010186039000000001,20.42187691
-0.010063915000000001,20.45781708
-0.0100815,20.49230003
-0.010136394000000002,20.52897263
-0.010185722000000001,20.56001854
-0.010243704000000001,20.59148788
-0.010183959000000001,20.62708664
-0.010151903,20.6598835
-0.010200219000000002,20.69246101
-0.010110982000000001,20.72498131
-0.010179431000000001,20.75612831
-0.010186979,20.78941727
-0.010256260000000001,20.82063866
-0.010274132,20.85413551
-0.010272356000000002,20.88323021
-0.010230443,20.91573524
-0.010235767000000002,20.94800758
-0.010292851,20.98066139
-0.010358093,21.01007843
-0.010285237000000001,21.04135132
-0.010294074,21.07253456
-0.010277109000000001,21.10557556
-0.010227354000000001,21.1382618
-0.010297609000000001,21.16942215
-0.010301159,21.20132256
-0.010328752,21.23233032
-0.010318085000000001,21.26125526
-0.010325184000000001,21.29118156
-0.010323082,21.31966591
-0.010330606,21.34962845
-0.010315296000000002,21.3804493
-0.010387388000000001,21.41033554
-0.010363776000000002,21.44018936
-0.010405671,21.46854401
-0.010379771000000001,21.50025177
-0.010367135000000001,21.53174973
-0.010323783000000001,21.55846214
-0.010406321000000001,21.5901165
-0.010440487,21.61799812
-0.010452975000000002,21.64617538
-0.010457435000000001,21.67393112
-0.010367038,21.70298195
-0.010336176,21.73031807
-0.010404339,21.75924683
-0.010387775,21.78728867
-0.010458119,21.81545448
-0.010450286000000001,21.84286118
-0.010458394000000001,21.87361145
-0.010472033,21.90160751
-0.010501657000000001,21.93022346
-0.010458144,21.95782661
-0.010544920000000001,21.98945808
-0.010544431000000002,22.01790237
-0.010553207,22.04559898
-0.010522046,22.07290077
-0.010480890000000001,22.10064125
-0.010470951000000001,22.1279583
-0.01051821,22.1590786
-0.010605315,22.18627548
-0.010578234,22.21408463
-0.010552566000000001,22.24286652
-0.010541960000000001,22.27264786
-0.010578091000000001,22.29801369
-0.010614344000000001,22.33078575
-0.010640156000000001,22.36006737
-0.010658595000000002,22.38559532
-0.010669214000000002,22.41310883
-0.010671478000000002,22.444664
-0.010612577000000002,22.47100639
-0.010571908000000001,22.50191689
-0.010656534,22.53294563
-0.010676768000000001,22.56114578
-0.010717742,22.58913612
-0.010681183,22.61675262
-0.010690505000000001,22.64735603
-0.010673031000000001,22.67482185
-0.010665066,22.70474243
-0.010696107000000002,22.73321152
-0.010697117,22.75955963
-0.010698481000000001,22.79008865
-0.010712725000000001,22.82045174
-0.010720486000000001,22.85173988
-0.010681063000000001,22.88033485
-0.010653494000000001,22.9129734
-0.010743438000000001,22.94250679
-0.010768653000000001,22.97465134
-0.010762549000000001,23.00273705
-0.010720449000000002,23.03578758
-0.010770045,23.06587029
-0.010677925000000001,23.09571838
-0.010718821000000002,23.12636185
-0.010826287,23.15796852
-0.010855390000000001,23.18759155
-0.010790705000000001,23.22049332
-0.010813811000000001,23.2527523
-0.010790488,23.28772163
-0.010811579000000002,23.31940079
-0.010794133000000001,23.35399437
-0.010809548,23.38650894
-0.010832187,23.41776466
-0.010845775,23.44888878
-0.010846863,23.48386765
-0.010820493,23.51268196
-0.010899517000000001,23.54410553
-0.010864521,23.57491112
-0.010902791,23.60764885
-0.010918218,23.63812065
-0.010881102,23.67044449
-0.010853731,23.70258522
-0.010843281000000001,23.73386955
-0.01086138,23.76661301
-0.010905436000000001,23.79814339
-0.010935384000000001,23.83190155
-0.01087769,23.86176872
-0.010935292000000001,23.89558983
-0.010861078000000001,23.92928314
-0.010907176000000001,23.95988846
-0.010907094,23.99576569
-0.010965741000000001,24.02827263
-0.010989949,24.05931854
-0.010859025000000001,24.09029007
-0.010908588,24.12426186
-0.010918868000000002,24.15764236
-0.010972176,24.18851471
-0.010998399,24.22311211
-0.011033184000000001,24.25585365
-0.011013936,24.28704262
-0.010975831,24.31990623
-0.011032182000000001,24.35234833
-0.011002657,24.38422012
-0.010941019000000001,24.41876411
-0.010984191,24.45385551
-0.011002668,24.48191071
-0.011033928,24.5164814
-0.010995076000000001,24.54897308
-0.010966281000000001,24.58266449
-0.010975006,24.61626816
-0.011020954000000001,24.64956474
-0.011066555,24.68122673
-0.011057436,24.71475983
-0.011063186000000001,24.74952698
-0.010990303000000002,24.78225517
-0.011037476000000001,24.81611061
-0.011101207,24.84917831
-0.011054300000000001,24.88263321
-0.011089276,24.9162674
-0.011129128,24.94707298
-0.010978267000000002,24.98215485
-0.011023328,25.01638985
-0.010945171,25.04963303
-0.011009845,25.08068657
-0.011052628,25.11212349
-0.011065181,25.14643288
-0.011103252000000001,25.17857933
-0.011073542,25.20860291
-0.011065903,25.24088287
-0.011108929,25.27401924
-0.011066215,25.30471992
-0.011091149000000002,25.3373642
-0.011093533000000001,25.36882019
-0.011124774,25.4012394
-0.011017378000000001,25.43168068
-0.011083812,25.46582794
-0.011065764,25.49728394
-0.011126055000000001,25.53143692
-0.01110328,25.55891228
-0.011148958,25.5902195
-0.01107115,25.6221962
-0.011083948000000001,25.65703773
-0.011045545,25.6899662
-0.011069045000000001,25.72208023
-0.011092562,25.75533295
-0.011106089000000001,25.78901291
-0.011140509000000002,25.81813622
-0.011062132,25.85025406
-0.011057604,25.88586998
-0.011110597000000002,25.91638184
-0.011074064000000002,25.9486599
-0.01112248,25.97953224
-0.011127005,26.01212692
-0.01110855,26.04262352
-0.011089314000000001,26.07377243
-0.011022594,26.10599327
-0.011077355,26.13886642
-0.011106876000000002,26.17165947
-0.011166852000000001,26.20277023
-0.011087295,26.23379898
-0.011110796000000001,26.26623154
-0.011091581000000001,26.30042648
-0.01110053,26.33164215
-0.011081734000000001,26.36026001
-0.011101169000000001,26.39540291
-0.011066102000000001,26.42593384
-0.011089857000000002,26.45580101
-0.011071240000000001,26.48617935
-0.011064560000000001,26.51716042
-0.011061588,26.54803085
-0.011100817,26.57748985
-0.011083671000000002,26.60733795
-0.011106113,26.63604164
-0.011078708000000001,26.66526413
-0.011066342000000002,26.69631767
-0.011026051,26.72732544
-0.011097599000000001,26.75553322
-0.011080481000000001,26.78816986
-0.011108905,26.81702042
-0.011101329,26.84633446
-0.011088365000000001,26.87434959
-0.011057424000000001,26.90607834
-0.011054737,26.93642426
-0.011047936000000001,26.9666214
-0.011114808,26.99435234
-0.011070606,27.02533913
-0.011048083,27.05131912
-0.011068865,27.08342552
-0.011002151000000002,27.11276245
-0.011005223000000001,27.14326096
-0.011015409,27.1726799
-0.011072235000000001,27.2013855
-0.011091335,27.23169327
-0.011036596000000001,27.2590313
-0.011018507,27.29056168
-0.011017736,27.32025909
-0.011053782000000002,27.34892082
-0.011064573000000001,27.38091087
-0.011108171,27.40970993
-0.011060761,27.43841553
-0.010997765000000001,27.46696472
-0.010974929000000001,27.49882698
-0.010976173,27.52915764
-0.011007763,27.55695724
-0.011025575000000001,27.58621597
-0.011082354,27.61864281
-0.011010188,27.6449852
-0.010998447000000001,27.67610741
-0.01093089,27.70622063
-0.010929803,27.73351669
-0.010981419000000001,27.7647934
-0.010993388000000002,27.79457664
-0.010991149,27.82143593
-0.010975427000000001,27.84885979
-0.010971688,27.88013649
-0.010994045000000001,27.91152382
-0.010976279,27.93837929
-0.010962317000000001,27.96542931
-0.010955642000000002,27.99696541
-0.010925468,28.02507591
-0.010918409,28.05570793
-0.010884350000000001,28.08558846
-0.010835822,28.11336708
-0.010918437000000001,28.14374542
-0.010943015,28.16972542
-0.010939465,28.19884682
-0.010856521000000001,28.22603226
-0.010886012,28.25458908
-0.010808619,28.28195
-0.010833539000000001,28.31100655
-0.010874775000000001,28.33748245
-0.010904879000000001,28.36600685
-0.010921284000000002,28.39251137
-0.010849722000000001,28.42242813
-0.010847044,28.44765472
-0.010820935,28.47588539
-0.010839022,28.50466537
-0.010810956,28.5317955
-0.010806357,28.56007767
-0.010796504,28.58994102
-0.010807618000000001,28.61361885
-0.010764931,28.64261818
-0.010693849,28.67088318
-0.010788138000000001,28.69708633
-0.010744764,28.72350121
-0.010771832,28.7501564
-0.010752824000000001,28.77506828
-0.010717523000000001,28.80247307
-0.010685835000000001,28.82725906
-0.010679226,28.85652161
-0.010703746,28.87803078
-0.010666366,28.90777779
-0.010684388000000001,28.9325161
-0.010696083,28.95866394
-0.01063622,28.98140717
-0.010668817,29.01141167
-0.010647978,29.03499413
-0.010608457000000002,29.06083488
-0.010624055,29.08588982
-0.010566233000000001,29.11157417
-0.010542535,29.13537216
-0.010591487,29.16502571
-0.01053163,29.19233513
-0.010528901,29.21591949
-0.010580654,29.24058342
-0.010594142,29.26789474
-0.010529981,29.29130173
-0.010534086000000002,29.31720161
-0.010519828,29.34232903
-0.010451455,29.36722183
-0.010430048,29.39170456
-0.010479118,29.41795158
-0.010476636000000001,29.44161224
-0.010435676000000001,29.46742058
-0.01042699,29.49253464
-0.010403623,29.51642609
-0.010400133,29.53923416
-0.01043319,29.56506348
-0.01047261,29.59068489
-0.010422881,29.61381149
-0.010405031,29.64007187
-0.010300422,29.6677475
-0.010347878000000001,29.6947155
-0.0103458,29.71987724
-0.010424279000000002,29.74609756
-0.010407357,29.77456284
-0.010391274,29.79925537
-0.010341994,29.82509232
-0.010280095000000001,29.85336876
-0.010241996000000001,29.87817383
-0.010307911000000001,29.9025135
-0.010227618,29.92503738
-0.010210342,29.95050049
-0.010260234,29.97621727
-0.010169407,29.99824524
-0.010202832,30.0268116
-0.010213204,30.04977036
-0.010224015000000001,30.0748291
-0.010203057000000001,30.10036278
-0.010179674000000001,30.12388992
-0.010196665,30.14752579
-0.010128933000000001,30.17505646
-0.010104261000000002,30.19881439
-0.010130659,30.2203598
-0.010209239,30.24604416
-0.010153421000000001,30.27304459
-0.010092478,30.29763985
-0.010066608000000001,30.32172394
-0.010036731,30.34738541
-0.0099912,30.37016678
-0.010044657,30.39365196
-0.010052841000000002,30.41921425
-0.010066835000000001,30.44217682
-0.010026885000000001,30.46474838
-0.010004194000000001,30.49025917
-0.009968732000000001,30.51571465
-0.009952539000000002,30.53872299
-0.010011429,30.56246948
-0.009992426,30.58605194
-0.010001203,30.60943031
-0.009926899000000001,30.63368988
-0.009916375000000002,30.65884781
-0.009859425000000002,30.6810379
-0.009921491000000001,30.70163536
-0.009909746,30.7252655
-0.009933229,30.74801064
-0.009922637000000002,30.76865005
-0.009894058,30.79430389
-0.00978288,30.81608772
-0.00976046,30.84044075
-0.009768939,30.86348724
-0.009744402000000001,30.88565445
-0.009710829,30.90539551
-0.009777389000000001,30.9300499
-0.00970556,30.95508575
-0.009732192,30.97961807
-0.009676111000000001,31.00018883
-0.009664606000000001,31.02670479
-0.009644669000000002,31.04908562
-0.009634448,31.07588387
-0.009602243000000002,31.09886932
-0.009566253,31.12260246
-0.009590127,31.14654541
-0.009622903,31.17230988
-0.009581702000000001,31.19433212
-0.009545234000000001,31.21645546
-0.009508849000000002,31.23922348
-0.00948177,31.26390076
-0.009425872,31.28535652
-0.009444391000000002,31.30729485
-0.009481209,31.32984924
-0.009488272,31.35280418
-0.009483659,31.37303162
-0.009413907000000001,31.3974247
-0.009391010000000002,31.41967201
-0.009356195000000001,31.44078064
-0.009316082000000002,31.46264458
-0.009349633000000001,31.48425102
-0.009337671,31.50674057
-0.009331896000000001,31.52763367
-0.009274583000000001,31.54752159
-0.009282498,31.56957626
-0.009308366,31.59090424
-0.009311827000000002,31.61036491
-0.00926185,31.62922096
-0.009280381,31.65139198
-0.009223414000000001,31.66797638
-0.009154972,31.68784714
-0.009177500000000002,31.71008873
-0.009156926000000001,31.73088074
-0.009148732000000001,31.7477169
-0.009087232,31.76673126
-0.009134467,31.78757858
-0.009020450000000001,31.80718994
-0.009055229000000001,31.82572937
-0.009065265000000001,31.84576416
-0.009096351,31.86236191
-0.009031218,31.8854866
-0.009045820000000001,31.90469742
-0.009032106000000002,31.92427254
-0.009028161000000002,31.94449806
-0.008956766000000001,31.96636581
-0.008912178000000002,31.98636436
-0.008957991,32.00652313
-0.008946478,32.02558136
-0.008953569000000001,32.04512024
-0.008872169000000001,32.06370163
-0.0088859,32.08663177
-0.008839194000000002,32.10565186
-0.008806712000000001,32.1273613
-0.008847319000000001,32.14571762
-0.008811977,32.16869354
-0.008865840000000002,32.18613434
-0.008862608000000001,32.20873642
-0.008767760000000001,32.22831345
-0.008762503000000001,32.25062561
-0.008687885000000001,32.26989746
-0.008748295000000001,32.29162598
-0.008763127,32.30862808
-0.008697646000000002,32.3313179
-0.008637261,32.34931183
-0.008573514,32.37094116
-0.008555306,32.3913269
-0.008566807000000001,32.4115448
-0.008563548,32.42892838
-0.008579575,32.44828796
-0.008541018000000001,32.46806335
-0.008557047000000002,32.48803711
-0.008556835,32.50909805
-0.008491837,32.5302887
-0.008466882,32.5469017
-0.008489710000000001,32.56920624
-0.008434708,32.58670044
-0.008428795000000001,32.60805893
-0.008364246,32.6278038
-0.008375716,32.65394211
-0.008328615000000001,32.67148209
-0.008349681000000001,32.691185
-0.008297716,32.71045303
-0.008278808,32.73285294
-0.008245722,32.74906921
-0.008242259,32.76994705
-0.008231944000000001,32.79110718
-0.008218082000000002,32.81072998
-0.008211068,32.83073807
-0.008206681,32.85318756
-0.008172519000000001,32.87044144
-0.008106342,32.89442825
-0.008090881000000001,32.91639328
-0.008085874000000002,32.94142532
-0.008094123000000002,32.96294785
-0.008092350000000002,32.98942947
-0.008089892000000001,33.01324081
-0.007982683,33.03631973
-0.007973045000000002,33.05767822
-0.007979891000000001,33.08379364
-0.007980933,33.10504532
-0.007935374,33.12876129
-0.007914751000000001,33.1520462
-0.007892939,33.17343903
-0.007867023,33.19290161
-0.007773835,33.2184906
-0.007815298,33.2407341
-0.007838345,33.26196671
-0.007749061,33.28549576
-0.007766412,33.30755234
-0.007692308,33.32818222
-0.007651625,33.35123062
-0.007603615,33.37511444
-0.007621642,33.39932632
-0.007576814,33.41812897
-0.007540566,33.44378662
-0.007507647,33.46488953
-0.007419079,33.48688889
-0.007472161,33.50699234
-0.007412587,33.53095627
-0.007386564,33.55278015
-0.007363679,33.57327271
-0.007352203,33.59309769
-0.0072425,33.61495209
-0.007204682,33.63695145
-0.007142766,33.6608696
-0.007179604,33.67926788
-0.007134598,33.70305634
-0.007160971,33.71821213
-0.007072822,33.74189758
-0.007089877,33.76011658
-0.00697747,33.78260422
-0.007049441,33.80185699
-0.006996642,33.82347107
-0.006955867,33.84431458
-0.00697081,33.86465073
-0.006923862,33.88471603
-0.006862764,33.90684128
-0.006826379,33.92234421
-0.00679426,33.94677353
-0.006810793,33.96411514
-0.0067912,33.98300171
-0.006734565,33.99923706
-0.006673988,34.02080154
-0.006623439,34.03694153
-0.006660665,34.05852127
-0.006583591,34.0767746
-0.006637266,34.09302521
-0.006593894,34.11159515
-0.006564679,34.13049316
-0.006481615,34.14535522
-0.006474192,34.16782761
-0.006432152,34.18633652
-0.006480478,34.20162201
-0.006440954,34.21938705
-0.006402103,34.23785019
-0.006428573,34.25420761
-0.006347961,34.27241898
-0.006334698,34.2903595
-0.006347433,34.3101387
-0.006280396,34.3282547
-0.00628462,34.34520721
-0.006317232,34.3641243
-0.00618318,34.38272095
-0.006179503,34.39986801
-0.006145792,34.41994095
-0.006152229,34.43787766
-0.006122916,34.45587158
-0.006179627,34.47299576
-0.00608717,34.49071503
-0.0060578,34.50662231
-0.006042723,34.52325058
-0.005988318,34.54306793
-0.005945285,34.55752182
-0.005939868,34.57756805
-0.005931912,34.59450531
-0.0058929229999999996,34.6100769
-0.005827585,34.62810135
-0.00582697,34.64632797
-0.005842287,34.66233444
-0.005824073,34.67821884
-0.005790873,34.69283676
-0.005780814,34.70814133
-0.005751551,34.72457886
-0.005740105,34.74186325
-0.005721096,34.75768661
-0.005705415,34.77375412
-0.005705397,34.78919983
-0.0056601789999999996,34.80146408
-0.005636885,34.81921768
-0.00557461,34.83207321
-0.00555335,34.84837341
-0.005555029,34.86299515
-0.005524298,34.8812027
-0.005579332,34.89648438
-0.005533345,34.90947723
-0.005492563,34.92708969
-0.005428501,34.94207764
-0.00541618,34.95748138
-0.005357307,34.97393417
-0.005365373,34.99079895
-0.005379025,35.0069313
-0.005327387,35.02235031
-0.0053105949999999996,35.03945923
-0.00524135,35.05228806
-0.005282976,35.06861877
-0.005290813,35.08512115
-0.005330283,35.0976181
-0.005159018,35.11203003
-0.005233819,35.12874222
-0.005146082,35.14289856
-0.005097532,35.15821457
-0.005094755,35.1739502
-0.00510321,35.18890762
-0.005129589,35.20052719
-0.005057437,35.21502304
-0.005038151,35.23144531
-0.004983637,35.24329376
-0.004951573,35.25892639
-0.00496193,35.27467346
-0.004971962,35.29065704
-0.004967943,35.30496216
-0.004950339,35.32210159
-0.004934439,35.33607864
-0.004836698,35.35071945
-0.004805277,35.36819458
-0.004816282,35.38278961
-0.004872645,35.3946228
-0.004807502,35.41057968
-0.004815708,35.42775726
-0.004746466,35.44290543
-0.004643258,35.45615387
-0.004686392,35.47415161
-0.004663385,35.48900223
-0.004689018,35.50164413
-0.004638096,35.51865387
-0.004577371,35.53466415
-0.004549409,35.55073547
-0.004491813,35.56651688
-0.004511511,35.58335495
-0.004444673,35.60195541
-0.004496556,35.61762238
-0.004476946,35.63399124
-0.004447541,35.65117264
-0.004329885,35.67110825
-0.004375883,35.68852997
-0.004295405,35.70412827
-0.004341422,35.72099686
-0.004309424,35.73380661
-0.004215064,35.74944687
-0.004175125,35.76568604
-0.004119679,35.78182983
-0.00413125,35.79535675
-0.004112232,35.81222916
-0.0041393919999999996,35.82746887
-0.004083853,35.84231567
-0.004094376,35.85760117
-0.004073943,35.87511444
-0.003959266,35.89210892
-0.003968205,35.90802002
-0.003968370000000001,35.9218483
-0.003999087,35.93698502
-0.003900959,35.94909668
-0.003885381,35.96672058
-0.003850118,35.98374557
-0.003789953,35.99862289
-0.0038366,36.01683044
-0.003797504,36.03351212
-0.003763747,36.04812622
-0.003745315,36.06245422
-0.003648746,36.08104324
-0.003638769,36.0962677
-0.003607062,36.11029053
-0.003594024,36.12809372
-0.003584997,36.14410782
-0.003562472,36.15899658
-0.003474731,36.17576981
-0.00346552,36.18942261
-0.003466501,36.20543289
-0.003423976,36.22228622
-0.003386192,36.23867035
-0.003340937,36.25271606
-0.003329356,36.27057266
-0.003308058,36.28990555
-0.00321478,36.30551529
-0.003198381,36.31900406
-0.003184748,36.33784866
-0.003164055,36.35153961
-0.003135384,36.36685181
-0.003164,36.38225174
-0.003064894,36.39836884
-0.003055993,36.41545486
-0.003022958,36.4296608
-0.002999749,36.44461441
-0.002979778,36.46133423
-0.00291548,36.47657013
-0.002899528,36.49259186
-0.002807734,36.50838089
-0.002798064,36.52176285
-0.002816183,36.53724289
-0.002822108,36.55309677
-0.002783604,36.56834793
-0.002782723,36.5842247
-0.002708163,36.60002899
-0.002663525,36.61552811
-0.00263276,36.63395309
-0.002601297,36.64839172
-0.002620842,36.66199875
-0.002588025,36.67913055
-0.002540559,36.6948967
-0.00254867,36.71006012
-0.002480779,36.72583008
-0.002460924,36.74202347
-0.002415249,36.75725174
-0.002453956,36.77059937
-0.002373243,36.78346634
-0.00231407,36.80063629
-0.002279677,36.81505203
-0.002229222,36.83044434
-0.002246599,36.84447861
-0.002164225,36.86020279
-0.002233967,36.87420273
-0.002156804,36.88735962
-0.002107782,36.9041481
-0.0020877,36.91733551
-0.0019995620000000003,36.93214417
-0.00205471,36.94909286
-0.00198801,36.96216202
-0.001968655,36.97686768
-0.001836347,36.99281311
-0.00174548,37.00811768
-0.001812422,37.02384949
-0.001747899,37.03528595
-0.001733225,37.0515213
-0.001743002,37.06455612
-0.001669738,37.07979584
-0.001631502,37.09098053
-0.00157498,37.10810852
-0.001569521,37.12233734
-0.00153613,37.13761902
-0.00149821,37.15183258
-0.0014392089999999999,37.16496277
-0.001450317,37.17720413
-0.001334423,37.19565201
-0.001273724,37.21002197
-0.001281987,37.22236252
-0.00127099,37.23996735
-0.001281292,37.25078583
-0.001195949,37.26535797
-0.0011609839999999999,37.27951431
-0.001108718,37.29589844
-0.0010298500000000001,37.31126022
-0.001043407,37.32357025
-0.001052783,37.33923721
-0.001016964,37.35055923
-0.000921477,37.36449814
-0.000908788,37.37801361
-0.000798681,37.3927002
-0.000767677,37.40629959
-0.00076758,37.42250443
-0.000756267,37.43736649
-0.00078112,37.44585037
-0.000666766,37.4645195
-0.000580445,37.47676849
-0.000556351,37.49133301
-0.000589295,37.50551605
-0.000592029,37.51707077
-0.000571476,37.5291748
-0.0005178650000000001,37.54235458
-0.000438821,37.55606842
-0.00040800099999999996,37.56974792
-0.000352777,37.58227158
-0.00035359,37.59487534
-0.000306081,37.60502243
-0.000312456,37.62049484
-0.000265224,37.63206482
-0.000171904,37.64410019
-0.000156404,37.65846252
-8.0504e-05,37.67430115
-0.000100814,37.68332291
-4.3503999999999995e-05,37.69903946
-9.3204e-05,37.71230698
3.2074000000000005e-05,37.7261734
7.0375e-05,37.74066162
7.953900000000001e-05,37.75487518
0.000118514,37.77036667
5.031700000000001e-05,37.78087234
0.000123202,37.79362869
0.00016093900000000003,37.80729675
0.000212168,37.81657028
0.000310549,37.83039093
0.00029868,37.8429718
0.000312484,37.85630798
0.000342131,37.86710358
0.000381659,37.88190079
0.00042963699999999997,37.89096832
0.00041616600000000004,37.90620804
0.000489728,37.92137527
0.00050876,37.9366951
0.000519555,37.94723892
0.000566399,37.96076584
0.000560803,37.9718895
0.00059207,37.98405838
0.000611623,37.99705505
0.000635888,38.01423645
0.000681296,38.02549362
0.000693003,38.03787613
0.0006743060000000001,38.05485916
0.0007451280000000001,38.06647873
0.000765374,38.07837677
0.00086257,38.09135818
0.000832519,38.10620117
0.000860966,38.11755753
0.000820486,38.12850571
0.000908126,38.1434021
0.0008901880000000001,38.15135574
0.001009758,38.16664124
0.001003301,38.17937469
0.001074183,38.19215012
0.001052081,38.20564651
0.001093862,38.21870041
0.001021216,38.2291069
0.00119012,38.24407959
0.001161513,38.25896072
0.00114893,38.27490616
0.00117771,38.28899765
0.00125162,38.30016708
0.001170288,38.31367874
0.001236975,38.32814407
0.0012824800000000001,38.34194183
0.001331434,38.35486603
0.001352518,38.3694191
0.001352427,38.38147736
0.001366478,38.39615631
0.001384061,38.41169739
0.001437632,38.42147827
0.001484521,38.43632507
0.001517749,38.44829559
0.001550327,38.46043015
0.001534758,38.47143555
0.001562848,38.48502731
0.001594199,38.49749756
0.001618949,38.51225281
0.001713054,38.5236702
0.001676052,38.53649902
0.001716682,38.54928207
0.00178486,38.56144714
0.001731295,38.57316208
0.001819551,38.58395767
0.0018904809999999998,38.59580231
0.001870222,38.61058807
0.001972705,38.62132645
0.0019222290000000001,38.63323593
0.001890686,38.64588547
0.002008467,38.65498352
0.002013594,38.6648407
0.002030913,38.67760849
0.002097411,38.68795776
0.00213438,38.70038986
0.0021261550000000002,38.71268845
0.002170591,38.72202682
0.002185817,38.73392487
0.002203707,38.74764252
0.002234885,38.75919342
0.00227277,38.77017593
0.002323388,38.78211975
0.002321227,38.79350281
0.002364953,38.80273819
0.002401428,38.81602859
0.002403969,38.82318878
0.002490476,38.83559418
0.00247441,38.84821701
0.0024952,38.85866928
0.002525925,38.86739731
0.002514178,38.87877274
0.002543676,38.89191055
0.002601137,38.90055466
0.002651715,38.91056824
0.002694621,38.92140198
0.002737006,38.9335289
0.002696963,38.94343185
0.00270034,38.95453262
0.002796466,38.9671936
0.002851513,38.97447968
0.002842443,38.98807907
0.002821555,38.9990387
0.002917828,39.00920486
0.00288941,39.02028275
0.00299601,39.02973938
0.003013565,39.04098511
0.0030217350000000002,39.05218124
0.003094911,39.06539536
0.003133971,39.07324982
0.003056125,39.0848465
0.003115678,39.09870911
0.003178586,39.10752106
0.003210208,39.11910629
0.003263622,39.13170242
0.003301637,39.14636993
0.003342145,39.15740967
0.003271868,39.17246246
0.003353122,39.1849823
0.003362981,39.19493866
0.003460216,39.21020126
0.003479065,39.22143555
0.0035818,39.23434448
0.003529306,39.24497986
0.003571902,39.25498962
0.00365433,39.26411057
0.003720599,39.27436447
0.003784075,39.28686523
0.00375868,39.29682541
0.003774927,39.30622482
0.003782335,39.3169136
0.003790447,39.3260994
0.0038076280000000004,39.33639145
0.0038411649999999997,39.34793472
0.003919246,39.35832214
0.0038620879999999996,39.36750793
0.003950906,39.37334442
0.003893331,39.38405991
0.003966451,39.39142609
0.003995147,39.3993721
0.004077072,39.40929413
0.004086385,39.41972733
0.004075597,39.4285202
0.004081149,39.43874359
0.0041055630000000004,39.44664764
0.004111168,39.45611572
0.004225442,39.46720886
0.004195416,39.47634506
0.004259916,39.48750687
0.004335079,39.49752045
0.004336584,39.50668716
0.00441258,39.51613235
0.004385473,39.52626038
0.004466745,39.53897476
0.004497652,39.54576874
0.004477778,39.55855942
0.004584957,39.56977844
0.004515048,39.57696915
0.00460374,39.58734512
0.004665303,39.59743118
0.004717298,39.60836792
0.004767992,39.6211319
0.004765008,39.63364792
0.004802997,39.64337158
0.004712663,39.65494156
0.004870496,39.66825867
0.004872899,39.68028641
0.004944234,39.69192886
0.004969461,39.70516205
0.004960262,39.71637344
0.00495153,39.7309227
0.005020887,39.73986435
0.005047283,39.75718307
0.005143914,39.76563263
0.005225997,39.77865982
0.005147053,39.79159927
0.005255883,39.8046875
0.005293354,39.81295776
0.005319204,39.82704926
0.005369753,39.83929062
0.005432845,39.84993744
0.005425716,39.86257935
0.005481335,39.87289429
0.005453813,39.88212967
0.005558451,39.89398575
0.005626327,39.90863037
0.005629057,39.9178009
0.005669574,39.92929459
0.005669432,39.94360733
0.005641451,39.95290756
0.005624861,39.96360016
0.005673966,39.97502899
0.005722285,39.9850769
0.005780458,39.9957428
0.005794339,40.00630951
0.005864903,40.01635361
0.005853072,40.02649307
0.005890107,40.0356369
0.005938588,40.04588699
0.005971657,40.05448532
0.006017712,40.06619644
0.006057457,40.07584763
0.006015193,40.08705139
0.006050247,40.0930748
0.006094078,40.10680771
0.006170178,40.11501694
0.006214213,40.12940598
0.006298997,40.13922882
0.006285486,40.15023804
0.006260577,40.15980911
0.006263855,40.17199326
0.006357279,40.18168259
0.006396301,40.19418335
0.00646552,40.20389557
0.006466021,40.21326828
0.006558035,40.22166824
0.006540762,40.2327919
0.00660217,40.24085236
0.00659534,40.25130844
0.006637067,40.26298523
0.006716851,40.27320862
0.006743215,40.28295898
0.006767617,40.29325485
0.006740614,40.30397034
0.006840293,40.31210709
0.006851513,40.32281113
0.00694857,40.33108521
0.006955584,40.34346771
0.006979992,40.35087204
0.006978913,40.3610878
0.0070567,40.36732864
0.007031503,40.3767395
0.007121518,40.38389969
0.007188572,40.3934021
0.007265979,40.40132523
0.007267687,40.40869522
0.00725144,40.41955566
0.007292742,40.42495728
0.00732455,40.43324661
0.007447163,40.44399643
0.007510246,40.45209503
0.007561567,40.46355438
0.0076229,40.47102737
0.007588971,40.47877502
0.007638186,40.48629761
0.007647154,40.49582291
0.007692043,40.50673294
0.007772212999999999,40.51411057
0.0077965790000000005,40.52241135
0.0077652749999999994,40.53120422
0.007832790999999999,40.54265976
0.007849337999999999,40.54998016
0.007924407,40.55945587
0.007978573999999999,40.56742096
0.008007307,40.57936478
0.008007163,40.58572006
0.008062172999999999,40.59708405
0.008083193999999998,40.60275269
0.008126787,40.61256027
0.008168789,40.62085724
0.008261408999999999,40.62987137
0.008303093,40.63707733
0.008302829,40.65010452
0.008360003,40.65825653
0.008375948999999999,40.6686554
0.008421732999999999,40.67736435
0.008447712,40.68567657
0.008547800999999999,40.69505692
0.008529594,40.70352173
0.008584690999999998,40.71348572
0.008640722,40.72166824
0.008657838999999999,40.72954178
0.008722596999999999,40.73858643
0.008767487999999999,40.74922562
0.008800038999999999,40.75749969
0.008797728999999999,40.76573563
0.008858023999999999,40.77394104
0.008934695999999999,40.78016663
0.008958712999999998,40.78983688
0.008987193999999999,40.79831696
0.009026679999999999,40.80778122
0.009072183,40.81446075
0.009049218999999999,40.82632828
0.009148183999999998,40.83369064
0.009143564,40.84277344
0.009208043999999999,40.84870148
0.009255843,40.8596344
0.009283777,40.86842346
0.009335709999999999,40.87785339
0.009368346,40.8848114
0.009383206,40.89337158
0.009455258,40.89751816
0.009497786,40.90935135
0.009542048999999999,40.91399384
0.009605925999999999,40.92215347
0.009617984,40.92964554
0.009583355,40.94009018
0.009694199999999998,40.94469452
0.009768055999999999,40.95262909
0.009769591,40.96068192
0.009803297999999998,40.96848679
0.009871182999999999,40.97749329
0.009833979999999999,40.98553085
0.009911354999999998,40.98950195
0.009930545999999998,40.9986496
0.010006646,41.00611877
0.010065949999999999,41.01399231
0.010116179999999999,41.01913834
0.010104631,41.02901077
0.010175601,41.03307343
0.010162019999999999,41.04354095
0.010184176,41.05356979
0.010314608,41.0584259
0.010314686,41.06655884
0.010407155,41.07813263
0.010424994,41.08777237
0.010425575999999999,41.09587097
0.0104391,41.10548019
0.010526744999999999,41.11342239
0.010498845,41.11825943
0.010605656,41.13357925
0.010658580999999999,41.14082336
0.010695047999999999,41.15080643
0.010738930999999998,41.15807724
0.010824212,41.16895294
0.010881796,41.17516327
0.010927441999999999,41.18548965
0.010936907999999999,41.19316483
0.010948001999999998,41.20092392
0.010981326,41.20620346
0.010997274999999999,41.21605301
0.011053496,41.22515106
0.011129516999999998,41.23236465
0.011198726999999999,41.2407074
0.011207624999999999,41.25066376
0.011243228,41.25584412
0.0112549,41.26623917
0.011295145999999999,41.27087402
0.011403190999999998,41.28191376
0.011451202999999998,41.28676605
0.011509317,41.29631424
0.011506397,41.30215836
0.011548020999999999,41.30914688
0.011602049,41.3170929
0.011635069,41.32426834
0.011694085,41.32999802
0.011713077999999998,41.33972931
0.011799357,41.34315491
0.011791581999999998,41.35302353
0.011809528,41.35891724
0.011916253,41.36950302
0.011940244999999999,41.37136078
0.012021022999999999,41.38270187
0.012109802999999999,41.39090347
0.012082246999999999,41.39756012
0.012170374999999999,41.40527344
0.012161664999999999,41.41334534
0.012192818999999999,41.42072678
0.012284435,41.42808914
0.012346362,41.43715668
0.012360459999999998,41.4470787
0.012442812,41.45318604
0.012498436,41.46047592
0.01249349,41.47050095
0.012550009999999999,41.48011398
0.01264044,41.48713303
0.012727497999999999,41.4974556
0.012724579,41.50654984
0.012756948999999998,41.51538849
0.012773910999999999,41.52424622
0.01277248,41.53567886
0.012935354,41.54274368
0.012939814999999999,41.55328369
0.013070653,41.56362152
0.013017046999999999,41.57126617
0.013080808999999999,41.57832336
0.01304703,41.5868988
0.013129370999999999,41.59585953
0.013179188,41.60161972
0.013243106,41.61149597
0.013287760999999999,41.62099075
0.013286494,41.62928009
0.013326454,41.63471222
0.013348038999999999,41.64530945
0.013449567999999999,41.65367889
0.013537328999999999,41.66189957
0.013570016999999998,41.66874695
0.013582147999999999,41.67589951
0.013619771999999999,41.68634033
0.013606331999999999,41.69038391
0.013726383,41.70078659
0.013788805999999999,41.70769119
0.013852847,41.71470261
0.013939502,41.72280884
0.013926959999999999,41.73311996
0.013922207999999998,41.73822021
0.014038617,41.74546051
0.014047207999999999,41.75270844
0.014113111999999999,41.76103592
0.014176266,41.76908112
0.014190568999999998,41.77987289
0.014196245,41.78761292
0.014277705,41.79354858
0.014303963,41.80067444
0.01438517,41.80895615
0.014456539999999999,41.81536865
0.01447154,41.82636642
0.014561890999999999,41.83574677
0.014592717,41.84425354
0.014584291999999999,41.85083771
0.014689279,41.86181259
0.014775482,41.86909103
0.014752445999999999,41.87945557
0.014829437,41.88790131
0.014858972,41.89557266
0.014870224999999999,41.89952469
0.014933984999999999,41.90637589
0.015049458,41.91418457
0.015124289999999999,41.91929245
0.015152803999999999,41.92516708
0.015206725999999999,41.93364334
0.015247989,41.9373436
0.015271564999999999,41.94091034
0.015307854,41.95173264
0.015354588999999998,41.9568367
0.015489158999999999,41.96081161
0.015500825999999999,41.97170258
0.015615878,41.97597885
0.015606064,41.97985458
0.015632735,41.98622131
0.015765743,41.99076462
0.015782959,41.99809647
0.015834057,42.00489044
0.015859942,42.01119995
0.016007913,42.01984406
0.016055847999999998,42.02866364
0.016135939999999998,42.03573608
0.016130989,42.04304886
0.016262801,42.05140686
0.01633279,42.05875397
0.016336936,42.06377792
0.016340181999999998,42.07047272
0.016434497,42.07722855
0.01650113,42.08132935
0.016584223999999998,42.08916855
0.016626821,42.09613037
0.016735855,42.102211
0.016718825,42.10560226
0.016733426,42.11502838
0.016806336999999998,42.12280273
0.016863263,42.12394714
0.016958463,42.13197327
0.017006462,42.13922501
0.017071567,42.14477539
0.017143554,42.15114975
0.017104748,42.15608597
0.017221065,42.15875626
0.017266511,42.16508102
0.017402089,42.17237091
0.01748969,42.17744064
0.017498252,42.18513489
0.017538985,42.19087219
0.01757856,42.1954689
0.017631664,42.20512772
0.017737009999999998,42.2100563
0.017770359,42.21553802
0.017841858,42.21989059
0.017958208,42.22748184
0.018003847,42.23286438
0.018069639,42.23821259
0.018126785,42.24571991
0.018235137,42.25271988
0.018386764,42.2583313
0.018393751,42.26385117
0.018457513,42.27228928
0.018475019999999998,42.28031158
0.018589861,42.28367233
0.018647201,42.29148483
0.018720946,42.2975502
0.018774231,42.30646133
0.018904063,42.31662369
0.018942437,42.32428741
0.019025685,42.32955551
0.019075115,42.33476257
0.019191049999999998,42.34404755
0.019277144,42.34932327
0.019378203,42.3561058
0.019413146,42.36541748
0.019387098999999998,42.37184143
0.019505639999999998,42.37815094
0.019566365999999998,42.38626099
0.019658874,42.39316177
0.019794001,42.4005394
0.019834587,42.41007233
0.019895022,42.41561508
0.019959201,42.42298889
0.020011262,42.4296608
0.02009,42.43658829
0.020158377999999998,42.44417953
0.020284062999999998,42.45141983
0.020381007,42.4581604
0.02035766,42.46435928
0.02046997,42.47203064
0.020525384,42.47716141
0.020593960999999997,42.48422241
0.020714549999999998,42.48996353
0.020747523,42.498703
0.020793948,42.50218582
0.02088174,42.50915527
0.020906662,42.51597595
0.020990103,42.52045441
0.021082509,42.5269928
0.021242726,42.53417587
0.02122594,42.54027557
0.021294669,42.54805374
0.021326665999999998,42.55298996
0.021391459999999998,42.55564499
0.021478519999999997,42.56175613
0.021621478,42.57044983
0.021699542999999998,42.5743103
0.021654253,42.57933807
0.021737612,42.58602524
0.021797756999999997,42.58824539
0.021857647,42.5929184
0.021931532,42.60012817
0.022009373999999998,42.60653687
0.022084237,42.61016464
0.022080296,42.61829758
0.022085768,42.62356949
0.0222123,42.63006592
0.022257525,42.63461304
0.022329178999999998,42.64062881
0.022420728,42.64766693
0.022485479,42.65372086
0.022448871999999998,42.66120911
0.022509852,42.66514206
0.022556723,42.67008972
0.022656889,42.67661285
0.022759504,42.68107224
0.022815395999999998,42.68384171
0.022796118,42.6916275
0.022868799999999998,42.69646835
0.022892493,42.70133591
0.022925736,42.70630264
0.023052217,42.71427155
0.023184269,42.72372437
0.023161539,42.72885513
0.023244991,42.73789978
0.023262148,42.74238586
0.023343164,42.75169373
0.023412717,42.75703049
0.023477137999999998,42.76416779
0.023559814,42.77262497
0.023619899,42.77750015
0.023638535,42.78312683
0.023660404,42.78906631
0.023783867,42.79456711
0.023835992,42.80047607
0.024004028,42.80832672
0.023986331,42.81521225
0.024029847,42.82036972
0.024071139999999998,42.82643509
0.024096819999999998,42.83122253
0.024152798,42.83650208
0.024272626,42.8432579
0.024351272,42.85051346
0.024406391,42.85532761
0.024446908,42.86532974
0.024471279,42.87042236
0.024534136999999998,42.87607574
0.024600728999999998,42.88157272
0.024734561999999998,42.89096451
0.024824614999999998,42.89374161
0.024819795999999998,42.90102768
0.024852528,42.90638351
0.024864272,42.91229248
0.024983117,42.915905
0.025039432,42.92459106
0.025129688,42.92887497
0.02519722,42.93296814
0.025183435,42.94073868
0.025317113,42.94740677
0.025291737999999998,42.95189285
0.025295292,42.9575386
0.025446925999999998,42.96531677
0.025498021,42.97148514
0.025536943,42.97405624
0.025608774,42.98079681
0.025595648,42.98616791
0.025656264999999998,42.99091339
0.025698223,42.99420547
0.025812184,43.00014877
0.02587125,43.00345612
0.025950554,43.01288986
0.025912403,43.01469421
0.025952877,43.01951981
0.026034181,43.02609253
0.026156930999999998,43.03293228
0.026218131999999998,43.03817749
0.026248898,43.04415512
0.026277296999999998,43.04813004
0.026324858,43.05484009
0.026392906,43.05799866
0.026405526,43.06394196
0.026519953,43.07042694
0.026614607999999998,43.07422256
0.026586998,43.08229828
0.026650687,43.08550262
0.026690553,43.09144211
0.026766933,43.09585571
0.026784505,43.10000992
0.026907607,43.10474396
0.026937021999999998,43.11082458
0.026976524999999998,43.11380768
0.027046129999999998,43.11571503
0.027063748999999998,43.12295151
0.027136014,43.12490463
0.027172540999999998,43.12860107
0.027282307999999998,43.13295746
0.027269231999999997,43.13801575
0.02730308,43.14143372
0.027345627,43.14736176
0.027394112999999998,43.14858246
0.027500807999999998,43.15179443
0.027565572,43.15467072
0.027626494999999997,43.16038132
0.027626177999999998,43.16447067
0.027708114,43.16619873
0.027747291,43.1696434
0.027765746,43.17390823
0.027850016,43.1760025
0.027954818,43.18165207
0.027971071,43.18359375
0.027954128999999998,43.1870079
0.028017637999999997,43.19174194
0.028066294999999998,43.19421768
0.028153128,43.19581223
0.028189159,43.19921112
0.028287272,43.20462036
0.028327887,43.20985794
0.028286089,43.21559525
0.028367206,43.21991348
0.02842635,43.22229385
0.028508620999999998,43.22472
0.028499904,43.22996902
0.028604101,43.23311615
0.028640491,43.23644638
0.028632063,43.23969269
0.028635483,43.24090576
0.028713764,43.24409485
0.028773972,43.2493248
0.028808461,43.25446701
0.028878236999999998,43.25610352
0.028882842,43.26094818
0.028857093,43.26456451
0.028907893,43.26985931
0.029036872999999998,43.27264404
0.029062919,43.2787056
0.029098262,43.28265381
0.029134755,43.28982925
0.029141195999999998,43.29148102
0.029234086,43.29853058
0.029244564,43.30291367
0.029326272,43.30742264
0.0293904,43.31410599
0.029407396,43.3188591
0.029465500999999998,43.32264709
0.029513309999999997,43.32555389
0.029505352999999998,43.33314896
0.029511238999999998,43.33943176
0.029610821,43.34087753
0.029704209,43.34672928
0.029693735,43.3519783
0.029725829999999998,43.3577652
0.029675476,43.3618927
0.029807939,43.36919403
0.029855837,43.37104797
0.029883662999999998,43.37721252
0.029995816999999998,43.38307953
0.030020956999999997,43.38958359
0.029993422,43.39367676
0.029979565,43.40072632
0.030074363,43.40396118
0.030170637,43.40997696
0.030235148,43.41678619
0.030219744,43.42461777
0.030302975,43.42603683
0.030351796,43.43405151
0.030298521,43.44152832
0.03040876,43.44671631
0.030485775,43.45300674
0.030523992,43.45913696
0.030559502,43.46214676
0.030594371,43.46852493
0.030618639,43.46965027
0.030673254,43.47653198
0.030746140999999998,43.47787857
0.030791669,43.48672104
0.030879817,43.48955536
0.030917339999999998,43.49478531
0.030935697999999998,43.49858093
0.030946813,43.50574875
0.031059877,43.50881577
0.031100107,43.51419067
0.031187168999999997,43.51960373
0.031163806999999998,43.52655029
0.031316034,43.53142548
0.031258497,43.53727341
0.031313240000000006,43.54317474
0.031360424000000005,43.55033493
0.031480088,43.55540848
0.031482334,43.56241989
0.031524665,43.56759644
0.03160122,43.57646179
0.031621787000000005,43.58003616
0.031645152,43.5859642
0.031703669000000004,43.58924484
0.031797531000000004,43.59717178
0.031816918,43.60114288
0.031859583000000004,43.60539246
0.031879316000000005,43.61045456
0.031886379,43.6134758
0.03195954,43.61975098
0.032062690000000005,43.62382507
0.032153844,43.62810516
0.032184783,43.63443756
0.032188035000000004,43.638237
0.032248802,43.64131927
0.032279923,43.64769363
0.032359424000000005,43.65381622
0.032406627,43.65739059
0.032501768,43.66173553
0.032510399,43.66707993
0.032588202000000004,43.67173386
0.032568122000000005,43.67630768
0.032605718000000006,43.68221283
0.032688367,43.6856308
0.032802615,43.69137192
0.032832179,43.69813538
0.032869826000000005,43.70220947
0.03291675,43.70654678
0.032951075,43.71326065
0.033019657,43.71722031
0.033100884000000004,43.72092438
0.033170532,43.72870636
0.033204022,43.7326088
0.033208779,43.73777771
0.03333237,43.74456406
0.033383041,43.74866104
0.033410437,43.75184631
0.033489953,43.75836563
0.033576536000000004,43.76547241
0.033594846000000005,43.76960754
0.03359042,43.77614212
0.033625226,43.78307343
0.033779036000000005,43.7872963
0.033848184,43.79143906
0.033889911,43.7998085
0.033952731,43.80295944
0.033998381,43.80768204
0.034035179000000006,43.81216431
0.034080073,43.81789017
0.034142240000000004,43.82243729
0.034238859,43.82754135
0.034316699000000006,43.83532333
0.034378886000000004,43.83858109
0.034405309,43.84440231
0.034457556,43.84773254
0.034567754000000006,43.85000992
0.034631076000000004,43.85475922
0.034660532,43.8585434
0.034714624,43.86203003
0.034777913,43.86396408
0.034833706000000006,43.86671066
0.034886389000000004,43.86941147
0.034903149,43.87456131
0.035073268000000005,43.87513351
0.035066477000000006,43.87759018
0.035161323,43.88249588
0.035183362,43.88555908
0.035172275,43.88698196
0.035257924,43.89204788
0.035377748,43.89495468
0.035466011000000006,43.89569855
0.035506739,43.89883804
0.035571776,43.90326691
0.035597719,43.90559769
0.035677727,43.90611649
0.035694122,43.91222763
0.035771064000000005,43.91339874
0.035902868000000004,43.91444016
0.035911548,43.91823578
0.035958394000000005,43.92149353
0.036018349000000005,43.92203903
0.036050323,43.92345047
0.036166496,43.92450333
0.036186974000000004,43.92710876
0.036276928,43.92731857
0.036319065000000005,43.93280029
0.036320652,43.93348694
0.036318931000000006,43.93370819
0.03641913,43.9367218
0.036468323000000004,43.93802261
0.036607261,43.94033432
0.036650392000000004,43.94517899
0.036713983000000006,43.94799423
0.036724239000000006,43.95094681
0.036765888000000004,43.9523735
0.036893665000000006,43.95500565
0.036899599000000005,43.95739365
0.037022996,43.96144867
0.037018958000000005,43.96456909
0.037102471000000005,43.96820068
0.037097554000000005,43.96986389
0.037116557,43.97410965
0.037194929,43.97727585
0.037281453000000006,43.98329163
0.037371702,43.98741531
0.037378385,43.98992538
0.037410758,43.99332047
0.037447415000000005,43.99646759
0.037588253,44.00014877
0.037625252000000005,44.00507736
0.037675518000000005,44.00948715
0.037785257,44.01201248
0.037793900000000005,44.01341248
0.037809811000000006,44.01819992
0.03788254,44.02326965
0.037974588000000004,44.024086
0.037995893,44.02802658
0.038091111000000004,44.03236771
0.038191627000000006,44.03401566
0.038176547000000005,44.03736496
0.038249671000000006,44.03905869
0.038291889,44.04379272
0.038392890000000006,44.04286194
0.038488592,44.04962158
0.038548312,44.05328369
0.038586251,44.05493164
0.038616504,44.05846786
0.038645863,44.05923843
0.038782868000000005,44.0633812
0.038731176000000006,44.07123947
0.038812652,44.07262421
0.039000611000000004,44.07501221
0.039022106,44.0789299
0.039016023000000004,44.08413696
0.039109606000000005,44.08644485
0.039233628,44.08748245
0.039310332,44.09363937
0.03934849,44.09714127
0.03944309,44.10314941
0.039440523000000005,44.11059189
0.046240251,45.15211868
0.046407092000000004,45.2001915
0.046590514,45.24602509
0.046783335,45.28689194
0.047005723,45.32339096
0.047345507,45.35404587
0.047671492,45.38480377
0.048005163000000003,45.40912628
0.048335667000000006,45.42941666
0.048654481,45.45046616
0.048994693000000006,45.46669388
0.04934857,45.48035812
0.049896243,45.49417114
0.050518512,45.50434494
0.069590072,45.5111351
0.07265176200000001,45.51884079
0.074049871,45.5222435
0.074686627,45.52609253
0.075760703,45.5271759
0.076244335,45.52972794
0.076838608,45.52822876
0.077098514,45.52731323
0.07732712,45.52278137
0.077615711,45.51456833
0.08235998,46.06138229
0.08262483300000001,46.09917831
0.082905951,46.13410568
0.083240855,46.16987228
0.083460014,46.19307327
0.083803009,46.215168
0.08411352600000001,46.23556519
0.08448831300000001,46.25235367
0.084855336,46.26428604
0.08519851,46.27921677
0.085509847,46.2878952
0.08581119300000001,46.29313278
0.08620676000000001,46.29677582
0.086570407,46.30031204
0.086948293,46.30266953
0.087349038,46.30295944
0.087612103,46.30015564
0.08789034500000001,46.30015564
0.088163148,46.29348755
0.096300061,46.87438583
0.096705633,46.90324783
0.097243632,46.92621613
0.097910951,46.94206238
0.09867918,46.95790863
0.099492553,46.97392654
0.100189495,46.98234177
0.100996102,46.98870087
0.101643774,46.99321365
0.102301735,46.9941597
0.102856341,46.99313736
0.103328477,46.99382401
0.103843781,46.99255753
0.10426682500000001,46.98585892
0.11336876,47.43322754
0.11374160900000001,47.46564102
0.114084902,47.50064468
0.11459365,47.5249939
0.11509681000000001,47.54580688
0.115651752,47.56309509
0.11632350400000001,47.58019638
0.11716768400000001,47.58757782
0.11798784400000001,47.59703064
0.118737946,47.5981636
0.119462687,47.59989929
0.120070006,47.59477234
0.120746616,47.59568024
0.121380027,47.59020615
0.12188274,47.58576202
0.122319411,47.57686615
0.122710857,47.56539536
0.134169507,48.07136917
0.13470143399999998,48.08930206
0.135272282,48.10167313
0.135771605,48.11438751
0.13639805,48.12302017
0.13695712699999998,48.12578201
0.137621197,48.12662125
0.138309318,48.12576294
0.13899727499999998,48.11988449
0.13958844799999998,48.11457062
0.140281263,48.10398483
0.140883493,48.09610367
0.14151791,48.08325195
0.15272219799999998,48.53409958
0.153276476,48.55422211
0.15381700099999998,48.56654358
0.170961055,48.66134262
0.171247336,48.71985245
0.171562198,48.77081299
0.172000828,48.81734467
0.172451156,48.85853958
0.172876763,48.89165878
0.17340636599999998,48.91801071
0.173923421,48.93669891
0.174509707,48.95011139
0.175093475,48.96038818
0.175758439,48.96586227
0.17633965899999998,48.9702034
0.17702943399999999,48.97177124
0.17788037999999998,48.96274948
0.18205197499999998,48.95452499
0.183118972,48.94496536
0.18377839299999998,48.9304657
0.194811675,49.15908432
0.19524730999999998,49.20088959
0.195873725,49.23618317
0.19650326999999998,49.26480484
0.19714472,49.28305435
0.19781886299999998,49.29734421
0.19862822,49.3057251
0.199418995,49.30911255
0.200425062,49.31159592
0.20136131599999998,49.30847168
0.202272329,49.300457
0.20324410799999998,49.29238892
0.218998897,49.51261902
0.21968105699999999,49.53645325
0.220424387,49.55378723
0.221182826,49.56661224
0.222112867,49.57073593
0.222995865,49.57200241
0.22395390599999998,49.57265091
0.224711987,49.56797791
0.225464705,49.5602684
0.22617869399999999,49.54603958
0.22686590599999998,49.53704071
0.227578226,49.51939011
0.22820785899999999,49.50018692
0.241626191,49.72953415
0.24232770799999998,49.7557373
0.24320456699999998,49.77322388
0.24432644499999998,49.78356171
0.245583999,49.79257584
0.246714565,49.80482483
0.24782231799999999,49.81322098
0.24862922999999998,49.81726074
0.24954554699999998,49.81800461
0.25036460499999996,49.81143188
0.25113442799999997,49.80118942
0.272783104,50.40274048
0.276231858,50.48599625
0.278857353,50.53017426
0.28144464199999997,50.55619431
0.284261885,50.56638336
0.286786559,50.57203293
0.289298925,50.56758881
0.291662249,50.56418228
0.293890718,50.55367661
0.337541911,50.70887375
0.339521292,50.70097351
0.341471615,50.69074631
0.343313578,50.6782608
0.345239344,50.66384125
0.346998486,50.64377975
0.348666999,50.62489319
0.350251588,50.60022736
0.351773623,50.57756805
0.353203866,50.55529404
0.35459473999999996,50.52977753
0.35590225799999997,50.50282669
0.383867446,50.47476959
0.385470632,50.46994019
0.387011948,50.46116257
0.388734612,50.44880295
0.390273812,50.4337883
0.391703281,50.41535187
0.393039408,50.39859772
0.39427277699999996,50.37551498
0.39555696,50.35591888
0.396765682,50.32980728
0.397910419,50.31003571
0.39906016299999997,50.28482819
0.400133494,50.2605896
0.401104364,50.23348999
0.402132693,50.20899582
0.40298653,50.18054962
0.427750292,50.06024933
0.42867428399999996,50.0615921
0.42974993899999997,50.05947113
0.430862162,50.05554962
0.432424369,50.04681015
0.433899674,50.03779221
0.435183618,50.02596283
0.436334941,50.01218414
0.437246355,49.99835587
0.43815118399999997,49.98111343
0.438981804,49.96437073
0.439787957,49.9450798
0.44055491999999996,49.92587662
0.441382888,49.90763092
0.442123506,49.88673401
0.442807528,49.86697388
0.44346455,49.84638214
0.444137785,49.82459259
0.444803271,49.80326462
0.467841181,49.62630081
0.468500319,49.62942123
0.46919390899999996,49.62696075
0.46985715899999997,49.62353516
0.47045529199999997,49.62207031
0.47114074499999997,49.61405182
0.471721265,49.60745621
0.472443941,49.600811
0.47310895,49.59018326
0.473804566,49.58237076
0.474457952,49.57126617
0.475068662,49.56039047
0.475725177,49.54533005
0.476395878,49.53023911
0.476970199,49.51718521
0.477605256,49.50126266
0.478230003,49.48685074
0.478806677,49.47478485
0.479384694,49.46242142
0.47988581999999996,49.44258499
0.480442318,49.42921448
0.48098731299999997,49.41490173
0.48154256,49.40293884
0.482001278,49.38553238
0.482476059,49.37101364
0.482936683,49.35457611
0.48339701,49.33800507
0.483918133,49.32155991
0.48445415799999997,49.30480194
0.484857592,49.28717422
0.485264573,49.27326584
0.485729966,49.25903702
0.486035618,49.24223709
0.486498269,49.22468185
0.486930612,49.21221924
0.487236175,49.19969177
0.487629685,49.18265152
0.48793042,49.16955948
0.48834628199999996,49.15535736
0.488695714,49.14247513
0.489124897,49.1305809
0.489486578,49.12075806
0.489831629,49.10811234
0.490163806,49.0961647
0.490508887,49.08524704
0.490803066,49.07548904
0.491165164,49.06300735
0.491522464,49.05715561
0.491920772,49.04784012
0.492338094,49.04212952
0.49276149599999997,49.03277206
0.493156645,49.02645874
0.493473563,49.02155685
0.49377373199999997,49.0133934
0.494019899,49.01174545
0.494345102,49.01012802
0.494636598,49.00456619
0.494805875,49.00111771
0.495134625,49.00064087
0.49549565,48.99787521
0.49597961,48.99858093
0.496487114,49.00193024
0.49698987899999997,49.00318909
0.497546527,49.00069809
0.49812883399999996,49.00505447
0.498904797,49.00854874
0.499466243,49.01086807
0.499864253,49.01763916
0.500215414,49.02319336
0.500566068,49.02771378
0.500845972,49.03332901
0.501140776,49.04207993
0.501478913,49.04744339
0.501757029,49.05735397
0.502054694,49.0656662
0.502321962,49.07538223
0.502599064,49.08150101
0.50291169,49.09158325
0.503177109,49.10032654
0.503510001,49.10607147
0.503903928,49.11517715
0.504172328,49.1266861
0.504469994,49.13461304
0.504799667,49.14092255
0.505283001,49.14917374
0.505717757,49.1587677
0.506230953,49.16706848
0.506793442,49.17189026
0.512306276,49.17851257
0.513544682,49.18289566
0.5141123559999999,49.18770599
0.514518324,49.19210434
0.5150103,49.19762039
0.515438142,49.20055389
0.515872243,49.20332336
0.516217414,49.20895386
0.516683462,49.20643997
0.5170921119999999,49.20756531
0.517557445,49.20671082
0.51803166,49.20635986
0.518446568,49.20426559
0.518931511,49.20119858
0.519299749,49.19693756
0.5198523429999999,49.19210052
0.520276907,49.18996048
0.520809713,49.18439102
0.521257463,49.17608643
0.52169359,49.17173004
0.522110763,49.16530991
0.52254701,49.15947723
0.523053589,49.15243912
0.523520055,49.1443634
0.5240028529999999,49.13781357
0.524445775,49.13152313
0.524853471,49.12265778
0.525256458,49.11283493
0.525768223,49.10280991
0.526172879,49.09425735
0.526655141,49.08412933
0.527027848,49.07667542
0.527507785,49.06636429
0.527882758,49.05937958
0.5283379579999999,49.0463562
0.528728369,49.03852844
0.529176179,49.02602768
0.529535773,49.0150795
0.529976431,49.00489426
0.530315462,48.99599838
0.530663672,48.98287201
0.5310698779999999,48.97263718
0.5314763809999999,48.96278
0.531817499,48.95072937
0.532276037,48.94031906
0.532594803,48.93103027
0.53289527,48.91976929
0.533236387,48.90897751
0.533562067,48.9012413
0.533922735,48.89117432
0.534261349,48.88320923
0.534534457,48.87366486
0.534906033,48.86445236
0.5351847439999999,48.85215378
0.535497907,48.84345627
0.535855356,48.83704758
0.536149922,48.82552719
0.536391917,48.82017136
0.536743048,48.81459427
0.5369260339999999,48.80916214
0.537240866,48.79979324
0.537554505,48.796978
0.537863734,48.79013824
0.538186851,48.78964615
0.538433853,48.78390503
0.538622323,48.78136063
0.538928989,48.77374268
0.539199176,48.77157974
0.539470974,48.76809692
0.539782706,48.76941299
0.540079895,48.76358795
0.540317538,48.76482391
0.540546301,48.75846863
0.540830615,48.75785828
0.541079524,48.75585175
0.541418913,48.75934601
0.541720155,48.75411606
0.541936699,48.7554245
0.542145672,48.75615692
0.542409006,48.75659561
0.542753878,48.75755692
0.543037656,48.75959396
0.543327096,48.76298904
0.543619815,48.76470184
0.543891135,48.76710892
0.544185284,48.77223206
0.544484261,48.77273941
0.544802013,48.77710342
0.545120302,48.78068542
0.545457307,48.78443909
0.545793179,48.78457642
0.5461781059999999,48.78894424
0.546403173,48.79080963
0.546824041,48.79421234
0.547184768,48.79816437
0.547532204,48.80408478
0.54796702,48.80564499
0.548208419,48.80993271
0.548631015,48.81127167
0.549005571,48.81089783
0.549442115,48.81251526
0.549892846,48.81715012
0.550280157,48.81827545
0.550682309,48.81810379
0.55111039,48.81728745
0.551501754,48.81921387
0.551962557,48.81622696
0.552397433,48.81570816
0.552885476,48.81320953
0.553267363,48.81411362
0.553730729,48.80764389
0.554220918,48.80714798
0.554664317,48.79883957
0.555129352,48.79896927
0.555676284,48.79333115
0.556025925,48.78842163
0.556533399,48.78004074
0.557035092,48.77347183
0.5574550659999999,48.76718521
0.557925466,48.76006317
0.558460537,48.75308228
0.558898988,48.74974823
0.559321526,48.73994827
0.559730771,48.73364258
0.56019825,48.72771072
0.56062949,48.71982956
0.5610700279999999,48.7121582
0.561543825,48.70562744
0.562036935,48.69615173
0.562414411,48.68771744
0.562836114,48.67889023
0.56331158,48.6712532
0.563713852,48.66280365
0.564186814,48.65896988
0.564526799,48.64862061
0.564997676,48.64505386
0.565360907,48.63451004
0.56579757,48.62863159
0.566246393,48.61998367
0.566661897,48.61366653
0.567029181,48.60199356
0.567404929,48.59471893
0.567763689,48.58761597
0.568142179,48.57740784
0.56854004,48.56953812
0.568990114,48.5655632
0.569400492,48.5552597
0.569711807,48.54753113
0.57005209,48.53837967
0.570339265,48.53265381
0.570711556,48.52368164
0.571093026,48.51874924
0.571494284,48.51543427
0.571823302,48.50805664
0.572169665,48.50074768
0.572496417,48.49702835
0.572796884,48.49224091
0.573139849,48.4859848
0.57352424,48.48074722
0.573872688,48.47682571
0.574188772,48.46816254
0.57453889,48.46541214
0.574842873,48.46409225
0.5751668839999999,48.4558754
0.575543407,48.45146179
0.575894955,48.44976807
0.5761848119999999,48.44515991
0.57659072,48.44245911
0.57683349,48.43522644
0.577150109,48.43468857
0.577441397,48.43124771
0.5778566629999999,48.43268204
0.578216317,48.42963791
0.578543368,48.42982101
0.578844014,48.42212677
0.579137209,48.42524338
0.579462591,48.42432785
0.579824808,48.42106628
0.580215099,48.42088699
0.580560151,48.42351913
0.5808981089999999,48.41883469
0.58124316,48.41633224
0.581559065,48.41606522
0.581934276,48.41217422
0.58228052,48.40857697
0.582684758,48.40832138
0.582977954,48.40229416
0.583288077,48.39889526
0.583691302,48.39543152
0.584066752,48.38934708
0.5844783219999999,48.38879776
0.584756675,48.38671494
0.585125628,48.38758087
0.585531893,48.38507843
0.585854295,48.38211823
0.5861972599999999,48.38306427
0.586613837,48.37948608
0.586934152,48.37708282
0.587318721,48.37586212
0.587658528,48.37497711
0.588159326,48.37212372
0.588495675,48.3742485
0.588921729,48.37407303
0.5893234039999999,48.37516022
0.589717332,48.37509918
0.590116027,48.37685394
0.5904827149999999,48.37718201
0.590961996,48.37665176
0.591399315,48.37350845
0.591859463,48.37142181
0.592277172,48.36849213
0.592744413,48.36624146
0.59316403,48.36557007
0.593564811,48.35958481
0.593998316,48.35684967
0.594499055,48.35401917
0.594972673,48.34925842
0.595453087,48.34465408
0.595878902,48.34020615
0.596326116,48.33634186
0.596781495,48.32860565
0.597268763,48.32258606
0.597724262,48.3146019
0.598135117,48.31023026
0.598623338,48.30405807
0.599079672,48.29564285
0.59937686,48.28789139
0.599859539,48.28091049
0.600311878,48.27322388
0.600743476,48.26530075
0.601236466,48.25763321
0.601612094,48.24822998
0.602015379,48.23943329
0.602361861,48.23199463
0.602835956,48.22097778
0.603259805,48.21338272
0.603659752,48.20597458
0.604030791,48.19683838
0.604426387,48.18571854
0.604767802,48.18156052
0.605135086,48.17175293
0.6055744319999999,48.16173553
0.606008175,48.15875244
0.606375161,48.14875793
0.606728318,48.1411171
0.607060733,48.13342667
0.607458356,48.12446976
0.607773247,48.11888885
0.608212712,48.1124649
0.60860801,48.10583115
0.608994904,48.10000229
0.6093230279999999,48.09375381
0.6095964939999999,48.08874512
0.6099883939999999,48.08103943
0.610281053,48.07661057
0.610659364,48.06949615
0.611042622,48.06524277
0.611345115,48.05737686
0.611709896,48.05574036
0.612060073,48.05039978
0.612391236,48.04465103
0.612768236,48.04068375
0.613080445,48.03610229
0.613400343,48.03253555
0.613714579,48.02620316
0.614049616,48.02466583
0.614405575,48.02043152
0.614806595,48.01363373
0.615177992,48.01374054
0.61546922,48.01267624
0.615793589,48.0094223
0.616152468,48.00557327
0.616475228,48.00471115
0.616856936,48.00185776
0.617164138,47.99918365
0.617549005,47.99967194
0.617907766,47.99653625
0.618222418,47.99687195
0.618568364,47.99515152
0.618940535,47.99535751
0.6193154479999999,47.99521637
0.6197072889999999,47.99378586
0.6200410749999999,47.99385071
0.620392087,47.99356461
0.620760921,47.99217606
0.621111873,47.99000168
0.621559384,47.98426437
0.621980372,47.98442078
0.622354689,47.98290253
0.622763756,47.9809494
0.623098198,47.97795486
0.623533848,47.97421265
0.623932543,47.97325897
0.624304059,47.97084427
0.624783936,47.96806335
0.625189844,47.96576309
0.6256136919999999,47.96377563
0.626033965,47.96273804
0.6264694359999999,47.95843887
0.626856032,47.95435333
0.627366427,47.95353317
0.627832237,47.9480629
0.628256622,47.94724655
0.6285665659999999,47.94258499
0.629043701,47.93709946
0.629459086,47.9336586
0.629982176,47.9266243
0.6303490429999999,47.92068481
0.630834642,47.91730118
0.631262544,47.90869141
0.631695691,47.90539551
0.632166508,47.89963913
0.632656696,47.8927002
0.633138183,47.88774872
0.633519056,47.88262177
0.634019318,47.87514877
0.634464684,47.86941528
0.634918335,47.86361694
0.635484996,47.85354614
0.635912302,47.84960556
0.6363657149999999,47.84432602
0.636796656,47.8392334
0.6372772489999999,47.83124924
0.637657645,47.82633591
0.638096574,47.81754303
0.638540807,47.81132126
0.6389796169999999,47.80456161
0.639390948,47.79840088
0.639807764,47.79259491
0.64018369,47.78371048
0.640590075,47.77796173
0.641071859,47.76934433
0.641474548,47.76553345
0.641900125,47.75914001
0.642276171,47.75241852
0.642613295,47.7452774
0.643021646,47.73881149
0.6434685019999999,47.73319626
0.643843117,47.72512054
0.64427698,47.72170639
0.644629541,47.71669769
0.645061496,47.70845795
0.6454371839999999,47.70106506
0.645898703,47.6937294
0.646281126,47.6901474
0.6467029479999999,47.68280029
0.6470364359999999,47.67950058
0.647394481,47.67285919
0.647384229,47.67216492
0.7173044709999999,46.7413063
0.71752781,46.73519135
0.7176502969999999,46.73141861
0.717922631,46.72856522
0.718192938,46.73174286
0.718501988,46.72852707
0.718721572,46.72853851
0.718994978,46.73048019
0.719257835,46.72789001
0.719574395,46.71948242
0.719818118,46.71248245
0.720088425,46.70271683
0.720407787,46.700634
0.720743778,46.69919205
0.721008959,46.69987869
0.7213878069999999,46.70262527
0.7215788989999999,46.6999054
0.721861783,46.69535828
0.722130421,46.68985748
0.722406271,46.68534088
0.7227629449999999,46.67995071
0.723084512,46.67544174
0.72342712,46.67166138
0.723689619,46.66262054
0.724023524,46.6608963
0.724349383,46.65356827
0.724600199,46.64927673
0.724851432,46.64435577
0.725120011,46.63989258
0.725320283,46.64122772
0.725568536,46.64360046
0.726040605,46.64496613
0.726301733,46.637043
0.726509514,46.62591553
0.72677547,46.61787033
0.7270788579999999,46.60834885
0.7273669269999999,46.60310745
0.727660003,46.59755325
0.72791684,46.59594727
0.728266361,46.58939743
0.728617671,46.59034729
0.728905562,46.59166336
0.729241434,46.59140778
0.729550722,46.5903511
0.729796293,46.58238983
0.730125251,46.56962585
0.730411533,46.56114578
0.730725649,46.55480194
0.73106176,46.54005814
0.731363598,46.53276062
0.731671396,46.52783585
0.731941763,46.52596283
0.732295397,46.5294075
0.732647601,46.53093719
0.732968929,46.52795792
0.733284655,46.52441025
0.733546796,46.51561356
0.733845595,46.50629807
0.734190884,46.49596405
0.734615329,46.49018097
0.734853211,46.48094177
0.735125366,46.47164917
0.735472086,46.4637146
0.735832635,46.46171951
0.736163679,46.461483
0.73645443,46.4559021
0.736775222,46.45397949
0.737107638,46.45134735
0.737432423,46.45046234
0.737782005,46.44124985
0.738157752,46.43114471
0.738490287,46.42193222
0.73879284,46.4128418
0.739220026,46.40204239
0.739529613,46.39800644
0.7399728329999999,46.39380646
0.740272167,46.39339447
0.740665379,46.38863754
0.7410731939999999,46.3830452
0.74140549,46.3759346
0.741822425,46.37137222
0.742247942,46.36061478
0.74260855,46.34879684
0.7429873969999999,46.34202957
0.7433386479999999,46.33365631
0.743779245,46.33035278
0.744211915,46.32660675
0.7445151839999999,46.32134628
0.744945172,46.31529236
0.745354715,46.3091507
0.7456914219999999,46.29859924
0.746157292,46.28811646
0.746508721,46.28256226
0.746839705,46.2745285
0.747177544,46.27167511
0.747637931,46.26718521
0.747953239,46.25891113
0.74832392,46.25236511
0.748726133,46.24544907
0.749145213,46.23521805
0.749532107,46.22450638
0.749930742,46.21871185
0.750338498,46.21664429
0.750681821,46.21362305
0.7510821249999999,46.20773697
0.7514871989999999,46.20009232
0.7519060399999999,46.18787766
0.75229961,46.17383575
0.752709988,46.16543961
0.753050688,46.15864563
0.753501061,46.15146637
0.753829125,46.14183807
0.754270259,46.13143921
0.754737678,46.12797165
0.755144599,46.12634277
0.755458179,46.12159729
0.755896214,46.11544037
0.756328109,46.10253525
0.756795648,46.09117126
0.757174078,46.0808754
0.757585827,46.06997681
0.757961574,46.0637207
0.758353773,46.0594101
0.758821312,46.05733109
0.759335342,46.05169296
0.75978792,46.04265213
0.760239962,46.03292465
0.760708991,46.02414703
0.761186543,46.01079941
0.76168305,45.99724197
0.762192491,45.98760223
0.762651745,45.98432159
0.7630596789999999,45.97935104
0.7634784609999999,45.97198105
0.764038566,45.96930313
0.764522556,45.96046066
0.765014413,45.95264053
0.765491071,45.94075012
0.765954199,45.92996979
0.7664504679999999,45.92096329
0.766888562,45.90829468
0.767321232,45.89450455
0.767723265,45.88353348
0.76813412,45.87424088
0.768654349,45.86970139
0.769100133,45.87181854
0.769585136,45.8675499
0.7699762019999999,45.85906219
0.770368758,45.85010147
0.77086139,45.83408737
0.771358672,45.81707382
0.771841231,45.80288315
0.77230126,45.79321289
0.7727260619999999,45.7831192
0.773147705,45.77605438
0.773555818,45.76886368
0.774039629,45.76381683
0.774489942,45.75643921
0.7749730969999999,45.75086212
0.775371733,45.73807526
0.775808516,45.72592926
0.7762274769999999,45.71405792
0.776649061,45.70510483
0.77714527,45.69024658
0.7776054769999999,45.6790123
0.777955237,45.66841507
0.778376463,45.65906906
0.778868559,45.65201569
0.779315832,45.64250946
0.779717806,45.63491058
0.78018153,45.6245079
0.780650857,45.61153793
0.781140152,45.59950256
0.781658414,45.58907318
0.782155874,45.57557678
0.782491151,45.56467438
0.782931688,45.55069733
0.783389869,45.53752136
0.78381789,45.52677536
0.784249011,45.51382446
0.7847095159999999,45.50418472
0.785107198,45.49058151
0.785602811,45.47415543
0.78613061,45.46343994
0.786555174,45.4513588
0.786979619,45.44155884
0.787382367,45.42694855
0.787817839,45.41400146
0.788275066,45.39714432
0.788721743,45.37937164
0.789217237,45.36596298
0.789616528,45.34963989
0.790058437,45.33368301
0.790441814,45.31716919
0.790988508,45.30437088
0.791401985,45.29230118
0.79190034,45.27988052
0.792298022,45.26924515
0.7927393349999999,45.25587845
0.793237332,45.23441696
0.793784085,45.21411133
0.794161919,45.19611359
0.794636253,45.17409515
0.794988516,45.1552887
0.795395675,45.14100647
0.795836392,45.12685394
0.796321574,45.11302567
0.7967360649999999,45.09854889
0.7972051529999999,45.08301544
0.797702912,45.06357193
0.798217538,45.04195023
0.798767808,45.02017975
0.799234334,44.99673462
0.799686435,44.9691124
0.800072911,44.94527817
0.800521496,44.92418671
0.801061395,44.9030304
0.801543477,44.88644409
0.801982048,44.86962128
0.802376929,44.85616302
0.802849713,44.83909607
0.8033970029999999,44.82022095
0.803981188,44.79462433
0.804427984,44.76446915
0.80494875,44.73085403
0.805345896,44.69516373
0.805828872,44.66283417
0.806272331,44.62926102
0.806787077,44.60190201
0.8072507409999999,44.57505417
0.807687345,44.55611038
0.8081072,44.54076385
0.808620873,44.52207565
0.809056345,44.49914932
0.809641007,44.4657135
0.81011683,44.43178558
0.810525003,44.38718414
0.811058107,44.34076309
0.811607185,44.29590988
0.8121414809999999,44.25053787
0.812609437,44.20407486
0.813045862,44.16507339
0.8134774,44.12581635
0.813975218,44.08942413
0.814539316,44.05596924
0.814946774,44.02270508
0.815489712,43.98857498
0.815984491,43.95070267
0.816539946,43.90935135
0.817100588,43.85812759
0.817531827,43.80807495
0.81809527,43.75518036
0.818585339,43.70442581
0.81900591,43.65275574
0.819573763,43.60197067
0.820045295,43.54992676
0.820503715,43.49987793
0.82092804,43.44771194
0.82139093,43.39930725
0.821836773,43.34958267
0.822366121,43.29918671
0.822804275,43.24811172
0.823291543,43.19913483
0.823755506,43.14515305
0.824264291,43.09017181
0.824772421,43.0364418
0.825398925,42.97802353
0.825885597,42.91784286
0.826374295,42.85406876
0.826847079,42.79042435
0.827378514,42.72428131
0.8278968959999999,42.66526413
0.828428987,42.5997467
0.828819993,42.538517
0.829220536,42.4755249
0.829804185,42.41836166
0.8301999,42.35948181
0.830710653,42.30034637
0.831184331,42.24547958
0.831690434,42.19000626
0.832216921,42.12997055
0.832793894,42.06419754
0.833450142,41.99677277
0.834074798,41.92588425
0.834653083,41.84667587
0.83526409,41.76911163
0.8358754549999999,41.68829727
0.8365988759999999,41.6049614
0.837291303,41.52788925
0.837964001,41.44817734
0.838549915,41.37244797
0.839186552,41.30476379
0.839858297,41.23508835
0.84063113,41.16784668
0.8412430909999999,41.09560394
0.841961387,41.02445984
0.842639628,40.94940186
0.843399468,40.86974335
0.844156566,40.79221725
0.844936016,40.71405792
0.845652762,40.64003754
0.84625167,40.56496811
0.846877459,40.49308777
0.847565177,40.42552567
0.848246339,40.36388016
0.84887183,40.30424881
0.849465194,40.24744415
0.850021008,40.19123077
0.850571278,40.1440239
0.851161423,40.09083939
0.851746681,40.04157257
0.852341774,39.98646164
0.852890971,39.93130875
0.853452864,39.87181854
0.854065123,39.81387711
0.854705337,39.7538147
0.855234328,39.69501877
0.855700913,39.63651657
0.856142047,39.57976151
0.856597248,39.52759171
0.857088807,39.47570419
0.857599738,39.43143845
0.858050707,39.38922501
0.858464959,39.34921265
0.858998182,39.30472946
0.859467986,39.26317596
0.859980348,39.21945572
0.860467675,39.17320633
0.860883716,39.12612152
0.861407998,39.0788269
0.861952308,39.02423096
0.862453404,38.97032166
0.863007727,38.91603851
0.863545063,38.84984589
0.86389387,38.78107452
0.86437321,38.71549225
0.864845219,38.65578079
0.865301731,38.60832977
0.865637544,38.57014847
0.865987602,38.5364151
0.86640996,38.50484467
0.866810623,38.46846771
0.86726487,38.43450928
0.867771748,38.40029526
0.868224326,38.35424805
0.868690613,38.30939102
0.869138482,38.25741959
0.869667652,38.20246506
0.870148483,38.14233398
0.870660368,38.08525467
0.871167365,38.02483368
0.871560875,37.95605469
0.871916893,37.86746597
0.8723756109999999,37.79511261
0.872691277,37.74296188
0.87293953,37.71256638
0.873299363,37.69255447
0.87361491,37.67569733
0.874006394,37.66220856
0.8743777309999999,37.6512146
0.874716762,37.63741302
0.875155571,37.61419296
0.875746432,37.58130646
0.8762754229999999,37.53166199
0.876824144,37.46967697
0.877428117,37.39899826
0.8779761229999999,37.32167053
0.878452602,37.23894119
0.878961507,37.15208817
0.8794472249999999,37.06501389
0.8798734579999999,36.96164322
0.880104843,36.86440277
0.880464259,36.81147766
0.880666497,36.79049683
0.88091493,36.7856369
0.88114852,36.7869606
0.881370011,36.80119324
0.8816167149999999,36.82237625
0.8820653589999999,36.84214401
0.882488135,36.84515381
0.883130732,36.81481552
0.883808675,36.75235748
0.88450301,36.66891479
0.885172191,36.57535934
0.8857539329999999,36.46983719
0.886306885,36.35595703
0.88678706,36.24634933
0.887097421,36.1552887
0.887398484,36.0623703
0.887584391,36.00725937
0.88785446,35.99358368
0.8880363729999999,35.99303818
0.888260129,36.00835037
0.888450447,36.04357147
0.888721946,36.09297562
0.88911778,36.13864899
0.889680746,36.15441513
0.890440825,36.12591934
0.89120293,36.05022049
0.891978565,35.95166016
0.892741147,35.8429184
0.893239382,35.7156601
0.893817368,35.58930206
0.894222322,35.47091675
0.894560578,35.38520813
0.894789401,35.31818008
0.894990924,35.27989197
0.895163062,35.2704277
0.895395103,35.27394104
0.895510259,35.29309082
0.8957005769999999,35.33539963
0.895881835,35.38310623
0.896380547,35.42938614
0.896896187,35.44121552
0.897568169,35.40720367
0.898335102,35.33714676
0.898944441,35.24414063
0.899695399,35.13793182
0.900328818,35.02110672
0.9008777769999999,34.90494537
0.901283386,34.79800415
0.901591185,34.7156105
0.901783946,34.66259766
0.902020636,34.63726807
0.902279142,34.62928009
0.902482095,34.63006973
0.902662161,34.65042877
0.902864519,34.6844368
0.903112057,34.72438431
0.903590146,34.75916672
0.904134277,34.75902557
0.904886368,34.71906281
0.905608121,34.64835739
0.90634847,34.56112671
0.907067063,34.46530151
0.907785657,34.36343765
0.9082698849999999,34.26148224
0.908755484,34.16822052
0.909076515,34.09505463
0.90940738,34.04853058
0.909669462,34.0234108
0.909917238,34.00926208
0.910149577,34.0048027
0.910404745,34.01491928
0.910699073,34.03767776
0.9110654619999999,34.06908035
0.911526623,34.08600235
0.912150565,34.08001709
0.912783685,34.04465485
0.913517597,33.98284149
0.9142589,33.90124893
0.914971772,33.81773376
0.9155198959999999,33.73117065
0.9160600329999999,33.64752197
0.916589919,33.56319809
0.916942361,33.49511719
0.917358938,33.44169998
0.917619768,33.41172791
0.917888287,33.38864136
0.918144229,33.37942505
0.918447855,33.37827682
0.918730322,33.38676834
0.919081453,33.40517807
0.91951752,33.41644287
0.920048955,33.41736984
0.920718852,33.39098358
0.921372715,33.33216476
0.922149721,33.25411987
0.922880533,33.16697693
0.9234368239999999,33.08029556
0.923971894,32.99149323
0.92442179,32.90570068
0.924732211,32.83499146
0.92507917,32.77919769
0.9254304799999999,32.74412155
0.925653103,32.72381973
0.925844553,32.71285248
0.926240566,32.70547867
0.9265582,32.71029663
0.926887098,32.730896
0.9272561699999999,32.74136353
0.927763107,32.73795319
0.928272012,32.71557617
0.928879383,32.66470718
0.9296397,32.59000778
0.930242065,32.51248932
0.930741969,32.43006516
0.931207958,32.34575653
0.931620839,32.26358795
0.931900623,32.19156265
0.932265702,32.13515472
0.932616416,32.09938812
0.9327528509999999,32.07429886
0.9329348239999999,32.0661087
0.9332073359999999,32.0594368
0.933462146,32.06830978
0.933766189,32.08711624
0.934042814,32.10211182
0.934428516,32.10448074
0.934812966,32.09404755
0.935376588,32.04737091
0.9360797439999999,31.97617149
0.936507526,31.89441109
0.937020364,31.81909561
0.937468353,31.73678398
0.937819186,31.65899277
0.9382272389999999,31.59549522
0.93847132,31.54211998
0.938641253,31.50648499
0.938859823,31.48559761
0.93907142,31.47233582
0.939283314,31.46516418
0.939543667,31.46637535
0.939875189,31.4829483
0.940137091,31.48862076
0.940466347,31.4880619
0.940948072,31.47169304
0.941437784,31.42455292
0.942007068,31.3497963
0.942464533,31.27011871
0.942911091,31.19029808
0.943367782,31.10449409
0.943726662,31.02203751
0.9439905319999999,30.95055199
0.944232526,30.89382744
0.944483402,30.85509682
0.944665852,30.8331089
0.944832805,30.82172775
0.945046011,30.81885719
0.945300522,30.82476425
0.945443395,30.84090614
0.945766094,30.85574532
0.9461905389999999,30.85206032
0.94657934,30.83332062
0.94714165,30.78710365
0.947659138,30.71363449
0.948118213,30.63575363
0.94867492,30.55283928
0.949168626,30.46907043
0.9495621949999999,30.38869858
0.949847165,30.3154068
0.950145963,30.25695801
0.950384918,30.22425079
0.950580898,30.20503998
0.950702611,30.19344521
0.950931075,30.19062996
0.951097074,30.19911385
0.951344135,30.21813774
0.951645973,30.22410202
0.952008668,30.22310257
0.9524927169999999,30.19611168
0.952978972,30.13818169
0.953443113,30.06108665
0.953901234,29.97369576
0.9542923,29.88727379
0.954680029,29.79748535
0.954997841,29.71609116
0.9552418619999999,29.64612007
0.955435458,29.59577179
0.955595556,29.56880951
0.955787244,29.55422783
0.955922189,29.5497551
0.956152502,29.55310249
0.95620859,29.57227516
0.956408146,29.59308815
0.956661883,29.60592079
0.956996086,29.59782982
0.957456949,29.55787086
0.957918349,29.4868927
0.958324376,29.40761948
0.958814982,29.32415581
0.959204498,29.23539925
0.95953441,29.14824677
0.95971829,29.07387733
0.959919754,29.01898575
0.960096958,28.98288536
0.960251036,28.96517181
0.960421148,28.96291733
0.960502568,28.96305466
0.960654381,28.97662544
0.960790935,29.00147438
0.960983577,29.01923943
0.961240295,29.01721573
0.961639944,28.99684715
0.962011936,28.93956947
0.9626012469999999,28.86312675
0.963143829,28.77820206
0.963632348,28.69727516
0.964011076,28.60931206
0.964365903,28.52931404
0.964610758,28.46688271
0.964706066,28.4270916
0.964890304,28.40591431
0.965079013,28.39900398
0.9652618199999999,28.40018272
0.96535224,28.40857506
0.965450946,28.42972755
0.965612176,28.45212746
0.965916517,28.46014214
0.966189149,28.44854927
0.966577414,28.40229416
0.967087927,28.33005905
0.967482749,28.25111198
0.967892352,28.17024612
0.968223217,28.08766937
0.968498591,28.01041412
0.968826655,27.94996071
0.968997601,27.90860176
0.969166341,27.88791084
0.969292524,27.87400627
0.969496253,27.86930275
0.96962041,27.87402153
0.9697743679999999,27.89191437
0.969945315,27.91405869
0.970238927,27.92667961
0.970589581,27.9195385
0.971032146,27.87616539
0.971472028,27.80041695
0.972059193,27.71629524
0.9724547299999999,27.63294029
0.972845796,27.54916763
0.97314674,27.4678669
0.973356608,27.40653419
0.973608139,27.36782837
0.973690215,27.34527588
0.973839167,27.33279419
0.973998907,27.33675766
0.974171105,27.34645653
0.974327269,27.37004662
0.9744840889999999,27.39476395
0.97475988,27.409832
0.975267234,27.40621948
0.975870135,27.35912323
0.976574901,27.28013992
0.9772508169999999,27.198246
0.977889362,27.10960197
0.978357556,27.02363777
0.978743735,26.94557953
0.9790284069999999,26.88764
0.9792564539999999,26.85015678
0.979520682,26.83858681
0.979609314,26.83095169
0.979801419,26.83283615
0.980062965,26.84753227
0.980210546,26.8784771
0.980395857,26.89943695
0.980752054,26.90941429
0.981157723,26.90432358
0.9817918569999999,26.83502388
0.982623163,26.7438488
0.983240846,26.6480484
0.983738247,26.54735565
0.9842419649999999,26.45287323
0.984635654,26.37751198
0.98483676,26.32551956
0.984931174,26.30738258
0.985172036,26.30144119
0.985410216,26.30659866
0.98566902,26.32540321
0.985984746,26.36197281
0.986366752,26.40216064
0.98706663,26.41894913
0.987982634,26.42934608
0.989369276,26.36989784
0.99065626,26.26920891
0.991648856,26.16125107
0.992470208,26.05071068
0.992972615,25.938797
0.993454698,25.85153389
0.9937428859999999,25.79938316
0.99398202,25.7763958
0.99419755,25.7714653
0.994378153,25.77920914
0.994656566,25.80459595
0.994948629,25.85040665
0.995381716,25.90079498
0.996044758,25.9288559
0.997089568,25.92829704
0.9983524109999999,25.8773365
0.9995464119999999,25.77324295
1.000494722,25.66558838
1.001144412,25.55423546
1.001614693,25.44457054
1.001988652,25.36004829
1.002318266,25.30411911
1.002498987,25.28377533
1.002676013,25.28304482
1.002924565,25.29379845
1.003095511,25.32175636
1.003439429,25.37187767
1.004029635,25.42622566
1.004934195,25.45179749
1.006239298,25.46845245
1.007967594,25.40662003
1.009507182,25.29950905
1.010648254,25.17901802
1.01146746,25.05424118
1.011947992,24.94659233
1.01231027,24.86229897
1.012572888,24.81402779
1.012760881,24.80168915
1.012984279,24.80675888
1.013218048,24.8282299
1.013465169,24.87538528
1.013820413,24.94076538
1.014355186,25.00094795
1.015398982,25.03279686
1.017006043,25.04927254
1.018745068,24.94691658
1.020118955,24.82305145
1.021202686,24.69101715
1.021835211,24.56387329
1.022330526,24.45716476
1.022528294,24.3880806
1.022770646,24.36577225
1.022913936,24.36764717
1.023091438,24.38570595
1.02338815,24.42593002
1.023679498,24.48900223
1.024316552,24.5629425
1.025274757,24.60876656
1.02673209,24.63338089
1.028542164,24.56694031
1.030111316,24.43985176
1.031213048,24.30644608
1.031758073,24.16774559
1.032139304,24.04742241
1.032401326,23.96834373
1.032593969,23.93202019
1.03271735,23.92747307
1.032890204,23.93908691
1.033084276,23.9710083
1.033252838,24.03121758
1.033699754,24.10850143
1.034494403,24.1680069
1.035732988,24.18000221
1.037472251,24.1431675
1.039407733,24.01352882
1.040777925,23.87408447
1.041720036,23.72132492
1.042277339,23.57909966
1.0425471099999999,23.47652054
1.042675975,23.41830635
1.042869094,23.40544319
1.043062213,23.41048431
1.04323149,23.43642235
1.043443206,23.48469734
1.043850783,23.56167793
1.044543985,23.63618279
1.045855883,23.65820885
1.047570232,23.61159706
1.0495045219999999,23.51206017
1.051018956,23.38983345
1.052164677,23.27296257
1.052947286,23.14220428
1.053490165,23.02786827
1.053757551,22.9545002
1.05399752,22.91705322
1.054135564,22.91151237
1.054279688,22.9181118
1.05463219,22.94257355
1.055087689,22.98924828
1.0557655129999999,23.04468346
1.056958082,23.07443619
1.058531168,23.04483795
1.060287121,22.9548111
1.06186581,22.83669281
1.06305528,22.71300888
1.063825968,22.57914734
1.064211968,22.45458412
1.064475659,22.36729431
1.064615372,22.32029724
1.064740303,22.30278206
1.064949992,22.30805016
1.065038922,22.33030701
1.065319541,22.3755188
1.065821174,22.43466187
1.066714647,22.48847198
1.067959669,22.49570274
1.069371465,22.4438591
1.070738795,22.35759354
1.071863177,22.25930595
1.072772148,22.16375923
1.073348406,22.07011604
1.073732618,21.98552132
1.073997739,21.93284988
1.074312452,21.90319252
1.074486855,21.89479637
1.074797156,21.90069771
1.075148943,21.91544342
1.075594071,21.94785309
1.076334241,21.98245239
1.077329758,21.99842262
1.0786773,21.98593712
1.08033407,21.92650604
1.081781271,21.81666183
1.082880619,21.70553207
1.0835517669999999,21.58656883
1.084022644,21.48284721
1.084288481,21.40355492
1.08441067,21.36758041
1.084595087,21.35677147
1.084789875,21.36661339
1.085005286,21.38739777
1.085462812,21.43006897
1.086149338,21.48652649
1.087260249,21.52454376
1.088893893,21.52059937
1.091098431,21.44562912
1.092930082,21.3019619
1.09411228,21.1559391
1.094706538,21.00300217
1.094881538,20.87404633
1.0950158859999999,20.79499626
1.09497166,20.75905418
1.095089081,20.75662994
1.095182899,20.77377129
1.095330122,20.80962944
1.095560196,20.87920761
1.0962835579999999,20.96208191
1.097627285,21.01793861
1.099479798,20.99860191
1.10142875,20.90727997
1.103019717,20.78188324
1.104077223,20.65443802
1.104713324,20.52387428
1.105008486,20.40501022
1.105160716,20.32837868
1.105132344,20.29746437
1.105234984,20.29189873
1.105399135,20.30405426
1.105637315,20.3319664
1.106101754,20.38484955
1.106923345,20.44189453
1.108425739,20.46762085
1.1102769399999999,20.42616844
1.112359527,20.32005692
1.114057663,20.18717575
1.115333322,20.05308533
1.115952972,19.90913582
1.116249564,19.78702736
1.116343263,19.71472549
1.11639345,19.67764282
1.116501334,19.66997528
1.116599563,19.68392372
1.116879228,19.71446228
1.11736584,19.76538849
1.118268254,19.81844711
1.11985195,19.83284187
1.121881965,19.76890373
1.123844627,19.64607239
1.125150922,19.51024818
1.125886086,19.37422943
1.126080158,19.23745346
1.126240376,19.13441658
1.126244548,19.07360458
1.126198891,19.05457687
1.126171473,19.05907822
1.12622309,19.08303642
1.1263884339999999,19.12450218
1.12675536,19.18728828
1.127495173,19.23708725
1.128648999,19.23244667
1.129960063,19.15618515
1.1310128,19.04280853
1.131718281,18.93183899
1.132172588,18.81655884
1.132296923,18.70490265
1.132417443,18.62737083
1.132449034,18.5858593
1.132426861,18.57488251
1.132485989,18.58099365
1.132539752,18.59802818
1.132741812,18.63620758
1.133141163,18.68173599
1.133823755,18.70045662
1.134713891,18.66532135
1.135717395,18.58006859
1.136518481,18.47541618
1.137068513,18.36801529
1.137458566,18.26202202
1.137542132,18.16756058
1.137619856,18.10344696
1.137579206,18.07104683
1.137597445,18.06535912
1.137651685,18.0753231
1.137814882,18.09168243
1.13802636,18.13278198
1.13853443,18.16355515
1.139296773,18.15398026
1.140348676,18.086483
1.141337517,17.98318291
1.142067674,17.87245941
1.142430785,17.76526642
1.142628196,17.66508293
1.142823342,17.58579636
1.142769221,17.54219055
1.142827871,17.52592468
1.142875198,17.52925682
1.143027785,17.54121399
1.143054011,17.56406021
1.143447045,17.59321022
1.143918994,17.59530067
1.144675615,17.55218124
1.145540479,17.46554375
1.146129373,17.36857796
1.146483305,17.27220726
1.146772388,17.18352318
1.14688361,17.104702
1.146881464,17.04906082
1.146960738,17.02517128
1.146995428,17.02012825
1.146973136,17.02644348
1.147246602,17.03749657
1.147416118,17.06807518
1.147824052,17.08923912
1.148346069,17.08064461
1.149010304,17.02955437
1.149536017,16.95127869
1.149958733,16.86836815
1.150287154,16.78861809
1.150413159,16.71630478
1.150517586,16.65864182
1.150408509,16.61499405
1.150550368,16.59840965
1.150631192,16.59376717
1.150693896,16.59435654
1.150801662,16.60193825
1.151002052,16.61372566
1.151317957,16.61636353
1.151753309,16.59723282
1.152250412,16.54476929
1.152668241,16.47166252
1.152859095,16.39813232
1.153074506,16.33342171
1.15321565,16.27546692
1.153315905,16.2341404
1.153326634,16.20451164
1.153320673,16.19085503
1.15341461,16.18422318
1.153532389,16.18175316
1.153696659,16.1832962
1.153895858,16.18232346
1.154149535,16.18190193
1.154444698,16.15820122
1.154840115,16.10275269
1.155015114,16.04000282
1.155214193,15.98416996
1.155322197,15.92898273
1.155395749,15.88540649
1.1554329429999999,15.85346889
1.155508521,15.8307333
1.155585769,15.81597614
1.155565622,15.80601692
1.155729893,15.80497932
1.155812028,15.80295849
1.156016949,15.82453823
1.156399968,15.84519482
1.15676451,15.7674551
1.157048586,15.67950249
1.157257202,15.59879971
1.157333496,15.52675247
1.1573796299999999,15.4709034
1.157329801,15.44144535
1.157307389,15.43976212
1.157348874,15.44639397
1.157351258,15.46287155
1.1575803789999999,15.48794842
1.157725814,15.51890182
1.158075693,15.54854488
1.158433798,15.49694061
1.158645752,15.3932066
1.158786061,15.29933071
1.158952239,15.20804405
1.158923271,15.13814735
1.158918741,15.10433865
1.158769372,15.09766769
1.158797863,15.10854721
1.158899191,15.1313076
1.159026268,15.16934013
1.159096602,15.21461582
1.159040692,15.23648357
1.15901244,15.2296772
1.159194115,15.13139057
1.159346345,15.04170322
1.159348968,14.96094799
1.159306648,14.89466381
1.159200195,14.8576231
1.159240726,14.84601784
1.1593661339999999,14.84821987
1.159394267,14.86455059
1.1593080789999999,14.8886528
1.159216288,14.92803669
1.159167293,14.96744823
1.159211758,14.97742271
1.159357551,14.88454628
1.1594735409999999,14.79319572
1.15956426,14.71580315
1.159405473,14.6520834
1.159367326,14.61882877
1.159323815,14.60503578
1.159445646,14.60811615
1.159520987,14.62463188
1.159609917,14.65530682
1.159587625,14.69208813
1.159530881,14.75582695
1.15961695,14.73188686
1.159561875,14.63194942
1.159507874,14.54608059
1.159516457,14.47122097
1.159477833,14.41547871
1.159486654,14.38632107
1.159622791,14.38193321
1.159612659,14.38872337
1.159563068,14.40396786
1.159512284,14.44007587
1.159511569,14.47825813
1.159575346,14.54279137
1.159678105,14.48348713
1.159585479,14.38318348
1.159591797,14.29932022
1.15956879,14.22962952
1.159674409,14.18276215
1.159668091,14.15884876
1.159717324,14.15990829
1.159656408,14.17040062
1.159618619,14.19437313
1.15969384,14.22969818
1.159712437,14.27187347
1.159754279,14.31744576
1.159764293,14.22376823
1.159787777,14.12361717
1.159833673,14.03735256
1.159906033,13.96994781
1.159886006,13.92710972
1.159835461,13.91212082
1.159706476,13.91954231
1.159715655,13.93183041
1.159845236,13.95869255
1.159980419,13.99659443
1.159879091,14.02587605
1.159822825,14.02847195
1.159745219,13.92398167
1.159795883,13.8268671
1.159780744,13.73857689
1.15985525,13.66836166
1.159742001,13.63375092
1.159761909,13.62597752
1.159753445,13.63290405
1.159873131,13.65032482
1.159902576,13.68459797
1.159898284,13.72416687
1.159777406,13.75586224
1.15962601,13.75415897
1.159600499,13.66255093
1.159532908,13.57872105
1.15959442,13.50776958
1.159584883,13.44790077
1.159679535,13.4174242
1.159715179,13.41149998
1.159724835,13.41542053
1.159811142,13.4329958
1.15987778,13.46208763
1.159941676,13.4920063
1.159804466,13.54421902
1.159772161,13.490695
1.159812453,13.39538765
1.1598352219999999,13.31204891
1.159765962,13.24119759
1.159750107,13.1914053
1.15972245,13.16954517
1.159699324,13.17098141
1.159768942,13.18279171
1.159736756,13.2032795
1.159714821,13.23910809
1.159750345,13.27001381
1.159756544,13.30577087
1.159879449,13.22553444
1.159881714,13.13977242
1.159885529,13.06558418
1.159814003,13.00863838
1.159789327,12.97555923
1.159798148,12.96479321
1.15987933,12.96780682
1.159894112,12.97860813
1.159754995,13.00224972
1.159758928,13.03380775
1.159834746,13.08628273
1.159925941,13.02829742
1.160040262,12.93682957
1.159984949,12.8577652
1.159983876,12.79272747
1.159979823,12.75244808
1.160048369,12.73626804
1.159906867,12.73586464
1.159959438,12.74570179
1.159851673,12.77062321
1.159821513,12.79752636
1.159862164,12.84793282
1.159958485,12.82877254
1.160080317,12.7333107
1.160148385,12.65461922
1.160032156,12.59411335
1.160023096,12.54854107
1.1600359709999999,12.52945328
1.159964684,12.52384377
1.159953001,12.53280354
1.159887794,12.54656315
1.159891728,12.57037067
1.159733775,12.6144495
1.159689549,12.61627293
1.159726146,12.52403927
1.159729961,12.44686794
1.159674528,12.38609505
1.15979028,12.34261608
1.160069111,12.31779671
1.160199407,12.31309223
1.160235527,12.31662464
1.160231236,12.32753849
1.160183194,12.34712696
1.160091403,12.39857101
1.160102251,12.3939867
1.160088781,12.30142593
1.159946921,12.23012733
1.159831885,12.17062569
1.159839156,12.13004398
1.159954074,12.11020565
1.160020474,12.10564327
1.159987214,12.11103058
1.159963372,12.12187958
1.159960273,12.14445782
1.160058501,12.20992661
1.160158518,12.18546581
1.160297516,12.09802532
1.160263422,12.02946663
1.160263184,11.9776659
1.1603081259999999,11.94478893
1.160282019,11.9305706
1.160211089,11.92854977
1.160128716,11.93410301
1.159957531,11.94970608
1.159950617,11.97744942
1.160009268,12.04733276
1.160077933,11.98516846
1.160236719,11.90655041
1.160417917,11.8437233
1.16034818,11.79917145
1.160492066,11.77143764
1.160433176,11.76575184
1.160589817,11.76455116
1.16031504,11.77518463
1.160256746,11.79612541
1.1601365829999999,11.85941792
1.160107139,11.8633709
1.1602155,11.78191185
1.160151246,11.71728706
1.160156611,11.66531849
1.16022003,11.6304369
1.160300496,11.61608982
1.160446528,11.6083746
1.160510662,11.61340427
1.16042507,11.63206005
1.160382274,11.66488457
1.160265568,11.72230434
1.160283211,11.6597929
1.16032851,11.5865612
1.160164598,11.53046799
1.160150293,11.48875523
1.160128477,11.4657793
1.160256031,11.45731354
1.1603126559999999,11.45749569
1.160354736,11.46727371
1.1603506829999999,11.48856354
1.160267118,11.55849457
1.160469773,11.52968597
1.160558584,11.45002651
1.160802606,11.38571262
1.160743597,11.33695984
1.160722378,11.30910206
1.16053665,11.29674911
1.160473111,11.29184055
1.160399202,11.29852009
1.160288933,11.31350422
1.160231593,11.35113621
1.160076979,11.38598728
1.16012657,11.31329918
1.160429004,11.24190426
1.160584453,11.18713093
1.160709026,11.15096378
1.160683993,11.13331318
1.1607568289999999,11.12583923
1.160731319,11.1269207
1.16075528,11.14065266
1.160648826,11.16366959
1.160477403,11.22295856
1.160388711,11.17401695
1.160421851,11.09976578
1.160474423,11.04131508
1.160564783,11.00151157
1.160548571,10.97619247
1.160559657,10.96421719
1.160560253,10.96385098
1.160642865,10.97463608
1.160729888,10.99193573
1.160710219,11.05391884
1.160648111,11.02896214
1.160642627,10.95214653
1.1606273679999999,10.89461422
1.160660389,10.8521862
1.160655502,10.82734776
1.16062105,10.81644249
1.160594109,10.81171703
1.160635951,10.81557178
1.160701516,10.83480072
1.160763386,10.89037991
1.160722616,10.88111115
1.160623196,10.80851173
1.1606026919999999,10.75069332
1.160562518,10.70846176
1.160542491,10.6852541
1.160566929,10.67277908
1.160552028,10.66576004
1.160541776,10.67368317
1.160601142,10.6891098
1.160756949,10.74974251
1.160740379,10.72973633
1.160859826,10.66228294
1.1607703,10.60913563
1.160717133,10.57085609
1.160685304,10.54794598
1.160742405,10.53514671
1.160724762,10.53369808
1.160773042,10.53766727
1.160705331,10.56186008
1.1607492,10.62106895
1.160889271,10.57874298
1.160888675,10.51333523
1.160812262,10.46339989
1.160683635,10.43145275
1.160714868,10.4131422
1.160733584,10.4016552
1.160835746,10.40198421
1.160819772,10.40824699
1.160780433,10.45736885
1.160833719,10.47540188
1.160892847,10.41305447
1.160933498,10.36047649
1.160926822,10.32305145
1.160913828,10.3034668
1.16083658,10.29111958
1.1607992679999999,10.28796387
1.160847905,10.29287243
1.160851362,10.34630013
1.160886529,10.35879803
1.160875681,10.30563927
1.160780075,10.25950527
1.160784367,10.22591782
1.160874727,10.2039814
1.160937074,10.19305515
1.160979751,10.19044113
1.1609958439999999,10.20442104
1.16103411,10.26171303
1.160969856,10.24642658
1.161036614,10.19423962
1.161008242,10.15278912
1.160980228,10.12616539
1.160795215,10.10963535
1.16080952,10.1017313
1.160817269,10.11256599
1.160912517,10.16090107
1.160994056,10.16398716
1.16095126,10.11588669
1.161022547,10.0778017
1.161061409,10.04903698
1.161217812,10.03272343
1.161273244,10.02541924
1.161209706,10.04255772
1.161055091,10.07851887
1.161044243,10.06466675
1.161024931,10.02752113
1.161043766,9.988839149
1.160910252,9.96454525
1.160775784,9.950731277
1.160673144,9.952642441
1.160817865,9.980730057
1.160817865,9.991891861
1.160943392,9.959070206
1.160919312,9.919939041
1.160899165,9.893387794
1.161041382,9.87605381
1.161145094,9.870012283
1.161152485,9.888285637
1.16100848,9.908658981
1.160909417,9.885099411
1.160885814,9.84758091
1.160868648,9.821515083
1.161001566,9.801589012
1.160984996,9.798470497
1.160970452,9.813910484
1.161042812,9.825166702
1.1611051589999999,9.802834511
1.161236647,9.774862289
1.161155584,9.748254776
1.161103132,9.734075546
1.161024812,9.729001999
1.160954598,9.739477158
1.161114457,9.747078896
1.161090258,9.723461151
1.161080244,9.695988655
1.161041263,9.670476913
1.160941961,9.657925606
1.161053899,9.658493042
1.161055449,9.672697067
1.161149147,9.664213181
1.161185387,9.638604164
1.161195043,9.61300087
1.161205056,9.591690063
1.161386135,9.580205917
1.161382917,9.584481239
1.161408666,9.59132576
1.161317709,9.577297211
1.161342147,9.548300743
1.161262158,9.522972107
1.161189082,9.506150246
1.161136392,9.498939514
1.161032322,9.504914284
1.161008957,9.502128601
1.160987261,9.48297596
1.161083701,9.458656311
1.161249879,9.436173439
1.161280993,9.422515869
1.161325577,9.417187691
1.161429051,9.421108246
1.161599043,9.412659645
1.161647919,9.389737129
1.16162205,9.36836338
1.161448601,9.352313042
1.161395672,9.342513084
1.161331895,9.337339401
1.161253813,9.331689835
1.161178115,9.316422462
1.161115888,9.294425011
1.161130193,9.276548386
1.161273244,9.262853622
1.161378506,9.255614281
1.161513451,9.24808979
1.161569122,9.242485046
1.161631706,9.226744652
1.161594632,9.207616806
1.161620501,9.195148468
1.1615895059999999,9.181120872
1.161491993,9.176857948
1.161333206,9.171565056
1.161301854,9.162825584
1.161304358,9.142614365
1.161426428,9.125012398
1.161464813,9.109249115
1.161501053,9.10173893
1.161436918,9.099725723
1.161502841,9.092502594
1.161555651,9.074315071
1.16161907,9.05604744
1.161578777,9.038751602
1.161484841,9.029688835
1.161295894,9.024917603
1.161262873,9.027062416
1.161234143,9.011569977
1.161239031,8.991166115
1.161212924,8.974594116
1.161236051,8.96250248
1.161292556,8.96172905
1.161352041,8.960898399
1.161450508,8.950543404
1.161468032,8.932414055
1.161462072,8.916213036
1.1614065199999999,8.904291153
1.161582473,8.897672653
1.16154528,8.890223503
1.161634687,8.88571167
1.161535147,8.875872612
1.161454919,8.862459183
1.161329868,8.848383904
1.161315683,8.838105202
1.161265615,8.828783989
1.161188367,8.819079399
1.161217812,8.813334465
1.161176804,8.801860809
1.161271456,8.791134834
1.161380532,8.778051376
1.16140509,8.771337509
1.161333445,8.76076889
1.161252144,8.750769615
1.161281112,8.741537094
1.161319378,8.732085228
1.161490205,8.720586777
1.161511782,8.710601807
1.161544922,8.701284409
1.161493543,8.696407318
1.161424997,8.687436104
1.161434534,8.676822662
1.161404136,8.661333084
1.161305788,8.649851799
1.161200407,8.643375397
1.16121197,8.639960289
1.161297324,8.634117126
1.161383632,8.625202179
1.161527398,8.613751411
1.16154516,8.600156784
1.1615602999999999,8.585587502
1.161472085,8.579357147
1.161476377,8.575062752
1.161339167,8.569196701
1.161210659,8.556751251
1.160979512,8.54296875
1.161004904,8.531311989
1.161045316,8.529245377
1.161164883,8.525987625
1.161331895,8.518452644
1.161372665,8.501846313
1.16147745,8.489695549
1.16157532,8.4793787
1.161655787,8.480142593
1.16173065,8.473794937
1.161628845,8.463094711
1.161524776,8.447635651
1.161469582,8.434660912
1.161428216,8.428734779
1.16136587,8.426974297
1.161356571,8.422109604
1.161259535,8.415813446
1.161349419,8.400454521
1.161374453,8.386839867
1.161439303,8.378547668
1.161434177,8.378851891
1.161457184,8.372103691
1.161431912,8.357944489
1.161508802,8.342730522
1.161549094,8.33596611
1.161490801,8.331887245
1.161495331,8.328302383
1.161449435,8.315808296
1.161464098,8.30312252
1.161556605,8.292281151
1.161504868,8.286939621
1.161538485,8.284000397
1.161459687,8.278600693
1.161390546,8.264041901
1.161407951,8.247741699
1.16143823,8.238575935
1.161476138,8.234650612
1.161533359,8.236388206
1.161542895,8.227286339
1.16159189,8.21020031
1.16155887,8.197259903
1.161531213,8.194348335
1.161529663,8.189174652
1.1613974599999999,8.179589272
1.161293629,8.170160294
1.161281708,8.158489227
1.161360982,8.150570869
1.161490086,8.142032623
1.161515358,8.137914658
1.161588076,8.128118515
1.16157234,8.117746353
1.161705378,8.109592438
1.161713961,8.103115082
1.161719206,8.091958046
1.161648515,8.084634781
1.161707404,8.07416153
1.161593917,8.065235138
1.16153312,8.056674957
1.161529067,8.049110413
1.161429289,8.038776398
1.161444309,8.031822205
1.161351565,8.0203228
1.161369327,8.0131464
1.161498907,7.99975729
1.161578301,7.987919807
1.16158748,7.984239578
1.161650661,7.977669716
1.161815885,7.965206623
1.161797288,7.953841686
1.161847594,7.945587635
1.161725763,7.936599255
1.161613229,7.926521778
1.161521557,7.915457726
1.161631468,7.9072752
1.161669257,7.903160095
1.161658886,7.888468742
1.161547902,7.880928993
1.161473516,7.872694492
1.161409381,7.862987995
1.161542061,7.857549191
1.1615849759999999,7.851101398
1.16160858,7.838112831
1.161543611,7.827877045
1.161571506,7.821871758
1.161669853,7.818035603
1.161772493,7.811299324
1.161761287,7.802719593
1.161711219,7.787577152
1.161729339,7.782408237
1.16176534,7.777322769
1.16191304,7.770524979
1.161882046,7.759212017
1.161889198,7.746851921
1.161875728,7.737936497
1.161910656,7.733297825
1.1619287759999999,7.729619026
1.161849979,7.720962048
1.1617811949999999,7.709671497
1.161651018,7.69835186
1.161681417,7.694702625
1.161709312,7.690679073
1.161808017,7.680900097
1.161913279,7.668600082
1.161976102,7.659335136
1.161909941,7.657109737
1.161930802,7.650576591
1.161962512,7.643937588
1.16189349,7.630036354
1.161865357,7.61882782
1.161735538,7.612081051
1.1617033509999999,7.604025364
1.161664012,7.598861217
1.161724094,7.59376955
1.161749843,7.586031437
1.161679986,7.576236248
1.161687973,7.569713116
1.161700133,7.56639576
1.161909345,7.556515694
1.162018779,7.543009281
1.162005904,7.53033638
1.162041429,7.527772427
1.161926153,7.525279522
1.161932352,7.51918602
1.161888483,7.505356789
1.161826971,7.494855881
1.161727908,7.488152981
1.161714557,7.492177486
1.161749604,7.480568886
1.16192067,7.465531826
1.161954883,7.455179691
1.161884311,7.448787212
1.161814693,7.449859142
1.161881688,7.445892811
1.161980632,7.435742378
1.161927107,7.426333427
1.161966088,7.41575098
1.161915901,7.412180424
1.161857846,7.412559986
1.162018421,7.402867794
1.162068489,7.393081665
1.162052992,7.383801937
1.161973718,7.375899792
1.161900881,7.372514248
1.16180146,7.367454052
1.161877754,7.3598876
1.161898378,7.353807926
1.161884311,7.345078945
1.1618441369999999,7.335720539
1.16187239,7.330523968
1.161955836,7.327912331
1.161985043,7.326179504
1.162022236,7.318867683
1.162009957,7.303666592
1.1620312959999999,7.290314198
1.161990646,7.288666248
1.162037852,7.28520155
1.162073496,7.285260201
1.162025335,7.278040409
1.161988857,7.26548624
1.1619252,7.251859188
1.161978248,7.243284702
1.161967281,7.237136841
1.161894086,7.239649296
1.161814097,7.235805511
1.161756638,7.21973753
1.161967757,7.208178043
1.162062171,7.200146198
1.162161949,7.20173502
1.162205103,7.202961922
1.16218138,7.195186138
1.1622012879999999,7.18403244
1.162251595,7.174993515
1.16217244,7.165496826
1.162001017,7.168931484
1.161932591,7.164792538
1.161700252,7.153121948
1.161690834,7.144742966
1.161747459,7.138387203
1.161773565,7.132797241
1.161837819,7.13271904
1.161838058,7.121901989
1.161863449,7.112410069
1.161914113,7.099338531
1.161916378,7.094967365
1.161875013,7.094376087
1.161831024,7.087524414
1.161788228,7.076497555
1.161863568,7.066077232
1.161874893,7.058114529
1.1619197159999999,7.054652214
1.162007335,7.048998356
1.162040594,7.037098408
1.162052873,7.026720524
1.162058118,7.024184704
1.16204572,7.024106979
1.162021878,7.020352364
1.161900762,7.011693478
1.161820057,7.00069952
1.161843661,6.995820522
1.161823514,6.991580009
1.161772612,6.98532629
1.161764267,6.981729507
1.161737445,6.977106571
1.161721113,6.968177319
1.161893728,6.958984375
1.161921743,6.951063633
1.161914828,6.949711323
1.161863688,6.951956272
1.161854389,6.941522121
1.161802176,6.930493832
1.161865118,6.924587727
1.161762121,6.922272205
1.16170502,6.920257568
1.161749128,6.916186333
1.161758903,6.907357693
1.161911014,6.899435043
1.161916259,6.893323421
1.161908034,6.891266346
1.161888483,6.883063793
1.161954644,6.876886368
1.1620066199999999,6.869933128
1.162030223,6.868807793
1.161948803,6.862611294
1.161860707,6.861615181
1.161823395,6.851875305
1.161756638,6.844321728
1.161764982,6.842422009
1.161614302,6.841200352
1.161534193,6.835380077
1.161481622,6.830188274
1.161467436,6.820492744
1.161569956,6.817818165
1.161689761,6.813657761
1.161811355,6.810413361
1.161845329,6.805080891
1.1620403559999999,6.803685665
1.162038448,6.796917915
1.162146333,6.788709164
1.162186506,6.781796932
1.162144426,6.776726246
1.162103894,6.778608322
1.162049058,6.772393227
1.162056449,6.766103745
1.162046555,6.757088184
1.161907437,6.752195835
1.161737087,6.75388813
1.161707762,6.748530388
1.161814097,6.742479324
1.161840442,6.736904621
1.1620043549999999,6.73125124
1.1620559719999999,6.726867676
1.162081006,6.72339201
1.162022832,6.716356277
1.162031415,6.70945549
1.162071112,6.706872463
1.1619242459999999,6.702705383
1.161868337,6.700666904
1.161733511,6.693588734
1.161729339,6.686644077
1.161748412,6.681058407
1.161769632,6.672368526
1.161865714,6.672192097
1.161764506,6.667599201
1.161777738,6.663481236
1.16184068,6.656170845
1.161900046,6.648992538
1.161835793,6.645467281
1.161937836,6.641142368
1.16197634,6.639429092
1.162027958,6.633022785
1.162045959,6.621864319
1.161993626,6.616587639
1.161993507,6.610629559
1.162011388,6.609804153
1.162073019,6.606358051
1.162003401,6.597219944
1.16203821,6.58987999
1.161950114,6.584935665
1.161897782,6.577942371
1.161910179,6.571442127
1.161863092,6.568517208
1.161959532,6.562402248
1.161935213,6.552896976
1.161908987,6.546368599
1.161951903,6.54446125
1.161894563,6.541552067
1.161949995,6.532242298
1.161927226,6.52471447
1.161896828,6.516560555
1.161896947,6.513058186
1.161913994,6.509576321
1.161973122,6.503645897
1.162024978,6.493100643
1.162045839,6.487604618
1.162044647,6.479465485
1.161993149,6.477901459
1.161935928,6.474576473
1.1620156799999999,6.466774464
1.162048581,6.459038734
1.162004831,6.454075813
1.1618976619999999,6.449759007
1.161876681,6.447000027
1.1618639259999999,6.440320015
1.161940101,6.435394287
1.162039641,6.432459831
1.162077788,6.419977188
1.162072066,6.410210133
1.16212559,6.413144588
1.1621006759999999,6.410932064
1.162129048,6.408277512
1.162037972,6.396201611
1.161908749,6.387144089
1.161891463,6.380936623
1.161929134,6.382530212
1.161943916,6.38000536
1.162010434,6.372096539
1.161943796,6.364399433
1.162053469,6.35881567
1.162131432,6.354899406
1.162252787,6.34910059
1.162246707,6.344637394
1.162161472,6.338331699
1.162075165,6.331059456
1.162105802,6.329061985
1.162198308,6.325302601
1.162100914,6.318175316
1.162121657,6.31143856
1.161991003,6.304945469
1.161946777,6.302429676
1.161937121,6.301343441
1.1620267659999999,6.293115616
1.162019613,6.284654617
1.162043336,6.277631283
1.1620893509999999,6.273013592
1.162074807,6.272162437
1.16217542,6.267351151
1.162282589,6.256872654
1.162293318,6.250498772
1.162233236,6.243416786
1.162103656,6.240791798
1.16205931,6.237600803
1.162016156,6.234664917
1.161930802,6.223665714
1.161901358,6.216632366
1.161921504,6.210886002
1.16199446,6.207074165
1.162099126,6.204875469
1.162185434,6.196966648
1.162227276,6.183216572
1.162265661,6.17473793
1.162151101,6.171101093
1.162194017,6.175483704
1.16219044,6.169264317
1.162048343,6.157652855
1.161999944,6.146759987
1.162010792,6.143732548
1.162009957,6.139435291
1.162083033,6.134902
1.162233356,6.121901512
1.162172678,6.112327576
1.162150624,6.107977867
1.16228855,6.104417324
1.162408474,6.101354122
1.162439588,6.089679718
1.1623303919999999,6.078287125
1.162281993,6.074857712
1.162213448,6.072500229
1.16222811,6.06687212
1.162183526,6.05813694
1.162095907,6.045477867
1.162006381,6.037497044
1.16208041,6.037025928
1.162212017,6.035018444
1.162282231,6.025401115
1.162353519,6.011317253
1.162344578,6.001074791
1.1623215709999999,5.994537354
1.162300471,5.993460178
1.162410143,5.990820885
1.162397149,5.977758884
1.162327173,5.949645996
1.162221316,5.921268463
1.162227157,5.892039299
1.162205222,5.857152939
1.162283781,5.824136734
1.162257317,5.799458981
1.162233475,5.776464462
1.162268522,5.761050701
1.16237593,5.750198364
1.162553075,5.739431858
1.162606362,5.73363781
1.162547115,5.729626179
1.162430289,5.72159338
1.162309888,5.719581604
1.162325028,5.716255188
1.162373903,5.712847233
1.162408355,5.712402344
1.162391785,5.711052418
1.162287477,5.708792686
1.162284854,5.70829916
1.16234434,5.707961559
1.162364247,5.706784725
1.162320855,5.704771996
1.1622480179999999,5.701364994
1.162141803,5.699542522
1.162287596,5.698422432
1.162488464,5.697519779
1.162436488,5.692953587
1.162485603,5.694594383
1.162337902,5.692622662
1.162464264,5.690423489
1.162567976,5.689970493
1.1626673969999999,5.690267086
1.162575844,5.690167427
1.162503961,5.689100742
1.16242564,5.687272072
1.162334088,5.688956261
1.162357572,5.68556118
1.162439945,5.684988976
1.162482026,5.683657646
1.162472251,5.683274269
1.162530902,5.683025837
1.162574056,5.68194437
1.162576917,5.679883003
1.162564042,5.677750587
1.162465933,5.680280209
1.16246033,5.674908638
1.162411931,5.677900791
1.162421587,5.676276207
1.162428501,5.672867298
1.16236091,5.673936367
1.162355784,5.675456047
1.16240907,5.671859741
1.162511233,5.674772263
1.162647727,5.674681187
1.162581685,5.675470352
1.162432674,5.673957825
1.162298325,5.673265457
1.162251118,5.67169714
1.162334803,5.674905777
1.162377599,5.672203064
1.16229308,5.671956062
1.162214759,5.67104435
1.162261012,5.666735649
1.162372592,5.670554161
1.162374857,5.667877674
1.162298802,5.667513847
1.16219652,5.667759418
1.162204626,5.664886951
1.162356022,5.663591385
1.162429574,5.665641308
1.162386778,5.66462326
1.162269118,5.664777279
1.162213925,5.661928177
1.162254337,5.664301395
1.1623884469999999,5.664242744
1.162442687,5.661603928
1.162387374,5.661308765
1.162346604,5.660614967
1.162374619,5.661750793
1.162418845,5.661369324
1.162502173,5.660867214
1.162455204,5.661047459
1.162441734,5.659971237
1.162515166,5.662096977
1.162624124,5.661662102
1.162631157,5.660112381
1.162576082,5.661517143
1.162535313,5.661082745
1.1623956,5.659797668
1.162383917,5.658134937
1.162421587,5.660026073
1.162524346,5.658545971
1.162444952,5.659161091
1.162411693,5.658818722
1.162396434,5.659385681
1.162432912,5.658714294
1.162437442,5.656974792
1.162438038,5.659447193
1.1623861819999999,5.660102367
1.162362459,5.657085896
1.162469628,5.659124374
1.162473205,5.657841682
1.162498239,5.65435791
1.162402275,5.658113003
1.162357572,5.656062126
1.162278536,5.657487392
1.162423018,5.656754494
1.162451986,5.656612396
1.162432316,5.65538168
1.162427667,5.654972076
1.162359837,5.65207243
1.162499312,5.65144062
1.162515047,5.654367447
1.162509921,5.651000023
1.162432554,5.651861668
1.16240609,5.651550293
1.1624510319999999,5.651628494
1.162423375,5.652554035
1.162358168,5.652048588
1.16233826,5.650574684
1.162259939,5.653214931
1.162206891,5.651659966
1.162337545,5.650010586
1.162443045,5.647234917
1.162416104,5.64490509
1.162361982,5.645505905
1.162441734,5.644852638
1.162456039,5.6437397
1.162667277,5.644769669
1.162728074,5.64618206
1.162716869,5.647197247
1.16266835,5.645872116
1.162489179,5.647323608
1.16238654,5.644505978
1.162330511,5.646770477
1.16228545,5.64332819
1.162312987,5.644710064
1.162333611,5.646635056
1.162455323,5.645423412
1.162557605,5.642442703
1.162612441,5.643187046
1.162618282,5.642383575
1.162516478,5.641708851
1.16250551,5.641879082
1.162511829,5.638669968
1.162473682,5.639082909
1.162315968,5.637975693
1.162278655,5.639661789
1.162187579,5.639710426
1.162319425,5.638380527
1.162380818,5.639353752
1.162425402,5.640861511
1.162427071,5.637551308
1.162384513,5.635522842
1.162516359,5.636572838
1.162539128,5.633985996
1.162652972,5.637627602
1.162666681,5.635223389
1.16261268,5.635462284
1.16257644,5.634679794
1.162461999,5.637192726
1.162451628,5.6348176
1.162395719,5.633994102
1.162336352,5.634903908
1.162296656,5.634356976
1.162340644,5.63553381
1.162527087,5.632979393
1.162510875,5.633626461
1.162578347,5.635384083
1.162560943,5.635604858
1.162515643,5.633569717
1.162484172,5.633027554
1.162459853,5.632982254
1.162443283,5.634458542
1.162320975,5.633434296
1.1622589859999999,5.633702755
1.162278894,5.63462162
1.162448648,5.632494926
1.162544492,5.63176918
1.162588123,5.630235672
1.162493113,5.632465839
1.162493113,5.631764412
1.162505987,5.629023075
1.162577274,5.631407261
1.162567857,5.629323006
1.162465933,5.630490303
1.162401798,5.631150723
1.162352088,5.628308773
1.1624397069999999,5.630176544
1.162454966,5.631242752
1.162430647,5.628774166
1.162371519,5.631728172
1.16239858,5.630886078
1.162461403,5.62991333
1.162597063,5.629241467
1.162537578,5.627505779
1.162515882,5.630797863
1.162602666,5.629151821
1.162470821,5.628068924
1.162478808,5.629513741
1.162407401,5.629359245
1.162318829,5.626850605
1.162321451,5.629879475
1.162292603,5.626979828
1.162277582,5.626461506
1.1622904569999999,5.628434181
1.162386063,5.627387047
1.162381652,5.627088547
1.162537935,5.626044273
1.16256893,5.627029419
1.162571314,5.627815247
1.162501457,5.629177094
1.162406448,5.62625885
1.162393096,5.628170967
1.162426475,5.626895905
1.162441614,5.625226974
1.162418965,5.626455784
1.162416104,5.628890514
1.162446144,5.624918938
1.162468198,5.626029491
1.162498596,5.625630379
1.162586692,5.628530502
1.1625759629999999,5.625682354
1.16251457,5.627114773
1.162464622,5.627034664
1.162428024,5.626659393
1.16244829,5.624667168
1.162496212,5.625413418
1.16241968,5.626082897
1.162458184,5.625692368
1.16241658,5.625737667
1.162592891,5.625669003
1.162616852,5.625175476
1.1627186569999999,5.625505447
1.1626586939999999,5.625368595
1.162590745,5.622894764
1.16252518,5.626196861
1.1625433,5.626542568
1.162557963,5.625397205
1.162562254,5.627061367
1.16250408,5.625458717
1.162495855,5.624380112
1.162576798,5.624267101
1.16266847,5.624642849
1.16255379,5.624330044
1.162518266,5.622720718
1.162429693,5.623205662
1.16249955,5.623935223
1.162564757,5.623050213
1.173993471,5.620079994
1.179843071,5.622384548
1.1828616889999999,5.623019218
1.180928949,5.621069431
1.182132724,5.623076916
1.187323335,5.619836807
1.200161698,5.62093544
1.205927733,5.620638847
1.206284288,5.621278286
1.213719371,5.621313095
1.194961908,5.59510088
1.200223687,5.548138618
1.189856294,5.515805244
1.175362709,5.496327877
1.1700559879999999,5.484429836
1.169774178,5.480486393
1.167161229,5.477824688
1.164072993,5.474100113
1.162016633,5.477255344
1.161481741,5.475374699
1.160650495,5.474980354
1.160235289,5.47630024
1.160178426,5.475069523
1.160112742,5.475504875
1.160192493,5.477909565
1.1602458979999999,5.476195335
1.160258177,5.477818489
1.16023362,5.478931904
1.160102132,5.476786613
1.159935835,5.480162144
1.159717801,5.479543686
1.159554127,5.47908926
1.159572366,5.47966671
1.159653905,5.480091095
1.15979946,5.481557369
1.159866813,5.483442307
1.159947756,5.48025465
1.160004857,5.480537415
1.159869316,5.483329296
1.159726742,5.484401226
1.159563664,5.48114872
1.159454587,5.481749535
1.159345511,5.479910374
1.159458163,5.483622551
1.159483555,5.485569
1.159658554,5.48285532
1.159635189,5.4831357
1.159745339,5.484638214
1.159648898,5.48128891
1.159576181,5.483737469
1.159567955,5.481036663
1.159364584,5.482631683
1.159272674,5.484341621
1.158021215,5.482661724
1.1571674379999999,5.479878426
1.156862381,5.483645916
1.154885176,5.481726646
1.153334263,5.481354237
1.152029875,5.483436108
1.1581561599999999,5.477541447
1.15704203,5.482278824
1.156482461,5.481347561
1.158042553,5.478058338
1.158321384,5.481705666
1.157201293,5.477044582
1.156831744,5.477016449
1.153079274,5.479144573
1.121141794,5.479966164
1.093875888,5.47870636
1.091762069,5.477996826
1.0924330979999999,5.475084305
1.093865278,5.477256775
1.09619284,5.475530624
1.106523636,5.476750851
1.103569153,5.476691246
1.103784564,5.478488445
1.103910092,5.475560665
1.103729013,5.477120876
1.102937344,5.477037907
1.103460196,5.476102352
1.103428248,5.47621727
1.103126171,5.477686405
1.10325444,5.475100517
1.103624585,5.478665352
1.10364044,5.478571415
1.103862289,5.477255821
1.103989723,5.476329327
1.103928211,5.477153301
1.103912476,5.474969387
1.103572252,5.478299618
1.103570703,5.479339123
1.103475574,5.47807169
1.103368881,5.479316711
1.103397015,5.477384567
1.103653672,5.479532242
1.10378814,5.480000973
1.104144934,5.475653648
1.103948119,5.481707096
1.103838566,5.478863239
1.1037524969999999,5.479235649
1.103675845,5.480596542
1.103497747,5.479981422
1.103429678,5.478086948
1.103555802,5.477954865
1.103666189,5.478225708
1.1037457019999999,5.479088783
1.103777054,5.478356838
1.104210857,5.476901531
1.104065898,5.479004383
1.103596094,5.477538109
1.103686574,5.478221893
1.103544834,5.479563236
1.103513959,5.479511261
1.103505257,5.476914406
1.103677991,5.477837086
1.103762272,5.481832504
1.103883269,5.480704308
1.103678468,5.481794357
1.103885892,5.480457783
1.103820446,5.479398251
1.1036697659999999,5.479455948
1.103723887,5.479464531
1.103743318,5.476479053
1.103689793,5.478388786
1.103828791,5.478565216
1.10387409,5.47688055
1.103857401,5.477264881
1.103901389,5.475135326
1.103795174,5.477244854
1.103864315,5.474843025
1.10376561,5.475417137
1.103633884,5.477048397
1.10369015,5.47679615
1.103720668,5.475306034
1.103740814,5.477921963
1.103868249,5.476733685
1.103870872,5.473935127
1.103861693,5.476723194
1.103913549,5.477697372
1.103737476,5.476786613
1.103821161,5.477758408
1.10374606,5.477952003
1.103667739,5.480363846
1.103632692,5.480473042
1.103678229,5.480918407
1.103739861,5.480315208
1.103798631,5.47855711
1.103786472,5.477081299
1.103817585,5.47838068
1.1037502319999999,5.47759676
1.103789571,5.477420807
1.1037524969999999,5.478056908
1.103693011,5.477365017
1.103682759,5.476838112
1.10372484,5.479087353
1.10380328,5.479342937
1.103786948,5.478230476
1.103729609,5.479282856
1.103775266,5.477468967
1.1038060219999999,5.479153633
1.10375059,5.481027126
1.103696826,5.480745316
1.10370529,5.481273174
1.103657249,5.4812603
1.103724721,5.48004818
1.103751543,5.479527473
1.103784326,5.479388714
1.103746417,5.477754593
1.103795174,5.479263306
1.103848818,5.475567341
1.103755716,5.47854805
1.103745344,5.477737904
1.103657249,5.478662491
1.103658918,5.477741718
1.10373092,5.477721214
1.103783253,5.477208614
1.103780749,5.476883411
1.103774074,5.478663445
1.10386968,5.476194382
1.103773239,5.477663994
1.103754881,5.477323055
1.103713873,5.477276325
1.103638294,5.478676796
1.103704098,5.476036072
1.103708151,5.47739315
1.103701356,5.476868629
1.1037255559999999,5.475659847
1.103806499,5.47869873
1.1037761,5.477481842
1.103773001,5.474750519
1.10364342,5.477973938
1.103739861,5.475653648
1.103748921,5.475478172
1.103673223,5.478173256
1.103707436,5.478905201
1.103705648,5.475964069
1.103756669,5.47683382
1.103771451,5.478476524
1.103806499,5.476596832
1.103779319,5.476528168
1.103723887,5.478585243
1.103749517,5.47805357
1.103730443,5.476305008
1.103684786,5.478446007
1.103776696,5.477739811
1.103789333,5.475226879
1.10378373,5.476604462
1.103720906,5.476107597
1.103753808,5.477977753
1.1038193729999999,5.475768566
1.103779557,5.476796627
1.103775147,5.477070332
1.103722575,5.474819183
1.103682163,5.478214264
1.103728178,5.47902441
1.103808644,5.47465992
1.103793982,5.476028919
1.103698614,5.476524353
1.103761438,5.47789526
1.1037703779999999,5.477976322
1.10383046,5.479016304
1.103802922,5.477161884
1.103819135,5.47799921
1.103757384,5.477921009
1.103737834,5.478705883
1.103724602,5.475002766
1.103871468,5.473539352
1.103868249,5.477869034
1.10387719,5.476125717
1.103878382,5.473557949
1.103816512,5.474746704
1.103807929,5.473886013
1.103832129,5.473790169
1.103781942,5.474247932
1.10374749,5.475137711
1.10376561,5.47377634
1.103764775,5.474185467
1.103745464,5.475362778
1.1038014919999999,5.477696896
1.103824618,5.47338438
1.103761795,5.475862503
1.103785518,5.475472927
1.103814009,5.475289822
1.103797677,5.472979546
1.103779915,5.47619915
1.103808168,5.473721027
1.103778961,5.473692417
1.10377157,5.475604057
1.103822115,5.475660801
1.103851083,5.474494934
1.103748563,5.476166248
1.103783253,5.473582268
1.103760126,5.473901272
1.103790167,5.474160194
1.103759411,5.472466946
1.10377014,5.47424984
1.103737953,5.473522663
1.103828672,5.474118233
1.103868011,5.477856159
1.103856805,5.475293636
1.10379875,5.476130486
1.103817704,5.478289604
1.103768709,5.475437164
1.103778961,5.477394104
1.10383487,5.478995323
1.103755119,5.47590971
1.103738192,5.474960804
1.103816631,5.475244522
1.103871587,5.476912022
1.103839043,5.478784084
1.103822234,5.478135586
1.103835467,5.475623608
1.103847745,5.476700306
1.103859308,5.478332043
1.103891733,5.477718353
1.103784087,5.479065418
1.103824142,5.47733593
1.103781584,5.47865963
1.10387874,5.479310989
1.103834513,5.478908062
1.103903416,5.479157925
1.103911522,5.480712414
1.10387266,5.478529453
1.103734258,5.477698326
1.103830579,5.479833603
1.103844884,5.477899551
1.103858474,5.478796482
1.103731039,5.479250431
1.103793624,5.47936964
1.103757146,5.478218079
1.10387564,5.480128288
1.103842142,5.477479458
1.1037790809999999,5.479076862
1.103738788,5.479603291
1.103822115,5.477139473
1.103807095,5.477534771
1.103817704,5.47948885
1.103760603,5.47540617
1.10378516,5.477675438
1.103779677,5.474003315
1.103801134,5.475940228
1.103773955,5.474443436
1.103820446,5.474019051
1.103751901,5.473784924
1.103787425,5.474663258
1.103840354,5.473441601
1.103755954,5.47508049
1.103773835,5.474006176
1.10379732,5.473886013
1.103743556,5.476599693
1.10386813,5.475236893
1.1037164959999999,5.474493027
1.103786829,5.475178242
1.103797916,5.476289272
1.103791955,5.473752022
1.103810075,5.475495815
1.103836182,5.476577282
1.103787425,5.475968838
1.103763822,5.477982521
1.103781942,5.47637701
1.103762034,5.477665901
1.103745464,5.478346825
1.103748801,5.477479935
1.103734377,5.476796627
1.103791598,5.477475166
1.10378218,5.474283695
1.103781822,5.476597309
1.103804711,5.476591587
1.1037972,5.476310253
1.103780392,5.477408409
1.103788856,5.477002144
1.103755596,5.475597382
1.103854302,5.475317955
1.103772524,5.475802422
1.103766087,5.475650787
1.103708389,5.473927021
1.103731993,5.473831177
1.103788856,5.473432064
1.103791478,5.474543571
1.103777173,5.47286129
1.10373235,5.47602272
1.103740218,5.475667953
1.103774074,5.473942757
1.103707317,5.473650932
1.103792194,5.475222111
1.103770617,5.471736431
1.103724602,5.475615978
1.103734615,5.473846912
1.103762034,5.473844528
1.10374594,5.474994659
1.103760603,5.476104736
1.103744867,5.474324703
1.103745344,5.473154545
1.103814605,5.47213316
1.103789333,5.475010395
1.103778723,5.471750259
1.103804949,5.472300053
1.103793028,5.472797394
1.103710774,5.473200321
1.103734496,5.471681118
1.103739741,5.472323895
1.103785399,5.474644184
1.1037992269999999,5.471750259
1.103805783,5.471560478
1.103844884,5.472659111
1.103810552,5.470370293
1.1038060219999999,5.475400448
1.103780153,5.47483778
1.1037581,5.473635674
1.103751305,5.47221899
1.103764179,5.475405216
1.103746536,5.474339008
1.103804353,5.473785877
1.103777173,5.473359108
1.103760126,5.473870277
1.103765133,5.472053051
1.103772882,5.471819401
1.1037700209999999,5.473024368
1.103786233,5.474248409
1.103762153,5.470691681
1.103787544,5.472848892
1.103815916,5.473192215
1.1038171079999999,5.471308231
1.103818777,5.471074104
1.103861097,5.472679138
1.103832486,5.471470833
1.10382593,5.474585533
1.103890899,5.47329092
1.103814963,5.47231102
1.103787902,5.474165916
1.103800657,5.47258234
1.1038459569999999,5.471364021
1.103878263,5.471001148
1.103814605,5.470038414
1.103772762,5.47311306
1.103810075,5.470462799
1.103808644,5.471264839
1.103795293,5.471326828
1.1037972,5.469773769
1.103856447,5.472878933
1.103868726,5.474125385
1.103852633,5.472251415
1.103818658,5.471788406
1.103843573,5.47135067
1.103824142,5.470745564
1.103885892,5.470603943
1.103884104,5.472008228
1.103801611,5.468978882
1.103840354,5.469483852
1.1038183,5.47125864
1.103897694,5.470308304
1.103925231,5.470482826
1.10384095,5.472696304
1.103847268,5.469426632
1.103850845,5.472146034
1.103823426,5.470471382
1.103757146,5.47116518
1.103667381,5.47071743
1.103759649,5.473949432
1.103771928,5.473193645
1.103798869,5.476097107
1.1038060219999999,5.475861073
1.103793982,5.476932526
1.103829268,5.475724697
1.103806856,5.47492981
1.103791121,5.476874828
1.103789213,5.479437828
1.103809121,5.47600317
1.10382593,5.475231171
1.103806141,5.476225853
1.103803518,5.475234509
1.103751066,5.473190784
1.103884581,5.475376129
1.103803876,5.474396229
1.103807095,5.473368645
1.103730682,5.472303391
1.103810909,5.472559929
1.103744748,5.472131729
1.103687885,5.471365452
1.103743199,5.473424911
1.103728297,5.476522446
1.103800419,5.475956917
1.103788021,5.476486206
1.103784326,5.478489399
1.103767279,5.47644043
1.103770617,5.476340771
1.103802803,5.472910881
1.103671196,5.470303535
1.10368872,5.47334528
1.103790048,5.476691246
1.103694919,5.474942684
1.103665474,5.474533081
1.103708389,5.475440502
1.103739861,5.475739956
1.103719357,5.476018429
1.103828195,5.480391979
1.103878382,5.48131609
1.103727225,5.475633621
1.103814009,5.478140354
1.103920582,5.479651928
1.103893641,5.473851204
1.103710535,5.472071171
1.103851202,5.476788998
1.103849772,5.474331856
1.103804591,5.472173214
1.103848699,5.474226952
1.103926066,5.4776721
1.103840473,5.471672535
1.103791955,5.471694946
1.103981498,5.475757122
1.1038261679999999,5.473250866
1.103804234,5.471533775
1.10384405,5.472890377
1.10388768,5.47284174
1.103765491,5.472613335
1.103762868,5.470575809
1.103836778,5.474555016
1.103746894,5.47143507
1.103728059,5.470636368
1.103878382,5.472579956
1.103800538,5.469202518
1.103744629,5.468858719
1.10378814,5.472139835
1.103837016,5.470118523
1.103777769,5.470883369
1.103837851,5.471838474
1.103903773,5.47293663
1.10377765,5.470172405
1.103752139,5.47151804
1.103822234,5.471875668
1.103855613,5.470351219
1.1038183,5.469836235
1.103824499,5.47227478
1.103790048,5.473130703
1.103685859,5.468734264
1.103739622,5.47162199
1.103832129,5.472830296
1.10378826,5.47083807
1.103858236,5.470247746
1.103778246,5.473922253
1.103793505,5.470067501
1.103777292,5.470584869
1.103838447,5.47341156
1.103847387,5.471756935
1.103768471,5.472781658
1.103780988,5.47303772
1.103790167,5.473402023
1.103768471,5.472012997
1.103817585,5.472837448
1.103787783,5.473739624
1.103745464,5.473854065
1.103732708,5.469719887
1.103817347,5.473809242
1.10380483,5.472982407
1.103785279,5.470883846
1.103785279,5.472369671
1.103878024,5.474170208
1.10381234,5.472010136
1.103747013,5.473279476
1.103812221,5.476622581
1.103782776,5.473924637
1.103748801,5.475560665
1.103764537,5.476100445
1.103755239,5.473010063
1.103719595,5.475805283
1.103805307,5.473275661
1.103801134,5.475378036
1.103724244,5.47414732
1.103730682,5.473989487
1.103803399,5.474658966
1.103760961,5.474835396
1.10370529,5.471092224
1.103765968,5.474327087
1.103820089,5.475746632
1.103788498,5.473930359
1.103754404,5.475667
1.10376561,5.475740433
1.103703025,5.474171162
1.103694561,5.477310658
1.103816274,5.475625992
1.103772405,5.475171089
1.103749755,5.476442337
1.103795293,5.475384712
1.103750113,5.472527027
1.103737,5.476002693
1.103731397,5.474410534
1.103760722,5.476580143
1.103728893,5.47698164
1.103688243,5.474507809
1.103742841,5.478260994
1.103792551,5.476550102
1.10375953,5.472751141
1.1037726429999999,5.47499609
1.10377467,5.47346735
1.103745225,5.472714424
1.103778008,5.470516682
1.103742841,5.473305225
1.103767875,5.472404957
1.103773716,5.47541523
1.103838328,5.472566128
1.103793147,5.471315384
1.103776458,5.473993301
1.103734019,5.473368645
1.103780869,5.472764969
1.103788498,5.47527504
1.10373545,5.471116543
1.103792074,5.473795414
1.103795412,5.472367764
1.103808644,5.471591949
1.1038003,5.472260952
1.103780153,5.47321701
1.1037590529999999,5.470291138
1.103755119,5.474472523
1.10374904,5.471710205
1.103755954,5.472611904
1.103769901,5.472495556
1.103796485,5.473157883
1.103793982,5.474446297
1.103706124,5.473640919
1.103736404,5.472250462
1.103745464,5.473116875
1.103767994,5.473236561
1.103789571,5.471098423
1.103737,5.472918987
1.103802922,5.473048687
1.103796843,5.473042965
1.1038572819999999,5.474739552
1.103787902,5.472870827
1.1037524969999999,5.472619534
1.103758696,5.47190094
1.103791478,5.470955849
1.1037924319999999,5.471200466
1.103806499,5.471996307
1.103811505,5.471768379
1.103761557,5.472073555
1.103811744,5.46971035
1.103794935,5.470388412
1.10367358,5.472434044
1.103720072,5.472443104
1.103701952,5.47232151
1.10366154,5.473377705
1.10368562,5.470252037
1.103702667,5.473231792
1.103726986,5.470463753
1.103671077,5.472837925
1.103782418,5.471805096
1.103815559,5.473129749
1.103796127,5.470602036
1.103819731,5.47146368
1.103799823,5.47085619
1.103842977,5.469302654
1.103812817,5.46955061
1.103799585,5.468108654
1.103788021,5.469910622
1.1037168529999999,5.470398426
1.103767994,5.466346264
1.10381377,5.469267845
1.103819135,5.468165398
1.103773597,5.466173172
1.103721145,5.468695641
1.103667024,5.468767166
1.103756908,5.467234135
1.103787783,5.468722343
1.103792551,5.46928978
1.1037761,5.466976166
1.103778127,5.467951298
1.103763822,5.46827364
1.103816512,5.466888428
1.103780392,5.466248035
1.103775862,5.464285851
1.103788975,5.466523647
1.103793266,5.464815617
1.103755596,5.46303463
1.103796127,5.465530872
1.103744867,5.463991165
1.103766564,5.462627888
1.103770855,5.468398571
1.103744629,5.464802265
1.103801134,5.464114666
1.103796127,5.466223717
1.103787664,5.46538353
1.103845122,5.466790199
1.103843215,5.465495586
1.10381389,5.465970039
1.103879932,5.467298031
1.103831175,5.467709541
1.103786829,5.468365192
1.103807095,5.467546463
1.103820565,5.467678547
1.103814128,5.466962337
1.103747252,5.469506264
1.103723171,5.469157219
1.103731874,5.468595982
1.103788736,5.472115517
1.103740457,5.470215797
1.103800538,5.468852043
1.103798035,5.469655991
1.103783968,5.469032288
1.103746536,5.470026493
1.103834036,5.467837811
1.103794101,5.467561722
1.103780153,5.470779896
1.103816751,5.470973492
1.103803399,5.46999836
1.103798035,5.469177246
1.103766683,5.467717171
1.103706959,5.470278263
1.1037457019999999,5.46854353
1.103748921,5.468734741
1.10377467,5.468394279
1.103723767,5.467473507
1.103773478,5.466031551
1.103763106,5.467811108
1.103807333,5.468481541
1.103764537,5.467328548
1.1038280759999999,5.466198444
1.103801134,5.4680686
1.103723767,5.465831757
1.103823784,5.46809864
1.103738073,5.470072746
1.1037077929999999,5.470149517
1.103769425,5.468754292
1.103825453,5.470692635
1.103746656,5.46949625
1.103773955,5.469268322
1.103723529,5.465725422
1.1037790809999999,5.466499329
1.103839162,5.466891289
1.103772166,5.467290878
1.103778127,5.467773914
1.103796008,5.467686653
1.1037581,5.465824127
1.103799465,5.465734959
1.103849533,5.467227936
1.103812817,5.467441082
1.103770855,5.466197014
1.10375655,5.465853214
1.103755954,5.467229843
1.103803995,5.469456196
1.103805187,5.465141296
1.103749517,5.467699528
1.103720787,5.467139244
1.103767517,5.466207981
1.103816035,5.466303825
1.103785041,5.468418598
1.1037749079999999,5.467045784
1.103743318,5.467010021
1.103690746,5.46514225
1.103754643,5.465580463
1.103789929,5.466449261
1.103791836,5.465855598
1.103778723,5.466174603
1.103849414,5.465726376
1.103868488,5.464942455
1.103835824,5.466207981
1.10379875,5.466017246
1.103742006,5.463513374
1.103840235,5.464915276
1.103828791,5.464346409
1.103791836,5.461444378
1.103821161,5.46572876
1.103792551,5.465345383
1.103749278,5.466028214
1.103725317,5.466680527
1.103793028,5.465195656
1.103799942,5.464733124
1.103798273,5.465461254
1.103853944,5.463750839
1.103760842,5.467532635
1.103799108,5.466977119
1.103801611,5.465123177
1.103810194,5.468323231
1.103807214,5.466276169
1.103763822,5.466756344
1.103744748,5.470450878
1.103723171,5.467055321
1.103788617,5.471471786
1.103796008,5.470867157
1.103747013,5.468114853
1.103798512,5.467960835
1.103758457,5.468555927
1.103788856,5.467387676
1.103805307,5.465850353
1.103821996,5.465900421
1.103773358,5.467073441
1.103795889,5.464438438
1.103824976,5.464735031
1.103791001,5.464378834
1.103806856,5.463540554
1.103829029,5.461400509
1.103773716,5.46389389
1.103796724,5.462398529
1.103855971,5.462707996
1.103759411,5.464795589
1.103762034,5.464956284
1.103769186,5.463262081
1.103804591,5.466130257
1.103809837,5.464465141
1.103779319,5.467640877
1.103754404,5.464708805
1.103816274,5.465627193
1.103803042,5.466415882
1.103754285,5.465451241
1.103790882,5.46268177
1.103811148,5.46842432
1.103799465,5.466779709
1.103780511,5.463819504
1.103751186,5.466783047
1.103740099,5.46693325
1.103835228,5.462915421
1.103808525,5.464221001
1.103785041,5.463324547
1.103787068,5.463218689
1.103766325,5.462230682
1.103829506,5.462796211
1.103799465,5.463066101
1.1038595469999999,5.461057186
1.103785399,5.462057114
1.103814128,5.464147091
1.103807214,5.461853981
1.103775504,5.461811543
1.103838924,5.460235596
1.1037972,5.460977077
1.103783134,5.459085464
1.103774312,5.460474014
1.103785518,5.45968771
1.103807333,5.461522579
1.103777769,5.461873055
1.103785637,5.460536957
1.103821042,5.461340427
1.103810194,5.462294579
1.103802684,5.460886002
1.103769782,5.463411331
1.103806499,5.46405077
1.103821281,5.462459564
1.103790048,5.463000774
1.103803876,5.464876175
1.103826645,5.464313507
1.103793505,5.465515614
1.103809956,5.463972569
1.103814486,5.465407372
1.103844407,5.463665962
1.103811267,5.464631557
1.103731397,5.46334219
1.10368717,5.465933323
1.103745225,5.462915421
1.103820327,5.464426517
1.103894118,5.466139317
1.103846791,5.464920998
1.10376561,5.465838909
1.103717092,5.46588707
1.103723529,5.465491772
1.103725913,5.466795921
1.10379875,5.46488142
1.103749278,5.467125416
1.103764418,5.467419624
1.103747252,5.467971802
1.1038003,5.466052055
1.103796127,5.467385769
1.10378218,5.464874744
1.103798154,5.465519905
1.10378063,5.466918468
1.103753808,5.466416359
1.103775981,5.467665195
1.103771332,5.467382908
1.103773358,5.466629028
1.1037700209999999,5.466394901
1.103769305,5.46687746
1.103751186,5.468180656
1.10380924,5.466526985
1.103850725,5.464456081
1.103734496,5.466650486
1.103839162,5.468390942
1.103737953,5.463625431
1.103764179,5.464348316
1.103820804,5.464773655
1.103813532,5.463462353
1.103762987,5.462112904
1.103760484,5.460308075
1.103793743,5.4610672
1.103797558,5.463493824
1.103805187,5.459546566
1.103789333,5.461966991
1.1037792,5.461196899
1.103779319,5.460466385
1.1038014919999999,5.464347363
1.103838447,5.460202694
1.103777292,5.462706566
1.10371733,5.461798191
1.103802207,5.461895943
1.103817347,5.462427139
1.103796008,5.464402676
1.103840712,5.460567951
1.103780273,5.461677551
1.103808644,5.464179039
1.103898647,5.459376335
1.103871468,5.463418007
1.1037924319999999,5.461639404
1.103765729,5.460979939
1.1038060219999999,5.460689068
1.103799585,5.463326931
1.103848699,5.460454464
1.103821161,5.462206364
1.103722337,5.460717201
1.10378826,5.461905956
1.103801015,5.459968567
1.103803042,5.460672855
1.103794101,5.459955215
1.103841308,5.458682537
1.103832367,5.457563877
1.1037581,5.458014965
1.103818181,5.458021641
1.10383642,5.458115578
1.103785875,5.46080637
1.10378373,5.45937252
1.103761557,5.459124565
1.103784803,5.46083498
1.10380328,5.461252689
1.103839996,5.458915234
1.103804353,5.460363865
1.103843811,5.458814621
1.10386205,5.46214962
1.10372186,5.460348129
1.10380936,5.457999229
1.103868368,5.461602211
1.103843334,5.462235451
1.103770617,5.460206509
1.103786591,5.46105957
1.103778365,5.461374283
1.103833202,5.462257862
1.103802446,5.460584164
1.103852275,5.462385178
1.103768948,5.462580204
1.103841189,5.461238384
1.10380185,5.458918095
1.103799823,5.461463928
1.103835705,5.46046114
1.103823069,5.459341526
1.103812102,5.460474014
1.103787306,5.462788582
1.103804472,5.461918831
1.103807929,5.46159029
1.103790167,5.460954666
1.103787664,5.458963871
1.103842381,5.460215569
1.1038816009999999,5.459678173
1.103852513,5.458988667
1.103835467,5.460878372
1.103793862,5.459908962
1.103767279,5.461437225
1.103806499,5.459914207
1.103807691,5.460942268
1.103822234,5.461781502
1.103707197,5.460511684
1.103783253,5.459141731
1.103801134,5.461885929
1.103837851,5.461264133
1.103801253,5.461214542
1.103790525,5.461743832
1.103801134,5.457564354
1.103854421,5.459023952
1.103826883,5.46079874
1.103827837,5.458213806
1.103834751,5.46082449
1.103835228,5.461651802
1.103791359,5.462116241
1.103734019,5.463080406
1.103797796,5.460321426
1.103826407,5.461353779
1.103812817,5.46367979
1.103834274,5.460025787
1.103794578,5.461960793
1.10381234,5.462917328
1.103806976,5.459112167
1.103753927,5.460924149
1.10383797,5.460988522
1.10379577,5.457098484
1.1037969619999999,5.460106373
1.10384846,5.460348606
1.10378969,5.458137035
1.103815082,5.45927
1.103834036,5.45929575
1.103797796,5.458043575
1.103807572,5.459460258
1.103820327,5.459258556
1.103756431,5.458927631
1.103802446,5.459023952
1.103796485,5.45929718
1.103789452,5.461274147
1.103782895,5.460229397
1.103780749,5.458630562
1.1038037569999999,5.461073399
1.103814247,5.461538792
1.103724483,5.46025753
1.103764656,5.462543964
1.10379422,5.461819649
1.103850129,5.46061182
1.103828791,5.458806038
1.103856447,5.460844994
1.103738311,5.459415436
1.103755,5.459727287
1.103793266,5.458224773
1.103760365,5.460182667
1.103814724,5.459061623
1.103831056,5.458867073
1.103791836,5.461862564
1.10379732,5.457919598
1.103788379,5.456578732
1.103725675,5.461531162
1.103796604,5.460904598
1.103760126,5.459841251
1.1038014919999999,5.459694862
1.103792551,5.458864689
1.103737238,5.460824013
1.103757742,5.458079815
1.103773239,5.459178448
1.103780153,5.460294724
1.103834632,5.456359863
1.103801253,5.45786953
1.103798631,5.458114147
1.103813055,5.459241867
1.103791001,5.458390236
1.10380924,5.458586693
1.1037479669999999,5.459353924
1.103771451,5.457701206
1.103802207,5.45940876
1.103828314,5.457810402
1.10380781,5.457978725
1.103766087,5.458673
1.103780988,5.453876972
1.103742841,5.457047462
1.103873137,5.454713821
1.103831056,5.455580711
1.103815439,5.457501411
1.10377014,5.456109047
1.103778365,5.455499649
1.103871587,5.455338955
1.103836659,5.45376873
1.103756908,5.45539093
1.103739384,5.454911232
1.103748682,5.451679707
1.103811982,5.454878807
1.103829864,5.456359386
1.103771213,5.454749584
1.103777769,5.4565382
1.103828195,5.455566406
1.10378373,5.456090927
1.103761557,5.456495762
1.103762868,5.458207607
1.10379732,5.45678854
1.103848699,5.456636429
1.103756788,5.455319405
1.103770617,5.457846165
1.10379875,5.457755089
1.103795055,5.454980373
1.103818658,5.456880569
1.103767875,5.457993984
1.103747728,5.458284378
1.103791836,5.460969448
1.103816393,5.459741116
1.10379577,5.459015846
1.103780392,5.457155704
1.103734258,5.458748341
1.103779915,5.458207607
1.103845242,5.45745945
1.103847745,5.456633091
1.103763822,5.458447456
1.103782776,5.458807945
1.10376263,5.457481384
1.10371888,5.457705021
1.103800657,5.456001759
1.103790644,5.45386219
1.103739026,5.456001759
1.103752258,5.455900192
1.103769901,5.454603672
1.103796127,5.457449436
1.103797916,5.45536232
1.10375047,5.458572865
1.103795889,5.457400799
1.103773835,5.455748558
1.103809002,5.457239628
1.103823665,5.45591116
1.103799704,5.4538908
1.103794339,5.457218647
1.103775147,5.458589554
1.10378671,5.457924843
1.103808406,5.454737186
1.103850129,5.456198215
1.103797677,5.456122398
1.103785637,5.460330963
1.103755477,5.45797348
1.103780869,5.45758009
1.103902224,5.455962181
1.10383189,5.456517696
1.103812102,5.456515312
1.10378063,5.456820965
1.10386515,5.455626488
1.103836182,5.456711769
1.10385001,5.456678391
1.103769782,5.455439568
1.103799108,5.454671383
1.103840354,5.455629826
1.103848699,5.455647945
1.103826645,5.457503319
1.103803518,5.454957485
1.10373998,5.45562315
1.103787068,5.458725929
1.103853229,5.456271172
1.103869203,5.457403183
1.103816274,5.457604885
1.103850964,5.454999447
1.103760603,5.457140446
1.103852275,5.456710815
1.103894952,5.45584774
1.1038037569999999,5.458684921
1.103781703,5.45845747
1.103812102,5.457030773
1.103814009,5.459050655
1.103832844,5.456018448
1.103766206,5.457970142
1.103803995,5.45781374
1.103863004,5.4555583
1.103840593,5.458050251
1.103865626,5.458562851
1.1038014919999999,5.455652714
1.103736046,5.458783627
1.10381687,5.457431793
1.103813174,5.456172943
1.103786591,5.455843449
1.103864196,5.454240799
1.10383797,5.456208229
1.103839639,5.454348087
1.103802684,5.452935696
1.103826526,5.454176903
1.103884819,5.452064991
1.103862765,5.453483105
1.103765968,5.454861164
1.10377765,5.454856396
1.103831533,5.450525284
1.103789571,5.452590942
1.103815082,5.453985691
1.103823069,5.453483105
1.103818777,5.453933239
1.103817704,5.45348835
1.1038774279999999,5.45426321
1.103871229,5.454735279
1.103854063,5.453275204
1.103819492,5.456239223
1.103811505,5.454555035
1.103827003,5.453127861
1.103808406,5.454511166
1.103852037,5.454111576
1.10380328,5.456190109
1.103835347,5.454701424
1.103770259,5.455378056
1.103863719,5.455485821
1.103840116,5.455510616
1.103806379,5.455564022
1.103743079,5.456188679
1.10375357,5.455966473
1.103844526,5.455105305
1.103921655,5.455433846
1.103847149,5.453054905
1.103765371,5.454708576
1.103792551,5.456028938
1.10383344,5.454239368
1.103878143,5.452308178
1.1038284329999999,5.454249859
1.103810194,5.451672077
1.103807572,5.452507019
1.103762034,5.450330257
1.10389531,5.451033115
1.1038258109999999,5.451901913
1.10378826,5.453598976
1.103764418,5.451632023
1.103849056,5.45108223
1.103835586,5.453404427
1.103820089,5.452032089
1.103791478,5.45421648
1.103829506,5.45411253
1.103847507,5.451858521
1.10384846,5.454982758
1.103859666,5.453333378
1.103815439,5.453269958
1.103813055,5.452401638
1.103764775,5.450989246
1.103850368,5.453828812
1.103838924,5.450487137
1.103874329,5.449382305
1.103815797,5.449970722
1.103812221,5.453374863
1.103830937,5.450318336
1.103783253,5.452497482
1.103782776,5.454232693
1.103830102,5.448997498
1.103799465,5.452667713
1.1038459569999999,5.452125072
1.10379875,5.451944828
1.103820685,5.453480244
1.103860739,5.452895164
1.103769186,5.450887203
1.103870395,5.45109272
1.103884581,5.449844837
1.1037972,5.452040195
1.103804949,5.452686787
1.103803876,5.451936245
1.103814605,5.451173782
1.103831533,5.451387882
1.103818896,5.44913578
1.103786114,5.452678204
1.103807095,5.451776028
1.103864911,5.450369835
1.103822592,5.448722839
1.103760126,5.451170444
1.103798392,5.451760769
1.103802088,5.451448441
1.103840831,5.450537205
1.103878143,5.452536583
1.103772405,5.450354099
1.103839996,5.452314377
1.103758934,5.454342842
1.103811267,5.45314312
1.103786829,5.450894833
1.103865626,5.452319145
1.103792909,5.449657917
1.103799585,5.449675083
1.1038003,5.451815605
1.103787425,5.451797009
1.103829029,5.451892853
1.103813651,5.450055599
1.103890303,5.448733807
1.103903654,5.451579571
1.1038482219999999,5.450233459
1.103841904,5.448029518
1.103847864,5.448835373
1.103849533,5.446888447
1.103864911,5.445986271
1.103811625,5.447986603
1.103797081,5.44784832
1.103847984,5.448140144
1.103887084,5.448236942
1.1038235459999999,5.44912529
1.103821281,5.448530674
1.103856805,5.451455116
1.10389972,5.449999809
1.103860143,5.452016354
1.103779915,5.450204372
1.103839043,5.448233604
1.103808883,5.448668957
1.103924397,5.447794437
1.103944781,5.449802399
1.10389066,5.450585842
1.103792074,5.451154709
1.103832844,5.449660778
1.103878501,5.451930523
1.103856567,5.452620983
1.103893521,5.451658249
1.103800061,5.454163551
1.103806499,5.450692654
1.103793624,5.454518318
1.103866103,5.454541206
1.1038842229999999,5.450716972
1.103826526,5.455760479
1.103775623,5.452257633
1.103856805,5.451530933
1.10376561,5.455388546
1.103815201,5.455499649
1.103800896,5.452085972
1.103754762,5.452630997
1.103811148,5.450335026
1.103818658,5.450666904
1.103798869,5.453278065
1.103845361,5.450294971
1.10386503,5.451638222
1.10381377,5.449390411
1.10379124,5.450284958
1.103811505,5.45300436
1.103855255,5.453707695
1.103811386,5.450565815
1.103802684,5.45301199
1.103879574,5.44990778
1.103853706,5.452571869
1.103850248,5.450228691
1.103887799,5.45019722
1.1038504869999999,5.450218678
1.103835467,5.450171471
1.103870872,5.450460911
1.103790525,5.451155663
1.103825215,5.451029778
1.103827718,5.449262142
1.10385001,5.451550007
1.103855374,5.45046711
1.103875402,5.451106071
1.103867176,5.452269077
1.103884342,5.450239658
1.1038819579999999,5.451800346
1.103793386,5.451742172
1.103827837,5.452150345
1.103845719,5.450825691
1.103825334,5.452021122
1.103859428,5.451411247
1.10384703,5.452793121
1.10377467,5.453499794
1.103841785,5.451648235
1.103796366,5.452304363
1.103801611,5.451678276
1.103822115,5.447794914
1.103815082,5.449365139
1.103851441,5.448126316
1.1038171079999999,5.450326443
1.103790882,5.452558517
1.103765371,5.450750351
1.103759649,5.452968121
1.103856567,5.452845573
1.10387111,5.450428486
1.103907707,5.452612877
1.103782776,5.452593803
1.10377467,5.45189476
1.103793743,5.453238487
1.103766921,5.450270176
1.103864673,5.451743126
1.103835705,5.450833797
1.103761676,5.448686123
1.103821877,5.449448586
1.10378218,5.448582649
1.103847864,5.446814537
1.103901985,5.448210716
1.103859904,5.448253632
1.103863719,5.445774078
1.103889111,5.449814796
1.103876475,5.448627472
1.103810433,5.447599411
1.103853586,5.446496487
1.103785875,5.44823122
1.103822354,5.447647095
1.103818062,5.44753027
1.103810671,5.450756073
1.1038527519999999,5.449376583
1.103766802,5.447579384
1.103788379,5.450278759
1.103849176,5.449522018
1.103821161,5.450671673
1.103886727,5.448279858
1.103788736,5.450080872
1.103827956,5.450037003
1.103814366,5.446963787
1.103833678,5.448430061
1.103842142,5.448840141
1.103871468,5.448522091
1.103825572,5.45249939
1.103800896,5.449032784
1.1038425,5.447647572
1.103886369,5.450833797
1.10382736,5.448892593
1.103785279,5.450195313
1.103781465,5.450420856
1.103826526,5.449598789
1.103846315,5.452753067
1.103819969,5.451348305
1.10379124,5.45123148
1.103697065,5.453297138
1.103810671,5.454355717
1.103770855,5.450876236
1.103813294,5.454441071
1.103810671,5.452678204
1.103837374,5.452616215
1.103739265,5.452503204
1.103791955,5.452076912
1.103848937,5.451588154
1.103831413,5.453481197
1.103778842,5.44985199
1.103797081,5.453838825
1.103755,5.449865341
1.10379124,5.450422764
1.103908303,5.451209068
1.103897813,5.452969551
1.103802088,5.448781967
1.103766683,5.452801228
1.103805783,5.450899601
1.103813174,5.447980404
1.103811505,5.451538563
1.103842142,5.449666023
1.103847387,5.450028419
1.103798035,5.451908112
1.103820327,5.452797413
1.10383642,5.452961445
1.103874567,5.450932026
1.103826049,5.450465679
1.103779796,5.452866077
1.103730682,5.466051579
1.103690508,5.496957302
1.103571418,5.554857731
1.103354338,5.637616158
1.10306311,5.729236126
1.102867964,5.81034708
1.102767471,5.868849754
1.102666381,5.903641701
1.102621558,5.921168327
1.102689508,5.917115688
1.102789405,5.891501427
1.102921012,5.87609911
1.102943543,5.876710892
1.102904323,5.891090393
1.102929238,5.892587662
1.103066924,5.869986057
1.103204492,5.851907253
1.103270415,5.843169689
1.103395942,5.843144894
1.103376868,5.845033646
1.1034511359999999,5.833703041
1.103629234,5.812291622
1.1038261679999999,5.803672314
1.103949431,5.7947855
1.104008678,5.797906399
1.1041073829999999,5.794116974
1.104256037,5.7775774
1.104393247,5.762687683
1.104536536,5.756216526
1.104677084,5.75327158
1.104704502,5.756288052
1.104831937,5.742068291
1.10498381,5.726232052
1.105102304,5.712939739
1.105193856,5.710608006
1.105276588,5.714148521
1.10533357,5.707970142
1.10551596,5.693591118
1.105634812,5.678649426
1.105739597,5.673411369
1.105880263,5.671123028
1.105961326,5.675043106
1.106131318,5.665045261
1.106353167,5.647161007
1.106471303,5.639175415
1.106592658,5.640814781
1.106699231,5.640895367
1.106822732,5.632337093
1.107045773,5.622023582
1.107257369,5.609463215
1.107402328,5.608778954
1.107513312,5.603697777
1.107620719,5.600352287
1.107829097,5.593574047
1.108018163,5.585177422
1.108273509,5.579558372
1.108439687,5.576644421
1.108545068,5.572143078
1.108756903,5.569440842
1.108951572,5.560137749
1.109139803,5.552701473
1.109285,5.549327374
1.109376791,5.548861027
1.109591368,5.544034958
1.109831217,5.538375378
1.11004329,5.528520107
1.110250118,5.523547649
1.110383156,5.522702217
1.110571864,5.516619205
1.110748652,5.511669636
1.110915187,5.506625652
1.111141804,5.502800465
1.111348155,5.498795509
1.111539128,5.492996216
1.111664298,5.489525795
1.111907724,5.484216213
1.112097147,5.477332115
1.112308624,5.473620892
1.112474802,5.469097614
1.112706783,5.464694023
1.112922433,5.464756012
1.113164547,5.459413052
1.113402131,5.449775696
1.113550547,5.444085598
1.113725904,5.445529938
1.113932017,5.4430933
1.114244583,5.438010216
1.114440802,5.429749012
1.114573005,5.42453289
1.114801291,5.421508312
1.1149555469999999,5.421958923
1.115070346,5.413896084
1.115212444,5.406268597
1.11524463,5.394375324
1.115282062,5.395074844
1.115344885,5.397670269
1.11535764,5.393145084
1.115399125,5.384054184
1.115389708,5.376004696
1.115334037,5.371850491
1.1153236659999999,5.376441479
1.115381601,5.36721611
1.115359905,5.361451626
1.11528993,5.355651379
1.115220431,5.355555534
1.115169051,5.350124359
1.115206841,5.345291138
1.115135434,5.339930534
1.115216735,5.334638119
1.115118507,5.332634926
1.115089896,5.332616806
1.11500335,5.321946144
1.115067843,5.319309711
1.115018371,5.309797764
1.115021113,5.309616566
1.11492956,5.305550575
1.114898685,5.304569721
1.114785793,5.297071457
1.11478937,5.290070534
1.114812854,5.283202648
1.114711884,5.283303261
1.114708427,5.279523849
1.114635828,5.278933048
1.114635471,5.269549847
1.114598277,5.262344837
1.114593628,5.257125854
1.114498261,5.259310722
1.114440683,5.254874706
1.114409569,5.250298977
1.114377144,5.239673615
1.114281181,5.233940125
1.114197138,5.235342026
1.114221457,5.230962276
1.114103559,5.220639706
1.114003304,5.213227749
1.114047173,5.211228371
1.113905433,5.208906651
1.113845828,5.208116531
1.113784316,5.201164722
1.113723758,5.196378708
1.113644722,5.19174099
1.113665226,5.18560791
1.113570097,5.184502602
1.113512877,5.183104992
1.113536122,5.173969746
1.113489392,5.16643858
1.113435987,5.163601398
1.113379839,5.16211319
1.113309506,5.161701679
1.113256338,5.153820515
1.113150838,5.147654057
1.113136533,5.145903587
1.113060001,5.142193317
1.11293352,5.135709763
1.112797144,5.134170532
1.1127746139999999,5.127503872
1.112723473,5.121810436
1.112563375,5.117055416
1.112511995,5.114794254
1.112388733,5.110940456
1.112326506,5.107487202
1.112243536,5.099437237
1.112149242,5.102320194
1.112013462,5.093571663
1.111900333,5.090141296
1.111735824,5.088931561
1.111646178,5.083925724
1.111552957,5.078101158
1.1114732059999999,5.072616577
1.111317518,5.066116333
1.111147288,5.066135883
1.111010435,5.062382221
1.110945943,5.055801868
1.110722426,5.054208279
1.1106005939999999,5.046423435
1.110362175,5.042310238
1.110317829,5.040919781
1.110108975,5.039056301
1.109967592,5.031010151
1.109837416,5.027102947
1.109659317,5.020667076
1.109454158,5.015854359
1.109332088,5.012391567
1.1092209849999999,5.007525444
1.109165314,5.005159855
1.109015825,4.996641159
1.108923081,4.990626812
1.108775619,4.987443447
1.108671668,4.981737137
1.108554009,4.974668026
1.108464363,4.972189903
1.108325008,4.968105316
1.1082322629999999,4.959517479
1.108163479,4.956493855
1.108100656,4.95352459
1.108033541,4.946094036
1.107847455,4.943473339
1.107728723,4.932439327
1.1075984269999999,4.928193569
1.107513908,4.923102856
1.107400301,4.919671059
1.107298616,4.913550854
1.107126358,4.910179615
1.107064965,4.900731087
1.106915119,4.901799679
1.106831554,4.900650978
1.106635335,4.89268589
1.1065315039999999,4.887278557
1.106382731,4.882205486
1.106256846,4.876757622
1.106108549,4.876222134
1.105954531,4.868988991
1.105822089,4.863276482
1.105622414,4.857943535
1.10543299,4.853396416
1.105269435,4.850784302
1.105090264,4.845113754
1.104923728,4.840210915
1.104748133,4.839901447
1.104516628,4.835301876
1.10430992,4.826589584
1.104117397,4.820544243
1.104020599,4.820190907
1.10378814,4.816530704
1.103648546,4.811845779
1.103453401,4.80649662
1.10328925,4.803088665
1.103138569,4.797444344
1.103032711,4.794995308
1.102962139,4.788348198
1.102778795,4.783368111
1.102627996,4.780218124
1.102498654,4.779789448
1.102283123,4.771571636
1.102182391,4.768239021
1.101984862,4.764512539
1.1017835169999999,4.757315636
1.101666454,4.752205372
1.101509455,4.753763199
1.101319912,4.747804165
1.1011951,4.743031979
1.100987795,4.739847183
1.100780252,4.738564968
1.100612643,4.735524654
1.100431326,4.727132797
1.100309971,4.720225811
1.100180748,4.716294765
1.100000146,4.716259003
1.099805835,4.716212749
1.099615696,4.708470821
1.0994221,4.699856758
1.099313858,4.694438457
1.099150065,4.696035385
1.098918918,4.693943024
1.098689559,4.689134121
1.098598722,4.682829857
1.09843922,4.680374146
1.098251703,4.675418377
1.098038796,4.671701431
1.097828153,4.668273449
1.097642663,4.664232731
1.097539547,4.66001606
1.097407225,4.655201435
1.097145322,4.652663231
1.097017053,4.648032188
1.096919301,4.643811703
1.096731308,4.639481068
1.096685293,4.635494232
1.0965268639999999,4.635333538
1.096311691,4.627453327
1.096224311,4.624056339
1.096028331,4.62014246
1.095878843,4.618152142
1.0957969459999999,4.610003471
1.095592263,4.606419563
1.095505479,4.602533817
1.095376614,4.599289894
1.0951877859999999,4.595691681
1.0950136209999999,4.591840267
1.094885352,4.587473392
1.094745281,4.587548733
1.094563487,4.5810256
1.09449375,4.575098515
1.0943998129999999,4.570429325
1.094275478,4.568669796
1.094142202,4.564956665
1.093986633,4.562639713
1.093825343,4.556418896
1.093711856,4.556292534
1.0936178,4.546296597
1.093391302,4.542442322
1.093222144,4.544064045
1.093135837,4.542777061
1.092982534,4.531006813
1.09296501,4.519961357
1.092855457,4.517498493
1.092619661,4.527935028
1.0924956829999999,4.523086548
1.092358115,4.513730526
1.092193607,4.507960796
1.092088464,4.504998207
1.091885689,4.499582291
1.091752294,4.505328655
1.0916918549999999,4.500735283
1.091488722,4.488605976
1.091331843,4.484383106
1.091256741,4.491602898
1.0911228689999999,4.484110832
1.090925697,4.478122711
1.090838674,4.474556923
1.090826395,4.470318794
1.090634587,4.466986656
1.090479854,4.468038559
1.090323809,4.462574959
1.090196374,4.455463409
1.090104464,4.446591854
1.090035799,4.451939106
1.089840654,4.449230194
1.089701417,4.441072941
1.089563134,4.444369793
1.089522484,4.438080788
1.089359763,4.43003273
1.089285496,4.430383682
1.08911598,4.427703857
1.088884357,4.421692848
1.088814142,4.419748306
1.088696125,4.418239117
1.088637355,4.411328793
1.088466409,4.409321785
1.088359836,4.407978535
1.088240507,4.404420376
1.088041547,4.399757862
1.087993029,4.394311905
1.087960961,4.39112711
1.087868932,4.388188839
1.087673786,4.38650465
1.087657574,4.384989738
1.087549689,4.377169132
1.08738077,4.372291565
1.087372425,4.377194405
1.087237719,4.371147633
1.087076071,4.360767841
1.087050083,4.360507488
1.0870158699999999,4.361359119
1.086721543,4.358635426
1.08662248,4.354420662
1.086581829,4.348004341
1.086491826,4.343010426
1.086383346,4.347142696
1.086301807,4.344121456
1.086147788,4.33758688
1.0859772,4.328594685
1.085880879,4.32819891
1.085845473,4.331792355
1.085798386,4.324578285
1.085618857,4.316353798
1.0856115849999999,4.318459511
1.085430267,4.314333439
1.085391882,4.310779572
1.08525646,4.308499813
1.085224631,4.303188324
1.085049155,4.298938274
1.084904674,4.299672604
1.084837917,4.295872211
1.08467603,4.288361073
1.08462632,4.286278725
1.084494832,4.282429695
1.0843750269999999,4.282148361
1.084254387,4.276531219
1.0841317209999999,4.273433208
1.084062699,4.274174213
1.083824161,4.26670599
1.083788398,4.263828278
1.083619598,4.262033939
1.0835408,4.258502483
1.083444122,4.250443459
1.083346847,4.250365257
1.083244208,4.244289875
1.083045128,4.243400574
1.082999232,4.243775845
1.082936409,4.236320496
1.082753065,4.23197937
1.082652453,4.228177071
1.082561138,4.227173328
1.082439664,4.229074001
1.082454208,4.223810673
1.082390669,4.219445705
1.082278731,4.212129593
1.082111123,4.212452412
1.081985834,4.210131168
1.081919315,4.208434582
1.081900719,4.200744629
1.081753257,4.198058128
1.081698421,4.198597431
1.08154774,4.194485664
1.081476811,4.189982891
1.081378701,4.186924934
1.081293228,4.182360649
1.081199172,4.184370518
1.081091049,4.180240631
1.081011537,4.172162533
1.080859187,4.168161869
1.080830339,4.168287754
1.080758455,4.16581583
1.080654386,4.165160656
1.080575231,4.155866623
1.080527428,4.157480717
1.080400708,4.151159286
1.080274585,4.150243282
1.080194715,4.146640778
1.080153587,4.143481255
1.080092433,4.137247086
1.079968455,4.140913486
1.0798975259999999,4.134978771
1.079789403,4.129840374
1.079701665,4.127263069
1.079729322,4.124568939
1.079543355,4.118946552
1.079493406,4.117645264
1.07953203,4.112714767
1.079460505,4.113265991
1.079368714,4.1079216
1.079284313,4.10258913
1.07924712,4.101692677
1.079169276,4.103543282
1.079123381,4.097180367
1.079020026,4.094446659
1.078901771,4.089443684
1.078830722,4.083445072
1.078833345,4.084547997
1.078770998,4.082762718
1.078656796,4.078359604
1.078615549,4.070159912
1.078521732,4.068614483
1.078422073,4.067588806
1.078386667,4.066215038
1.078301194,4.058424473
1.078297141,4.054529667
1.07832897,4.053113461
1.078335288,4.05242157
1.078160289,4.050635338
1.078059438,4.041170597
1.077998403,4.038874149
1.077901128,4.035913467
1.0778886109999999,4.035467148
1.07783747,4.02899313
1.0779019619999999,4.02825737
1.077862504,4.023076534
1.077765468,4.018810272
1.0775917799999999,4.01695776
1.077556017,4.012358665
1.077521566,4.008610249
1.077530149,4.004592419
1.077448371,4.001450062
1.077439192,4.000621796
1.077391389,3.990928888
1.077352288,3.989552975
1.077306274,3.992302895
1.0771921899999999,3.990744114
1.077203396,3.982393503
1.077152851,3.979853868
1.077146891,3.97619009
1.077121738,3.974915981
1.077071789,3.970855713
1.077088597,3.963629961
1.077017787,3.962370634
1.077033165,3.966431856
1.077025297,3.958944798
1.07693601,3.952540159
1.077018145,3.944272757
1.076996329,3.943526745
1.076942208,3.94674468
1.076958182,3.939684868
1.077034119,3.93215847
1.077008727,3.930596352
1.077025774,3.927283525
1.076958182,3.92872262
1.076967242,3.921669245
1.076937321,3.91842103
1.076977852,3.915309429
1.076944712,3.910387754
1.076885465,3.910565138
1.076883677,3.910606623
1.076934341,3.902793407
1.076851729,3.898652315
1.076900247,3.897042751
1.076829913,3.895132542
1.076831344,3.892258167
1.076874617,3.889491081
1.076855662,3.884672403
1.076828006,3.883474827
1.076803091,3.881714821
1.076784018,3.875977993
1.0767777,3.873190165
1.07676256,3.870074511
1.076712015,3.863262177
1.076740626,3.866074085
1.076750758,3.862136364
1.076715592,3.855460405
1.0766786369999999,3.855253458
1.07662535,3.851518631
1.076652649,3.849004984
1.076661113,3.846799374
1.0766228469999999,3.838844776
1.076692942,3.838353157
1.076668504,3.839713812
1.0766543179999999,3.83530426
1.076655629,3.828345776
1.076673988,3.823870659
1.076694492,3.822545052
1.076650265,3.823903799
1.076699618,3.820231438
1.076689723,3.812431097
1.076744202,3.809541941
1.076630595,3.808071613
1.076677087,3.805545807
1.076671246,3.803743601
1.076652649,3.797409773
1.0766238,3.797207355
1.076610091,3.793724298
1.076729539,3.789917946
1.07664347,3.789582491
1.076654556,3.78677392
1.076735976,3.777572155
1.076709989,3.777602673
1.076714996,3.776486158
1.076726797,3.772150278
1.076722148,3.763907909
1.076774481,3.759108782
1.076739553,3.762676954
1.076713207,3.763769865
1.076759222,3.757104397
1.076800111,3.748515844
1.076820019,3.744172335
1.0768437419999999,3.744790316
1.076782945,3.744689465
1.076829556,3.737773657
1.076847914,3.729120731
1.076880339,3.733328342
1.076837185,3.732601881
1.076853159,3.72590971
1.076911572,3.721170187
1.076924327,3.720340967
1.076922062,3.718644857
1.076905969,3.717509985
1.076977494,3.709326744
1.076939705,3.703844309
1.076937202,3.705101728
1.076954606,3.703598738
1.076959255,3.702543974
1.0770357879999999,3.692500353
1.077039722,3.686716318
1.077029112,3.69065547
1.077042702,3.690205336
1.077068213,3.682387114
1.077111843,3.677420378
1.077184323,3.675858498
1.077130678,3.672661304
1.077108148,3.673078537
1.077218178,3.667036533
1.077206495,3.659861803
1.077277306,3.660561562
1.077241662,3.662149429
1.077222946,3.654803991
1.077277306,3.652318001
1.077271107,3.647684574
1.077314141,3.64572525
1.077240232,3.64315176
1.07727218,3.640651941
1.077255133,3.636392355
1.077307227,3.633428574
1.077336076,3.633824348
1.077349666,3.62957859
1.077331069,3.62301302
1.077347401,3.619550705
1.0773325,3.619180202
1.0773929389999999,3.618503809
1.077441338,3.609122992
1.077393654,3.607967615
1.077445748,3.602928877
1.0774349,3.602414608
1.077470306,3.601963997
1.0774445559999999,3.595349789
1.077495697,3.589602947
1.077515367,3.589410067
1.07753742,3.587821484
1.077565077,3.586647987
1.077580813,3.573841572
1.077548507,3.569503546
1.077558878,3.57506156
1.077502134,3.571917295
1.07751179,3.564363241
1.07747722,3.562155247
1.077539209,3.554787397
1.077543977,3.555394173
1.077520254,3.556135654
1.077523115,3.551835299
1.077465299,3.545976877
1.07754803,3.542448044
1.077576163,3.539549828
1.077549937,3.539910078
1.077577594,3.534627676
1.077538851,3.528667212
1.077598456,3.529434919
1.07759476,3.524428368
1.077599648,3.518173218
1.077541474,3.51718998
1.077591184,3.512812138
1.077519897,3.510897875
1.077611449,3.510705948
1.0776677159999999,3.5020926
1.077709678,3.498055458
1.077720764,3.499475002
1.077679995,3.492726564
1.077713373,3.495032787
1.077711943,3.489134312
1.077737215,3.485327721
1.077799204,3.48466754
1.077833298,3.48228693
1.077848795,3.473398685
1.077876571,3.472682238
1.077911499,3.473141193
1.077880743,3.469218254
1.077846053,3.464277744
1.077894691,3.462049007
1.077865365,3.458236217
1.077932599,3.457238674
1.077960613,3.451318502
1.07800329,3.44882226
1.078009608,3.442709446
1.077983859,3.441623211
1.078040126,3.439860582
1.078033093,3.431597948
1.078044298,3.427733421
1.078005436,3.427908182
1.077965739,3.427873135
1.078042033,3.424184799
1.078008059,3.41650176
1.078073981,3.411808491
1.0780290399999999,3.411051512
1.077980283,3.409800053
1.077914003,3.405352116
1.077946904,3.401093721
1.077933791,3.39790082
1.077896479,3.400548458
1.077877525,3.397051096
1.077876571,3.3911376
1.077860597,3.38361311
1.077848557,3.389194965
1.077744249,3.385415077
1.077733162,3.378403902
1.077695015,3.374277115
1.077690604,3.371772289
1.077655795,3.369518995
1.07759321,3.371348619
1.077509525,3.363220453
1.0775512489999999,3.357382298
1.077517989,3.361120939
1.07751334,3.358743906
1.07742739,3.356063843
1.077391151,3.349394083
1.077346686,3.344450951
1.0772692,3.346122265
1.077187422,3.345631838
1.077174786,3.341844797
1.077116373,3.337126732
1.077022079,3.332166672
1.076918009,3.329556704
1.076876524,3.330355167
1.07676554,3.327172279
1.076713088,3.323717594
1.076639059,3.319731474
1.076587442,3.3157444
1.076573375,3.310896158
1.076431397,3.312274456
1.076403502,3.308998346
1.076278451,3.306922674
1.076243165,3.30116725
1.076103929,3.300301313
1.0760425359999999,3.298231602
1.07599068,3.295130491
1.075908068,3.291544199
1.07581127,3.290926933
1.075726512,3.287404776
1.075629953,3.284153223
1.075575832,3.282559633
1.075474981,3.275953054
1.075321201,3.274585247
1.075205568,3.277867794
1.075110438,3.268741369
1.075061563,3.264886379
1.0749625,3.265216827
1.074889186,3.262589216
1.074676755,3.256329775
1.074605468,3.255761862
1.074523094,3.255167484
1.074361447,3.251894951
1.074306253,3.246720791
1.074234131,3.243450642
1.07413924,3.241572142
1.074053648,3.242756128
1.073886398,3.242077351
1.073813084,3.236371756
1.07373369,3.228770494
1.073648217,3.230246544
1.073576096,3.230383158
1.073511604,3.225553751
1.073366168,3.221242666
1.073324326,3.217311382
1.073235872,3.215524435
1.073070291,3.215358973
1.072961333,3.213927269
1.072849515,3.209309578
1.072831991,3.205919743
1.072784904,3.203702688
1.072672132,3.200121403
1.072567943,3.19875288
1.072514895,3.190979481
1.072441104,3.193448544
1.072379234,3.190939903
1.072264913,3.185842752
1.072142127,3.18287611
1.07213867,3.181475163
1.07204378,3.177899599
1.071958187,3.176223516
1.071873906,3.172077417
1.071679595,3.171531439
1.071608189,3.167483091
1.071569446,3.165486574
1.071468356,3.158427715
1.0713282849999999,3.158679485
1.071185711,3.16201067
1.071075323,3.154597759
1.071039799,3.146061659
1.070947889,3.147486925
1.07086933,3.145098925
1.070733789,3.14313674
1.070619348,3.139172077
1.07058132,3.135692596
1.070506099,3.134831429
1.070438865,3.127719164
1.07029939,3.128527403
1.070205334,3.124550343
1.070125702,3.122120857
1.070023301,3.122101307
1.069933656,3.117843866
1.0697990689999999,3.115386963
1.069824103,3.113346577
1.069730166,3.109371185
1.069657806,3.105871439
1.069550875,3.103346348
1.069382313,3.101268768
1.069289449,3.096955061
1.0691967039999999,3.091492414
1.069064382,3.092174768
1.068992975,3.090561152
1.068918827,3.084801674
1.068855527,3.079679489
1.068759325,3.084615469
1.068677071,3.07883215
1.068627122,3.072375774
1.068514946,3.06992197
1.068453315,3.070531368
1.068406108,3.067855835
1.068260196,3.066289186
1.068186525,3.060466051
1.068058971,3.059971809
1.068045738,3.059724092
1.067936423,3.052850962
1.067883256,3.049389362
1.067793968,3.051058769
1.067659381,3.050441265
1.067658427,3.044787884
1.067600253,3.039070606
1.067495945,3.038929462
1.067433241,3.039209604
1.067335489,3.036267519
1.067276719,3.030385017
1.067197922,3.028349638
1.067080858,3.028226376
1.066971901,3.026117802
1.066965941,3.024414778
1.066862467,3.019684792
1.066775563,3.017106533
1.066709045,3.016211271
1.066650632,3.012925625
1.066591147,3.010569572
1.066455844,3.006821156
1.066441539,3.006716013
1.066264275,3.007374525
1.066227081,2.998557568
1.066170934,2.993506193
1.066049698,2.993612766
1.065929893,2.993797302
1.065867785,2.99248004
1.065772775,2.985900879
1.065767172,2.97979331
1.065703037,2.98443985
1.0655068189999999,2.986451864
1.065552714,2.973313332
1.065398935,2.969184399
1.065346482,2.972262859
1.065258148,2.972667456
1.065221313,2.966656446
1.065089706,2.964625835
1.0649822979999999,2.959717274
1.064952138,2.957291842
1.064806107,2.958135366
1.06478596,2.954537868
1.064671639,2.948185205
1.064625624,2.945212364
1.0645492109999999,2.947113276
1.064413431,2.946335077
1.064347747,2.936472893
1.064300779,2.933205128
1.064190272,2.930490732
1.064150813,2.931312799
1.064002278,2.928631067
1.063955668,2.922280788
1.063862804,2.92182374
1.063759568,2.920796394
1.063607577,2.917308569
1.063625816,2.911899328
1.063417557,2.911514759
1.063347819,2.910723925
1.063237909,2.904019594
1.063194039,2.902909279
1.063079003,2.902269363
1.062908533,2.900865078
1.062925342,2.894735336
1.062756422,2.891272545
1.062731627,2.891783476
1.062532309,2.890096664
1.062437537,2.88572073
1.062343362,2.880997181
1.062285069,2.880511999
1.062174204,2.879456758
1.062034729,2.875751257
1.061949971,2.871086121
1.061868313,2.867170334
1.061726573,2.866707563
1.061597708,2.860765457
1.06156421,2.862577915
1.061428788,2.86034584
1.061288121,2.854999781
1.061167839,2.850241423
1.061074975,2.850489378
1.060981277,2.850606918
1.06083906,2.847157478
1.060737613,2.839345694
1.060582879,2.835427523
1.060542586,2.838236332
1.060462239,2.831672668
1.060327414,2.826051474
1.060182217,2.82937789
1.060102108,2.826818228
1.060002449,2.817922831
1.059991124,2.818025351
1.059917572,2.813333988
1.059825185,2.813312531
1.059721354,2.810409784
1.059588912,2.805333614
1.05951834,2.801548004
1.059481266,2.799032211
1.059381369,2.797678947
1.059358242,2.795338631
1.059204462,2.792647839
1.059177163,2.785336971
1.0590992,2.788412571
1.059015635,2.784219027
1.058957103,2.777344465
1.058924559,2.777338982
1.058846715,2.772544384
1.058759454,2.769732952
1.058652642,2.770633221
1.058626297,2.762558937
1.058531049,2.760812283
1.0584845569999999,2.758003712
1.058443788,2.751306057
1.058354262,2.749922991
1.058327916,2.748914003
1.058295968,2.741747618
1.058234337,2.742887735
1.05813289,2.73794508
1.058116081,2.733970404
1.058016184,2.73055625
1.0579444199999999,2.725175858
1.057955983,2.723515034
1.057868126,2.724796772
1.057855609,2.717525005
1.057796124,2.711365461
1.057798031,2.71204114
1.057709697,2.708248615
1.057685736,2.707309723
1.057618621,2.702230692
1.057579759,2.695260763
1.057501915,2.695295811
1.057454708,2.690132618
1.05732322,2.68981719
1.057300451,2.685310602
1.057172182,2.67947793
1.057196263,2.676953793
1.057170156,2.675858021
1.057072404,2.670664549
1.057024959,2.669329405
1.056969884,2.664987803
1.056972268,2.660543203
1.056883577,2.661928415
1.056820872,2.656916618
1.056781057,2.645363331
1.056807879,2.647331238
1.056824806,2.647048712
1.056705478,2.643015862
1.056671742,2.634794712
1.056666139,2.634438992
1.056671622,2.630621433
1.056595328,2.631494284
1.0565815,2.624701738
1.056611422,2.620449066
1.056560877,2.618021488
1.056530479,2.614933014
1.056486252,2.611399651
1.056451085,2.608058453
1.0564518,2.604188919
1.056416038,2.604630947
1.056385282,2.602441549
1.056279305,2.595041037
1.056344155,2.592519522
1.056341055,2.590922356
1.056249622,2.586113214
1.056183818,2.58265233
1.056161645,2.577756882
1.056201103,2.574424982
1.056118014,2.573462725
1.056112173,2.570259094
1.056126002,2.563243866
1.056054714,2.56161499
1.056055549,2.561421633
1.05599964,2.557159185
1.055939201,2.552494049
1.055921438,2.548771143
1.055877927,2.545742989
1.05587137,2.545066833
1.055839899,2.533638954
1.055846694,2.534921646
1.055830601,2.530525923
1.055746201,2.52969408
1.055780175,2.529581547
1.055711153,2.524379015
1.055738691,2.515167236
1.055689696,2.515109062
1.055669072,2.515797615
1.055702212,2.511574268
1.055617335,2.506531477
1.055582288,2.500077009
1.0555783539999999,2.498889685
1.055568102,2.498600721
1.055482152,2.494273901
1.05546284,2.489340067
1.05543876,2.485564709
1.055354598,2.484627724
1.05532265,2.485686779
1.055296901,2.477812529
1.055282119,2.475269556
1.055219296,2.474543333
1.055246237,2.470388412
1.055105928,2.471307755
1.055153731,2.466607809
1.055040124,2.459900856
1.05505276,2.458681583
1.055005196,2.458583117
1.054932955,2.455667734
1.054908279,2.452450037
1.054903391,2.445218563
1.054850224,2.443875551
1.0547345909999999,2.442947149
1.054665569,2.436599731
1.054683808,2.432702065
1.0546207459999999,2.431426287
1.0546363619999999,2.427599669
1.054507974,2.425741673
1.054468516,2.421599627
1.054379228,2.421790361
1.0544151099999999,2.41916132
1.054350498,2.414515495
1.054340246,2.411122799
1.054318431,2.409943104
1.054282668,2.406740665
1.054243925,2.402914524
1.0542548919999999,2.399652958
1.054213169,2.3969841
1.054124358,2.394156218
1.054138544,2.391785622
1.054145458,2.387495041
1.054104808,2.386763096
1.054052833,2.38400054
1.053993467,2.381671429
1.05396581,2.376459122
1.05390847,2.373130083
1.053969029,2.369397402
1.053899172,2.367537498
1.05385268,2.36694026
1.053809527,2.36124897
1.053791168,2.355139017
1.053693059,2.359395742
1.05367339,2.35385108
1.053649667,2.352525234
1.053652766,2.345496893
1.053658488,2.345731974
1.053601983,2.343836069
1.053513768,2.343321562
1.053466323,2.339220524
1.053462866,2.336086035
1.053441885,2.331954241
1.053367499,2.331968069
1.053329948,2.325504065
1.053309324,2.320883751
1.053221706,2.322365999
1.053111556,2.321806908
1.053140286,2.31393671
1.053140166,2.314222574
1.053111914,2.311381102
1.05304611,2.310059786
1.053019646,2.304308891
1.0530111819999999,2.301604986
1.053018692,2.300180912
1.052949432,2.302154303
1.052894595,2.296952009
1.05285466,2.293563128
1.052793387,2.292361498
1.052822474,2.287693262
1.052725557,2.286303759
1.052647236,2.286690235
1.052640918,2.279215336
1.052564266,2.277127981
1.052570108,2.273792982
1.052491072,2.276090145
1.052398446,2.274884701
1.052359226,2.26632452
1.052308324,2.264976501
1.05223811,2.267190218
1.052137616,2.263956308
1.052094582,2.263589859
1.051974061,2.2583673
1.051995042,2.253584146
1.051920179,2.255852699
1.051828507,2.254850388
1.051760557,2.25253582
1.051774266,2.250526428
1.051687601,2.244346142
1.051700237,2.243026495
1.051582697,2.243805647
1.051574352,2.239138126
1.051598075,2.235750198
1.051511291,2.238505125
1.051450732,2.229941607
1.051383618,2.228884935
1.051318529,2.227565289
1.0512501029999999,2.22473526
1.051316384,2.220890522
1.051210287,2.219910383
1.051174882,2.216228962
1.051074865,2.216030836
1.050967935,2.2116611
1.050947073,2.207907915
1.050890806,2.210428476
1.050867561,2.207607985
1.05076218,2.20475173
1.050749305,2.200647593
1.050670627,2.195549726
1.050544265,2.197346449
1.050489429,2.193702459
1.050443175,2.189008951
1.050397757,2.187036037
1.050357702,2.189718008
1.050239208,2.183555841
1.050246123,2.181871891
1.050205949,2.17705822
1.05016506,2.174273252
1.050079468,2.176259041
1.05000532,2.171329021
1.049983981,2.170420885
1.049830678,2.1711936
1.049812558,2.162738562
1.049754384,2.162783861
1.049784187,2.1601367
1.04967058,2.15886879
1.049540523,2.157852411
1.049608591,2.151664734
1.049553636,2.146273613
1.049502614,2.15137291
1.049349788,2.149435043
1.049257878,2.143072605
1.049279931,2.136979342
1.0492394,2.140929461
1.049131635,2.138742208
1.049000743,2.134726763
1.04906309,2.129267454
1.048984888,2.133138657
1.048897508,2.128259182
1.048833254,2.122975826
1.048732999,2.123850584
1.048678044,2.124123335
1.0486160549999999,2.115604162
1.048534396,2.117006779
1.048459891,2.11588335
1.048471215,2.110413551
1.048333529,2.110903263
1.048229817,2.110062361
1.048109177,2.10649991
1.048085097,2.10342741
1.0480133329999999,2.100203037
1.047911647,2.097704411
1.047813895,2.096992254
1.047723654,2.093461514
1.047655228,2.090537786
1.047624353,2.091221809
1.047539118,2.086137772
1.0474755789999999,2.084891558
1.047352555,2.081001759
1.047229889,2.082854509
1.047081474,2.080058336
1.046968582,2.075801611
1.0468841819999999,2.077490568
1.046734098,2.076394558
1.046672943,2.068210125
1.046583059,2.070044041
1.046458605,2.066071272
1.046366218,2.066426754
1.046251896,2.063726425
1.0462166099999999,2.060049772
1.046078208,2.054517269
1.045961025,2.057165861
1.045835617,2.054262161
1.045746568,2.049713373
1.045641664,2.048532963
1.045572642,2.047397375
1.045448306,2.04452157
1.045413616,2.042803526
1.045315626,2.038469315
1.045258048,2.039894819
1.045142773,2.039210081
1.0450782809999999,2.033464193
1.044953588,2.031295061
1.044908884,2.02838397
1.044772747,2.030261517
1.044731978,2.029262781
1.04461849,2.024102449
1.044561628,2.021626711
1.044470432,2.016616583
1.044345024,2.017198086
1.044208649,2.013606548
1.04418433,2.011876583
1.044113639,2.009935141
1.04402447,2.010513544
1.043872836,2.005270004
1.043869498,2.003435135
1.043818596,2.000134945
1.043738607,1.999606252
1.043619159,1.994192123
1.043515685,1.993997097
1.043452981,1.992383718
1.043364885,1.988683343
1.043266419,1.987505078
1.04318631,1.983626485
1.043092254,1.983915448
1.042940381,1.983120441
1.042939785,1.977948546
1.042858842,1.974764466
1.04280031,1.976623893
1.042754892,1.971771121
1.042627457,1.97163868
1.0424575839999999,1.967435479
1.042425159,1.962717175
1.042361501,1.965321064
1.042170766,1.95976913
1.042158487,1.9584409
1.042043331,1.95525825
1.041928414,1.953176975
1.041798237,1.952976942
1.041746739,1.946237683
1.041670564,1.944123268
1.041556481,1.945603609
1.041415933,1.942051768
1.041279319,1.938663244
1.041259411,1.937374592
1.0410715369999999,1.936613441
1.041053179,1.928538084
1.040982249,1.930639505
1.040867093,1.928114533
1.040702346,1.92282033
1.040596607,1.918612361
1.040556315,1.918509841
1.04038966,1.917778969
1.040337923,1.91375196
1.040245417,1.909764647
1.040171507,1.909395099
1.039994124,1.905027509
1.039813283,1.906255364
1.039740208,1.90331316
1.039610747,1.89590013
1.039531234,1.897189379
1.039310816,1.899602294
1.039216045,1.893243074
1.039183024,1.890612721
1.039137605,1.885835648
1.038977268,1.884339213
1.038832191,1.884888649
1.038771394,1.879776239
1.03862882,1.874755383
1.038529399,1.880059838
1.038324598,1.877674222
1.038250211,1.873461366
1.038129333,1.869860411
1.038069132,1.867631912
1.037982824,1.868450522
1.037886265,1.865649462
1.03785229,1.861794472
1.037714961,1.863802552
1.037579063,1.857473969
1.037483934,1.85520792
1.037432793,1.852986574
1.037289742,1.850210905
1.037208203,1.847210407
1.03716183,1.846604466
1.037026051,1.842986584
1.036988261,1.839079857
1.036835554,1.839673758
1.036780837,1.838128567
1.036609057,1.833126664
1.036589864,1.830265045
1.036587718,1.828341603
1.03644574,1.828248143
1.036351684,1.824772477
1.036195758,1.823843598
1.036117318,1.821282983
1.036068085,1.81591022
1.036077145,1.816995502
1.035868171,1.819648862
1.03582764,1.810773253
1.035765412,1.807788134
1.035691741,1.80811739
1.035622361,1.806546688
1.035458925,1.801218033
1.035444143,1.799391508
1.035282734,1.798613667
1.03530288,1.797156334
1.035125497,1.791346908
1.035066369,1.789852858
1.034960154,1.786561131
1.034881833,1.785560846
1.034808162,1.782242298
1.034758571,1.779867649
1.034686807,1.775339365
1.034582737,1.775630832
1.034505132,1.77686286
1.034378889,1.7717278
1.03433657,1.770811796
1.034358862,1.769902229
1.034193042,1.768570185
1.034187201,1.764255881
1.034144762,1.759162784
1.034049395,1.759674311
1.033944133,1.758147597
1.033883813,1.751425147
1.033873442,1.750322461
1.033773902,1.749667168
1.03368378,1.747923374
1.033670905,1.745907545
1.033606532,1.740735412
1.033530954,1.737032056
1.0333792,1.73736167
1.033306959,1.733895659
1.033366326,1.727624893
1.033263686,1.730218768
1.033106568,1.730603099
1.033012512,1.726168275
1.032949212,1.719166994
1.032957199,1.716828227
1.032860163,1.717957258
1.032791021,1.71517539
1.032775167,1.709564567
1.032616738,1.711766362
1.032560471,1.708292127
1.0324866799999999,1.702962756
1.032431725,1.70315218
1.032349589,1.699323058
1.032315496,1.692796111
1.032198313,1.694678187
1.032183412,1.691577911
1.032094482,1.689276218
1.032046559,1.688099027
1.031896356,1.687531829
1.031838301,1.680968404
1.031858447,1.68196559
1.031728867,1.678329706
1.031632665,1.678702712
1.031563523,1.676326394
1.031505945,1.673790574
1.0314374,1.670838118
1.031285527,1.668801785
1.031289104,1.666000843
1.031249765,1.664843202
1.031195882,1.657957077
1.03107262,1.656297088
1.030980709,1.657553315
1.030943397,1.650109649
1.030835393,1.646770716
1.030758742,1.652073026
1.030646566,1.646796584
1.030585411,1.6427145
1.030550006,1.636894941
1.03051782,1.639850974
1.030422929,1.63671577
1.030385974,1.628993273
1.0302704599999999,1.628422022
1.0302146699999999,1.629527569
1.030051711,1.624243975
1.029957655,1.621509433
1.029942039,1.616848469
1.029831055,1.614109993
1.029816154,1.613669515
1.029804829,1.613450885
1.029715183,1.606616855
1.029642466,1.606055379
1.029536966,1.606532454
1.029487613,1.599922657
1.029478076,1.598912001
1.0294063119999999,1.598107815
1.029273275,1.597420812
1.029255751,1.593633652
1.029262307,1.586755872
1.02927697,1.588923216
1.029152635,1.584338665
1.0291072159999999,1.581354737
1.029141429,1.578002214
1.0291432169999999,1.578230619
1.029063109,1.576793671
1.0290312799999999,1.575003505
1.02906585,1.569433689
1.029154304,1.567884564
1.029109004,1.56648767
1.029162172,1.56592083
1.029222611,1.558635473
1.029327276,1.560402393
1.029268506,1.558656931
1.029424313,1.55521059
1.029404762,1.552535772
1.029435161,1.552103877
1.029448989,1.547982931
1.029463652,1.544585228
1.029482129,1.541295409
1.0294555459999999,1.546891689
1.029448512,1.541609764
1.029495242,1.533504009
1.029565218,1.533345819
1.029542092,1.535894752
1.029510263,1.52884233
1.029442194,1.528507829
1.029439095,1.525588155
1.029405955,1.520673394
1.029334667,1.522338986
1.029257181,1.52078414
1.029260042,1.515507936
1.029243949,1.511204958
1.029193166,1.508473754
1.029183272,1.508687615
1.029105666,1.507116795
1.029064301,1.505858183
1.029001597,1.500220299
1.0289377,1.500603318
1.028924349,1.495374084
1.028882268,1.496511579
1.028877738,1.494972229
1.028844598,1.490959048
1.028895023,1.486635327
1.028884771,1.486660838
1.028812531,1.485210419
1.028803352,1.483420491
1.028673771,1.479399443
1.028581741,1.4772681
1.028495792,1.47710526
1.028452757,1.477164865
1.028442267,1.471497059
1.028394702,1.466885448
1.028391603,1.470125675
1.028303865,1.464985728
1.028381589,1.457338929
1.028291348,1.458030105
1.028256181,1.46166873
1.028217319,1.455636144
1.02813423,1.447594047
1.028114679,1.451902986
1.02804673,1.449995875
1.027977231,1.446762443
1.028011325,1.438421607
1.02791405,1.441590667
1.027794245,1.441681385
1.027776244,1.435046434
1.027705076,1.43359983
1.027624968,1.435137153
1.027547839,1.429686785
1.02745879,1.425606251
1.027417305,1.424453616
1.027383569,1.425971031
1.02735925,1.421782613
1.027238491,1.417953491
1.027217749,1.414811492
1.027202252,1.415507555
1.027082208,1.414202213
1.027032855,1.410895705
1.026985171,1.4074893
1.026865128,1.406413674
1.026806358,1.405628085
1.026739958,1.402860284
1.026655796,1.398599625
1.02657676,1.396459103
1.026537541,1.393833756
1.026442769,1.392900109
1.026376727,1.389774203
1.026324871,1.38682282
1.026275161,1.386249065
1.026170734,1.382803917
1.026141527,1.38024354
1.026081088,1.380423665
1.0259316,1.379784465
1.025931838,1.373765588
1.025856856,1.37230885
1.025782588,1.37028265
1.025715354,1.370273352
1.02571595,1.369287014
1.02556372,1.364671588
1.025506738,1.363706112
1.025463703,1.362718582
1.02544308,1.362490058
1.025326374,1.359147072
1.025282863,1.35592854
1.025263909,1.353089929
1.02517176,1.351904035
1.025125149,1.351302624
1.025089267,1.34637332
1.025088432,1.344718099
1.025033239,1.345247984
1.02501941,1.34100759
1.024967435,1.338074327
1.024906519,1.338546276
1.024886969,1.337295055
1.024897698,1.333621264
1.024848822,1.329945803
1.024803641,1.329611421
1.0247902899999999,1.328444362
1.02468634,1.324862361
1.024632695,1.324486017
1.024621013,1.323977828
1.024563912,1.31786859
1.024560812,1.317708135
1.024481538,1.317242265
1.024483326,1.3136096
1.024428251,1.313328743
1.024330261,1.311224699
1.024320486,1.306942463
1.024231795,1.306978941
1.024174693,1.302992582
1.024138096,1.298990965
1.024056557,1.300897837
1.02405465,1.298353672
1.023980024,1.295351863
1.023933652,1.294147372
1.023943427,1.289853692
1.023793224,1.292166352
1.023753408,1.291500092
1.023699287,1.286444664
1.023617271,1.283881783
1.023621562,1.283504605
1.023520592,1.28417325
1.02351177,1.27900517
1.023456576,1.277824163
1.023390773,1.275127172
1.023335341,1.273182631
1.02326,1.272063255
1.023246887,1.268975735
1.023165706,1.2701931
1.023070577,1.270012498
1.023025754,1.263941169
1.022996667,1.262251735
1.022990826,1.262312174
1.022829059,1.26158464
1.02277768,1.255706072
1.02275801,1.251178503
1.022629502,1.255840778
1.022644165,1.25248313
1.0225380689999999,1.250516534
1.022452238,1.250094414
1.0223395849999999,1.243569136
1.022322777,1.243776798
1.02220178,1.238576531
1.022186044,1.239100695
1.022118929,1.23651123
1.022136334,1.236746192
1.022043231,1.233578086
1.021929386,1.231621861
1.021937493,1.227928758
1.021819952,1.229856133
1.021788839,1.228294492
1.02165294,1.223898649
1.021610144,1.223639965
1.021555069,1.219282985
1.021550062,1.218006134
1.021407488,1.218248129
1.021322134,1.216957688
1.021121982,1.211482644
1.021035436,1.211865306
1.020858648,1.214489818
1.020756605,1.208328605
1.02064133,1.203203559
1.020486477,1.205932736
1.020429137,1.203927755
1.020338538,1.199365616
1.020174745,1.195434213
1.0200915369999999,1.194660664
1.019912961,1.195498943
1.01977742,1.188852429
1.019657376,1.191024899
1.019610766,1.188836217
1.019509795,1.183431864
1.0193794999999999,1.184547782
1.019286993,1.18226862
1.0192053349999999,1.178119063
1.019090298,1.176544189
1.019023064,1.175004125
1.018867019,1.174920201
1.018812779,1.172733545
1.018621209,1.168501973
1.018538001,1.16696167
1.018469813,1.167172313
1.018330219,1.162763596
1.018199566,1.162187696
1.018181804,1.161453962
1.01799846,1.156662583
1.017966393,1.153004527
1.017923716,1.155139565
1.017888907,1.150439262
1.017753485,1.148705482
1.017640474,1.150504589
1.017617109,1.144405842
1.017537716,1.143737674
1.017371061,1.142338753
1.017266873,1.137656927
1.017178777,1.137573004
1.017088535,1.134368539
1.017014387,1.134055376
1.016903165,1.131606102
1.016791585,1.12887609
1.0166494879999999,1.127194166
1.016537192,1.126219153
1.016538385,1.121146321
1.016360644,1.12426722
1.016240838,1.116998792
1.016239765,1.114298701
1.016141775,1.116830349
1.016105655,1.113168597
1.015936616,1.110959411
1.015900376,1.108842134
1.015808705,1.105691314
1.015737179,1.106563449
1.015619877,1.103972793
1.015515688,1.0995574
1.015525225,1.097576737
1.015435579,1.099022627
1.015298846,1.095395207
1.0152971769999999,1.092951298
1.01518226,1.091480851
1.015046719,1.08898294
1.015059117,1.090239763
1.014953616,1.084850192
1.014870647,1.081104517
1.014771584,1.083328366
1.014684799,1.079747915
1.014631394,1.077522397
1.014605406,1.076766491
1.014492515,1.07529521
1.014347437,1.075299621
1.014319304,1.071302056
1.014299396,1.070365787
1.014199618,1.069657803
1.014145854,1.063847542
1.014013055,1.065136909
1.013962868,1.06507349
1.01387668,1.062971115
1.01380277,1.059373021
1.013768557,1.057586432
1.013732079,1.054305196
1.013581041,1.053426147
1.013476613,1.051139712
1.013471249,1.047464132
1.013364437,1.047426701
1.013247255,1.046656013
1.013191941,1.04231298
1.013094667,1.041481256
1.01303542,1.037908077
1.012979868,1.037617803
1.0128817589999999,1.035179853
1.01279116,1.03070426
1.01279569,1.032650232
1.012769702,1.030250669
1.012639406,1.026237607
1.012570027,1.026748061
1.012594226,1.025514245
1.012474898,1.022807002
1.012414458,1.022850156
1.012405637,1.019869208
1.012302163,1.017998099
1.012255433,1.014813542
1.012279752,1.013860583
1.012175682,1.010341644
1.012146834,1.00877738
1.012123111,1.008882642
1.012054923,1.007382751
1.011965516,1.002826333
1.011872295,0.999349296
1.01185489,1.001063824
1.011878851,1.000125408
1.011747363,0.99655062
1.01172674,0.994378626
1.011676195,0.992524862
1.011578921,0.989275455
1.011572722,0.991757095
1.011506084,0.988377273
1.0114710359999999,0.983949542
1.011430028,0.98340404
1.011348608,0.982156396
1.011320832,0.982260287
1.011373881,0.978366673
1.011295798,0.975240529
1.011221531,0.97454834
1.011193398,0.971057475
1.011155728,0.968705356
1.011104706,0.968122363
1.011065009,0.965846896
1.010969523,0.961679339
1.010949972,0.961855471
1.0109216,0.960232377
1.010861877,0.95715934
1.010762337,0.957097471
1.010786656,0.952627659
1.010749224,0.953319907
1.010680679,0.950363159
1.010682943,0.945573866
1.010619047,0.947464943
1.010510448,0.945554674
1.01044071,0.94164896
1.010452154,0.939145565
1.010399106,0.935483336
1.010358813,0.937161624
1.01035786,0.933175266
1.010334376,0.929980218
1.010280255,0.929741681
1.01024473,0.926652074
1.010130647,0.922989249
1.010155204,0.925053418
1.01007295,0.922350526
1.0100222859999999,0.917092323
1.010012034,0.9176808
1.009913686,0.915031314
1.009924415,0.912707448
1.009907964,0.912558496
1.009907964,0.90691644
1.009862307,0.906440198
1.009836081,0.904819489
1.009829167,0.900173128
1.009803298,0.900834978
1.009823921,0.895834208
1.009787205,0.896134138
1.009707573,0.894126296
1.009746078,0.888095498
1.009722474,0.88804847
1.009643438,0.887659729
1.009636644,0.883864939
1.009631637,0.880474985
1.009649995,0.882978976
1.009584072,0.88233012
1.009590152,0.879311681
1.009620193,0.87435621
1.00954223,0.873511374
1.009573939,0.872369051
1.0095671449999999,0.868125379
1.0094419749999999,0.866393387
1.0094111,0.868454039
1.009402636,0.861560822
1.009372595,0.860290587
1.009314302,0.858759046
1.009312394,0.856173754
1.009336951,0.855262637
1.009240988,0.850325167
1.009210113,0.84896481
1.009075645,0.849949062
1.009162787,0.844219983
1.009063128,0.847022772
1.009041312,0.843022406
1.008973721,0.840612173
1.00894523,0.8375687
1.008981827,0.839078009
1.008842948,0.835048318
1.0088305499999999,0.833328187
1.008928064,0.830676675
1.008857015,0.828641593
1.008720401,0.82943809
1.008698228,0.825838149
1.008858326,0.818942904
1.008705857,0.820981145
1.008619669,0.820886016
1.008591655,0.814857543
1.008632544,0.813834608
1.008589271,0.81413728
1.0085401569999999,0.810694098
1.008512142,0.80749166
1.008513811,0.80627954
1.008432511,0.807992578
1.008436921,0.802259386
1.008507612,0.800400674
1.008373264,0.798629701
1.008319619,0.798847556
1.008351806,0.792882979
1.008277658,0.791792929
1.008227471,0.791669607
1.008239272,0.791004956
1.008222225,0.786630034
1.008174899,0.787131429
1.008156899,0.782677233
1.008150819,0.7841838
1.008054379,0.779313564
1.008029345,0.782045782
1.008016112,0.774386048
1.007921222,0.774217665
1.0078661469999999,0.775415063
1.007794026,0.770208716
1.00778282,0.767066658
1.007741097,0.76862812
1.007694605,0.767607093
1.007647279,0.763471067
1.007628921,0.761710346
1.007575634,0.76214987
1.007459286,0.759229541
1.007428172,0.755455256
1.007400396,0.755346596
1.007236365,0.754539728
1.007250908,0.749017537
1.007180217,0.749416053
1.007162097,0.748013675
1.007046583,0.746129334
1.006984118,0.74183768
1.006952408,0.74293524
1.006850842,0.740684748
1.006761435,0.739947021
1.006700876,0.736057401
1.006635192,0.735258043
1.006528857,0.733154655
1.006443146,0.733013093
1.006442192,0.729559898
1.006338719,0.731189072
1.006300691,0.72427845
1.00620437,0.725390255
1.006199601,0.721814275
1.006138209,0.719438434
1.006072047,0.718428254
1.006016973,0.714979827
1.005983594,0.711665273
1.005927327,0.714178443
1.005790237,0.709246814
1.005717877,0.707878292
1.005620602,0.706326187
1.005604866,0.70682919
1.005540612,0.705402076
1.005473855,0.703679085
1.005364183,0.701065958
1.005335334,0.699457705
1.005290273,0.696175933
1.005190733,0.694240391
1.005194905,0.693872631
1.005056623,0.689808667
1.005028728,0.688144684
1.004990342,0.690961421
1.0050202639999999,0.679983735
1.004996184,0.683083177
1.004870179,0.681849062
1.004957441,0.678038716
1.004837039,0.676705897
1.004809025,0.673733056
1.004768613,0.67452246
1.004815701,0.671869874
1.004699829,0.670141816
1.00474036,0.668676078
1.004680398,0.665848494
1.004556778,0.665656984
1.004615787,0.660381496
1.004547599,0.66282028
1.004507068,0.655995965
1.004533294,0.655501127
1.004606488,0.653831124
1.0045181539999999,0.651764393
1.004559997,0.650458694
1.004540566,0.647704244
1.0045177969999999,0.643303275
1.004558685,0.644004524
1.004545453,0.641735554
1.004475358,0.64197737
1.004526737,0.638878047
1.004492167,0.634213865
1.004389647,0.634944022
1.004344109,0.633310616
1.004397634,0.6265257
1.004355195,0.629064679
1.004367951,0.623954177
1.004387501,0.622086585
1.004352453,0.623367548
1.004244211,0.619641185
1.004189613,0.617554486
1.004093412,0.613645613
1.003981116,0.613468647
1.003990534,0.610910952
1.003891948,0.608419478
1.003837946,0.606967866
1.003759387,0.606200516
1.003648999,0.603164315
1.003628495,0.598685801
1.003522995,0.600729287
1.003551009,0.594118357
1.003432635,0.591929734
1.003349069,0.593223989
1.003262165,0.588293433
1.003198031,0.585802555
1.003051165,0.586580813
1.002969983,0.580558896
1.002847317,0.581578374
1.002735022,0.577205002
1.00266147,0.577565491
1.002636674,0.573599875
1.002484325,0.568770766
1.002349141,0.566306293
1.002297404,0.564749777
1.002171281,0.561526954
1.002028587,0.559729576
1.001959088,0.558948517
1.001881483,0.558996439
1.001718643,0.553947985
1.001613382,0.55479759
1.001510504,0.547689199
1.001397374,0.546536863
1.001346353,0.547123373
1.001186851,0.542903185
1.001023892,0.540722489
1.00096381,0.540170729
1.00084019,0.537360072
1.000720981,0.534765244
1.000611785,0.528939605
1.000424627,0.53025651
1.000309709,0.524845064
1.000169161,0.523616731
0.9999768760000001,0.522264004
0.999851826,0.520713866
0.999671403,0.514652193
0.999574724,0.515924156
0.999458495,0.511657596
0.999217871,0.511452138
0.99909735,0.506953239
0.998908165,0.507408023
0.998672846,0.503731787
0.998602214,0.49784258
0.998461309,0.49492237
0.998341325,0.497628272
0.998156849,0.489073396
0.9980406199999999,0.491171122
0.997881654,0.487989306
0.9977428349999999,0.484529614
0.997624281,0.481475621
0.997495773,0.481099844
0.997374418,0.47537607
0.997099105,0.472908586
0.997037831,0.470218301
0.996901217,0.467980385
0.9967830209999999,0.465597272
0.9966736469999999,0.4639512
0.99650127,0.460021436
0.996362034,0.459175885
0.996234182,0.45482415
0.996047679,0.45282355
0.9958902629999999,0.451392412
0.995808008,0.446239054
0.995636228,0.444450736
0.995468739,0.448543757
0.995324138,0.43924737
0.995215717,0.439128608
0.995125297,0.438763887
0.994836631,0.435206562
0.9948110609999999,0.431072354
0.994630221,0.430904299
0.9944950969999999,0.428065956
0.994301441,0.429587305
0.994254234,0.420943797
0.994058493,0.423331678
0.993918541,0.419391334
0.993789199,0.417301714
0.99366546,0.417137176
0.9935284289999999,0.416319519
0.9932731419999999,0.408599794
0.9931972649999999,0.408395857
0.992998007,0.405917078
0.992834333,0.403602362
0.99270803,0.40245232
0.992476228,0.401577979
0.992320719,0.396651149
0.992186371,0.394985348
0.992045763,0.393564254
0.991954091,0.391790092
0.99182612,0.387665361
0.991615477,0.386093259
0.991470996,0.382863939
0.991338375,0.381452382
0.991172376,0.377925932
0.991072896,0.380048811
0.990908566,0.374429911
0.99078441,0.374224335
0.990616503,0.369849652
0.990499917,0.368218184
0.990364495,0.367235154
0.990252498,0.36603111
0.9900922209999999,0.361480594
0.98989034,0.360987902
0.989798787,0.358273536
0.989640716,0.35749045
0.98956323,0.354433775
0.989493611,0.351724863
0.9893020419999999,0.350022018
0.989153925,0.349412769
0.989032689,0.345689178
0.9888845119999999,0.346401006
0.988748792,0.342562109
0.988681617,0.340936244
0.988563302,0.338738561
0.988408926,0.338019907
0.988282922,0.334294468
0.988145295,0.333220929
0.988068107,0.329237431
0.987892869,0.329284102
0.987842384,0.327508867
0.987729493,0.324518114
0.987657967,0.321507633
0.98748863,0.320981383
0.987365249,0.317413509
0.987281087,0.317810327
0.987185779,0.313584059
0.987136009,0.314552069
0.987034443,0.310755759
0.986934546,0.309820145
0.98682541,0.305242211
0.9867406519999999,0.304219931
0.986737195,0.302010745
0.986583653,0.299722224
0.986559871,0.295440614
0.986390713,0.293360174
0.986413363,0.29135415
0.9862897429999999,0.289616138
0.986247483,0.283575237
0.986130121,0.286020756
0.986085001,0.280992031
0.985990408,0.279386342
0.985910895,0.279440999
0.985833231,0.278241068
0.985708895,0.274927557
0.985691968,0.273809075
0.985555831,0.271290451
0.985496405,0.268857509
0.9854278,0.266695589
0.985328797,0.267093062
0.985248449,0.262394398
0.985133949,0.263886273
0.98504633,0.261584491
0.985057297,0.26178208
0.984961513,0.253622591
0.984899464,0.253838658
0.984893444,0.252669871
0.984822097,0.248259261
0.98476595,0.247608468
0.984696868,0.246724352
0.984653118,0.242198855
0.984644058,0.242641345
0.984531882,0.237122089
0.984531167,0.239086658
0.984402004,0.237102821
0.984380546,0.236681238
0.984287742,0.234147564
0.984230045,0.232559547
0.984191182,0.2292476
0.984149995,0.233009785
0.984059635,0.227942809
0.983970109,0.225211263
0.983918312,0.224230096
0.983869496,0.223062575
0.983763459,0.2215188
0.983697596,0.221879229
0.983600441,0.220813096
0.983592871,0.217807457
0.983477476,0.216825545
0.983495656,0.216465533
0.983357075,0.215214461
0.983331743,0.212899566
0.983263257,0.211866349
0.983167473,0.212607846
0.983173314,0.206408173
0.983087543,0.205142349
0.983085576,0.208263129
0.983003739,0.204623759
0.982960883,0.205512092
0.982972208,0.203490451
0.982875708,0.202549577
0.982958439,0.199179843
0.982882145,0.198134094
0.982935074,0.198717207
0.982779208,0.198103711
0.98277134,0.193616197
0.982751551,0.193384171
0.982730749,0.192741871
0.982676688,0.191910729
0.9826223279999999,0.190615341
0.982509258,0.189756691
0.982433561,0.187353164
0.982458773,0.186641172
0.982381168,0.185685724
0.982363763,0.184640065
0.982340756,0.185696706
0.982296291,0.182139993
0.982284012,0.18209213
0.982234481,0.181388915
0.982232633,0.177890018
0.982111517,0.177915663
0.982107583,0.176418424
0.982057813,0.173490182
0.982153955,0.175150543
0.982067171,0.173483849
0.982071701,0.170689374
0.982112888,0.170194089
0.9820533419999999,0.170122921
0.982101384,0.170030564
0.982069078,0.167706892
0.982168081,0.166219935
0.982161108,0.164827928
0.982184592,0.166215852
0.982286695,0.163876757
0.982272807,0.164948553
0.982286456,0.161198243
0.9822641049999999,0.161387116
0.982342425,0.158967108
0.982351008,0.157277942
0.982417408,0.15458253
0.982487503,0.157117411
0.982534412,0.154573858
0.9825577169999999,0.151655719
0.982636455,0.155884713
0.982750061,0.150396362
0.982829455,0.153139308
0.982895318,0.149653316
0.98285735,0.149413109
0.982984188,0.148451075
0.983068052,0.14839375
0.983157936,0.148216844
0.983236137,0.147047594
0.983290377,0.145537794
0.983402553,0.143182456
0.983548883,0.141619697
0.983666065,0.141545132
0.983739737,0.139514297
0.98394877,0.140288472
0.9839973479999999,0.136629805
0.98397148,0.136435628
0.984060589,0.136081547
0.98409051,0.136379391
0.984157982,0.13555561
0.984114888,0.13347441
0.9842922119999999,0.133592561
0.9842519789999999,0.134526446
0.9843109879999999,0.131637618
0.984346035,0.131561071
0.984391573,0.131398439
0.984431806,0.128732368
0.984467152,0.127856195
0.984531346,0.128778622
0.984589699,0.127125368
0.984538081,0.128771514
0.984569135,0.126563281
0.984578076,0.123597711
0.984665158,0.123253509
0.984714809,0.1241946
0.984748009,0.12197639
0.984755519,0.123063818
0.984823111,0.120878763
0.984752539,0.120939866
0.984792355,0.118471645
0.984843019,0.118161604
0.984812441,0.118597455
0.984817925,0.114092983
0.984865013,0.113866642
0.984929147,0.113318272
0.984856847,0.113818206
0.984902266,0.111765519
0.984923068,0.112257086
0.984937611,0.11234805
0.984944585,0.112645432
0.98497552,0.109384723
0.9849672349999999,0.109027967
0.9849270019999999,0.107801788
0.984937552,0.106145285
0.984956029,0.105672181
0.984941784,0.10483405
0.9849237829999999,0.103153579
0.984863165,0.102064632
0.984925094,0.103325486
0.984838906,0.103074886
0.984927836,0.102574736
0.984843794,0.100963235
0.98491067,0.100351043
0.9849031,0.098779485
0.984875265,0.09905193
0.984873953,0.096933439
0.984837654,0.097961761
0.98491365,0.095026679
0.984919849,0.094758473
0.984924856,0.09345296
0.984877887,0.093318045
0.984994534,0.092648923
0.984904352,0.091543123
0.984883967,0.090038531
0.984830442,0.091342859
0.984832528,0.08870285
0.984924558,0.087349586
0.984848323,0.090216286
0.984870377,0.089069471
0.984805885,0.086425059
0.984896007,0.086041279
0.984834674,0.082878634
0.984816554,0.083631597
0.984793487,0.082280986
0.9848222169999999,0.082511716
0.9848300249999999,0.083374277
0.984777334,0.07911095
0.984733287,0.078912392
0.984724823,0.081000917
0.9847675,0.076840043
0.984760585,0.075535975
0.984674278,0.077183701
0.9847139149999999,0.072463885
0.98464829,0.074578837
0.9846370249999999,0.075203463
0.984452668,0.073406778
0.984427217,0.072631389
0.9844067129999999,0.071178429
0.984387997,0.071388721
0.984317961,0.069820255
0.9842337999999999,0.070653886
0.984240058,0.067399159
0.984113398,0.070456438
0.984191719,0.067352898
0.984013143,0.069217764
0.983962002,0.069376275
0.9838848139999999,0.064544
0.983813587,0.064059958
0.983822289,0.064363182
0.983635429,0.063272692
0.983622912,0.061248176
0.98357189,0.060680564
0.983546022,0.06016206
0.98349655,0.058153309
0.983607712,0.054476224
0.983636263,0.05506359
0.9835198549999999,0.055964474
0.983601633,0.051824901
0.983539227,0.053192195
0.983575884,0.054504927
0.983437362,0.051566269
0.983516696,0.052270241
0.983476701,0.051345743
0.983435157,0.04884145
0.983440879,0.048231736
0.983318213,0.048725765
0.9834874299999999,0.047709011
0.983357433,0.048204497
0.983323398,0.045988359
0.98326433,0.046660032
0.983341876,0.046926044
0.983322445,0.043670904
0.98324019,0.046675801
0.983243588,0.04444357
0.983136538,0.047043625
0.983198705,0.046054043
0.983010057,0.042803299
0.982968929,0.04375973
0.982926133,0.042686161
0.982774499,0.041219369
0.9827894,0.042731516
0.982537213,0.041202366
0.982565823,0.041690946
0.982388619,0.040091012
0.98227537,0.038281806
0.9821547899999999,0.038143687
0.982033733,0.037051208
0.982012096,0.035012957
0.981850806,0.037883874
0.981791738,0.038178422
0.981548014,0.035366666
0.9814762499999999,0.036080934
0.981290403,0.036477003
0.981186631,0.034119237
0.981019023,0.032667059
0.980904284,0.032974083
0.980876091,0.031126786
0.980606321,0.031659361
0.980566445,0.029521964
0.980370942,0.032917861
0.9802451759999999,0.030947203
0.980084839,0.028650273
0.979938629,0.029266046
0.9797605309999999,0.028133558
0.979485217,0.027603956
0.9793777499999999,0.027124826
0.979237202,0.026369713
0.9791380199999999,0.025690759
0.979021433,0.025887057
0.978811505,0.027254676
0.9786436589999999,0.027660744
0.978424314,0.024810333
0.9782696399999999,0.027753836
0.978026989,0.022908837
0.977991882,0.022422083
0.977666262,0.020494552
0.977588239,0.020509545
0.977528337,0.016510535
0.9773724109999999,0.016559647
0.977253142,0.018165123
0.977133277,0.015799692
0.977085951,0.014624362
0.976899686,0.015968878
0.976785544,0.012129321
0.976615134,0.014201052
0.976413372,0.012996249
0.976334277,0.014440722
0.976109985,0.008085405
0.97601867,0.012268629
0.975732508,0.010704844
0.97565687,0.013703381
0.975473347,0.009529731
0.97545791,0.010107652
0.975340429,0.009781865
0.975115362,0.007925654
0.975009206,0.01065275
0.97478247,0.009290676
0.974766198,0.006635165
0.974537137,0.005408373
0.974581483,0.004382178
0.9744179279999999,0.006928362
0.974273983,0.008245994
0.9741882119999999,0.005874237
0.974001291,0.003297492
0.973926964,0.004104327
0.973826471,0.003558524
0.973762396,0.007035487
0.973693135,0.006245555
0.97369248,0.002527627
0.973622325,0.003474633
0.97343612,0.005333315
0.973498109,0.000248881
0.973378423,0.005684643
0.973362151,0.003312225
0.973310235,0.003860638
0.973385873,-0.000417178
0.973269287,0.002858439
0.973257902,0.000184599
0.973276261,0.002510638
0.973170939,0.000285145
0.973252478,0.001007596
0.9732205899999999,-0.001731699
0.973296884,2.27e-05
0.97322357,0.001108572
0.973369125,-0.000640444
0.973361316,-0.003389512
0.973296645,-0.001445112
0.973347369,-0.001617658
0.973309341,-0.000591512
0.973370436,-0.001312356
0.973474565,0.000224977
0.973578158,-0.003579741
0.973408166,-0.001371429
0.973399702,-0.00262232
0.9734985859999999,-0.002357946
0.9734717039999999,-0.006498527
0.97349346,-0.001360699
0.973389152,-0.002980031
0.973428074,-0.002707486
0.973326567,-0.005835507
0.973353925,-0.004334563
0.9734103709999999,-0.006191885
0.973318639,-0.002250923
0.973494235,-0.00462273
0.973469201,-0.005301144
0.97348434,-0.003856453
0.973310831,-0.002674176
0.9732494979999999,-0.005155654
0.973233822,-0.003946594
0.973215941,-0.005341076
0.973417106,-0.003721471
0.97345579,-0.005672448
0.973489049,-0.004546877
0.973166946,-0.006188032
0.973190728,-0.004936606
0.9731557399999999,-0.00777118
0.973392072,-0.005863807
0.973354402,-0.007427472
0.973145011,-0.006679284
0.9731991919999999,-0.006387849
0.973018768,-0.004949208
0.973178628,-0.005582642
0.973067585,-0.005328616
0.973277035,-0.00647375
0.973238054,-0.004846668
0.973139051,-0.008290569
0.973240617,-0.004959775
0.973176602,-0.004466595
0.973200265,-0.006446159
0.973150912,-0.007639681
0.973139349,-0.004402911
0.97320545,-0.008181438
0.973211947,-0.005900308
0.973024789,-0.008145647
0.9728611739999999,-0.006917634
0.973035696,-0.009855698
0.9729517129999999,-0.004722117
0.973045054,-0.007611349
0.973160031,-0.005355458
0.972930375,-0.009474887
0.972856048,-0.006135403
0.972911301,-0.007382655
0.973061565,-0.008344616
0.972897294,-0.00701541
0.97295219,-0.004680215
0.972876075,-0.008004851
0.97301847,-0.007474063
0.973105314,-0.008305578
0.972927097,-0.008381683
0.972860697,-0.008722007
0.972725335,-0.005864571
0.972861531,-0.009433605
0.972770515,-0.008512314
0.972702983,-0.011310634
0.9728264839999999,-0.008121859
0.972796562,-0.010559354
0.972639146,-0.009302913
0.972871664,-0.009081754
0.972861055,-0.006952477
0.972940984,-0.01141376
0.97266418,-0.007857759
0.972479823,-0.010784911
0.972407225,-0.008502248
0.972250941,-0.010207625
