Chord Rotation [rads],Axial Shortening [mm]
0,2.000000e-02
0,0
0,1.000000e-02
0,0
0,2.000000e-02
0,0
0,2.000000e-02
0,1.000000e-02
0,0
0,1.000000e-02
0,1.000000e-02
0,1.000000e-02
0,0
0,2.000000e-02
0,1.000000e-02
0,0
0,1.000000e-02
0,3.000000e-02
0,1.000000e-02
0,4.000000e-02
0,1.000000e-02
0,1.000000e-02
0,2.000000e-02
0,2.000000e-02
0,2.000000e-02
0,0
0,1.000000e-02
0,0
0,-2.000000e-02
0,4.000000e-02
0,2.000000e-02
0,2.000000e-02
0,2.000000e-02
0,1.000000e-02
0,0
0,1.000000e-02
0,2.000000e-02
0,1.000000e-02
0,2.000000e-02
0,1.000000e-02
0,1.000000e-02
0,2.000000e-02
0,3.000000e-02
0,1.000000e-02
0,3.000000e-02
0,1.000000e-02
0,0
0,1.000000e-02
0,1.000000e-02
0,1.000000e-02
0,3.000000e-02
0,2.000000e-02
0,1.000000e-02
0,1.000000e-02
0,0
0,1.000000e-02
0,3.000000e-02
0,1.000000e-02
0,1.000000e-02
0,2.000000e-02
0,3.000000e-02
0,2.000000e-02
0,3.000000e-02
0,0
0,1.000000e-02
0,1.000000e-02
0,2.000000e-02
0,1.000000e-02
0,4.000000e-02
0,1.000000e-02
0,0
0,4.000000e-02
0,3.000000e-02
0,0
0,4.000000e-02
0,-1.000000e-02
0,1.000000e-02
0,4.000000e-02
0,0
0,1.000000e-02
0,2.000000e-02
0,2.000000e-02
0,2.000000e-02
0,1.000000e-02
0,2.000000e-02
0,0
0,0
0,1.000000e-02
0,0
0,1.000000e-02
0,2.000000e-02
0,2.000000e-02
0,1.000000e-02
0,4.000000e-02
0,-1.000000e-02
0,4.000000e-02
0,3.000000e-02
0,1.000000e-02
0,1.000000e-02
0,1.000000e-02
0,0
0,2.000000e-02
0,2.000000e-02
0,2.000000e-02
0,1.000000e-02
0,2.000000e-02
0,1.000000e-02
0,0
0,1.000000e-02
0,0
0,4.000000e-02
0,1.000000e-02
0,0
0,1.000000e-02
0,1.000000e-02
0,2.000000e-02
0,1.000000e-02
0,2.000000e-02
0,1.000000e-02
0,2.000000e-02
0,2.000000e-02
0,0
0,2.000000e-02
0,2.000000e-02
0,1.000000e-02
0,4.000000e-02
0,1.000000e-02
0,4.000000e-02
0,0
0,1.000000e-02
0,0
0,3.000000e-02
0,1.000000e-02
0,2.000000e-02
0,1.000000e-02
0,4.000000e-02
0,1.000000e-02
0,1.000000e-02
0,5.000000e-02
0,3.000000e-02
0,1.000000e-02
0,3.000000e-02
0,4.000000e-02
0,1.000000e-02
0,0
0,2.000000e-02
0,1.000000e-02
0,4.000000e-02
0,2.000000e-02
0,0
0,3.000000e-02
0,1.000000e-02
0,0
0,1.000000e-02
0,1.000000e-02
0,0
0,2.000000e-02
0,2.000000e-02
0,1.000000e-02
0,3.000000e-02
0,2.000000e-02
0,2.000000e-02
0,1.000000e-02
0,1.000000e-02
0,2.000000e-02
0,4.000000e-02
0,1.000000e-02
0,2.000000e-02
0,3.000000e-02
0,1.000000e-02
0,1.000000e-02
0,2.000000e-02
0,2.000000e-02
0,-1.000000e-02
0,0
0,2.000000e-02
0,2.000000e-02
0,3.000000e-02
0,0
0,0
0,1.000000e-02
0,3.000000e-02
0,2.000000e-02
0,1.000000e-02
0,2.000000e-02
0,1.000000e-02
0,1.000000e-02
0,4.000000e-02
0,2.000000e-02
0,3.000000e-02
0,3.000000e-02
0,2.000000e-02
0,3.000000e-02
0,1.000000e-02
0,1.000000e-02
0,1.000000e-02
0,1.000000e-02
0,1.000000e-02
0,1.000000e-02
0,3.000000e-02
0,0
0,1.000000e-02
0,1.000000e-02
0,0
0,0
0,1.000000e-02
0,4.000000e-02
0,0
0,1.000000e-02
0,0
0,1.000000e-02
0,2.000000e-02
0,2.000000e-02
0,1.000000e-02
0,2.000000e-02
0,1.000000e-02
0,-2.000000e-02
0,3.000000e-02
0,4.000000e-02
0,2.000000e-02
0,0
0,2.000000e-02
0,1.000000e-02
0,0
0,2.000000e-02
0,1.000000e-02
0,0
0,1.000000e-02
0,3.000000e-02
0,4.000000e-02
0,2.000000e-02
0,1.000000e-02
0,0
0,2.000000e-02
0,2.000000e-02
0,0
0,0
0,0
0,0
0,2.000000e-02
0,3.000000e-02
0,2.000000e-02
0,1.000000e-02
0,0
0,1.000000e-02
0,1.000000e-02
0,2.000000e-02
0,4.000000e-02
0,3.000000e-02
0,2.000000e-02
0,1.000000e-02
0,2.000000e-02
0,1.000000e-02
0,1.000000e-02
0,3.000000e-02
0,0
0,2.000000e-02
0,1.000000e-02
0,4.000000e-02
0,0
0,0
0,0
0,0
0,-1.000000e-02
0,-2.000000e-02
0,-3.000000e-02
0,-7.000000e-02
0,-9.000000e-02
0,-1.600000e-01
0,-1.500000e-01
0,-1.700000e-01
0,-1.600000e-01
0,-1.900000e-01
0,-2.000000e-01
0,-1.900000e-01
0,-2.100000e-01
0,-2.200000e-01
0,-2.300000e-01
0,-2.300000e-01
0,-2.400000e-01
0,-2.700000e-01
0,-3.000000e-01
0,-2.700000e-01
0,-3.100000e-01
0,-3.200000e-01
0,-3.300000e-01
0,-3.500000e-01
0,-3.400000e-01
0,-3.600000e-01
0,-3.600000e-01
0,-3.500000e-01
0,-3.400000e-01
0,-3.500000e-01
0,-3.600000e-01
0,-3.800000e-01
0,-3.800000e-01
0,-3.800000e-01
0,-3.800000e-01
0,-3.900000e-01
0,-3.800000e-01
0,-3.900000e-01
0,-4.100000e-01
0,-4.100000e-01
0,-4.100000e-01
0,-4.100000e-01
0,-4.200000e-01
0,-4.200000e-01
0,-4.600000e-01
0,-4.500000e-01
0,-4.600000e-01
0,-4.700000e-01
0,-4.800000e-01
0,-4.800000e-01
0,-5.100000e-01
0,-5.000000e-01
0,-5.100000e-01
0,-5.400000e-01
0,-5.600000e-01
0,-5.800000e-01
0,-5.600000e-01
0,-5.700000e-01
0,-5.600000e-01
0,-5.700000e-01
0,-5.900000e-01
0,-5.800000e-01
0,-5.800000e-01
0,-6.200000e-01
0,-5.900000e-01
0,-6.000000e-01
0,-5.900000e-01
0,-5.800000e-01
0,-5.800000e-01
0,-6.000000e-01
0,-6.200000e-01
0,-6.300000e-01
0,-6.200000e-01
0,-6.200000e-01
0,-6.200000e-01
0,-6.200000e-01
0,-6.500000e-01
0,-6.600000e-01
0,-6.700000e-01
0,-6.900000e-01
0,-6.900000e-01
0,-7.000000e-01
0,-7.300000e-01
0,-7.500000e-01
0,-7.400000e-01
0,-7.500000e-01
0,-7.300000e-01
0,-7.700000e-01
0,-7.600000e-01
0,-7.800000e-01
0,-7.900000e-01
0,-8.100000e-01
0,-7.900000e-01
0,-7.900000e-01
0,-7.800000e-01
0,-8.000000e-01
0,-7.900000e-01
0,-8.000000e-01
0,-7.900000e-01
0,-8.000000e-01
0,-8.200000e-01
0,-8.000000e-01
0,-8.100000e-01
0,-8.000000e-01
0,-8.200000e-01
0,-8.200000e-01
0,-8.200000e-01
0,-8.500000e-01
0,-8.000000e-01
0,-8.300000e-01
0,-8.200000e-01
0,-8.200000e-01
0,-8.600000e-01
0,-8.900000e-01
0,-8.900000e-01
0,-9.000000e-01
0,-9.100000e-01
0,-9.400000e-01
0,-9.600000e-01
0,-9.500000e-01
0,-9.800000e-01
0,-9.800000e-01
0,-9.900000e-01
0,-9.800000e-01
0,-1
0,-1.020000e+00
0,-1.020000e+00
0,-1.020000e+00
0,-1.020000e+00
0,-1.030000e+00
0,-1.040000e+00
0,-1.010000e+00
0,-1.050000e+00
0,-1.020000e+00
0,-1.050000e+00
0,-1.040000e+00
0,-1.050000e+00
0,-1.040000e+00
0,-1.030000e+00
0,-1.050000e+00
0,-1.070000e+00
0,-1.050000e+00
0,-1.030000e+00
0,-1.050000e+00
0,-1.070000e+00
0,-1.070000e+00
0,-1.050000e+00
0,-1.070000e+00
0,-1.080000e+00
0,-1.090000e+00
0,-1.100000e+00
0,-1.100000e+00
0,-1.130000e+00
0,-1.110000e+00
0,-1.120000e+00
0,-1.130000e+00
0,-1.150000e+00
0,-1.150000e+00
0,-1.160000e+00
0,-1.180000e+00
0,-1.200000e+00
0,-1.200000e+00
0,-1.220000e+00
0,-1.210000e+00
0,-1.240000e+00
0,-1.240000e+00
0,-1.230000e+00
0,-1.240000e+00
0,-1.230000e+00
0,-1.240000e+00
0,-1.260000e+00
0,-1.240000e+00
0,-1.260000e+00
0,-1.270000e+00
0,-1.270000e+00
0,-1.280000e+00
0,-1.250000e+00
0,-1.280000e+00
0,-1.270000e+00
0,-1.290000e+00
0,-1.280000e+00
0,-1.290000e+00
0,-1.310000e+00
0,-1.320000e+00
0,-1.300000e+00
0,-1.330000e+00
0,-1.310000e+00
0,-1.310000e+00
0,-1.310000e+00
0,-1.320000e+00
0,-1.320000e+00
0,-1.350000e+00
0,-1.330000e+00
0,-1.340000e+00
0,-1.340000e+00
0,-1.370000e+00
0,-1.360000e+00
0,-1.380000e+00
0,-1.400000e+00
0,-1.410000e+00
0,-1.400000e+00
0,-1.430000e+00
0,-1.430000e+00
0,-1.430000e+00
0,-1.450000e+00
0,-1.420000e+00
0,-1.440000e+00
0,-1.410000e+00
0,-1.440000e+00
0,-1.450000e+00
0,-1.460000e+00
0,-1.460000e+00
0,-1.450000e+00
0,-1.450000e+00
0,-1.470000e+00
0,-1.460000e+00
0,-1.480000e+00
0,-1.470000e+00
0,-1.480000e+00
0,-1.500000e+00
0,-1.510000e+00
0,-1.490000e+00
0,-1.490000e+00
0,-1.510000e+00
0,-1.510000e+00
0,-1.520000e+00
0,-1.520000e+00
0,-1.550000e+00
0,-1.550000e+00
0,-1.540000e+00
0,-1.570000e+00
0,-1.580000e+00
0,-1.590000e+00
0,-1.590000e+00
0,-1.600000e+00
0,-1.600000e+00
0,-1.590000e+00
0,-1.610000e+00
0,-1.640000e+00
0,-1.650000e+00
0,-1.660000e+00
0,-1.640000e+00
0,-1.650000e+00
0,-1.660000e+00
0,-1.680000e+00
0,-1.670000e+00
0,-1.650000e+00
0,-1.660000e+00
0,-1.670000e+00
0,-1.680000e+00
0,-1.670000e+00
0,-1.680000e+00
0,-1.680000e+00
0,-1.690000e+00
0,-1.660000e+00
0,-1.670000e+00
0,-1.650000e+00
0,-1.670000e+00
0,-1.670000e+00
0,-1.670000e+00
0,-1.680000e+00
0,-1.680000e+00
0,-1.670000e+00
0,-1.680000e+00
0,-1.670000e+00
0,-1.670000e+00
0,-1.690000e+00
0,-1.680000e+00
0,-1.670000e+00
0,-1.670000e+00
0,-1.680000e+00
0,-1.690000e+00
0,-1.670000e+00
0,-1.680000e+00
0,-1.670000e+00
0,-1.680000e+00
0,-1.680000e+00
0,-1.700000e+00
0,-1.660000e+00
0,-1.650000e+00
0,-1.680000e+00
0,-1.670000e+00
0,-1.680000e+00
0,-1.680000e+00
0,-1.670000e+00
0,-1.670000e+00
0,-1.690000e+00
0,-1.680000e+00
0,-1.680000e+00
0,-1.690000e+00
0,-1.680000e+00
0,-1.670000e+00
0,-1.660000e+00
0,-1.680000e+00
0,-1.680000e+00
0,-1.670000e+00
0,-1.650000e+00
0,-1.680000e+00
0,-1.690000e+00
0,-1.650000e+00
0,-1.680000e+00
0,-1.680000e+00
0,-1.670000e+00
0,-1.680000e+00
0,-1.690000e+00
0,-1.680000e+00
0,-1.690000e+00
0,-1.680000e+00
0,-1.670000e+00
0,-1.680000e+00
0,-1.670000e+00
0,-1.680000e+00
0,-1.680000e+00
0,-1.670000e+00
0,-1.670000e+00
0,-1.690000e+00
0,-1.680000e+00
0,-1.680000e+00
0,-1.680000e+00
0,-1.670000e+00
0,-1.670000e+00
0,-1.680000e+00
0,-1.680000e+00
0,-1.680000e+00
0,-1.680000e+00
0,-1.680000e+00
0,-1.670000e+00
0,-1.680000e+00
0,-1.680000e+00
0,-1.670000e+00
0,-1.670000e+00
0,-1.680000e+00
1.000000e-04,-1.680000e+00
2.000000e-04,-1.670000e+00
2.000000e-04,-1.680000e+00
2.000000e-04,-1.690000e+00
3.000000e-04,-1.690000e+00
3.000000e-04,-1.680000e+00
3.000000e-04,-1.680000e+00
4.000000e-04,-1.670000e+00
4.000000e-04,-1.670000e+00
5.000000e-04,-1.670000e+00
5.000000e-04,-1.690000e+00
6.000000e-04,-1.680000e+00
6.000000e-04,-1.690000e+00
6.000000e-04,-1.700000e+00
7.000000e-04,-1.700000e+00
7.000000e-04,-1.700000e+00
8.000000e-04,-1.680000e+00
8.000000e-04,-1.680000e+00
9.000000e-04,-1.690000e+00
9.000000e-04,-1.680000e+00
1.000000e-03,-1.720000e+00
1.000000e-03,-1.700000e+00
1.100000e-03,-1.690000e+00
1.100000e-03,-1.690000e+00
1.200000e-03,-1.690000e+00
1.200000e-03,-1.710000e+00
1.300000e-03,-1.680000e+00
1.400000e-03,-1.720000e+00
1.400000e-03,-1.710000e+00
1.400000e-03,-1.680000e+00
1.500000e-03,-1.700000e+00
1.500000e-03,-1.670000e+00
1.600000e-03,-1.700000e+00
1.700000e-03,-1.690000e+00
1.700000e-03,-1.710000e+00
1.800000e-03,-1.700000e+00
1.800000e-03,-1.700000e+00
1.900000e-03,-1.680000e+00
1.900000e-03,-1.700000e+00
2.000000e-03,-1.700000e+00
2.000000e-03,-1.700000e+00
2.100000e-03,-1.700000e+00
2.100000e-03,-1.690000e+00
2.200000e-03,-1.700000e+00
2.200000e-03,-1.710000e+00
2.300000e-03,-1.710000e+00
2.400000e-03,-1.710000e+00
2.400000e-03,-1.700000e+00
2.400000e-03,-1.690000e+00
2.500000e-03,-1.720000e+00
2.600000e-03,-1.710000e+00
2.600000e-03,-1.720000e+00
2.700000e-03,-1.700000e+00
2.700000e-03,-1.720000e+00
2.800000e-03,-1.740000e+00
2.800000e-03,-1.720000e+00
2.900000e-03,-1.730000e+00
2.900000e-03,-1.720000e+00
3.000000e-03,-1.730000e+00
3.000000e-03,-1.710000e+00
3.100000e-03,-1.710000e+00
3.100000e-03,-1.710000e+00
3.200000e-03,-1.730000e+00
3.200000e-03,-1.710000e+00
3.300000e-03,-1.710000e+00
3.300000e-03,-1.720000e+00
3.400000e-03,-1.720000e+00
3.400000e-03,-1.700000e+00
3.400000e-03,-1.720000e+00
3.400000e-03,-1.730000e+00
3.400000e-03,-1.720000e+00
3.400000e-03,-1.720000e+00
3.400000e-03,-1.710000e+00
3.400000e-03,-1.730000e+00
3.400000e-03,-1.710000e+00
3.400000e-03,-1.710000e+00
3.400000e-03,-1.740000e+00
3.400000e-03,-1.740000e+00
3.400000e-03,-1.740000e+00
3.400000e-03,-1.730000e+00
3.400000e-03,-1.740000e+00
3.400000e-03,-1.760000e+00
3.400000e-03,-1.720000e+00
3.400000e-03,-1.730000e+00
3.400000e-03,-1.740000e+00
3.400000e-03,-1.740000e+00
3.400000e-03,-1.710000e+00
3.400000e-03,-1.750000e+00
3.400000e-03,-1.740000e+00
3.400000e-03,-1.720000e+00
3.400000e-03,-1.720000e+00
3.400000e-03,-1.740000e+00
3.400000e-03,-1.750000e+00
3.400000e-03,-1.740000e+00
3.400000e-03,-1.720000e+00
3.400000e-03,-1.720000e+00
3.400000e-03,-1.720000e+00
3.400000e-03,-1.740000e+00
3.400000e-03,-1.740000e+00
3.400000e-03,-1.710000e+00
3.400000e-03,-1.720000e+00
3.400000e-03,-1.730000e+00
3.400000e-03,-1.750000e+00
3.400000e-03,-1.730000e+00
3.400000e-03,-1.720000e+00
3.400000e-03,-1.710000e+00
3.400000e-03,-1.740000e+00
3.400000e-03,-1.750000e+00
3.400000e-03,-1.750000e+00
3.300000e-03,-1.720000e+00
3.300000e-03,-1.740000e+00
3.300000e-03,-1.730000e+00
3.200000e-03,-1.710000e+00
3.200000e-03,-1.710000e+00
3.100000e-03,-1.730000e+00
3.100000e-03,-1.720000e+00
3.100000e-03,-1.710000e+00
3.000000e-03,-1.720000e+00
3.000000e-03,-1.730000e+00
2.900000e-03,-1.740000e+00
2.900000e-03,-1.730000e+00
2.900000e-03,-1.730000e+00
2.800000e-03,-1.720000e+00
2.800000e-03,-1.720000e+00
2.700000e-03,-1.720000e+00
2.700000e-03,-1.740000e+00
2.700000e-03,-1.710000e+00
2.600000e-03,-1.720000e+00
2.600000e-03,-1.750000e+00
2.500000e-03,-1.710000e+00
2.500000e-03,-1.730000e+00
2.400000e-03,-1.720000e+00
2.400000e-03,-1.750000e+00
2.300000e-03,-1.710000e+00
2.300000e-03,-1.730000e+00
2.200000e-03,-1.720000e+00
2.200000e-03,-1.740000e+00
2.200000e-03,-1.740000e+00
2.100000e-03,-1.740000e+00
2.000000e-03,-1.740000e+00
2.000000e-03,-1.750000e+00
1.900000e-03,-1.750000e+00
1.900000e-03,-1.750000e+00
1.900000e-03,-1.720000e+00
1.800000e-03,-1.720000e+00
1.700000e-03,-1.730000e+00
1.700000e-03,-1.710000e+00
1.600000e-03,-1.730000e+00
1.600000e-03,-1.720000e+00
1.600000e-03,-1.740000e+00
1.500000e-03,-1.750000e+00
1.400000e-03,-1.720000e+00
1.400000e-03,-1.720000e+00
1.300000e-03,-1.740000e+00
1.300000e-03,-1.740000e+00
1.300000e-03,-1.750000e+00
1.200000e-03,-1.750000e+00
1.100000e-03,-1.730000e+00
1.100000e-03,-1.740000e+00
1.000000e-03,-1.730000e+00
1.000000e-03,-1.740000e+00
1.000000e-03,-1.730000e+00
9.000000e-04,-1.710000e+00
9.000000e-04,-1.720000e+00
8.000000e-04,-1.740000e+00
7.000000e-04,-1.740000e+00
7.000000e-04,-1.720000e+00
6.000000e-04,-1.730000e+00
6.000000e-04,-1.700000e+00
5.000000e-04,-1.750000e+00
5.000000e-04,-1.740000e+00
4.000000e-04,-1.720000e+00
4.000000e-04,-1.720000e+00
3.000000e-04,-1.740000e+00
3.000000e-04,-1.750000e+00
2.000000e-04,-1.720000e+00
1.000000e-04,-1.750000e+00
1.000000e-04,-1.730000e+00
1.000000e-04,-1.710000e+00
0,-1.730000e+00
-1.000000e-04,-1.730000e+00
-1.000000e-04,-1.710000e+00
-2.000000e-04,-1.720000e+00
-2.000000e-04,-1.710000e+00
-3.000000e-04,-1.750000e+00
-3.000000e-04,-1.720000e+00
-4.000000e-04,-1.700000e+00
-4.000000e-04,-1.720000e+00
-5.000000e-04,-1.730000e+00
-5.000000e-04,-1.710000e+00
-6.000000e-04,-1.740000e+00
-7.000000e-04,-1.730000e+00
-7.000000e-04,-1.740000e+00
-8.000000e-04,-1.740000e+00
-8.000000e-04,-1.720000e+00
-9.000000e-04,-1.720000e+00
-9.000000e-04,-1.740000e+00
-1.000000e-03,-1.720000e+00
-1.000000e-03,-1.720000e+00
-1.100000e-03,-1.740000e+00
-1.100000e-03,-1.740000e+00
-1.200000e-03,-1.730000e+00
-1.300000e-03,-1.740000e+00
-1.300000e-03,-1.720000e+00
-1.400000e-03,-1.710000e+00
-1.400000e-03,-1.730000e+00
-1.500000e-03,-1.730000e+00
-1.500000e-03,-1.720000e+00
-1.600000e-03,-1.710000e+00
-1.600000e-03,-1.720000e+00
-1.700000e-03,-1.730000e+00
-1.700000e-03,-1.720000e+00
-1.800000e-03,-1.710000e+00
-1.800000e-03,-1.730000e+00
-1.900000e-03,-1.730000e+00
-2.000000e-03,-1.710000e+00
-2.000000e-03,-1.710000e+00
-2.000000e-03,-1.710000e+00
-2.100000e-03,-1.720000e+00
-2.200000e-03,-1.720000e+00
-2.200000e-03,-1.720000e+00
-2.300000e-03,-1.740000e+00
-2.300000e-03,-1.730000e+00
-2.400000e-03,-1.740000e+00
-2.400000e-03,-1.720000e+00
-2.500000e-03,-1.720000e+00
-2.500000e-03,-1.710000e+00
-2.600000e-03,-1.700000e+00
-2.600000e-03,-1.720000e+00
-2.700000e-03,-1.710000e+00
-2.800000e-03,-1.730000e+00
-2.800000e-03,-1.720000e+00
-2.900000e-03,-1.730000e+00
-2.900000e-03,-1.730000e+00
-3.000000e-03,-1.710000e+00
-3.000000e-03,-1.720000e+00
-3.100000e-03,-1.720000e+00
-3.100000e-03,-1.700000e+00
-3.200000e-03,-1.720000e+00
-3.200000e-03,-1.710000e+00
-3.300000e-03,-1.720000e+00
-3.400000e-03,-1.700000e+00
-3.400000e-03,-1.730000e+00
-3.500000e-03,-1.710000e+00
-3.400000e-03,-1.720000e+00
-3.400000e-03,-1.710000e+00
-3.400000e-03,-1.720000e+00
-3.500000e-03,-1.700000e+00
-3.500000e-03,-1.730000e+00
-3.500000e-03,-1.720000e+00
-3.500000e-03,-1.700000e+00
-3.500000e-03,-1.710000e+00
-3.500000e-03,-1.710000e+00
-3.500000e-03,-1.710000e+00
-3.500000e-03,-1.710000e+00
-3.500000e-03,-1.730000e+00
-3.500000e-03,-1.710000e+00
-3.500000e-03,-1.710000e+00
-3.500000e-03,-1.740000e+00
-3.500000e-03,-1.700000e+00
-3.500000e-03,-1.740000e+00
-3.500000e-03,-1.730000e+00
-3.500000e-03,-1.690000e+00
-3.500000e-03,-1.720000e+00
-3.500000e-03,-1.700000e+00
-3.500000e-03,-1.700000e+00
-3.500000e-03,-1.730000e+00
-3.500000e-03,-1.710000e+00
-3.500000e-03,-1.710000e+00
-3.500000e-03,-1.740000e+00
-3.500000e-03,-1.730000e+00
-3.500000e-03,-1.730000e+00
-3.500000e-03,-1.700000e+00
-3.500000e-03,-1.700000e+00
-3.500000e-03,-1.730000e+00
-3.500000e-03,-1.730000e+00
-3.500000e-03,-1.710000e+00
-3.500000e-03,-1.700000e+00
-3.500000e-03,-1.730000e+00
-3.500000e-03,-1.710000e+00
-3.500000e-03,-1.730000e+00
-3.500000e-03,-1.720000e+00
-3.500000e-03,-1.710000e+00
-3.500000e-03,-1.710000e+00
-3.500000e-03,-1.730000e+00
-3.500000e-03,-1.720000e+00
-3.500000e-03,-1.720000e+00
-3.500000e-03,-1.730000e+00
-3.500000e-03,-1.700000e+00
-3.500000e-03,-1.720000e+00
-3.500000e-03,-1.730000e+00
-3.500000e-03,-1.710000e+00
-3.500000e-03,-1.720000e+00
-3.500000e-03,-1.720000e+00
-3.500000e-03,-1.720000e+00
-3.500000e-03,-1.720000e+00
-3.500000e-03,-1.710000e+00
-3.400000e-03,-1.730000e+00
-3.300000e-03,-1.730000e+00
-3.300000e-03,-1.720000e+00
-3.300000e-03,-1.710000e+00
-3.200000e-03,-1.740000e+00
-3.200000e-03,-1.710000e+00
-3.100000e-03,-1.740000e+00
-3.100000e-03,-1.710000e+00
-3.100000e-03,-1.720000e+00
-3.000000e-03,-1.720000e+00
-3.000000e-03,-1.710000e+00
-2.900000e-03,-1.720000e+00
-2.900000e-03,-1.710000e+00
-2.800000e-03,-1.700000e+00
-2.800000e-03,-1.720000e+00
-2.800000e-03,-1.740000e+00
-2.700000e-03,-1.710000e+00
-2.700000e-03,-1.700000e+00
-2.600000e-03,-1.700000e+00
-2.600000e-03,-1.730000e+00
-2.600000e-03,-1.710000e+00
-2.500000e-03,-1.710000e+00
-2.400000e-03,-1.700000e+00
-2.400000e-03,-1.700000e+00
-2.300000e-03,-1.700000e+00
-2.300000e-03,-1.700000e+00
-2.200000e-03,-1.720000e+00
-2.200000e-03,-1.730000e+00
-2.100000e-03,-1.720000e+00
-2.100000e-03,-1.720000e+00
-2.000000e-03,-1.720000e+00
-2.000000e-03,-1.680000e+00
-1.900000e-03,-1.720000e+00
-1.800000e-03,-1.710000e+00
-1.800000e-03,-1.710000e+00
-1.800000e-03,-1.700000e+00
-1.700000e-03,-1.730000e+00
-1.700000e-03,-1.730000e+00
-1.600000e-03,-1.730000e+00
-1.500000e-03,-1.730000e+00
-1.500000e-03,-1.710000e+00
-1.400000e-03,-1.710000e+00
-1.400000e-03,-1.730000e+00
-1.400000e-03,-1.710000e+00
-1.300000e-03,-1.720000e+00
-1.200000e-03,-1.740000e+00
-1.200000e-03,-1.740000e+00
-1.100000e-03,-1.740000e+00
-1.100000e-03,-1.750000e+00
-1.000000e-03,-1.740000e+00
-1.000000e-03,-1.720000e+00
-9.000000e-04,-1.720000e+00
-9.000000e-04,-1.720000e+00
-8.000000e-04,-1.720000e+00
-8.000000e-04,-1.760000e+00
-7.000000e-04,-1.710000e+00
-7.000000e-04,-1.730000e+00
-6.000000e-04,-1.730000e+00
-5.000000e-04,-1.740000e+00
-5.000000e-04,-1.770000e+00
-4.000000e-04,-1.740000e+00
-4.000000e-04,-1.730000e+00
-3.000000e-04,-1.740000e+00
-3.000000e-04,-1.750000e+00
-2.000000e-04,-1.760000e+00
-2.000000e-04,-1.750000e+00
-1.000000e-04,-1.760000e+00
-1.000000e-04,-1.740000e+00
0,-1.710000e+00
0,-1.770000e+00
1.000000e-04,-1.730000e+00
2.000000e-04,-1.760000e+00
2.000000e-04,-1.770000e+00
3.000000e-04,-1.750000e+00
3.000000e-04,-1.730000e+00
3.000000e-04,-1.760000e+00
4.000000e-04,-1.750000e+00
4.000000e-04,-1.760000e+00
5.000000e-04,-1.760000e+00
6.000000e-04,-1.780000e+00
6.000000e-04,-1.760000e+00
6.000000e-04,-1.750000e+00
7.000000e-04,-1.760000e+00
8.000000e-04,-1.750000e+00
8.000000e-04,-1.780000e+00
9.000000e-04,-1.780000e+00
9.000000e-04,-1.750000e+00
1.000000e-03,-1.750000e+00
1.000000e-03,-1.750000e+00
1.100000e-03,-1.770000e+00
1.100000e-03,-1.780000e+00
1.200000e-03,-1.770000e+00
1.200000e-03,-1.770000e+00
1.300000e-03,-1.750000e+00
1.300000e-03,-1.770000e+00
1.400000e-03,-1.770000e+00
1.400000e-03,-1.760000e+00
1.500000e-03,-1.760000e+00
1.500000e-03,-1.750000e+00
1.600000e-03,-1.770000e+00
1.600000e-03,-1.770000e+00
1.700000e-03,-1.760000e+00
1.800000e-03,-1.780000e+00
1.800000e-03,-1.770000e+00
1.800000e-03,-1.770000e+00
1.900000e-03,-1.770000e+00
1.900000e-03,-1.790000e+00
2.000000e-03,-1.760000e+00
2.100000e-03,-1.760000e+00
2.100000e-03,-1.760000e+00
2.100000e-03,-1.770000e+00
2.200000e-03,-1.770000e+00
2.300000e-03,-1.750000e+00
2.300000e-03,-1.760000e+00
2.400000e-03,-1.760000e+00
2.400000e-03,-1.770000e+00
2.500000e-03,-1.770000e+00
2.500000e-03,-1.760000e+00
2.500000e-03,-1.760000e+00
2.600000e-03,-1.760000e+00
2.700000e-03,-1.770000e+00
2.700000e-03,-1.760000e+00
2.700000e-03,-1.780000e+00
2.800000e-03,-1.780000e+00
2.900000e-03,-1.770000e+00
2.900000e-03,-1.760000e+00
3.000000e-03,-1.770000e+00
3.000000e-03,-1.790000e+00
3.100000e-03,-1.780000e+00
3.100000e-03,-1.780000e+00
3.200000e-03,-1.780000e+00
3.200000e-03,-1.800000e+00
3.300000e-03,-1.790000e+00
3.300000e-03,-1.800000e+00
3.300000e-03,-1.800000e+00
3.300000e-03,-1.810000e+00
3.300000e-03,-1.770000e+00
3.300000e-03,-1.820000e+00
3.300000e-03,-1.800000e+00
3.300000e-03,-1.810000e+00
3.300000e-03,-1.810000e+00
3.300000e-03,-1.800000e+00
3.300000e-03,-1.790000e+00
3.300000e-03,-1.800000e+00
3.300000e-03,-1.800000e+00
3.300000e-03,-1.810000e+00
3.300000e-03,-1.800000e+00
3.300000e-03,-1.790000e+00
3.300000e-03,-1.800000e+00
3.300000e-03,-1.800000e+00
3.300000e-03,-1.790000e+00
3.300000e-03,-1.800000e+00
3.300000e-03,-1.810000e+00
3.300000e-03,-1.800000e+00
3.300000e-03,-1.810000e+00
3.300000e-03,-1.810000e+00
3.300000e-03,-1.810000e+00
3.300000e-03,-1.820000e+00
3.300000e-03,-1.820000e+00
3.300000e-03,-1.830000e+00
3.300000e-03,-1.820000e+00
3.300000e-03,-1.840000e+00
3.300000e-03,-1.800000e+00
3.300000e-03,-1.820000e+00
3.300000e-03,-1.820000e+00
3.300000e-03,-1.820000e+00
3.300000e-03,-1.800000e+00
3.300000e-03,-1.810000e+00
3.300000e-03,-1.810000e+00
3.300000e-03,-1.790000e+00
3.300000e-03,-1.820000e+00
3.300000e-03,-1.800000e+00
3.300000e-03,-1.810000e+00
3.300000e-03,-1.810000e+00
3.200000e-03,-1.800000e+00
3.200000e-03,-1.810000e+00
3.200000e-03,-1.820000e+00
3.100000e-03,-1.810000e+00
3.100000e-03,-1.790000e+00
3.000000e-03,-1.810000e+00
3.000000e-03,-1.800000e+00
3.000000e-03,-1.820000e+00
2.900000e-03,-1.810000e+00
2.900000e-03,-1.800000e+00
2.800000e-03,-1.800000e+00
2.800000e-03,-1.800000e+00
2.800000e-03,-1.800000e+00
2.700000e-03,-1.810000e+00
2.700000e-03,-1.820000e+00
2.600000e-03,-1.790000e+00
2.600000e-03,-1.810000e+00
2.600000e-03,-1.820000e+00
2.500000e-03,-1.810000e+00
2.400000e-03,-1.810000e+00
2.400000e-03,-1.810000e+00
2.400000e-03,-1.800000e+00
2.300000e-03,-1.800000e+00
2.300000e-03,-1.820000e+00
2.200000e-03,-1.810000e+00
2.200000e-03,-1.800000e+00
2.100000e-03,-1.810000e+00
2.100000e-03,-1.820000e+00
2.000000e-03,-1.800000e+00
2.000000e-03,-1.810000e+00
1.900000e-03,-1.810000e+00
1.800000e-03,-1.800000e+00
1.800000e-03,-1.800000e+00
1.800000e-03,-1.820000e+00
1.700000e-03,-1.820000e+00
1.700000e-03,-1.820000e+00
1.600000e-03,-1.820000e+00
1.500000e-03,-1.820000e+00
1.500000e-03,-1.810000e+00
1.400000e-03,-1.820000e+00
1.400000e-03,-1.820000e+00
1.400000e-03,-1.810000e+00
1.300000e-03,-1.810000e+00
1.300000e-03,-1.800000e+00
1.200000e-03,-1.810000e+00
1.100000e-03,-1.810000e+00
1.100000e-03,-1.770000e+00
1.100000e-03,-1.820000e+00
1.000000e-03,-1.800000e+00
1.000000e-03,-1.800000e+00
9.000000e-04,-1.820000e+00
8.000000e-04,-1.820000e+00
8.000000e-04,-1.810000e+00
8.000000e-04,-1.820000e+00
7.000000e-04,-1.830000e+00
7.000000e-04,-1.810000e+00
6.000000e-04,-1.810000e+00
5.000000e-04,-1.810000e+00
5.000000e-04,-1.800000e+00
4.000000e-04,-1.850000e+00
4.000000e-04,-1.810000e+00
4.000000e-04,-1.810000e+00
3.000000e-04,-1.790000e+00
2.000000e-04,-1.800000e+00
2.000000e-04,-1.810000e+00
1.000000e-04,-1.820000e+00
0,-1.820000e+00
0,-1.820000e+00
0,-1.820000e+00
-1.000000e-04,-1.800000e+00
-1.000000e-04,-1.790000e+00
-2.000000e-04,-1.810000e+00
-2.000000e-04,-1.820000e+00
-3.000000e-04,-1.820000e+00
-3.000000e-04,-1.820000e+00
-4.000000e-04,-1.800000e+00
-5.000000e-04,-1.840000e+00
-5.000000e-04,-1.800000e+00
-6.000000e-04,-1.800000e+00
-6.000000e-04,-1.790000e+00
-7.000000e-04,-1.840000e+00
-7.000000e-04,-1.800000e+00
-8.000000e-04,-1.810000e+00
-8.000000e-04,-1.800000e+00
-9.000000e-04,-1.810000e+00
-9.000000e-04,-1.790000e+00
-1.000000e-03,-1.810000e+00
-1.000000e-03,-1.830000e+00
-1.100000e-03,-1.780000e+00
-1.200000e-03,-1.810000e+00
-1.200000e-03,-1.810000e+00
-1.300000e-03,-1.810000e+00
-1.300000e-03,-1.820000e+00
-1.400000e-03,-1.770000e+00
-1.400000e-03,-1.790000e+00
-1.500000e-03,-1.800000e+00
-1.500000e-03,-1.790000e+00
-1.600000e-03,-1.780000e+00
-1.600000e-03,-1.800000e+00
-1.700000e-03,-1.800000e+00
-1.700000e-03,-1.810000e+00
-1.800000e-03,-1.790000e+00
-1.900000e-03,-1.780000e+00
-1.900000e-03,-1.800000e+00
-2.000000e-03,-1.790000e+00
-2.000000e-03,-1.790000e+00
-2.100000e-03,-1.800000e+00
-2.100000e-03,-1.790000e+00
-2.200000e-03,-1.770000e+00
-2.200000e-03,-1.790000e+00
-2.300000e-03,-1.790000e+00
-2.300000e-03,-1.790000e+00
-2.400000e-03,-1.800000e+00
-2.400000e-03,-1.800000e+00
-2.500000e-03,-1.770000e+00
-2.500000e-03,-1.800000e+00
-2.600000e-03,-1.780000e+00
-2.700000e-03,-1.800000e+00
-2.700000e-03,-1.770000e+00
-2.800000e-03,-1.810000e+00
-2.800000e-03,-1.800000e+00
-2.800000e-03,-1.810000e+00
-2.900000e-03,-1.790000e+00
-3.000000e-03,-1.790000e+00
-3.000000e-03,-1.790000e+00
-3.100000e-03,-1.820000e+00
-3.100000e-03,-1.780000e+00
-3.200000e-03,-1.780000e+00
-3.200000e-03,-1.770000e+00
-3.300000e-03,-1.790000e+00
-3.300000e-03,-1.790000e+00
-3.400000e-03,-1.780000e+00
-3.400000e-03,-1.780000e+00
-3.400000e-03,-1.780000e+00
-3.500000e-03,-1.770000e+00
-3.500000e-03,-1.770000e+00
-3.500000e-03,-1.790000e+00
-3.500000e-03,-1.790000e+00
-3.500000e-03,-1.770000e+00
-3.500000e-03,-1.790000e+00
-3.500000e-03,-1.790000e+00
-3.500000e-03,-1.790000e+00
-3.500000e-03,-1.790000e+00
-3.500000e-03,-1.770000e+00
-3.500000e-03,-1.790000e+00
-3.500000e-03,-1.780000e+00
-3.500000e-03,-1.780000e+00
-3.500000e-03,-1.790000e+00
-3.500000e-03,-1.780000e+00
-3.500000e-03,-1.780000e+00
-3.500000e-03,-1.770000e+00
-3.500000e-03,-1.770000e+00
-3.500000e-03,-1.790000e+00
-3.500000e-03,-1.790000e+00
-3.500000e-03,-1.790000e+00
-3.500000e-03,-1.790000e+00
-3.500000e-03,-1.790000e+00
-3.500000e-03,-1.770000e+00
-3.500000e-03,-1.790000e+00
-3.500000e-03,-1.790000e+00
-3.500000e-03,-1.790000e+00
-3.500000e-03,-1.790000e+00
-3.500000e-03,-1.750000e+00
-3.500000e-03,-1.790000e+00
-3.500000e-03,-1.800000e+00
-3.500000e-03,-1.790000e+00
-3.500000e-03,-1.780000e+00
-3.500000e-03,-1.780000e+00
-3.500000e-03,-1.780000e+00
-3.500000e-03,-1.790000e+00
-3.500000e-03,-1.780000e+00
-3.500000e-03,-1.780000e+00
-3.500000e-03,-1.770000e+00
-3.500000e-03,-1.790000e+00
-3.500000e-03,-1.790000e+00
-3.400000e-03,-1.790000e+00
-3.300000e-03,-1.790000e+00
-3.300000e-03,-1.790000e+00
-3.200000e-03,-1.770000e+00
-3.200000e-03,-1.780000e+00
-3.100000e-03,-1.790000e+00
-3.000000e-03,-1.790000e+00
-3.000000e-03,-1.780000e+00
-2.900000e-03,-1.790000e+00
-2.800000e-03,-1.780000e+00
-2.800000e-03,-1.780000e+00
-2.700000e-03,-1.790000e+00
-2.700000e-03,-1.790000e+00
-2.600000e-03,-1.780000e+00
-2.500000e-03,-1.780000e+00
-2.400000e-03,-1.790000e+00
-2.400000e-03,-1.750000e+00
-2.300000e-03,-1.780000e+00
-2.200000e-03,-1.780000e+00
-2.100000e-03,-1.770000e+00
-2.000000e-03,-1.790000e+00
-2.000000e-03,-1.780000e+00
-1.900000e-03,-1.800000e+00
-1.800000e-03,-1.790000e+00
-1.700000e-03,-1.800000e+00
-1.700000e-03,-1.790000e+00
-1.600000e-03,-1.770000e+00
-1.500000e-03,-1.800000e+00
-1.400000e-03,-1.810000e+00
-1.300000e-03,-1.800000e+00
-1.300000e-03,-1.800000e+00
-1.200000e-03,-1.820000e+00
-1.100000e-03,-1.810000e+00
-1.000000e-03,-1.790000e+00
-1.000000e-03,-1.810000e+00
-9.000000e-04,-1.800000e+00
-8.000000e-04,-1.820000e+00
-7.000000e-04,-1.780000e+00
-6.000000e-04,-1.810000e+00
-5.000000e-04,-1.790000e+00
-5.000000e-04,-1.810000e+00
-4.000000e-04,-1.780000e+00
-3.000000e-04,-1.780000e+00
-2.000000e-04,-1.810000e+00
-2.000000e-04,-1.790000e+00
-1.000000e-04,-1.810000e+00
0,-1.810000e+00
1.000000e-04,-1.810000e+00
2.000000e-04,-1.820000e+00
2.000000e-04,-1.810000e+00
3.000000e-04,-1.800000e+00
4.000000e-04,-1.800000e+00
5.000000e-04,-1.820000e+00
6.000000e-04,-1.800000e+00
6.000000e-04,-1.800000e+00
7.000000e-04,-1.810000e+00
8.000000e-04,-1.830000e+00
9.000000e-04,-1.800000e+00
9.000000e-04,-1.800000e+00
1.000000e-03,-1.820000e+00
1.100000e-03,-1.820000e+00
1.200000e-03,-1.810000e+00
1.200000e-03,-1.800000e+00
1.300000e-03,-1.820000e+00
1.400000e-03,-1.820000e+00
1.500000e-03,-1.810000e+00
1.600000e-03,-1.800000e+00
1.600000e-03,-1.800000e+00
1.700000e-03,-1.780000e+00
1.800000e-03,-1.820000e+00
1.900000e-03,-1.810000e+00
1.900000e-03,-1.820000e+00
2.000000e-03,-1.820000e+00
2.100000e-03,-1.810000e+00
2.200000e-03,-1.800000e+00
2.300000e-03,-1.810000e+00
2.300000e-03,-1.810000e+00
2.400000e-03,-1.820000e+00
2.500000e-03,-1.810000e+00
2.600000e-03,-1.820000e+00
2.600000e-03,-1.810000e+00
2.700000e-03,-1.820000e+00
2.800000e-03,-1.820000e+00
2.900000e-03,-1.820000e+00
3.000000e-03,-1.810000e+00
3.000000e-03,-1.810000e+00
3.100000e-03,-1.820000e+00
3.200000e-03,-1.810000e+00
3.300000e-03,-1.820000e+00
3.300000e-03,-1.810000e+00
3.400000e-03,-1.810000e+00
3.500000e-03,-1.830000e+00
3.600000e-03,-1.810000e+00
3.700000e-03,-1.820000e+00
3.800000e-03,-1.840000e+00
3.800000e-03,-1.840000e+00
3.900000e-03,-1.830000e+00
4.000000e-03,-1.840000e+00
4.100000e-03,-1.840000e+00
4.200000e-03,-1.840000e+00
4.300000e-03,-1.860000e+00
4.400000e-03,-1.830000e+00
4.500000e-03,-1.850000e+00
4.600000e-03,-1.830000e+00
4.600000e-03,-1.850000e+00
4.600000e-03,-1.870000e+00
4.600000e-03,-1.870000e+00
4.600000e-03,-1.880000e+00
4.600000e-03,-1.860000e+00
4.700000e-03,-1.880000e+00
4.700000e-03,-1.900000e+00
4.700000e-03,-1.890000e+00
4.700000e-03,-1.870000e+00
4.700000e-03,-1.870000e+00
4.700000e-03,-1.900000e+00
4.700000e-03,-1.890000e+00
4.600000e-03,-1.890000e+00
4.600000e-03,-1.890000e+00
4.600000e-03,-1.890000e+00
4.600000e-03,-1.890000e+00
4.600000e-03,-1.880000e+00
4.700000e-03,-1.880000e+00
4.700000e-03,-1.900000e+00
4.600000e-03,-1.900000e+00
4.600000e-03,-1.910000e+00
4.600000e-03,-1.910000e+00
4.700000e-03,-1.890000e+00
4.700000e-03,-1.890000e+00
4.600000e-03,-1.880000e+00
4.600000e-03,-1.900000e+00
4.700000e-03,-1.910000e+00
4.700000e-03,-1.920000e+00
4.600000e-03,-1.910000e+00
4.700000e-03,-1.910000e+00
4.600000e-03,-1.900000e+00
4.700000e-03,-1.900000e+00
4.600000e-03,-1.910000e+00
4.700000e-03,-1.910000e+00
4.600000e-03,-1.910000e+00
4.700000e-03,-1.910000e+00
4.700000e-03,-1.890000e+00
4.700000e-03,-1.920000e+00
4.700000e-03,-1.900000e+00
4.700000e-03,-1.910000e+00
4.700000e-03,-1.920000e+00
4.600000e-03,-1.900000e+00
4.600000e-03,-1.920000e+00
4.700000e-03,-1.910000e+00
4.600000e-03,-1.890000e+00
4.700000e-03,-1.920000e+00
4.600000e-03,-1.910000e+00
4.700000e-03,-1.920000e+00
4.700000e-03,-1.910000e+00
4.700000e-03,-1.880000e+00
4.700000e-03,-1.900000e+00
4.700000e-03,-1.890000e+00
4.600000e-03,-1.900000e+00
4.700000e-03,-1.910000e+00
4.700000e-03,-1.910000e+00
4.600000e-03,-1.900000e+00
4.700000e-03,-1.910000e+00
4.700000e-03,-1.910000e+00
4.700000e-03,-1.880000e+00
4.600000e-03,-1.930000e+00
4.600000e-03,-1.910000e+00
4.600000e-03,-1.910000e+00
4.700000e-03,-1.900000e+00
4.700000e-03,-1.900000e+00
4.700000e-03,-1.900000e+00
4.700000e-03,-1.900000e+00
4.600000e-03,-1.930000e+00
4.700000e-03,-1.900000e+00
4.600000e-03,-1.920000e+00
4.600000e-03,-1.910000e+00
4.700000e-03,-1.900000e+00
4.600000e-03,-1.910000e+00
4.600000e-03,-1.910000e+00
4.700000e-03,-1.900000e+00
4.600000e-03,-1.900000e+00
4.700000e-03,-1.900000e+00
4.700000e-03,-1.900000e+00
4.700000e-03,-1.910000e+00
4.600000e-03,-1.910000e+00
4.700000e-03,-1.910000e+00
4.700000e-03,-1.890000e+00
4.700000e-03,-1.920000e+00
4.600000e-03,-1.900000e+00
4.600000e-03,-1.920000e+00
4.500000e-03,-1.910000e+00
4.400000e-03,-1.900000e+00
4.300000e-03,-1.920000e+00
4.300000e-03,-1.910000e+00
4.200000e-03,-1.900000e+00
4.200000e-03,-1.910000e+00
4.100000e-03,-1.880000e+00
4.000000e-03,-1.900000e+00
4.000000e-03,-1.910000e+00
3.900000e-03,-1.930000e+00
3.800000e-03,-1.920000e+00
3.800000e-03,-1.900000e+00
3.700000e-03,-1.910000e+00
3.600000e-03,-1.890000e+00
3.500000e-03,-1.920000e+00
3.400000e-03,-1.900000e+00
3.400000e-03,-1.900000e+00
3.300000e-03,-1.910000e+00
3.200000e-03,-1.910000e+00
3.100000e-03,-1.930000e+00
3.100000e-03,-1.900000e+00
3.000000e-03,-1.910000e+00
2.900000e-03,-1.920000e+00
2.800000e-03,-1.910000e+00
2.800000e-03,-1.920000e+00
2.700000e-03,-1.920000e+00
2.600000e-03,-1.910000e+00
2.500000e-03,-1.900000e+00
2.400000e-03,-1.910000e+00
2.400000e-03,-1.900000e+00
2.300000e-03,-1.920000e+00
2.200000e-03,-1.910000e+00
2.200000e-03,-1.890000e+00
2.100000e-03,-1.910000e+00
2.000000e-03,-1.900000e+00
1.900000e-03,-1.900000e+00
1.800000e-03,-1.910000e+00
1.800000e-03,-1.910000e+00
1.700000e-03,-1.910000e+00
1.600000e-03,-1.910000e+00
1.500000e-03,-1.920000e+00
1.500000e-03,-1.920000e+00
1.400000e-03,-1.920000e+00
1.300000e-03,-1.900000e+00
1.200000e-03,-1.910000e+00
1.200000e-03,-1.910000e+00
1.100000e-03,-1.920000e+00
1.000000e-03,-1.900000e+00
9.000000e-04,-1.890000e+00
9.000000e-04,-1.910000e+00
8.000000e-04,-1.910000e+00
7.000000e-04,-1.890000e+00
6.000000e-04,-1.890000e+00
5.000000e-04,-1.890000e+00
4.000000e-04,-1.900000e+00
4.000000e-04,-1.900000e+00
3.000000e-04,-1.900000e+00
2.000000e-04,-1.910000e+00
1.000000e-04,-1.900000e+00
1.000000e-04,-1.910000e+00
0,-1.880000e+00
-1.000000e-04,-1.910000e+00
-2.000000e-04,-1.880000e+00
-3.000000e-04,-1.890000e+00
-3.000000e-04,-1.880000e+00
-4.000000e-04,-1.880000e+00
-5.000000e-04,-1.880000e+00
-6.000000e-04,-1.910000e+00
-7.000000e-04,-1.880000e+00
-8.000000e-04,-1.900000e+00
-8.000000e-04,-1.890000e+00
-9.000000e-04,-1.880000e+00
-1.000000e-03,-1.880000e+00
-1.100000e-03,-1.900000e+00
-1.200000e-03,-1.890000e+00
-1.200000e-03,-1.890000e+00
-1.300000e-03,-1.880000e+00
-1.400000e-03,-1.870000e+00
-1.500000e-03,-1.900000e+00
-1.500000e-03,-1.880000e+00
-1.700000e-03,-1.880000e+00
-1.700000e-03,-1.890000e+00
-1.800000e-03,-1.890000e+00
-1.900000e-03,-1.880000e+00
-2.000000e-03,-1.880000e+00
-2.000000e-03,-1.880000e+00
-2.100000e-03,-1.910000e+00
-2.200000e-03,-1.880000e+00
-2.300000e-03,-1.870000e+00
-2.400000e-03,-1.860000e+00
-2.400000e-03,-1.880000e+00
-2.500000e-03,-1.890000e+00
-2.600000e-03,-1.870000e+00
-2.700000e-03,-1.870000e+00
-2.700000e-03,-1.860000e+00
-2.900000e-03,-1.880000e+00
-2.900000e-03,-1.860000e+00
-3.000000e-03,-1.860000e+00
-3.100000e-03,-1.870000e+00
-3.200000e-03,-1.870000e+00
-3.300000e-03,-1.870000e+00
-3.400000e-03,-1.870000e+00
-3.400000e-03,-1.870000e+00
-3.500000e-03,-1.870000e+00
-3.600000e-03,-1.850000e+00
-3.700000e-03,-1.870000e+00
-3.800000e-03,-1.880000e+00
-3.800000e-03,-1.880000e+00
-3.900000e-03,-1.860000e+00
-4.000000e-03,-1.860000e+00
-4.100000e-03,-1.850000e+00
-4.200000e-03,-1.860000e+00
-4.300000e-03,-1.860000e+00
-4.300000e-03,-1.870000e+00
-4.400000e-03,-1.860000e+00
-4.500000e-03,-1.870000e+00
-4.600000e-03,-1.870000e+00
-4.600000e-03,-1.860000e+00
-4.700000e-03,-1.850000e+00
-4.700000e-03,-1.870000e+00
-4.700000e-03,-1.850000e+00
-4.700000e-03,-1.860000e+00
-4.700000e-03,-1.870000e+00
-4.700000e-03,-1.830000e+00
-4.700000e-03,-1.840000e+00
-4.700000e-03,-1.830000e+00
-4.700000e-03,-1.860000e+00
-4.700000e-03,-1.860000e+00
-4.700000e-03,-1.850000e+00
-4.700000e-03,-1.860000e+00
-4.700000e-03,-1.860000e+00
-4.700000e-03,-1.860000e+00
-4.700000e-03,-1.860000e+00
-4.700000e-03,-1.860000e+00
-4.700000e-03,-1.850000e+00
-4.700000e-03,-1.850000e+00
-4.700000e-03,-1.840000e+00
-4.700000e-03,-1.850000e+00
-4.700000e-03,-1.870000e+00
-4.700000e-03,-1.860000e+00
-4.700000e-03,-1.880000e+00
-4.700000e-03,-1.870000e+00
-4.700000e-03,-1.850000e+00
-4.800000e-03,-1.850000e+00
-4.800000e-03,-1.850000e+00
-4.700000e-03,-1.850000e+00
-4.700000e-03,-1.850000e+00
-4.700000e-03,-1.860000e+00
-4.700000e-03,-1.860000e+00
-4.700000e-03,-1.850000e+00
-4.700000e-03,-1.850000e+00
-4.700000e-03,-1.850000e+00
-4.700000e-03,-1.830000e+00
-4.700000e-03,-1.870000e+00
-4.700000e-03,-1.870000e+00
-4.700000e-03,-1.850000e+00
-4.700000e-03,-1.860000e+00
-4.700000e-03,-1.860000e+00
-4.700000e-03,-1.850000e+00
-4.700000e-03,-1.850000e+00
-4.700000e-03,-1.860000e+00
-4.700000e-03,-1.890000e+00
-4.700000e-03,-1.850000e+00
-4.700000e-03,-1.860000e+00
-4.700000e-03,-1.850000e+00
-4.700000e-03,-1.850000e+00
-4.700000e-03,-1.850000e+00
-4.700000e-03,-1.860000e+00
-4.700000e-03,-1.860000e+00
-4.700000e-03,-1.840000e+00
-4.700000e-03,-1.860000e+00
-4.700000e-03,-1.850000e+00
-4.700000e-03,-1.850000e+00
-4.700000e-03,-1.860000e+00
-4.700000e-03,-1.860000e+00
-4.700000e-03,-1.850000e+00
-4.700000e-03,-1.860000e+00
-4.700000e-03,-1.860000e+00
-4.700000e-03,-1.850000e+00
-4.700000e-03,-1.860000e+00
-4.600000e-03,-1.870000e+00
-4.600000e-03,-1.860000e+00
-4.500000e-03,-1.880000e+00
-4.400000e-03,-1.850000e+00
-4.400000e-03,-1.870000e+00
-4.300000e-03,-1.850000e+00
-4.300000e-03,-1.850000e+00
-4.200000e-03,-1.860000e+00
-4.200000e-03,-1.860000e+00
-4.100000e-03,-1.860000e+00
-4.000000e-03,-1.870000e+00
-3.900000e-03,-1.850000e+00
-3.900000e-03,-1.880000e+00
-3.800000e-03,-1.860000e+00
-3.700000e-03,-1.880000e+00
-3.700000e-03,-1.850000e+00
-3.600000e-03,-1.860000e+00
-3.500000e-03,-1.890000e+00
-3.400000e-03,-1.860000e+00
-3.400000e-03,-1.860000e+00
-3.300000e-03,-1.850000e+00
-3.200000e-03,-1.860000e+00
-3.100000e-03,-1.850000e+00
-3.100000e-03,-1.870000e+00
-3.000000e-03,-1.870000e+00
-2.900000e-03,-1.840000e+00
-2.800000e-03,-1.850000e+00
-2.700000e-03,-1.880000e+00
-2.600000e-03,-1.880000e+00
-2.600000e-03,-1.880000e+00
-2.500000e-03,-1.880000e+00
-2.400000e-03,-1.880000e+00
-2.300000e-03,-1.870000e+00
-2.200000e-03,-1.890000e+00
-2.200000e-03,-1.890000e+00
-2.100000e-03,-1.850000e+00
-2.000000e-03,-1.870000e+00
-1.900000e-03,-1.870000e+00
-1.800000e-03,-1.850000e+00
-1.800000e-03,-1.880000e+00
-1.700000e-03,-1.880000e+00
-1.600000e-03,-1.880000e+00
-1.500000e-03,-1.880000e+00
-1.400000e-03,-1.870000e+00
-1.400000e-03,-1.860000e+00
-1.300000e-03,-1.910000e+00
-1.200000e-03,-1.880000e+00
-1.100000e-03,-1.880000e+00
-1.000000e-03,-1.860000e+00
-9.000000e-04,-1.880000e+00
-9.000000e-04,-1.900000e+00
-8.000000e-04,-1.870000e+00
-7.000000e-04,-1.880000e+00
-6.000000e-04,-1.900000e+00
-6.000000e-04,-1.900000e+00
-5.000000e-04,-1.880000e+00
-4.000000e-04,-1.900000e+00
-3.000000e-04,-1.900000e+00
-3.000000e-04,-1.890000e+00
-2.000000e-04,-1.890000e+00
-1.000000e-04,-1.900000e+00
0,-1.880000e+00
1.000000e-04,-1.860000e+00
1.000000e-04,-1.880000e+00
2.000000e-04,-1.880000e+00
3.000000e-04,-1.890000e+00
4.000000e-04,-1.910000e+00
5.000000e-04,-1.900000e+00
5.000000e-04,-1.900000e+00
6.000000e-04,-1.880000e+00
7.000000e-04,-1.900000e+00
8.000000e-04,-1.900000e+00
8.000000e-04,-1.910000e+00
9.000000e-04,-1.900000e+00
1.000000e-03,-1.880000e+00
1.000000e-03,-1.910000e+00
1.100000e-03,-1.910000e+00
1.200000e-03,-1.910000e+00
1.300000e-03,-1.900000e+00
1.400000e-03,-1.900000e+00
1.400000e-03,-1.930000e+00
1.500000e-03,-1.910000e+00
1.600000e-03,-1.930000e+00
1.700000e-03,-1.910000e+00
1.800000e-03,-1.910000e+00
1.800000e-03,-1.900000e+00
1.900000e-03,-1.930000e+00
2.000000e-03,-1.890000e+00
2.100000e-03,-1.900000e+00
2.200000e-03,-1.920000e+00
2.200000e-03,-1.920000e+00
2.300000e-03,-1.920000e+00
2.400000e-03,-1.910000e+00
2.500000e-03,-1.890000e+00
2.500000e-03,-1.920000e+00
2.600000e-03,-1.910000e+00
2.700000e-03,-1.910000e+00
2.800000e-03,-1.920000e+00
2.900000e-03,-1.910000e+00
3.000000e-03,-1.920000e+00
3.000000e-03,-1.910000e+00
3.100000e-03,-1.920000e+00
3.200000e-03,-1.910000e+00
3.300000e-03,-1.920000e+00
3.400000e-03,-1.920000e+00
3.500000e-03,-1.920000e+00
3.500000e-03,-1.920000e+00
3.600000e-03,-1.920000e+00
3.700000e-03,-1.930000e+00
3.800000e-03,-1.920000e+00
3.900000e-03,-1.930000e+00
3.900000e-03,-1.920000e+00
4.000000e-03,-1.910000e+00
4.100000e-03,-1.930000e+00
4.200000e-03,-1.910000e+00
4.300000e-03,-1.930000e+00
4.400000e-03,-1.920000e+00
4.500000e-03,-1.950000e+00
4.500000e-03,-1.930000e+00
4.600000e-03,-1.940000e+00
4.600000e-03,-1.950000e+00
4.600000e-03,-1.910000e+00
4.600000e-03,-1.930000e+00
4.700000e-03,-1.940000e+00
4.600000e-03,-1.920000e+00
4.700000e-03,-1.950000e+00
4.600000e-03,-1.910000e+00
4.600000e-03,-1.920000e+00
4.600000e-03,-1.910000e+00
4.700000e-03,-1.920000e+00
4.700000e-03,-1.940000e+00
4.700000e-03,-1.950000e+00
4.700000e-03,-1.940000e+00
4.700000e-03,-1.950000e+00
4.600000e-03,-1.940000e+00
4.700000e-03,-1.940000e+00
4.700000e-03,-1.940000e+00
4.700000e-03,-1.940000e+00
4.600000e-03,-1.940000e+00
4.700000e-03,-1.940000e+00
4.700000e-03,-1.960000e+00
4.700000e-03,-1.950000e+00
4.700000e-03,-1.940000e+00
4.600000e-03,-1.950000e+00
4.700000e-03,-1.920000e+00
4.700000e-03,-1.910000e+00
4.600000e-03,-1.960000e+00
4.700000e-03,-1.960000e+00
4.600000e-03,-1.940000e+00
4.700000e-03,-1.960000e+00
4.600000e-03,-1.950000e+00
4.600000e-03,-1.950000e+00
4.700000e-03,-1.970000e+00
4.700000e-03,-1.980000e+00
4.700000e-03,-1.950000e+00
4.700000e-03,-1.960000e+00
4.700000e-03,-1.950000e+00
4.700000e-03,-1.980000e+00
4.700000e-03,-1.960000e+00
4.700000e-03,-1.950000e+00
4.600000e-03,-1.960000e+00
4.700000e-03,-1.960000e+00
4.700000e-03,-1.960000e+00
4.700000e-03,-1.960000e+00
4.700000e-03,-1.970000e+00
4.700000e-03,-1.980000e+00
4.700000e-03,-1.950000e+00
4.700000e-03,-1.950000e+00
4.700000e-03,-1.960000e+00
4.700000e-03,-1.950000e+00
4.700000e-03,-1.950000e+00
4.700000e-03,-1.980000e+00
4.700000e-03,-1.960000e+00
4.700000e-03,-1.980000e+00
4.700000e-03,-1.960000e+00
4.700000e-03,-1.960000e+00
4.700000e-03,-1.950000e+00
4.700000e-03,-1.960000e+00
4.700000e-03,-1.960000e+00
4.700000e-03,-1.960000e+00
4.700000e-03,-1.950000e+00
4.600000e-03,-1.960000e+00
4.600000e-03,-1.980000e+00
4.500000e-03,-1.950000e+00
4.400000e-03,-1.960000e+00
4.400000e-03,-1.960000e+00
4.300000e-03,-1.970000e+00
4.300000e-03,-1.960000e+00
4.200000e-03,-1.990000e+00
4.100000e-03,-1.950000e+00
4.100000e-03,-1.940000e+00
4.000000e-03,-1.960000e+00
3.900000e-03,-1.960000e+00
3.900000e-03,-1.960000e+00
3.800000e-03,-1.960000e+00
3.700000e-03,-1.980000e+00
3.700000e-03,-1.950000e+00
3.600000e-03,-1.970000e+00
3.500000e-03,-1.960000e+00
3.400000e-03,-1.950000e+00
3.300000e-03,-1.960000e+00
3.300000e-03,-1.950000e+00
3.200000e-03,-1.960000e+00
3.100000e-03,-1.950000e+00
3.000000e-03,-1.950000e+00
3.000000e-03,-1.950000e+00
2.900000e-03,-1.960000e+00
2.800000e-03,-1.960000e+00
2.700000e-03,-1.960000e+00
2.700000e-03,-1.940000e+00
2.600000e-03,-1.960000e+00
2.500000e-03,-1.960000e+00
2.400000e-03,-1.960000e+00
2.400000e-03,-1.960000e+00
2.300000e-03,-1.960000e+00
2.200000e-03,-1.960000e+00
2.100000e-03,-1.960000e+00
2.100000e-03,-1.970000e+00
2.000000e-03,-1.970000e+00
1.900000e-03,-1.950000e+00
1.800000e-03,-1.950000e+00
1.700000e-03,-1.970000e+00
1.600000e-03,-1.950000e+00
1.600000e-03,-1.930000e+00
1.500000e-03,-1.970000e+00
1.400000e-03,-1.960000e+00
1.300000e-03,-1.950000e+00
1.300000e-03,-1.960000e+00
1.200000e-03,-1.950000e+00
1.100000e-03,-1.940000e+00
1.000000e-03,-1.960000e+00
1.000000e-03,-1.970000e+00
9.000000e-04,-1.950000e+00
8.000000e-04,-1.950000e+00
7.000000e-04,-1.970000e+00
7.000000e-04,-1.960000e+00
6.000000e-04,-1.940000e+00
5.000000e-04,-1.970000e+00
4.000000e-04,-1.950000e+00
3.000000e-04,-1.940000e+00
3.000000e-04,-1.940000e+00
2.000000e-04,-1.940000e+00
1.000000e-04,-1.950000e+00
0,-1.940000e+00
0,-1.930000e+00
-1.000000e-04,-1.940000e+00
-2.000000e-04,-1.940000e+00
-3.000000e-04,-1.950000e+00
-4.000000e-04,-1.960000e+00
-5.000000e-04,-1.930000e+00
-5.000000e-04,-1.950000e+00
-6.000000e-04,-1.960000e+00
-7.000000e-04,-1.950000e+00
-8.000000e-04,-1.930000e+00
-8.000000e-04,-1.940000e+00
-9.000000e-04,-1.930000e+00
-1.000000e-03,-1.930000e+00
-1.100000e-03,-1.920000e+00
-1.200000e-03,-1.920000e+00
-1.300000e-03,-1.930000e+00
-1.300000e-03,-1.930000e+00
-1.400000e-03,-1.930000e+00
-1.500000e-03,-1.950000e+00
-1.600000e-03,-1.910000e+00
-1.700000e-03,-1.910000e+00
-1.700000e-03,-1.930000e+00
-1.800000e-03,-1.930000e+00
-1.900000e-03,-1.950000e+00
-2.000000e-03,-1.940000e+00
-2.100000e-03,-1.930000e+00
-2.100000e-03,-1.940000e+00
-2.300000e-03,-1.920000e+00
-2.300000e-03,-1.920000e+00
-2.400000e-03,-1.960000e+00
-2.500000e-03,-1.930000e+00
-2.600000e-03,-1.910000e+00
-2.600000e-03,-1.950000e+00
-2.700000e-03,-1.920000e+00
-2.800000e-03,-1.910000e+00
-2.900000e-03,-1.930000e+00
-3.000000e-03,-1.910000e+00
-3.100000e-03,-1.910000e+00
-3.100000e-03,-1.910000e+00
-3.200000e-03,-1.900000e+00
-3.300000e-03,-1.900000e+00
-3.400000e-03,-1.900000e+00
-3.400000e-03,-1.910000e+00
-3.500000e-03,-1.920000e+00
-3.600000e-03,-1.930000e+00
-3.700000e-03,-1.920000e+00
-3.800000e-03,-1.910000e+00
-3.800000e-03,-1.910000e+00
-4.000000e-03,-1.930000e+00
-4.000000e-03,-1.900000e+00
-4.100000e-03,-1.900000e+00
-4.200000e-03,-1.910000e+00
-4.300000e-03,-1.900000e+00
-4.300000e-03,-1.930000e+00
-4.400000e-03,-1.910000e+00
-4.500000e-03,-1.910000e+00
-4.600000e-03,-1.900000e+00
-4.700000e-03,-1.900000e+00
-4.700000e-03,-1.900000e+00
-4.700000e-03,-1.910000e+00
-4.700000e-03,-1.900000e+00
-4.700000e-03,-1.890000e+00
-4.700000e-03,-1.900000e+00
-4.700000e-03,-1.910000e+00
-4.700000e-03,-1.890000e+00
-4.700000e-03,-1.900000e+00
-4.700000e-03,-1.880000e+00
-4.700000e-03,-1.910000e+00
-4.700000e-03,-1.910000e+00
-4.700000e-03,-1.910000e+00
-4.700000e-03,-1.880000e+00
-4.700000e-03,-1.910000e+00
-4.700000e-03,-1.900000e+00
-4.700000e-03,-1.900000e+00
-4.700000e-03,-1.880000e+00
-4.700000e-03,-1.920000e+00
-4.700000e-03,-1.900000e+00
-4.700000e-03,-1.910000e+00
-4.700000e-03,-1.900000e+00
-4.700000e-03,-1.900000e+00
-4.700000e-03,-1.890000e+00
-4.700000e-03,-1.880000e+00
-4.700000e-03,-1.910000e+00
-4.700000e-03,-1.910000e+00
-4.700000e-03,-1.900000e+00
-4.700000e-03,-1.890000e+00
-4.700000e-03,-1.900000e+00
-4.700000e-03,-1.920000e+00
-4.700000e-03,-1.900000e+00
-4.700000e-03,-1.910000e+00
-4.700000e-03,-1.890000e+00
-4.700000e-03,-1.910000e+00
-4.700000e-03,-1.910000e+00
-4.700000e-03,-1.900000e+00
-4.700000e-03,-1.910000e+00
-4.700000e-03,-1.900000e+00
-4.700000e-03,-1.890000e+00
-4.700000e-03,-1.910000e+00
-4.700000e-03,-1.920000e+00
-4.700000e-03,-1.900000e+00
-4.700000e-03,-1.900000e+00
-4.700000e-03,-1.910000e+00
-4.600000e-03,-1.900000e+00
-4.600000e-03,-1.910000e+00
-4.500000e-03,-1.900000e+00
-4.400000e-03,-1.910000e+00
-4.400000e-03,-1.900000e+00
-4.300000e-03,-1.910000e+00
-4.300000e-03,-1.910000e+00
-4.200000e-03,-1.900000e+00
-4.100000e-03,-1.900000e+00
-4.100000e-03,-1.910000e+00
-4.000000e-03,-1.910000e+00
-4.000000e-03,-1.910000e+00
-3.900000e-03,-1.890000e+00
-3.800000e-03,-1.890000e+00
-3.700000e-03,-1.900000e+00
-3.700000e-03,-1.910000e+00
-3.600000e-03,-1.900000e+00
-3.500000e-03,-1.910000e+00
-3.400000e-03,-1.910000e+00
-3.400000e-03,-1.910000e+00
-3.300000e-03,-1.890000e+00
-3.200000e-03,-1.890000e+00
-3.100000e-03,-1.910000e+00
-3.000000e-03,-1.920000e+00
-3.000000e-03,-1.900000e+00
-2.900000e-03,-1.920000e+00
-2.800000e-03,-1.900000e+00
-2.700000e-03,-1.930000e+00
-2.600000e-03,-1.930000e+00
-2.600000e-03,-1.920000e+00
-2.500000e-03,-1.920000e+00
-2.400000e-03,-1.920000e+00
-2.300000e-03,-1.910000e+00
-2.300000e-03,-1.900000e+00
-2.200000e-03,-1.930000e+00
-2.100000e-03,-1.920000e+00
-2.000000e-03,-1.900000e+00
-1.900000e-03,-1.910000e+00
-1.800000e-03,-1.910000e+00
-1.800000e-03,-1.910000e+00
-1.700000e-03,-1.930000e+00
-1.600000e-03,-1.920000e+00
-1.500000e-03,-1.910000e+00
-1.400000e-03,-1.940000e+00
-1.400000e-03,-1.930000e+00
-1.300000e-03,-1.920000e+00
-1.200000e-03,-1.940000e+00
-1.100000e-03,-1.920000e+00
-1.100000e-03,-1.940000e+00
-1.000000e-03,-1.910000e+00
-9.000000e-04,-1.920000e+00
-8.000000e-04,-1.920000e+00
-7.000000e-04,-1.910000e+00
-6.000000e-04,-1.950000e+00
-6.000000e-04,-1.940000e+00
-5.000000e-04,-1.920000e+00
-4.000000e-04,-1.910000e+00
-3.000000e-04,-1.940000e+00
-2.000000e-04,-1.940000e+00
-2.000000e-04,-1.950000e+00
-1.000000e-04,-1.940000e+00
0,-1.950000e+00
1.000000e-04,-1.940000e+00
1.000000e-04,-1.940000e+00
2.000000e-04,-1.930000e+00
3.000000e-04,-1.940000e+00
4.000000e-04,-1.920000e+00
4.000000e-04,-1.940000e+00
5.000000e-04,-1.940000e+00
6.000000e-04,-1.930000e+00
7.000000e-04,-1.960000e+00
7.000000e-04,-1.940000e+00
8.000000e-04,-1.930000e+00
9.000000e-04,-1.930000e+00
1.000000e-03,-1.930000e+00
1.100000e-03,-1.930000e+00
1.100000e-03,-1.940000e+00
1.200000e-03,-1.950000e+00
1.300000e-03,-1.960000e+00
1.300000e-03,-1.930000e+00
1.400000e-03,-1.940000e+00
1.500000e-03,-1.940000e+00
1.600000e-03,-1.940000e+00
1.700000e-03,-1.970000e+00
1.800000e-03,-1.950000e+00
1.800000e-03,-1.950000e+00
1.900000e-03,-1.940000e+00
2.000000e-03,-1.950000e+00
2.100000e-03,-1.970000e+00
2.100000e-03,-1.970000e+00
2.200000e-03,-1.970000e+00
2.300000e-03,-1.970000e+00
2.400000e-03,-1.950000e+00
2.400000e-03,-1.940000e+00
2.600000e-03,-1.930000e+00
2.600000e-03,-1.950000e+00
2.700000e-03,-1.950000e+00
2.800000e-03,-1.950000e+00
2.900000e-03,-1.960000e+00
2.900000e-03,-1.950000e+00
3.000000e-03,-1.950000e+00
3.100000e-03,-1.980000e+00
3.200000e-03,-1.940000e+00
3.300000e-03,-1.940000e+00
3.300000e-03,-1.960000e+00
3.400000e-03,-1.970000e+00
3.500000e-03,-1.950000e+00
3.600000e-03,-1.970000e+00
3.600000e-03,-1.960000e+00
3.800000e-03,-1.960000e+00
3.800000e-03,-1.960000e+00
3.900000e-03,-1.960000e+00
4.000000e-03,-1.960000e+00
4.100000e-03,-1.940000e+00
4.200000e-03,-1.950000e+00
4.300000e-03,-1.970000e+00
4.400000e-03,-1.970000e+00
4.400000e-03,-1.950000e+00
4.500000e-03,-1.960000e+00
4.600000e-03,-1.960000e+00
4.700000e-03,-1.950000e+00
4.800000e-03,-1.950000e+00
4.900000e-03,-1.960000e+00
5.000000e-03,-1.980000e+00
5.100000e-03,-1.970000e+00
5.200000e-03,-1.980000e+00
5.300000e-03,-1.950000e+00
5.300000e-03,-1.990000e+00
5.400000e-03,-1.960000e+00
5.500000e-03,-1.980000e+00
5.600000e-03,-1.980000e+00
5.700000e-03,-1.970000e+00
5.800000e-03,-1.970000e+00
5.900000e-03,-1.970000e+00
6.000000e-03,-1.980000e+00
6.100000e-03,-1.970000e+00
6.100000e-03,-1.980000e+00
6.200000e-03,-1.970000e+00
6.300000e-03,-1.990000e+00
6.400000e-03,-2
6.500000e-03,-1.990000e+00
6.600000e-03,-1.980000e+00
6.700000e-03,-1.990000e+00
6.800000e-03,-1.990000e+00
6.900000e-03,-2
7.000000e-03,-2.010000e+00
7.000000e-03,-2
7.100000e-03,-1.970000e+00
7.200000e-03,-1.990000e+00
7.300000e-03,-1.990000e+00
7.300000e-03,-2
7.400000e-03,-1.990000e+00
7.300000e-03,-1.990000e+00
7.400000e-03,-2
7.300000e-03,-2.010000e+00
7.400000e-03,-2
7.400000e-03,-2
7.300000e-03,-2.020000e+00
7.400000e-03,-2.020000e+00
7.400000e-03,-2.030000e+00
7.400000e-03,-2
7.400000e-03,-2.020000e+00
7.400000e-03,-2.030000e+00
7.400000e-03,-2.030000e+00
7.400000e-03,-2.020000e+00
7.400000e-03,-2
7.400000e-03,-2.030000e+00
7.400000e-03,-2.020000e+00
7.400000e-03,-2.030000e+00
7.400000e-03,-2.010000e+00
7.400000e-03,-2.030000e+00
7.400000e-03,-2.020000e+00
7.400000e-03,-2.010000e+00
7.400000e-03,-2.030000e+00
7.400000e-03,-2.020000e+00
7.400000e-03,-2.020000e+00
7.400000e-03,-2.030000e+00
7.400000e-03,-2.030000e+00
7.400000e-03,-2.020000e+00
7.400000e-03,-2.010000e+00
7.400000e-03,-2.030000e+00
7.400000e-03,-2.010000e+00
7.400000e-03,-2.030000e+00
7.400000e-03,-2.020000e+00
7.400000e-03,-2
7.400000e-03,-2.020000e+00
7.400000e-03,-2.020000e+00
7.400000e-03,-2
7.400000e-03,-2
7.400000e-03,-2.020000e+00
7.400000e-03,-2
7.400000e-03,-2
7.400000e-03,-2.030000e+00
7.400000e-03,-2.010000e+00
7.400000e-03,-2.030000e+00
7.400000e-03,-2.030000e+00
7.400000e-03,-2.010000e+00
7.400000e-03,-1.990000e+00
7.400000e-03,-2.010000e+00
7.400000e-03,-2
7.400000e-03,-1.990000e+00
7.400000e-03,-2.020000e+00
7.400000e-03,-2.020000e+00
7.400000e-03,-2.010000e+00
7.400000e-03,-2.020000e+00
7.400000e-03,-2
7.400000e-03,-2.020000e+00
7.300000e-03,-2
7.300000e-03,-2.020000e+00
7.200000e-03,-2.030000e+00
7.200000e-03,-1.990000e+00
7.100000e-03,-2.020000e+00
7.000000e-03,-2.020000e+00
7.000000e-03,-2.030000e+00
6.900000e-03,-2
6.800000e-03,-1.990000e+00
6.800000e-03,-2
6.700000e-03,-2.010000e+00
6.600000e-03,-2.020000e+00
6.600000e-03,-2.040000e+00
6.500000e-03,-2
6.400000e-03,-2.020000e+00
6.300000e-03,-2.020000e+00
6.200000e-03,-2.020000e+00
6.200000e-03,-2.010000e+00
6.100000e-03,-2
6.000000e-03,-2.030000e+00
5.900000e-03,-2.020000e+00
5.800000e-03,-2.020000e+00
5.700000e-03,-2.020000e+00
5.600000e-03,-2.030000e+00
5.500000e-03,-2.020000e+00
5.500000e-03,-2.030000e+00
5.400000e-03,-2.010000e+00
5.300000e-03,-2.030000e+00
5.200000e-03,-2.020000e+00
5.100000e-03,-2.030000e+00
5.000000e-03,-2.030000e+00
4.900000e-03,-2.020000e+00
4.900000e-03,-2.010000e+00
4.800000e-03,-2.030000e+00
4.700000e-03,-2.030000e+00
4.600000e-03,-2.020000e+00
4.500000e-03,-2.020000e+00
4.400000e-03,-2.030000e+00
4.400000e-03,-2.010000e+00
4.300000e-03,-2.030000e+00
4.200000e-03,-2.040000e+00
4.100000e-03,-2.010000e+00
4.000000e-03,-2.020000e+00
4.000000e-03,-2.020000e+00
3.900000e-03,-2.020000e+00
3.800000e-03,-2.030000e+00
3.700000e-03,-2.020000e+00
3.600000e-03,-2.040000e+00
3.500000e-03,-2.010000e+00
3.500000e-03,-2.010000e+00
3.400000e-03,-2.010000e+00
3.300000e-03,-2.030000e+00
3.200000e-03,-2.030000e+00
3.100000e-03,-2
3.100000e-03,-2.010000e+00
3.000000e-03,-2.020000e+00
2.900000e-03,-1.990000e+00
2.800000e-03,-2.020000e+00
2.800000e-03,-2.010000e+00
2.700000e-03,-2
2.600000e-03,-2.010000e+00
2.500000e-03,-2.010000e+00
2.400000e-03,-2
2.400000e-03,-2.020000e+00
2.300000e-03,-2.020000e+00
2.200000e-03,-2.020000e+00
2.200000e-03,-2
2.000000e-03,-2.020000e+00
2.000000e-03,-2.010000e+00
1.900000e-03,-2
1.800000e-03,-2.010000e+00
1.700000e-03,-1.980000e+00
1.700000e-03,-2.010000e+00
1.600000e-03,-2.020000e+00
1.500000e-03,-2
1.400000e-03,-2
1.400000e-03,-2
1.300000e-03,-2.010000e+00
1.200000e-03,-2.010000e+00
1.100000e-03,-2
1.000000e-03,-2.020000e+00
1.000000e-03,-2.010000e+00
9.000000e-04,-2
8.000000e-04,-2.010000e+00
8.000000e-04,-1.990000e+00
7.000000e-04,-2.020000e+00
6.000000e-04,-1.990000e+00
5.000000e-04,-2
4.000000e-04,-1.990000e+00
3.000000e-04,-2
3.000000e-04,-1.980000e+00
2.000000e-04,-1.990000e+00
1.000000e-04,-1.990000e+00
0,-1.990000e+00
-1.000000e-04,-2
-1.000000e-04,-2
-2.000000e-04,-2.010000e+00
-3.000000e-04,-1.980000e+00
-4.000000e-04,-1.980000e+00
-5.000000e-04,-2
-6.000000e-04,-1.990000e+00
-6.000000e-04,-1.990000e+00
-7.000000e-04,-1.970000e+00
-8.000000e-04,-1.970000e+00
-9.000000e-04,-1.970000e+00
-1.000000e-03,-1.970000e+00
-1.000000e-03,-1.970000e+00
-1.100000e-03,-2
-1.200000e-03,-1.980000e+00
-1.300000e-03,-1.990000e+00
-1.400000e-03,-2
-1.400000e-03,-1.990000e+00
-1.500000e-03,-2
-1.600000e-03,-1.990000e+00
-1.700000e-03,-1.980000e+00
-1.800000e-03,-1.990000e+00
-1.800000e-03,-1.960000e+00
-1.900000e-03,-1.980000e+00
-2.000000e-03,-1.970000e+00
-2.100000e-03,-1.970000e+00
-2.200000e-03,-2
-2.300000e-03,-1.960000e+00
-2.300000e-03,-1.990000e+00
-2.400000e-03,-1.960000e+00
-2.500000e-03,-1.970000e+00
-2.600000e-03,-1.950000e+00
-2.600000e-03,-1.980000e+00
-2.700000e-03,-1.980000e+00
-2.800000e-03,-1.970000e+00
-2.900000e-03,-1.960000e+00
-3.000000e-03,-1.950000e+00
-3.000000e-03,-1.960000e+00
-3.100000e-03,-1.970000e+00
-3.200000e-03,-1.980000e+00
-3.300000e-03,-1.970000e+00
-3.400000e-03,-1.960000e+00
-3.500000e-03,-1.950000e+00
-3.500000e-03,-1.960000e+00
-3.600000e-03,-1.960000e+00
-3.700000e-03,-1.970000e+00
-3.800000e-03,-1.980000e+00
-3.900000e-03,-1.940000e+00
-4.000000e-03,-1.950000e+00
-4.000000e-03,-1.940000e+00
-4.100000e-03,-1.960000e+00
-4.200000e-03,-1.950000e+00
-4.300000e-03,-1.960000e+00
-4.400000e-03,-1.950000e+00
-4.400000e-03,-1.930000e+00
-4.500000e-03,-1.960000e+00
-4.600000e-03,-1.990000e+00
-4.700000e-03,-1.960000e+00
-4.800000e-03,-1.930000e+00
-4.900000e-03,-1.960000e+00
-5.000000e-03,-1.960000e+00
-5.000000e-03,-1.970000e+00
-5.100000e-03,-1.940000e+00
-5.200000e-03,-1.950000e+00
-5.300000e-03,-1.950000e+00
-5.300000e-03,-1.950000e+00
-5.400000e-03,-1.940000e+00
-5.500000e-03,-1.950000e+00
-5.600000e-03,-1.950000e+00
-5.700000e-03,-1.940000e+00
-5.800000e-03,-1.940000e+00
-5.800000e-03,-1.940000e+00
-5.900000e-03,-1.940000e+00
-6.000000e-03,-1.940000e+00
-6.100000e-03,-1.950000e+00
-6.200000e-03,-1.940000e+00
-6.200000e-03,-1.940000e+00
-6.300000e-03,-1.900000e+00
-6.400000e-03,-1.940000e+00
-6.500000e-03,-1.930000e+00
-6.600000e-03,-1.930000e+00
-6.700000e-03,-1.930000e+00
-6.800000e-03,-1.970000e+00
-6.900000e-03,-1.940000e+00
-6.900000e-03,-1.940000e+00
-7.000000e-03,-1.930000e+00
-7.100000e-03,-1.940000e+00
-7.200000e-03,-1.940000e+00
-7.200000e-03,-1.930000e+00
-7.200000e-03,-1.940000e+00
-7.200000e-03,-1.940000e+00
-7.200000e-03,-1.960000e+00
-7.200000e-03,-1.930000e+00
-7.200000e-03,-1.930000e+00
-7.200000e-03,-1.940000e+00
-7.200000e-03,-1.930000e+00
-7.200000e-03,-1.930000e+00
-7.200000e-03,-1.930000e+00
-7.200000e-03,-1.930000e+00
-7.200000e-03,-1.950000e+00
-7.200000e-03,-1.940000e+00
-7.200000e-03,-1.920000e+00
-7.200000e-03,-1.920000e+00
-7.200000e-03,-1.930000e+00
-7.200000e-03,-1.920000e+00
-7.200000e-03,-1.950000e+00
-7.200000e-03,-1.930000e+00
-7.200000e-03,-1.940000e+00
-7.200000e-03,-1.930000e+00
-7.200000e-03,-1.920000e+00
-7.200000e-03,-1.940000e+00
-7.200000e-03,-1.930000e+00
-7.200000e-03,-1.930000e+00
-7.200000e-03,-1.940000e+00
-7.200000e-03,-1.930000e+00
-7.200000e-03,-1.930000e+00
-7.200000e-03,-1.930000e+00
-7.200000e-03,-1.940000e+00
-7.200000e-03,-1.950000e+00
-7.200000e-03,-1.950000e+00
-7.200000e-03,-1.930000e+00
-7.200000e-03,-1.940000e+00
-7.200000e-03,-1.910000e+00
-7.200000e-03,-1.930000e+00
-7.200000e-03,-1.940000e+00
-7.200000e-03,-1.920000e+00
-7.200000e-03,-1.940000e+00
-7.200000e-03,-1.930000e+00
-7.200000e-03,-1.930000e+00
-7.200000e-03,-1.940000e+00
-7.200000e-03,-1.940000e+00
-7.200000e-03,-1.930000e+00
-7.200000e-03,-1.930000e+00
-7.200000e-03,-1.930000e+00
-7.200000e-03,-1.980000e+00
-7.200000e-03,-1.930000e+00
-7.200000e-03,-1.940000e+00
-7.200000e-03,-1.930000e+00
-7.200000e-03,-1.940000e+00
-7.200000e-03,-1.940000e+00
-7.200000e-03,-1.910000e+00
-7.200000e-03,-1.920000e+00
-7.200000e-03,-1.930000e+00
-7.100000e-03,-1.920000e+00
-7.000000e-03,-1.950000e+00
-7.000000e-03,-1.930000e+00
-6.900000e-03,-1.920000e+00
-6.800000e-03,-1.940000e+00
-6.800000e-03,-1.930000e+00
-6.700000e-03,-1.950000e+00
-6.700000e-03,-1.960000e+00
-6.600000e-03,-1.940000e+00
-6.500000e-03,-1.930000e+00
-6.500000e-03,-1.930000e+00
-6.400000e-03,-1.930000e+00
-6.300000e-03,-1.940000e+00
-6.300000e-03,-1.960000e+00
-6.200000e-03,-1.920000e+00
-6.100000e-03,-1.930000e+00
-6.000000e-03,-1.930000e+00
-5.900000e-03,-1.940000e+00
-5.900000e-03,-1.930000e+00
-5.800000e-03,-1.930000e+00
-5.700000e-03,-1.950000e+00
-5.600000e-03,-1.920000e+00
-5.500000e-03,-1.950000e+00
-5.400000e-03,-1.950000e+00
-5.400000e-03,-1.950000e+00
-5.300000e-03,-1.940000e+00
-5.200000e-03,-1.960000e+00
-5.100000e-03,-1.960000e+00
-5.100000e-03,-1.940000e+00
-5.000000e-03,-1.970000e+00
-4.900000e-03,-1.970000e+00
-4.900000e-03,-1.960000e+00
-4.800000e-03,-1.930000e+00
-4.700000e-03,-1.960000e+00
-4.600000e-03,-1.960000e+00
-4.500000e-03,-1.950000e+00
-4.400000e-03,-1.960000e+00
-4.400000e-03,-1.940000e+00
-4.300000e-03,-1.950000e+00
-4.200000e-03,-1.970000e+00
-4.100000e-03,-1.960000e+00
-4.100000e-03,-1.960000e+00
-4.000000e-03,-1.950000e+00
-3.900000e-03,-1.950000e+00
-3.800000e-03,-1.960000e+00
-3.700000e-03,-1.940000e+00
-3.700000e-03,-1.980000e+00
-3.600000e-03,-1.950000e+00
-3.500000e-03,-1.970000e+00
-3.400000e-03,-1.970000e+00
-3.300000e-03,-1.950000e+00
-3.300000e-03,-1.980000e+00
-3.200000e-03,-1.980000e+00
-3.100000e-03,-1.980000e+00
-3.000000e-03,-1.970000e+00
-2.900000e-03,-1.990000e+00
-2.900000e-03,-1.970000e+00
-2.800000e-03,-1.970000e+00
-2.700000e-03,-1.950000e+00
-2.600000e-03,-1.950000e+00
-2.500000e-03,-1.980000e+00
-2.500000e-03,-1.990000e+00
-2.400000e-03,-1.980000e+00
-2.300000e-03,-1.980000e+00
-2.200000e-03,-1.980000e+00
-2.100000e-03,-1.980000e+00
-2.100000e-03,-1.990000e+00
-2.000000e-03,-1.980000e+00
-1.900000e-03,-1.970000e+00
-1.800000e-03,-1.990000e+00
-1.700000e-03,-1.990000e+00
-1.700000e-03,-1.970000e+00
-1.600000e-03,-1.980000e+00
-1.500000e-03,-1.970000e+00
-1.400000e-03,-1.980000e+00
-1.300000e-03,-2
-1.200000e-03,-1.980000e+00
-1.200000e-03,-1.990000e+00
-1.100000e-03,-1.990000e+00
-1.000000e-03,-1.990000e+00
-1.000000e-03,-1.990000e+00
-9.000000e-04,-1.980000e+00
-8.000000e-04,-2.020000e+00
-7.000000e-04,-1.980000e+00
-6.000000e-04,-1.980000e+00
-5.000000e-04,-1.980000e+00
-5.000000e-04,-1.980000e+00
-4.000000e-04,-1.990000e+00
-3.000000e-04,-2
-2.000000e-04,-1.980000e+00
-2.000000e-04,-1.980000e+00
-1.000000e-04,-2
0,-2.020000e+00
1.000000e-04,-2.010000e+00
2.000000e-04,-2
3.000000e-04,-2
3.000000e-04,-2
4.000000e-04,-2.020000e+00
4.000000e-04,-2.020000e+00
6.000000e-04,-2.020000e+00
6.000000e-04,-2
7.000000e-04,-2
8.000000e-04,-2.010000e+00
9.000000e-04,-2.010000e+00
9.000000e-04,-2.030000e+00
1.000000e-03,-2.010000e+00
1.100000e-03,-2.010000e+00
1.200000e-03,-2
1.300000e-03,-2.020000e+00
1.300000e-03,-2.030000e+00
1.400000e-03,-2.040000e+00
1.500000e-03,-2.030000e+00
1.500000e-03,-2.030000e+00
1.700000e-03,-2.030000e+00
1.700000e-03,-2.010000e+00
1.800000e-03,-2.020000e+00
1.900000e-03,-2.030000e+00
2.000000e-03,-2.020000e+00
2.000000e-03,-2.030000e+00
2.100000e-03,-2.020000e+00
2.200000e-03,-2.030000e+00
2.300000e-03,-2.020000e+00
2.400000e-03,-2.040000e+00
2.400000e-03,-2.040000e+00
2.500000e-03,-2.050000e+00
2.600000e-03,-2.040000e+00
2.700000e-03,-2.050000e+00
2.700000e-03,-2.020000e+00
2.800000e-03,-2.040000e+00
2.900000e-03,-2.040000e+00
3.000000e-03,-2.010000e+00
3.100000e-03,-2.050000e+00
3.200000e-03,-2.040000e+00
3.200000e-03,-2.050000e+00
3.300000e-03,-2.030000e+00
3.400000e-03,-2.040000e+00
3.500000e-03,-2.040000e+00
3.600000e-03,-2.040000e+00
3.700000e-03,-2.040000e+00
3.700000e-03,-2.040000e+00
3.800000e-03,-2.040000e+00
3.900000e-03,-2.050000e+00
4.000000e-03,-2.030000e+00
4.100000e-03,-2.070000e+00
4.200000e-03,-2.040000e+00
4.300000e-03,-2.050000e+00
4.400000e-03,-2.040000e+00
4.500000e-03,-2.030000e+00
4.500000e-03,-2.050000e+00
4.600000e-03,-2.050000e+00
4.700000e-03,-2.040000e+00
4.800000e-03,-2.050000e+00
4.900000e-03,-2.060000e+00
5.000000e-03,-2.060000e+00
5.100000e-03,-2.070000e+00
5.200000e-03,-2.040000e+00
5.200000e-03,-2.050000e+00
5.400000e-03,-2.060000e+00
5.400000e-03,-2.060000e+00
5.500000e-03,-2.050000e+00
5.600000e-03,-2.090000e+00
5.700000e-03,-2.050000e+00
5.800000e-03,-2.050000e+00
5.800000e-03,-2.070000e+00
6.000000e-03,-2.060000e+00
6.000000e-03,-2.050000e+00
6.100000e-03,-2.070000e+00
6.200000e-03,-2.050000e+00
6.300000e-03,-2.080000e+00
6.400000e-03,-2.080000e+00
6.500000e-03,-2.070000e+00
6.600000e-03,-2.090000e+00
6.600000e-03,-2.080000e+00
6.700000e-03,-2.070000e+00
6.800000e-03,-2.060000e+00
6.900000e-03,-2.070000e+00
7.000000e-03,-2.070000e+00
7.100000e-03,-2.080000e+00
7.200000e-03,-2.090000e+00
7.200000e-03,-2.080000e+00
7.300000e-03,-2.100000e+00
7.300000e-03,-2.090000e+00
7.300000e-03,-2.110000e+00
7.400000e-03,-2.100000e+00
7.300000e-03,-2.110000e+00
7.300000e-03,-2.130000e+00
7.300000e-03,-2.100000e+00
7.300000e-03,-2.100000e+00
7.400000e-03,-2.110000e+00
7.300000e-03,-2.120000e+00
7.400000e-03,-2.130000e+00
7.400000e-03,-2.110000e+00
7.300000e-03,-2.120000e+00
7.400000e-03,-2.110000e+00
7.400000e-03,-2.130000e+00
7.400000e-03,-2.110000e+00
7.300000e-03,-2.100000e+00
7.400000e-03,-2.130000e+00
7.300000e-03,-2.120000e+00
7.400000e-03,-2.120000e+00
7.400000e-03,-2.130000e+00
7.400000e-03,-2.100000e+00
7.300000e-03,-2.100000e+00
7.300000e-03,-2.110000e+00
7.300000e-03,-2.110000e+00
7.300000e-03,-2.110000e+00
7.300000e-03,-2.120000e+00
7.400000e-03,-2.120000e+00
7.400000e-03,-2.120000e+00
7.400000e-03,-2.110000e+00
7.300000e-03,-2.120000e+00
7.300000e-03,-2.110000e+00
7.400000e-03,-2.120000e+00
7.400000e-03,-2.120000e+00
7.300000e-03,-2.110000e+00
7.300000e-03,-2.120000e+00
7.400000e-03,-2.120000e+00
7.400000e-03,-2.110000e+00
7.400000e-03,-2.120000e+00
7.300000e-03,-2.120000e+00
7.400000e-03,-2.110000e+00
7.300000e-03,-2.090000e+00
7.400000e-03,-2.120000e+00
7.400000e-03,-2.120000e+00
7.300000e-03,-2.100000e+00
7.300000e-03,-2.100000e+00
7.400000e-03,-2.120000e+00
7.400000e-03,-2.110000e+00
7.400000e-03,-2.110000e+00
7.300000e-03,-2.090000e+00
7.400000e-03,-2.110000e+00
7.400000e-03,-2.110000e+00
7.300000e-03,-2.110000e+00
7.300000e-03,-2.100000e+00
7.200000e-03,-2.120000e+00
7.200000e-03,-2.110000e+00
7.100000e-03,-2.120000e+00
7.000000e-03,-2.120000e+00
7.000000e-03,-2.130000e+00
6.900000e-03,-2.110000e+00
6.800000e-03,-2.110000e+00
6.800000e-03,-2.110000e+00
6.700000e-03,-2.080000e+00
6.600000e-03,-2.110000e+00
6.500000e-03,-2.120000e+00
6.500000e-03,-2.110000e+00
6.400000e-03,-2.100000e+00
6.300000e-03,-2.130000e+00
6.200000e-03,-2.120000e+00
6.100000e-03,-2.150000e+00
6.100000e-03,-2.100000e+00
6.000000e-03,-2.100000e+00
5.900000e-03,-2.120000e+00
5.800000e-03,-2.110000e+00
5.700000e-03,-2.110000e+00
5.700000e-03,-2.120000e+00
5.600000e-03,-2.130000e+00
5.500000e-03,-2.120000e+00
5.400000e-03,-2.130000e+00
5.300000e-03,-2.110000e+00
5.200000e-03,-2.120000e+00
5.100000e-03,-2.120000e+00
5.000000e-03,-2.110000e+00
4.900000e-03,-2.130000e+00
4.900000e-03,-2.120000e+00
4.800000e-03,-2.110000e+00
4.700000e-03,-2.130000e+00
4.600000e-03,-2.120000e+00
4.500000e-03,-2.120000e+00
4.400000e-03,-2.140000e+00
4.400000e-03,-2.110000e+00
4.300000e-03,-2.110000e+00
4.200000e-03,-2.140000e+00
4.100000e-03,-2.110000e+00
4.000000e-03,-2.120000e+00
4.000000e-03,-2.120000e+00
3.900000e-03,-2.120000e+00
3.800000e-03,-2.130000e+00
3.700000e-03,-2.110000e+00
3.600000e-03,-2.120000e+00
3.600000e-03,-2.110000e+00
3.500000e-03,-2.130000e+00
3.400000e-03,-2.120000e+00
3.300000e-03,-2.110000e+00
3.200000e-03,-2.130000e+00
3.200000e-03,-2.100000e+00
3.100000e-03,-2.110000e+00
3.000000e-03,-2.120000e+00
2.900000e-03,-2.110000e+00
2.900000e-03,-2.110000e+00
2.800000e-03,-2.110000e+00
2.700000e-03,-2.100000e+00
2.600000e-03,-2.110000e+00
2.500000e-03,-2.120000e+00
2.400000e-03,-2.110000e+00
2.400000e-03,-2.090000e+00
2.300000e-03,-2.110000e+00
2.200000e-03,-2.110000e+00
2.100000e-03,-2.110000e+00
2.100000e-03,-2.080000e+00
2.000000e-03,-2.090000e+00
1.900000e-03,-2.080000e+00
1.800000e-03,-2.110000e+00
1.700000e-03,-2.090000e+00
1.700000e-03,-2.070000e+00
1.600000e-03,-2.090000e+00
1.500000e-03,-2.090000e+00
1.400000e-03,-2.090000e+00
1.300000e-03,-2.090000e+00
1.300000e-03,-2.110000e+00
1.200000e-03,-2.100000e+00
1.100000e-03,-2.100000e+00
1.000000e-03,-2.100000e+00
1.000000e-03,-1.150000e+00
9.000000e-04,-1.130000e+00
8.000000e-04,-1.150000e+00
7.000000e-04,-1.130000e+00
7.000000e-04,-1.130000e+00
6.000000e-04,-1.140000e+00
5.000000e-04,-1.120000e+00
4.000000e-04,-1.130000e+00
4.000000e-04,-1.120000e+00
3.000000e-04,-1.110000e+00
2.000000e-04,-1.110000e+00
1.000000e-04,-1.140000e+00
0,-1.120000e+00
-1.000000e-04,-1.110000e+00
-1.000000e-04,-1.100000e+00
-2.000000e-04,-1.110000e+00
-3.000000e-04,-1.100000e+00
-4.000000e-04,-1.120000e+00
-5.000000e-04,-1.110000e+00
-5.000000e-04,-1.130000e+00
-6.000000e-04,-1.090000e+00
-7.000000e-04,-1.110000e+00
-8.000000e-04,-1.110000e+00
-9.000000e-04,-1.120000e+00
-1.000000e-03,-1.120000e+00
-1.000000e-03,-1.100000e+00
-1.100000e-03,-1.120000e+00
-1.200000e-03,-1.090000e+00
-1.300000e-03,-1.110000e+00
-1.400000e-03,-1.100000e+00
-1.500000e-03,-1.110000e+00
-1.500000e-03,-1.110000e+00
-1.600000e-03,-1.110000e+00
-1.700000e-03,-1.110000e+00
-1.800000e-03,-1.100000e+00
-1.900000e-03,-1.100000e+00
-1.900000e-03,-1.100000e+00
-2.000000e-03,-1.130000e+00
-2.100000e-03,-1.090000e+00
-2.200000e-03,-1.090000e+00
-2.300000e-03,-1.100000e+00
-2.300000e-03,-1.110000e+00
-2.400000e-03,-1.100000e+00
-2.500000e-03,-1.090000e+00
-2.600000e-03,-1.090000e+00
-2.700000e-03,-1.090000e+00
-2.700000e-03,-1.080000e+00
-2.800000e-03,-1.090000e+00
-2.900000e-03,-1.090000e+00
-3.000000e-03,-1.090000e+00
-3.100000e-03,-1.090000e+00
-3.100000e-03,-1.100000e+00
-3.200000e-03,-1.080000e+00
-3.300000e-03,-1.080000e+00
-3.400000e-03,-1.090000e+00
-3.400000e-03,-1.070000e+00
-3.500000e-03,-1.090000e+00
-3.600000e-03,-1.070000e+00
-3.700000e-03,-1.080000e+00
-3.800000e-03,-1.080000e+00
-3.900000e-03,-1.080000e+00
-3.900000e-03,-1.070000e+00
-4.000000e-03,-1.070000e+00
-4.100000e-03,-1.090000e+00
-4.200000e-03,-1.060000e+00
-4.300000e-03,-1.070000e+00
-4.300000e-03,-1.050000e+00
-4.400000e-03,-1.070000e+00
-4.500000e-03,-1.060000e+00
-4.600000e-03,-1.050000e+00
-4.700000e-03,-1.060000e+00
-4.800000e-03,-1.060000e+00
-4.800000e-03,-1.060000e+00
-4.900000e-03,-1.050000e+00
-5.000000e-03,-1.050000e+00
-5.100000e-03,-1.050000e+00
-5.100000e-03,-1.050000e+00
-5.300000e-03,-1.050000e+00
-5.300000e-03,-1.050000e+00
-5.400000e-03,-1.030000e+00
-5.500000e-03,-1.040000e+00
-5.600000e-03,-1.040000e+00
-5.700000e-03,-1.030000e+00
-5.800000e-03,-1.030000e+00
-5.800000e-03,-1.010000e+00
-5.900000e-03,-1.010000e+00
-6.000000e-03,-1.030000e+00
-6.100000e-03,-1.030000e+00
-6.200000e-03,-1.030000e+00
-6.200000e-03,-1.030000e+00
-6.300000e-03,-1.010000e+00
-6.400000e-03,-1.020000e+00
-6.500000e-03,-1.020000e+00
-6.600000e-03,-1.030000e+00
-6.700000e-03,-1.010000e+00
-6.700000e-03,-1
-6.800000e-03,-1
-6.900000e-03,-9.900000e-01
-7.000000e-03,-9.900000e-01
-7.100000e-03,-9.900000e-01
-7.100000e-03,-9.800000e-01
-7.200000e-03,-9.900000e-01
-7.200000e-03,-9.900000e-01
-7.200000e-03,-9.800000e-01
-7.200000e-03,-9.700000e-01
-7.200000e-03,-9.800000e-01
-7.200000e-03,-9.700000e-01
-7.200000e-03,-9.900000e-01
-7.200000e-03,-9.800000e-01
-7.200000e-03,-9.800000e-01
-7.200000e-03,-9.800000e-01
-7.200000e-03,-9.900000e-01
-7.200000e-03,-9.800000e-01
-7.200000e-03,-9.700000e-01
-7.200000e-03,-9.700000e-01
-7.200000e-03,-9.900000e-01
-7.200000e-03,-9.700000e-01
-7.200000e-03,-9.800000e-01
-7.200000e-03,-9.900000e-01
-7.200000e-03,-9.700000e-01
-7.200000e-03,-9.600000e-01
-7.200000e-03,-9.800000e-01
-7.200000e-03,-9.800000e-01
-7.200000e-03,-9.800000e-01
-7.200000e-03,-9.800000e-01
-7.200000e-03,-9.800000e-01
-7.200000e-03,-9.700000e-01
-7.200000e-03,-1
-7.200000e-03,-9.800000e-01
-7.200000e-03,-9.900000e-01
-7.200000e-03,-9.700000e-01
-7.200000e-03,-9.800000e-01
-7.200000e-03,-9.900000e-01
-7.200000e-03,-9.800000e-01
-7.200000e-03,-9.800000e-01
-7.200000e-03,-9.800000e-01
-7.200000e-03,-9.700000e-01
-7.200000e-03,-9.800000e-01
-7.200000e-03,-9.800000e-01
-7.200000e-03,-9.600000e-01
-7.200000e-03,-9.700000e-01
-7.200000e-03,-9.800000e-01
-7.200000e-03,-9.700000e-01
-7.200000e-03,-9.800000e-01
-7.200000e-03,-9.800000e-01
-7.200000e-03,-9.600000e-01
-7.200000e-03,-9.700000e-01
-7.200000e-03,-9.800000e-01
-7.200000e-03,-9.800000e-01
-7.200000e-03,-9.800000e-01
-7.200000e-03,-9.700000e-01
-7.200000e-03,-9.800000e-01
-7.200000e-03,-9.800000e-01
-7.200000e-03,-9.800000e-01
-7.200000e-03,-9.900000e-01
-7.200000e-03,-9.700000e-01
-7.200000e-03,-9.800000e-01
-7.200000e-03,-9.800000e-01
-7.200000e-03,-9.800000e-01
-7.200000e-03,-9.900000e-01
-7.200000e-03,-9.900000e-01
-7.200000e-03,-9.900000e-01
-7.200000e-03,-9.700000e-01
-7.200000e-03,-9.800000e-01
-7.200000e-03,-9.800000e-01
-7.200000e-03,-9.800000e-01
-7.100000e-03,-9.700000e-01
-7.100000e-03,-9.900000e-01
-7.000000e-03,-9.700000e-01
-6.900000e-03,-9.600000e-01
-6.800000e-03,-9.700000e-01
-6.700000e-03,-9.900000e-01
-6.700000e-03,-1
-6.600000e-03,-9.800000e-01
-6.500000e-03,-9.800000e-01
-6.400000e-03,-9.800000e-01
-6.300000e-03,-9.900000e-01
-6.200000e-03,-9.900000e-01
-6.100000e-03,-9.700000e-01
-6.000000e-03,-9.800000e-01
-5.900000e-03,-9.700000e-01
-5.800000e-03,-9.800000e-01
-5.700000e-03,-9.700000e-01
-5.600000e-03,-9.900000e-01
-5.400000e-03,-9.800000e-01
-5.400000e-03,-1
-5.300000e-03,-9.900000e-01
-5.100000e-03,-1
-5.000000e-03,-9.900000e-01
-4.900000e-03,-1
-4.800000e-03,-9.800000e-01
-4.700000e-03,-9.900000e-01
-4.600000e-03,-1.010000e+00
-4.500000e-03,-1
-4.400000e-03,-9.900000e-01
-4.300000e-03,-1
-4.200000e-03,-1
-4.100000e-03,-1
-4.000000e-03,-1.010000e+00
-3.900000e-03,-9.900000e-01
-3.800000e-03,-1.010000e+00
-3.700000e-03,-1
-3.600000e-03,-1.010000e+00
-3.400000e-03,-9.900000e-01
-3.300000e-03,-9.900000e-01
-3.300000e-03,-1.010000e+00
-3.100000e-03,-1.010000e+00
-3.000000e-03,-9.900000e-01
-2.900000e-03,-1.010000e+00
-2.800000e-03,-1
-2.700000e-03,-1
-2.600000e-03,-1.020000e+00
-2.500000e-03,-1.010000e+00
-2.400000e-03,-1
-2.300000e-03,-1.030000e+00
-2.200000e-03,-1.020000e+00
-2.100000e-03,-1.020000e+00
-1.900000e-03,-1.010000e+00
-1.900000e-03,-1.010000e+00
-1.800000e-03,-1.020000e+00
-1.700000e-03,-1.020000e+00
-1.500000e-03,-1.040000e+00
-1.500000e-03,-1.030000e+00
-1.400000e-03,-1.030000e+00
-1.200000e-03,-1.040000e+00
-1.100000e-03,-1.030000e+00
-1.000000e-03,-1.040000e+00
-9.000000e-04,-1.030000e+00
-8.000000e-04,-1.020000e+00
-7.000000e-04,-1.030000e+00
-6.000000e-04,-1.030000e+00
-5.000000e-04,-1.050000e+00
-4.000000e-04,-1.040000e+00
-3.000000e-04,-1.040000e+00
-2.000000e-04,-1.050000e+00
-1.000000e-04,-1.040000e+00
0,-1.050000e+00
2.000000e-04,-1.050000e+00
2.000000e-04,-1.070000e+00
3.000000e-04,-1.060000e+00
4.000000e-04,-1.060000e+00
5.000000e-04,-1.070000e+00
6.000000e-04,-1.050000e+00
8.000000e-04,-1.060000e+00
8.000000e-04,-1.060000e+00
9.000000e-04,-1.070000e+00
1.100000e-03,-1.070000e+00
1.200000e-03,-1.060000e+00
1.300000e-03,-1.060000e+00
1.400000e-03,-1.070000e+00
1.500000e-03,-1.060000e+00
1.600000e-03,-1.090000e+00
1.700000e-03,-1.080000e+00
1.800000e-03,-1.070000e+00
1.900000e-03,-1.070000e+00
2.000000e-03,-1.070000e+00
2.100000e-03,-1.080000e+00
2.200000e-03,-1.070000e+00
2.300000e-03,-1.070000e+00
2.500000e-03,-1.080000e+00
2.600000e-03,-1.090000e+00
2.600000e-03,-1.080000e+00
2.700000e-03,-1.080000e+00
2.900000e-03,-1.080000e+00
3.000000e-03,-1.090000e+00
3.100000e-03,-1.080000e+00
3.200000e-03,-1.090000e+00
3.300000e-03,-1.100000e+00
3.400000e-03,-1.080000e+00
3.500000e-03,-1.090000e+00
3.700000e-03,-1.090000e+00
3.800000e-03,-1.110000e+00
3.900000e-03,-1.100000e+00
4.000000e-03,-1.090000e+00
4.100000e-03,-1.110000e+00
4.200000e-03,-1.100000e+00
4.300000e-03,-1.090000e+00
4.500000e-03,-1.110000e+00
4.600000e-03,-1.110000e+00
4.700000e-03,-1.110000e+00
4.800000e-03,-1.110000e+00
4.900000e-03,-1.120000e+00
5.100000e-03,-1.120000e+00
5.200000e-03,-1.130000e+00
5.300000e-03,-1.120000e+00
5.400000e-03,-1.120000e+00
5.500000e-03,-1.130000e+00
5.600000e-03,-1.120000e+00
5.700000e-03,-1.130000e+00
5.900000e-03,-1.120000e+00
6.000000e-03,-1.130000e+00
6.100000e-03,-1.130000e+00
6.200000e-03,-1.120000e+00
6.300000e-03,-1.140000e+00
6.500000e-03,-1.130000e+00
6.600000e-03,-1.140000e+00
6.600000e-03,-1.130000e+00
6.800000e-03,-1.130000e+00
6.900000e-03,-1.130000e+00
7.000000e-03,-1.140000e+00
7.100000e-03,-1.130000e+00
7.200000e-03,-1.150000e+00
7.400000e-03,-1.160000e+00
7.500000e-03,-1.150000e+00
7.600000e-03,-1.150000e+00
7.700000e-03,-1.150000e+00
7.800000e-03,-1.160000e+00
7.900000e-03,-1.140000e+00
8.100000e-03,-1.150000e+00
8.200000e-03,-1.150000e+00
8.300000e-03,-1.150000e+00
8.400000e-03,-1.150000e+00
8.600000e-03,-1.170000e+00
8.600000e-03,-1.170000e+00
8.800000e-03,-1.180000e+00
8.900000e-03,-1.170000e+00
9.000000e-03,-1.190000e+00
9.100000e-03,-1.200000e+00
9.200000e-03,-1.200000e+00
9.400000e-03,-1.190000e+00
9.500000e-03,-1.210000e+00
9.600000e-03,-1.240000e+00
9.700000e-03,-1.240000e+00
9.800000e-03,-1.250000e+00
1.000000e-02,-1.270000e+00
1.000000e-02,-1.290000e+00
1.000000e-02,-1.300000e+00
1.000000e-02,-1.330000e+00
1.000000e-02,-1.330000e+00
1.000000e-02,-1.330000e+00
1.000000e-02,-1.330000e+00
1.000000e-02,-1.320000e+00
1.000000e-02,-1.330000e+00
1.000000e-02,-1.340000e+00
1.000000e-02,-1.330000e+00
1.000000e-02,-1.340000e+00
1.000000e-02,-1.340000e+00
1.000000e-02,-1.340000e+00
1.000000e-02,-1.330000e+00
1.000000e-02,-1.330000e+00
1.010000e-02,-1.330000e+00
1.000000e-02,-1.350000e+00
1.000000e-02,-1.350000e+00
1.000000e-02,-1.360000e+00
1.000000e-02,-1.350000e+00
1.000000e-02,-1.350000e+00
1.000000e-02,-1.360000e+00
1.000000e-02,-1.360000e+00
1.000000e-02,-1.350000e+00
1.000000e-02,-1.370000e+00
1.000000e-02,-1.350000e+00
1.000000e-02,-1.360000e+00
1.000000e-02,-1.360000e+00
1.000000e-02,-1.360000e+00
1.000000e-02,-1.350000e+00
1.000000e-02,-1.350000e+00
1.000000e-02,-1.350000e+00
1.000000e-02,-1.360000e+00
1.000000e-02,-1.360000e+00
1.000000e-02,-1.350000e+00
1.010000e-02,-1.350000e+00
1.000000e-02,-1.360000e+00
1.010000e-02,-1.350000e+00
1.000000e-02,-1.360000e+00
1.000000e-02,-1.360000e+00
1.000000e-02,-1.360000e+00
1.000000e-02,-1.360000e+00
1.000000e-02,-1.370000e+00
1.000000e-02,-1.360000e+00
1.000000e-02,-1.360000e+00
1.000000e-02,-1.360000e+00
9.900000e-03,-1.350000e+00
9.900000e-03,-1.360000e+00
9.800000e-03,-1.360000e+00
9.700000e-03,-1.360000e+00
9.600000e-03,-1.370000e+00
9.500000e-03,-1.370000e+00
9.400000e-03,-1.360000e+00
9.300000e-03,-1.370000e+00
9.300000e-03,-1.370000e+00
9.100000e-03,-1.370000e+00
9.000000e-03,-1.370000e+00
8.900000e-03,-1.380000e+00
8.900000e-03,-1.370000e+00
8.700000e-03,-1.360000e+00
8.600000e-03,-1.360000e+00
8.500000e-03,-1.390000e+00
8.400000e-03,-1.380000e+00
8.300000e-03,-1.380000e+00
8.100000e-03,-1.390000e+00
8.000000e-03,-1.390000e+00
7.900000e-03,-1.390000e+00
7.800000e-03,-1.380000e+00
7.700000e-03,-1.390000e+00
7.600000e-03,-1.380000e+00
7.400000e-03,-1.380000e+00
7.400000e-03,-1.390000e+00
7.200000e-03,-1.370000e+00
7.100000e-03,-1.380000e+00
7.000000e-03,-1.370000e+00
6.900000e-03,-1.370000e+00
6.800000e-03,-1.380000e+00
6.700000e-03,-1.400000e+00
6.500000e-03,-1.370000e+00
6.500000e-03,-1.370000e+00
6.400000e-03,-1.360000e+00
6.200000e-03,-1.390000e+00
6.100000e-03,-1.380000e+00
6.000000e-03,-1.380000e+00
5.900000e-03,-1.380000e+00
5.800000e-03,-1.380000e+00
5.600000e-03,-1.360000e+00
5.500000e-03,-1.360000e+00
5.400000e-03,-1.370000e+00
5.300000e-03,-1.360000e+00
5.200000e-03,-1.360000e+00
5.000000e-03,-1.370000e+00
4.900000e-03,-1.360000e+00
4.800000e-03,-1.370000e+00
4.700000e-03,-1.360000e+00
4.600000e-03,-1.360000e+00
4.500000e-03,-1.370000e+00
4.400000e-03,-1.370000e+00
4.300000e-03,-1.360000e+00
4.100000e-03,-1.370000e+00
4.000000e-03,-1.360000e+00
3.900000e-03,-1.360000e+00
3.800000e-03,-1.350000e+00
3.700000e-03,-1.360000e+00
3.600000e-03,-1.360000e+00
3.500000e-03,-1.360000e+00
3.400000e-03,-1.370000e+00
3.300000e-03,-1.360000e+00
3.200000e-03,-1.360000e+00
3.100000e-03,-1.370000e+00
3.000000e-03,-1.340000e+00
2.900000e-03,-1.350000e+00
2.800000e-03,-1.350000e+00
2.600000e-03,-1.340000e+00
2.600000e-03,-1.360000e+00
2.400000e-03,-1.370000e+00
2.300000e-03,-1.350000e+00
2.200000e-03,-1.350000e+00
2.100000e-03,-1.340000e+00
2.000000e-03,-1.350000e+00
1.900000e-03,-1.350000e+00
1.800000e-03,-1.360000e+00
1.700000e-03,-1.360000e+00
1.600000e-03,-1.350000e+00
1.500000e-03,-1.330000e+00
1.400000e-03,-1.350000e+00
1.300000e-03,-1.350000e+00
1.200000e-03,-1.340000e+00
1.100000e-03,-1.330000e+00
1.000000e-03,-1.330000e+00
9.000000e-04,-1.340000e+00
7.000000e-04,-1.340000e+00
7.000000e-04,-1.330000e+00
5.000000e-04,-1.330000e+00
4.000000e-04,-1.340000e+00
3.000000e-04,-1.330000e+00
3.000000e-04,-1.330000e+00
1.000000e-04,-1.330000e+00
0,-1.340000e+00
-1.000000e-04,-1.340000e+00
-2.000000e-04,-1.330000e+00
-3.000000e-04,-1.330000e+00
-4.000000e-04,-1.320000e+00
-5.000000e-04,-1.320000e+00
-6.000000e-04,-1.320000e+00
-7.000000e-04,-1.330000e+00
-8.000000e-04,-1.320000e+00
-1.000000e-03,-1.310000e+00
-1.100000e-03,-1.320000e+00
-1.200000e-03,-1.320000e+00
-1.300000e-03,-1.330000e+00
-1.400000e-03,-1.310000e+00
-1.500000e-03,-1.320000e+00
-1.600000e-03,-1.310000e+00
-1.700000e-03,-1.300000e+00
-1.800000e-03,-1.310000e+00
-1.900000e-03,-1.300000e+00
-2.000000e-03,-1.320000e+00
-2.200000e-03,-1.300000e+00
-2.300000e-03,-1.290000e+00
-2.400000e-03,-1.300000e+00
-2.500000e-03,-1.300000e+00
-2.600000e-03,-1.290000e+00
-2.700000e-03,-1.280000e+00
-2.800000e-03,-1.290000e+00
-2.900000e-03,-1.300000e+00
-3.000000e-03,-1.290000e+00
-3.100000e-03,-1.280000e+00
-3.300000e-03,-1.260000e+00
-3.300000e-03,-1.280000e+00
-3.400000e-03,-1.290000e+00
-3.600000e-03,-1.260000e+00
-3.700000e-03,-1.270000e+00
-3.800000e-03,-1.270000e+00
-3.900000e-03,-1.250000e+00
-4.000000e-03,-1.260000e+00
-4.100000e-03,-1.240000e+00
-4.200000e-03,-1.240000e+00
-4.300000e-03,-1.250000e+00
-4.500000e-03,-1.240000e+00
-4.600000e-03,-1.220000e+00
-4.700000e-03,-1.230000e+00
-4.800000e-03,-1.250000e+00
-4.900000e-03,-1.220000e+00
-5.000000e-03,-1.220000e+00
-5.100000e-03,-1.210000e+00
-5.200000e-03,-1.220000e+00
-5.300000e-03,-1.220000e+00
-5.500000e-03,-1.200000e+00
-5.500000e-03,-1.200000e+00
-5.600000e-03,-1.190000e+00
-5.800000e-03,-1.170000e+00
-5.900000e-03,-1.180000e+00
-6.000000e-03,-1.160000e+00
-6.100000e-03,-1.170000e+00
-6.200000e-03,-1.170000e+00
-6.300000e-03,-1.180000e+00
-6.400000e-03,-1.160000e+00
-6.600000e-03,-1.150000e+00
-6.700000e-03,-1.150000e+00
-6.800000e-03,-1.150000e+00
-6.900000e-03,-1.150000e+00
-7.000000e-03,-1.140000e+00
-7.100000e-03,-1.150000e+00
-7.200000e-03,-1.150000e+00
-7.300000e-03,-1.140000e+00
-7.500000e-03,-1.150000e+00
-7.600000e-03,-1.140000e+00
-7.700000e-03,-1.130000e+00
-7.800000e-03,-1.150000e+00
-7.900000e-03,-1.140000e+00
-8.000000e-03,-1.130000e+00
-8.100000e-03,-1.150000e+00
-8.200000e-03,-1.150000e+00
-8.400000e-03,-1.140000e+00
-8.500000e-03,-1.170000e+00
-8.600000e-03,-1.150000e+00
-8.700000e-03,-1.150000e+00
-8.800000e-03,-1.130000e+00
-8.900000e-03,-1.160000e+00
-9.000000e-03,-1.150000e+00
-9.100000e-03,-1.150000e+00
-9.300000e-03,-1.150000e+00
-9.400000e-03,-1.160000e+00
-9.500000e-03,-1.190000e+00
-9.600000e-03,-1.200000e+00
-9.700000e-03,-1.210000e+00
-9.800000e-03,-1.220000e+00
-9.700000e-03,-1.220000e+00
-9.700000e-03,-1.220000e+00
-9.700000e-03,-1.230000e+00
-9.700000e-03,-1.240000e+00
-9.700000e-03,-1.250000e+00
-9.700000e-03,-1.280000e+00
-9.700000e-03,-1.280000e+00
-9.800000e-03,-1.280000e+00
-9.700000e-03,-1.270000e+00
-9.700000e-03,-1.290000e+00
-9.800000e-03,-1.290000e+00
-9.800000e-03,-1.300000e+00
-9.800000e-03,-1.280000e+00
-9.800000e-03,-1.280000e+00
-9.800000e-03,-1.280000e+00
-9.800000e-03,-1.270000e+00
-9.800000e-03,-1.290000e+00
-9.800000e-03,-1.300000e+00
-9.800000e-03,-1.290000e+00
-9.800000e-03,-1.280000e+00
-9.800000e-03,-1.280000e+00
-9.800000e-03,-1.290000e+00
-9.800000e-03,-1.280000e+00
-9.800000e-03,-1.280000e+00
-9.800000e-03,-1.280000e+00
-9.800000e-03,-1.280000e+00
-9.800000e-03,-1.280000e+00
-9.800000e-03,-1.270000e+00
-9.800000e-03,-1.270000e+00
-9.800000e-03,-1.270000e+00
-9.800000e-03,-1.290000e+00
-9.800000e-03,-1.290000e+00
-9.800000e-03,-1.280000e+00
-9.800000e-03,-1.270000e+00
-9.800000e-03,-1.300000e+00
-9.800000e-03,-1.280000e+00
-9.800000e-03,-1.280000e+00
-9.800000e-03,-1.290000e+00
-9.800000e-03,-1.290000e+00
-9.700000e-03,-1.280000e+00
-9.800000e-03,-1.280000e+00
-9.800000e-03,-1.280000e+00
-9.800000e-03,-1.290000e+00
-9.700000e-03,-1.290000e+00
-9.600000e-03,-1.280000e+00
-9.500000e-03,-1.290000e+00
-9.500000e-03,-1.270000e+00
-9.400000e-03,-1.280000e+00
-9.300000e-03,-1.290000e+00
-9.200000e-03,-1.280000e+00
-9.200000e-03,-1.280000e+00
-9.000000e-03,-1.300000e+00
-9.000000e-03,-1.290000e+00
-8.900000e-03,-1.280000e+00
-8.800000e-03,-1.290000e+00
-8.700000e-03,-1.300000e+00
-8.600000e-03,-1.290000e+00
-8.500000e-03,-1.300000e+00
-8.400000e-03,-1.320000e+00
-8.300000e-03,-1.310000e+00
-8.100000e-03,-1.340000e+00
-8.000000e-03,-1.320000e+00
-7.900000e-03,-1.330000e+00
-7.800000e-03,-1.340000e+00
-7.700000e-03,-1.340000e+00
-7.600000e-03,-1.340000e+00
-7.500000e-03,-1.350000e+00
-7.400000e-03,-1.340000e+00
-7.300000e-03,-1.340000e+00
-7.200000e-03,-1.350000e+00
-7.100000e-03,-1.360000e+00
-6.900000e-03,-1.360000e+00
-6.800000e-03,-1.350000e+00
-6.800000e-03,-1.370000e+00
-6.600000e-03,-1.360000e+00
-6.500000e-03,-1.360000e+00
-6.400000e-03,-1.370000e+00
-6.300000e-03,-1.380000e+00
-6.200000e-03,-1.370000e+00
-6.100000e-03,-1.390000e+00
-6.000000e-03,-1.390000e+00
-5.900000e-03,-1.380000e+00
-5.800000e-03,-1.380000e+00
-5.700000e-03,-1.380000e+00
-5.600000e-03,-1.400000e+00
-5.500000e-03,-1.400000e+00
-5.400000e-03,-1.400000e+00
-5.300000e-03,-1.390000e+00
-5.200000e-03,-1.410000e+00
-5.000000e-03,-1.420000e+00
-4.900000e-03,-1.430000e+00
-4.800000e-03,-1.420000e+00
-4.700000e-03,-1.430000e+00
-4.600000e-03,-1.430000e+00
-4.500000e-03,-1.430000e+00
-4.400000e-03,-1.440000e+00
-4.300000e-03,-1.430000e+00
-4.200000e-03,-1.420000e+00
-4.100000e-03,-1.430000e+00
-4.000000e-03,-1.430000e+00
-3.900000e-03,-1.450000e+00
-3.800000e-03,-1.440000e+00
-3.600000e-03,-1.450000e+00
-3.600000e-03,-1.460000e+00
-3.400000e-03,-1.440000e+00
-3.400000e-03,-1.460000e+00
-3.300000e-03,-1.460000e+00
-3.100000e-03,-1.460000e+00
-3.000000e-03,-1.480000e+00
-2.900000e-03,-1.460000e+00
-2.800000e-03,-1.470000e+00
-2.700000e-03,-1.460000e+00
-2.600000e-03,-1.480000e+00
-2.500000e-03,-1.480000e+00
-2.400000e-03,-1.500000e+00
-2.300000e-03,-1.470000e+00
-2.200000e-03,-1.480000e+00
-2.100000e-03,-1.490000e+00
-1.900000e-03,-1.490000e+00
-1.800000e-03,-1.490000e+00
-1.700000e-03,-1.490000e+00
-1.600000e-03,-1.480000e+00
-1.500000e-03,-1.500000e+00
-1.400000e-03,-1.500000e+00
-1.300000e-03,-1.490000e+00
-1.200000e-03,-1.500000e+00
-1.100000e-03,-1.500000e+00
-1.000000e-03,-1.500000e+00
-9.000000e-04,-1.510000e+00
-8.000000e-04,-1.510000e+00
-7.000000e-04,-1.510000e+00
-6.000000e-04,-1.510000e+00
-4.000000e-04,-1.520000e+00
-4.000000e-04,-1.510000e+00
-2.000000e-04,-1.510000e+00
-1.000000e-04,-1.510000e+00
-1.000000e-04,-1.520000e+00
1.000000e-04,-1.510000e+00
2.000000e-04,-1.520000e+00
3.000000e-04,-1.520000e+00
4.000000e-04,-1.520000e+00
5.000000e-04,-1.520000e+00
6.000000e-04,-1.510000e+00
7.000000e-04,-1.530000e+00
8.000000e-04,-1.540000e+00
9.000000e-04,-1.550000e+00
1.000000e-03,-1.520000e+00
1.100000e-03,-1.520000e+00
1.200000e-03,-1.540000e+00
1.300000e-03,-1.530000e+00
1.400000e-03,-1.520000e+00
1.600000e-03,-1.540000e+00
1.600000e-03,-1.540000e+00
1.700000e-03,-1.550000e+00
1.900000e-03,-1.540000e+00
2.000000e-03,-1.540000e+00
2.100000e-03,-1.530000e+00
2.200000e-03,-1.550000e+00
2.300000e-03,-1.550000e+00
2.400000e-03,-1.550000e+00
2.500000e-03,-1.540000e+00
2.600000e-03,-1.550000e+00
2.700000e-03,-1.550000e+00
2.800000e-03,-1.540000e+00
3.000000e-03,-1.550000e+00
3.000000e-03,-1.550000e+00
3.200000e-03,-1.560000e+00
3.300000e-03,-1.550000e+00
3.400000e-03,-1.560000e+00
3.500000e-03,-1.560000e+00
3.600000e-03,-1.550000e+00
3.700000e-03,-1.540000e+00
3.800000e-03,-1.550000e+00
3.900000e-03,-1.550000e+00
4.100000e-03,-1.560000e+00
4.100000e-03,-1.560000e+00
4.300000e-03,-1.550000e+00
4.400000e-03,-1.570000e+00
4.500000e-03,-1.570000e+00
4.700000e-03,-1.570000e+00
4.800000e-03,-1.570000e+00
4.900000e-03,-1.580000e+00
5.000000e-03,-1.560000e+00
5.100000e-03,-1.570000e+00
5.300000e-03,-1.580000e+00
5.400000e-03,-1.550000e+00
5.500000e-03,-1.580000e+00
5.600000e-03,-1.580000e+00
5.700000e-03,-1.580000e+00
5.800000e-03,-1.580000e+00
5.900000e-03,-1.570000e+00
6.100000e-03,-1.580000e+00
6.200000e-03,-1.580000e+00
6.300000e-03,-1.570000e+00
6.400000e-03,-1.570000e+00
6.500000e-03,-1.580000e+00
6.700000e-03,-1.590000e+00
6.800000e-03,-1.580000e+00
6.900000e-03,-1.590000e+00
7.000000e-03,-1.580000e+00
7.100000e-03,-1.580000e+00
7.200000e-03,-1.580000e+00
7.300000e-03,-1.580000e+00
7.500000e-03,-1.580000e+00
7.600000e-03,-1.600000e+00
7.700000e-03,-1.590000e+00
7.800000e-03,-1.590000e+00
7.900000e-03,-1.580000e+00
8.100000e-03,-1.580000e+00
8.200000e-03,-1.590000e+00
8.300000e-03,-1.590000e+00
8.400000e-03,-1.590000e+00
8.500000e-03,-1.590000e+00
8.700000e-03,-1.580000e+00
8.800000e-03,-1.600000e+00
8.900000e-03,-1.580000e+00
9.000000e-03,-1.600000e+00
9.100000e-03,-1.570000e+00
9.200000e-03,-1.590000e+00
9.300000e-03,-1.600000e+00
9.500000e-03,-1.590000e+00
9.600000e-03,-1.600000e+00
9.700000e-03,-1.600000e+00
9.800000e-03,-1.610000e+00
9.900000e-03,-1.620000e+00
9.900000e-03,-1.650000e+00
1.000000e-02,-1.660000e+00
1.000000e-02,-1.670000e+00
1.000000e-02,-1.670000e+00
1.000000e-02,-1.650000e+00
1.000000e-02,-1.680000e+00
1.000000e-02,-1.670000e+00
1.000000e-02,-1.680000e+00
1.000000e-02,-1.660000e+00
1.000000e-02,-1.660000e+00
1.000000e-02,-1.680000e+00
1.000000e-02,-1.690000e+00
1.000000e-02,-1.670000e+00
1.000000e-02,-1.700000e+00
1.000000e-02,-1.680000e+00
1.000000e-02,-1.670000e+00
1.000000e-02,-1.700000e+00
1.000000e-02,-1.690000e+00
1.000000e-02,-1.680000e+00
1.000000e-02,-1.680000e+00
1.000000e-02,-1.680000e+00
1.000000e-02,-1.690000e+00
1.000000e-02,-1.690000e+00
1.000000e-02,-1.700000e+00
1.000000e-02,-1.690000e+00
1.000000e-02,-1.690000e+00
1.000000e-02,-1.690000e+00
1.000000e-02,-1.700000e+00
1.000000e-02,-1.700000e+00
1.000000e-02,-1.700000e+00
1.000000e-02,-1.700000e+00
1.000000e-02,-1.710000e+00
1.000000e-02,-1.710000e+00
1.000000e-02,-1.700000e+00
1.000000e-02,-1.700000e+00
1.000000e-02,-1.700000e+00
1.000000e-02,-1.700000e+00
1.000000e-02,-1.700000e+00
1.000000e-02,-1.710000e+00
1.000000e-02,-1.710000e+00
1.000000e-02,-1.710000e+00
1.000000e-02,-1.690000e+00
1.000000e-02,-1.710000e+00
1.000000e-02,-1.690000e+00
1.000000e-02,-1.710000e+00
1.000000e-02,-1.700000e+00
1.000000e-02,-1.690000e+00
1.000000e-02,-1.710000e+00
1.000000e-02,-1.710000e+00
1.000000e-02,-1.710000e+00
1.000000e-02,-1.710000e+00
1.000000e-02,-1.700000e+00
9.900000e-03,-1.710000e+00
9.800000e-03,-1.710000e+00
9.700000e-03,-1.710000e+00
9.700000e-03,-1.700000e+00
9.600000e-03,-1.710000e+00
9.500000e-03,-1.720000e+00
9.400000e-03,-1.720000e+00
9.300000e-03,-1.720000e+00
9.200000e-03,-1.740000e+00
9.100000e-03,-1.730000e+00
9.000000e-03,-1.740000e+00
8.900000e-03,-1.740000e+00
8.800000e-03,-1.710000e+00
8.700000e-03,-1.730000e+00
8.500000e-03,-1.740000e+00
8.500000e-03,-1.730000e+00
8.300000e-03,-1.740000e+00
8.200000e-03,-1.730000e+00
8.100000e-03,-1.730000e+00
8.000000e-03,-1.730000e+00
7.900000e-03,-1.740000e+00
7.800000e-03,-1.750000e+00
7.700000e-03,-1.740000e+00
7.500000e-03,-1.740000e+00
7.400000e-03,-1.740000e+00
7.300000e-03,-1.730000e+00
7.200000e-03,-1.750000e+00
7.100000e-03,-1.750000e+00
7.000000e-03,-1.720000e+00
6.900000e-03,-1.750000e+00
6.700000e-03,-1.730000e+00
6.600000e-03,-1.740000e+00
6.500000e-03,-1.730000e+00
6.400000e-03,-1.730000e+00
6.300000e-03,-1.740000e+00
6.200000e-03,-1.730000e+00
6.100000e-03,-1.730000e+00
6.000000e-03,-1.730000e+00
5.800000e-03,-1.730000e+00
5.700000e-03,-1.730000e+00
5.600000e-03,-1.740000e+00
5.500000e-03,-1.730000e+00
5.400000e-03,-1.720000e+00
5.200000e-03,-1.730000e+00
5.100000e-03,-1.720000e+00
5.000000e-03,-1.720000e+00
4.900000e-03,-1.730000e+00
4.800000e-03,-1.720000e+00
4.700000e-03,-1.730000e+00
4.500000e-03,-1.730000e+00
4.400000e-03,-1.730000e+00
4.300000e-03,-1.710000e+00
4.200000e-03,-1.720000e+00
4.100000e-03,-1.730000e+00
4.000000e-03,-1.720000e+00
3.900000e-03,-1.720000e+00
3.800000e-03,-1.730000e+00
3.700000e-03,-1.730000e+00
3.600000e-03,-1.720000e+00
3.400000e-03,-1.710000e+00
3.400000e-03,-1.730000e+00
3.300000e-03,-1.730000e+00
3.100000e-03,-1.710000e+00
3.000000e-03,-1.710000e+00
3.000000e-03,-1.710000e+00
2.800000e-03,-1.720000e+00
2.700000e-03,-1.720000e+00
2.600000e-03,-1.710000e+00
2.500000e-03,-1.730000e+00
2.400000e-03,-1.720000e+00
2.300000e-03,-1.700000e+00
2.200000e-03,-1.700000e+00
2.100000e-03,-1.720000e+00
2.000000e-03,-1.700000e+00
1.900000e-03,-1.700000e+00
1.700000e-03,-1.720000e+00
1.700000e-03,-1.700000e+00
1.600000e-03,-1.700000e+00
1.400000e-03,-1.720000e+00
1.300000e-03,-1.700000e+00
1.200000e-03,-1.700000e+00
1.100000e-03,-1.690000e+00
1.100000e-03,-1.710000e+00
9.000000e-04,-1.700000e+00
8.000000e-04,-1.710000e+00
7.000000e-04,-1.700000e+00
6.000000e-04,-1.700000e+00
5.000000e-04,-1.690000e+00
4.000000e-04,-1.690000e+00
3.000000e-04,-1.690000e+00
2.000000e-04,-1.700000e+00
1.000000e-04,-1.700000e+00
0,-1.680000e+00
-1.000000e-04,-1.690000e+00
-3.000000e-04,-1.680000e+00
-4.000000e-04,-1.700000e+00
-5.000000e-04,-1.700000e+00
-6.000000e-04,-1.700000e+00
-7.000000e-04,-1.690000e+00
-8.000000e-04,-1.680000e+00
-9.000000e-04,-1.670000e+00
-1.000000e-03,-1.690000e+00
-1.100000e-03,-1.700000e+00
-1.300000e-03,-1.690000e+00
-1.400000e-03,-1.690000e+00
-1.400000e-03,-1.670000e+00
-1.500000e-03,-1.670000e+00
-1.700000e-03,-1.680000e+00
-1.800000e-03,-1.680000e+00
-1.900000e-03,-1.680000e+00
-2.000000e-03,-1.680000e+00
-2.100000e-03,-1.680000e+00
-2.200000e-03,-1.670000e+00
-2.300000e-03,-1.660000e+00
-2.400000e-03,-1.670000e+00
-2.500000e-03,-1.660000e+00
-2.600000e-03,-1.670000e+00
-2.800000e-03,-1.640000e+00
-2.900000e-03,-1.650000e+00
-3.000000e-03,-1.640000e+00
-3.100000e-03,-1.640000e+00
-3.200000e-03,-1.640000e+00
-3.300000e-03,-1.640000e+00
-3.400000e-03,-1.650000e+00
-3.500000e-03,-1.640000e+00
-3.600000e-03,-1.640000e+00
-3.700000e-03,-1.640000e+00
-3.800000e-03,-1.630000e+00
-3.900000e-03,-1.620000e+00
-4.000000e-03,-1.640000e+00
-4.100000e-03,-1.620000e+00
-4.300000e-03,-1.620000e+00
-4.400000e-03,-1.620000e+00
-4.500000e-03,-1.620000e+00
-4.600000e-03,-1.630000e+00
-4.700000e-03,-1.620000e+00
-4.800000e-03,-1.620000e+00
-4.900000e-03,-1.620000e+00
-5.000000e-03,-1.600000e+00
-5.100000e-03,-1.600000e+00
-5.200000e-03,-1.600000e+00
-5.400000e-03,-1.610000e+00
-5.500000e-03,-1.590000e+00
-5.500000e-03,-1.590000e+00
-5.700000e-03,-1.580000e+00
-5.800000e-03,-1.600000e+00
-5.900000e-03,-1.590000e+00
-6.000000e-03,-1.560000e+00
-6.100000e-03,-1.580000e+00
-6.300000e-03,-1.580000e+00
-6.300000e-03,-1.570000e+00
-6.500000e-03,-1.580000e+00
-6.600000e-03,-1.550000e+00
-6.700000e-03,-1.570000e+00
-6.800000e-03,-1.570000e+00
-6.900000e-03,-1.560000e+00
-7.100000e-03,-1.560000e+00
-7.100000e-03,-1.560000e+00
-7.300000e-03,-1.560000e+00
-7.400000e-03,-1.560000e+00
-7.500000e-03,-1.570000e+00
-7.600000e-03,-1.550000e+00
-7.700000e-03,-1.550000e+00
-7.800000e-03,-1.530000e+00
-7.900000e-03,-1.550000e+00
-8.000000e-03,-1.540000e+00
-8.200000e-03,-1.540000e+00
-8.300000e-03,-1.550000e+00
-8.400000e-03,-1.530000e+00
-8.500000e-03,-1.530000e+00
-8.600000e-03,-1.540000e+00
-8.700000e-03,-1.540000e+00
-8.800000e-03,-1.530000e+00
-9.000000e-03,-1.520000e+00
-9.100000e-03,-1.530000e+00
-9.200000e-03,-1.520000e+00
-9.300000e-03,-1.520000e+00
-9.400000e-03,-1.520000e+00
-9.500000e-03,-1.530000e+00
-9.600000e-03,-1.520000e+00
-9.700000e-03,-1.520000e+00
-9.700000e-03,-1.520000e+00
-9.700000e-03,-1.510000e+00
-9.800000e-03,-1.520000e+00
-9.800000e-03,-1.510000e+00
-9.700000e-03,-1.530000e+00
-9.800000e-03,-1.530000e+00
-9.700000e-03,-1.490000e+00
-9.800000e-03,-1.530000e+00
-9.800000e-03,-1.520000e+00
-9.800000e-03,-1.520000e+00
-9.800000e-03,-1.510000e+00
-9.800000e-03,-1.530000e+00
-9.800000e-03,-1.520000e+00
-9.800000e-03,-1.530000e+00
-9.800000e-03,-1.520000e+00
-9.800000e-03,-1.520000e+00
-9.800000e-03,-1.510000e+00
-9.800000e-03,-1.510000e+00
-9.800000e-03,-1.520000e+00
-9.800000e-03,-1.510000e+00
-9.800000e-03,-1.520000e+00
-9.700000e-03,-1.510000e+00
-9.800000e-03,-1.510000e+00
-9.800000e-03,-1.520000e+00
-9.800000e-03,-1.530000e+00
-9.800000e-03,-1.520000e+00
-9.800000e-03,-1.530000e+00
-9.800000e-03,-1.510000e+00
-9.800000e-03,-1.530000e+00
-9.800000e-03,-1.520000e+00
-9.700000e-03,-1.530000e+00
-9.800000e-03,-1.530000e+00
-9.800000e-03,-1.520000e+00
-9.800000e-03,-1.530000e+00
-9.800000e-03,-1.530000e+00
-9.700000e-03,-1.520000e+00
-9.800000e-03,-1.520000e+00
-9.800000e-03,-1.510000e+00
-9.800000e-03,-1.510000e+00
-9.700000e-03,-1.510000e+00
-9.600000e-03,-1.510000e+00
-9.500000e-03,-1.520000e+00
-9.400000e-03,-1.530000e+00
-9.400000e-03,-1.520000e+00
-9.300000e-03,-1.530000e+00
-9.200000e-03,-1.530000e+00
-9.100000e-03,-1.520000e+00
-9.000000e-03,-1.510000e+00
-8.900000e-03,-1.530000e+00
-8.900000e-03,-1.520000e+00
-8.800000e-03,-1.520000e+00
-8.600000e-03,-1.520000e+00
-8.500000e-03,-1.540000e+00
-8.400000e-03,-1.530000e+00
-8.300000e-03,-1.520000e+00
-8.200000e-03,-1.530000e+00
-8.100000e-03,-1.530000e+00
-8.000000e-03,-1.520000e+00
-7.900000e-03,-1.540000e+00
-7.800000e-03,-1.540000e+00
-7.700000e-03,-1.540000e+00
-7.600000e-03,-1.530000e+00
-7.500000e-03,-1.530000e+00
-7.400000e-03,-1.520000e+00
-7.300000e-03,-1.530000e+00
-7.200000e-03,-1.550000e+00
-7.000000e-03,-1.540000e+00
-6.900000e-03,-1.560000e+00
-6.800000e-03,-1.530000e+00
-6.700000e-03,-1.550000e+00
-6.600000e-03,-1.560000e+00
-6.500000e-03,-1.550000e+00
-6.400000e-03,-1.540000e+00
-6.300000e-03,-1.550000e+00
-6.200000e-03,-1.540000e+00
-6.100000e-03,-1.560000e+00
-6.000000e-03,-1.570000e+00
-5.900000e-03,-1.560000e+00
-5.700000e-03,-1.570000e+00
-5.700000e-03,-1.570000e+00
-5.500000e-03,-1.580000e+00
-5.400000e-03,-1.580000e+00
-5.300000e-03,-1.590000e+00
-5.200000e-03,-1.590000e+00
-5.100000e-03,-1.600000e+00
-5.000000e-03,-1.590000e+00
-4.900000e-03,-1.600000e+00
-4.800000e-03,-1.600000e+00
-4.700000e-03,-1.600000e+00
-4.600000e-03,-1.600000e+00
-4.500000e-03,-1.600000e+00
-4.400000e-03,-1.610000e+00
-4.300000e-03,-1.610000e+00
-4.200000e-03,-1.610000e+00
-4.000000e-03,-1.610000e+00
-3.900000e-03,-1.610000e+00
-3.900000e-03,-1.620000e+00
-3.700000e-03,-1.620000e+00
-3.600000e-03,-1.600000e+00
-3.500000e-03,-1.610000e+00
-3.400000e-03,-1.610000e+00
-3.300000e-03,-1.630000e+00
-3.200000e-03,-1.630000e+00
-3.100000e-03,-1.620000e+00
-3.000000e-03,-1.630000e+00
-2.900000e-03,-1.630000e+00
-2.800000e-03,-1.630000e+00
-2.700000e-03,-1.640000e+00
-2.600000e-03,-1.650000e+00
-2.500000e-03,-1.640000e+00
-2.300000e-03,-1.640000e+00
-2.200000e-03,-1.630000e+00
-2.100000e-03,-1.630000e+00
-2.100000e-03,-1.640000e+00
-1.900000e-03,-1.640000e+00
-1.800000e-03,-1.640000e+00
-1.700000e-03,-1.640000e+00
-1.600000e-03,-1.650000e+00
-1.500000e-03,-1.640000e+00
-1.400000e-03,-1.650000e+00
-1.300000e-03,-1.650000e+00
-1.200000e-03,-1.640000e+00
-1.000000e-03,-1.660000e+00
-9.000000e-04,-1.660000e+00
-8.000000e-04,-1.660000e+00
-7.000000e-04,-1.660000e+00
-6.000000e-04,-1.670000e+00
-5.000000e-04,-1.670000e+00
-4.000000e-04,-1.650000e+00
-3.000000e-04,-1.660000e+00
-2.000000e-04,-1.670000e+00
-1.000000e-04,-1.670000e+00
0,-1.670000e+00
1.000000e-04,-1.670000e+00
2.000000e-04,-1.660000e+00
3.000000e-04,-1.680000e+00
4.000000e-04,-1.680000e+00
5.000000e-04,-1.670000e+00
7.000000e-04,-1.660000e+00
7.000000e-04,-1.680000e+00
8.000000e-04,-1.690000e+00
9.000000e-04,-1.680000e+00
1.000000e-03,-1.680000e+00
1.100000e-03,-1.680000e+00
1.300000e-03,-1.680000e+00
1.300000e-03,-1.690000e+00
1.500000e-03,-1.690000e+00
1.600000e-03,-1.710000e+00
1.700000e-03,-1.700000e+00
1.800000e-03,-1.690000e+00
1.900000e-03,-1.700000e+00
2.000000e-03,-1.700000e+00
2.100000e-03,-1.700000e+00
2.200000e-03,-1.710000e+00
2.300000e-03,-1.720000e+00
2.400000e-03,-1.710000e+00
2.600000e-03,-1.710000e+00
2.600000e-03,-1.720000e+00
2.700000e-03,-1.730000e+00
2.900000e-03,-1.720000e+00
3.000000e-03,-1.720000e+00
3.100000e-03,-1.740000e+00
3.200000e-03,-1.720000e+00
3.300000e-03,-1.730000e+00
3.400000e-03,-1.730000e+00
3.500000e-03,-1.730000e+00
3.700000e-03,-1.720000e+00
3.800000e-03,-1.750000e+00
3.800000e-03,-1.750000e+00
4.000000e-03,-1.740000e+00
4.100000e-03,-1.740000e+00
4.200000e-03,-1.750000e+00
4.300000e-03,-1.730000e+00
4.500000e-03,-1.750000e+00
4.600000e-03,-1.730000e+00
4.700000e-03,-1.740000e+00
4.800000e-03,-1.750000e+00
4.900000e-03,-1.760000e+00
5.100000e-03,-1.760000e+00
5.200000e-03,-1.770000e+00
5.300000e-03,-1.770000e+00
5.400000e-03,-1.760000e+00
5.500000e-03,-1.780000e+00
5.700000e-03,-1.760000e+00
5.800000e-03,-1.770000e+00
5.900000e-03,-1.760000e+00
6.000000e-03,-1.780000e+00
6.100000e-03,-1.770000e+00
6.200000e-03,-1.770000e+00
6.300000e-03,-1.770000e+00
6.400000e-03,-1.790000e+00
6.600000e-03,-1.770000e+00
6.700000e-03,-1.770000e+00
6.800000e-03,-1.770000e+00
6.900000e-03,-1.770000e+00
7.100000e-03,-1.790000e+00
7.200000e-03,-1.780000e+00
7.300000e-03,-1.780000e+00
7.400000e-03,-1.780000e+00
7.500000e-03,-1.790000e+00
7.600000e-03,-1.780000e+00
7.800000e-03,-1.770000e+00
7.900000e-03,-1.780000e+00
8.000000e-03,-1.780000e+00
8.100000e-03,-1.770000e+00
8.200000e-03,-1.770000e+00
8.300000e-03,-1.790000e+00
8.400000e-03,-1.770000e+00
8.600000e-03,-1.790000e+00
8.700000e-03,-1.770000e+00
8.800000e-03,-1.780000e+00
8.900000e-03,-1.790000e+00
9.000000e-03,-1.790000e+00
9.200000e-03,-1.780000e+00
9.300000e-03,-1.780000e+00
9.400000e-03,-1.780000e+00
9.500000e-03,-1.790000e+00
9.700000e-03,-1.770000e+00
9.700000e-03,-1.780000e+00
9.800000e-03,-1.800000e+00
9.900000e-03,-1.770000e+00
9.900000e-03,-1.780000e+00
9.900000e-03,-1.800000e+00
1.000000e-02,-1.790000e+00
9.900000e-03,-1.780000e+00
9.900000e-03,-1.800000e+00
1.000000e-02,-1.800000e+00
1.000000e-02,-1.810000e+00
1.000000e-02,-1.800000e+00
1.000000e-02,-1.810000e+00
1.000000e-02,-1.810000e+00
1.000000e-02,-1.800000e+00
1.000000e-02,-1.800000e+00
1.000000e-02,-1.800000e+00
9.900000e-03,-1.820000e+00
1.000000e-02,-1.810000e+00
1.000000e-02,-1.810000e+00
1.000000e-02,-1.810000e+00
9.900000e-03,-1.800000e+00
9.900000e-03,-1.810000e+00
1.000000e-02,-1.820000e+00
1.000000e-02,-1.810000e+00
1.000000e-02,-1.830000e+00
1.000000e-02,-1.820000e+00
1.000000e-02,-1.810000e+00
1.000000e-02,-1.820000e+00
1.000000e-02,-1.810000e+00
1.000000e-02,-1.830000e+00
9.900000e-03,-1.820000e+00
1.000000e-02,-1.810000e+00
1.000000e-02,-1.810000e+00
1.000000e-02,-1.810000e+00
1.000000e-02,-1.830000e+00
1.000000e-02,-1.810000e+00
1.000000e-02,-1.820000e+00
1.000000e-02,-1.820000e+00
1.000000e-02,-1.830000e+00
1.000000e-02,-1.830000e+00
9.900000e-03,-1.830000e+00
1.000000e-02,-1.820000e+00
1.000000e-02,-1.830000e+00
1.000000e-02,-1.830000e+00
1.000000e-02,-1.840000e+00
1.000000e-02,-1.830000e+00
9.900000e-03,-1.830000e+00
1.000000e-02,-1.820000e+00
1.000000e-02,-1.840000e+00
1.000000e-02,-1.840000e+00
1.000000e-02,-1.810000e+00
1.000000e-02,-1.840000e+00
1.000000e-02,-1.830000e+00
1.000000e-02,-1.830000e+00
1.000000e-02,-1.830000e+00
1.000000e-02,-1.830000e+00
1.000000e-02,-1.830000e+00
1.000000e-02,-1.840000e+00
1.000000e-02,-1.830000e+00
1.000000e-02,-1.820000e+00
1.000000e-02,-1.830000e+00
1.000000e-02,-1.850000e+00
1.000000e-02,-1.840000e+00
1.000000e-02,-1.830000e+00
1.000000e-02,-1.830000e+00
1.000000e-02,-1.840000e+00
1.000000e-02,-1.830000e+00
1.000000e-02,-1.840000e+00
1.000000e-02,-1.820000e+00
1.000000e-02,-1.830000e+00
1.000000e-02,-1.830000e+00
9.900000e-03,-1.810000e+00
1.000000e-02,-1.830000e+00
1.000000e-02,-1.840000e+00
1.000000e-02,-1.830000e+00
1.000000e-02,-1.830000e+00
1.000000e-02,-1.830000e+00
9.900000e-03,-1.830000e+00
9.800000e-03,-1.830000e+00
9.700000e-03,-1.820000e+00
9.600000e-03,-1.830000e+00
9.500000e-03,-1.840000e+00
9.500000e-03,-1.830000e+00
9.300000e-03,-1.830000e+00
9.300000e-03,-1.830000e+00
9.200000e-03,-1.850000e+00
9.100000e-03,-1.840000e+00
9.000000e-03,-1.840000e+00
8.900000e-03,-1.840000e+00
8.800000e-03,-1.830000e+00
8.600000e-03,-1.850000e+00
8.500000e-03,-1.840000e+00
8.400000e-03,-1.830000e+00
8.300000e-03,-1.840000e+00
8.200000e-03,-1.840000e+00
8.100000e-03,-1.850000e+00
8.000000e-03,-1.840000e+00
7.800000e-03,-1.850000e+00
7.800000e-03,-1.830000e+00
7.600000e-03,-1.850000e+00
7.500000e-03,-1.850000e+00
7.400000e-03,-1.840000e+00
7.300000e-03,-1.840000e+00
7.200000e-03,-1.840000e+00
7.100000e-03,-1.850000e+00
6.900000e-03,-1.840000e+00
6.800000e-03,-1.850000e+00
6.700000e-03,-1.830000e+00
6.600000e-03,-1.840000e+00
6.500000e-03,-1.830000e+00
6.400000e-03,-1.850000e+00
6.200000e-03,-1.840000e+00
6.100000e-03,-1.830000e+00
6.000000e-03,-1.830000e+00
5.900000e-03,-1.820000e+00
5.800000e-03,-1.830000e+00
5.700000e-03,-1.830000e+00
5.600000e-03,-1.850000e+00
5.400000e-03,-1.830000e+00
5.300000e-03,-1.840000e+00
5.200000e-03,-1.830000e+00
5.100000e-03,-1.830000e+00
5.000000e-03,-1.820000e+00
4.900000e-03,-1.840000e+00
4.700000e-03,-1.820000e+00
4.600000e-03,-1.820000e+00
4.500000e-03,-1.830000e+00
4.400000e-03,-1.830000e+00
4.300000e-03,-1.820000e+00
4.200000e-03,-1.820000e+00
4.100000e-03,-1.820000e+00
3.900000e-03,-1.820000e+00
3.900000e-03,-1.820000e+00
3.700000e-03,-1.830000e+00
3.600000e-03,-1.810000e+00
3.500000e-03,-1.820000e+00
3.400000e-03,-1.830000e+00
3.300000e-03,-1.830000e+00
3.200000e-03,-1.820000e+00
3.100000e-03,-1.830000e+00
3.000000e-03,-1.820000e+00
2.900000e-03,-1.820000e+00
2.800000e-03,-1.820000e+00
2.700000e-03,-1.820000e+00
2.600000e-03,-1.800000e+00
2.500000e-03,-1.820000e+00
2.400000e-03,-1.810000e+00
2.300000e-03,-1.800000e+00
2.200000e-03,-1.810000e+00
2.000000e-03,-1.810000e+00
1.900000e-03,-1.810000e+00
1.900000e-03,-1.820000e+00
1.700000e-03,-1.810000e+00
1.600000e-03,-1.820000e+00
1.600000e-03,-1.800000e+00
1.400000e-03,-1.820000e+00
1.300000e-03,-1.810000e+00
1.200000e-03,-1.800000e+00
1.100000e-03,-1.810000e+00
1.000000e-03,-1.810000e+00
9.000000e-04,-1.810000e+00
8.000000e-04,-1.800000e+00
7.000000e-04,-1.800000e+00
6.000000e-04,-1.790000e+00
5.000000e-04,-1.800000e+00
4.000000e-04,-1.790000e+00
3.000000e-04,-1.810000e+00
2.000000e-04,-1.790000e+00
0,-1.800000e+00
-1.000000e-04,-1.790000e+00
-1.000000e-04,-1.790000e+00
-3.000000e-04,-1.790000e+00
-4.000000e-04,-1.810000e+00
-5.000000e-04,-1.790000e+00
-6.000000e-04,-1.780000e+00
-7.000000e-04,-1.780000e+00
-8.000000e-04,-1.800000e+00
-9.000000e-04,-1.790000e+00
-1.000000e-03,-1.800000e+00
-1.200000e-03,-1.770000e+00
-1.300000e-03,-1.780000e+00
-1.400000e-03,-1.780000e+00
-1.500000e-03,-1.780000e+00
-1.600000e-03,-1.770000e+00
-1.700000e-03,-1.780000e+00
-1.800000e-03,-1.790000e+00
-1.900000e-03,-1.800000e+00
-2.000000e-03,-1.780000e+00
-2.200000e-03,-1.780000e+00
-2.200000e-03,-1.770000e+00
-2.300000e-03,-1.780000e+00
-2.400000e-03,-1.780000e+00
-2.600000e-03,-1.790000e+00
-2.700000e-03,-1.770000e+00
-2.800000e-03,-1.760000e+00
-2.900000e-03,-1.770000e+00
-3.000000e-03,-1.770000e+00
-3.100000e-03,-1.780000e+00
-3.200000e-03,-1.770000e+00
-3.300000e-03,-1.770000e+00
-3.400000e-03,-1.760000e+00
-3.600000e-03,-1.740000e+00
-3.600000e-03,-1.750000e+00
-3.800000e-03,-1.760000e+00
-3.900000e-03,-1.760000e+00
-4.000000e-03,-1.750000e+00
-4.100000e-03,-1.740000e+00
-4.200000e-03,-1.740000e+00
-4.300000e-03,-1.750000e+00
-4.400000e-03,-1.750000e+00
-4.500000e-03,-1.740000e+00
-4.600000e-03,-1.740000e+00
-4.700000e-03,-1.740000e+00
-4.900000e-03,-1.750000e+00
-5.000000e-03,-1.740000e+00
-5.100000e-03,-1.730000e+00
-5.200000e-03,-1.740000e+00
-5.300000e-03,-1.740000e+00
-5.400000e-03,-1.740000e+00
-5.500000e-03,-1.720000e+00
-5.600000e-03,-1.720000e+00
-5.700000e-03,-1.720000e+00
-5.800000e-03,-1.720000e+00
-6.000000e-03,-1.720000e+00
-6.100000e-03,-1.720000e+00
-6.200000e-03,-1.710000e+00
-6.300000e-03,-1.720000e+00
-6.400000e-03,-1.710000e+00
-6.500000e-03,-1.720000e+00
-6.600000e-03,-1.710000e+00
-6.700000e-03,-1.700000e+00
-6.800000e-03,-1.690000e+00
-6.900000e-03,-1.690000e+00
-7.100000e-03,-1.690000e+00
-7.200000e-03,-1.690000e+00
-7.300000e-03,-1.690000e+00
-7.400000e-03,-1.680000e+00
-7.500000e-03,-1.680000e+00
-7.600000e-03,-1.670000e+00
-7.800000e-03,-1.680000e+00
-7.800000e-03,-1.680000e+00
-8.000000e-03,-1.650000e+00
-8.100000e-03,-1.650000e+00
-8.200000e-03,-1.640000e+00
-8.300000e-03,-1.640000e+00
-8.400000e-03,-1.630000e+00
-8.500000e-03,-1.620000e+00
-8.600000e-03,-1.630000e+00
-8.800000e-03,-1.650000e+00
-8.900000e-03,-1.620000e+00
-9.000000e-03,-1.630000e+00
-9.100000e-03,-1.630000e+00
-9.200000e-03,-1.620000e+00
-9.300000e-03,-1.620000e+00
-9.400000e-03,-1.630000e+00
-9.500000e-03,-1.620000e+00
-9.700000e-03,-1.630000e+00
-9.800000e-03,-1.610000e+00
-9.800000e-03,-1.620000e+00
-9.800000e-03,-1.630000e+00
-9.800000e-03,-1.620000e+00
-9.800000e-03,-1.610000e+00
-9.800000e-03,-1.630000e+00
-9.800000e-03,-1.620000e+00
-9.800000e-03,-1.610000e+00
-9.800000e-03,-1.620000e+00
-9.800000e-03,-1.630000e+00
-9.800000e-03,-1.620000e+00
-9.800000e-03,-1.620000e+00
-9.800000e-03,-1.610000e+00
-9.800000e-03,-1.620000e+00
-9.800000e-03,-1.620000e+00
-9.800000e-03,-1.620000e+00
-9.800000e-03,-1.610000e+00
-9.800000e-03,-1.610000e+00
-9.800000e-03,-1.620000e+00
-9.800000e-03,-1.620000e+00
-9.800000e-03,-1.610000e+00
-9.800000e-03,-1.620000e+00
-9.800000e-03,-1.630000e+00
-9.800000e-03,-1.630000e+00
-9.800000e-03,-1.620000e+00
-9.800000e-03,-1.620000e+00
-9.800000e-03,-1.630000e+00
-9.800000e-03,-1.630000e+00
-9.800000e-03,-1.630000e+00
-9.800000e-03,-1.620000e+00
-9.800000e-03,-1.630000e+00
-9.800000e-03,-1.630000e+00
-9.800000e-03,-1.610000e+00
-9.800000e-03,-1.620000e+00
-9.800000e-03,-1.630000e+00
-9.800000e-03,-1.630000e+00
-9.800000e-03,-1.630000e+00
-9.800000e-03,-1.610000e+00
-9.800000e-03,-1.630000e+00
-9.800000e-03,-1.620000e+00
-9.700000e-03,-1.610000e+00
-9.600000e-03,-1.610000e+00
-9.600000e-03,-1.630000e+00
-9.500000e-03,-1.630000e+00
-9.400000e-03,-1.630000e+00
-9.300000e-03,-1.630000e+00
-9.200000e-03,-1.630000e+00
-9.200000e-03,-1.620000e+00
-9.100000e-03,-1.620000e+00
-9.000000e-03,-1.610000e+00
-8.900000e-03,-1.620000e+00
-8.800000e-03,-1.630000e+00
-8.700000e-03,-1.630000e+00
-8.600000e-03,-1.630000e+00
-8.500000e-03,-1.640000e+00
-8.400000e-03,-1.620000e+00
-8.300000e-03,-1.630000e+00
-8.200000e-03,-1.640000e+00
-8.100000e-03,-1.650000e+00
-8.000000e-03,-1.650000e+00
-7.900000e-03,-1.640000e+00
-7.700000e-03,-1.640000e+00
-7.600000e-03,-1.630000e+00
-7.500000e-03,-1.640000e+00
-7.400000e-03,-1.630000e+00
-7.300000e-03,-1.640000e+00
-7.200000e-03,-1.640000e+00
-7.100000e-03,-1.620000e+00
-7.000000e-03,-1.640000e+00
-6.900000e-03,-1.650000e+00
-6.700000e-03,-1.650000e+00
-6.700000e-03,-1.640000e+00
-6.600000e-03,-1.640000e+00
-6.400000e-03,-1.660000e+00
-6.300000e-03,-1.670000e+00
-6.200000e-03,-1.660000e+00
-6.100000e-03,-1.660000e+00
-6.000000e-03,-1.670000e+00
-5.900000e-03,-1.650000e+00
-5.800000e-03,-1.660000e+00
-5.700000e-03,-1.660000e+00
-5.600000e-03,-1.660000e+00
-5.500000e-03,-1.670000e+00
-5.400000e-03,-1.670000e+00
-5.300000e-03,-1.680000e+00
-5.200000e-03,-1.680000e+00
-5.000000e-03,-1.690000e+00
-5.000000e-03,-1.690000e+00
-4.900000e-03,-1.670000e+00
-4.800000e-03,-1.700000e+00
-4.600000e-03,-1.690000e+00
-4.600000e-03,-1.690000e+00
-4.400000e-03,-1.690000e+00
-4.300000e-03,-1.690000e+00
-4.200000e-03,-1.690000e+00
-4.100000e-03,-1.690000e+00
-4.000000e-03,-1.700000e+00
-3.900000e-03,-1.700000e+00
-3.800000e-03,-1.710000e+00
-3.700000e-03,-1.690000e+00
-3.600000e-03,-1.720000e+00
-3.500000e-03,-1.710000e+00
-3.400000e-03,-1.710000e+00
-3.300000e-03,-1.710000e+00
-3.100000e-03,-1.700000e+00
-3.100000e-03,-1.700000e+00
-2.900000e-03,-1.700000e+00
-2.800000e-03,-1.710000e+00
-2.700000e-03,-1.720000e+00
-2.600000e-03,-1.710000e+00
-2.500000e-03,-1.720000e+00
-2.400000e-03,-1.720000e+00
-2.300000e-03,-1.720000e+00
-2.200000e-03,-1.730000e+00
-2.100000e-03,-1.730000e+00
-2.000000e-03,-1.730000e+00
-1.900000e-03,-1.730000e+00
-1.700000e-03,-1.740000e+00
-1.600000e-03,-1.730000e+00
-1.600000e-03,-1.750000e+00
-1.400000e-03,-1.750000e+00
-1.300000e-03,-1.740000e+00
-1.200000e-03,-1.740000e+00
-1.100000e-03,-1.760000e+00
-1.000000e-03,-1.760000e+00
-9.000000e-04,-1.760000e+00
-8.000000e-04,-1.760000e+00
-6.000000e-04,-1.760000e+00
-6.000000e-04,-1.770000e+00
-5.000000e-04,-1.770000e+00
-4.000000e-04,-1.770000e+00
-2.000000e-04,-1.760000e+00
-2.000000e-04,-1.780000e+00
0,-1.780000e+00
1.000000e-04,-1.760000e+00
2.000000e-04,-1.780000e+00
3.000000e-04,-1.790000e+00
4.000000e-04,-1.780000e+00
5.000000e-04,-1.790000e+00
6.000000e-04,-1.770000e+00
7.000000e-04,-1.790000e+00
8.000000e-04,-1.780000e+00
9.000000e-04,-1.780000e+00
1.000000e-03,-1.790000e+00
1.100000e-03,-1.820000e+00
1.200000e-03,-1.810000e+00
1.300000e-03,-1.800000e+00
1.400000e-03,-1.800000e+00
1.500000e-03,-1.800000e+00
1.700000e-03,-1.810000e+00
1.800000e-03,-1.820000e+00
1.800000e-03,-1.820000e+00
2.000000e-03,-1.810000e+00
2.100000e-03,-1.820000e+00
2.200000e-03,-1.820000e+00
2.300000e-03,-1.810000e+00
2.400000e-03,-1.810000e+00
2.500000e-03,-1.820000e+00
2.600000e-03,-1.810000e+00
2.700000e-03,-1.820000e+00
2.900000e-03,-1.820000e+00
2.900000e-03,-1.830000e+00
3.100000e-03,-1.820000e+00
3.200000e-03,-1.830000e+00
3.300000e-03,-1.830000e+00
3.400000e-03,-1.830000e+00
3.500000e-03,-1.830000e+00
3.600000e-03,-1.830000e+00
3.700000e-03,-1.830000e+00
3.900000e-03,-1.840000e+00
4.000000e-03,-1.840000e+00
4.100000e-03,-1.860000e+00
4.200000e-03,-1.870000e+00
4.300000e-03,-1.850000e+00
4.400000e-03,-1.870000e+00
4.600000e-03,-1.880000e+00
4.600000e-03,-1.850000e+00
4.800000e-03,-1.870000e+00
4.900000e-03,-1.870000e+00
5.000000e-03,-1.900000e+00
5.200000e-03,-1.870000e+00
5.200000e-03,-1.870000e+00
5.400000e-03,-1.880000e+00
5.500000e-03,-1.880000e+00
5.600000e-03,-1.870000e+00
5.700000e-03,-1.880000e+00
5.900000e-03,-1.890000e+00
6.000000e-03,-1.890000e+00
6.100000e-03,-1.880000e+00
6.200000e-03,-1.870000e+00
6.300000e-03,-1.880000e+00
6.500000e-03,-1.880000e+00
6.600000e-03,-1.880000e+00
6.600000e-03,-1.870000e+00
6.800000e-03,-1.880000e+00
6.900000e-03,-1.870000e+00
7.000000e-03,-1.870000e+00
7.100000e-03,-1.880000e+00
7.200000e-03,-1.900000e+00
7.400000e-03,-1.900000e+00
7.500000e-03,-1.890000e+00
7.600000e-03,-1.950000e+00
7.700000e-03,-1.960000e+00
7.900000e-03,-1.960000e+00
8.000000e-03,-1.970000e+00
8.100000e-03,-1.970000e+00
8.200000e-03,-1.970000e+00
8.300000e-03,-1.980000e+00
8.400000e-03,-1.950000e+00
8.600000e-03,-1.970000e+00
8.700000e-03,-1.960000e+00
8.800000e-03,-1.970000e+00
8.900000e-03,-1.960000e+00
9.000000e-03,-1.960000e+00
9.100000e-03,-1.950000e+00
9.200000e-03,-1.960000e+00
9.400000e-03,-1.950000e+00
9.500000e-03,-1.970000e+00
9.600000e-03,-1.960000e+00
9.700000e-03,-1.970000e+00
9.800000e-03,-1.960000e+00
9.900000e-03,-1.950000e+00
9.900000e-03,-1.950000e+00
9.900000e-03,-1.970000e+00
9.900000e-03,-1.970000e+00
9.900000e-03,-1.950000e+00
9.900000e-03,-1.940000e+00
1.000000e-02,-1.970000e+00
9.900000e-03,-1.970000e+00
1.000000e-02,-1.970000e+00
9.900000e-03,-1.970000e+00
9.900000e-03,-1.960000e+00
9.900000e-03,-1.970000e+00
1.000000e-02,-1.970000e+00
9.900000e-03,-1.960000e+00
9.900000e-03,-1.960000e+00
1.000000e-02,-1.950000e+00
1.000000e-02,-1.960000e+00
1.000000e-02,-1.970000e+00
1.000000e-02,-1.940000e+00
9.900000e-03,-1.970000e+00
9.900000e-03,-1.970000e+00
1.000000e-02,-1.960000e+00
9.900000e-03,-1.970000e+00
9.900000e-03,-1.960000e+00
9.900000e-03,-1.970000e+00
1.000000e-02,-1.950000e+00
1.000000e-02,-1.950000e+00
1.000000e-02,-1.970000e+00
1.000000e-02,-1.970000e+00
1.000000e-02,-1.950000e+00
1.000000e-02,-1.970000e+00
1.000000e-02,-1.960000e+00
1.000000e-02,-1.960000e+00
1.000000e-02,-1.970000e+00
9.900000e-03,-1.970000e+00
1.000000e-02,-1.960000e+00
1.000000e-02,-1.970000e+00
1.000000e-02,-1.970000e+00
1.000000e-02,-1.970000e+00
9.900000e-03,-1.950000e+00
1.000000e-02,-1.950000e+00
1.000000e-02,-1.960000e+00
1.000000e-02,-1.970000e+00
1.000000e-02,-1.960000e+00
9.900000e-03,-1.960000e+00
1.000000e-02,-1.970000e+00
1.000000e-02,-1.960000e+00
1.000000e-02,-1.950000e+00
1.000000e-02,-1.950000e+00
9.900000e-03,-1.960000e+00
1.000000e-02,-1.970000e+00
1.000000e-02,-1.960000e+00
1.000000e-02,-1.970000e+00
1.000000e-02,-1.970000e+00
1.000000e-02,-1.950000e+00
9.900000e-03,-1.960000e+00
1.000000e-02,-1.970000e+00
1.000000e-02,-1.960000e+00
1.000000e-02,-1.960000e+00
1.000000e-02,-1.970000e+00
9.900000e-03,-1.960000e+00
1.000000e-02,-1.970000e+00
1.000000e-02,-1.960000e+00
1.000000e-02,-1.960000e+00
1.000000e-02,-1.960000e+00
1.000000e-02,-1.950000e+00
1.000000e-02,-1.950000e+00
1.000000e-02,-1.960000e+00
1.000000e-02,-1.960000e+00
1.000000e-02,-1.960000e+00
1.000000e-02,-1.970000e+00
1.000000e-02,-1.970000e+00
1.000000e-02,-1.980000e+00
1.000000e-02,-1.960000e+00
1.000000e-02,-1.960000e+00
1.000000e-02,-1.970000e+00
9.900000e-03,-1.970000e+00
1.000000e-02,-1.960000e+00
1.000000e-02,-1.970000e+00
1.000000e-02,-1.960000e+00
1.000000e-02,-1.980000e+00
1.000000e-02,-1.970000e+00
1.000000e-02,-1.960000e+00
1.000000e-02,-1.960000e+00
9.900000e-03,-1.970000e+00
9.800000e-03,-1.970000e+00
9.800000e-03,-1.970000e+00
9.600000e-03,-1.960000e+00
9.500000e-03,-1.960000e+00
9.500000e-03,-1.960000e+00
9.400000e-03,-1.960000e+00
9.300000e-03,-1.960000e+00
9.200000e-03,-1.960000e+00
9.100000e-03,-1.970000e+00
9.000000e-03,-1.960000e+00
8.900000e-03,-1.950000e+00
8.800000e-03,-1.960000e+00
8.700000e-03,-1.960000e+00
8.600000e-03,-1.980000e+00
8.500000e-03,-1.970000e+00
8.400000e-03,-1.970000e+00
8.300000e-03,-1.970000e+00
8.200000e-03,-1.960000e+00
8.000000e-03,-1.970000e+00
7.900000e-03,-1.970000e+00
7.800000e-03,-1.980000e+00
7.700000e-03,-1.950000e+00
7.600000e-03,-1.960000e+00
7.400000e-03,-1.960000e+00
7.300000e-03,-1.980000e+00
7.200000e-03,-1.960000e+00
7.100000e-03,-1.960000e+00
7.000000e-03,-1.970000e+00
6.900000e-03,-1.980000e+00
6.800000e-03,-1.970000e+00
6.700000e-03,-1.950000e+00
6.500000e-03,-1.950000e+00
6.400000e-03,-1.960000e+00
6.300000e-03,-1.970000e+00
6.200000e-03,-1.970000e+00
6.100000e-03,-1.970000e+00
6.000000e-03,-1.960000e+00
5.900000e-03,-1.970000e+00
5.700000e-03,-1.970000e+00
5.600000e-03,-1.960000e+00
5.500000e-03,-1.950000e+00
5.400000e-03,-1.960000e+00
5.300000e-03,-1.970000e+00
5.200000e-03,-1.970000e+00
5.000000e-03,-1.950000e+00
4.900000e-03,-1.960000e+00
4.800000e-03,-1.970000e+00
4.700000e-03,-1.950000e+00
4.600000e-03,-1.950000e+00
4.400000e-03,-1.960000e+00
4.300000e-03,-1.960000e+00
4.200000e-03,-1.950000e+00
4.100000e-03,-1.950000e+00
4.000000e-03,-1.980000e+00
3.900000e-03,-1.960000e+00
3.800000e-03,-1.940000e+00
3.700000e-03,-1.940000e+00
3.600000e-03,-1.940000e+00
3.500000e-03,-1.950000e+00
3.400000e-03,-1.950000e+00
3.300000e-03,-1.950000e+00
3.200000e-03,-1.960000e+00
3.000000e-03,-1.930000e+00
3.000000e-03,-1.950000e+00
2.900000e-03,-1.940000e+00
2.700000e-03,-1.940000e+00
2.600000e-03,-1.950000e+00
2.500000e-03,-1.940000e+00
2.400000e-03,-1.930000e+00
2.300000e-03,-1.930000e+00
2.300000e-03,-1.930000e+00
2.100000e-03,-1.940000e+00
2.000000e-03,-1.930000e+00
1.900000e-03,-1.940000e+00
1.800000e-03,-1.930000e+00
1.700000e-03,-1.950000e+00
1.600000e-03,-1.920000e+00
1.500000e-03,-1.930000e+00
1.400000e-03,-1.920000e+00
1.300000e-03,-1.940000e+00
1.200000e-03,-1.940000e+00
1.000000e-03,-1.930000e+00
1.000000e-03,-1.940000e+00
9.000000e-04,-1.930000e+00
7.000000e-04,-1.930000e+00
7.000000e-04,-1.920000e+00
5.000000e-04,-1.910000e+00
4.000000e-04,-1.920000e+00
3.000000e-04,-1.910000e+00
2.000000e-04,-1.920000e+00
1.000000e-04,-1.910000e+00
0,-1.930000e+00
-1.000000e-04,-1.930000e+00
-2.000000e-04,-1.920000e+00
-3.000000e-04,-1.910000e+00
-5.000000e-04,-1.920000e+00
-5.000000e-04,-1.900000e+00
-7.000000e-04,-1.910000e+00
-8.000000e-04,-1.910000e+00
-9.000000e-04,-1.900000e+00
-1.000000e-03,-1.900000e+00
-1.100000e-03,-1.910000e+00
-1.200000e-03,-1.900000e+00
-1.300000e-03,-1.900000e+00
-1.400000e-03,-1.920000e+00
-1.500000e-03,-1.900000e+00
-1.600000e-03,-1.900000e+00
-1.700000e-03,-1.900000e+00
-1.900000e-03,-1.900000e+00
-2.000000e-03,-1.900000e+00
-2.100000e-03,-1.910000e+00
-2.200000e-03,-1.890000e+00
-2.300000e-03,-1.890000e+00
-2.400000e-03,-1.890000e+00
-2.500000e-03,-1.890000e+00
-2.600000e-03,-1.890000e+00
-2.700000e-03,-1.880000e+00
-2.800000e-03,-1.880000e+00
-3.000000e-03,-1.880000e+00
-3.000000e-03,-1.880000e+00
-3.200000e-03,-1.870000e+00
-3.200000e-03,-1.860000e+00
-3.400000e-03,-1.860000e+00
-3.500000e-03,-1.850000e+00
-3.600000e-03,-1.870000e+00
-3.700000e-03,-1.850000e+00
-3.800000e-03,-1.870000e+00
-3.900000e-03,-1.850000e+00
-4.100000e-03,-1.840000e+00
-4.200000e-03,-1.860000e+00
-4.200000e-03,-1.850000e+00
-4.400000e-03,-1.840000e+00
-4.500000e-03,-1.850000e+00
-4.600000e-03,-1.850000e+00
-4.700000e-03,-1.840000e+00
-4.800000e-03,-1.830000e+00
-4.900000e-03,-1.830000e+00
-5.000000e-03,-1.830000e+00
-5.100000e-03,-1.830000e+00
-5.200000e-03,-1.820000e+00
-5.300000e-03,-1.820000e+00
-5.400000e-03,-1.820000e+00
-5.600000e-03,-1.830000e+00
-5.700000e-03,-1.820000e+00
-5.800000e-03,-1.810000e+00
-5.900000e-03,-1.820000e+00
-6.000000e-03,-1.820000e+00
-6.100000e-03,-1.820000e+00
-6.200000e-03,-1.800000e+00
-6.400000e-03,-1.800000e+00
-6.500000e-03,-1.790000e+00
-6.600000e-03,-1.810000e+00
-6.700000e-03,-1.790000e+00
-6.800000e-03,-1.800000e+00
-6.900000e-03,-1.790000e+00
-7.000000e-03,-1.810000e+00
-7.100000e-03,-1.780000e+00
-7.200000e-03,-1.790000e+00
-7.300000e-03,-1.780000e+00
-7.500000e-03,-1.780000e+00
-7.600000e-03,-1.750000e+00
-7.700000e-03,-1.780000e+00
-7.800000e-03,-1.760000e+00
-7.900000e-03,-1.750000e+00
-8.000000e-03,-1.760000e+00
-8.100000e-03,-1.750000e+00
-8.200000e-03,-1.760000e+00
-8.400000e-03,-1.770000e+00
-8.500000e-03,-1.760000e+00
-8.600000e-03,-1.760000e+00
-8.700000e-03,-1.750000e+00
-8.800000e-03,-1.750000e+00
-8.900000e-03,-1.750000e+00
-9.000000e-03,-1.740000e+00
-9.200000e-03,-1.750000e+00
-9.300000e-03,-1.730000e+00
-9.400000e-03,-1.730000e+00
-9.500000e-03,-1.720000e+00
-9.600000e-03,-1.730000e+00
-9.700000e-03,-1.730000e+00
-9.800000e-03,-1.740000e+00
-9.800000e-03,-1.740000e+00
-9.800000e-03,-1.740000e+00
-9.800000e-03,-1.720000e+00
-9.800000e-03,-1.730000e+00
-9.800000e-03,-1.720000e+00
-9.800000e-03,-1.720000e+00
-9.800000e-03,-1.730000e+00
-9.800000e-03,-1.740000e+00
-9.800000e-03,-1.740000e+00
-9.800000e-03,-1.730000e+00
-9.800000e-03,-1.740000e+00
-9.800000e-03,-1.740000e+00
-9.800000e-03,-1.730000e+00
-9.800000e-03,-1.750000e+00
-9.800000e-03,-1.720000e+00
-9.800000e-03,-1.740000e+00
-9.800000e-03,-1.720000e+00
-9.800000e-03,-1.730000e+00
-9.800000e-03,-1.740000e+00
-9.800000e-03,-1.730000e+00
-9.800000e-03,-1.750000e+00
-9.800000e-03,-1.730000e+00
-9.800000e-03,-1.730000e+00
-9.800000e-03,-1.730000e+00
-9.800000e-03,-1.740000e+00
-9.800000e-03,-1.740000e+00
-9.800000e-03,-1.740000e+00
-9.800000e-03,-1.720000e+00
-9.800000e-03,-1.730000e+00
-9.800000e-03,-1.740000e+00
-9.800000e-03,-1.740000e+00
-9.800000e-03,-1.740000e+00
-9.800000e-03,-1.740000e+00
-9.800000e-03,-1.730000e+00
-9.800000e-03,-1.700000e+00
-9.800000e-03,-1.720000e+00
-9.800000e-03,-1.720000e+00
-9.800000e-03,-1.730000e+00
-9.800000e-03,-1.730000e+00
-9.800000e-03,-1.740000e+00
-9.800000e-03,-1.730000e+00
-9.800000e-03,-1.730000e+00
-9.800000e-03,-1.730000e+00
-9.800000e-03,-1.730000e+00
-9.800000e-03,-1.740000e+00
-9.800000e-03,-1.740000e+00
-9.800000e-03,-1.730000e+00
-9.800000e-03,-1.740000e+00
-9.800000e-03,-1.740000e+00
-9.800000e-03,-1.730000e+00
-9.800000e-03,-1.740000e+00
-9.800000e-03,-1.730000e+00
-9.800000e-03,-1.740000e+00
-9.800000e-03,-1.740000e+00
-9.800000e-03,-1.730000e+00
-9.800000e-03,-1.730000e+00
-9.800000e-03,-1.730000e+00
-9.800000e-03,-1.740000e+00
-9.800000e-03,-1.740000e+00
-9.800000e-03,-1.730000e+00
-9.800000e-03,-1.730000e+00
-9.800000e-03,-1.750000e+00
-9.800000e-03,-1.730000e+00
-9.800000e-03,-1.720000e+00
-9.800000e-03,-1.750000e+00
-9.700000e-03,-1.720000e+00
-9.600000e-03,-1.750000e+00
-9.500000e-03,-1.720000e+00
-9.300000e-03,-1.720000e+00
-9.200000e-03,-1.750000e+00
-9.100000e-03,-1.730000e+00
-8.900000e-03,-1.730000e+00
-8.800000e-03,-1.740000e+00
-8.600000e-03,-1.750000e+00
-8.500000e-03,-1.730000e+00
-8.300000e-03,-1.740000e+00
-8.200000e-03,-1.750000e+00
-8.000000e-03,-1.760000e+00
-7.800000e-03,-1.740000e+00
-7.700000e-03,-1.750000e+00
-7.500000e-03,-1.750000e+00
-7.400000e-03,-1.750000e+00
-7.200000e-03,-1.750000e+00
-7.000000e-03,-1.760000e+00
-6.900000e-03,-1.770000e+00
-6.700000e-03,-1.760000e+00
-6.500000e-03,-1.760000e+00
-6.400000e-03,-1.760000e+00
-6.200000e-03,-1.780000e+00
-6.100000e-03,-1.770000e+00
-5.900000e-03,-1.750000e+00
-5.700000e-03,-1.780000e+00
-5.600000e-03,-1.770000e+00
-5.400000e-03,-1.770000e+00
-5.300000e-03,-1.780000e+00
-5.100000e-03,-1.760000e+00
-5.000000e-03,-1.770000e+00
-4.800000e-03,-1.780000e+00
-4.600000e-03,-1.790000e+00
-4.500000e-03,-1.800000e+00
-4.300000e-03,-1.790000e+00
-4.100000e-03,-1.800000e+00
-4.000000e-03,-1.800000e+00
-3.800000e-03,-1.790000e+00
-3.700000e-03,-1.810000e+00
-3.500000e-03,-1.800000e+00
-3.400000e-03,-1.820000e+00
-3.200000e-03,-1.810000e+00
-3.000000e-03,-1.830000e+00
-2.900000e-03,-1.830000e+00
-2.700000e-03,-1.820000e+00
-2.600000e-03,-1.830000e+00
-2.400000e-03,-1.840000e+00
-2.200000e-03,-1.830000e+00
-2.100000e-03,-1.830000e+00
-1.900000e-03,-1.840000e+00
-1.700000e-03,-1.840000e+00
-1.600000e-03,-1.840000e+00
-1.400000e-03,-1.840000e+00
-1.200000e-03,-1.850000e+00
-1.100000e-03,-1.860000e+00
-9.000000e-04,-1.860000e+00
-8.000000e-04,-1.840000e+00
-6.000000e-04,-1.860000e+00
-5.000000e-04,-1.850000e+00
-3.000000e-04,-1.870000e+00
-1.000000e-04,-1.870000e+00
0,-1.870000e+00
2.000000e-04,-1.870000e+00
3.000000e-04,-1.880000e+00
5.000000e-04,-1.870000e+00
6.000000e-04,-1.870000e+00
8.000000e-04,-1.880000e+00
1.000000e-03,-1.880000e+00
1.100000e-03,-1.880000e+00
1.300000e-03,-1.880000e+00
1.500000e-03,-1.890000e+00
1.600000e-03,-1.890000e+00
1.800000e-03,-1.890000e+00
1.900000e-03,-1.890000e+00
2.100000e-03,-1.880000e+00
2.300000e-03,-1.900000e+00
2.400000e-03,-1.910000e+00
2.600000e-03,-1.900000e+00
2.800000e-03,-1.900000e+00
2.900000e-03,-1.890000e+00
3.100000e-03,-1.910000e+00
3.200000e-03,-1.900000e+00
3.400000e-03,-1.900000e+00
3.600000e-03,-1.910000e+00
3.700000e-03,-1.900000e+00
3.900000e-03,-1.920000e+00
4.100000e-03,-1.920000e+00
4.300000e-03,-1.920000e+00
4.500000e-03,-1.920000e+00
4.600000e-03,-1.920000e+00
4.800000e-03,-1.940000e+00
5.000000e-03,-1.920000e+00
5.100000e-03,-1.920000e+00
5.400000e-03,-1.950000e+00
5.600000e-03,-1.950000e+00
5.700000e-03,-1.960000e+00
5.900000e-03,-1.950000e+00
6.100000e-03,-1.960000e+00
6.200000e-03,-1.950000e+00
6.400000e-03,-1.940000e+00
6.600000e-03,-1.960000e+00
6.800000e-03,-1.960000e+00
6.900000e-03,-1.940000e+00
7.100000e-03,-1.960000e+00
7.300000e-03,-1.950000e+00
7.400000e-03,-1.940000e+00
7.600000e-03,-1.960000e+00
7.800000e-03,-1.960000e+00
8.000000e-03,-1.970000e+00
8.200000e-03,-1.980000e+00
8.400000e-03,-1.980000e+00
8.500000e-03,-1.990000e+00
8.700000e-03,-1.980000e+00
8.900000e-03,-1.970000e+00
9.000000e-03,-1.990000e+00
9.200000e-03,-1.990000e+00
9.400000e-03,-1.990000e+00
9.600000e-03,-1.990000e+00
9.700000e-03,-1.990000e+00
9.900000e-03,-1.980000e+00
1.010000e-02,-1.990000e+00
1.020000e-02,-1.990000e+00
1.040000e-02,-2.020000e+00
1.060000e-02,-2.060000e+00
1.080000e-02,-2.100000e+00
1.100000e-02,-2.120000e+00
1.110000e-02,-2.130000e+00
1.130000e-02,-2.130000e+00
1.150000e-02,-2.160000e+00
1.170000e-02,-2.190000e+00
1.180000e-02,-2.210000e+00
1.200000e-02,-2.240000e+00
1.220000e-02,-2.240000e+00
1.240000e-02,-2.260000e+00
1.260000e-02,-2.270000e+00
1.270000e-02,-2.300000e+00
1.290000e-02,-2.320000e+00
1.300000e-02,-2.320000e+00
1.320000e-02,-2.340000e+00
1.340000e-02,-2.340000e+00
1.360000e-02,-2.370000e+00
1.380000e-02,-2.390000e+00
1.390000e-02,-2.410000e+00
1.410000e-02,-2.460000e+00
1.420000e-02,-2.460000e+00
1.440000e-02,-2.510000e+00
1.460000e-02,-2.530000e+00
1.480000e-02,-2.540000e+00
1.500000e-02,-2.570000e+00
1.510000e-02,-2.600000e+00
1.520000e-02,-2.630000e+00
1.520000e-02,-2.630000e+00
1.530000e-02,-2.670000e+00
1.530000e-02,-2.650000e+00
1.530000e-02,-2.670000e+00
1.530000e-02,-2.680000e+00
1.530000e-02,-2.680000e+00
1.530000e-02,-2.670000e+00
1.530000e-02,-2.660000e+00
1.530000e-02,-2.680000e+00
1.530000e-02,-2.690000e+00
1.530000e-02,-2.690000e+00
1.530000e-02,-2.710000e+00
1.530000e-02,-2.690000e+00
1.530000e-02,-2.680000e+00
1.530000e-02,-2.700000e+00
1.530000e-02,-2.700000e+00
1.530000e-02,-2.680000e+00
1.530000e-02,-2.700000e+00
1.530000e-02,-2.720000e+00
1.530000e-02,-2.710000e+00
1.530000e-02,-2.690000e+00
1.530000e-02,-2.710000e+00
1.530000e-02,-2.700000e+00
1.530000e-02,-2.710000e+00
1.530000e-02,-2.710000e+00
1.530000e-02,-2.690000e+00
1.530000e-02,-2.700000e+00
1.530000e-02,-2.720000e+00
1.530000e-02,-2.710000e+00
1.530000e-02,-2.700000e+00
1.530000e-02,-2.690000e+00
1.530000e-02,-2.690000e+00
1.530000e-02,-2.700000e+00
1.530000e-02,-2.710000e+00
1.530000e-02,-2.700000e+00
1.530000e-02,-2.690000e+00
1.530000e-02,-2.700000e+00
1.530000e-02,-2.720000e+00
1.530000e-02,-2.720000e+00
1.530000e-02,-2.700000e+00
1.530000e-02,-2.710000e+00
1.520000e-02,-2.720000e+00
1.520000e-02,-2.720000e+00
1.500000e-02,-2.720000e+00
1.490000e-02,-2.730000e+00
1.480000e-02,-2.730000e+00
1.460000e-02,-2.720000e+00
1.450000e-02,-2.730000e+00
1.430000e-02,-2.730000e+00
1.420000e-02,-2.720000e+00
1.400000e-02,-2.730000e+00
1.380000e-02,-2.730000e+00
1.370000e-02,-2.730000e+00
1.350000e-02,-2.720000e+00
1.340000e-02,-2.740000e+00
1.320000e-02,-2.730000e+00
1.310000e-02,-2.730000e+00
1.290000e-02,-2.730000e+00
1.280000e-02,-2.730000e+00
1.260000e-02,-2.740000e+00
1.240000e-02,-2.740000e+00
1.220000e-02,-2.730000e+00
1.210000e-02,-2.730000e+00
1.190000e-02,-2.730000e+00
1.180000e-02,-2.730000e+00
1.160000e-02,-2.720000e+00
1.140000e-02,-2.740000e+00
1.130000e-02,-2.740000e+00
1.110000e-02,-2.730000e+00
1.100000e-02,-2.730000e+00
1.080000e-02,-2.720000e+00
1.060000e-02,-2.720000e+00
1.040000e-02,-2.720000e+00
1.030000e-02,-2.720000e+00
1.010000e-02,-2.710000e+00
9.900000e-03,-2.710000e+00
9.700000e-03,-2.720000e+00
9.600000e-03,-2.710000e+00
9.400000e-03,-2.720000e+00
9.200000e-03,-2.720000e+00
9.100000e-03,-2.730000e+00
8.900000e-03,-2.720000e+00
8.700000e-03,-2.710000e+00
8.600000e-03,-2.710000e+00
8.300000e-03,-2.700000e+00
8.200000e-03,-2.720000e+00
8.000000e-03,-2.720000e+00
7.800000e-03,-2.700000e+00
7.700000e-03,-2.710000e+00
7.500000e-03,-2.710000e+00
7.300000e-03,-2.710000e+00
7.100000e-03,-2.710000e+00
6.900000e-03,-2.690000e+00
6.800000e-03,-2.700000e+00
6.600000e-03,-2.680000e+00
6.400000e-03,-2.680000e+00
6.200000e-03,-2.690000e+00
6.000000e-03,-2.680000e+00
5.900000e-03,-2.700000e+00
5.700000e-03,-2.690000e+00
5.500000e-03,-2.670000e+00
5.400000e-03,-2.680000e+00
5.200000e-03,-2.680000e+00
5.000000e-03,-2.670000e+00
4.800000e-03,-2.680000e+00
4.600000e-03,-2.680000e+00
4.500000e-03,-2.660000e+00
4.300000e-03,-2.670000e+00
4.100000e-03,-2.660000e+00
4.000000e-03,-2.670000e+00
3.800000e-03,-2.680000e+00
3.700000e-03,-2.670000e+00
3.500000e-03,-2.680000e+00
3.300000e-03,-2.680000e+00
3.200000e-03,-2.660000e+00
3.000000e-03,-2.670000e+00
2.800000e-03,-2.670000e+00
2.700000e-03,-2.660000e+00
2.500000e-03,-2.650000e+00
2.400000e-03,-2.650000e+00
2.200000e-03,-2.650000e+00
2.000000e-03,-2.640000e+00
1.900000e-03,-2.640000e+00
1.700000e-03,-2.650000e+00
1.500000e-03,-2.640000e+00
1.400000e-03,-2.640000e+00
1.200000e-03,-2.620000e+00
1.100000e-03,-2.630000e+00
9.000000e-04,-2.630000e+00
7.000000e-04,-2.610000e+00
6.000000e-04,-2.630000e+00
4.000000e-04,-2.620000e+00
3.000000e-04,-2.610000e+00
1.000000e-04,-2.600000e+00
-1.000000e-04,-2.600000e+00
-2.000000e-04,-2.600000e+00
-4.000000e-04,-2.610000e+00
-6.000000e-04,-2.600000e+00
-7.000000e-04,-2.590000e+00
-9.000000e-04,-2.600000e+00
-1.100000e-03,-2.590000e+00
-1.300000e-03,-2.610000e+00
-1.400000e-03,-2.580000e+00
-1.600000e-03,-2.590000e+00
-1.700000e-03,-2.590000e+00
-1.900000e-03,-2.570000e+00
-2.100000e-03,-2.560000e+00
-2.200000e-03,-2.590000e+00
-2.400000e-03,-2.580000e+00
-2.600000e-03,-2.570000e+00
-2.700000e-03,-2.580000e+00
-2.900000e-03,-2.550000e+00
-3.100000e-03,-2.570000e+00
-3.300000e-03,-2.560000e+00
-3.400000e-03,-2.550000e+00
-3.600000e-03,-2.550000e+00
-3.700000e-03,-2.540000e+00
-3.900000e-03,-2.540000e+00
-4.100000e-03,-2.530000e+00
-4.200000e-03,-2.540000e+00
-4.400000e-03,-2.530000e+00
-4.600000e-03,-2.520000e+00
-4.800000e-03,-2.520000e+00
-4.900000e-03,-2.500000e+00
-5.100000e-03,-2.490000e+00
-5.200000e-03,-2.490000e+00
-5.400000e-03,-2.510000e+00
-5.600000e-03,-2.480000e+00
-5.700000e-03,-2.490000e+00
-5.900000e-03,-2.480000e+00
-6.100000e-03,-2.470000e+00
-6.300000e-03,-2.490000e+00
-6.400000e-03,-2.490000e+00
-6.600000e-03,-2.490000e+00
-6.800000e-03,-2.480000e+00
-6.900000e-03,-2.490000e+00
-7.100000e-03,-2.510000e+00
-7.300000e-03,-2.500000e+00
-7.500000e-03,-2.480000e+00
-7.700000e-03,-2.500000e+00
-7.800000e-03,-2.510000e+00
-8.000000e-03,-2.540000e+00
-8.100000e-03,-2.540000e+00
-8.300000e-03,-2.570000e+00
-8.500000e-03,-2.560000e+00
-8.700000e-03,-2.590000e+00
-8.900000e-03,-2.630000e+00
-9.000000e-03,-2.690000e+00
-9.200000e-03,-2.720000e+00
-9.400000e-03,-2.760000e+00
-9.500000e-03,-2.760000e+00
-9.700000e-03,-2.780000e+00
-9.900000e-03,-2.780000e+00
-1.010000e-02,-2.800000e+00
-1.020000e-02,-2.830000e+00
-1.040000e-02,-2.870000e+00
-1.060000e-02,-2.880000e+00
-1.070000e-02,-2.910000e+00
-1.090000e-02,-2.930000e+00
-1.110000e-02,-2.950000e+00
-1.130000e-02,-2.980000e+00
-1.140000e-02,-2.990000e+00
-1.160000e-02,-3
-1.180000e-02,-3.040000e+00
-1.190000e-02,-3.080000e+00
-1.210000e-02,-3.100000e+00
-1.230000e-02,-3.120000e+00
-1.240000e-02,-3.130000e+00
-1.260000e-02,-3.140000e+00
-1.280000e-02,-3.150000e+00
-1.300000e-02,-3.160000e+00
-1.310000e-02,-3.180000e+00
-1.330000e-02,-3.220000e+00
-1.340000e-02,-3.230000e+00
-1.360000e-02,-3.260000e+00
-1.380000e-02,-3.310000e+00
-1.400000e-02,-3.320000e+00
-1.410000e-02,-3.340000e+00
-1.430000e-02,-3.350000e+00
-1.450000e-02,-3.360000e+00
-1.460000e-02,-3.410000e+00
-1.480000e-02,-3.450000e+00
-1.490000e-02,-3.470000e+00
-1.490000e-02,-3.500000e+00
-1.490000e-02,-3.530000e+00
-1.490000e-02,-3.510000e+00
-1.500000e-02,-3.520000e+00
-1.490000e-02,-3.520000e+00
-1.500000e-02,-3.510000e+00
-1.500000e-02,-3.540000e+00
-1.490000e-02,-3.520000e+00
-1.490000e-02,-3.520000e+00
-1.490000e-02,-3.540000e+00
-1.500000e-02,-3.530000e+00
-1.490000e-02,-3.540000e+00
-1.500000e-02,-3.540000e+00
-1.500000e-02,-3.540000e+00
-1.490000e-02,-3.540000e+00
-1.500000e-02,-3.540000e+00
-1.500000e-02,-3.540000e+00
-1.500000e-02,-3.550000e+00
-1.490000e-02,-3.560000e+00
-1.500000e-02,-3.550000e+00
-1.500000e-02,-3.550000e+00
-1.490000e-02,-3.560000e+00
-1.500000e-02,-3.540000e+00
-1.500000e-02,-3.560000e+00
-1.500000e-02,-3.550000e+00
-1.500000e-02,-3.550000e+00
-1.490000e-02,-3.550000e+00
-1.500000e-02,-3.550000e+00
-1.500000e-02,-3.550000e+00
-1.500000e-02,-3.550000e+00
-1.500000e-02,-3.560000e+00
-1.500000e-02,-3.540000e+00
-1.490000e-02,-3.540000e+00
-1.500000e-02,-3.560000e+00
-1.500000e-02,-3.540000e+00
-1.500000e-02,-3.550000e+00
-1.490000e-02,-3.560000e+00
-1.500000e-02,-3.550000e+00
-1.500000e-02,-3.540000e+00
-1.500000e-02,-3.560000e+00
-1.490000e-02,-3.540000e+00
-1.490000e-02,-3.550000e+00
-1.500000e-02,-3.550000e+00
-1.500000e-02,-3.560000e+00
-1.490000e-02,-3.550000e+00
-1.500000e-02,-3.540000e+00
-1.500000e-02,-3.550000e+00
-1.500000e-02,-3.550000e+00
-1.500000e-02,-3.540000e+00
-1.500000e-02,-3.550000e+00
-1.500000e-02,-3.560000e+00
-1.500000e-02,-3.560000e+00
-1.500000e-02,-3.560000e+00
-1.500000e-02,-3.550000e+00
-1.500000e-02,-3.550000e+00
-1.500000e-02,-3.560000e+00
-1.490000e-02,-3.550000e+00
-1.490000e-02,-3.550000e+00
-1.500000e-02,-3.550000e+00
-1.490000e-02,-3.540000e+00
-1.500000e-02,-3.560000e+00
-1.500000e-02,-3.550000e+00
-1.490000e-02,-3.550000e+00
-1.490000e-02,-3.550000e+00
-1.500000e-02,-3.560000e+00
-1.500000e-02,-3.540000e+00
-1.500000e-02,-3.550000e+00
-1.500000e-02,-3.550000e+00
-1.490000e-02,-3.540000e+00
-1.480000e-02,-3.560000e+00
-1.460000e-02,-3.560000e+00
-1.450000e-02,-3.570000e+00
-1.440000e-02,-3.590000e+00
-1.430000e-02,-3.580000e+00
-1.410000e-02,-3.590000e+00
-1.400000e-02,-3.600000e+00
-1.380000e-02,-3.580000e+00
-1.370000e-02,-3.600000e+00
-1.350000e-02,-3.610000e+00
-1.340000e-02,-3.610000e+00
-1.320000e-02,-3.600000e+00
-1.310000e-02,-3.610000e+00
-1.290000e-02,-3.630000e+00
-1.270000e-02,-3.640000e+00
-1.260000e-02,-3.640000e+00
-1.240000e-02,-3.630000e+00
-1.230000e-02,-3.650000e+00
-1.210000e-02,-3.640000e+00
-1.200000e-02,-3.640000e+00
-1.180000e-02,-3.640000e+00
-1.160000e-02,-3.640000e+00
-1.150000e-02,-3.660000e+00
-1.130000e-02,-3.660000e+00
-1.110000e-02,-3.660000e+00
-1.100000e-02,-3.660000e+00
-1.080000e-02,-3.670000e+00
-1.070000e-02,-3.680000e+00
-1.050000e-02,-3.670000e+00
-1.030000e-02,-3.690000e+00
-1.020000e-02,-3.700000e+00
-1.000000e-02,-3.710000e+00
-9.900000e-03,-3.710000e+00
-9.700000e-03,-3.710000e+00
-9.600000e-03,-3.710000e+00
-9.400000e-03,-3.740000e+00
-9.300000e-03,-3.730000e+00
-9.100000e-03,-3.740000e+00
-8.900000e-03,-3.760000e+00
-8.800000e-03,-3.750000e+00
-8.600000e-03,-3.760000e+00
-8.400000e-03,-3.770000e+00
-8.300000e-03,-3.780000e+00
-8.100000e-03,-3.770000e+00
-7.900000e-03,-3.770000e+00
-7.800000e-03,-3.770000e+00
-7.600000e-03,-3.760000e+00
-7.400000e-03,-3.790000e+00
-7.300000e-03,-3.780000e+00
-7.100000e-03,-3.780000e+00
-7.000000e-03,-3.790000e+00
-6.800000e-03,-3.790000e+00
-6.600000e-03,-3.790000e+00
-6.500000e-03,-3.790000e+00
-6.300000e-03,-3.800000e+00
-6.100000e-03,-3.790000e+00
-6.000000e-03,-3.790000e+00
-5.800000e-03,-3.810000e+00
-5.600000e-03,-3.800000e+00
-5.500000e-03,-3.800000e+00
-5.300000e-03,-3.810000e+00
-5.100000e-03,-3.820000e+00
-5.000000e-03,-3.830000e+00
-4.800000e-03,-3.820000e+00
-4.700000e-03,-3.830000e+00
-4.500000e-03,-3.830000e+00
-4.400000e-03,-3.830000e+00
-4.200000e-03,-3.840000e+00
-4.000000e-03,-3.830000e+00
-3.900000e-03,-3.820000e+00
-3.700000e-03,-3.850000e+00
-3.600000e-03,-3.840000e+00
-3.400000e-03,-3.840000e+00
-3.200000e-03,-3.850000e+00
-3.100000e-03,-3.850000e+00
-2.900000e-03,-3.850000e+00
-2.700000e-03,-3.860000e+00
-2.600000e-03,-3.860000e+00
-2.400000e-03,-3.870000e+00
-2.300000e-03,-3.850000e+00
-2.100000e-03,-3.870000e+00
-1.900000e-03,-3.870000e+00
-1.800000e-03,-3.860000e+00
-1.600000e-03,-3.870000e+00
-1.400000e-03,-3.880000e+00
-1.300000e-03,-3.880000e+00
-1.100000e-03,-3.880000e+00
-9.000000e-04,-3.880000e+00
-8.000000e-04,-3.880000e+00
-6.000000e-04,-3.880000e+00
-4.000000e-04,-3.870000e+00
-3.000000e-04,-3.890000e+00
-1.000000e-04,-3.880000e+00
1.000000e-04,-3.870000e+00
2.000000e-04,-3.870000e+00
4.000000e-04,-3.890000e+00
5.000000e-04,-3.890000e+00
7.000000e-04,-3.890000e+00
8.000000e-04,-3.910000e+00
1.000000e-03,-3.890000e+00
1.200000e-03,-3.890000e+00
1.300000e-03,-3.900000e+00
1.500000e-03,-3.890000e+00
1.700000e-03,-3.890000e+00
1.800000e-03,-3.900000e+00
2.000000e-03,-3.910000e+00
2.100000e-03,-3.920000e+00
2.300000e-03,-3.910000e+00
2.400000e-03,-3.920000e+00
2.600000e-03,-3.920000e+00
2.800000e-03,-3.930000e+00
3.000000e-03,-3.920000e+00
3.100000e-03,-3.910000e+00
3.300000e-03,-3.920000e+00
3.500000e-03,-3.940000e+00
3.600000e-03,-3.920000e+00
3.800000e-03,-3.920000e+00
4.000000e-03,-3.930000e+00
4.100000e-03,-3.920000e+00
4.300000e-03,-3.910000e+00
4.500000e-03,-3.930000e+00
4.700000e-03,-3.930000e+00
4.900000e-03,-3.930000e+00
5.000000e-03,-3.950000e+00
5.200000e-03,-3.910000e+00
5.400000e-03,-3.950000e+00
5.600000e-03,-3.940000e+00
5.800000e-03,-3.950000e+00
5.900000e-03,-3.950000e+00
6.100000e-03,-3.960000e+00
6.300000e-03,-3.970000e+00
6.500000e-03,-3.980000e+00
6.700000e-03,-3.990000e+00
6.800000e-03,-3.980000e+00
7.000000e-03,-4.010000e+00
7.200000e-03,-4.020000e+00
7.400000e-03,-4.050000e+00
7.600000e-03,-4.060000e+00
7.800000e-03,-4.070000e+00
8.000000e-03,-4.100000e+00
8.200000e-03,-4.120000e+00
8.300000e-03,-4.110000e+00
8.500000e-03,-4.150000e+00
8.700000e-03,-4.180000e+00
8.900000e-03,-4.240000e+00
9.100000e-03,-4.270000e+00
9.200000e-03,-4.270000e+00
9.400000e-03,-4.270000e+00
9.600000e-03,-4.290000e+00
9.800000e-03,-4.310000e+00
1.000000e-02,-4.320000e+00
1.010000e-02,-4.380000e+00
1.030000e-02,-4.400000e+00
1.050000e-02,-4.410000e+00
1.070000e-02,-4.440000e+00
1.090000e-02,-4.450000e+00
1.100000e-02,-4.470000e+00
1.120000e-02,-4.490000e+00
1.140000e-02,-4.490000e+00
1.160000e-02,-4.520000e+00
1.180000e-02,-4.550000e+00
1.190000e-02,-4.570000e+00
1.210000e-02,-4.640000e+00
1.220000e-02,-4.660000e+00
1.240000e-02,-4.670000e+00
1.260000e-02,-4.680000e+00
1.280000e-02,-4.710000e+00
1.290000e-02,-4.750000e+00
1.310000e-02,-4.790000e+00
1.330000e-02,-4.840000e+00
1.350000e-02,-4.860000e+00
1.360000e-02,-4.860000e+00
1.380000e-02,-4.890000e+00
1.400000e-02,-4.910000e+00
1.420000e-02,-4.910000e+00
1.430000e-02,-4.950000e+00
1.450000e-02,-4.970000e+00
1.470000e-02,-5.010000e+00
1.490000e-02,-5.040000e+00
1.500000e-02,-5.050000e+00
1.520000e-02,-5.080000e+00
1.520000e-02,-5.110000e+00
1.520000e-02,-5.130000e+00
1.530000e-02,-5.130000e+00
1.530000e-02,-5.160000e+00
1.530000e-02,-5.130000e+00
1.530000e-02,-5.150000e+00
1.530000e-02,-5.150000e+00
1.530000e-02,-5.150000e+00
1.530000e-02,-5.160000e+00
1.520000e-02,-5.160000e+00
1.530000e-02,-5.160000e+00
1.530000e-02,-5.160000e+00
1.530000e-02,-5.160000e+00
1.530000e-02,-5.170000e+00
1.530000e-02,-5.160000e+00
1.530000e-02,-5.160000e+00
1.530000e-02,-5.170000e+00
1.530000e-02,-5.160000e+00
1.530000e-02,-5.170000e+00
1.530000e-02,-5.170000e+00
1.530000e-02,-5.180000e+00
1.530000e-02,-5.170000e+00
1.530000e-02,-5.180000e+00
1.530000e-02,-5.160000e+00
1.520000e-02,-5.170000e+00
1.530000e-02,-5.180000e+00
1.530000e-02,-5.170000e+00
1.530000e-02,-5.170000e+00
1.530000e-02,-5.160000e+00
1.530000e-02,-5.170000e+00
1.530000e-02,-5.170000e+00
1.530000e-02,-5.190000e+00
1.530000e-02,-5.180000e+00
1.530000e-02,-5.170000e+00
1.530000e-02,-5.150000e+00
1.530000e-02,-5.170000e+00
1.530000e-02,-5.160000e+00
1.530000e-02,-5.180000e+00
1.530000e-02,-5.170000e+00
1.530000e-02,-5.180000e+00
1.530000e-02,-5.160000e+00
1.530000e-02,-5.170000e+00
1.530000e-02,-5.180000e+00
1.530000e-02,-5.170000e+00
1.530000e-02,-5.180000e+00
1.530000e-02,-5.190000e+00
1.530000e-02,-5.190000e+00
1.530000e-02,-5.180000e+00
1.530000e-02,-5.180000e+00
1.530000e-02,-5.180000e+00
1.530000e-02,-5.190000e+00
1.530000e-02,-5.180000e+00
1.530000e-02,-5.190000e+00
1.530000e-02,-5.190000e+00
1.530000e-02,-5.190000e+00
1.530000e-02,-5.180000e+00
1.530000e-02,-5.190000e+00
1.530000e-02,-5.170000e+00
1.530000e-02,-5.190000e+00
1.530000e-02,-5.190000e+00
1.530000e-02,-5.170000e+00
1.530000e-02,-5.200000e+00
1.530000e-02,-5.180000e+00
1.530000e-02,-5.170000e+00
1.530000e-02,-5.190000e+00
1.530000e-02,-5.170000e+00
1.530000e-02,-5.190000e+00
1.530000e-02,-5.170000e+00
1.530000e-02,-5.190000e+00
1.530000e-02,-5.190000e+00
1.530000e-02,-5.170000e+00
1.530000e-02,-5.190000e+00
1.530000e-02,-5.190000e+00
1.530000e-02,-5.180000e+00
1.520000e-02,-5.170000e+00
1.510000e-02,-5.180000e+00
1.500000e-02,-5.190000e+00
1.490000e-02,-5.190000e+00
1.480000e-02,-5.200000e+00
1.460000e-02,-5.200000e+00
1.450000e-02,-5.200000e+00
1.430000e-02,-5.190000e+00
1.420000e-02,-5.210000e+00
1.400000e-02,-5.190000e+00
1.390000e-02,-5.180000e+00
1.370000e-02,-5.200000e+00
1.360000e-02,-5.200000e+00
1.340000e-02,-5.200000e+00
1.330000e-02,-5.190000e+00
1.310000e-02,-5.190000e+00
1.290000e-02,-5.200000e+00
1.270000e-02,-5.200000e+00
1.260000e-02,-5.190000e+00
1.240000e-02,-5.190000e+00
1.220000e-02,-5.220000e+00
1.210000e-02,-5.180000e+00
1.190000e-02,-5.190000e+00
1.170000e-02,-5.190000e+00
1.160000e-02,-5.180000e+00
1.140000e-02,-5.180000e+00
1.130000e-02,-5.180000e+00
1.110000e-02,-5.190000e+00
1.090000e-02,-5.180000e+00
1.080000e-02,-5.160000e+00
1.060000e-02,-5.180000e+00
1.040000e-02,-5.170000e+00
1.030000e-02,-5.170000e+00
1.010000e-02,-5.190000e+00
9.900000e-03,-5.170000e+00
9.700000e-03,-5.180000e+00
9.500000e-03,-5.170000e+00
9.400000e-03,-5.170000e+00
9.200000e-03,-5.170000e+00
9.100000e-03,-5.160000e+00
8.900000e-03,-5.180000e+00
8.700000e-03,-5.180000e+00
8.500000e-03,-5.170000e+00
8.300000e-03,-5.180000e+00
8.200000e-03,-5.160000e+00
8.000000e-03,-5.180000e+00
7.800000e-03,-5.170000e+00
7.700000e-03,-5.180000e+00
7.500000e-03,-5.170000e+00
7.300000e-03,-5.170000e+00
7.100000e-03,-5.160000e+00
6.900000e-03,-5.170000e+00
6.800000e-03,-5.160000e+00
6.600000e-03,-5.160000e+00
6.400000e-03,-5.150000e+00
6.200000e-03,-5.160000e+00
6.000000e-03,-5.150000e+00
5.900000e-03,-5.150000e+00
5.700000e-03,-5.140000e+00
5.500000e-03,-5.130000e+00
5.300000e-03,-5.140000e+00
5.100000e-03,-5.130000e+00
4.900000e-03,-5.160000e+00
4.800000e-03,-5.150000e+00
4.600000e-03,-5.140000e+00
4.400000e-03,-5.130000e+00
4.300000e-03,-5.130000e+00
4.100000e-03,-5.130000e+00
3.900000e-03,-5.150000e+00
3.800000e-03,-5.120000e+00
3.600000e-03,-5.120000e+00
3.400000e-03,-5.120000e+00
3.300000e-03,-5.140000e+00
3.100000e-03,-5.130000e+00
3.000000e-03,-5.120000e+00
2.800000e-03,-5.110000e+00
2.600000e-03,-5.110000e+00
2.500000e-03,-5.130000e+00
2.300000e-03,-5.120000e+00
2.100000e-03,-5.120000e+00
2.000000e-03,-5.130000e+00
1.800000e-03,-5.110000e+00
1.700000e-03,-5.110000e+00
1.500000e-03,-5.110000e+00
1.400000e-03,-5.110000e+00
1.200000e-03,-5.100000e+00
1.100000e-03,-5.110000e+00
9.000000e-04,-5.110000e+00
7.000000e-04,-5.100000e+00
5.000000e-04,-5.100000e+00
4.000000e-04,-5.110000e+00
2.000000e-04,-5.100000e+00
0,-5.090000e+00
-1.000000e-04,-5.090000e+00
-3.000000e-04,-5.100000e+00
-4.000000e-04,-5.080000e+00
-6.000000e-04,-5.090000e+00
-8.000000e-04,-5.080000e+00
-9.000000e-04,-5.090000e+00
-1.100000e-03,-5.070000e+00
-1.300000e-03,-5.080000e+00
-1.400000e-03,-5.100000e+00
-1.600000e-03,-5.070000e+00
-1.800000e-03,-5.070000e+00
-1.900000e-03,-5.060000e+00
-2.100000e-03,-5.080000e+00
-2.300000e-03,-5.070000e+00
-2.400000e-03,-5.070000e+00
-2.600000e-03,-5.070000e+00
-2.800000e-03,-5.060000e+00
-3.000000e-03,-5.050000e+00
-3.100000e-03,-5.060000e+00
-3.300000e-03,-5.060000e+00
-3.400000e-03,-5.050000e+00
-3.600000e-03,-5.050000e+00
-3.800000e-03,-5.030000e+00
-4.000000e-03,-5.030000e+00
-4.100000e-03,-5.040000e+00
-4.300000e-03,-5.040000e+00
-4.500000e-03,-5.040000e+00
-4.600000e-03,-5.020000e+00
-4.800000e-03,-5.010000e+00
-5.000000e-03,-5.020000e+00
-5.100000e-03,-5.020000e+00
-5.300000e-03,-5.020000e+00
-5.400000e-03,-5.010000e+00
-5.600000e-03,-5.020000e+00
-5.800000e-03,-5.010000e+00
-6.000000e-03,-5
-6.100000e-03,-5
-6.300000e-03,-5.010000e+00
-6.500000e-03,-5.010000e+00
-6.600000e-03,-5.010000e+00
-6.800000e-03,-5.010000e+00
-7.000000e-03,-5
-7.100000e-03,-4.990000e+00
-7.300000e-03,-5
-7.500000e-03,-4.990000e+00
-7.700000e-03,-4.990000e+00
-7.800000e-03,-4.990000e+00
-8.000000e-03,-5
-8.200000e-03,-5
-8.300000e-03,-5.010000e+00
-8.500000e-03,-5.040000e+00
-8.700000e-03,-5.050000e+00
-8.900000e-03,-5.050000e+00
-9.100000e-03,-5.070000e+00
-9.200000e-03,-5.100000e+00
-9.400000e-03,-5.090000e+00
-9.600000e-03,-5.140000e+00
-9.800000e-03,-5.180000e+00
-9.900000e-03,-5.200000e+00
-1.010000e-02,-5.250000e+00
-1.030000e-02,-5.260000e+00
-1.040000e-02,-5.280000e+00
-1.060000e-02,-5.300000e+00
-1.080000e-02,-5.290000e+00
-1.100000e-02,-5.320000e+00
-1.110000e-02,-5.370000e+00
-1.130000e-02,-5.410000e+00
-1.150000e-02,-5.430000e+00
-1.160000e-02,-5.450000e+00
-1.180000e-02,-5.470000e+00
-1.200000e-02,-5.470000e+00
-1.220000e-02,-5.510000e+00
-1.230000e-02,-5.550000e+00
-1.250000e-02,-5.560000e+00
-1.260000e-02,-5.580000e+00
-1.290000e-02,-5.620000e+00
-1.300000e-02,-5.640000e+00
-1.320000e-02,-5.650000e+00
-1.330000e-02,-5.660000e+00
-1.350000e-02,-5.670000e+00
-1.370000e-02,-5.700000e+00
-1.380000e-02,-5.740000e+00
-1.400000e-02,-5.770000e+00
-1.420000e-02,-5.810000e+00
-1.440000e-02,-5.800000e+00
-1.450000e-02,-5.840000e+00
-1.470000e-02,-5.870000e+00
-1.480000e-02,-5.900000e+00
-1.500000e-02,-5.940000e+00
-1.500000e-02,-5.970000e+00
-1.500000e-02,-6
-1.500000e-02,-5.990000e+00
-1.500000e-02,-6
-1.500000e-02,-6.030000e+00
-1.500000e-02,-6.030000e+00
-1.500000e-02,-6.010000e+00
-1.500000e-02,-5.990000e+00
-1.500000e-02,-6.010000e+00
-1.500000e-02,-6.030000e+00
-1.500000e-02,-6.020000e+00
-1.500000e-02,-6.020000e+00
-1.500000e-02,-6.030000e+00
-1.500000e-02,-6.040000e+00
-1.500000e-02,-6.030000e+00
-1.500000e-02,-6.020000e+00
-1.500000e-02,-6.020000e+00
-1.500000e-02,-6.020000e+00
-1.500000e-02,-6.020000e+00
-1.500000e-02,-6.030000e+00
-1.500000e-02,-6.030000e+00
-1.500000e-02,-6.030000e+00
-1.500000e-02,-6.010000e+00
-1.500000e-02,-6.010000e+00
-1.500000e-02,-6.030000e+00
-1.500000e-02,-6.030000e+00
-1.500000e-02,-6.030000e+00
-1.500000e-02,-6.030000e+00
-1.500000e-02,-6.030000e+00
-1.500000e-02,-6.050000e+00
-1.500000e-02,-6.030000e+00
-1.500000e-02,-6.030000e+00
-1.500000e-02,-6.020000e+00
-1.500000e-02,-6.020000e+00
-1.500000e-02,-6.030000e+00
-1.500000e-02,-6.020000e+00
-1.510000e-02,-6.010000e+00
-1.500000e-02,-6.020000e+00
-1.500000e-02,-6.040000e+00
-1.500000e-02,-6.030000e+00
-1.500000e-02,-6.030000e+00
-1.500000e-02,-6.040000e+00
-1.500000e-02,-6.040000e+00
-1.500000e-02,-6.030000e+00
-1.500000e-02,-6.030000e+00
-1.500000e-02,-6.040000e+00
-1.500000e-02,-6.030000e+00
-1.500000e-02,-6.030000e+00
-1.500000e-02,-6.040000e+00
-1.500000e-02,-6.050000e+00
-1.510000e-02,-6.060000e+00
-1.500000e-02,-6.050000e+00
-1.500000e-02,-6.070000e+00
-1.500000e-02,-6.050000e+00
-1.500000e-02,-6.050000e+00
-1.500000e-02,-6.050000e+00
-1.500000e-02,-6.050000e+00
-1.500000e-02,-6.040000e+00
-1.500000e-02,-6.060000e+00
-1.500000e-02,-6.070000e+00
-1.500000e-02,-6.050000e+00
-1.500000e-02,-6.040000e+00
-1.500000e-02,-6.030000e+00
-1.500000e-02,-6.050000e+00
-1.510000e-02,-6.050000e+00
-1.500000e-02,-6.040000e+00
-1.510000e-02,-6.040000e+00
-1.500000e-02,-6.040000e+00
-1.500000e-02,-6.060000e+00
-1.500000e-02,-6.060000e+00
-1.500000e-02,-6.050000e+00
-1.500000e-02,-6.040000e+00
-1.500000e-02,-6.070000e+00
-1.500000e-02,-6.050000e+00
-1.500000e-02,-6.050000e+00
-1.490000e-02,-6.060000e+00
-1.480000e-02,-6.060000e+00
-1.470000e-02,-6.070000e+00
-1.460000e-02,-6.070000e+00
-1.440000e-02,-6.080000e+00
-1.430000e-02,-6.070000e+00
-1.420000e-02,-6.090000e+00
-1.400000e-02,-6.100000e+00
-1.390000e-02,-6.100000e+00
-1.370000e-02,-6.090000e+00
-1.350000e-02,-6.090000e+00
-1.340000e-02,-6.100000e+00
-1.320000e-02,-6.100000e+00
-1.310000e-02,-6.110000e+00
-1.290000e-02,-6.100000e+00
-1.280000e-02,-6.110000e+00
-1.260000e-02,-6.100000e+00
-1.240000e-02,-6.130000e+00
-1.230000e-02,-6.120000e+00
-1.210000e-02,-6.130000e+00
-1.200000e-02,-6.150000e+00
-1.180000e-02,-6.150000e+00
-1.160000e-02,-6.160000e+00
-1.150000e-02,-6.160000e+00
-1.130000e-02,-6.150000e+00
-1.120000e-02,-6.140000e+00
-1.100000e-02,-6.160000e+00
-1.080000e-02,-6.170000e+00
-1.070000e-02,-6.170000e+00
-1.050000e-02,-6.170000e+00
-1.040000e-02,-6.180000e+00
-1.020000e-02,-6.170000e+00
-1.000000e-02,-6.190000e+00
-9.900000e-03,-6.180000e+00
-9.700000e-03,-6.210000e+00
-9.500000e-03,-6.200000e+00
-9.400000e-03,-6.200000e+00
-9.200000e-03,-6.220000e+00
-9.100000e-03,-6.220000e+00
-8.900000e-03,-6.220000e+00
-8.700000e-03,-6.230000e+00
-8.600000e-03,-6.220000e+00
-8.400000e-03,-6.230000e+00
-8.300000e-03,-6.230000e+00
-8.100000e-03,-6.230000e+00
-8.000000e-03,-6.220000e+00
-7.800000e-03,-6.240000e+00
-7.600000e-03,-6.220000e+00
-7.500000e-03,-6.230000e+00
-7.300000e-03,-6.230000e+00
-7.100000e-03,-6.250000e+00
-7.000000e-03,-6.260000e+00
-6.800000e-03,-6.280000e+00
-6.600000e-03,-6.300000e+00
-6.500000e-03,-6.300000e+00
-6.300000e-03,-6.310000e+00
-6.100000e-03,-6.300000e+00
-6.000000e-03,-6.310000e+00
-5.800000e-03,-6.320000e+00
-5.700000e-03,-6.300000e+00
-5.500000e-03,-6.300000e+00
-5.400000e-03,-6.320000e+00
-5.200000e-03,-6.300000e+00
-5.000000e-03,-6.310000e+00
-4.800000e-03,-6.310000e+00
-4.700000e-03,-6.310000e+00
-4.500000e-03,-6.320000e+00
-4.400000e-03,-6.320000e+00
-4.200000e-03,-6.320000e+00
-4.000000e-03,-6.330000e+00
-3.900000e-03,-6.320000e+00
-3.700000e-03,-6.340000e+00
-3.500000e-03,-6.330000e+00
-3.400000e-03,-6.320000e+00
-3.200000e-03,-6.330000e+00
-3.100000e-03,-6.320000e+00
-2.900000e-03,-6.350000e+00
-2.700000e-03,-6.330000e+00
-2.600000e-03,-6.340000e+00
-2.400000e-03,-6.340000e+00
-2.300000e-03,-6.340000e+00
-2.100000e-03,-6.360000e+00
-1.900000e-03,-6.350000e+00
-1.800000e-03,-6.340000e+00
-1.600000e-03,-6.350000e+00
-1.400000e-03,-6.350000e+00
-1.300000e-03,-6.360000e+00
-1.100000e-03,-6.340000e+00
-9.000000e-04,-6.370000e+00
-8.000000e-04,-6.360000e+00
-6.000000e-04,-6.370000e+00
-4.000000e-04,-6.360000e+00
-3.000000e-04,-6.380000e+00
-1.000000e-04,-6.370000e+00
1.000000e-04,-6.370000e+00
2.000000e-04,-6.390000e+00
4.000000e-04,-6.380000e+00
5.000000e-04,-6.380000e+00
7.000000e-04,-6.380000e+00
8.000000e-04,-6.370000e+00
1.000000e-03,-6.380000e+00
1.100000e-03,-6.380000e+00
1.300000e-03,-6.380000e+00
1.500000e-03,-6.380000e+00
1.600000e-03,-6.390000e+00
1.800000e-03,-6.390000e+00
1.900000e-03,-6.370000e+00
2.100000e-03,-6.380000e+00
2.300000e-03,-6.400000e+00
2.400000e-03,-6.390000e+00
2.600000e-03,-6.390000e+00
2.800000e-03,-6.380000e+00
3.000000e-03,-6.390000e+00
3.100000e-03,-6.390000e+00
3.300000e-03,-6.390000e+00
3.500000e-03,-6.390000e+00
3.600000e-03,-6.390000e+00
3.800000e-03,-6.410000e+00
4.000000e-03,-6.390000e+00
4.200000e-03,-6.390000e+00
4.400000e-03,-6.390000e+00
4.500000e-03,-6.380000e+00
4.700000e-03,-6.400000e+00
4.900000e-03,-6.410000e+00
5.100000e-03,-6.400000e+00
5.300000e-03,-6.410000e+00
5.400000e-03,-6.420000e+00
5.600000e-03,-6.400000e+00
5.800000e-03,-6.430000e+00
6.000000e-03,-6.440000e+00
6.100000e-03,-6.430000e+00
6.300000e-03,-6.450000e+00
6.500000e-03,-6.470000e+00
6.700000e-03,-6.480000e+00
6.900000e-03,-6.500000e+00
7.000000e-03,-6.480000e+00
7.200000e-03,-6.510000e+00
7.400000e-03,-6.510000e+00
7.600000e-03,-6.520000e+00
7.800000e-03,-6.540000e+00
8.000000e-03,-6.570000e+00
8.200000e-03,-6.570000e+00
8.300000e-03,-6.590000e+00
8.500000e-03,-6.590000e+00
8.700000e-03,-6.610000e+00
8.900000e-03,-6.640000e+00
9.100000e-03,-6.670000e+00
9.200000e-03,-6.690000e+00
9.500000e-03,-6.730000e+00
9.600000e-03,-6.750000e+00
9.800000e-03,-6.770000e+00
9.900000e-03,-6.800000e+00
1.020000e-02,-6.820000e+00
1.040000e-02,-6.850000e+00
1.050000e-02,-6.900000e+00
1.070000e-02,-6.930000e+00
1.090000e-02,-6.950000e+00
1.100000e-02,-6.990000e+00
1.120000e-02,-7
1.140000e-02,-7.030000e+00
1.160000e-02,-7.080000e+00
1.180000e-02,-7.140000e+00
1.190000e-02,-7.180000e+00
1.210000e-02,-7.180000e+00
1.230000e-02,-7.230000e+00
1.240000e-02,-7.230000e+00
1.260000e-02,-7.260000e+00
1.280000e-02,-7.290000e+00
1.300000e-02,-7.330000e+00
1.310000e-02,-7.340000e+00
1.330000e-02,-7.380000e+00
1.350000e-02,-7.400000e+00
1.360000e-02,-7.420000e+00
1.380000e-02,-7.460000e+00
1.400000e-02,-7.500000e+00
1.420000e-02,-7.530000e+00
1.430000e-02,-7.560000e+00
1.450000e-02,-7.590000e+00
1.470000e-02,-7.610000e+00
1.490000e-02,-7.610000e+00
1.510000e-02,-7.650000e+00
1.520000e-02,-7.670000e+00
1.540000e-02,-7.690000e+00
1.560000e-02,-7.740000e+00
1.580000e-02,-7.760000e+00
1.590000e-02,-7.790000e+00
1.610000e-02,-7.840000e+00
1.630000e-02,-7.880000e+00
1.650000e-02,-7.940000e+00
1.670000e-02,-7.970000e+00
1.680000e-02,-8
1.700000e-02,-8.020000e+00
1.720000e-02,-8.080000e+00
1.730000e-02,-8.110000e+00
1.750000e-02,-8.150000e+00
1.770000e-02,-8.190000e+00
1.790000e-02,-8.210000e+00
1.800000e-02,-8.240000e+00
1.820000e-02,-8.250000e+00
1.840000e-02,-8.280000e+00
1.860000e-02,-8.320000e+00
1.880000e-02,-8.330000e+00
1.890000e-02,-8.360000e+00
1.910000e-02,-8.380000e+00
1.930000e-02,-8.430000e+00
1.950000e-02,-8.450000e+00
1.960000e-02,-8.510000e+00
1.980000e-02,-8.550000e+00
2.000000e-02,-8.580000e+00
2.010000e-02,-8.620000e+00
2.030000e-02,-8.640000e+00
2.050000e-02,-8.680000e+00
2.050000e-02,-8.730000e+00
2.050000e-02,-8.750000e+00
2.050000e-02,-8.760000e+00
2.050000e-02,-8.760000e+00
2.050000e-02,-8.780000e+00
2.050000e-02,-8.780000e+00
2.050000e-02,-8.790000e+00
2.060000e-02,-8.800000e+00
2.050000e-02,-8.780000e+00
2.060000e-02,-8.790000e+00
2.050000e-02,-8.790000e+00
2.060000e-02,-8.800000e+00
2.060000e-02,-8.800000e+00
2.060000e-02,-8.780000e+00
2.060000e-02,-8.780000e+00
2.060000e-02,-8.790000e+00
2.060000e-02,-8.790000e+00
2.050000e-02,-8.790000e+00
2.050000e-02,-8.790000e+00
2.050000e-02,-8.790000e+00
2.060000e-02,-8.790000e+00
2.060000e-02,-8.810000e+00
2.060000e-02,-8.790000e+00
2.060000e-02,-8.800000e+00
2.060000e-02,-8.790000e+00
2.060000e-02,-8.800000e+00
2.050000e-02,-8.790000e+00
2.050000e-02,-8.790000e+00
2.050000e-02,-8.790000e+00
2.060000e-02,-8.790000e+00
2.060000e-02,-8.800000e+00
2.050000e-02,-8.790000e+00
2.060000e-02,-8.770000e+00
2.050000e-02,-8.790000e+00
2.060000e-02,-8.790000e+00
2.050000e-02,-8.800000e+00
2.050000e-02,-8.780000e+00
2.060000e-02,-8.780000e+00
2.060000e-02,-8.800000e+00
2.050000e-02,-8.790000e+00
2.060000e-02,-8.790000e+00
2.060000e-02,-8.800000e+00
2.060000e-02,-8.790000e+00
2.060000e-02,-8.800000e+00
2.060000e-02,-8.790000e+00
2.060000e-02,-8.790000e+00
2.050000e-02,-8.790000e+00
2.050000e-02,-8.780000e+00
2.060000e-02,-8.790000e+00
2.060000e-02,-8.810000e+00
2.050000e-02,-8.790000e+00
2.040000e-02,-8.790000e+00
2.030000e-02,-8.810000e+00
2.020000e-02,-8.800000e+00
2.010000e-02,-8.800000e+00
1.990000e-02,-8.800000e+00
1.980000e-02,-8.800000e+00
1.970000e-02,-8.800000e+00
1.950000e-02,-8.820000e+00
1.940000e-02,-8.810000e+00
1.920000e-02,-8.790000e+00
1.900000e-02,-8.820000e+00
1.890000e-02,-8.800000e+00
1.880000e-02,-8.810000e+00
1.860000e-02,-8.790000e+00
1.840000e-02,-8.790000e+00
1.830000e-02,-8.800000e+00
1.810000e-02,-8.800000e+00
1.790000e-02,-8.820000e+00
1.780000e-02,-8.790000e+00
1.760000e-02,-8.800000e+00
1.750000e-02,-8.810000e+00
1.730000e-02,-8.800000e+00
1.710000e-02,-8.800000e+00
1.700000e-02,-8.790000e+00
1.680000e-02,-8.790000e+00
1.670000e-02,-8.800000e+00
1.650000e-02,-8.800000e+00
1.630000e-02,-8.790000e+00
1.620000e-02,-8.790000e+00
1.600000e-02,-8.780000e+00
1.580000e-02,-8.800000e+00
1.570000e-02,-8.790000e+00
1.550000e-02,-8.790000e+00
1.530000e-02,-8.790000e+00
1.520000e-02,-8.790000e+00
1.500000e-02,-8.780000e+00
1.490000e-02,-8.770000e+00
1.470000e-02,-8.790000e+00
1.450000e-02,-8.780000e+00
1.440000e-02,-8.780000e+00
1.420000e-02,-8.770000e+00
1.410000e-02,-8.770000e+00
1.390000e-02,-8.760000e+00
1.370000e-02,-8.780000e+00
1.350000e-02,-8.780000e+00
1.340000e-02,-8.760000e+00
1.320000e-02,-8.780000e+00
1.310000e-02,-8.770000e+00
1.290000e-02,-8.760000e+00
1.280000e-02,-8.760000e+00
1.260000e-02,-8.770000e+00
1.240000e-02,-8.760000e+00
1.220000e-02,-8.770000e+00
1.210000e-02,-8.760000e+00
1.190000e-02,-8.760000e+00
1.170000e-02,-8.760000e+00
1.150000e-02,-8.760000e+00
1.140000e-02,-8.750000e+00
1.120000e-02,-8.750000e+00
1.100000e-02,-8.750000e+00
1.090000e-02,-8.730000e+00
1.070000e-02,-8.730000e+00
1.050000e-02,-8.750000e+00
1.040000e-02,-8.740000e+00
1.020000e-02,-8.740000e+00
1.000000e-02,-8.740000e+00
9.800000e-03,-8.730000e+00
9.700000e-03,-8.740000e+00
9.500000e-03,-8.720000e+00
9.300000e-03,-8.720000e+00
9.100000e-03,-8.720000e+00
8.900000e-03,-8.700000e+00
8.800000e-03,-8.710000e+00
8.600000e-03,-8.700000e+00
8.400000e-03,-8.700000e+00
8.200000e-03,-8.690000e+00
8.000000e-03,-8.690000e+00
7.800000e-03,-8.700000e+00
7.700000e-03,-8.690000e+00
7.500000e-03,-8.680000e+00
7.300000e-03,-8.660000e+00
7.100000e-03,-8.670000e+00
6.900000e-03,-8.660000e+00
6.700000e-03,-8.660000e+00
6.600000e-03,-8.650000e+00
6.400000e-03,-8.670000e+00
6.200000e-03,-8.670000e+00
6.000000e-03,-8.660000e+00
5.800000e-03,-8.660000e+00
5.700000e-03,-8.670000e+00
5.500000e-03,-8.660000e+00
5.300000e-03,-8.650000e+00
5.100000e-03,-8.630000e+00
4.900000e-03,-8.620000e+00
4.700000e-03,-8.610000e+00
4.600000e-03,-8.610000e+00
4.400000e-03,-8.600000e+00
4.200000e-03,-8.610000e+00
4.100000e-03,-8.610000e+00
3.900000e-03,-8.620000e+00
3.700000e-03,-8.610000e+00
3.600000e-03,-8.610000e+00
3.400000e-03,-8.590000e+00
3.200000e-03,-8.590000e+00
3.100000e-03,-8.590000e+00
2.900000e-03,-8.600000e+00
2.700000e-03,-8.610000e+00
2.600000e-03,-8.590000e+00
2.400000e-03,-8.600000e+00
2.300000e-03,-8.590000e+00
2.100000e-03,-8.590000e+00
1.900000e-03,-8.560000e+00
1.700000e-03,-8.580000e+00
1.600000e-03,-8.550000e+00
1.400000e-03,-8.570000e+00
1.200000e-03,-8.560000e+00
1.100000e-03,-8.560000e+00
9.000000e-04,-8.560000e+00
8.000000e-04,-8.550000e+00
6.000000e-04,-8.560000e+00
4.000000e-04,-8.550000e+00
3.000000e-04,-8.560000e+00
1.000000e-04,-8.560000e+00
-1.000000e-04,-8.570000e+00
-2.000000e-04,-8.560000e+00
-4.000000e-04,-8.560000e+00
-6.000000e-04,-8.550000e+00
-8.000000e-04,-8.550000e+00
-9.000000e-04,-8.560000e+00
-1.100000e-03,-8.550000e+00
-1.300000e-03,-8.550000e+00
-1.400000e-03,-8.550000e+00
-1.600000e-03,-8.540000e+00
-1.800000e-03,-8.550000e+00
-2.000000e-03,-8.530000e+00
-2.100000e-03,-8.550000e+00
-2.300000e-03,-8.550000e+00
-2.500000e-03,-8.540000e+00
-2.600000e-03,-8.550000e+00
-2.800000e-03,-8.540000e+00
-3.000000e-03,-8.540000e+00
-3.200000e-03,-8.550000e+00
-3.300000e-03,-8.540000e+00
-3.500000e-03,-8.560000e+00
-3.600000e-03,-8.590000e+00
-3.800000e-03,-8.600000e+00
-4.000000e-03,-8.640000e+00
-4.200000e-03,-8.670000e+00
-4.300000e-03,-8.710000e+00
-4.500000e-03,-8.750000e+00
-4.700000e-03,-8.770000e+00
-4.900000e-03,-8.800000e+00
-5.100000e-03,-8.850000e+00
-5.200000e-03,-8.900000e+00
-5.400000e-03,-8.930000e+00
-5.600000e-03,-8.940000e+00
-5.700000e-03,-8.980000e+00
-5.900000e-03,-9
-6.100000e-03,-9.020000e+00
-6.300000e-03,-9.070000e+00
-6.400000e-03,-9.100000e+00
-6.600000e-03,-9.120000e+00
-6.800000e-03,-9.150000e+00
-6.900000e-03,-9.180000e+00
-7.100000e-03,-9.210000e+00
-7.300000e-03,-9.280000e+00
-7.500000e-03,-9.300000e+00
-7.700000e-03,-9.350000e+00
-7.800000e-03,-9.360000e+00
-8.000000e-03,-9.410000e+00
-8.200000e-03,-9.470000e+00
-8.300000e-03,-9.530000e+00
-8.500000e-03,-9.550000e+00
-8.700000e-03,-9.550000e+00
-8.900000e-03,-9.560000e+00
-9.000000e-03,-9.580000e+00
-9.200000e-03,-9.600000e+00
-9.400000e-03,-9.620000e+00
-9.500000e-03,-9.670000e+00
-9.700000e-03,-9.710000e+00
-9.900000e-03,-9.740000e+00
-1.010000e-02,-9.790000e+00
-1.030000e-02,-9.800000e+00
-1.040000e-02,-9.870000e+00
-1.060000e-02,-9.890000e+00
-1.080000e-02,-9.930000e+00
-1.100000e-02,-9.960000e+00
-1.110000e-02,-9.980000e+00
-1.130000e-02,-9.990000e+00
-1.150000e-02,-1.005000e+01
-1.160000e-02,-1.009000e+01
-1.180000e-02,-1.009000e+01
-1.200000e-02,-1.013000e+01
-1.220000e-02,-1.016000e+01
-1.230000e-02,-1.021000e+01
-1.250000e-02,-1.024000e+01
-1.270000e-02,-1.028000e+01
-1.290000e-02,-1.031000e+01
-1.300000e-02,-1.034000e+01
-1.320000e-02,-1.036000e+01
-1.340000e-02,-1.040000e+01
-1.350000e-02,-1.041000e+01
-1.370000e-02,-1.045000e+01
-1.390000e-02,-1.050000e+01
-1.400000e-02,-1.056000e+01
-1.420000e-02,-1.059000e+01
-1.440000e-02,-1.064000e+01
-1.460000e-02,-1.065000e+01
-1.470000e-02,-1.068000e+01
-1.490000e-02,-1.073000e+01
-1.510000e-02,-1.075000e+01
-1.530000e-02,-1.079000e+01
-1.540000e-02,-1.084000e+01
-1.560000e-02,-1.085000e+01
-1.570000e-02,-1.089000e+01
-1.590000e-02,-1.091000e+01
-1.610000e-02,-1.094000e+01
-1.620000e-02,-1.097000e+01
-1.640000e-02,-1.102000e+01
-1.660000e-02,-1.106000e+01
-1.670000e-02,-1.108000e+01
-1.690000e-02,-1.110000e+01
-1.710000e-02,-1.110000e+01
-1.730000e-02,-1.117000e+01
-1.740000e-02,-1.119000e+01
-1.760000e-02,-1.126000e+01
-1.780000e-02,-1.129000e+01
-1.790000e-02,-1.129000e+01
-1.810000e-02,-1.134000e+01
-1.830000e-02,-1.136000e+01
-1.850000e-02,-1.139000e+01
-1.860000e-02,-1.142000e+01
-1.880000e-02,-1.147000e+01
-1.900000e-02,-1.149000e+01
-1.920000e-02,-1.153000e+01
-1.930000e-02,-1.158000e+01
-1.950000e-02,-1.160000e+01
-1.970000e-02,-1.162000e+01
-1.980000e-02,-1.165000e+01
-2.000000e-02,-1.167000e+01
-2.020000e-02,-1.171000e+01
-2.040000e-02,-1.178000e+01
-2.040000e-02,-1.179000e+01
-2.040000e-02,-1.180000e+01
-2.040000e-02,-1.179000e+01
-2.040000e-02,-1.179000e+01
-2.040000e-02,-1.180000e+01
-2.040000e-02,-1.180000e+01
-2.040000e-02,-1.181000e+01
-2.040000e-02,-1.181000e+01
-2.040000e-02,-1.183000e+01
-2.040000e-02,-1.182000e+01
-2.040000e-02,-1.185000e+01
-2.040000e-02,-1.183000e+01
-2.040000e-02,-1.184000e+01
-2.040000e-02,-1.184000e+01
-2.040000e-02,-1.185000e+01
-2.040000e-02,-1.185000e+01
-2.040000e-02,-1.185000e+01
-2.040000e-02,-1.186000e+01
-2.040000e-02,-1.185000e+01
-2.040000e-02,-1.185000e+01
-2.040000e-02,-1.185000e+01
-2.040000e-02,-1.184000e+01
-2.040000e-02,-1.186000e+01
-2.040000e-02,-1.186000e+01
-2.040000e-02,-1.185000e+01
-2.040000e-02,-1.187000e+01
-2.040000e-02,-1.185000e+01
-2.040000e-02,-1.186000e+01
-2.040000e-02,-1.184000e+01
-2.040000e-02,-1.186000e+01
-2.040000e-02,-1.185000e+01
-2.040000e-02,-1.186000e+01
-2.040000e-02,-1.184000e+01
-2.040000e-02,-1.186000e+01
-2.040000e-02,-1.185000e+01
-2.040000e-02,-1.186000e+01
-2.040000e-02,-1.185000e+01
-2.040000e-02,-1.185000e+01
-2.040000e-02,-1.184000e+01
-2.040000e-02,-1.186000e+01
-2.030000e-02,-1.186000e+01
-2.020000e-02,-1.188000e+01
-2.010000e-02,-1.186000e+01
-1.990000e-02,-1.188000e+01
-1.980000e-02,-1.188000e+01
-1.970000e-02,-1.188000e+01
-1.960000e-02,-1.188000e+01
-1.940000e-02,-1.189000e+01
-1.930000e-02,-1.189000e+01
-1.910000e-02,-1.189000e+01
-1.900000e-02,-1.189000e+01
-1.880000e-02,-1.190000e+01
-1.860000e-02,-1.191000e+01
-1.840000e-02,-1.191000e+01
-1.830000e-02,-1.191000e+01
-1.810000e-02,-1.191000e+01
-1.800000e-02,-1.191000e+01
-1.780000e-02,-1.191000e+01
-1.760000e-02,-1.190000e+01
-1.750000e-02,-1.192000e+01
-1.730000e-02,-1.191000e+01
-1.720000e-02,-1.191000e+01
-1.700000e-02,-1.191000e+01
-1.690000e-02,-1.192000e+01
-1.670000e-02,-1.194000e+01
-1.650000e-02,-1.193000e+01
-1.640000e-02,-1.193000e+01
-1.620000e-02,-1.193000e+01
-1.610000e-02,-1.192000e+01
-1.590000e-02,-1.194000e+01
-1.570000e-02,-1.193000e+01
-1.560000e-02,-1.192000e+01
-1.540000e-02,-1.193000e+01
-1.530000e-02,-1.194000e+01
-1.510000e-02,-1.194000e+01
-1.490000e-02,-1.194000e+01
-1.480000e-02,-1.194000e+01
-1.460000e-02,-1.193000e+01
-1.450000e-02,-1.194000e+01
-1.430000e-02,-1.195000e+01
-1.420000e-02,-1.195000e+01
-1.400000e-02,-1.194000e+01
-1.380000e-02,-1.195000e+01
-1.370000e-02,-1.195000e+01
-1.350000e-02,-1.194000e+01
-1.340000e-02,-1.197000e+01
-1.320000e-02,-1.195000e+01
-1.300000e-02,-1.196000e+01
-1.290000e-02,-1.196000e+01
-1.270000e-02,-1.198000e+01
-1.250000e-02,-1.197000e+01
-1.240000e-02,-1.198000e+01
-1.220000e-02,-1.197000e+01
-1.210000e-02,-1.197000e+01
-1.190000e-02,-1.197000e+01
-1.170000e-02,-12
-1.160000e-02,-1.199000e+01
-1.140000e-02,-12
-1.130000e-02,-1.199000e+01
-1.110000e-02,-1.198000e+01
-1.090000e-02,-12
-1.070000e-02,-1.198000e+01
-1.060000e-02,-12
-1.040000e-02,-12
-1.030000e-02,-1.199000e+01
-1.010000e-02,-1.199000e+01
-9.900000e-03,-1.199000e+01
-9.700000e-03,-1.199000e+01
-9.600000e-03,-1.201000e+01
-9.400000e-03,-12
-9.200000e-03,-12
-9.100000e-03,-1.199000e+01
-8.900000e-03,-1.201000e+01
-8.700000e-03,-1.202000e+01
-8.600000e-03,-1.202000e+01
-8.400000e-03,-1.202000e+01
-8.300000e-03,-1.203000e+01
-8.100000e-03,-1.201000e+01
-7.900000e-03,-1.203000e+01
-7.700000e-03,-1.202000e+01
-7.600000e-03,-1.203000e+01
-7.400000e-03,-1.203000e+01
-7.300000e-03,-1.203000e+01
-7.100000e-03,-1.203000e+01
-6.900000e-03,-1.204000e+01
-6.800000e-03,-1.203000e+01
-6.600000e-03,-1.204000e+01
-6.400000e-03,-1.206000e+01
-6.300000e-03,-1.203000e+01
-6.100000e-03,-1.204000e+01
-5.900000e-03,-1.206000e+01
-5.800000e-03,-1.206000e+01
-5.600000e-03,-1.206000e+01
-5.500000e-03,-1.209000e+01
-5.300000e-03,-1.208000e+01
-5.100000e-03,-1.207000e+01
-4.900000e-03,-1.208000e+01
-4.800000e-03,-1.207000e+01
-4.600000e-03,-1.209000e+01
-4.500000e-03,-1.210000e+01
-4.300000e-03,-1.209000e+01
-4.100000e-03,-1.209000e+01
-3.900000e-03,-1.208000e+01
-3.800000e-03,-1.210000e+01
-3.600000e-03,-1.211000e+01
-3.500000e-03,-1.208000e+01
-3.300000e-03,-1.209000e+01
-3.100000e-03,-1.209000e+01
-3.000000e-03,-1.210000e+01
-2.800000e-03,-1.209000e+01
-2.700000e-03,-1.208000e+01
-2.500000e-03,-1.210000e+01
-2.300000e-03,-1.211000e+01
-2.100000e-03,-1.212000e+01
-2.000000e-03,-1.211000e+01
-1.800000e-03,-1.211000e+01
-1.700000e-03,-1.209000e+01
-1.500000e-03,-1.211000e+01
-1.300000e-03,-1.210000e+01
-1.100000e-03,-1.210000e+01
-1.000000e-03,-1.212000e+01
-8.000000e-04,-1.209000e+01
-7.000000e-04,-1.212000e+01
-5.000000e-04,-1.211000e+01
-3.000000e-04,-1.211000e+01
-1.000000e-04,-1.209000e+01
0,-1.211000e+01
2.000000e-04,-1.210000e+01
3.000000e-04,-1.212000e+01
5.000000e-04,-1.211000e+01
7.000000e-04,-1.212000e+01
8.000000e-04,-1.211000e+01
1.000000e-03,-1.212000e+01
1.100000e-03,-1.214000e+01
1.300000e-03,-1.212000e+01
1.500000e-03,-1.212000e+01
1.700000e-03,-1.216000e+01
1.800000e-03,-1.214000e+01
2.000000e-03,-1.215000e+01
2.200000e-03,-1.217000e+01
2.300000e-03,-1.218000e+01
2.500000e-03,-1.219000e+01
2.700000e-03,-1.220000e+01
2.800000e-03,-1.222000e+01
3.000000e-03,-1.227000e+01
3.200000e-03,-1.231000e+01
3.400000e-03,-1.233000e+01
3.500000e-03,-1.236000e+01
3.700000e-03,-1.241000e+01
3.900000e-03,-1.244000e+01
4.100000e-03,-1.249000e+01
4.300000e-03,-1.252000e+01
4.500000e-03,-1.256000e+01
4.700000e-03,-1.259000e+01
4.900000e-03,-1.262000e+01
5.100000e-03,-1.267000e+01
5.200000e-03,-1.274000e+01
5.400000e-03,-1.277000e+01
5.600000e-03,-1.280000e+01
5.800000e-03,-1.282000e+01
6.000000e-03,-1.287000e+01
6.200000e-03,-1.288000e+01
6.400000e-03,-1.294000e+01
6.600000e-03,-1.299000e+01
6.800000e-03,-1.304000e+01
6.900000e-03,-1.309000e+01
7.200000e-03,-1.312000e+01
7.400000e-03,-1.316000e+01
7.500000e-03,-1.318000e+01
7.700000e-03,-1.321000e+01
7.900000e-03,-1.322000e+01
8.100000e-03,-1.327000e+01
8.300000e-03,-1.333000e+01
8.400000e-03,-1.336000e+01
8.600000e-03,-1.337000e+01
8.800000e-03,-1.343000e+01
9.000000e-03,-1.345000e+01
9.200000e-03,-1.352000e+01
9.400000e-03,-1.356000e+01
9.600000e-03,-1.359000e+01
9.800000e-03,-1.362000e+01
9.900000e-03,-1.364000e+01
1.010000e-02,-1.367000e+01
1.030000e-02,-1.373000e+01
1.050000e-02,-1.376000e+01
1.070000e-02,-1.379000e+01
1.090000e-02,-1.381000e+01
1.100000e-02,-1.387000e+01
1.120000e-02,-1.390000e+01
1.140000e-02,-1.393000e+01
1.160000e-02,-1.396000e+01
1.170000e-02,-14
1.190000e-02,-1.401000e+01
1.210000e-02,-1.404000e+01
1.230000e-02,-1.407000e+01
1.250000e-02,-1.412000e+01
1.260000e-02,-1.415000e+01
1.280000e-02,-1.417000e+01
1.300000e-02,-1.420000e+01
1.320000e-02,-1.425000e+01
1.330000e-02,-1.428000e+01
1.350000e-02,-1.434000e+01
1.370000e-02,-1.437000e+01
1.380000e-02,-1.440000e+01
1.410000e-02,-1.442000e+01
1.420000e-02,-1.445000e+01
1.440000e-02,-1.450000e+01
1.460000e-02,-1.452000e+01
1.470000e-02,-1.455000e+01
1.490000e-02,-1.456000e+01
1.510000e-02,-1.459000e+01
1.530000e-02,-1.461000e+01
1.550000e-02,-1.468000e+01
1.560000e-02,-1.472000e+01
1.580000e-02,-1.477000e+01
1.600000e-02,-1.478000e+01
1.620000e-02,-1.480000e+01
1.640000e-02,-1.481000e+01
1.650000e-02,-1.488000e+01
1.670000e-02,-1.489000e+01
1.690000e-02,-1.494000e+01
1.710000e-02,-1.497000e+01
1.720000e-02,-1.498000e+01
1.740000e-02,-1.502000e+01
1.760000e-02,-1.506000e+01
1.780000e-02,-1.512000e+01
1.800000e-02,-1.515000e+01
1.810000e-02,-1.518000e+01
1.830000e-02,-1.520000e+01
1.850000e-02,-1.523000e+01
1.870000e-02,-1.529000e+01
1.880000e-02,-1.535000e+01
1.900000e-02,-1.537000e+01
1.920000e-02,-1.543000e+01
1.940000e-02,-1.543000e+01
1.950000e-02,-1.545000e+01
1.980000e-02,-1.551000e+01
1.990000e-02,-1.553000e+01
2.010000e-02,-1.557000e+01
2.030000e-02,-1.558000e+01
2.050000e-02,-1.561000e+01
2.060000e-02,-1.566000e+01
2.080000e-02,-1.572000e+01
2.080000e-02,-1.576000e+01
2.080000e-02,-1.576000e+01
2.080000e-02,-1.576000e+01
2.080000e-02,-1.579000e+01
2.080000e-02,-1.580000e+01
2.080000e-02,-1.579000e+01
2.080000e-02,-1.579000e+01
2.080000e-02,-1.580000e+01
2.080000e-02,-1.579000e+01
2.080000e-02,-1.580000e+01
2.080000e-02,-1.578000e+01
2.080000e-02,-1.580000e+01
2.080000e-02,-1.580000e+01
2.080000e-02,-1.581000e+01
2.080000e-02,-1.579000e+01
2.080000e-02,-1.580000e+01
2.080000e-02,-1.579000e+01
2.080000e-02,-1.578000e+01
2.080000e-02,-1.581000e+01
2.080000e-02,-1.580000e+01
2.080000e-02,-1.579000e+01
2.080000e-02,-1.579000e+01
2.080000e-02,-1.580000e+01
2.080000e-02,-1.579000e+01
2.080000e-02,-1.579000e+01
2.080000e-02,-1.580000e+01
2.080000e-02,-1.580000e+01
2.080000e-02,-1.580000e+01
2.080000e-02,-1.581000e+01
2.080000e-02,-1.580000e+01
2.080000e-02,-1.581000e+01
2.080000e-02,-1.580000e+01
2.080000e-02,-1.581000e+01
2.080000e-02,-1.579000e+01
2.080000e-02,-1.581000e+01
2.080000e-02,-1.579000e+01
2.080000e-02,-1.579000e+01
2.080000e-02,-1.579000e+01
2.080000e-02,-1.580000e+01
2.080000e-02,-1.580000e+01
2.070000e-02,-1.580000e+01
2.060000e-02,-1.580000e+01
2.040000e-02,-1.581000e+01
2.030000e-02,-1.581000e+01
2.020000e-02,-1.581000e+01
2.010000e-02,-1.581000e+01
1.990000e-02,-1.582000e+01
1.980000e-02,-1.582000e+01
1.960000e-02,-1.582000e+01
1.950000e-02,-1.582000e+01
1.930000e-02,-1.583000e+01
1.910000e-02,-1.580000e+01
1.900000e-02,-1.581000e+01
1.880000e-02,-1.580000e+01
1.870000e-02,-1.582000e+01
1.850000e-02,-1.580000e+01
1.830000e-02,-1.580000e+01
1.820000e-02,-1.580000e+01
1.800000e-02,-1.579000e+01
1.780000e-02,-1.581000e+01
1.770000e-02,-1.581000e+01
1.750000e-02,-1.580000e+01
1.740000e-02,-1.578000e+01
1.720000e-02,-1.581000e+01
1.700000e-02,-1.578000e+01
1.690000e-02,-1.578000e+01
1.670000e-02,-1.579000e+01
1.660000e-02,-1.577000e+01
1.640000e-02,-1.578000e+01
1.620000e-02,-1.579000e+01
1.610000e-02,-1.577000e+01
1.590000e-02,-1.578000e+01
1.570000e-02,-1.578000e+01
1.560000e-02,-1.579000e+01
1.540000e-02,-1.579000e+01
1.520000e-02,-1.577000e+01
1.510000e-02,-1.578000e+01
1.490000e-02,-1.578000e+01
1.470000e-02,-1.577000e+01
1.460000e-02,-1.578000e+01
1.440000e-02,-1.577000e+01
1.430000e-02,-1.577000e+01
1.410000e-02,-1.577000e+01
1.390000e-02,-1.578000e+01
1.370000e-02,-1.578000e+01
1.360000e-02,-1.577000e+01
1.340000e-02,-1.577000e+01
1.320000e-02,-1.576000e+01
1.310000e-02,-1.577000e+01
1.290000e-02,-1.575000e+01
1.270000e-02,-1.577000e+01
1.250000e-02,-1.576000e+01
1.240000e-02,-1.573000e+01
1.220000e-02,-1.576000e+01
1.200000e-02,-1.576000e+01
1.190000e-02,-1.575000e+01
1.170000e-02,-1.575000e+01
1.150000e-02,-1.575000e+01
1.140000e-02,-1.575000e+01
1.120000e-02,-1.574000e+01
1.100000e-02,-1.575000e+01
1.080000e-02,-1.574000e+01
1.070000e-02,-1.573000e+01
1.050000e-02,-1.573000e+01
1.030000e-02,-1.573000e+01
1.010000e-02,-1.572000e+01
9.900000e-03,-1.572000e+01
9.800000e-03,-1.572000e+01
9.600000e-03,-1.571000e+01
9.400000e-03,-1.569000e+01
9.200000e-03,-1.571000e+01
9.000000e-03,-1.570000e+01
8.900000e-03,-1.571000e+01
8.700000e-03,-1.572000e+01
8.500000e-03,-1.572000e+01
8.300000e-03,-1.572000e+01
8.100000e-03,-1.571000e+01
7.900000e-03,-1.571000e+01
7.800000e-03,-1.569000e+01
7.600000e-03,-1.569000e+01
7.400000e-03,-1.570000e+01
7.200000e-03,-1.569000e+01
7.000000e-03,-1.570000e+01
6.900000e-03,-1.568000e+01
6.700000e-03,-1.568000e+01
6.500000e-03,-1.570000e+01
6.300000e-03,-1.567000e+01
6.100000e-03,-1.568000e+01
5.900000e-03,-1.566000e+01
5.800000e-03,-1.565000e+01
5.600000e-03,-1.566000e+01
5.300000e-03,-1.565000e+01
5.200000e-03,-1.566000e+01
5.000000e-03,-1.564000e+01
4.800000e-03,-1.564000e+01
4.700000e-03,-1.564000e+01
4.500000e-03,-1.564000e+01
4.300000e-03,-1.565000e+01
4.200000e-03,-1.565000e+01
4.000000e-03,-1.565000e+01
3.800000e-03,-1.563000e+01
3.600000e-03,-1.564000e+01
3.500000e-03,-1.564000e+01
3.300000e-03,-1.564000e+01
3.200000e-03,-1.562000e+01
3.000000e-03,-1.563000e+01
2.800000e-03,-1.563000e+01
2.700000e-03,-1.562000e+01
2.500000e-03,-1.562000e+01
2.300000e-03,-1.563000e+01
2.100000e-03,-1.563000e+01
2.000000e-03,-1.562000e+01
1.800000e-03,-1.561000e+01
1.700000e-03,-1.561000e+01
1.500000e-03,-1.561000e+01
1.300000e-03,-1.562000e+01
1.200000e-03,-1.562000e+01
1.000000e-03,-1.563000e+01
8.000000e-04,-1.560000e+01
7.000000e-04,-1.562000e+01
5.000000e-04,-1.561000e+01
3.000000e-04,-1.560000e+01
1.000000e-04,-1.560000e+01
0,-1.562000e+01
-2.000000e-04,-1.560000e+01
-4.000000e-04,-1.560000e+01
-5.000000e-04,-1.563000e+01
-7.000000e-04,-1.561000e+01
-9.000000e-04,-1.560000e+01
-1.100000e-03,-1.561000e+01
-1.200000e-03,-1.560000e+01
-1.400000e-03,-1.559000e+01
-1.600000e-03,-1.559000e+01
-1.700000e-03,-1.559000e+01
-1.900000e-03,-1.561000e+01
-2.100000e-03,-1.564000e+01
-2.300000e-03,-1.567000e+01
-2.400000e-03,-1.571000e+01
-2.600000e-03,-1.574000e+01
-2.800000e-03,-1.577000e+01
-3.000000e-03,-1.579000e+01
-3.100000e-03,-1.581000e+01
-3.300000e-03,-1.585000e+01
-3.500000e-03,-1.589000e+01
-3.700000e-03,-1.592000e+01
-3.800000e-03,-1.595000e+01
-4.000000e-03,-1.599000e+01
-4.200000e-03,-1.601000e+01
-4.300000e-03,-1.603000e+01
-4.500000e-03,-1.605000e+01
-4.700000e-03,-1.609000e+01
-4.900000e-03,-1.612000e+01
-5.000000e-03,-1.615000e+01
-5.200000e-03,-1.617000e+01
-5.400000e-03,-1.621000e+01
-5.600000e-03,-1.625000e+01
-5.800000e-03,-1.630000e+01
-5.900000e-03,-1.634000e+01
-6.100000e-03,-1.638000e+01
-6.300000e-03,-1.639000e+01
-6.400000e-03,-1.641000e+01
-6.600000e-03,-1.642000e+01
-6.800000e-03,-1.649000e+01
-7.000000e-03,-1.652000e+01
-7.200000e-03,-1.656000e+01
-7.300000e-03,-1.657000e+01
-7.500000e-03,-1.659000e+01
-7.700000e-03,-1.663000e+01
-7.900000e-03,-1.672000e+01
-8.100000e-03,-1.677000e+01
-8.200000e-03,-1.677000e+01
-8.400000e-03,-1.681000e+01
-8.600000e-03,-1.682000e+01
-8.800000e-03,-1.686000e+01
-8.900000e-03,-1.690000e+01
-9.100000e-03,-1.693000e+01
-9.300000e-03,-1.696000e+01
-9.400000e-03,-1.697000e+01
-9.600000e-03,-17
-9.800000e-03,-1.703000e+01
-1.000000e-02,-1.708000e+01
-1.020000e-02,-1.712000e+01
-1.030000e-02,-1.714000e+01
-1.050000e-02,-1.717000e+01
-1.070000e-02,-1.721000e+01
-1.090000e-02,-1.726000e+01
-1.100000e-02,-1.733000e+01
-1.120000e-02,-1.736000e+01
-1.140000e-02,-1.738000e+01
-1.160000e-02,-1.738000e+01
-1.170000e-02,-1.739000e+01
-1.190000e-02,-1.742000e+01
-1.210000e-02,-1.747000e+01
-1.230000e-02,-1.751000e+01
-1.240000e-02,-1.752000e+01
-1.260000e-02,-1.753000e+01
-1.280000e-02,-1.757000e+01
-1.290000e-02,-1.758000e+01
-1.310000e-02,-1.762000e+01
-1.330000e-02,-1.768000e+01
-1.340000e-02,-1.773000e+01
-1.360000e-02,-1.775000e+01
-1.380000e-02,-1.779000e+01
-1.400000e-02,-1.781000e+01
-1.420000e-02,-1.785000e+01
-1.430000e-02,-1.789000e+01
-1.450000e-02,-1.792000e+01
-1.460000e-02,-1.795000e+01
-1.480000e-02,-18
-1.500000e-02,-1.804000e+01
-1.520000e-02,-1.805000e+01
-1.540000e-02,-1.810000e+01
-1.550000e-02,-1.809000e+01
-1.570000e-02,-1.812000e+01
-1.590000e-02,-1.815000e+01
-1.600000e-02,-1.819000e+01
-1.620000e-02,-1.824000e+01
-1.640000e-02,-1.828000e+01
-1.660000e-02,-1.831000e+01
-1.670000e-02,-1.833000e+01
-1.690000e-02,-1.836000e+01
-1.710000e-02,-1.839000e+01
-1.720000e-02,-1.844000e+01
-1.740000e-02,-1.846000e+01
-1.760000e-02,-1.849000e+01
-1.780000e-02,-1.851000e+01
-1.790000e-02,-1.856000e+01
-1.810000e-02,-1.859000e+01
-1.830000e-02,-1.864000e+01
-1.850000e-02,-1.866000e+01
-1.860000e-02,-1.870000e+01
-1.880000e-02,-1.873000e+01
-1.900000e-02,-1.876000e+01
-1.920000e-02,-1.878000e+01
-1.930000e-02,-1.883000e+01
-1.950000e-02,-1.886000e+01
-1.970000e-02,-1.888000e+01
-1.990000e-02,-1.890000e+01
-2.000000e-02,-1.895000e+01
-2.020000e-02,-19
-2.040000e-02,-1.904000e+01
-2.060000e-02,-1.909000e+01
-2.060000e-02,-1.913000e+01
-2.060000e-02,-1.914000e+01
-2.060000e-02,-1.914000e+01
-2.060000e-02,-1.914000e+01
-2.060000e-02,-1.914000e+01
-2.060000e-02,-1.914000e+01
-2.060000e-02,-1.915000e+01
-2.060000e-02,-1.915000e+01
-2.060000e-02,-1.914000e+01
-2.060000e-02,-1.912000e+01
-2.060000e-02,-1.915000e+01
-2.060000e-02,-1.916000e+01
-2.060000e-02,-1.914000e+01
-2.060000e-02,-1.914000e+01
-2.060000e-02,-1.914000e+01
-2.060000e-02,-1.914000e+01
-2.060000e-02,-1.914000e+01
-2.060000e-02,-1.915000e+01
-2.060000e-02,-1.914000e+01
-2.060000e-02,-1.914000e+01
-2.060000e-02,-1.914000e+01
-2.060000e-02,-1.915000e+01
-2.060000e-02,-1.914000e+01
-2.060000e-02,-1.914000e+01
-2.060000e-02,-1.914000e+01
-2.060000e-02,-1.914000e+01
-2.060000e-02,-1.914000e+01
-2.060000e-02,-1.915000e+01
-2.060000e-02,-1.915000e+01
-2.060000e-02,-1.914000e+01
-2.060000e-02,-1.915000e+01
-2.060000e-02,-1.914000e+01
-2.060000e-02,-1.914000e+01
-2.060000e-02,-1.915000e+01
-2.060000e-02,-1.915000e+01
-2.060000e-02,-1.915000e+01
-2.060000e-02,-1.914000e+01
-2.060000e-02,-1.914000e+01
-2.060000e-02,-1.915000e+01
-2.060000e-02,-1.916000e+01
-2.060000e-02,-1.916000e+01
-2.060000e-02,-1.915000e+01
-2.060000e-02,-1.916000e+01
-2.060000e-02,-1.914000e+01
-2.060000e-02,-1.915000e+01
-2.060000e-02,-1.916000e+01
-2.060000e-02,-1.915000e+01
-2.060000e-02,-1.916000e+01
-2.060000e-02,-1.915000e+01
-2.060000e-02,-1.914000e+01
-2.060000e-02,-1.916000e+01
-2.060000e-02,-1.915000e+01
-2.060000e-02,-1.916000e+01
-2.060000e-02,-1.916000e+01
-2.060000e-02,-1.916000e+01
-2.060000e-02,-1.915000e+01
-2.060000e-02,-1.915000e+01
-2.060000e-02,-1.915000e+01
-2.060000e-02,-1.916000e+01
-2.060000e-02,-1.917000e+01
-2.060000e-02,-1.916000e+01
-2.060000e-02,-1.915000e+01
-2.060000e-02,-1.916000e+01
-2.060000e-02,-1.913000e+01
-2.060000e-02,-1.916000e+01
-2.060000e-02,-1.916000e+01
-2.060000e-02,-1.916000e+01
-2.060000e-02,-1.914000e+01
-2.060000e-02,-1.916000e+01
-2.060000e-02,-1.916000e+01
-2.060000e-02,-1.916000e+01
-2.060000e-02,-1.915000e+01
-2.060000e-02,-1.916000e+01
-2.060000e-02,-1.912000e+01
-2.060000e-02,-1.917000e+01
-2.060000e-02,-1.915000e+01
-2.060000e-02,-1.916000e+01
-2.060000e-02,-1.915000e+01
-2.060000e-02,-1.916000e+01
-2.060000e-02,-1.916000e+01
-2.060000e-02,-1.916000e+01
-2.060000e-02,-1.916000e+01
-2.060000e-02,-1.915000e+01
-2.060000e-02,-1.915000e+01
-2.060000e-02,-1.917000e+01
-2.060000e-02,-1.916000e+01
-2.060000e-02,-1.915000e+01
-2.060000e-02,-1.916000e+01
-2.060000e-02,-1.916000e+01
-2.060000e-02,-1.918000e+01
-2.060000e-02,-1.915000e+01
-2.060000e-02,-1.918000e+01
-2.060000e-02,-1.917000e+01
-2.060000e-02,-1.917000e+01
-2.060000e-02,-1.917000e+01
-2.060000e-02,-1.917000e+01
-2.060000e-02,-1.917000e+01
-2.060000e-02,-1.917000e+01
-2.060000e-02,-1.917000e+01
-2.060000e-02,-1.916000e+01
-2.060000e-02,-1.917000e+01
-2.060000e-02,-1.915000e+01
-2.060000e-02,-1.916000e+01
-2.060000e-02,-1.916000e+01
-2.060000e-02,-1.915000e+01
-2.060000e-02,-1.918000e+01
-2.060000e-02,-1.916000e+01
-2.060000e-02,-1.917000e+01
-2.060000e-02,-1.918000e+01
-2.060000e-02,-1.918000e+01
-2.060000e-02,-1.916000e+01
-2.060000e-02,-1.917000e+01
-2.060000e-02,-1.916000e+01
-2.060000e-02,-1.917000e+01
-2.060000e-02,-1.916000e+01
-2.060000e-02,-1.917000e+01
-2.060000e-02,-1.917000e+01
-2.060000e-02,-1.916000e+01
-2.060000e-02,-1.918000e+01
-2.060000e-02,-1.919000e+01
-2.060000e-02,-1.920000e+01
-2.060000e-02,-1.919000e+01
-2.060000e-02,-1.918000e+01
-2.060000e-02,-1.917000e+01
-2.060000e-02,-1.919000e+01
-2.060000e-02,-1.918000e+01
-2.060000e-02,-1.919000e+01
-2.060000e-02,-1.918000e+01
-2.060000e-02,-1.919000e+01
-2.060000e-02,-1.919000e+01
-2.060000e-02,-1.919000e+01
-2.060000e-02,-1.919000e+01
-2.060000e-02,-1.919000e+01
-2.060000e-02,-1.919000e+01
-2.060000e-02,-1.918000e+01
-2.060000e-02,-1.919000e+01
-2.060000e-02,-1.918000e+01
-2.060000e-02,-1.919000e+01
-2.060000e-02,-1.919000e+01
-2.060000e-02,-1.919000e+01
-2.060000e-02,-1.918000e+01
-2.060000e-02,-1.920000e+01
-2.060000e-02,-1.920000e+01
-2.060000e-02,-1.918000e+01
-2.060000e-02,-1.919000e+01
-2.060000e-02,-1.918000e+01
-2.060000e-02,-1.920000e+01
-2.060000e-02,-1.919000e+01
-2.060000e-02,-1.919000e+01
-2.060000e-02,-1.918000e+01
-2.060000e-02,-1.918000e+01
-2.060000e-02,-1.918000e+01
-2.060000e-02,-1.918000e+01
-2.060000e-02,-1.919000e+01
-2.060000e-02,-1.918000e+01
-2.060000e-02,-1.918000e+01
-2.060000e-02,-1.918000e+01
-2.060000e-02,-1.920000e+01
-2.060000e-02,-1.920000e+01
-2.050000e-02,-1.917000e+01
-2.030000e-02,-1.919000e+01
-2.010000e-02,-1.919000e+01
-2.000000e-02,-1.921000e+01
-1.980000e-02,-1.921000e+01
-1.960000e-02,-1.923000e+01
-1.940000e-02,-1.922000e+01
-1.920000e-02,-1.922000e+01
-1.900000e-02,-1.923000e+01
-1.880000e-02,-1.924000e+01
-1.860000e-02,-1.924000e+01
-1.840000e-02,-1.924000e+01
-1.810000e-02,-1.923000e+01
-1.790000e-02,-1.925000e+01
-1.770000e-02,-1.925000e+01
-1.750000e-02,-1.926000e+01
-1.730000e-02,-1.925000e+01
-1.700000e-02,-1.925000e+01
-1.680000e-02,-1.926000e+01
-1.660000e-02,-1.928000e+01
-1.640000e-02,-1.926000e+01
-1.620000e-02,-1.927000e+01
-1.600000e-02,-1.926000e+01
-1.580000e-02,-1.926000e+01
-1.560000e-02,-1.927000e+01
-1.540000e-02,-1.927000e+01
-1.510000e-02,-1.926000e+01
-1.490000e-02,-1.929000e+01
-1.470000e-02,-1.928000e+01
-1.450000e-02,-1.928000e+01
-1.430000e-02,-1.929000e+01
-1.410000e-02,-1.929000e+01
-1.390000e-02,-1.930000e+01
-1.360000e-02,-1.930000e+01
-1.340000e-02,-1.930000e+01
-1.320000e-02,-1.930000e+01
-1.300000e-02,-1.929000e+01
-1.280000e-02,-1.931000e+01
-1.260000e-02,-1.931000e+01
-1.230000e-02,-1.932000e+01
-1.210000e-02,-1.930000e+01
-1.190000e-02,-1.933000e+01
-1.170000e-02,-1.932000e+01
-1.140000e-02,-1.931000e+01
-1.120000e-02,-1.932000e+01
-1.100000e-02,-1.934000e+01
-1.080000e-02,-1.931000e+01
-1.050000e-02,-1.931000e+01
-1.030000e-02,-1.932000e+01
-1.010000e-02,-1.932000e+01
-9.900000e-03,-1.933000e+01
-9.700000e-03,-1.933000e+01
-9.400000e-03,-1.933000e+01
-9.200000e-03,-1.933000e+01
-9.000000e-03,-1.933000e+01
-8.800000e-03,-1.933000e+01
-8.600000e-03,-1.934000e+01
-8.300000e-03,-1.935000e+01
-8.100000e-03,-1.933000e+01
-7.900000e-03,-1.933000e+01
-7.700000e-03,-1.934000e+01
-7.400000e-03,-1.935000e+01
-7.200000e-03,-1.935000e+01
-7.000000e-03,-1.937000e+01
-6.700000e-03,-1.935000e+01
-6.500000e-03,-1.936000e+01
-6.300000e-03,-1.937000e+01
-6.100000e-03,-1.937000e+01
-5.900000e-03,-1.935000e+01
-5.600000e-03,-1.936000e+01
-5.400000e-03,-1.937000e+01
-5.200000e-03,-1.936000e+01
-5.000000e-03,-1.936000e+01
-4.700000e-03,-1.939000e+01
-4.500000e-03,-1.937000e+01
-4.300000e-03,-1.938000e+01
-4.100000e-03,-1.937000e+01
-3.900000e-03,-1.936000e+01
-3.600000e-03,-1.940000e+01
-3.400000e-03,-1.939000e+01
-3.200000e-03,-1.939000e+01
-3.000000e-03,-1.941000e+01
-2.800000e-03,-1.942000e+01
-2.500000e-03,-1.942000e+01
-2.300000e-03,-1.944000e+01
-2.100000e-03,-1.944000e+01
-1.900000e-03,-1.945000e+01
-1.700000e-03,-1.945000e+01
-1.400000e-03,-1.946000e+01
-1.200000e-03,-1.948000e+01
-1.000000e-03,-1.947000e+01
-7.000000e-04,-1.947000e+01
-5.000000e-04,-1.949000e+01
-3.000000e-04,-1.950000e+01
-1.000000e-04,-1.950000e+01
2.000000e-04,-1.950000e+01
4.000000e-04,-1.954000e+01
6.000000e-04,-1.958000e+01
8.000000e-04,-1.958000e+01
1.000000e-03,-1.960000e+01
1.200000e-03,-1.962000e+01
1.500000e-03,-1.965000e+01
1.700000e-03,-1.967000e+01
1.900000e-03,-1.970000e+01
2.200000e-03,-1.970000e+01
2.400000e-03,-1.974000e+01
2.600000e-03,-1.976000e+01
2.800000e-03,-1.981000e+01
3.100000e-03,-1.986000e+01
3.300000e-03,-1.991000e+01
3.600000e-03,-1.994000e+01
3.800000e-03,-2.001000e+01
4.000000e-03,-2.004000e+01
4.300000e-03,-2.009000e+01
4.600000e-03,-2.016000e+01
4.800000e-03,-2.021000e+01
5.100000e-03,-2.026000e+01
5.300000e-03,-2.032000e+01
5.600000e-03,-2.036000e+01
5.900000e-03,-2.040000e+01
6.100000e-03,-2.044000e+01
6.300000e-03,-2.050000e+01
6.600000e-03,-2.053000e+01
6.900000e-03,-2.058000e+01
7.100000e-03,-2.061000e+01
7.300000e-03,-2.066000e+01
7.600000e-03,-2.071000e+01
7.900000e-03,-2.076000e+01
8.100000e-03,-2.081000e+01
8.400000e-03,-2.083000e+01
8.600000e-03,-2.090000e+01
8.900000e-03,-2.093000e+01
9.100000e-03,-2.098000e+01
9.400000e-03,-2.102000e+01
9.600000e-03,-2.109000e+01
9.900000e-03,-2.112000e+01
1.010000e-02,-2.117000e+01
1.040000e-02,-2.122000e+01
1.060000e-02,-2.127000e+01
1.080000e-02,-2.131000e+01
1.110000e-02,-2.136000e+01
1.130000e-02,-2.139000e+01
1.160000e-02,-2.144000e+01
1.180000e-02,-2.149000e+01
1.210000e-02,-2.155000e+01
1.230000e-02,-2.159000e+01
1.250000e-02,-2.163000e+01
1.280000e-02,-2.171000e+01
1.300000e-02,-2.177000e+01
1.320000e-02,-2.177000e+01
1.350000e-02,-2.183000e+01
1.370000e-02,-2.187000e+01
1.400000e-02,-2.192000e+01
1.420000e-02,-2.195000e+01
1.440000e-02,-2.198000e+01
1.470000e-02,-2.202000e+01
1.490000e-02,-2.207000e+01
1.520000e-02,-2.214000e+01
1.540000e-02,-2.219000e+01
1.570000e-02,-2.221000e+01
1.590000e-02,-2.224000e+01
1.610000e-02,-2.230000e+01
1.640000e-02,-2.235000e+01
1.660000e-02,-2.241000e+01
1.690000e-02,-2.245000e+01
1.710000e-02,-2.249000e+01
1.730000e-02,-2.254000e+01
1.750000e-02,-2.255000e+01
1.780000e-02,-2.256000e+01
1.800000e-02,-2.260000e+01
1.830000e-02,-2.266000e+01
1.850000e-02,-2.272000e+01
1.870000e-02,-2.277000e+01
1.900000e-02,-2.281000e+01
1.920000e-02,-2.288000e+01
1.950000e-02,-2.293000e+01
1.970000e-02,-2.298000e+01
1.990000e-02,-2.302000e+01
2.020000e-02,-2.307000e+01
2.040000e-02,-2.313000e+01
2.070000e-02,-2.317000e+01
2.090000e-02,-2.319000e+01
2.110000e-02,-2.326000e+01
2.140000e-02,-2.329000e+01
2.160000e-02,-2.334000e+01
2.190000e-02,-2.337000e+01
2.210000e-02,-2.340000e+01
2.230000e-02,-2.343000e+01
2.250000e-02,-2.346000e+01
2.280000e-02,-2.351000e+01
2.300000e-02,-2.356000e+01
2.330000e-02,-2.366000e+01
2.350000e-02,-2.369000e+01
2.380000e-02,-2.372000e+01
2.400000e-02,-2.378000e+01
2.420000e-02,-2.383000e+01
2.450000e-02,-2.389000e+01
2.470000e-02,-2.392000e+01
2.500000e-02,-2.395000e+01
2.520000e-02,-2.401000e+01
2.550000e-02,-2.406000e+01
2.570000e-02,-2.410000e+01
2.590000e-02,-2.414000e+01
2.620000e-02,-2.419000e+01
2.640000e-02,-2.423000e+01
2.670000e-02,-2.426000e+01
2.690000e-02,-2.432000e+01
2.720000e-02,-2.438000e+01
2.740000e-02,-2.445000e+01
2.760000e-02,-2.449000e+01
2.790000e-02,-2.452000e+01
2.810000e-02,-2.456000e+01
2.840000e-02,-2.462000e+01
2.860000e-02,-2.468000e+01
2.880000e-02,-2.471000e+01
2.900000e-02,-2.473000e+01
2.930000e-02,-2.476000e+01
2.950000e-02,-2.483000e+01
2.980000e-02,-2.490000e+01
3.000000e-02,-2.493000e+01
3.020000e-02,-2.497000e+01
3.050000e-02,-2.501000e+01
3.070000e-02,-2.508000e+01
3.100000e-02,-2.512000e+01
3.120000e-02,-2.515000e+01
3.140000e-02,-2.518000e+01
3.170000e-02,-2.523000e+01
3.190000e-02,-2.528000e+01
3.190000e-02,-2.531000e+01
3.190000e-02,-2.533000e+01
3.190000e-02,-2.534000e+01
3.190000e-02,-2.534000e+01
3.190000e-02,-2.535000e+01
3.190000e-02,-2.534000e+01
3.190000e-02,-2.533000e+01
3.190000e-02,-2.535000e+01
3.190000e-02,-2.534000e+01
3.190000e-02,-2.534000e+01
3.190000e-02,-2.535000e+01
3.190000e-02,-2.535000e+01
3.190000e-02,-2.535000e+01
3.190000e-02,-2.535000e+01
3.190000e-02,-2.535000e+01
3.190000e-02,-2.535000e+01
3.190000e-02,-2.535000e+01
3.190000e-02,-2.536000e+01
3.190000e-02,-2.534000e+01
3.190000e-02,-2.536000e+01
3.190000e-02,-2.535000e+01
3.190000e-02,-2.535000e+01
3.190000e-02,-2.536000e+01
3.190000e-02,-2.534000e+01
3.190000e-02,-2.534000e+01
3.190000e-02,-2.535000e+01
3.190000e-02,-2.533000e+01
3.190000e-02,-2.537000e+01
3.190000e-02,-2.535000e+01
3.190000e-02,-2.536000e+01
3.190000e-02,-2.534000e+01
3.190000e-02,-2.535000e+01
3.190000e-02,-2.535000e+01
3.200000e-02,-2.536000e+01
3.190000e-02,-2.535000e+01
3.190000e-02,-2.535000e+01
3.190000e-02,-2.534000e+01
3.190000e-02,-2.535000e+01
3.190000e-02,-2.535000e+01
3.170000e-02,-2.536000e+01
3.150000e-02,-2.537000e+01
3.140000e-02,-2.536000e+01
3.120000e-02,-2.537000e+01
3.100000e-02,-2.538000e+01
3.080000e-02,-2.535000e+01
3.060000e-02,-2.537000e+01
3.030000e-02,-2.536000e+01
3.020000e-02,-2.535000e+01
2.990000e-02,-2.535000e+01
2.970000e-02,-2.536000e+01
2.950000e-02,-2.539000e+01
2.930000e-02,-2.540000e+01
2.910000e-02,-2.538000e+01
2.880000e-02,-2.540000e+01
2.860000e-02,-2.540000e+01
2.840000e-02,-2.538000e+01
2.820000e-02,-2.539000e+01
2.800000e-02,-2.538000e+01
2.770000e-02,-2.538000e+01
2.750000e-02,-2.537000e+01
2.730000e-02,-2.538000e+01
2.710000e-02,-2.537000e+01
2.680000e-02,-2.537000e+01
2.660000e-02,-2.536000e+01
2.640000e-02,-2.537000e+01
2.620000e-02,-2.536000e+01
2.600000e-02,-2.537000e+01
2.570000e-02,-2.537000e+01
2.550000e-02,-2.537000e+01
2.530000e-02,-2.538000e+01
2.510000e-02,-2.535000e+01
2.480000e-02,-2.535000e+01
2.460000e-02,-2.535000e+01
2.440000e-02,-2.536000e+01
2.410000e-02,-2.534000e+01
2.390000e-02,-2.535000e+01
2.370000e-02,-2.535000e+01
2.350000e-02,-2.536000e+01
2.320000e-02,-2.534000e+01
2.300000e-02,-2.535000e+01
2.270000e-02,-2.535000e+01
2.250000e-02,-2.536000e+01
2.230000e-02,-2.535000e+01
2.210000e-02,-2.533000e+01
2.180000e-02,-2.534000e+01
2.160000e-02,-2.534000e+01
2.140000e-02,-2.534000e+01
2.120000e-02,-2.533000e+01
2.090000e-02,-2.532000e+01
2.070000e-02,-2.532000e+01
2.050000e-02,-2.533000e+01
2.020000e-02,-2.530000e+01
2.000000e-02,-2.533000e+01
1.980000e-02,-2.531000e+01
1.960000e-02,-2.531000e+01
1.930000e-02,-2.531000e+01
1.910000e-02,-2.532000e+01
1.890000e-02,-2.529000e+01
1.870000e-02,-2.529000e+01
1.840000e-02,-2.531000e+01
1.820000e-02,-2.528000e+01
1.800000e-02,-2.528000e+01
1.780000e-02,-2.527000e+01
1.750000e-02,-2.529000e+01
1.730000e-02,-2.528000e+01
1.710000e-02,-2.527000e+01
1.680000e-02,-2.526000e+01
1.660000e-02,-2.525000e+01
1.640000e-02,-2.525000e+01
1.610000e-02,-2.523000e+01
1.590000e-02,-2.524000e+01
1.560000e-02,-2.523000e+01
1.540000e-02,-2.523000e+01
1.520000e-02,-2.524000e+01
1.500000e-02,-2.523000e+01
1.470000e-02,-2.523000e+01
1.450000e-02,-2.523000e+01
1.430000e-02,-2.521000e+01
1.400000e-02,-2.521000e+01
1.380000e-02,-2.521000e+01
1.360000e-02,-2.522000e+01
1.330000e-02,-2.521000e+01
1.310000e-02,-2.522000e+01
1.280000e-02,-2.522000e+01
1.260000e-02,-2.520000e+01
1.240000e-02,-2.520000e+01
1.210000e-02,-2.522000e+01
1.190000e-02,-2.522000e+01
1.160000e-02,-2.521000e+01
1.140000e-02,-2.520000e+01
1.110000e-02,-2.519000e+01
1.090000e-02,-2.520000e+01
1.070000e-02,-2.520000e+01
1.040000e-02,-2.521000e+01
1.020000e-02,-2.519000e+01
9.900000e-03,-2.519000e+01
9.700000e-03,-2.521000e+01
9.400000e-03,-2.519000e+01
9.200000e-03,-2.521000e+01
8.900000e-03,-2.526000e+01
8.700000e-03,-2.532000e+01
8.400000e-03,-2.535000e+01
8.200000e-03,-2.539000e+01
7.900000e-03,-2.541000e+01
7.600000e-03,-2.547000e+01
7.400000e-03,-2.551000e+01
7.200000e-03,-2.554000e+01
6.900000e-03,-2.557000e+01
6.600000e-03,-2.562000e+01
6.400000e-03,-2.567000e+01
6.100000e-03,-2.570000e+01
5.900000e-03,-2.576000e+01
5.600000e-03,-2.581000e+01
5.400000e-03,-2.586000e+01
5.100000e-03,-2.591000e+01
4.900000e-03,-2.592000e+01
4.600000e-03,-2.599000e+01
4.400000e-03,-2.603000e+01
4.100000e-03,-2.607000e+01
3.900000e-03,-2.614000e+01
3.700000e-03,-2.619000e+01
3.400000e-03,-2.626000e+01
3.200000e-03,-2.628000e+01
3.000000e-03,-2.629000e+01
2.800000e-03,-2.631000e+01
2.500000e-03,-2.634000e+01
2.300000e-03,-2.640000e+01
2.100000e-03,-2.646000e+01
1.800000e-03,-2.649000e+01
1.600000e-03,-2.652000e+01
1.400000e-03,-2.660000e+01
1.100000e-03,-2.662000e+01
9.000000e-04,-2.666000e+01
7.000000e-04,-2.667000e+01
5.000000e-04,-2.671000e+01
3.000000e-04,-2.676000e+01
0,-2.685000e+01
-2.000000e-04,-2.688000e+01
-5.000000e-04,-2.691000e+01
-7.000000e-04,-2.696000e+01
-1.000000e-03,-2.701000e+01
-1.200000e-03,-2.705000e+01
-1.400000e-03,-2.709000e+01
-1.700000e-03,-2.709000e+01
-1.900000e-03,-2.714000e+01
-2.100000e-03,-2.718000e+01
-2.400000e-03,-2.723000e+01
-2.600000e-03,-2.724000e+01
-2.800000e-03,-2.729000e+01
-3.100000e-03,-2.733000e+01
-3.300000e-03,-2.738000e+01
-3.500000e-03,-2.743000e+01
-3.800000e-03,-2.746000e+01
-4.000000e-03,-2.749000e+01
-4.300000e-03,-2.757000e+01
-4.500000e-03,-2.762000e+01
-4.700000e-03,-2.765000e+01
-5.000000e-03,-2.767000e+01
-5.200000e-03,-2.771000e+01
-5.400000e-03,-2.778000e+01
-5.700000e-03,-2.781000e+01
-5.900000e-03,-2.785000e+01
-6.200000e-03,-2.786000e+01
-6.400000e-03,-2.792000e+01
-6.600000e-03,-2.796000e+01
-6.800000e-03,-2.801000e+01
-7.100000e-03,-2.805000e+01
-7.300000e-03,-2.809000e+01
-7.600000e-03,-2.813000e+01
-7.800000e-03,-2.818000e+01
-8.000000e-03,-2.821000e+01
-8.300000e-03,-2.824000e+01
-8.500000e-03,-2.830000e+01
-8.800000e-03,-2.836000e+01
-9.000000e-03,-2.838000e+01
-9.200000e-03,-2.844000e+01
-9.500000e-03,-2.851000e+01
-9.700000e-03,-2.855000e+01
-9.900000e-03,-2.856000e+01
-1.020000e-02,-2.861000e+01
-1.040000e-02,-2.874000e+01
-1.070000e-02,-2.879000e+01
-1.090000e-02,-2.884000e+01
-1.120000e-02,-2.896000e+01
-1.140000e-02,-2.897000e+01
-1.160000e-02,-2.899000e+01
-1.190000e-02,-2.899000e+01
-1.210000e-02,-2.898000e+01
-1.230000e-02,-29
-1.260000e-02,-29
-1.280000e-02,-2.903000e+01
-1.300000e-02,-2.910000e+01
-1.330000e-02,-2.915000e+01
-1.350000e-02,-2.920000e+01
-1.370000e-02,-2.922000e+01
-1.390000e-02,-2.927000e+01
-1.420000e-02,-2.934000e+01
-1.440000e-02,-2.938000e+01
-1.460000e-02,-2.943000e+01
-1.490000e-02,-2.951000e+01
-1.510000e-02,-2.954000e+01
-1.530000e-02,-2.956000e+01
-1.560000e-02,-2.958000e+01
-1.580000e-02,-2.965000e+01
-1.600000e-02,-2.971000e+01
-1.620000e-02,-2.974000e+01
-1.650000e-02,-2.976000e+01
-1.670000e-02,-2.981000e+01
-1.690000e-02,-2.985000e+01
-1.720000e-02,-2.992000e+01
-1.740000e-02,-2.996000e+01
-1.760000e-02,-2.997000e+01
-1.790000e-02,-3.004000e+01
-1.810000e-02,-3.009000e+01
-1.840000e-02,-3.013000e+01
-1.860000e-02,-3.016000e+01
-1.880000e-02,-3.019000e+01
-1.910000e-02,-3.026000e+01
-1.930000e-02,-3.030000e+01
-1.950000e-02,-3.032000e+01
-1.980000e-02,-3.037000e+01
-2.000000e-02,-3.042000e+01
-2.020000e-02,-3.048000e+01
-2.040000e-02,-3.051000e+01
-2.070000e-02,-3.054000e+01
-2.090000e-02,-3.060000e+01
-2.120000e-02,-3.063000e+01
-2.140000e-02,-3.069000e+01
-2.160000e-02,-3.072000e+01
-2.180000e-02,-3.072000e+01
-2.210000e-02,-3.077000e+01
-2.230000e-02,-3.083000e+01
-2.250000e-02,-3.089000e+01
-2.280000e-02,-3.092000e+01
-2.300000e-02,-3.095000e+01
-2.320000e-02,-31
-2.350000e-02,-3.105000e+01
-2.370000e-02,-3.110000e+01
-2.390000e-02,-3.111000e+01
-2.410000e-02,-3.116000e+01
-2.440000e-02,-3.121000e+01
-2.460000e-02,-3.127000e+01
-2.490000e-02,-3.130000e+01
-2.510000e-02,-3.131000e+01
-2.530000e-02,-3.133000e+01
-2.550000e-02,-3.136000e+01
-2.580000e-02,-3.142000e+01
-2.600000e-02,-3.147000e+01
-2.620000e-02,-3.149000e+01
-2.640000e-02,-3.151000e+01
-2.670000e-02,-3.159000e+01
-2.690000e-02,-3.162000e+01
-2.710000e-02,-3.169000e+01
-2.740000e-02,-3.169000e+01
-2.760000e-02,-3.172000e+01
-2.780000e-02,-3.177000e+01
-2.810000e-02,-3.184000e+01
-2.830000e-02,-3.189000e+01
-2.860000e-02,-3.191000e+01
-2.880000e-02,-3.196000e+01
-2.910000e-02,-3.204000e+01
-2.920000e-02,-3.207000e+01
-2.950000e-02,-3.209000e+01
-2.970000e-02,-3.216000e+01
-3.000000e-02,-3.223000e+01
-3.020000e-02,-3.228000e+01
-3.050000e-02,-3.231000e+01
-3.070000e-02,-3.237000e+01
-3.090000e-02,-3.240000e+01
-3.110000e-02,-3.246000e+01
-3.140000e-02,-3.249000e+01
-3.140000e-02,-3.256000e+01
-3.150000e-02,-3.261000e+01
-3.150000e-02,-3.260000e+01
-3.150000e-02,-3.262000e+01
-3.150000e-02,-3.262000e+01
-3.150000e-02,-3.263000e+01
-3.150000e-02,-3.265000e+01
-3.150000e-02,-3.264000e+01
-3.150000e-02,-3.262000e+01
-3.150000e-02,-3.262000e+01
-3.150000e-02,-3.261000e+01
-3.150000e-02,-3.262000e+01
-3.150000e-02,-3.262000e+01
-3.150000e-02,-3.263000e+01
-3.150000e-02,-3.262000e+01
-3.150000e-02,-3.264000e+01
-3.150000e-02,-3.263000e+01
-3.150000e-02,-3.263000e+01
-3.150000e-02,-3.262000e+01
-3.150000e-02,-3.263000e+01
-3.150000e-02,-3.261000e+01
-3.150000e-02,-3.262000e+01
-3.150000e-02,-3.263000e+01
-3.150000e-02,-3.264000e+01
-3.150000e-02,-3.263000e+01
-3.150000e-02,-3.262000e+01
-3.150000e-02,-3.262000e+01
-3.150000e-02,-3.263000e+01
-3.150000e-02,-3.263000e+01
-3.150000e-02,-3.263000e+01
-3.150000e-02,-3.263000e+01
-3.150000e-02,-3.261000e+01
-3.150000e-02,-3.262000e+01
-3.150000e-02,-3.263000e+01
-3.150000e-02,-3.262000e+01
-3.150000e-02,-3.263000e+01
-3.150000e-02,-3.263000e+01
-3.150000e-02,-3.262000e+01
-3.150000e-02,-3.262000e+01
-3.150000e-02,-3.263000e+01
-3.150000e-02,-3.262000e+01
-3.150000e-02,-3.263000e+01
-3.150000e-02,-3.262000e+01
-3.150000e-02,-3.261000e+01
-3.150000e-02,-3.262000e+01
-3.150000e-02,-3.263000e+01
-3.150000e-02,-3.263000e+01
-3.150000e-02,-3.261000e+01
-3.150000e-02,-3.264000e+01
-3.150000e-02,-3.263000e+01
-3.150000e-02,-3.262000e+01
-3.150000e-02,-3.263000e+01
-3.150000e-02,-3.261000e+01
-3.150000e-02,-3.261000e+01
-3.150000e-02,-3.262000e+01
-3.140000e-02,-3.263000e+01
-3.130000e-02,-3.263000e+01
-3.110000e-02,-3.266000e+01
-3.100000e-02,-3.267000e+01
-3.080000e-02,-3.266000e+01
-3.060000e-02,-3.265000e+01
-3.040000e-02,-3.268000e+01
-3.020000e-02,-3.267000e+01
-3.000000e-02,-3.267000e+01
-2.980000e-02,-3.269000e+01
-2.950000e-02,-3.267000e+01
-2.930000e-02,-3.267000e+01
-2.910000e-02,-3.266000e+01
-2.890000e-02,-3.268000e+01
-2.870000e-02,-3.269000e+01
-2.840000e-02,-3.268000e+01
-2.820000e-02,-3.269000e+01
-2.800000e-02,-3.270000e+01
-2.780000e-02,-3.268000e+01
-2.760000e-02,-3.270000e+01
-2.740000e-02,-3.269000e+01
-2.710000e-02,-3.270000e+01
-2.690000e-02,-3.269000e+01
-2.670000e-02,-3.271000e+01
-2.650000e-02,-3.271000e+01
-2.630000e-02,-3.270000e+01
-2.610000e-02,-3.271000e+01
-2.580000e-02,-3.271000e+01
-2.560000e-02,-3.272000e+01
-2.540000e-02,-3.272000e+01
-2.520000e-02,-3.272000e+01
-2.500000e-02,-3.272000e+01
-2.480000e-02,-3.273000e+01
-2.460000e-02,-3.272000e+01
-2.430000e-02,-3.274000e+01
-2.410000e-02,-3.273000e+01
-2.390000e-02,-3.273000e+01
-2.370000e-02,-3.272000e+01
-2.340000e-02,-3.272000e+01
-2.320000e-02,-3.273000e+01
-2.300000e-02,-3.274000e+01
-2.280000e-02,-3.273000e+01
-2.260000e-02,-3.274000e+01
-2.230000e-02,-3.274000e+01
-2.210000e-02,-3.273000e+01
-2.190000e-02,-3.273000e+01
-2.160000e-02,-3.273000e+01
-2.140000e-02,-3.273000e+01
-2.120000e-02,-3.275000e+01
-2.100000e-02,-3.274000e+01
-2.070000e-02,-3.274000e+01
-2.050000e-02,-3.274000e+01
-2.030000e-02,-3.276000e+01
-2.010000e-02,-3.276000e+01
-1.990000e-02,-3.277000e+01
-1.970000e-02,-3.280000e+01
-1.940000e-02,-3.280000e+01
-1.920000e-02,-3.279000e+01
-1.900000e-02,-3.281000e+01
-1.880000e-02,-3.281000e+01
-1.850000e-02,-3.280000e+01
-1.830000e-02,-3.281000e+01
-1.810000e-02,-3.283000e+01
-1.790000e-02,-3.286000e+01
-1.760000e-02,-3.285000e+01
-1.740000e-02,-3.287000e+01
-1.720000e-02,-3.287000e+01
-1.700000e-02,-3.286000e+01
-1.680000e-02,-3.288000e+01
-1.650000e-02,-3.287000e+01
-1.630000e-02,-3.287000e+01
-1.610000e-02,-3.286000e+01
-1.590000e-02,-3.287000e+01
-1.570000e-02,-3.285000e+01
-1.540000e-02,-3.286000e+01
-1.520000e-02,-3.287000e+01
-1.500000e-02,-3.286000e+01
-1.480000e-02,-3.287000e+01
-1.450000e-02,-3.290000e+01
-1.430000e-02,-3.291000e+01
-1.410000e-02,-3.290000e+01
-1.380000e-02,-3.291000e+01
-1.360000e-02,-3.290000e+01
-1.340000e-02,-3.290000e+01
-1.320000e-02,-3.292000e+01
-1.290000e-02,-3.291000e+01
-1.270000e-02,-3.293000e+01
-1.250000e-02,-3.294000e+01
-1.230000e-02,-3.296000e+01
-1.200000e-02,-3.296000e+01
-1.180000e-02,-3.298000e+01
-1.160000e-02,-3.299000e+01
-1.130000e-02,-33
-1.110000e-02,-3.302000e+01
-1.090000e-02,-3.303000e+01
-1.060000e-02,-3.304000e+01
-1.040000e-02,-3.306000e+01
-1.010000e-02,-3.309000e+01
-9.900000e-03,-3.310000e+01
-9.700000e-03,-3.312000e+01
-9.500000e-03,-3.315000e+01
-9.200000e-03,-3.318000e+01
-9.000000e-03,-3.322000e+01
-8.800000e-03,-3.328000e+01
-8.500000e-03,-3.332000e+01
-8.300000e-03,-3.334000e+01
-8.100000e-03,-3.336000e+01
-7.800000e-03,-3.339000e+01
-7.600000e-03,-3.344000e+01
-7.400000e-03,-3.350000e+01
-7.100000e-03,-3.354000e+01
-6.900000e-03,-3.357000e+01
-6.600000e-03,-3.359000e+01
-6.400000e-03,-3.365000e+01
-6.200000e-03,-3.369000e+01
-6.000000e-03,-3.372000e+01
-5.700000e-03,-3.376000e+01
-5.500000e-03,-3.380000e+01
-5.300000e-03,-3.384000e+01
-5.100000e-03,-3.389000e+01
-4.800000e-03,-3.392000e+01
-4.600000e-03,-3.395000e+01
-4.400000e-03,-3.399000e+01
-4.100000e-03,-3.404000e+01
-3.900000e-03,-3.407000e+01
-3.700000e-03,-3.412000e+01
-3.400000e-03,-3.416000e+01
-3.200000e-03,-3.420000e+01
-3.000000e-03,-3.427000e+01
-2.800000e-03,-3.430000e+01
-2.500000e-03,-3.431000e+01
-2.300000e-03,-3.433000e+01
-2.000000e-03,-3.434000e+01
-1.800000e-03,-3.436000e+01
-1.600000e-03,-3.441000e+01
-1.400000e-03,-3.445000e+01
-1.100000e-03,-3.452000e+01
-9.000000e-04,-3.457000e+01
-6.000000e-04,-3.462000e+01
-4.000000e-04,-3.467000e+01
-2.000000e-04,-3.471000e+01
1.000000e-04,-3.474000e+01
3.000000e-04,-3.480000e+01
5.000000e-04,-3.484000e+01
7.000000e-04,-3.487000e+01
9.000000e-04,-3.492000e+01
1.200000e-03,-3.496000e+01
1.400000e-03,-3.503000e+01
1.600000e-03,-3.509000e+01
1.900000e-03,-3.513000e+01
2.100000e-03,-3.518000e+01
2.300000e-03,-3.522000e+01
2.500000e-03,-3.524000e+01
2.800000e-03,-3.528000e+01
3.000000e-03,-3.532000e+01
3.300000e-03,-3.537000e+01
3.500000e-03,-3.545000e+01
3.800000e-03,-3.547000e+01
4.100000e-03,-3.551000e+01
4.300000e-03,-3.557000e+01
4.600000e-03,-3.562000e+01
4.800000e-03,-3.566000e+01
5.100000e-03,-3.568000e+01
5.300000e-03,-3.574000e+01
5.600000e-03,-3.580000e+01
5.800000e-03,-3.582000e+01
6.100000e-03,-3.586000e+01
6.400000e-03,-3.593000e+01
6.600000e-03,-3.598000e+01
6.800000e-03,-3.603000e+01
7.100000e-03,-3.604000e+01
7.400000e-03,-3.607000e+01
7.600000e-03,-3.612000e+01
7.900000e-03,-3.618000e+01
8.100000e-03,-3.623000e+01
8.400000e-03,-3.627000e+01
8.700000e-03,-3.635000e+01
8.900000e-03,-3.642000e+01
9.100000e-03,-3.645000e+01
9.400000e-03,-3.649000e+01
9.700000e-03,-3.654000e+01
9.900000e-03,-3.659000e+01
1.020000e-02,-3.665000e+01
1.040000e-02,-3.671000e+01
1.070000e-02,-3.674000e+01
1.090000e-02,-3.680000e+01
1.120000e-02,-3.682000e+01
1.140000e-02,-3.686000e+01
1.160000e-02,-3.692000e+01
1.190000e-02,-3.696000e+01
1.220000e-02,-3.701000e+01
1.240000e-02,-3.704000e+01
1.260000e-02,-3.708000e+01
1.290000e-02,-3.715000e+01
1.310000e-02,-3.717000e+01
1.340000e-02,-3.720000e+01
1.360000e-02,-3.724000e+01
1.380000e-02,-3.731000e+01
1.410000e-02,-3.736000e+01
1.430000e-02,-3.740000e+01
1.450000e-02,-3.743000e+01
1.480000e-02,-3.748000e+01
1.500000e-02,-3.753000e+01
1.530000e-02,-3.756000e+01
1.550000e-02,-3.759000e+01
1.570000e-02,-3.762000e+01
1.600000e-02,-3.768000e+01
1.620000e-02,-3.774000e+01
1.640000e-02,-3.777000e+01
1.670000e-02,-3.781000e+01
1.690000e-02,-3.787000e+01
1.720000e-02,-3.793000e+01
1.740000e-02,-3.797000e+01
1.770000e-02,-3.799000e+01
1.790000e-02,-3.802000e+01
1.810000e-02,-3.806000e+01
1.840000e-02,-3.813000e+01
1.860000e-02,-3.820000e+01
1.890000e-02,-3.822000e+01
1.910000e-02,-3.825000e+01
1.930000e-02,-3.830000e+01
1.960000e-02,-3.835000e+01
1.980000e-02,-3.840000e+01
2.010000e-02,-3.842000e+01
2.030000e-02,-3.845000e+01
2.060000e-02,-3.851000e+01
2.080000e-02,-3.856000e+01
2.100000e-02,-3.860000e+01
2.130000e-02,-3.863000e+01
2.150000e-02,-3.863000e+01
2.180000e-02,-3.870000e+01
2.200000e-02,-3.875000e+01
2.220000e-02,-3.880000e+01
2.250000e-02,-3.883000e+01
2.270000e-02,-3.888000e+01
2.290000e-02,-3.893000e+01
2.320000e-02,-3.894000e+01
2.340000e-02,-3.899000e+01
2.360000e-02,-3.901000e+01
2.390000e-02,-3.911000e+01
2.420000e-02,-3.918000e+01
2.440000e-02,-3.924000e+01
2.470000e-02,-3.926000e+01
2.490000e-02,-3.932000e+01
2.520000e-02,-3.937000e+01
2.540000e-02,-3.940000e+01
2.560000e-02,-3.944000e+01
2.590000e-02,-3.949000e+01
2.620000e-02,-3.953000e+01
2.640000e-02,-3.957000e+01
2.660000e-02,-3.961000e+01
2.690000e-02,-3.965000e+01
2.710000e-02,-3.971000e+01
2.730000e-02,-3.973000e+01
2.760000e-02,-3.978000e+01
2.780000e-02,-3.981000e+01
2.800000e-02,-3.985000e+01
2.830000e-02,-3.991000e+01
2.860000e-02,-4.001000e+01
2.880000e-02,-4.012000e+01
2.910000e-02,-4.015000e+01
2.930000e-02,-4.016000e+01
2.960000e-02,-4.015000e+01
2.980000e-02,-4.021000e+01
3.000000e-02,-4.027000e+01
3.030000e-02,-4.033000e+01
3.050000e-02,-4.038000e+01
3.080000e-02,-4.041000e+01
3.100000e-02,-4.046000e+01
3.120000e-02,-4.052000e+01
3.150000e-02,-4.056000e+01
3.170000e-02,-4.057000e+01
3.200000e-02,-4.064000e+01
3.210000e-02,-4.069000e+01
3.220000e-02,-4.073000e+01
3.220000e-02,-4.074000e+01
3.220000e-02,-4.075000e+01
3.220000e-02,-4.075000e+01
3.220000e-02,-4.078000e+01
3.220000e-02,-4.076000e+01
3.220000e-02,-4.076000e+01
3.230000e-02,-4.076000e+01
3.220000e-02,-4.076000e+01
3.220000e-02,-4.077000e+01
3.220000e-02,-4.075000e+01
3.220000e-02,-4.077000e+01
3.230000e-02,-4.075000e+01
3.220000e-02,-4.076000e+01
3.220000e-02,-4.076000e+01
3.230000e-02,-4.077000e+01
3.230000e-02,-4.076000e+01
3.220000e-02,-4.075000e+01
3.230000e-02,-4.076000e+01
3.220000e-02,-4.076000e+01
3.230000e-02,-4.077000e+01
3.220000e-02,-4.076000e+01
3.220000e-02,-4.074000e+01
3.220000e-02,-4.076000e+01
3.220000e-02,-4.076000e+01
3.230000e-02,-4.077000e+01
3.230000e-02,-4.076000e+01
3.230000e-02,-4.076000e+01
3.220000e-02,-4.076000e+01
3.220000e-02,-4.077000e+01
3.220000e-02,-4.076000e+01
3.220000e-02,-4.076000e+01
3.230000e-02,-4.078000e+01
3.220000e-02,-4.077000e+01
3.230000e-02,-4.078000e+01
3.220000e-02,-4.077000e+01
3.220000e-02,-4.075000e+01
3.220000e-02,-4.077000e+01
3.230000e-02,-4.079000e+01
3.230000e-02,-4.078000e+01
3.220000e-02,-4.078000e+01
3.230000e-02,-4.078000e+01
3.230000e-02,-4.079000e+01
3.220000e-02,-4.078000e+01
3.230000e-02,-4.077000e+01
3.230000e-02,-4.076000e+01
3.220000e-02,-4.078000e+01
3.230000e-02,-4.080000e+01
3.230000e-02,-4.080000e+01
3.230000e-02,-4.079000e+01
3.230000e-02,-4.080000e+01
3.230000e-02,-4.079000e+01
3.230000e-02,-4.080000e+01
3.230000e-02,-4.081000e+01
3.230000e-02,-4.080000e+01
3.230000e-02,-4.079000e+01
3.220000e-02,-4.078000e+01
3.230000e-02,-4.080000e+01
3.230000e-02,-4.081000e+01
3.230000e-02,-4.080000e+01
3.230000e-02,-4.081000e+01
3.230000e-02,-4.079000e+01
3.230000e-02,-4.080000e+01
3.230000e-02,-4.080000e+01
3.230000e-02,-4.080000e+01
3.230000e-02,-4.081000e+01
3.210000e-02,-4.078000e+01
3.200000e-02,-4.080000e+01
3.180000e-02,-4.082000e+01
3.160000e-02,-4.081000e+01
3.150000e-02,-4.080000e+01
3.130000e-02,-4.080000e+01
3.110000e-02,-4.081000e+01
3.090000e-02,-4.081000e+01
3.060000e-02,-4.081000e+01
3.040000e-02,-4.081000e+01
3.020000e-02,-4.081000e+01
3.000000e-02,-4.082000e+01
2.980000e-02,-4.080000e+01
2.950000e-02,-4.080000e+01
2.930000e-02,-4.080000e+01
2.910000e-02,-4.081000e+01
2.880000e-02,-4.079000e+01
2.860000e-02,-4.079000e+01
2.840000e-02,-4.080000e+01
2.820000e-02,-4.078000e+01
2.790000e-02,-4.079000e+01
2.770000e-02,-4.079000e+01
2.750000e-02,-4.078000e+01
2.730000e-02,-4.078000e+01
2.700000e-02,-4.079000e+01
2.680000e-02,-4.077000e+01
2.660000e-02,-4.078000e+01
2.640000e-02,-4.080000e+01
2.610000e-02,-4.077000e+01
2.590000e-02,-4.078000e+01
2.570000e-02,-4.077000e+01
2.550000e-02,-4.077000e+01
2.520000e-02,-4.077000e+01
2.500000e-02,-4.076000e+01
2.470000e-02,-4.077000e+01
2.450000e-02,-4.076000e+01
2.430000e-02,-4.076000e+01
2.410000e-02,-4.076000e+01
2.380000e-02,-4.076000e+01
2.360000e-02,-4.075000e+01
2.330000e-02,-4.075000e+01
2.320000e-02,-4.074000e+01
2.290000e-02,-4.074000e+01
2.270000e-02,-4.074000e+01
2.240000e-02,-4.072000e+01
2.220000e-02,-4.073000e+01
2.200000e-02,-4.074000e+01
2.180000e-02,-4.074000e+01
2.150000e-02,-4.074000e+01
2.130000e-02,-4.072000e+01
2.100000e-02,-4.072000e+01
2.080000e-02,-4.071000e+01
2.060000e-02,-4.072000e+01
2.040000e-02,-4.070000e+01
2.010000e-02,-4.071000e+01
1.990000e-02,-4.072000e+01
1.960000e-02,-4.071000e+01
1.940000e-02,-4.071000e+01
1.920000e-02,-4.072000e+01
1.900000e-02,-4.071000e+01
1.870000e-02,-4.070000e+01
1.850000e-02,-4.070000e+01
1.830000e-02,-4.071000e+01
1.800000e-02,-4.072000e+01
1.780000e-02,-4.070000e+01
1.760000e-02,-4.069000e+01
1.730000e-02,-4.071000e+01
1.710000e-02,-4.070000e+01
1.690000e-02,-4.069000e+01
1.670000e-02,-4.068000e+01
1.640000e-02,-4.069000e+01
1.620000e-02,-4.069000e+01
1.590000e-02,-4.070000e+01
1.570000e-02,-4.070000e+01
1.540000e-02,-4.071000e+01
1.520000e-02,-4.069000e+01
1.500000e-02,-4.069000e+01
1.470000e-02,-4.069000e+01
1.450000e-02,-4.068000e+01
1.430000e-02,-4.068000e+01
1.400000e-02,-4.069000e+01
1.380000e-02,-4.069000e+01
1.350000e-02,-4.069000e+01
1.330000e-02,-4.068000e+01
1.310000e-02,-4.069000e+01
1.280000e-02,-4.070000e+01
1.260000e-02,-4.074000e+01
1.230000e-02,-4.076000e+01
1.210000e-02,-4.075000e+01
1.180000e-02,-4.077000e+01
1.160000e-02,-4.077000e+01
1.140000e-02,-4.079000e+01
1.110000e-02,-4.081000e+01
1.090000e-02,-4.080000e+01
1.060000e-02,-4.084000e+01
1.040000e-02,-4.089000e+01
1.010000e-02,-4.090000e+01
9.900000e-03,-4.095000e+01
9.600000e-03,-4.099000e+01
9.400000e-03,-4.103000e+01
9.100000e-03,-4.104000e+01
8.900000e-03,-4.106000e+01
8.600000e-03,-4.109000e+01
8.300000e-03,-4.114000e+01
8.100000e-03,-4.116000e+01
7.800000e-03,-4.120000e+01
7.600000e-03,-4.124000e+01
7.300000e-03,-4.126000e+01
7.100000e-03,-4.129000e+01
6.800000e-03,-4.134000e+01
6.500000e-03,-4.137000e+01
6.300000e-03,-4.139000e+01
6.000000e-03,-4.144000e+01
5.800000e-03,-4.152000e+01
5.500000e-03,-4.154000e+01
5.200000e-03,-4.158000e+01
5.000000e-03,-4.163000e+01
4.800000e-03,-4.169000e+01
4.500000e-03,-4.172000e+01
4.300000e-03,-4.177000e+01
4.000000e-03,-4.183000e+01
3.800000e-03,-4.191000e+01
3.600000e-03,-4.196000e+01
3.300000e-03,-4.199000e+01
3.100000e-03,-4.204000e+01
2.800000e-03,-4.209000e+01
2.600000e-03,-4.208000e+01
2.400000e-03,-4.210000e+01
2.200000e-03,-4.212000e+01
1.900000e-03,-4.218000e+01
1.700000e-03,-4.227000e+01
1.400000e-03,-4.231000e+01
1.200000e-03,-4.233000e+01
1.000000e-03,-4.237000e+01
8.000000e-04,-4.243000e+01
5.000000e-04,-4.248000e+01
3.000000e-04,-4.252000e+01
1.000000e-04,-4.252000e+01
-2.000000e-04,-4.258000e+01
-4.000000e-04,-4.266000e+01
-6.000000e-04,-4.268000e+01
-9.000000e-04,-4.269000e+01
-1.100000e-03,-4.270000e+01
-1.400000e-03,-4.275000e+01
-1.600000e-03,-4.283000e+01
-1.800000e-03,-4.288000e+01
-2.100000e-03,-4.291000e+01
-2.300000e-03,-4.293000e+01
-2.600000e-03,-4.299000e+01
-2.800000e-03,-4.305000e+01
-3.000000e-03,-4.310000e+01
-3.300000e-03,-4.312000e+01
-3.500000e-03,-4.319000e+01
-3.700000e-03,-4.322000e+01
-4.000000e-03,-4.326000e+01
-4.200000e-03,-4.329000e+01
-4.400000e-03,-4.334000e+01
-4.700000e-03,-4.340000e+01
-4.900000e-03,-4.344000e+01
-5.200000e-03,-4.349000e+01
-5.400000e-03,-4.354000e+01
-5.600000e-03,-4.359000e+01
-5.800000e-03,-4.362000e+01
-6.100000e-03,-4.364000e+01
-6.300000e-03,-4.369000e+01
-6.600000e-03,-4.375000e+01
-6.800000e-03,-4.380000e+01
-7.100000e-03,-4.382000e+01
-7.300000e-03,-4.387000e+01
-7.500000e-03,-4.395000e+01
-7.800000e-03,-4.399000e+01
-8.000000e-03,-44
-8.300000e-03,-44
-8.500000e-03,-4.406000e+01
-8.700000e-03,-4.415000e+01
-9.000000e-03,-4.418000e+01
-9.200000e-03,-4.421000e+01
-9.500000e-03,-4.426000e+01
-9.700000e-03,-4.432000e+01
-9.900000e-03,-4.437000e+01
-1.020000e-02,-4.439000e+01
-1.040000e-02,-4.443000e+01
-1.070000e-02,-4.448000e+01
-1.090000e-02,-4.455000e+01
-1.110000e-02,-4.458000e+01
-1.140000e-02,-4.460000e+01
-1.160000e-02,-4.465000e+01
-1.190000e-02,-4.473000e+01
-1.210000e-02,-4.477000e+01
-1.230000e-02,-4.479000e+01
-1.260000e-02,-4.485000e+01
-1.280000e-02,-4.491000e+01
-1.300000e-02,-4.493000e+01
-1.320000e-02,-4.496000e+01
-1.350000e-02,-45
-1.370000e-02,-4.503000e+01
-1.400000e-02,-4.511000e+01
-1.420000e-02,-4.515000e+01
-1.440000e-02,-4.518000e+01
-1.470000e-02,-4.524000e+01
-1.490000e-02,-4.529000e+01
-1.510000e-02,-4.533000e+01
-1.540000e-02,-4.537000e+01
-1.560000e-02,-4.542000e+01
-1.580000e-02,-4.546000e+01
-1.610000e-02,-4.548000e+01
-1.630000e-02,-4.552000e+01
-1.650000e-02,-4.559000e+01
-1.680000e-02,-4.564000e+01
-1.700000e-02,-4.567000e+01
-1.720000e-02,-4.570000e+01
-1.740000e-02,-4.574000e+01
-1.770000e-02,-4.580000e+01
-1.790000e-02,-4.582000e+01
-1.820000e-02,-4.585000e+01
-1.840000e-02,-4.589000e+01
-1.860000e-02,-4.591000e+01
-1.880000e-02,-4.595000e+01
-1.910000e-02,-4.602000e+01
-1.930000e-02,-4.607000e+01
-1.960000e-02,-4.608000e+01
-1.980000e-02,-4.613000e+01
-2.010000e-02,-4.619000e+01
-2.030000e-02,-4.624000e+01
-2.050000e-02,-4.629000e+01
-2.080000e-02,-4.632000e+01
-2.100000e-02,-4.639000e+01
-2.120000e-02,-4.646000e+01
-2.150000e-02,-4.649000e+01
-2.170000e-02,-4.652000e+01
-2.190000e-02,-4.659000e+01
-2.220000e-02,-4.664000e+01
-2.240000e-02,-4.668000e+01
-2.270000e-02,-4.669000e+01
-2.290000e-02,-4.673000e+01
-2.310000e-02,-4.679000e+01
-2.330000e-02,-4.684000e+01
-2.360000e-02,-4.687000e+01
-2.380000e-02,-4.688000e+01
-2.410000e-02,-4.695000e+01
-2.430000e-02,-4.703000e+01
-2.450000e-02,-4.706000e+01
-2.480000e-02,-4.710000e+01
-2.500000e-02,-4.719000e+01
-2.520000e-02,-4.720000e+01
-2.550000e-02,-4.723000e+01
-2.570000e-02,-4.729000e+01
-2.590000e-02,-4.733000e+01
-2.620000e-02,-4.740000e+01
-2.640000e-02,-4.740000e+01
-2.660000e-02,-4.740000e+01
-2.680000e-02,-4.742000e+01
-2.710000e-02,-4.743000e+01
-2.730000e-02,-4.749000e+01
-2.750000e-02,-4.759000e+01
-2.780000e-02,-4.767000e+01
-2.800000e-02,-4.774000e+01
-2.830000e-02,-4.777000e+01
-2.850000e-02,-4.783000e+01
-2.870000e-02,-4.784000e+01
-2.900000e-02,-4.792000e+01
-2.920000e-02,-4.796000e+01
-2.950000e-02,-4.799000e+01
-2.970000e-02,-4.804000e+01
-3.000000e-02,-4.811000e+01
-3.020000e-02,-4.817000e+01
-3.050000e-02,-4.818000e+01
-3.060000e-02,-4.822000e+01
-3.090000e-02,-4.827000e+01
-3.110000e-02,-4.832000e+01
-3.130000e-02,-4.835000e+01
-3.150000e-02,-4.836000e+01
-3.180000e-02,-4.840000e+01
-3.180000e-02,-4.841000e+01
-3.190000e-02,-4.849000e+01
-3.190000e-02,-4.853000e+01
-3.190000e-02,-4.855000e+01
-3.190000e-02,-4.854000e+01
-3.190000e-02,-4.853000e+01
-3.190000e-02,-4.854000e+01
-3.190000e-02,-4.853000e+01
-3.190000e-02,-4.853000e+01
-3.190000e-02,-4.853000e+01
-3.190000e-02,-4.853000e+01
-3.190000e-02,-4.853000e+01
-3.190000e-02,-4.853000e+01
-3.190000e-02,-4.853000e+01
-3.190000e-02,-4.853000e+01
-3.190000e-02,-4.852000e+01
-3.190000e-02,-4.852000e+01
-3.190000e-02,-4.854000e+01
-3.190000e-02,-4.853000e+01
-3.190000e-02,-4.852000e+01
-3.190000e-02,-4.852000e+01
-3.190000e-02,-4.853000e+01
-3.190000e-02,-4.852000e+01
-3.190000e-02,-4.852000e+01
-3.190000e-02,-4.854000e+01
-3.190000e-02,-4.854000e+01
-3.190000e-02,-4.852000e+01
-3.190000e-02,-4.853000e+01
-3.190000e-02,-4.852000e+01
-3.190000e-02,-4.853000e+01
-3.190000e-02,-4.852000e+01
-3.190000e-02,-4.854000e+01
-3.190000e-02,-4.854000e+01
-3.190000e-02,-4.855000e+01
-3.190000e-02,-4.854000e+01
-3.190000e-02,-4.854000e+01
-3.190000e-02,-4.854000e+01
-3.190000e-02,-4.854000e+01
-3.190000e-02,-4.854000e+01
-3.190000e-02,-4.853000e+01
-3.190000e-02,-4.852000e+01
-3.190000e-02,-4.854000e+01
-3.190000e-02,-4.855000e+01
-3.190000e-02,-4.853000e+01
-3.190000e-02,-4.854000e+01
-3.190000e-02,-4.854000e+01
-3.190000e-02,-4.854000e+01
-3.190000e-02,-4.854000e+01
-3.190000e-02,-4.854000e+01
-3.190000e-02,-4.853000e+01
-3.190000e-02,-4.854000e+01
-3.190000e-02,-4.853000e+01
-3.190000e-02,-4.854000e+01
-3.190000e-02,-4.854000e+01
-3.190000e-02,-4.855000e+01
-3.190000e-02,-4.853000e+01
-3.190000e-02,-4.854000e+01
-3.190000e-02,-4.853000e+01
-3.190000e-02,-4.853000e+01
-3.190000e-02,-4.854000e+01
-3.190000e-02,-4.854000e+01
-3.190000e-02,-4.854000e+01
-3.190000e-02,-4.854000e+01
-3.190000e-02,-4.854000e+01
-3.190000e-02,-4.854000e+01
-3.190000e-02,-4.854000e+01
-3.190000e-02,-4.854000e+01
-3.180000e-02,-4.855000e+01
-3.160000e-02,-4.857000e+01
-3.140000e-02,-4.858000e+01
-3.130000e-02,-4.857000e+01
-3.110000e-02,-4.857000e+01
-3.090000e-02,-4.858000e+01
-3.070000e-02,-4.858000e+01
-3.050000e-02,-4.858000e+01
-3.030000e-02,-4.858000e+01
-3.010000e-02,-4.857000e+01
-2.990000e-02,-4.859000e+01
-2.960000e-02,-4.857000e+01
-2.940000e-02,-4.860000e+01
-2.920000e-02,-4.858000e+01
-2.900000e-02,-4.860000e+01
-2.870000e-02,-4.859000e+01
-2.850000e-02,-4.858000e+01
-2.830000e-02,-4.860000e+01
-2.810000e-02,-4.859000e+01
-2.780000e-02,-4.859000e+01
-2.770000e-02,-4.858000e+01
-2.740000e-02,-4.860000e+01
-2.720000e-02,-4.861000e+01
-2.700000e-02,-4.860000e+01
-2.680000e-02,-4.861000e+01
-2.660000e-02,-4.861000e+01
-2.630000e-02,-4.861000e+01
-2.610000e-02,-4.861000e+01
-2.590000e-02,-4.863000e+01
-2.570000e-02,-4.861000e+01
-2.550000e-02,-4.861000e+01
-2.520000e-02,-4.861000e+01
-2.500000e-02,-4.861000e+01
-2.480000e-02,-4.861000e+01
-2.460000e-02,-4.860000e+01
-2.430000e-02,-4.863000e+01
-2.410000e-02,-4.864000e+01
-2.390000e-02,-4.866000e+01
-2.370000e-02,-4.869000e+01
-2.350000e-02,-4.872000e+01
-2.320000e-02,-4.872000e+01
-2.300000e-02,-4.872000e+01
-2.280000e-02,-4.871000e+01
-2.260000e-02,-4.871000e+01
-2.240000e-02,-4.872000e+01
-2.210000e-02,-4.872000e+01
-2.190000e-02,-4.872000e+01
-2.160000e-02,-4.871000e+01
-2.140000e-02,-4.872000e+01
-2.120000e-02,-4.873000e+01
-2.100000e-02,-4.872000e+01
-2.070000e-02,-4.873000e+01
-2.050000e-02,-4.872000e+01
-2.030000e-02,-4.872000e+01
-2.010000e-02,-4.871000e+01
-1.980000e-02,-4.873000e+01
-1.960000e-02,-4.873000e+01
-1.940000e-02,-4.872000e+01
-1.910000e-02,-4.873000e+01
-1.890000e-02,-4.872000e+01
-1.870000e-02,-4.872000e+01
-1.850000e-02,-4.873000e+01
-1.820000e-02,-4.873000e+01
-1.800000e-02,-4.872000e+01
-1.780000e-02,-4.872000e+01
-1.750000e-02,-4.873000e+01
-1.730000e-02,-4.873000e+01
-1.710000e-02,-4.874000e+01
-1.690000e-02,-4.872000e+01
-1.660000e-02,-4.873000e+01
-1.640000e-02,-4.872000e+01
-1.620000e-02,-4.873000e+01
-1.600000e-02,-4.875000e+01
-1.570000e-02,-4.879000e+01
-1.550000e-02,-4.881000e+01
-1.530000e-02,-4.882000e+01
-1.500000e-02,-4.883000e+01
-1.480000e-02,-4.883000e+01
-1.460000e-02,-4.886000e+01
-1.440000e-02,-4.886000e+01
-1.410000e-02,-4.886000e+01
-1.390000e-02,-4.888000e+01
-1.370000e-02,-4.889000e+01
-1.350000e-02,-4.893000e+01
-1.320000e-02,-4.896000e+01
-1.300000e-02,-4.899000e+01
-1.280000e-02,-49
-1.250000e-02,-4.903000e+01
-1.230000e-02,-4.903000e+01
-1.210000e-02,-4.905000e+01
-1.180000e-02,-4.906000e+01
-1.160000e-02,-4.907000e+01
-1.130000e-02,-4.908000e+01
-1.110000e-02,-4.912000e+01
-1.090000e-02,-4.920000e+01
-1.060000e-02,-4.923000e+01
-1.040000e-02,-4.924000e+01
-1.020000e-02,-4.925000e+01
-9.900000e-03,-4.930000e+01
-9.700000e-03,-4.935000e+01
-9.400000e-03,-4.940000e+01
-9.200000e-03,-4.941000e+01
-9.000000e-03,-4.943000e+01
-8.800000e-03,-4.948000e+01
-8.500000e-03,-4.951000e+01
-8.300000e-03,-4.955000e+01
-8.000000e-03,-4.961000e+01
-7.800000e-03,-4.962000e+01
-7.500000e-03,-4.966000e+01
-7.300000e-03,-4.971000e+01
-7.100000e-03,-4.978000e+01
-6.800000e-03,-4.982000e+01
-6.600000e-03,-4.982000e+01
-6.300000e-03,-4.985000e+01
-6.100000e-03,-4.991000e+01
-5.900000e-03,-4.995000e+01
-5.600000e-03,-50
-5.400000e-03,-5.002000e+01
-5.200000e-03,-5.006000e+01
-5.000000e-03,-5.014000e+01
-4.800000e-03,-5.017000e+01
-4.500000e-03,-5.022000e+01
-4.300000e-03,-5.023000e+01
-4.000000e-03,-5.032000e+01
-3.800000e-03,-5.039000e+01
-3.500000e-03,-5.043000e+01
-3.300000e-03,-5.046000e+01
-3.100000e-03,-5.048000e+01
-2.900000e-03,-5.054000e+01
-2.600000e-03,-5.059000e+01
-2.400000e-03,-5.059000e+01
-2.100000e-03,-5.063000e+01
-1.900000e-03,-5.069000e+01
-1.700000e-03,-5.074000e+01
-1.400000e-03,-5.078000e+01
-1.200000e-03,-5.082000e+01
-1.000000e-03,-5.087000e+01
-7.000000e-04,-5.090000e+01
-5.000000e-04,-5.095000e+01
-2.000000e-04,-51
0,-5.106000e+01
2.000000e-04,-5.111000e+01
4.000000e-04,-5.115000e+01
7.000000e-04,-5.117000e+01
9.000000e-04,-5.119000e+01
1.100000e-03,-5.126000e+01
1.400000e-03,-5.131000e+01
1.600000e-03,-5.134000e+01
1.800000e-03,-5.137000e+01
2.000000e-03,-5.141000e+01
2.300000e-03,-5.147000e+01
2.500000e-03,-5.153000e+01
2.800000e-03,-5.157000e+01
3.000000e-03,-5.159000e+01
3.300000e-03,-5.161000e+01
3.500000e-03,-5.167000e+01
3.800000e-03,-5.171000e+01
4.000000e-03,-5.175000e+01
4.300000e-03,-5.176000e+01
4.600000e-03,-5.181000e+01
4.800000e-03,-5.190000e+01
5.100000e-03,-5.194000e+01
5.300000e-03,-5.197000e+01
5.600000e-03,-5.205000e+01
5.800000e-03,-5.212000e+01
6.100000e-03,-5.216000e+01
6.400000e-03,-5.222000e+01
6.600000e-03,-5.229000e+01
6.900000e-03,-5.235000e+01
7.100000e-03,-5.235000e+01
7.400000e-03,-5.239000e+01
7.700000e-03,-5.247000e+01
7.900000e-03,-5.253000e+01
8.200000e-03,-5.254000e+01
8.400000e-03,-5.255000e+01
8.700000e-03,-5.257000e+01
9.000000e-03,-5.264000e+01
9.200000e-03,-5.271000e+01
9.400000e-03,-5.275000e+01
9.700000e-03,-5.279000e+01
9.900000e-03,-5.285000e+01
1.020000e-02,-5.291000e+01
1.050000e-02,-5.293000e+01
1.070000e-02,-5.295000e+01
1.090000e-02,-5.298000e+01
1.120000e-02,-5.299000e+01
1.140000e-02,-5.304000e+01
1.170000e-02,-5.313000e+01
1.190000e-02,-5.316000e+01
1.220000e-02,-5.322000e+01
1.240000e-02,-5.333000e+01
1.270000e-02,-5.335000e+01
1.290000e-02,-5.338000e+01
1.310000e-02,-5.348000e+01
1.340000e-02,-5.354000e+01
1.360000e-02,-5.357000e+01
1.390000e-02,-5.363000e+01
1.410000e-02,-5.368000e+01
1.440000e-02,-5.375000e+01
1.460000e-02,-5.377000e+01
1.490000e-02,-5.379000e+01
1.510000e-02,-5.385000e+01
1.540000e-02,-5.392000e+01
1.560000e-02,-5.395000e+01
1.590000e-02,-5.397000e+01
1.610000e-02,-5.406000e+01
1.630000e-02,-5.410000e+01
1.660000e-02,-5.415000e+01
1.680000e-02,-5.417000e+01
1.710000e-02,-5.424000e+01
1.730000e-02,-5.429000e+01
1.760000e-02,-5.435000e+01
1.780000e-02,-5.437000e+01
1.810000e-02,-5.441000e+01
1.830000e-02,-5.445000e+01
1.850000e-02,-5.449000e+01
1.880000e-02,-5.453000e+01
1.900000e-02,-5.454000e+01
1.930000e-02,-5.461000e+01
1.950000e-02,-5.467000e+01
1.970000e-02,-5.471000e+01
2.000000e-02,-5.475000e+01
2.020000e-02,-5.477000e+01
2.040000e-02,-5.483000e+01
2.070000e-02,-5.488000e+01
2.090000e-02,-5.493000e+01
2.120000e-02,-5.497000e+01
2.140000e-02,-5.503000e+01
2.170000e-02,-5.508000e+01
2.190000e-02,-5.513000e+01
2.210000e-02,-5.519000e+01
2.240000e-02,-5.525000e+01
2.260000e-02,-5.528000e+01
2.290000e-02,-5.533000e+01
2.310000e-02,-5.537000e+01
2.340000e-02,-5.547000e+01
2.360000e-02,-5.553000e+01
2.390000e-02,-5.559000e+01
2.410000e-02,-5.563000e+01
2.440000e-02,-5.567000e+01
2.460000e-02,-5.572000e+01
2.490000e-02,-5.577000e+01
2.510000e-02,-5.583000e+01
2.540000e-02,-5.588000e+01
2.560000e-02,-5.591000e+01
2.590000e-02,-5.596000e+01
2.610000e-02,-5.601000e+01
2.640000e-02,-5.605000e+01
2.660000e-02,-5.609000e+01
2.690000e-02,-5.612000e+01
2.710000e-02,-5.616000e+01
2.740000e-02,-5.621000e+01
2.760000e-02,-5.626000e+01
2.780000e-02,-5.628000e+01
2.810000e-02,-5.633000e+01
2.840000e-02,-5.637000e+01
2.860000e-02,-5.643000e+01
2.880000e-02,-5.649000e+01
2.910000e-02,-5.651000e+01
2.930000e-02,-5.655000e+01
2.960000e-02,-5.662000e+01
2.980000e-02,-5.671000e+01
3.000000e-02,-5.676000e+01
3.030000e-02,-5.675000e+01
3.050000e-02,-5.676000e+01
3.080000e-02,-5.684000e+01
3.100000e-02,-5.689000e+01
3.130000e-02,-5.692000e+01
3.150000e-02,-5.696000e+01
3.170000e-02,-5.701000e+01
3.200000e-02,-5.708000e+01
3.220000e-02,-5.713000e+01
3.250000e-02,-5.715000e+01
3.270000e-02,-5.719000e+01
3.300000e-02,-5.724000e+01
3.320000e-02,-5.726000e+01
3.350000e-02,-5.731000e+01
3.370000e-02,-5.736000e+01
3.400000e-02,-5.744000e+01
3.420000e-02,-5.751000e+01
3.450000e-02,-5.754000e+01
3.470000e-02,-5.761000e+01
3.490000e-02,-5.768000e+01
3.520000e-02,-5.772000e+01
3.550000e-02,-5.776000e+01
3.570000e-02,-5.782000e+01
3.600000e-02,-5.788000e+01
3.620000e-02,-5.792000e+01
3.640000e-02,-5.797000e+01
3.670000e-02,-5.802000e+01
3.690000e-02,-5.806000e+01
3.720000e-02,-5.811000e+01
3.740000e-02,-5.812000e+01
3.760000e-02,-5.821000e+01
3.790000e-02,-5.826000e+01
3.810000e-02,-5.830000e+01
3.840000e-02,-5.833000e+01
3.860000e-02,-5.838000e+01
3.890000e-02,-5.844000e+01
3.910000e-02,-5.848000e+01
3.930000e-02,-5.851000e+01
3.960000e-02,-5.859000e+01
3.980000e-02,-5.864000e+01
4.010000e-02,-5.868000e+01
4.030000e-02,-5.872000e+01
4.060000e-02,-5.875000e+01
4.090000e-02,-5.883000e+01
4.110000e-02,-5.889000e+01
4.130000e-02,-5.891000e+01
4.160000e-02,-5.897000e+01
4.180000e-02,-5.902000e+01
4.210000e-02,-5.906000e+01
4.240000e-02,-5.910000e+01
4.260000e-02,-5.912000e+01
4.280000e-02,-5.920000e+01
4.310000e-02,-5.927000e+01
4.330000e-02,-5.929000e+01
4.360000e-02,-5.934000e+01
4.380000e-02,-5.945000e+01
4.390000e-02,-5.953000e+01
4.390000e-02,-5.953000e+01
4.390000e-02,-5.959000e+01
4.390000e-02,-5.960000e+01
4.390000e-02,-5.960000e+01
4.390000e-02,-5.960000e+01
4.390000e-02,-5.959000e+01
4.390000e-02,-5.959000e+01
4.390000e-02,-5.959000e+01
4.390000e-02,-5.960000e+01
4.390000e-02,-5.961000e+01
4.390000e-02,-5.959000e+01
4.390000e-02,-5.960000e+01
4.390000e-02,-5.959000e+01
4.390000e-02,-5.961000e+01
4.390000e-02,-5.962000e+01
4.390000e-02,-5.960000e+01
4.390000e-02,-5.959000e+01
4.390000e-02,-5.961000e+01
4.390000e-02,-5.961000e+01
4.390000e-02,-5.961000e+01
4.390000e-02,-5.960000e+01
4.390000e-02,-5.961000e+01
4.390000e-02,-5.961000e+01
4.390000e-02,-5.961000e+01
4.390000e-02,-5.962000e+01
4.390000e-02,-5.960000e+01
4.390000e-02,-5.960000e+01
4.390000e-02,-5.961000e+01
4.390000e-02,-5.960000e+01
4.390000e-02,-5.962000e+01
4.390000e-02,-5.960000e+01
4.390000e-02,-5.960000e+01
4.390000e-02,-5.960000e+01
4.390000e-02,-5.960000e+01
4.390000e-02,-5.962000e+01
4.390000e-02,-5.961000e+01
4.390000e-02,-5.961000e+01
4.400000e-02,-5.960000e+01
4.390000e-02,-5.960000e+01
4.390000e-02,-5.960000e+01
4.390000e-02,-5.960000e+01
4.390000e-02,-5.960000e+01
4.390000e-02,-5.961000e+01
4.390000e-02,-5.961000e+01
4.390000e-02,-5.960000e+01
4.400000e-02,-5.961000e+01
4.390000e-02,-5.961000e+01
4.390000e-02,-5.961000e+01
4.390000e-02,-5.960000e+01
4.390000e-02,-5.961000e+01
4.390000e-02,-5.960000e+01
4.390000e-02,-5.961000e+01
4.390000e-02,-5.960000e+01
4.390000e-02,-5.962000e+01
4.390000e-02,-5.960000e+01
4.390000e-02,-5.961000e+01
4.400000e-02,-5.961000e+01
4.390000e-02,-5.961000e+01
4.390000e-02,-5.962000e+01
4.390000e-02,-5.962000e+01
4.390000e-02,-5.960000e+01
4.390000e-02,-5.962000e+01
4.390000e-02,-5.960000e+01
4.390000e-02,-5.960000e+01
4.390000e-02,-5.960000e+01
4.400000e-02,-5.961000e+01
4.390000e-02,-5.960000e+01
4.390000e-02,-5.960000e+01
4.390000e-02,-5.961000e+01
4.390000e-02,-5.960000e+01
4.390000e-02,-5.962000e+01
4.390000e-02,-5.960000e+01
4.390000e-02,-5.962000e+01
4.390000e-02,-5.960000e+01
4.390000e-02,-5.961000e+01
4.390000e-02,-5.960000e+01
4.390000e-02,-5.960000e+01
4.390000e-02,-5.960000e+01
4.390000e-02,-5.961000e+01
4.390000e-02,-5.961000e+01
4.380000e-02,-5.964000e+01
4.360000e-02,-5.966000e+01
4.350000e-02,-5.967000e+01
4.330000e-02,-5.969000e+01
4.310000e-02,-5.968000e+01
4.290000e-02,-5.966000e+01
4.270000e-02,-5.968000e+01
4.250000e-02,-5.969000e+01
4.230000e-02,-5.967000e+01
4.200000e-02,-5.966000e+01
4.180000e-02,-5.967000e+01
4.160000e-02,-5.966000e+01
4.130000e-02,-5.968000e+01
4.110000e-02,-5.966000e+01
4.090000e-02,-5.966000e+01
4.070000e-02,-5.967000e+01
4.040000e-02,-5.964000e+01
4.020000e-02,-5.964000e+01
4.000000e-02,-5.965000e+01
3.980000e-02,-5.964000e+01
3.950000e-02,-5.963000e+01
3.930000e-02,-5.964000e+01
3.910000e-02,-5.963000e+01
3.880000e-02,-5.964000e+01
3.860000e-02,-5.963000e+01
3.840000e-02,-5.965000e+01
3.810000e-02,-5.963000e+01
3.790000e-02,-5.962000e+01
3.770000e-02,-5.962000e+01
3.750000e-02,-5.961000e+01
3.720000e-02,-5.963000e+01
3.700000e-02,-5.962000e+01
3.670000e-02,-5.962000e+01
3.650000e-02,-5.963000e+01
3.630000e-02,-5.962000e+01
3.610000e-02,-5.961000e+01
3.580000e-02,-5.960000e+01
3.560000e-02,-5.961000e+01
3.540000e-02,-5.961000e+01
3.510000e-02,-5.960000e+01
3.490000e-02,-5.960000e+01
3.460000e-02,-5.961000e+01
3.440000e-02,-5.960000e+01
3.410000e-02,-5.959000e+01
3.390000e-02,-5.958000e+01
3.370000e-02,-5.961000e+01
3.340000e-02,-5.960000e+01
3.320000e-02,-5.959000e+01
3.300000e-02,-5.958000e+01
3.270000e-02,-5.958000e+01
3.250000e-02,-5.959000e+01
3.220000e-02,-5.959000e+01
3.200000e-02,-5.958000e+01
3.180000e-02,-5.958000e+01
3.150000e-02,-5.959000e+01
3.130000e-02,-5.958000e+01
3.100000e-02,-5.958000e+01
3.080000e-02,-5.958000e+01
3.060000e-02,-5.958000e+01
3.040000e-02,-5.958000e+01
3.010000e-02,-5.958000e+01
2.990000e-02,-5.956000e+01
2.960000e-02,-5.959000e+01
2.940000e-02,-5.958000e+01
2.920000e-02,-5.961000e+01
2.890000e-02,-5.962000e+01
2.870000e-02,-5.963000e+01
2.840000e-02,-5.967000e+01
2.820000e-02,-5.969000e+01
2.800000e-02,-5.968000e+01
2.770000e-02,-5.971000e+01
2.750000e-02,-5.975000e+01
2.730000e-02,-5.974000e+01
2.700000e-02,-5.976000e+01
2.680000e-02,-5.977000e+01
2.650000e-02,-5.976000e+01
2.630000e-02,-5.977000e+01
2.600000e-02,-5.976000e+01
2.580000e-02,-5.980000e+01
2.550000e-02,-5.982000e+01
2.530000e-02,-5.985000e+01
2.500000e-02,-5.988000e+01
2.480000e-02,-5.991000e+01
2.450000e-02,-5.995000e+01
2.430000e-02,-5.993000e+01
2.410000e-02,-5.996000e+01
2.380000e-02,-60
2.360000e-02,-6.004000e+01
2.330000e-02,-6.008000e+01
2.310000e-02,-6.011000e+01
2.280000e-02,-6.012000e+01
2.260000e-02,-6.014000e+01
2.240000e-02,-6.015000e+01
2.210000e-02,-6.017000e+01
2.190000e-02,-6.021000e+01
2.160000e-02,-6.024000e+01
2.140000e-02,-6.027000e+01
2.110000e-02,-6.029000e+01
2.090000e-02,-6.032000e+01
2.070000e-02,-6.033000e+01
2.040000e-02,-6.037000e+01
2.020000e-02,-6.040000e+01
1.990000e-02,-6.044000e+01
1.970000e-02,-6.046000e+01
1.940000e-02,-6.051000e+01
1.920000e-02,-6.051000e+01
1.900000e-02,-6.054000e+01
1.870000e-02,-6.058000e+01
1.850000e-02,-6.062000e+01
1.830000e-02,-6.063000e+01
1.800000e-02,-6.070000e+01
1.780000e-02,-6.077000e+01
1.750000e-02,-6.082000e+01
1.730000e-02,-6.082000e+01
1.700000e-02,-6.086000e+01
1.680000e-02,-6.090000e+01
1.650000e-02,-6.095000e+01
1.630000e-02,-6.099000e+01
1.610000e-02,-6.102000e+01
1.580000e-02,-6.106000e+01
1.560000e-02,-6.112000e+01
1.530000e-02,-6.117000e+01
1.510000e-02,-6.121000e+01
1.480000e-02,-6.124000e+01
1.460000e-02,-6.125000e+01
1.430000e-02,-6.132000e+01
1.410000e-02,-6.136000e+01
1.380000e-02,-6.140000e+01
1.360000e-02,-6.142000e+01
1.330000e-02,-6.145000e+01
1.310000e-02,-6.150000e+01
1.280000e-02,-6.153000e+01
1.260000e-02,-6.158000e+01
1.230000e-02,-6.162000e+01
1.210000e-02,-6.169000e+01
1.180000e-02,-6.173000e+01
1.160000e-02,-6.175000e+01
1.140000e-02,-6.177000e+01
1.110000e-02,-6.183000e+01
1.080000e-02,-6.189000e+01
1.060000e-02,-6.193000e+01
1.030000e-02,-6.201000e+01
1.010000e-02,-6.207000e+01
9.900000e-03,-6.209000e+01
9.600000e-03,-6.212000e+01
9.300000e-03,-6.220000e+01
9.100000e-03,-6.228000e+01
8.800000e-03,-6.229000e+01
8.500000e-03,-6.232000e+01
8.300000e-03,-6.242000e+01
8.000000e-03,-6.247000e+01
7.800000e-03,-6.251000e+01
7.500000e-03,-6.254000e+01
7.200000e-03,-6.262000e+01
7.000000e-03,-6.268000e+01
6.700000e-03,-6.272000e+01
6.400000e-03,-6.277000e+01
6.200000e-03,-6.282000e+01
5.900000e-03,-6.287000e+01
5.700000e-03,-6.291000e+01
5.400000e-03,-6.296000e+01
5.100000e-03,-63
4.900000e-03,-6.306000e+01
4.600000e-03,-6.312000e+01
4.400000e-03,-6.320000e+01
4.100000e-03,-6.322000e+01
3.900000e-03,-6.327000e+01
3.600000e-03,-6.332000e+01
3.400000e-03,-6.333000e+01
3.200000e-03,-6.338000e+01
2.900000e-03,-6.342000e+01
2.700000e-03,-6.349000e+01
2.400000e-03,-6.355000e+01
2.200000e-03,-6.359000e+01
2.000000e-03,-6.362000e+01
1.800000e-03,-6.368000e+01
1.500000e-03,-6.370000e+01
1.300000e-03,-6.372000e+01
1.000000e-03,-6.375000e+01
8.000000e-04,-6.382000e+01
6.000000e-04,-6.390000e+01
3.000000e-04,-6.397000e+01
1.000000e-04,-6.402000e+01
-1.000000e-04,-6.406000e+01
-4.000000e-04,-6.409000e+01
-6.000000e-04,-6.416000e+01
-8.000000e-04,-6.420000e+01
-1.100000e-03,-6.427000e+01
-1.300000e-03,-6.430000e+01
-1.600000e-03,-6.436000e+01
-1.800000e-03,-6.437000e+01
-2.100000e-03,-6.444000e+01
-2.300000e-03,-6.448000e+01
-2.600000e-03,-6.454000e+01
-2.800000e-03,-6.460000e+01
-3.000000e-03,-6.467000e+01
-3.300000e-03,-6.475000e+01
-3.500000e-03,-6.480000e+01
-3.800000e-03,-6.481000e+01
-4.000000e-03,-6.483000e+01
-4.300000e-03,-6.485000e+01
-4.500000e-03,-6.488000e+01
-4.700000e-03,-6.494000e+01
-5.000000e-03,-6.502000e+01
-5.200000e-03,-6.504000e+01
-5.400000e-03,-6.508000e+01
-5.700000e-03,-6.514000e+01
-5.900000e-03,-6.519000e+01
-6.200000e-03,-6.523000e+01
-6.400000e-03,-6.532000e+01
-6.700000e-03,-6.536000e+01
-6.900000e-03,-6.539000e+01
-7.100000e-03,-6.541000e+01
-7.400000e-03,-6.546000e+01
-7.600000e-03,-6.554000e+01
-7.800000e-03,-6.559000e+01
-8.100000e-03,-6.564000e+01
-8.300000e-03,-6.573000e+01
-8.600000e-03,-6.576000e+01
-8.800000e-03,-6.582000e+01
-9.100000e-03,-6.585000e+01
-9.300000e-03,-6.591000e+01
-9.600000e-03,-6.595000e+01
-9.800000e-03,-6.597000e+01
-1.000000e-02,-66
-1.030000e-02,-6.609000e+01
-1.050000e-02,-6.614000e+01
-1.080000e-02,-6.619000e+01
-1.100000e-02,-6.625000e+01
-1.130000e-02,-6.631000e+01
-1.150000e-02,-6.635000e+01
-1.170000e-02,-6.640000e+01
-1.200000e-02,-6.645000e+01
-1.220000e-02,-6.647000e+01
-1.250000e-02,-6.652000e+01
-1.270000e-02,-6.659000e+01
-1.290000e-02,-6.665000e+01
-1.360000e-02,-6.822000e+01
-1.380000e-02,-6.860000e+01
-1.400000e-02,-6.865000e+01
-1.400000e-02,-6.863000e+01
-1.400000e-02,-6.866000e+01
-1.400000e-02,-6.866000e+01
-1.400000e-02,-6.866000e+01
-1.400000e-02,-6.865000e+01
-1.400000e-02,-6.867000e+01
-1.400000e-02,-6.866000e+01
-1.400000e-02,-6.866000e+01
-1.400000e-02,-6.865000e+01
-1.400000e-02,-6.866000e+01
-1.400000e-02,-6.866000e+01
-1.400000e-02,-6.865000e+01
-1.400000e-02,-6.866000e+01
-1.400000e-02,-6.867000e+01
-1.400000e-02,-6.867000e+01
-1.400000e-02,-6.864000e+01
-1.400000e-02,-6.866000e+01
-1.400000e-02,-6.867000e+01
-1.400000e-02,-6.866000e+01
-1.400000e-02,-6.865000e+01
-1.400000e-02,-6.865000e+01
-1.400000e-02,-6.867000e+01
-1.400000e-02,-6.866000e+01
-1.400000e-02,-6.866000e+01
-1.400000e-02,-6.866000e+01
-1.400000e-02,-6.867000e+01
-1.400000e-02,-6.866000e+01
-1.400000e-02,-6.866000e+01
-1.400000e-02,-6.868000e+01
-1.400000e-02,-6.865000e+01
-1.400000e-02,-6.865000e+01
-1.400000e-02,-6.865000e+01
-1.400000e-02,-6.867000e+01
-1.400000e-02,-6.867000e+01
-1.400000e-02,-6.866000e+01
-1.400000e-02,-6.867000e+01
-1.400000e-02,-6.867000e+01
-1.400000e-02,-6.867000e+01
-1.400000e-02,-6.865000e+01
-1.400000e-02,-6.866000e+01
-1.400000e-02,-6.865000e+01
-1.400000e-02,-6.866000e+01
-1.400000e-02,-6.867000e+01
-1.400000e-02,-6.866000e+01
-1.400000e-02,-6.865000e+01
-1.400000e-02,-6.867000e+01
-1.400000e-02,-6.869000e+01
-1.400000e-02,-6.866000e+01
-1.400000e-02,-6.868000e+01
-1.400000e-02,-6.866000e+01
-1.400000e-02,-6.866000e+01
-1.400000e-02,-6.867000e+01
-1.400000e-02,-6.867000e+01
-1.400000e-02,-6.868000e+01
-1.400000e-02,-6.868000e+01
-1.400000e-02,-6.868000e+01
-1.400000e-02,-6.867000e+01
-1.400000e-02,-6.867000e+01
-1.400000e-02,-6.866000e+01
-1.400000e-02,-6.866000e+01
-1.400000e-02,-6.866000e+01
-1.400000e-02,-6.867000e+01
-1.410000e-02,-6.866000e+01
-1.400000e-02,-6.866000e+01
-1.400000e-02,-6.867000e+01
-1.400000e-02,-6.867000e+01
-1.400000e-02,-6.866000e+01
-1.400000e-02,-6.866000e+01
-1.400000e-02,-6.867000e+01
-1.400000e-02,-6.866000e+01
-1.400000e-02,-6.868000e+01
-1.410000e-02,-6.867000e+01
-1.400000e-02,-6.866000e+01
-1.400000e-02,-6.867000e+01
-1.400000e-02,-6.866000e+01
-1.400000e-02,-6.867000e+01
-1.400000e-02,-6.866000e+01
-1.400000e-02,-6.867000e+01
-1.400000e-02,-6.864000e+01
-1.400000e-02,-6.868000e+01
-1.400000e-02,-6.867000e+01
-1.400000e-02,-6.866000e+01
-1.400000e-02,-6.866000e+01
-1.400000e-02,-6.867000e+01
-1.400000e-02,-6.867000e+01
-1.400000e-02,-6.867000e+01
-1.400000e-02,-6.867000e+01
-1.400000e-02,-6.867000e+01
-1.400000e-02,-6.867000e+01
-1.400000e-02,-6.866000e+01
-1.400000e-02,-6.866000e+01
-1.400000e-02,-6.866000e+01
-1.400000e-02,-6.868000e+01
-1.400000e-02,-6.867000e+01
-1.400000e-02,-6.867000e+01
-1.400000e-02,-6.867000e+01
-1.400000e-02,-6.867000e+01
-1.400000e-02,-6.867000e+01
-1.400000e-02,-6.867000e+01
-1.400000e-02,-6.866000e+01
-1.400000e-02,-6.867000e+01
-1.400000e-02,-6.869000e+01
-1.400000e-02,-6.868000e+01
-1.400000e-02,-6.867000e+01
-1.400000e-02,-6.869000e+01
-1.410000e-02,-6.868000e+01
-1.400000e-02,-6.867000e+01
-1.400000e-02,-6.869000e+01
-1.400000e-02,-6.868000e+01
-1.400000e-02,-6.867000e+01
-1.400000e-02,-6.868000e+01
-1.410000e-02,-6.868000e+01
-1.400000e-02,-6.868000e+01
-1.400000e-02,-6.867000e+01
-1.400000e-02,-6.868000e+01
-1.400000e-02,-6.867000e+01
-1.400000e-02,-6.868000e+01
-1.400000e-02,-6.869000e+01
-1.410000e-02,-6.867000e+01
-1.400000e-02,-6.866000e+01
-1.400000e-02,-6.867000e+01
-1.400000e-02,-6.866000e+01
-1.400000e-02,-6.867000e+01
-1.400000e-02,-6.867000e+01
-1.400000e-02,-6.868000e+01
-1.400000e-02,-6.866000e+01
-1.400000e-02,-6.866000e+01
-1.400000e-02,-6.868000e+01
-1.400000e-02,-6.867000e+01
-1.400000e-02,-6.868000e+01
-1.400000e-02,-6.867000e+01
-1.400000e-02,-6.866000e+01
-1.400000e-02,-6.866000e+01
-1.400000e-02,-6.868000e+01
-1.400000e-02,-6.867000e+01
-1.400000e-02,-6.867000e+01
-1.400000e-02,-6.865000e+01
-1.400000e-02,-6.869000e+01
-1.400000e-02,-6.869000e+01
-1.400000e-02,-6.866000e+01
-1.400000e-02,-6.867000e+01
-1.400000e-02,-6.868000e+01
-1.400000e-02,-6.868000e+01
-1.400000e-02,-6.868000e+01
-1.400000e-02,-6.868000e+01
-1.400000e-02,-6.867000e+01
-1.400000e-02,-6.868000e+01
-1.400000e-02,-6.868000e+01
-1.400000e-02,-6.867000e+01
-1.400000e-02,-6.867000e+01
-1.410000e-02,-6.867000e+01
-1.400000e-02,-6.868000e+01
-1.400000e-02,-6.868000e+01
-1.400000e-02,-6.867000e+01
-1.400000e-02,-6.868000e+01
-1.400000e-02,-6.867000e+01
-1.410000e-02,-6.867000e+01
-1.400000e-02,-6.870000e+01
-1.400000e-02,-6.869000e+01
-1.400000e-02,-6.868000e+01
-1.400000e-02,-6.868000e+01
-1.400000e-02,-6.868000e+01
-1.400000e-02,-6.869000e+01
-1.400000e-02,-6.868000e+01
-1.400000e-02,-6.867000e+01
-1.400000e-02,-6.868000e+01
-1.400000e-02,-6.867000e+01
-1.400000e-02,-6.869000e+01
-1.400000e-02,-6.869000e+01
-1.400000e-02,-6.869000e+01
-1.400000e-02,-6.867000e+01
-1.400000e-02,-6.868000e+01
-1.410000e-02,-6.868000e+01
-1.400000e-02,-6.867000e+01
-1.400000e-02,-6.869000e+01
-1.400000e-02,-6.867000e+01
-1.400000e-02,-6.869000e+01
-1.400000e-02,-6.868000e+01
-1.400000e-02,-6.869000e+01
-1.400000e-02,-6.869000e+01
-1.400000e-02,-6.869000e+01
-1.400000e-02,-6.869000e+01
-1.400000e-02,-6.869000e+01
-1.400000e-02,-6.867000e+01
-1.400000e-02,-6.869000e+01
-1.400000e-02,-6.869000e+01
-1.400000e-02,-6.869000e+01
-1.410000e-02,-6.869000e+01
-1.410000e-02,-6.868000e+01
-1.410000e-02,-6.869000e+01
-1.400000e-02,-6.869000e+01
-1.400000e-02,-6.869000e+01
-1.400000e-02,-6.868000e+01
-1.410000e-02,-6.869000e+01
-1.400000e-02,-6.868000e+01
-1.400000e-02,-6.869000e+01
-1.400000e-02,-6.869000e+01
-1.400000e-02,-6.869000e+01
-1.400000e-02,-6.868000e+01
-1.400000e-02,-6.870000e+01
-1.400000e-02,-6.868000e+01
-1.400000e-02,-6.869000e+01
-1.400000e-02,-6.869000e+01
-1.400000e-02,-6.868000e+01
-1.400000e-02,-6.869000e+01
-1.400000e-02,-6.870000e+01
-1.400000e-02,-6.869000e+01
-1.400000e-02,-6.869000e+01
-1.400000e-02,-6.869000e+01
-1.400000e-02,-6.868000e+01
-1.400000e-02,-6.868000e+01
-1.400000e-02,-6.869000e+01
-1.400000e-02,-6.869000e+01
-1.400000e-02,-6.868000e+01
-1.400000e-02,-6.867000e+01
-1.400000e-02,-6.867000e+01
-1.400000e-02,-6.869000e+01
-1.400000e-02,-6.867000e+01
-1.400000e-02,-6.869000e+01
-1.400000e-02,-6.870000e+01
-1.400000e-02,-6.869000e+01
-1.400000e-02,-6.869000e+01
-1.400000e-02,-6.869000e+01
-1.400000e-02,-6.869000e+01
-1.400000e-02,-6.869000e+01
-1.400000e-02,-6.870000e+01
-1.400000e-02,-6.869000e+01
-1.400000e-02,-6.869000e+01
-1.400000e-02,-6.868000e+01
-1.400000e-02,-6.869000e+01
-1.400000e-02,-6.868000e+01
-1.410000e-02,-6.869000e+01
-1.400000e-02,-6.869000e+01
-1.410000e-02,-6.870000e+01
-1.410000e-02,-6.869000e+01
-1.400000e-02,-6.868000e+01
-1.400000e-02,-6.868000e+01
-1.400000e-02,-6.869000e+01
-1.400000e-02,-6.869000e+01
-1.400000e-02,-6.869000e+01
-1.400000e-02,-6.869000e+01
-1.400000e-02,-6.869000e+01
-1.400000e-02,-6.868000e+01
-1.400000e-02,-6.869000e+01
-1.400000e-02,-6.869000e+01
-1.400000e-02,-6.869000e+01
-1.410000e-02,-6.867000e+01
-1.400000e-02,-6.869000e+01
-1.400000e-02,-6.869000e+01
-1.400000e-02,-6.869000e+01
-1.400000e-02,-6.867000e+01
-1.400000e-02,-6.869000e+01
-1.400000e-02,-6.868000e+01
-1.400000e-02,-6.868000e+01
-1.400000e-02,-6.870000e+01
-1.400000e-02,-6.868000e+01
-1.400000e-02,-6.867000e+01
-1.410000e-02,-6.869000e+01
-1.400000e-02,-6.869000e+01
-1.400000e-02,-6.869000e+01
-1.400000e-02,-6.869000e+01
-1.400000e-02,-6.868000e+01
-1.400000e-02,-6.869000e+01
-1.410000e-02,-6.867000e+01
-1.400000e-02,-6.868000e+01
-1.400000e-02,-6.868000e+01
-1.400000e-02,-6.869000e+01
-1.400000e-02,-6.869000e+01
-1.400000e-02,-6.868000e+01
-1.400000e-02,-6.866000e+01
-1.400000e-02,-6.868000e+01
-1.400000e-02,-6.867000e+01
-1.400000e-02,-6.868000e+01
-1.400000e-02,-6.869000e+01
-1.400000e-02,-6.869000e+01
-1.400000e-02,-6.868000e+01
-1.400000e-02,-6.869000e+01
-1.400000e-02,-6.869000e+01
-1.400000e-02,-6.869000e+01
-1.400000e-02,-6.867000e+01
-1.400000e-02,-6.869000e+01
-1.400000e-02,-6.870000e+01
-1.400000e-02,-6.869000e+01
-1.400000e-02,-6.868000e+01
-1.400000e-02,-6.867000e+01
-1.400000e-02,-6.869000e+01
-1.400000e-02,-6.870000e+01
-1.400000e-02,-6.868000e+01
-1.400000e-02,-6.868000e+01
-1.400000e-02,-6.867000e+01
-1.400000e-02,-6.869000e+01
-1.400000e-02,-6.870000e+01
-1.400000e-02,-6.869000e+01
-1.400000e-02,-6.868000e+01
-1.400000e-02,-6.869000e+01
-1.400000e-02,-6.869000e+01
-1.400000e-02,-6.869000e+01
-1.400000e-02,-6.869000e+01
-1.400000e-02,-6.868000e+01
-1.400000e-02,-6.868000e+01
-1.400000e-02,-6.869000e+01
-1.400000e-02,-6.869000e+01
-1.400000e-02,-6.869000e+01
-1.400000e-02,-6.869000e+01
-1.400000e-02,-6.868000e+01
-1.410000e-02,-6.870000e+01
-1.400000e-02,-6.869000e+01
-1.400000e-02,-6.867000e+01
-1.400000e-02,-6.870000e+01
-1.400000e-02,-6.869000e+01
-1.400000e-02,-6.869000e+01
-1.410000e-02,-6.869000e+01
-1.400000e-02,-6.869000e+01
-1.400000e-02,-6.869000e+01
-1.400000e-02,-6.867000e+01
-1.400000e-02,-6.869000e+01
-1.400000e-02,-6.870000e+01
-1.400000e-02,-6.869000e+01
-1.400000e-02,-6.868000e+01
-1.400000e-02,-6.868000e+01
-1.410000e-02,-6.870000e+01
-1.400000e-02,-6.870000e+01
-1.400000e-02,-6.870000e+01
-1.400000e-02,-6.867000e+01
-1.400000e-02,-6.870000e+01
-1.400000e-02,-6.869000e+01
-1.400000e-02,-6.870000e+01
-1.400000e-02,-6.870000e+01
-1.400000e-02,-6.869000e+01
-1.400000e-02,-6.868000e+01
-1.400000e-02,-6.869000e+01
-1.400000e-02,-6.869000e+01
-1.400000e-02,-6.869000e+01
-1.410000e-02,-6.869000e+01
-1.400000e-02,-6.869000e+01
-1.400000e-02,-6.868000e+01
-1.400000e-02,-6.869000e+01
-1.400000e-02,-6.869000e+01
-1.400000e-02,-6.867000e+01
-1.400000e-02,-6.870000e+01
-1.400000e-02,-6.870000e+01
-1.400000e-02,-6.868000e+01
-1.400000e-02,-6.869000e+01
-1.400000e-02,-6.869000e+01
-1.400000e-02,-6.868000e+01
-1.400000e-02,-6.868000e+01
-1.410000e-02,-6.870000e+01
-1.400000e-02,-6.869000e+01
-1.400000e-02,-6.869000e+01
-1.400000e-02,-6.871000e+01
-1.400000e-02,-6.869000e+01
-1.410000e-02,-6.869000e+01
-1.400000e-02,-6.868000e+01
-1.400000e-02,-6.869000e+01
-1.400000e-02,-6.868000e+01
-1.410000e-02,-6.869000e+01
-1.400000e-02,-6.869000e+01
-1.400000e-02,-6.867000e+01
-1.400000e-02,-6.868000e+01
-1.400000e-02,-6.869000e+01
-1.400000e-02,-6.869000e+01
-1.400000e-02,-6.869000e+01
-1.400000e-02,-6.869000e+01
-1.410000e-02,-6.868000e+01
-1.400000e-02,-6.869000e+01
-1.400000e-02,-6.871000e+01
-1.400000e-02,-6.867000e+01
-1.400000e-02,-6.868000e+01
-1.400000e-02,-6.869000e+01
-1.400000e-02,-6.869000e+01
-1.410000e-02,-6.868000e+01
-1.400000e-02,-6.868000e+01
-1.400000e-02,-6.869000e+01
-1.400000e-02,-6.869000e+01
-1.400000e-02,-6.869000e+01
-1.410000e-02,-6.867000e+01
-1.400000e-02,-6.869000e+01
-1.410000e-02,-6.868000e+01
-1.400000e-02,-6.869000e+01
-1.400000e-02,-6.869000e+01
-1.410000e-02,-6.869000e+01
-1.400000e-02,-6.869000e+01
-1.400000e-02,-6.868000e+01
-1.410000e-02,-6.869000e+01
-1.400000e-02,-6.869000e+01
-1.400000e-02,-6.868000e+01
-1.400000e-02,-6.868000e+01
-1.400000e-02,-6.869000e+01
-1.400000e-02,-6.869000e+01
-1.400000e-02,-6.869000e+01
-1.400000e-02,-6.869000e+01
-1.400000e-02,-6.869000e+01
-1.400000e-02,-6.869000e+01
-1.400000e-02,-6.869000e+01
-1.400000e-02,-6.870000e+01
-1.400000e-02,-6.871000e+01
-1.400000e-02,-6.869000e+01
-1.400000e-02,-6.869000e+01
-1.400000e-02,-6.869000e+01
-1.400000e-02,-6.869000e+01
-1.400000e-02,-6.868000e+01
-1.400000e-02,-6.869000e+01
-1.400000e-02,-6.869000e+01
-1.400000e-02,-6.869000e+01
-1.400000e-02,-6.869000e+01
-1.400000e-02,-6.868000e+01
-1.400000e-02,-6.869000e+01
-1.400000e-02,-6.869000e+01
-1.410000e-02,-6.869000e+01
-1.400000e-02,-6.869000e+01
-1.400000e-02,-6.869000e+01
-1.400000e-02,-6.869000e+01
-1.400000e-02,-6.868000e+01
-1.400000e-02,-6.869000e+01
-1.410000e-02,-6.868000e+01
-1.400000e-02,-6.869000e+01
-1.400000e-02,-6.870000e+01
-1.400000e-02,-6.869000e+01
-1.400000e-02,-6.870000e+01
-1.410000e-02,-6.869000e+01
-1.410000e-02,-6.867000e+01
-1.400000e-02,-6.869000e+01
-1.400000e-02,-6.869000e+01
-1.400000e-02,-6.868000e+01
-1.400000e-02,-6.868000e+01
-1.400000e-02,-6.869000e+01
-1.400000e-02,-6.869000e+01
-1.400000e-02,-6.867000e+01
-1.400000e-02,-6.869000e+01
-1.400000e-02,-6.869000e+01
-1.400000e-02,-6.869000e+01
-1.400000e-02,-6.869000e+01
-1.400000e-02,-6.869000e+01
-1.400000e-02,-6.869000e+01
-1.400000e-02,-6.869000e+01
-1.410000e-02,-6.869000e+01
-1.400000e-02,-6.869000e+01
-1.400000e-02,-6.869000e+01
-1.410000e-02,-6.869000e+01
-1.400000e-02,-6.868000e+01
-1.400000e-02,-6.869000e+01
-1.400000e-02,-6.870000e+01
-1.400000e-02,-6.871000e+01
-1.400000e-02,-6.869000e+01
-1.400000e-02,-6.870000e+01
-1.400000e-02,-6.867000e+01
-1.400000e-02,-6.870000e+01
-1.400000e-02,-6.869000e+01
-1.400000e-02,-6.869000e+01
-1.400000e-02,-6.868000e+01
-1.400000e-02,-6.868000e+01
-1.400000e-02,-6.869000e+01
-1.400000e-02,-6.870000e+01
-1.400000e-02,-6.869000e+01
-1.410000e-02,-6.869000e+01
-1.400000e-02,-6.870000e+01
-1.410000e-02,-6.869000e+01
-1.400000e-02,-6.868000e+01
-1.400000e-02,-6.871000e+01
-1.400000e-02,-6.869000e+01
-1.400000e-02,-6.869000e+01
-1.400000e-02,-6.869000e+01
-1.410000e-02,-6.868000e+01
-1.400000e-02,-6.869000e+01
-1.400000e-02,-6.868000e+01
-1.400000e-02,-6.869000e+01
-1.410000e-02,-6.869000e+01
-1.410000e-02,-6.869000e+01
-1.400000e-02,-6.869000e+01
-1.400000e-02,-6.867000e+01
-1.410000e-02,-6.868000e+01
-1.400000e-02,-6.869000e+01
-1.400000e-02,-6.868000e+01
-1.410000e-02,-6.869000e+01
-1.410000e-02,-6.869000e+01
-1.400000e-02,-6.868000e+01
-1.400000e-02,-6.869000e+01
-1.410000e-02,-6.868000e+01
-1.400000e-02,-6.869000e+01
-1.400000e-02,-6.869000e+01
-1.410000e-02,-6.869000e+01
-1.400000e-02,-6.869000e+01
-1.400000e-02,-6.869000e+01
-1.400000e-02,-6.869000e+01
-1.400000e-02,-6.869000e+01
-1.400000e-02,-6.869000e+01
-1.410000e-02,-6.869000e+01
-1.400000e-02,-6.869000e+01
-1.400000e-02,-6.869000e+01
-1.400000e-02,-6.869000e+01
-1.400000e-02,-6.870000e+01
-1.400000e-02,-6.869000e+01
-1.400000e-02,-6.869000e+01
-1.400000e-02,-6.868000e+01
-1.410000e-02,-6.869000e+01
-1.400000e-02,-6.868000e+01
-1.400000e-02,-6.868000e+01
-1.410000e-02,-6.869000e+01
-1.410000e-02,-6.869000e+01
-1.400000e-02,-6.868000e+01
-1.400000e-02,-6.869000e+01
-1.400000e-02,-6.867000e+01
-1.400000e-02,-6.869000e+01
-1.400000e-02,-6.870000e+01
-1.400000e-02,-6.869000e+01
-1.400000e-02,-6.868000e+01
-1.400000e-02,-6.869000e+01
-1.400000e-02,-6.869000e+01
-1.400000e-02,-6.870000e+01
-1.400000e-02,-6.870000e+01
-1.400000e-02,-6.869000e+01
-1.400000e-02,-6.869000e+01
-1.400000e-02,-6.869000e+01
-1.400000e-02,-6.869000e+01
-1.400000e-02,-6.870000e+01
-1.400000e-02,-6.869000e+01
-1.400000e-02,-6.870000e+01
-1.400000e-02,-6.869000e+01
-1.400000e-02,-6.868000e+01
-1.400000e-02,-6.870000e+01
-1.400000e-02,-6.870000e+01
-1.400000e-02,-6.868000e+01
-1.400000e-02,-6.869000e+01
-1.400000e-02,-6.869000e+01
-1.400000e-02,-6.867000e+01
-1.400000e-02,-6.870000e+01
-1.400000e-02,-6.869000e+01
-1.400000e-02,-6.868000e+01
-1.400000e-02,-6.869000e+01
-1.400000e-02,-6.869000e+01
-1.400000e-02,-6.869000e+01
-1.400000e-02,-6.869000e+01
-1.400000e-02,-6.868000e+01
-1.400000e-02,-6.868000e+01
-1.400000e-02,-6.870000e+01
-1.400000e-02,-6.869000e+01
-1.400000e-02,-6.870000e+01
-1.400000e-02,-6.870000e+01
-1.400000e-02,-6.868000e+01
-1.400000e-02,-6.869000e+01
-1.400000e-02,-6.868000e+01
-1.400000e-02,-6.867000e+01
-1.400000e-02,-6.868000e+01
-1.400000e-02,-6.870000e+01
-1.400000e-02,-6.868000e+01
-1.410000e-02,-6.869000e+01
-1.400000e-02,-6.870000e+01
-1.400000e-02,-6.869000e+01
-1.400000e-02,-6.869000e+01
-1.400000e-02,-6.871000e+01
-1.400000e-02,-6.869000e+01
-1.400000e-02,-6.869000e+01
-1.400000e-02,-6.869000e+01
-1.400000e-02,-6.869000e+01
-1.400000e-02,-6.869000e+01
-1.400000e-02,-6.870000e+01
-1.400000e-02,-6.869000e+01
-1.400000e-02,-6.868000e+01
-1.400000e-02,-6.869000e+01
-1.400000e-02,-6.869000e+01
-1.400000e-02,-6.869000e+01
-1.400000e-02,-6.869000e+01
-1.400000e-02,-6.869000e+01
-1.400000e-02,-6.869000e+01
-1.400000e-02,-6.869000e+01
-1.400000e-02,-6.869000e+01
-1.400000e-02,-6.869000e+01
-1.400000e-02,-6.870000e+01
-1.400000e-02,-6.868000e+01
-1.400000e-02,-6.871000e+01
-1.400000e-02,-6.869000e+01
-1.400000e-02,-6.869000e+01
-1.410000e-02,-6.868000e+01
-1.400000e-02,-6.869000e+01
-1.400000e-02,-6.868000e+01
-1.400000e-02,-6.869000e+01
-1.400000e-02,-6.869000e+01
-1.400000e-02,-6.869000e+01
-1.400000e-02,-6.870000e+01
-1.400000e-02,-6.868000e+01
-1.400000e-02,-6.868000e+01
-1.400000e-02,-6.868000e+01
-1.400000e-02,-6.869000e+01
-1.400000e-02,-6.869000e+01
-1.400000e-02,-6.869000e+01
-1.400000e-02,-6.869000e+01
-1.400000e-02,-6.868000e+01
-1.400000e-02,-6.868000e+01
-1.400000e-02,-6.870000e+01
-1.400000e-02,-6.869000e+01
-1.410000e-02,-6.868000e+01
-1.400000e-02,-6.869000e+01
-1.400000e-02,-6.869000e+01
-1.400000e-02,-6.870000e+01
-1.400000e-02,-6.867000e+01
-1.400000e-02,-6.869000e+01
-1.400000e-02,-6.868000e+01
-1.400000e-02,-6.868000e+01
-1.400000e-02,-6.869000e+01
-1.400000e-02,-6.869000e+01
-1.400000e-02,-6.869000e+01
-1.400000e-02,-6.868000e+01
-1.400000e-02,-6.869000e+01
-1.400000e-02,-6.870000e+01
-1.400000e-02,-6.870000e+01
-1.400000e-02,-6.869000e+01
-1.400000e-02,-6.870000e+01
-1.400000e-02,-6.871000e+01
-1.400000e-02,-6.868000e+01
-1.400000e-02,-6.869000e+01
-1.400000e-02,-6.870000e+01
-1.400000e-02,-6.868000e+01
-1.400000e-02,-6.869000e+01
-1.400000e-02,-6.869000e+01
-1.400000e-02,-6.867000e+01
-1.400000e-02,-6.869000e+01
-1.400000e-02,-6.868000e+01
-1.400000e-02,-6.869000e+01
-1.400000e-02,-6.867000e+01
-1.400000e-02,-6.869000e+01
-1.400000e-02,-6.869000e+01
-1.400000e-02,-6.869000e+01
-1.400000e-02,-6.869000e+01
-1.400000e-02,-6.870000e+01
-1.400000e-02,-6.868000e+01
-1.400000e-02,-6.870000e+01
-1.400000e-02,-6.871000e+01
-1.400000e-02,-6.870000e+01
-1.400000e-02,-6.868000e+01
-1.400000e-02,-6.869000e+01
-1.400000e-02,-6.868000e+01
-1.400000e-02,-6.869000e+01
-1.400000e-02,-6.869000e+01
-1.400000e-02,-6.869000e+01
-1.400000e-02,-6.869000e+01
-1.400000e-02,-6.870000e+01
-1.400000e-02,-6.871000e+01
-1.400000e-02,-6.869000e+01
-1.400000e-02,-6.868000e+01
-1.410000e-02,-6.870000e+01
-1.400000e-02,-6.869000e+01
-1.400000e-02,-6.868000e+01
-1.400000e-02,-6.869000e+01
-1.400000e-02,-6.868000e+01
-1.410000e-02,-6.869000e+01
-1.400000e-02,-6.869000e+01
-1.410000e-02,-6.869000e+01
-1.400000e-02,-6.870000e+01
-1.400000e-02,-6.869000e+01
-1.400000e-02,-6.869000e+01
-1.400000e-02,-6.869000e+01
-1.410000e-02,-6.869000e+01
-1.400000e-02,-6.869000e+01
-1.410000e-02,-6.870000e+01
-1.400000e-02,-6.871000e+01
-1.400000e-02,-6.868000e+01
-1.400000e-02,-6.870000e+01
-1.400000e-02,-6.871000e+01
-1.400000e-02,-6.869000e+01
-1.400000e-02,-6.869000e+01
-1.400000e-02,-6.869000e+01
-1.400000e-02,-6.870000e+01
-1.400000e-02,-6.869000e+01
-1.410000e-02,-6.869000e+01
-1.400000e-02,-6.869000e+01
-1.400000e-02,-6.869000e+01
-1.400000e-02,-6.869000e+01
-1.400000e-02,-6.869000e+01
-1.400000e-02,-6.870000e+01
-1.400000e-02,-6.869000e+01
-1.400000e-02,-6.870000e+01
-1.400000e-02,-6.870000e+01
-1.400000e-02,-6.870000e+01
-1.400000e-02,-6.869000e+01
-1.410000e-02,-6.869000e+01
-1.400000e-02,-6.871000e+01
-1.400000e-02,-6.870000e+01
-1.400000e-02,-6.870000e+01
-1.410000e-02,-6.871000e+01
-1.400000e-02,-6.869000e+01
-1.400000e-02,-6.869000e+01
-1.400000e-02,-6.870000e+01
-1.400000e-02,-6.870000e+01
-1.400000e-02,-6.870000e+01
-1.400000e-02,-6.869000e+01
-1.400000e-02,-6.870000e+01
-1.400000e-02,-6.870000e+01
-1.400000e-02,-6.870000e+01
-1.400000e-02,-6.870000e+01
-1.400000e-02,-6.869000e+01
-1.400000e-02,-6.870000e+01
-1.400000e-02,-6.870000e+01
-1.400000e-02,-6.869000e+01
-1.400000e-02,-6.869000e+01
-1.400000e-02,-6.869000e+01
-1.400000e-02,-6.870000e+01
-1.410000e-02,-6.869000e+01
-1.400000e-02,-6.869000e+01
-1.400000e-02,-6.870000e+01
-1.400000e-02,-6.871000e+01
-1.400000e-02,-6.870000e+01
-1.400000e-02,-6.870000e+01
-1.400000e-02,-6.869000e+01
-1.410000e-02,-6.870000e+01
-1.400000e-02,-6.869000e+01
-1.400000e-02,-6.870000e+01
-1.400000e-02,-6.869000e+01
-1.400000e-02,-6.870000e+01
-1.400000e-02,-6.869000e+01
-1.400000e-02,-6.870000e+01
-1.400000e-02,-6.870000e+01
-1.400000e-02,-6.869000e+01
-1.400000e-02,-6.869000e+01
-1.410000e-02,-6.870000e+01
-1.400000e-02,-6.870000e+01
-1.400000e-02,-6.870000e+01
-1.400000e-02,-6.869000e+01
-1.400000e-02,-6.868000e+01
-1.400000e-02,-6.870000e+01
-1.400000e-02,-6.869000e+01
-1.400000e-02,-6.870000e+01
-1.400000e-02,-6.871000e+01
-1.400000e-02,-6.869000e+01
-1.400000e-02,-6.868000e+01
-1.400000e-02,-6.869000e+01
-1.400000e-02,-6.869000e+01
-1.400000e-02,-6.870000e+01
-1.400000e-02,-6.869000e+01
-1.400000e-02,-6.870000e+01
-1.400000e-02,-6.871000e+01
-1.400000e-02,-6.869000e+01
-1.400000e-02,-6.870000e+01
-1.400000e-02,-6.870000e+01
-1.400000e-02,-6.871000e+01
-1.400000e-02,-6.869000e+01
-1.400000e-02,-6.869000e+01
-1.400000e-02,-6.870000e+01
-1.400000e-02,-6.870000e+01
-1.400000e-02,-6.871000e+01
-1.410000e-02,-6.869000e+01
-1.400000e-02,-6.870000e+01
-1.400000e-02,-6.868000e+01
-1.400000e-02,-6.870000e+01
-1.410000e-02,-6.870000e+01
-1.400000e-02,-6.870000e+01
-1.400000e-02,-6.869000e+01
-1.400000e-02,-6.871000e+01
-1.400000e-02,-6.869000e+01
-1.400000e-02,-6.869000e+01
-1.400000e-02,-6.869000e+01
-1.400000e-02,-6.869000e+01
-1.400000e-02,-6.870000e+01
-1.410000e-02,-6.869000e+01
-1.400000e-02,-6.870000e+01
-1.410000e-02,-6.870000e+01
-1.400000e-02,-6.869000e+01
-1.410000e-02,-6.870000e+01
-1.400000e-02,-6.870000e+01
-1.400000e-02,-6.870000e+01
-1.400000e-02,-6.869000e+01
-1.400000e-02,-6.868000e+01
-1.400000e-02,-6.869000e+01
-1.400000e-02,-6.870000e+01
-1.400000e-02,-6.869000e+01
-1.400000e-02,-6.870000e+01
-1.400000e-02,-6.871000e+01
-1.400000e-02,-6.869000e+01
-1.400000e-02,-6.870000e+01
-1.400000e-02,-6.871000e+01
-1.400000e-02,-6.869000e+01
-1.400000e-02,-6.869000e+01
-1.400000e-02,-6.870000e+01
-1.400000e-02,-6.871000e+01
-1.400000e-02,-6.869000e+01
-1.400000e-02,-6.870000e+01
-1.400000e-02,-6.870000e+01
-1.400000e-02,-6.870000e+01
-1.400000e-02,-6.870000e+01
-1.400000e-02,-6.869000e+01
-1.400000e-02,-6.871000e+01
-1.400000e-02,-6.869000e+01
-1.410000e-02,-6.870000e+01
-1.410000e-02,-6.869000e+01
-1.400000e-02,-6.870000e+01
-1.410000e-02,-6.870000e+01
-1.400000e-02,-6.869000e+01
-1.400000e-02,-6.869000e+01
-1.410000e-02,-6.869000e+01
-1.400000e-02,-6.870000e+01
-1.410000e-02,-6.869000e+01
-1.400000e-02,-6.869000e+01
-1.400000e-02,-6.869000e+01
-1.400000e-02,-6.870000e+01
-1.400000e-02,-6.870000e+01
-1.410000e-02,-6.870000e+01
-1.410000e-02,-6.869000e+01
-1.410000e-02,-6.869000e+01
-1.400000e-02,-6.869000e+01
-1.400000e-02,-6.870000e+01
-1.400000e-02,-6.870000e+01
-1.400000e-02,-6.870000e+01
-1.400000e-02,-6.870000e+01
-1.400000e-02,-6.870000e+01
-1.400000e-02,-6.870000e+01
-1.400000e-02,-6.870000e+01
-1.400000e-02,-6.869000e+01
-1.400000e-02,-6.870000e+01
-1.400000e-02,-6.869000e+01
-1.400000e-02,-6.868000e+01
-1.400000e-02,-6.870000e+01
-1.400000e-02,-6.869000e+01
-1.400000e-02,-6.869000e+01
-1.400000e-02,-6.870000e+01
-1.400000e-02,-6.869000e+01
-1.400000e-02,-6.870000e+01
-1.400000e-02,-6.870000e+01
-1.400000e-02,-6.868000e+01
-1.400000e-02,-6.870000e+01
-1.400000e-02,-6.870000e+01
-1.400000e-02,-6.868000e+01
-1.410000e-02,-6.869000e+01
-1.400000e-02,-6.869000e+01
-1.400000e-02,-6.869000e+01
-1.400000e-02,-6.869000e+01
-1.400000e-02,-6.869000e+01
-1.400000e-02,-6.870000e+01
-1.400000e-02,-6.870000e+01
-1.400000e-02,-6.869000e+01
-1.400000e-02,-6.869000e+01
-1.410000e-02,-6.871000e+01
-1.400000e-02,-6.870000e+01
-1.400000e-02,-6.869000e+01
-1.390000e-02,-6.870000e+01
-1.390000e-02,-6.870000e+01
-1.380000e-02,-6.869000e+01
-1.380000e-02,-6.869000e+01
-1.380000e-02,-6.869000e+01
-1.370000e-02,-6.869000e+01
-1.360000e-02,-6.871000e+01
-1.360000e-02,-6.869000e+01
-1.360000e-02,-6.870000e+01
-1.350000e-02,-6.870000e+01
-1.350000e-02,-6.867000e+01
-1.340000e-02,-6.869000e+01
-1.340000e-02,-6.870000e+01
-1.340000e-02,-6.870000e+01
-1.330000e-02,-6.870000e+01
-1.330000e-02,-6.869000e+01
-1.330000e-02,-6.870000e+01
-1.320000e-02,-6.870000e+01
-1.310000e-02,-6.869000e+01
-1.310000e-02,-6.869000e+01
-1.310000e-02,-6.871000e+01
-1.300000e-02,-6.871000e+01
-1.300000e-02,-6.869000e+01
-1.290000e-02,-6.869000e+01
-1.290000e-02,-6.869000e+01
-1.280000e-02,-6.870000e+01
-1.280000e-02,-6.869000e+01
-1.270000e-02,-6.869000e+01
-1.260000e-02,-6.869000e+01
-1.260000e-02,-6.870000e+01
-1.260000e-02,-6.869000e+01
-1.250000e-02,-6.868000e+01
-1.240000e-02,-6.870000e+01
-1.240000e-02,-6.868000e+01
-1.240000e-02,-6.870000e+01
-1.230000e-02,-6.868000e+01
-1.220000e-02,-6.870000e+01
-1.220000e-02,-6.869000e+01
-1.220000e-02,-6.868000e+01
-1.210000e-02,-6.869000e+01
-1.200000e-02,-6.868000e+01
-1.200000e-02,-6.869000e+01
-1.190000e-02,-6.867000e+01
-1.190000e-02,-6.869000e+01
-1.180000e-02,-6.869000e+01
-1.170000e-02,-6.867000e+01
-1.170000e-02,-6.868000e+01
-1.160000e-02,-6.869000e+01
-1.160000e-02,-6.868000e+01
-1.150000e-02,-6.869000e+01
-1.150000e-02,-6.867000e+01
-1.140000e-02,-6.869000e+01
-1.130000e-02,-6.869000e+01
-1.130000e-02,-6.869000e+01
-1.120000e-02,-6.869000e+01
-1.120000e-02,-6.868000e+01
-1.110000e-02,-6.869000e+01
-1.100000e-02,-6.869000e+01
-1.100000e-02,-6.869000e+01
-1.090000e-02,-6.867000e+01
-1.090000e-02,-6.869000e+01
-1.080000e-02,-6.868000e+01
-1.080000e-02,-6.869000e+01
-1.070000e-02,-6.869000e+01
-1.060000e-02,-6.868000e+01
-1.060000e-02,-6.867000e+01
-1.050000e-02,-6.869000e+01
-1.050000e-02,-6.868000e+01
-1.040000e-02,-6.868000e+01
-1.030000e-02,-6.868000e+01
-1.030000e-02,-6.867000e+01
-1.020000e-02,-6.869000e+01
-1.020000e-02,-6.868000e+01
-1.010000e-02,-6.869000e+01
-1.010000e-02,-6.869000e+01
-1.000000e-02,-6.869000e+01
-9.900000e-03,-6.869000e+01
-9.900000e-03,-6.868000e+01
-9.900000e-03,-6.869000e+01
-9.800000e-03,-6.869000e+01
-9.700000e-03,-6.870000e+01
-9.700000e-03,-6.868000e+01
-9.600000e-03,-6.869000e+01
-9.500000e-03,-6.869000e+01
-9.500000e-03,-6.870000e+01
-9.400000e-03,-6.869000e+01
-9.400000e-03,-6.868000e+01
-9.300000e-03,-6.869000e+01
-9.300000e-03,-6.869000e+01
-9.200000e-03,-6.869000e+01
-9.100000e-03,-6.868000e+01
-9.100000e-03,-6.869000e+01
-9.000000e-03,-6.869000e+01
-9.000000e-03,-6.868000e+01
-8.900000e-03,-6.870000e+01
-8.900000e-03,-6.869000e+01
-8.800000e-03,-6.871000e+01
-8.800000e-03,-6.869000e+01
-8.700000e-03,-6.869000e+01
-8.600000e-03,-6.870000e+01
-8.600000e-03,-6.869000e+01
-8.500000e-03,-6.870000e+01
-8.500000e-03,-6.870000e+01
-8.400000e-03,-6.868000e+01
-8.300000e-03,-6.869000e+01
-8.300000e-03,-6.869000e+01
-8.200000e-03,-6.869000e+01
-8.200000e-03,-6.870000e+01
-8.100000e-03,-6.870000e+01
-8.000000e-03,-6.869000e+01
-8.000000e-03,-6.869000e+01
-7.900000e-03,-6.870000e+01
-7.900000e-03,-6.870000e+01
-7.800000e-03,-6.869000e+01
-7.700000e-03,-6.869000e+01
-7.700000e-03,-6.869000e+01
-7.700000e-03,-6.869000e+01
-7.600000e-03,-6.870000e+01
-7.500000e-03,-6.869000e+01
-7.400000e-03,-6.870000e+01
-7.400000e-03,-6.871000e+01
-7.400000e-03,-6.870000e+01
-7.300000e-03,-6.871000e+01
-7.200000e-03,-6.870000e+01
-7.200000e-03,-6.871000e+01
-7.100000e-03,-6.870000e+01
-7.100000e-03,-6.870000e+01
-7.000000e-03,-6.869000e+01
-7.000000e-03,-6.869000e+01
-6.900000e-03,-6.869000e+01
-6.900000e-03,-6.870000e+01
-6.800000e-03,-6.870000e+01
-6.700000e-03,-6.870000e+01
-6.700000e-03,-6.871000e+01
-6.600000e-03,-6.872000e+01
-6.600000e-03,-6.871000e+01
-6.500000e-03,-6.871000e+01
-6.400000e-03,-6.870000e+01
-6.400000e-03,-6.871000e+01
-6.300000e-03,-6.870000e+01
-6.300000e-03,-6.871000e+01
-6.200000e-03,-6.871000e+01
-6.100000e-03,-6.871000e+01
-6.100000e-03,-6.871000e+01
-6.000000e-03,-6.872000e+01
-6.000000e-03,-6.871000e+01
-5.900000e-03,-6.870000e+01
-5.800000e-03,-6.871000e+01
-5.800000e-03,-6.872000e+01
-5.700000e-03,-6.873000e+01
-5.700000e-03,-6.871000e+01
-5.600000e-03,-6.872000e+01
-5.600000e-03,-6.872000e+01
-5.500000e-03,-6.872000e+01
-5.400000e-03,-6.873000e+01
-5.400000e-03,-6.873000e+01
-5.300000e-03,-6.873000e+01
-5.300000e-03,-6.875000e+01
-5.200000e-03,-6.873000e+01
-5.100000e-03,-6.875000e+01
-5.100000e-03,-6.876000e+01
-5.000000e-03,-6.873000e+01
-5.000000e-03,-6.876000e+01
-4.900000e-03,-6.877000e+01
-4.900000e-03,-6.876000e+01
-4.800000e-03,-6.878000e+01
-4.800000e-03,-6.875000e+01
-4.700000e-03,-6.877000e+01
-4.600000e-03,-6.876000e+01
-4.500000e-03,-6.878000e+01
-4.500000e-03,-6.877000e+01
-4.400000e-03,-6.877000e+01
-4.400000e-03,-6.879000e+01
-4.300000e-03,-6.879000e+01
-4.300000e-03,-6.880000e+01
-4.200000e-03,-6.880000e+01
-4.100000e-03,-6.881000e+01
-4.100000e-03,-6.880000e+01
-4.000000e-03,-6.882000e+01
-4.000000e-03,-6.878000e+01
-3.900000e-03,-6.880000e+01
-3.800000e-03,-6.880000e+01
-3.800000e-03,-6.880000e+01
-3.700000e-03,-6.882000e+01
-3.700000e-03,-6.883000e+01
-3.600000e-03,-6.880000e+01
-3.500000e-03,-6.881000e+01
-3.500000e-03,-6.882000e+01
-3.400000e-03,-6.884000e+01
-3.300000e-03,-6.882000e+01
-3.300000e-03,-6.882000e+01
-3.200000e-03,-6.882000e+01
-3.200000e-03,-6.884000e+01
-3.100000e-03,-6.884000e+01
-3.100000e-03,-6.883000e+01
-3.000000e-03,-6.883000e+01
-3.000000e-03,-6.884000e+01
-2.900000e-03,-6.885000e+01
-2.800000e-03,-6.884000e+01
-2.800000e-03,-6.885000e+01
-2.700000e-03,-6.884000e+01
-2.600000e-03,-6.886000e+01
-2.600000e-03,-6.884000e+01
-2.500000e-03,-6.886000e+01
-2.500000e-03,-6.885000e+01
-2.400000e-03,-6.886000e+01
-2.400000e-03,-6.886000e+01
-2.300000e-03,-6.886000e+01
-2.200000e-03,-6.886000e+01
-2.200000e-03,-6.885000e+01
-2.100000e-03,-6.886000e+01
-2.000000e-03,-6.885000e+01
-2.000000e-03,-6.886000e+01
-1.900000e-03,-6.887000e+01
-1.900000e-03,-6.887000e+01
-1.800000e-03,-6.888000e+01
-1.800000e-03,-6.888000e+01
-1.700000e-03,-6.887000e+01
-1.600000e-03,-6.887000e+01
-1.600000e-03,-6.889000e+01
-1.500000e-03,-6.887000e+01
-1.400000e-03,-6.887000e+01
-1.400000e-03,-6.888000e+01
-1.300000e-03,-6.889000e+01
-1.300000e-03,-6.887000e+01
-1.300000e-03,-6.888000e+01
-1.100000e-03,-6.890000e+01
-1.100000e-03,-6.892000e+01
-1.100000e-03,-6.891000e+01
-1.100000e-03,-6.891000e+01
-1.100000e-03,-6.892000e+01
-1.100000e-03,-6.890000e+01
-1.100000e-03,-6.891000e+01
-1.100000e-03,-6.893000e+01
-1.100000e-03,-6.894000e+01
-1.100000e-03,-6.896000e+01
-1.100000e-03,-6.896000e+01
-1.100000e-03,-6.895000e+01
-1.100000e-03,-6.895000e+01
-1.100000e-03,-6.894000e+01
-1.100000e-03,-6.895000e+01
-1.000000e-03,-6.894000e+01
-1.100000e-03,-6.894000e+01
-1.000000e-03,-6.896000e+01
-1.100000e-03,-6.895000e+01
-1.000000e-03,-6.897000e+01
-1.000000e-03,-6.895000e+01
-1.100000e-03,-6.896000e+01
-1.000000e-03,-6.896000e+01
-1.100000e-03,-6.896000e+01
-1.000000e-03,-6.896000e+01
-1.100000e-03,-6.896000e+01
-1.100000e-03,-6.897000e+01
-1.100000e-03,-6.896000e+01
-1.100000e-03,-6.896000e+01
-1.100000e-03,-6.895000e+01
-1.000000e-03,-6.898000e+01
-1.000000e-03,-6.897000e+01
-1.100000e-03,-6.897000e+01
-1.000000e-03,-6.897000e+01
-1.000000e-03,-6.898000e+01
-1.000000e-03,-6.897000e+01
-1.000000e-03,-6.896000e+01
-1.000000e-03,-6.898000e+01
-1.100000e-03,-6.898000e+01
-1.100000e-03,-6.898000e+01
-1.100000e-03,-6.897000e+01
-1.100000e-03,-6.899000e+01
-1.100000e-03,-6.898000e+01
-1.000000e-03,-6.898000e+01
-1.000000e-03,-6.897000e+01
-1.100000e-03,-6.897000e+01
-1.100000e-03,-6.897000e+01
-1.000000e-03,-6.897000e+01
-1.000000e-03,-6.899000e+01
-1.100000e-03,-6.898000e+01
-1.000000e-03,-6.896000e+01
-1.000000e-03,-6.897000e+01
-1.100000e-03,-6.897000e+01
-1.000000e-03,-6.897000e+01
-1.000000e-03,-6.897000e+01
-1.100000e-03,-6.898000e+01
-1.000000e-03,-6.896000e+01
-1.100000e-03,-6.897000e+01
-1.000000e-03,-6.897000e+01
-1.000000e-03,-6.896000e+01
-1.000000e-03,-6.897000e+01
-1.000000e-03,-6.897000e+01
-1.000000e-03,-6.896000e+01
-1.000000e-03,-6.893000e+01
-1.000000e-03,-6.891000e+01
-1.000000e-03,-6.893000e+01
-1.000000e-03,-6.889000e+01
-1.000000e-03,-6.888000e+01
-1.000000e-03,-6.888000e+01
-1.000000e-03,-6.886000e+01
-1.000000e-03,-6.885000e+01
-1.000000e-03,-6.884000e+01
-1.000000e-03,-6.882000e+01
-1.000000e-03,-6.881000e+01
-1.000000e-03,-6.880000e+01
-1.000000e-03,-6.881000e+01
-1.000000e-03,-6.879000e+01
-1.000000e-03,-6.878000e+01
-1.000000e-03,-6.878000e+01
-1.000000e-03,-6.878000e+01
-1.000000e-03,-6.876000e+01
-1.000000e-03,-6.875000e+01
-1.000000e-03,-6.873000e+01
-1.000000e-03,-6.871000e+01
-1.000000e-03,-6.870000e+01
-1.000000e-03,-6.866000e+01
-1.000000e-03,-6.868000e+01
-1.000000e-03,-6.866000e+01
-1.000000e-03,-6.866000e+01
-1.000000e-03,-6.862000e+01
-1.000000e-03,-6.863000e+01
-1.000000e-03,-6.861000e+01
-1.000000e-03,-6.859000e+01
-1.000000e-03,-6.861000e+01
-1.000000e-03,-6.858000e+01
-1.000000e-03,-6.856000e+01
-1.000000e-03,-6.855000e+01
-1.000000e-03,-6.856000e+01
-1.000000e-03,-6.853000e+01
-1.000000e-03,-6.853000e+01
-1.000000e-03,-6.851000e+01
-1.000000e-03,-6.849000e+01
-1.000000e-03,-6.850000e+01
-9.000000e-04,-6.848000e+01
-1.000000e-03,-6.845000e+01
-1.000000e-03,-6.847000e+01
-1.000000e-03,-6.846000e+01
-1.000000e-03,-6.843000e+01
-9.000000e-04,-6.844000e+01
-1.000000e-03,-6.843000e+01
-1.000000e-03,-6.841000e+01
-1.000000e-03,-6.841000e+01
-1.000000e-03,-6.840000e+01
-9.000000e-04,-6.840000e+01
-1.000000e-03,-6.836000e+01
-1.000000e-03,-6.836000e+01
-1.000000e-03,-6.835000e+01
-1.000000e-03,-6.833000e+01
-1.000000e-03,-6.830000e+01
-9.000000e-04,-6.830000e+01
-1.000000e-03,-6.828000e+01
-9.000000e-04,-6.825000e+01
-9.000000e-04,-6.824000e+01
-9.000000e-04,-6.824000e+01
-9.000000e-04,-6.822000e+01
-1.000000e-03,-6.822000e+01
-9.000000e-04,-6.820000e+01
-9.000000e-04,-6.819000e+01
-9.000000e-04,-6.818000e+01
-9.000000e-04,-6.817000e+01
-9.000000e-04,-6.813000e+01
-9.000000e-04,-6.813000e+01
-9.000000e-04,-6.810000e+01
-9.000000e-04,-6.809000e+01
-9.000000e-04,-6.809000e+01
-9.000000e-04,-6.807000e+01
-9.000000e-04,-6.806000e+01
-9.000000e-04,-6.808000e+01
-9.000000e-04,-6.804000e+01
-9.000000e-04,-6.804000e+01
-9.000000e-04,-6.801000e+01
-9.000000e-04,-6.801000e+01
-9.000000e-04,-68
-9.000000e-04,-6.797000e+01
-9.000000e-04,-6.796000e+01
-9.000000e-04,-6.792000e+01
-9.000000e-04,-6.790000e+01
-9.000000e-04,-6.789000e+01
-9.000000e-04,-6.790000e+01
-9.000000e-04,-6.788000e+01
-9.000000e-04,-6.788000e+01
-9.000000e-04,-6.786000e+01
-9.000000e-04,-6.786000e+01
-9.000000e-04,-6.787000e+01
-9.000000e-04,-6.785000e+01
-9.000000e-04,-6.785000e+01
-9.000000e-04,-6.786000e+01
-9.000000e-04,-6.783000e+01
-9.000000e-04,-6.782000e+01
-9.000000e-04,-6.779000e+01
-9.000000e-04,-6.779000e+01
-9.000000e-04,-6.776000e+01
-9.000000e-04,-6.773000e+01
-9.000000e-04,-6.767000e+01
-9.000000e-04,-6.764000e+01
-9.000000e-04,-6.763000e+01
-9.000000e-04,-6.761000e+01
-9.000000e-04,-6.761000e+01
-9.000000e-04,-6.760000e+01
-9.000000e-04,-6.759000e+01
-9.000000e-04,-6.758000e+01
-9.000000e-04,-6.757000e+01
-9.000000e-04,-6.753000e+01
-9.000000e-04,-6.752000e+01
-9.000000e-04,-6.751000e+01
-9.000000e-04,-6.748000e+01
-9.000000e-04,-6.748000e+01
-9.000000e-04,-6.746000e+01
-9.000000e-04,-6.743000e+01
-9.000000e-04,-6.742000e+01
-9.000000e-04,-6.743000e+01
-9.000000e-04,-6.741000e+01
-9.000000e-04,-6.740000e+01
-9.000000e-04,-6.738000e+01
-9.000000e-04,-6.737000e+01
-9.000000e-04,-6.735000e+01
-9.000000e-04,-6.734000e+01
-9.000000e-04,-6.732000e+01
-9.000000e-04,-6.733000e+01
-9.000000e-04,-6.731000e+01
-9.000000e-04,-6.728000e+01
-9.000000e-04,-6.727000e+01
-9.000000e-04,-6.726000e+01
-9.000000e-04,-6.725000e+01
-9.000000e-04,-6.722000e+01
-9.000000e-04,-6.719000e+01
-9.000000e-04,-6.720000e+01
-9.000000e-04,-6.719000e+01
-9.000000e-04,-6.718000e+01
-9.000000e-04,-6.717000e+01
-9.000000e-04,-6.714000e+01
-9.000000e-04,-6.713000e+01
-9.000000e-04,-6.711000e+01
-9.000000e-04,-6.710000e+01
-9.000000e-04,-6.708000e+01
-9.000000e-04,-6.708000e+01
-9.000000e-04,-6.706000e+01
-9.000000e-04,-6.702000e+01
-9.000000e-04,-6.701000e+01
-9.000000e-04,-6.698000e+01
-9.000000e-04,-6.695000e+01
-9.000000e-04,-6.696000e+01
-9.000000e-04,-6.694000e+01
-9.000000e-04,-6.695000e+01
-9.000000e-04,-6.691000e+01
-9.000000e-04,-6.691000e+01
-9.000000e-04,-6.690000e+01
-9.000000e-04,-6.688000e+01
-9.000000e-04,-6.687000e+01
-9.000000e-04,-6.686000e+01
-9.000000e-04,-6.684000e+01
-9.000000e-04,-6.682000e+01
-9.000000e-04,-6.681000e+01
-9.000000e-04,-6.679000e+01
-9.000000e-04,-6.678000e+01
-9.000000e-04,-6.678000e+01
-9.000000e-04,-6.674000e+01
-9.000000e-04,-6.673000e+01
-9.000000e-04,-6.671000e+01
-9.000000e-04,-6.671000e+01
-9.000000e-04,-6.669000e+01
-9.000000e-04,-6.670000e+01
-9.000000e-04,-6.667000e+01
-9.000000e-04,-6.664000e+01
-9.000000e-04,-6.661000e+01
-9.000000e-04,-6.660000e+01
-8.000000e-04,-6.659000e+01
-9.000000e-04,-6.657000e+01
-9.000000e-04,-6.656000e+01
-9.000000e-04,-6.652000e+01
-9.000000e-04,-6.652000e+01
-9.000000e-04,-6.650000e+01
-9.000000e-04,-6.651000e+01
-9.000000e-04,-6.651000e+01
-9.000000e-04,-6.649000e+01
-9.000000e-04,-6.645000e+01
-8.000000e-04,-6.647000e+01
-9.000000e-04,-6.644000e+01
-9.000000e-04,-6.642000e+01
-9.000000e-04,-6.638000e+01
-9.000000e-04,-6.637000e+01
-8.000000e-04,-6.633000e+01
-8.000000e-04,-6.632000e+01
-8.000000e-04,-6.631000e+01
-9.000000e-04,-6.629000e+01
-8.000000e-04,-6.628000e+01
-8.000000e-04,-6.629000e+01
-8.000000e-04,-6.628000e+01
-9.000000e-04,-6.627000e+01
-9.000000e-04,-6.629000e+01
-8.000000e-04,-6.628000e+01
-9.000000e-04,-6.627000e+01
-9.000000e-04,-6.627000e+01
-8.000000e-04,-6.627000e+01
-8.000000e-04,-6.628000e+01
-8.000000e-04,-6.628000e+01
-8.000000e-04,-6.628000e+01
-8.000000e-04,-6.627000e+01
-9.000000e-04,-6.627000e+01
-8.000000e-04,-6.627000e+01
-8.000000e-04,-6.628000e+01
-8.000000e-04,-6.626000e+01
-9.000000e-04,-6.628000e+01
-8.000000e-04,-6.627000e+01
-8.000000e-04,-6.628000e+01
-8.000000e-04,-6.627000e+01
-9.000000e-04,-6.626000e+01
-9.000000e-04,-6.625000e+01
