Chord Rotation [rads],Moment [kN-mm]
-3.190786e-05,1.249291e+04
1.167100e-05,2.290396e+04
3.351863e-04,8.120601e+04
4.264567e-04,1.540993e+05
7.369178e-04,2.603277e+05
9.298954e-04,3.686687e+05
1.138488e-03,4.634814e+05
1.235530e-03,5.541376e+05
1.470713e-03,6.437853e+05
1.599052e-03,7.334395e+05
1.762799e-03,8.262354e+05
1.901548e-03,9.117420e+05
2.010526e-03,9.983164e+05
2.238022e-03,1.080733e+06
2.271807e-03,1.090117e+06
2.107173e-03,9.952493e+05
1.880359e-03,9.118118e+05
1.694151e-03,8.231763e+05
1.592167e-03,7.355860e+05
1.464122e-03,6.438542e+05
1.307925e-03,5.573270e+05
1.200004e-03,4.666502e+05
9.290434e-04,3.739081e+05
8.096696e-04,2.801405e+05
5.103793e-04,1.655677e+05
2.513901e-04,7.704864e+04
5.416855e-05,5.205491e+03
-2.881893e-05,-1.145183e+04
-9.413082e-05,-6.662564e+04
-3.975287e-04,-1.197075e+05
-6.496379e-04,-1.675795e+05
-8.331106e-04,-2.258492e+05
-9.441902e-04,-2.820302e+05
-1.085100e-03,-3.434074e+05
-1.389552e-03,-4.079012e+05
-1.520344e-03,-4.702977e+05
-1.747668e-03,-5.451641e+05
-1.829909e-03,-6.137808e+05
-2.067959e-03,-6.802999e+05
-2.170234e-03,-7.468304e+05
-2.181822e-03,-7.707058e+05
-2.036764e-03,-6.906651e+05
-1.840192e-03,-6.230992e+05
-1.720387e-03,-5.523978e+05
-1.582338e-03,-4.817003e+05
-1.374602e-03,-4.161926e+05
-1.323103e-03,-3.485844e+05
-1.016560e-03,-2.809672e+05
-8.361480e-04,-2.185445e+05
-6.990473e-04,-1.613180e+05
-4.463563e-04,-1.196991e+05
-2.317954e-04,-6.349757e+04
6.314704e-05,0
9.171193e-05,2.082115e+04
3.180221e-04,7.287783e+04
4.702009e-04,1.520162e+05
7.754606e-04,2.540809e+05
9.381387e-04,3.624200e+05
1.213334e-03,4.582817e+05
1.361299e-03,5.520686e+05
1.488264e-03,6.406821e+05
1.689813e-03,7.324102e+05
1.772577e-03,8.200014e+05
1.986346e-03,9.107155e+05
2.113926e-03,9.972743e+05
2.231332e-03,1.086986e+06
2.251287e-03,1.083882e+06
2.241905e-03,1.063038e+06
2.149664e-03,9.962957e+05
1.880156e-03,9.086779e+05
1.753111e-03,8.231693e+05
1.611817e-03,7.314184e+05
1.526562e-03,6.386341e+05
1.304981e-03,5.479443e+05
1.212427e-03,4.624797e+05
9.216858e-04,3.676542e+05
8.084349e-04,2.707677e+05
5.134744e-04,1.697314e+05
2.112328e-04,6.871846e+04
-4.159039e-05,-3.123295e+03
-2.823357e-05,7.287592e+03
-2.532104e-04,-6.558347e+04
-4.102567e-04,-1.238690e+05
-7.056368e-04,-1.665342e+05
-8.423034e-04,-2.237607e+05
-1.102075e-03,-2.830559e+05
-1.235688e-03,-3.485998e+05
-1.414483e-03,-4.130803e+05
-1.636218e-03,-4.827621e+05
-1.769297e-03,-5.503538e+05
-1.920293e-03,-6.189768e+05
-2.063807e-03,-6.865351e+05
-2.197088e-03,-7.520177e+05
-2.234357e-03,-7.738157e+05
-2.067061e-03,-6.927424e+05
-1.883271e-03,-6.251658e+05
-1.748968e-03,-5.607202e+05
-1.652036e-03,-4.889657e+05
-1.400232e-03,-4.213820e+05
-1.299824e-03,-3.589820e+05
-1.034324e-03,-2.882452e+05
-8.863708e-04,-2.237479e+05
-6.757419e-04,-1.602772e+05
-4.804832e-04,-1.196975e+05
-2.812843e-04,-6.766105e+04
7.945219e-05,-4.164102e+03
3.566832e-05,1.145168e+04
3.340922e-04,7.287687e+04
5.223239e-04,1.499325e+05
7.513913e-04,2.530473e+05
9.843040e-04,3.603325e+05
1.204337e-03,4.530798e+05
1.402562e-03,5.458211e+05
1.510254e-03,6.354569e+05
1.689511e-03,7.240724e+05
1.744958e-03,8.147744e+05
1.972509e-03,9.065398e+05
2.090539e-03,9.899924e+05
2.191413e-03,1.073438e+06
2.314165e-03,1.089093e+06
2.116229e-03,9.858575e+05
1.932680e-03,8.972076e+05
1.772887e-03,8.106551e+05
1.663403e-03,7.220258e+05
1.515917e-03,6.313279e+05
1.343550e-03,5.416871e+05
1.176151e-03,4.562143e+05
8.922735e-04,3.624372e+05
8.340836e-04,2.624319e+05
4.670268e-04,1.561919e+05
1.775809e-04,6.871697e+04
-9.162325e-05,-7.287624e+03
-1.835156e-05,5.205378e+03
-2.245846e-04,-7.182826e+04
-4.086088e-04,-1.228303e+05
-6.913558e-04,-1.665284e+05
-8.462353e-04,-2.247985e+05
-1.071734e-03,-2.809808e+05
-1.217390e-03,-3.485967e+05
-1.439243e-03,-4.162000e+05
-1.627171e-03,-4.827535e+05
-1.764848e-03,-5.482707e+05
-1.884775e-03,-6.220728e+05
-2.088461e-03,-6.834084e+05
-2.187167e-03,-7.468071e+05
-2.406038e-03,-7.914899e+05
-2.090613e-03,-6.916930e+05
-1.881512e-03,-6.230881e+05
-1.700565e-03,-5.555187e+05
-1.614181e-03,-4.837704e+05
-1.433227e-03,-4.203434e+05
-1.254102e-03,-3.537778e+05
-1.014977e-03,-2.861640e+05
-8.661162e-04,-2.237450e+05
-6.900955e-04,-1.592379e+05
-4.440040e-04,-1.196981e+05
-2.512741e-04,-6.245635e+04
6.637562e-05,1.041030e+03
1.217803e-04,1.457468e+04
3.021375e-04,7.391926e+04
5.152972e-04,1.561844e+05
7.401458e-04,2.613724e+05
9.830030e-04,3.676336e+05
1.230468e-03,4.634914e+05
1.367128e-03,5.458281e+05
1.530020e-03,6.458853e+05
1.716746e-03,7.376194e+05
1.840623e-03,8.283157e+05
1.987660e-03,9.159334e+05
2.120126e-03,1.010843e+06
2.261765e-03,1.089070e+06
2.200368e-03,1.065100e+06
2.164280e-03,1.002549e+06
1.930168e-03,9.180604e+05
1.763411e-03,8.315087e+05
1.614741e-03,7.407955e+05
1.520909e-03,6.521777e+05
1.347013e-03,5.614915e+05
1.214424e-03,4.718522e+05
9.132118e-04,3.770327e+05
8.282972e-04,2.822233e+05
4.864809e-04,1.686923e+05
2.635651e-04,7.704663e+04
3.359532e-05,4.164302e+03
-1.951704e-05,-2.082124e+03
-2.355410e-04,-6.246044e+04
-4.489821e-04,-1.217872e+05
-6.440771e-04,-1.623687e+05
-8.725887e-04,-2.185541e+05
-1.082340e-03,-2.768157e+05
-1.160410e-03,-3.423502e+05
-1.436229e-03,-4.078760e+05
-1.596098e-03,-4.754790e+05
-1.770208e-03,-5.451399e+05
-1.916844e-03,-6.127214e+05
-2.020216e-03,-6.761330e+05
-2.190512e-03,-7.447268e+05
-2.471915e-03,-7.894098e+05
-2.057259e-03,-6.833779e+05
-1.874191e-03,-6.168496e+05
-1.717735e-03,-5.471963e+05
-1.613314e-03,-4.816896e+05
-1.439556e-03,-4.130620e+05
-1.253726e-03,-3.475408e+05
-1.027549e-03,-2.840828e+05
-9.167270e-04,-2.185445e+05
-6.362208e-04,-1.571550e+05
-4.627222e-04,-1.144943e+05
-1.182705e-04,-6.141541e+04
8.298929e-05,4.164120e+03
9.183399e-05,2.082106e+04
2.790797e-04,7.496070e+04
5.074347e-04,1.572229e+05
7.239625e-04,2.655388e+05
9.784570e-04,3.707579e+05
1.231595e-03,4.645289e+05
1.334033e-03,5.520804e+05
1.546479e-03,6.469271e+05
1.677183e-03,7.376257e+05
1.820602e-03,8.272879e+05
1.996553e-03,9.180213e+05
2.120445e-03,1.005632e+06
2.252600e-03,1.090131e+06
1.902905e-03,9.211944e+05
1.793481e-03,8.304773e+05
1.652358e-03,7.407955e+05
1.505303e-03,6.563450e+05
1.370509e-03,5.677443e+05
1.223839e-03,4.801976e+05
1.044993e-03,3.864081e+05
8.801833e-04,2.968095e+05
5.944631e-04,1.874351e+05
3.445078e-04,8.954262e+04
6.652185e-05,1.769867e+04
-3.539564e-05,9.369639e+03
-1.743543e-04,-5.309138e+04
-4.112340e-04,-1.145028e+05
-6.600482e-04,-1.571653e+05
-8.389576e-04,-2.081504e+05
-1.055190e-03,-2.653720e+05
-1.102620e-03,-3.340314e+05
-1.395239e-03,-3.954005e+05
-1.557609e-03,-4.630020e+05
-1.751705e-03,-5.305869e+05
-1.859721e-03,-6.002488e+05
-2.005902e-03,-6.667742e+05
-2.169395e-03,-7.343354e+05
-2.381926e-03,-7.842164e+05
-2.025214e-03,-6.761029e+05
-1.857340e-03,-6.074984e+05
-1.694125e-03,-5.388763e+05
-1.621159e-03,-4.712902e+05
-1.403650e-03,-4.068193e+05
-1.209050e-03,-3.360919e+05
-1.038223e-03,-2.716029e+05
-8.593794e-04,-2.112606e+05
-6.758801e-04,-1.467480e+05
-3.372295e-04,-1.092919e+05
-1.966925e-04,-5.100713e+04
1.123291e-04,1.561545e+04
1.208982e-04,1.665692e+04
3.251905e-04,8.849527e+04
5.152902e-04,1.718036e+05
7.567903e-04,2.811649e+05
9.521812e-04,3.811774e+05
1.228521e-03,4.749567e+05
1.393418e-03,5.666661e+05
1.578265e-03,6.573671e+05
1.696799e-03,7.491116e+05
1.879467e-03,8.398017e+05
1.999020e-03,9.263811e+05
2.148508e-03,1.016053e+06
2.222074e-03,1.083868e+06
1.974550e-03,9.305810e+05
1.747270e-03,8.440162e+05
1.664980e-03,7.501759e+05
1.514304e-03,6.636462e+05
1.402243e-03,5.729579e+05
1.189651e-03,4.854037e+05
1.063613e-03,3.905725e+05
8.495071e-04,2.988898e+05
5.827835e-04,1.874392e+05
2.914240e-04,9.162541e+04
6.549877e-05,1.873977e+04
-5.574416e-05,-1.041076e+03
-4.963167e-05,5.205332e+03
-2.040621e-04,-5.621440e+04
-4.245442e-04,-1.155437e+05
-6.669660e-04,-1.571653e+05
-9.870414e-04,-2.123134e+05
-1.062115e-03,-2.695323e+05
-1.184131e-03,-3.381894e+05
-1.408334e-03,-4.026788e+05
-1.582265e-03,-4.702769e+05
-1.799800e-03,-5.378599e+05
-1.870436e-03,-6.033643e+05
-2.056916e-03,-6.719722e+05
-2.220916e-03,-7.364157e+05
-2.447429e-03,-7.925370e+05
-2.220888e-03,-7.582112e+05
-1.998961e-03,-6.802484e+05
-1.845216e-03,-6.137289e+05
-1.763782e-03,-5.430399e+05
-1.613271e-03,-4.796089e+05
-1.432621e-03,-4.099316e+05
-1.254567e-03,-3.433741e+05
-1.030899e-03,-2.757629e+05
-8.438034e-04,-2.091783e+05
-6.568874e-04,-1.467480e+05
-4.210016e-04,-1.124141e+05
-2.094873e-04,-5.204810e+04
6.621981e-05,1.249236e+04
5.588745e-05,2.082097e+04
8.480426e-05,1.665685e+04
3.124459e-04,8.329003e+04
4.981966e-04,1.655562e+05
7.588377e-04,2.759569e+05
9.899908e-04,3.738855e+05
1.228423e-03,4.739151e+05
1.391360e-03,5.645901e+05
1.515943e-03,6.531916e+05
1.678844e-03,7.459732e+05
1.859142e-03,8.387705e+05
1.957553e-03,9.315835e+05
2.144912e-03,1.026492e+06
2.301572e-03,1.115172e+06
2.444223e-03,1.203842e+06
2.591314e-03,1.289407e+06
2.799189e-03,1.376074e+06
2.904824e-03,1.421020e+06
2.664874e-03,1.289554e+06
2.415685e-03,1.198752e+06
2.298456e-03,1.109022e+06
2.130319e-03,1.024516e+06
2.012070e-03,9.369050e+05
1.870037e-03,8.451121e+05
1.731508e-03,7.450108e+05
1.641874e-03,6.542921e+05
1.444728e-03,5.625574e+05
1.273124e-03,4.708410e+05
1.114459e-03,3.812201e+05
8.552273e-04,2.853611e+05
6.013904e-04,1.780672e+05
2.928056e-04,8.225641e+04
7.874332e-05,1.041130e+04
-4.186001e-05,-1.978052e+04
-4.214061e-05,-7.287687e+03
-1.712813e-04,-6.142078e+04
-4.286304e-04,-1.197080e+05
-6.983427e-04,-1.613315e+05
-8.286573e-04,-2.123172e+05
-1.067385e-03,-2.747429e+05
-1.187084e-03,-3.423638e+05
-1.426891e-03,-4.047741e+05
-1.577151e-03,-4.723682e+05
-1.754470e-03,-5.399621e+05
-1.866200e-03,-6.085765e+05
-2.074712e-03,-6.803181e+05
-2.209263e-03,-7.457935e+05
-2.418833e-03,-8.112547e+05
-2.482613e-03,-8.819165e+05
-2.678961e-03,-9.515238e+05
-2.775839e-03,-1.016956e+06
-3.045473e-03,-1.086518e+06
-3.058467e-03,-1.089642e+06
-3.053695e-03,-1.088602e+06
-2.698832e-03,-1.024162e+06
-2.684055e-03,-9.618453e+05
-2.505527e-03,-8.974159e+05
-2.396710e-03,-8.298758e+05
-2.358001e-03,-7.592309e+05
-2.104345e-03,-6.916837e+05
-1.953352e-03,-6.199647e+05
-1.782639e-03,-5.544710e+05
-1.660912e-03,-4.879210e+05
-1.524105e-03,-4.182588e+05
-1.304228e-03,-3.537731e+05
-1.073189e-03,-2.809648e+05
-9.245105e-04,-2.154224e+05
-7.292667e-04,-1.561142e+05
-4.375023e-04,-1.165765e+05
-2.410106e-04,-5.725215e+04
6.617887e-05,5.205151e+03
1.179906e-04,1.665685e+04
3.096635e-04,8.328967e+04
4.947737e-04,1.624318e+05
7.500081e-04,2.749179e+05
9.874154e-04,3.749318e+05
1.278132e-03,4.707944e+05
1.380764e-03,5.604233e+05
1.536411e-03,6.479827e+05
1.705432e-03,7.397283e+05
1.832929e-03,8.325259e+05
1.977359e-03,9.201249e+05
2.203252e-03,1.012944e+06
2.289700e-03,1.098501e+06
2.486629e-03,1.188232e+06
2.617979e-03,1.277973e+06
2.770844e-03,1.364607e+06
2.961384e-03,1.438744e+06
2.912495e-03,1.425190e+06
2.609920e-03,1.278070e+06
2.450146e-03,1.190412e+06
2.299787e-03,1.095453e+06
2.111169e-03,1.004697e+06
2.010837e-03,9.170767e+05
1.843392e-03,8.263480e+05
1.707380e-03,7.293656e+05
1.578373e-03,6.355331e+05
1.419466e-03,5.427590e+05
1.238169e-03,4.562476e+05
1.100266e-03,3.676653e+05
8.603426e-04,2.770222e+05
5.303070e-04,1.666097e+05
2.553009e-04,7.496559e+04
-8.313752e-06,1.041098e+03
-4.298755e-05,-1.145198e+04
-6.620401e-05,1.041071e+03
-2.109066e-04,-6.766548e+04
-4.242396e-04,-1.238718e+05
-7.570172e-04,-1.634110e+05
-9.099317e-04,-2.216783e+05
-1.108557e-03,-2.830609e+05
-1.248899e-03,-3.485983e+05
-1.471861e-03,-4.120471e+05
-1.640288e-03,-4.796408e+05
-1.806172e-03,-5.472303e+05
-1.942921e-03,-6.137699e+05
-2.088164e-03,-6.844455e+05
-2.206963e-03,-7.530511e+05
-2.461258e-03,-8.216408e+05
-2.542015e-03,-8.912565e+05
-2.738948e-03,-9.577375e+05
-2.862492e-03,-1.026292e+06
-3.075046e-03,-1.078210e+06
-3.053175e-03,-1.076106e+06
-2.683755e-03,-9.670227e+05
-2.534395e-03,-9.005355e+05
-2.356546e-03,-8.319669e+05
-2.336291e-03,-7.696210e+05
-2.089076e-03,-6.968719e+05
-1.976217e-03,-6.313902e+05
-1.793381e-03,-5.596724e+05
-1.629755e-03,-4.868893e+05
-1.520738e-03,-4.213783e+05
-1.306113e-03,-3.527310e+05
-1.067149e-03,-2.861640e+05
-9.565964e-04,-2.185426e+05
-7.053033e-04,-1.550748e+05
-4.104994e-04,-1.113732e+05
-2.080003e-04,-5.204787e+04
1.140878e-04,1.561572e+04
1.205742e-04,1.978000e+04
9.465750e-05,1.249263e+04
3.730595e-04,8.849681e+04
5.592308e-04,1.759716e+05
9.258830e-04,2.895007e+05
1.019152e-03,3.853533e+05
1.271882e-03,4.812226e+05
1.498545e-03,5.781468e+05
1.613461e-03,6.646739e+05
1.834639e-03,7.574531e+05
1.923853e-03,8.481734e+05
2.028695e-03,9.378596e+05
2.233118e-03,1.026518e+06
2.348539e-03,1.119374e+06
2.552307e-03,1.208072e+06
2.672196e-03,1.293647e+06
2.882351e-03,1.383430e+06
2.924389e-03,1.405388e+06
2.692386e-03,1.315638e+06
2.627727e-03,1.295803e+06
2.491572e-03,1.209191e+06
2.349169e-03,1.123633e+06
2.201255e-03,1.030778e+06
2.086559e-03,9.431620e+05
1.878302e-03,8.513826e+05
1.727218e-03,7.637826e+05
1.606313e-03,6.699459e+05
1.462571e-03,5.823610e+05
1.328966e-03,4.895934e+05
1.132491e-03,4.041333e+05
8.164613e-04,3.114031e+05
6.077785e-04,2.093143e+05
3.452182e-04,1.051642e+05
9.957204e-05,2.915202e+04
-5.521975e-05,-9.369761e+03
-6.556047e-05,-6.246480e+03
-1.208972e-04,-4.164120e+04
-4.091831e-04,-1.040962e+05
-6.375077e-04,-1.446810e+05
-8.200143e-04,-1.977490e+05
-1.054130e-03,-2.560104e+05
-1.225174e-03,-3.246747e+05
-1.446472e-03,-3.870762e+05
-1.608085e-03,-4.609231e+05
-1.812557e-03,-5.285155e+05
-1.859042e-03,-5.940123e+05
-2.095331e-03,-6.647026e+05
-2.213454e-03,-7.291445e+05
-2.471879e-03,-7.987703e+05
-2.521319e-03,-8.673565e+05
-2.721127e-03,-9.359124e+05
-2.785065e-03,-1.003434e+06
-3.019041e-03,-1.066772e+06
-3.038627e-03,-1.056375e+06
-2.898657e-03,-1.011689e+06
-2.822567e-03,-1.008570e+06
-2.644060e-03,-9.451910e+05
-2.467723e-03,-8.797419e+05
-2.380415e-03,-8.122222e+05
-2.308042e-03,-7.467504e+05
-2.109291e-03,-6.792083e+05
-1.944077e-03,-6.085197e+05
-1.834147e-03,-5.419924e+05
-1.591433e-03,-4.744071e+05
-1.474861e-03,-4.047294e+05
-1.302842e-03,-3.360874e+05
-1.079045e-03,-2.684798e+05
-8.246448e-04,-2.039731e+05
-7.131342e-04,-1.446684e+05
-3.670994e-04,-1.030458e+05
-2.073513e-04,-4.163811e+04
1.421370e-05,6.246317e+03
1.019843e-04,2.706737e+04
3.737939e-04,9.995021e+04
5.801361e-04,1.895095e+05
1.115352e-03,2.967967e+05
1.020733e-03,3.926454e+05
1.314244e-03,4.906013e+05
1.468153e-03,5.812744e+05
1.618127e-03,6.657185e+05
1.717243e-03,7.595498e+05
1.955779e-03,8.492334e+05
2.090912e-03,9.441281e+05
2.255522e-03,1.031751e+06
2.319497e-03,1.119388e+06
2.520667e-03,1.210167e+06
2.701658e-03,1.299907e+06
2.878541e-03,1.385503e+06
2.964291e-03,1.440817e+06
2.654582e-03,1.297899e+06
2.488417e-03,1.209196e+06
2.361435e-03,1.121544e+06
2.220845e-03,1.034947e+06
2.101407e-03,9.441922e+05
1.922603e-03,8.513681e+05
1.783151e-03,7.658666e+05
1.615755e-03,6.720239e+05
1.467959e-03,5.813292e+05
1.351307e-03,4.906414e+05
1.157753e-03,4.062234e+05
9.089468e-04,3.134860e+05
6.044473e-04,2.113971e+05
4.398288e-04,1.062059e+05
1.036718e-04,3.019316e+04
-3.020453e-06,5.205400e+03
-1.818627e-04,-4.164157e+04
-4.266978e-04,-1.092996e+05
-6.617334e-04,-1.509236e+05
-8.743719e-04,-2.060698e+05
-1.109069e-03,-2.653755e+05
-1.193197e-03,-3.381938e+05
-1.481762e-03,-3.985221e+05
-1.598983e-03,-4.723577e+05
-1.826236e-03,-5.399526e+05
-1.949739e-03,-6.064879e+05
-2.133552e-03,-6.761300e+05
-2.246267e-03,-7.436966e+05
-2.479939e-03,-8.102074e+05
-2.548169e-03,-8.829328e+05
-2.725264e-03,-9.462902e+05
-2.865838e-03,-1.011735e+06
-3.029451e-03,-1.070922e+06
-2.694869e-03,-9.566246e+05
-2.563023e-03,-8.890889e+05
-2.400165e-03,-8.267597e+05
-2.341308e-03,-7.571474e+05
-2.106320e-03,-6.916837e+05
-1.989258e-03,-6.282696e+05
-1.803597e-03,-5.544636e+05
-1.677854e-03,-4.837704e+05
-1.561832e-03,-4.140933e+05
-1.330424e-03,-3.516921e+05
-1.093502e-03,-2.778392e+05
-9.316151e-04,-2.091783e+05
-7.207590e-04,-1.498716e+05
-3.984042e-04,-1.051298e+05
-1.774992e-04,-4.684329e+04
1.359495e-04,1.873887e+04
1.191086e-04,2.186173e+04
2.996916e-04,9.266097e+04
5.279300e-04,1.822199e+05
8.871656e-04,2.947126e+05
1.009618e-03,3.853516e+05
1.281180e-03,4.853953e+05
1.479012e-03,5.718965e+05
1.607983e-03,6.605038e+05
1.713877e-03,7.532952e+05
1.915167e-03,8.440162e+05
2.012683e-03,9.316231e+05
2.202372e-03,1.021312e+06
2.345004e-03,1.109989e+06
2.526511e-03,1.200791e+06
2.690781e-03,1.287382e+06
2.901034e-03,1.376103e+06
2.922150e-03,1.414765e+06
2.891958e-03,1.376196e+06
2.613051e-03,1.287452e+06
2.504749e-03,1.205016e+06
2.337153e-03,1.110073e+06
2.186726e-03,1.019309e+06
2.068099e-03,9.275098e+05
1.880870e-03,8.346915e+05
1.755695e-03,7.470947e+05
1.590352e-03,6.595099e+05
1.471733e-03,5.667317e+05
1.305760e-03,4.770911e+05
1.216043e-03,3.864281e+05
9.021337e-04,2.968159e+05
6.052589e-04,1.905665e+05
3.518097e-04,9.371065e+04
8.347750e-05,1.769905e+04
-1.677382e-05,-1.041089e+04
-5.520586e-05,-1.041085e+04
-1.784536e-04,-5.517411e+04
-4.297225e-04,-1.134634e+05
-6.852716e-04,-1.561265e+05
-8.980292e-04,-2.112736e+05
-1.102160e-03,-2.747392e+05
-1.254679e-03,-3.381953e+05
-1.475990e-03,-4.078832e+05
-1.675337e-03,-4.744386e+05
-1.861371e-03,-5.451472e+05
-1.979344e-03,-6.075308e+05
-2.114552e-03,-6.782134e+05
-2.230287e-03,-7.437000e+05
-2.508292e-03,-8.133131e+05
-2.525788e-03,-8.808528e+05
-2.733890e-03,-9.483700e+05
-2.852737e-03,-1.013828e+06
-3.035310e-03,-1.070931e+06
-3.026275e-03,-1.063634e+06
-2.638857e-03,-9.607666e+05
-2.564284e-03,-8.953321e+05
-2.423991e-03,-8.277996e+05
-2.337467e-03,-7.602709e+05
-2.103047e-03,-6.958349e+05
-1.983145e-03,-6.272322e+05
-1.785096e-03,-5.555063e+05
-1.708786e-03,-4.889570e+05
-1.527273e-03,-4.213764e+05
-1.264336e-03,-3.537731e+05
-1.131616e-03,-2.913619e+05
-9.408234e-04,-2.206210e+05
-7.222561e-04,-1.561135e+05
-4.302402e-04,-1.144943e+05
-2.570513e-04,-5.725291e+04
7.644106e-05,8.328241e+03
3.963932e-05,6.246399e+03
5.031798e-05,1.561552e+04
3.023866e-04,8.433079e+04
4.944803e-04,1.634737e+05
8.233241e-04,2.780456e+05
9.749676e-04,3.749351e+05
1.252534e-03,4.687173e+05
1.422057e-03,5.562662e+05
1.613565e-03,6.448685e+05
1.749108e-03,7.345284e+05
1.918339e-03,8.283651e+05
2.025215e-03,9.222247e+05
2.242759e-03,1.010886e+06
2.334183e-03,1.098519e+06
2.535537e-03,1.190337e+06
2.637194e-03,1.272788e+06
2.813698e-03,1.360448e+06
2.961752e-03,1.432488e+06
2.877487e-03,1.380354e+06
2.647418e-03,1.274954e+06
2.491205e-03,1.188333e+06
2.368497e-03,1.099641e+06
2.280850e-03,1.008883e+06
2.084353e-03,9.191688e+05
1.903265e-03,8.273971e+05
1.759914e-03,7.387527e+05
1.637768e-03,6.490939e+05
1.531277e-03,5.594464e+05
1.314171e-03,4.687495e+05
1.161352e-03,3.812185e+05
9.091786e-04,2.947355e+05
6.469841e-04,1.874400e+05
3.019692e-04,8.850220e+04
6.644729e-05,1.457563e+04
-2.908455e-05,-1.041080e+04
-1.731550e-04,-5.725666e+04
-3.907700e-04,-1.155442e+05
-7.264841e-04,-1.582082e+05
-9.288200e-04,-2.164726e+05
-1.092182e-03,-2.809796e+05
-1.283082e-03,-3.465156e+05
-1.482921e-03,-4.130821e+05
-1.700917e-03,-4.806748e+05
-1.831011e-03,-5.472182e+05
-1.996861e-03,-6.189631e+05
-2.114419e-03,-6.865290e+05
-2.268805e-03,-7.571981e+05
-2.474274e-03,-8.226661e+05
-2.529691e-03,-8.891566e+05
-2.733996e-03,-9.566847e+05
-2.903587e-03,-1.024189e+06
-3.038558e-03,-1.049069e+06
-2.732068e-03,-9.721868e+05
-2.616209e-03,-9.088138e+05
-2.421911e-03,-8.402602e+05
-2.404791e-03,-7.747865e+05
-2.136672e-03,-7.031000e+05
-2.014965e-03,-6.376171e+05
-1.856117e-03,-5.669368e+05
-1.751690e-03,-4.993604e+05
-1.531029e-03,-4.255287e+05
-1.350771e-03,-3.568931e+05
-1.090461e-03,-2.851184e+05
-9.568846e-04,-2.143770e+05
-6.989940e-04,-1.498690e+05
-4.324413e-04,-1.082501e+05
-2.605730e-04,-4.996595e+04
8.400954e-05,2.082106e+04
7.736054e-05,1.457455e+04
1.048648e-04,1.769790e+04
6.161417e-05,5.205196e+03
3.512776e-04,9.266016e+04
5.416910e-04,1.822191e+05
8.956438e-04,2.947139e+05
1.042650e-03,3.895226e+05
1.258599e-03,4.812226e+05
1.419843e-03,5.677297e+05
1.614427e-03,6.584174e+05
1.745631e-03,7.574660e+05
1.908772e-03,8.492262e+05
2.069487e-03,9.399597e+05
2.211325e-03,1.031746e+06
2.395873e-03,1.125642e+06
2.415989e-03,1.219548e+06
2.719188e-03,1.317668e+06
2.840192e-03,1.404292e+06
2.953212e-03,1.501380e+06
3.053923e-03,1.590129e+06
3.254691e-03,1.679956e+06
3.414276e-03,1.767721e+06
3.599735e-03,1.850295e+06
3.782704e-03,1.934971e+06
4.043562e-03,2.022842e+06
4.284035e-03,2.065743e+06
4.340907e-03,2.044876e+06
3.968445e-03,1.925861e+06
3.771728e-03,1.844342e+06
3.604333e-03,1.758685e+06
3.445666e-03,1.668853e+06
3.334934e-03,1.584269e+06
3.229928e-03,1.492326e+06
3.047790e-03,1.399425e+06
2.905511e-03,1.306502e+06
2.849740e-03,1.211515e+06
2.608825e-03,1.120723e+06
2.474967e-03,1.028885e+06
2.318899e-03,9.381138e+05
2.139687e-03,8.484002e+05
1.994047e-03,7.576401e+05
1.815131e-03,6.648354e+05
1.705645e-03,5.751618e+05
1.535946e-03,4.907107e+05
1.360169e-03,4.073210e+05
1.115093e-03,3.176998e+05
8.685924e-04,2.239244e+05
5.358207e-04,1.187182e+05
2.706689e-04,3.332093e+04
1.239415e-04,-3.852348e+04
-1.289209e-04,-6.559118e+04
-2.844492e-05,-5.934466e+04
-1.379304e-04,-1.051486e+05
-4.922036e-04,-1.415708e+05
-7.185138e-04,-1.977655e+05
-9.645063e-04,-2.633172e+05
-1.104797e-03,-3.278240e+05
-1.325439e-03,-4.006402e+05
-1.459309e-03,-4.703288e+05
-1.730627e-03,-5.441598e+05
-1.854651e-03,-6.127840e+05
-2.062258e-03,-6.845003e+05
-1.784816e-03,-7.572690e+05
-2.398824e-03,-8.268853e+05
-2.573849e-03,-8.996205e+05
-2.700595e-03,-9.723482e+05
-2.789782e-03,-1.041936e+06
-3.000537e-03,-1.113601e+06
-3.162852e-03,-1.180051e+06
-3.370401e-03,-1.249598e+06
-3.464669e-03,-1.317088e+06
-3.655649e-03,-1.386593e+06
-3.820358e-03,-1.455049e+06
-4.090211e-03,-1.527628e+06
-4.190539e-03,-1.590889e+06
-4.441801e-03,-1.665523e+06
-4.412859e-03,-1.640564e+06
-4.332459e-03,-1.609424e+06
-4.124232e-03,-1.548214e+06
-3.955329e-03,-1.483900e+06
-3.845640e-03,-1.424773e+06
-3.694373e-03,-1.357322e+06
-3.538794e-03,-1.288863e+06
-3.444706e-03,-1.220334e+06
-3.264400e-03,-1.151823e+06
-3.104482e-03,-1.085390e+06
-3.009430e-03,-1.015812e+06
-2.796800e-03,-9.410317e+05
-2.667779e-03,-8.703946e+05
-2.475022e-03,-7.976697e+05
-2.428778e-03,-7.238921e+05
-2.121586e-03,-6.501048e+05
-1.986667e-03,-5.783795e+05
-1.787001e-03,-4.993537e+05
-1.622378e-03,-4.224168e+05
-1.347765e-03,-3.475301e+05
-1.161199e-03,-2.705598e+05
-8.756983e-04,-1.956494e+05
-7.019045e-04,-1.342635e+05
-3.522032e-04,-8.951881e+04
-1.069516e-04,-2.394244e+04
1.218736e-04,1.978000e+04
9.834214e-05,9.369475e+03
1.475875e-04,4.893161e+04
4.019810e-04,1.207784e+05
6.577744e-04,2.290943e+05
9.199000e-04,3.311855e+05
1.201083e-03,4.249704e+05
1.368197e-03,5.125083e+05
1.514120e-03,6.063352e+05
1.703341e-03,6.949635e+05
1.880229e-03,7.783705e+05
1.991326e-03,8.670249e+05
2.178491e-03,9.535999e+05
2.324015e-03,1.042269e+06
2.510056e-03,1.128897e+06
2.679575e-03,1.219671e+06
2.809793e-03,1.304220e+06
2.871007e-03,1.398172e+06
2.979172e-03,1.488993e+06
3.209139e-03,1.580897e+06
3.332346e-03,1.669667e+06
3.530800e-03,1.765804e+06
3.703475e-03,1.855640e+06
3.901904e-03,1.944471e+06
4.070608e-03,2.029169e+06
4.281107e-03,2.077270e+06
4.266371e-03,2.048082e+06
3.963840e-03,1.938452e+06
3.811240e-03,1.854835e+06
3.649933e-03,1.767066e+06
3.436420e-03,1.674089e+06
3.376044e-03,1.585299e+06
3.184807e-03,1.493406e+06
3.067394e-03,1.402547e+06
2.927150e-03,1.303385e+06
2.822493e-03,1.208397e+06
2.603835e-03,1.120723e+06
2.473245e-03,1.032030e+06
2.307104e-03,9.422912e+05
2.160507e-03,8.556960e+05
1.758493e-03,7.711978e+05
1.798028e-03,6.783822e+05
1.650811e-03,5.939222e+05
1.499379e-03,5.105124e+05
1.303742e-03,4.229525e+05
1.091125e-03,3.416649e+05
8.103094e-04,2.551774e+05
5.330681e-04,1.510051e+05
2.496848e-04,5.622883e+04
3.958846e-05,-1.665866e+04
-9.403470e-05,-2.602847e+04
-9.649918e-05,-5.517868e+04
-1.900771e-04,-8.432675e+04
-4.958961e-04,-1.311618e+05
-7.528306e-04,-1.769480e+05
-9.755182e-04,-2.435392e+05
-1.219225e-03,-3.122064e+05
-1.345467e-03,-3.871002e+05
-1.459098e-03,-4.567876e+05
-1.825361e-03,-5.306221e+05
-1.912736e-03,-5.971730e+05
-2.114830e-03,-6.719991e+05
-2.250270e-03,-7.426896e+05
-2.513677e-03,-8.123129e+05
-2.564947e-03,-8.819362e+05
-2.799751e-03,-9.535993e+05
-2.960810e-03,-1.024231e+06
-3.107730e-03,-1.090691e+06
-3.327815e-03,-1.162334e+06
-3.435381e-03,-1.230857e+06
-3.622759e-03,-1.299352e+06
-3.708845e-03,-1.366825e+06
-3.864752e-03,-1.436328e+06
-4.026581e-03,-1.500622e+06
-4.179804e-03,-1.569067e+06
-4.351801e-03,-1.632357e+06
-4.459947e-03,-1.666562e+06
-4.248137e-03,-1.583492e+06
-4.248137e-03,-1.583492e+06
-4.001399e-03,-1.522300e+06
-3.889430e-03,-1.460047e+06
-3.798085e-03,-1.399876e+06
-3.686363e-03,-1.334488e+06
-3.513815e-03,-1.272250e+06
-3.505136e-03,-1.204786e+06
-3.245389e-03,-1.133147e+06
-3.107788e-03,-1.059427e+06
-2.952515e-03,-9.867259e+05
-2.756600e-03,-9.213042e+05
-2.560901e-03,-8.464998e+05
-2.464044e-03,-7.706541e+05
-2.287384e-03,-6.989459e+05
-2.055417e-03,-6.241172e+05
-1.930340e-03,-5.565466e+05
-1.765726e-03,-4.764899e+05
-1.529900e-03,-4.005783e+05
-1.291278e-03,-3.204910e+05
-1.116454e-03,-2.487146e+05
-8.322175e-04,-1.769232e+05
-5.912536e-04,-1.249007e+05
-3.292325e-04,-7.494762e+04
3.353236e-05,-8.328314e+03
7.734250e-05,1.457461e+04
2.551468e-04,6.350837e+04
4.569604e-04,1.457759e+05
7.582411e-04,2.593122e+05
9.619364e-04,3.499530e+05
1.160171e-03,4.406132e+05
1.425126e-03,5.250400e+05
1.601718e-03,6.053037e+05
1.714507e-03,6.980952e+05
1.920938e-03,7.929922e+05
2.088905e-03,8.774719e+05
2.213022e-03,9.640462e+05
2.413176e-03,1.052728e+06
2.553717e-03,1.141425e+06
2.704189e-03,1.225962e+06
2.903003e-03,1.319902e+06
2.964000e-03,1.412822e+06
3.172262e-03,1.500519e+06
3.276864e-03,1.589299e+06
3.426016e-03,1.674951e+06
3.541524e-03,1.771070e+06
3.763292e-03,1.864047e+06
3.985505e-03,1.950811e+06
4.231848e-03,2.036530e+06
4.247313e-03,2.061612e+06
4.242854e-03,2.024069e+06
3.970296e-03,1.945723e+06
3.746336e-03,1.860059e+06
3.597939e-03,1.768109e+06
3.466885e-03,1.678261e+06
3.305275e-03,1.587391e+06
3.195440e-03,1.498652e+06
3.040520e-03,1.409870e+06
2.897881e-03,1.319025e+06
2.827161e-03,1.230308e+06
2.674408e-03,1.140536e+06
2.511205e-03,1.052883e+06
2.347238e-03,9.694088e+05
2.219325e-03,8.807400e+05
2.067079e-03,7.962332e+05
1.826493e-03,7.086321e+05
1.667992e-03,6.251892e+05
1.555079e-03,5.407518e+05
1.342164e-03,4.510973e+05
1.122534e-03,3.708393e+05
8.690518e-04,2.833111e+05
6.576748e-04,1.812108e+05
3.209115e-04,8.226284e+04
7.162772e-05,4.164755e+03
-6.538492e-05,-3.123431e+04
-1.944640e-04,-6.767138e+04
-4.186349e-04,-1.207579e+05
-7.425673e-04,-1.665415e+05
-9.939959e-04,-2.352172e+05
-1.187054e-03,-3.049243e+05
-1.382916e-03,-3.777432e+05
-1.602631e-03,-4.578281e+05
-1.812679e-03,-5.285413e+05
-1.925987e-03,-5.982080e+05
-2.129436e-03,-6.699424e+05
-2.283394e-03,-7.426896e+05
-2.525685e-03,-8.102400e+05
-2.619711e-03,-8.840083e+05
-2.799920e-03,-9.535993e+05
-2.915038e-03,-1.023172e+06
-3.130400e-03,-1.088617e+06
-3.306014e-03,-1.160244e+06
-3.484314e-03,-1.231897e+06
-3.585401e-03,-1.299352e+06
-3.743939e-03,-1.364728e+06
-3.890733e-03,-1.434250e+06
-3.996328e-03,-1.498558e+06
-4.170529e-03,-1.565979e+06
-4.339273e-03,-1.631310e+06
-4.404124e-03,-1.655163e+06
-4.507496e-03,-1.662413e+06
-4.175247e-03,-1.579350e+06
-4.056337e-03,-1.520243e+06
-3.901385e-03,-1.461112e+06
-3.786911e-03,-1.398856e+06
-3.659154e-03,-1.332434e+06
-3.546428e-03,-1.268110e+06
-3.395032e-03,-1.195436e+06
-3.252000e-03,-1.132118e+06
-3.092333e-03,-1.061502e+06
-2.940710e-03,-9.929778e+05
-2.737213e-03,-9.202685e+05
-2.547265e-03,-8.506595e+05
-2.454105e-03,-7.768942e+05
-2.184874e-03,-7.010386e+05
-2.084088e-03,-6.293126e+05
-1.888068e-03,-5.513526e+05
-1.691911e-03,-4.723389e+05
-1.487588e-03,-3.953760e+05
-1.277014e-03,-3.163343e+05
-1.288005e-03,-2.445531e+05
-8.486542e-04,-1.738041e+05
-5.250858e-04,-1.217808e+05
-2.873366e-04,-7.286638e+04
3.125762e-05,-4.164139e+03
7.007811e-05,1.353398e+04
2.247699e-04,6.350865e+04
4.539401e-04,1.457759e+05
8.549301e-04,2.811880e+05
1.101958e-03,3.697516e+05
2.877624e-03,1.259369e+06
2.897545e-03,1.355412e+06
3.029251e-03,1.451455e+06
3.275426e-03,1.543356e+06
3.373924e-03,1.630044e+06
3.538064e-03,1.719876e+06
3.684542e-03,1.808687e+06
3.882337e-03,1.899583e+06
4.053013e-03,1.986370e+06
4.226426e-03,2.030304e+06
4.292934e-03,2.047039e+06
3.928243e-03,1.898736e+06
3.727452e-03,1.815163e+06
3.587686e-03,1.726356e+06
3.436201e-03,1.641748e+06
3.298651e-03,1.545640e+06
3.163915e-03,1.462108e+06
3.031758e-03,1.371264e+06
2.881215e-03,1.277306e+06
2.780561e-03,1.178141e+06
2.606407e-03,1.084212e+06
2.419352e-03,9.955102e+05
2.258922e-03,9.078666e+05
2.116509e-03,8.233615e+05
1.994131e-03,7.388846e+05
1.774643e-03,6.502328e+05
1.604155e-03,5.678633e+05
1.421102e-03,4.771585e+05
1.220403e-03,3.948150e+05
1.042019e-03,3.104057e+05
7.891471e-04,2.197574e+05
4.915165e-04,1.155930e+05
1.447366e-04,2.603085e+04
-1.000485e-04,-3.123444e+04
-1.146691e-04,-3.019356e+04
-1.181101e-04,-4.268651e+04
-3.823456e-04,-1.103497e+05
-5.879768e-04,-1.467737e+05
-8.925637e-04,-2.040062e+05
-1.112503e-03,-2.778759e+05
-1.278573e-03,-3.475760e+05
-1.504867e-03,-4.214323e+05
-1.728409e-03,-4.931883e+05
-1.888019e-03,-5.670148e+05
-2.080358e-03,-6.377135e+05
-2.189004e-03,-7.094259e+05
-2.424573e-03,-7.801083e+05
-2.532888e-03,-8.486935e+05
-2.728301e-03,-9.245356e+05
-2.805422e-03,-9.930804e+05
-3.037548e-03,-1.059547e+06
-3.214997e-03,-1.135344e+06
-3.393784e-03,-1.205951e+06
-3.549090e-03,-1.273422e+06
-3.698742e-03,-1.345028e+06
-3.885299e-03,-1.410410e+06
-4.029668e-03,-1.475762e+06
-4.166954e-03,-1.545259e+06
-4.288323e-03,-1.612688e+06
-4.471875e-03,-1.665553e+06
-4.485849e-03,-1.661382e+06
-4.137747e-03,-1.558619e+06
-3.950817e-03,-1.498455e+06
-3.865835e-03,-1.438257e+06
-3.774641e-03,-1.373964e+06
-3.646744e-03,-1.307531e+06
-3.488345e-03,-1.243197e+06
-3.359428e-03,-1.175733e+06
-3.170316e-03,-1.104089e+06
-2.993722e-03,-1.032438e+06
-2.832543e-03,-9.649388e+05
-2.685066e-03,-8.942963e+05
-2.508111e-03,-8.205383e+05
-2.429444e-03,-7.436469e+05
-2.185578e-03,-6.698620e+05
-1.980502e-03,-5.981363e+05
-1.788678e-03,-5.222408e+05
-1.665686e-03,-4.401042e+05
-1.399538e-03,-3.641798e+05
-1.164533e-03,-2.882503e+05
-9.945280e-04,-2.122985e+05
-7.217250e-04,-1.446709e+05
-4.238652e-04,-1.082529e+05
-1.484552e-04,-4.788571e+04
1.227968e-04,1.249280e+04
4.972203e-05,0
8.744630e-05,2.186268e+04
3.237919e-04,9.474818e+04
6.407235e-04,1.936888e+05
9.119027e-04,2.989001e+05
1.157774e-03,3.885096e+05
1.321940e-03,4.833515e+05
1.547183e-03,5.698693e+05
1.687457e-03,6.543173e+05
1.899009e-03,7.491978e+05
2.026170e-03,8.347163e+05
2.192924e-03,9.317179e+05
2.364127e-03,1.016230e+06
2.569080e-03,1.105969e+06
2.684401e-03,1.191545e+06
2.918069e-03,1.284438e+06
2.992624e-03,1.376305e+06
3.108215e-03,1.465053e+06
3.302878e-03,1.561129e+06
3.404761e-03,1.650950e+06
3.560965e-03,1.737686e+06
3.745619e-03,1.825444e+06
3.927905e-03,1.915270e+06
4.143420e-03,2.002052e+06
4.226660e-03,2.029269e+06
4.273494e-03,2.042807e+06
3.978962e-03,1.909184e+06
3.756558e-03,1.827673e+06
3.606022e-03,1.737815e+06
3.420284e-03,1.647992e+06
3.315680e-03,1.555014e+06
3.176865e-03,1.460004e+06
3.048138e-03,1.371241e+06
2.843308e-03,1.275194e+06
2.780474e-03,1.178127e+06
2.597506e-03,1.091500e+06
2.415844e-03,1.004888e+06
2.258790e-03,9.172669e+05
2.125969e-03,8.338015e+05
1.932968e-03,7.503514e+05
1.799595e-03,6.606588e+05
1.604566e-03,5.761989e+05
1.405604e-03,4.854973e+05
1.226510e-03,4.031506e+05
1.205610e-03,3.176944e+05
7.504766e-04,2.260064e+05
4.852398e-04,1.197559e+05
1.845360e-04,3.123702e+04
-1.208813e-04,-2.602859e+04
-8.402721e-05,-2.706961e+04
-8.416916e-05,-3.852214e+04
-3.717882e-04,-1.072247e+05
-6.155127e-04,-1.436471e+05
-9.172074e-04,-2.050417e+05
-1.092402e-03,-2.757969e+05
-1.281550e-03,-3.454948e+05
-1.503612e-03,-4.183069e+05
-1.717216e-03,-4.890263e+05
-1.793951e-03,-5.649240e+05
-2.080456e-03,-6.387510e+05
-2.156966e-03,-7.073486e+05
-2.389389e-03,-7.759408e+05
-2.537603e-03,-8.486745e+05
-2.700110e-03,-9.203551e+05
-2.835502e-03,-9.941202e+05
-3.056303e-03,-1.059528e+06
-3.189826e-03,-1.131185e+06
-3.399854e-03,-1.199708e+06
-3.557949e-03,-1.273405e+06
-3.685544e-03,-1.343988e+06
-3.825577e-03,-1.408312e+06
-3.963797e-03,-1.472624e+06
-4.108148e-03,-1.539017e+06
-4.295262e-03,-1.606424e+06
-4.413113e-03,-1.665500e+06
-4.422319e-03,-1.656194e+06
-4.134931e-03,-1.556534e+06
-3.970833e-03,-1.495338e+06
-3.829738e-03,-1.432047e+06
-3.732285e-03,-1.366682e+06
-3.575634e-03,-1.300273e+06
-3.446152e-03,-1.233853e+06
-3.313073e-03,-1.165337e+06
-3.164182e-03,-1.094727e+06
-2.980023e-03,-1.022045e+06
-2.799200e-03,-9.535052e+05
-2.662775e-03,-8.838935e+05
-2.495480e-03,-8.111713e+05
-2.387390e-03,-7.332462e+05
-2.117989e-03,-6.605035e+05
-1.975183e-03,-5.887794e+05
-1.783753e-03,-5.097705e+05
-1.613247e-03,-4.317731e+05
-1.321875e-03,-3.475408e+05
-1.133003e-03,-2.726435e+05
-9.032168e-04,-1.977342e+05
-7.277870e-04,-1.332215e+05
-2.970393e-04,-9.264156e+04
-4.337082e-05,-3.122968e+04
7.935743e-05,-4.164284e+03
8.304276e-05,0
1.648945e-04,4.372669e+04
4.409565e-04,1.155750e+05
6.631629e-04,2.197289e+05
9.136462e-04,3.176492e+05
1.210427e-03,4.072650e+05
1.401011e-03,5.010691e+05
1.598688e-03,5.917549e+05
1.700863e-03,6.793375e+05
1.897227e-03,7.711061e+05
2.100135e-03,8.545415e+05
2.246065e-03,9.525819e+05
2.440229e-03,1.040238e+06
2.624255e-03,1.126841e+06
2.735400e-03,1.209298e+06
2.913483e-03,1.302195e+06
3.017046e-03,1.397187e+06
3.281929e-03,1.482798e+06
3.371588e-03,1.579926e+06
3.483467e-03,1.671836e+06
3.651993e-03,1.759597e+06
3.787032e-03,1.849474e+06
3.937960e-03,1.937257e+06
4.181797e-03,2.024002e+06
4.261852e-03,2.020922e+06
4.312591e-03,2.026164e+06
4.086892e-03,1.933203e+06
3.865143e-03,1.847540e+06
3.734848e-03,1.757678e+06
3.418878e-03,1.663658e+06
3.416246e-03,1.577998e+06
3.307291e-03,1.485057e+06
3.107005e-03,1.396314e+06
2.941433e-03,1.303374e+06
2.840880e-03,1.209450e+06
2.685643e-03,1.111345e+06
2.522854e-03,1.023673e+06
2.363125e-03,9.402184e+05
2.190142e-03,8.442168e+05
2.031235e-03,7.534747e+05
1.855289e-03,6.616980e+05
1.650859e-03,5.803642e+05
1.521764e-03,4.917484e+05
1.355532e-03,4.094027e+05
1.137357e-03,3.229011e+05
8.143421e-04,2.312140e+05
5.259994e-04,1.228816e+05
2.264101e-04,3.331905e+04
-4.142562e-05,-2.602825e+04
-3.156493e-05,-2.498734e+04
-3.219484e-05,-3.539811e+04
-4.296704e-05,-1.030620e+05
-6.021236e-04,-1.415646e+05
-9.223032e-04,-2.008766e+05
-1.074629e-03,-2.737142e+05
-1.276344e-03,-3.486121e+05
-1.387051e-03,-4.193419e+05
-1.707428e-03,-4.910986e+05
-1.842343e-03,-5.680426e+05
-2.034784e-03,-6.397799e+05
-2.186952e-03,-7.115000e+05
-2.470957e-03,-7.790508e+05
-2.534101e-03,-8.528347e+05
-2.732994e-03,-9.224268e+05
-2.782857e-03,-9.930670e+05
-2.995642e-03,-1.059518e+06
-3.171901e-03,-1.134289e+06
-3.366028e-03,-1.205934e+06
-3.498848e-03,-1.275472e+06
-3.661964e-03,-1.343976e+06
-3.799715e-03,-1.408305e+06
-3.935092e-03,-1.472611e+06
-4.094786e-03,-1.537971e+06
-4.234481e-03,-1.605356e+06
-4.407448e-03,-1.662421e+06
-4.459686e-03,-1.656141e+06
-4.180278e-03,-1.560669e+06
-3.987742e-03,-1.501559e+06
-3.897969e-03,-1.440328e+06
-3.770801e-03,-1.377063e+06
-3.653785e-03,-1.312722e+06
-3.487908e-03,-1.244231e+06
-3.228815e-03,-1.165337e+06
-3.157483e-03,-1.096806e+06
-3.009854e-03,-1.025160e+06
-2.812270e-03,-9.514256e+05
-2.703675e-03,-8.787099e+05
-2.512422e-03,-8.049496e+05
-2.413285e-03,-7.301293e+05
-2.157865e-03,-6.584232e+05
-2.010521e-03,-5.846184e+05
-1.787508e-03,-5.056046e+05
-1.579499e-03,-4.276190e+05
-1.367039e-03,-3.464957e+05
-1.125790e-03,-2.684798e+05
-8.629071e-04,-1.956528e+05
-7.085809e-04,-1.342641e+05
-3.613350e-04,-9.368248e+04
-5.135765e-05,-2.914808e+04
1.362222e-04,1.145163e+04
1.066227e-04,1.041076e+04
2.085417e-04,4.164429e+04
4.670427e-04,1.228651e+05
6.719724e-04,2.249397e+05
9.055060e-04,3.176602e+05
1.220444e-03,4.093553e+05
1.437412e-03,4.958626e+05
1.553357e-03,5.844721e+05
1.751646e-03,6.689182e+05
1.871272e-03,7.544207e+05
2.012433e-03,8.430853e+05
2.239744e-03,9.317416e+05
2.364579e-03,1.014162e+06
2.555255e-03,1.101809e+06
2.682823e-03,1.191555e+06
2.852257e-03,1.277146e+06
2.930345e-03,1.360665e+06
3.129009e-03,1.449412e+06
3.272089e-03,1.538148e+06
3.417644e-03,1.624864e+06
3.558015e-03,1.720990e+06
3.693965e-03,1.806631e+06
3.902155e-03,1.900705e+06
4.137098e-03,1.987438e+06
4.268462e-03,2.077321e+06
4.474962e-03,2.160994e+06
4.699595e-03,2.245716e+06
4.861384e-03,2.330518e+06
5.017920e-03,2.414297e+06
5.209798e-03,2.492914e+06
5.553804e-03,2.483849e+06
5.613336e-03,2.545542e+06
5.857999e-03,2.629303e+06
5.948961e-03,2.599281e+06
6.064698e-03,2.571074e+06
5.863125e-03,2.520867e+06
5.687455e-03,2.433022e+06
5.536635e-03,2.347227e+06
5.423255e-03,2.261453e+06
5.324481e-03,2.171461e+06
5.147906e-03,2.085713e+06
5.049015e-03,1.992652e+06
4.944109e-03,1.904817e+06
4.809145e-03,1.811762e+06
4.664958e-03,1.719795e+06
4.417297e-03,1.625755e+06
4.222875e-03,1.535889e+06
4.117857e-03,1.447081e+06
3.851209e-03,1.354114e+06
3.707625e-03,1.265320e+06
3.478023e-03,1.177589e+06
3.310048e-03,1.085707e+06
3.162668e-03,1.000094e+06
2.966297e-03,9.176249e+05
2.877683e-03,8.341347e+05
2.755699e-03,7.506521e+05
2.528831e-03,6.755358e+05
2.450418e-03,5.983283e+05
2.181246e-03,5.128074e+05
2.014843e-03,4.325052e+05
1.771310e-03,3.449298e+05
1.566369e-03,2.563221e+05
1.378430e-03,1.719021e+05
1.079311e-03,6.770914e+04
8.493085e-04,-1.666486e+04
6.642241e-04,-9.060423e+04
3.085049e-04,-1.301661e+05
5.642065e-05,-1.832548e+05
8.693719e-05,-1.738831e+05
-2.931394e-05,-1.874197e+05
-1.326141e-04,-2.519545e+05
-3.392173e-04,-3.279245e+05
-6.191154e-04,-4.007616e+05
-8.144168e-04,-4.756696e+05
-1.075053e-03,-5.495244e+05
-1.263468e-03,-6.202446e+05
-1.503886e-03,-6.940748e+05
-1.652125e-03,-7.595683e+05
-1.878844e-03,-8.323300e+05
-2.064033e-03,-9.029940e+05
-2.228669e-03,-9.736619e+05
-2.393497e-03,-1.043265e+06
-2.613285e-03,-1.112860e+06
-2.712058e-03,-1.183457e+06
-2.859823e-03,-1.248895e+06
-3.109519e-03,-1.319488e+06
-3.215225e-03,-1.383831e+06
-3.442747e-03,-1.448174e+06
-3.569187e-03,-1.510400e+06
-3.785971e-03,-1.584033e+06
-3.939250e-03,-1.651466e+06
-4.081548e-03,-1.716771e+06
-4.234270e-03,-1.778985e+06
-4.418812e-03,-1.846343e+06
-4.610828e-03,-1.917833e+06
-4.793041e-03,-1.987249e+06
-5.010666e-03,-2.055574e+06
-5.179956e-03,-2.130075e+06
-5.530625e-03,-2.215916e+06
-5.826548e-03,-2.258227e+06
-6.033861e-03,-2.290254e+06
-6.033885e-03,-2.303696e+06
-6.294042e-03,-2.377107e+06
-6.461275e-03,-2.371695e+06
-6.498714e-03,-2.362320e+06
-6.374369e-03,-2.346729e+06
-6.399569e-03,-2.335334e+06
-6.214449e-03,-2.273218e+06
-6.078193e-03,-2.216283e+06
-5.894057e-03,-2.154150e+06
-5.809514e-03,-2.087894e+06
-5.695772e-03,-2.027827e+06
-5.585037e-03,-1.969855e+06
-5.416684e-03,-1.902500e+06
-5.201684e-03,-1.835134e+06
-5.070125e-03,-1.767767e+06
-5.005872e-03,-1.701419e+06
-4.788659e-03,-1.630929e+06
-4.660410e-03,-1.557331e+06
-4.528489e-03,-1.482644e+06
-4.360083e-03,-1.406914e+06
-4.119948e-03,-1.329104e+06
-4.043664e-03,-1.260628e+06
-3.830171e-03,-1.189015e+06
-3.669169e-03,-1.114273e+06
-3.541508e-03,-1.035389e+06
-3.356381e-03,-9.564696e+05
-3.152104e-03,-8.713093e+05
-2.860695e-03,-7.913234e+05
-2.800167e-03,-7.165090e+05
-2.615300e-03,-6.375374e+05
-2.503881e-03,-5.616630e+05
-2.223795e-03,-4.784963e+05
-2.006378e-03,-4.005215e+05
-1.731130e-03,-3.204471e+05
-1.578805e-03,-2.434802e+05
-1.362676e-03,-1.664962e+05
-1.015562e-03,-1.259260e+05
-7.467071e-04,-6.765364e+04
-4.633993e-04,1.249116e+04
-1.523153e-04,1.113965e+05
-5.536669e-05,1.322224e+05
-5.533206e-05,1.249350e+05
1.728798e-04,2.019968e+05
4.440019e-04,2.842877e+05
7.253980e-04,3.676399e+05
7.680222e-04,4.468304e+05
1.061442e-03,5.333351e+05
1.318201e-03,6.219437e+05
1.562221e-03,7.105651e+05
1.716396e-03,8.232008e+05
1.895353e-03,9.055940e+05
2.136113e-03,9.890719e+05
2.250310e-03,1.078817e+06
2.495397e-03,1.162327e+06
2.750526e-03,1.251055e+06
2.868445e-03,1.334582e+06
3.828052e-03,1.813076e+06
4.134013e-03,1.900869e+06
4.372948e-03,2.001271e+06
4.555147e-03,2.089098e+06
4.793302e-03,2.176983e+06
4.992944e-03,2.290011e+06
5.232796e-03,2.400990e+06
5.458296e-03,2.489983e+06
5.660431e-03,2.578002e+06
6.060744e-03,2.658881e+06
6.057404e-03,2.646328e+06
6.090238e-03,2.629629e+06
6.022426e-03,2.574228e+06
5.766602e-03,2.485282e+06
5.632108e-03,2.399540e+06
5.466829e-03,2.318951e+06
5.360853e-03,2.228997e+06
5.154214e-03,2.142170e+06
5.112387e-03,2.048041e+06
4.944097e-03,1.962294e+06
4.704525e-03,1.874480e+06
4.714461e-03,1.777242e+06
4.507674e-03,1.686326e+06
4.332540e-03,1.591215e+06
4.127709e-03,1.501370e+06
3.939439e-03,1.412564e+06
3.786508e-03,1.327962e+06
3.480260e-03,1.240202e+06
3.335946e-03,1.152504e+06
3.214381e-03,1.069997e+06
3.023191e-03,9.864756e+05
2.873009e-03,9.061092e+05
2.795779e-03,8.194859e+05
2.537100e-03,7.380947e+05
2.327631e-03,6.515036e+05
2.172969e-03,5.732676e+05
1.971878e-03,4.887975e+05
1.720909e-03,4.074687e+05
1.543925e-03,3.230186e+05
1.418651e-03,2.406794e+05
1.187848e-03,1.614741e+05
9.008406e-04,5.937163e+04
5.970166e-04,-3.540947e+04
2.566091e-04,-1.228763e+05
-4.959754e-06,-1.311943e+05
-5.353381e-06,-1.301537e+05
-1.132087e-04,-1.499325e+05
-3.193566e-04,-2.248782e+05
-6.070963e-04,-3.018935e+05
-8.063460e-04,-3.747299e+05
-1.039676e-03,-4.506753e+05
-1.259652e-03,-5.255706e+05
-1.424884e-03,-6.004506e+05
-1.655927e-03,-6.701145e+05
-1.935368e-03,-7.491302e+05
-2.099059e-03,-8.281206e+05
-2.318489e-03,-8.998171e+05
-2.489208e-03,-9.767174e+05
-2.700784e-03,-1.046311e+06
-2.871165e-03,-1.122130e+06
-3.024999e-03,-1.193749e+06
-3.292991e-03,-1.261266e+06
-3.549503e-03,-1.333901e+06
-3.671320e-03,-1.400339e+06
-3.811467e-03,-1.471912e+06
-4.010266e-03,-1.538293e+06
-4.135805e-03,-1.606717e+06
-4.322139e-03,-1.679298e+06
-4.539451e-03,-1.750817e+06
-4.679358e-03,-1.815064e+06
-4.868753e-03,-1.883463e+06
-5.091603e-03,-1.952842e+06
-5.253162e-03,-2.024292e+06
-5.392780e-03,-2.088475e+06
-5.603826e-03,-2.154701e+06
-5.811688e-03,-2.218835e+06
-6.164592e-03,-2.287118e+06
-6.261277e-03,-2.355330e+06
-6.444258e-03,-2.393536e+06
-6.394190e-03,-2.349887e+06
-6.255437e-03,-2.304315e+06
-6.152846e-03,-2.248401e+06
-5.972344e-03,-2.189406e+06
-5.842341e-03,-2.127307e+06
-5.711844e-03,-2.061024e+06
-5.583523e-03,-2.003037e+06
-5.432393e-03,-1.935695e+06
-5.214833e-03,-1.870393e+06
-5.135329e-03,-1.803047e+06
-4.971883e-03,-1.733595e+06
-4.813173e-03,-1.664148e+06
-4.656136e-03,-1.593627e+06
-4.543666e-03,-1.520020e+06
-4.394585e-03,-1.449483e+06
-4.167372e-03,-1.373757e+06
-4.003660e-03,-1.296978e+06
-3.849567e-03,-1.221224e+06
-3.667116e-03,-1.143378e+06
-3.521931e-03,-1.072783e+06
-3.348794e-03,-9.907733e+05
-3.178090e-03,-9.159814e+05
-2.954282e-03,-8.370465e+05
-2.801923e-03,-7.549897e+05
-2.636594e-03,-6.780985e+05
-2.371656e-03,-5.939039e+05
-2.217535e-03,-5.190621e+05
-2.020496e-03,-4.421243e+05
-1.860418e-03,-3.651767e+05
-1.634480e-03,-2.882159e+05
-1.425683e-03,-2.101995e+05
-1.128221e-03,-1.404941e+05
-7.604376e-04,-1.020000e+05
-5.252144e-04,-2.914566e+04
-1.983170e-04,6.142078e+04
-8.856930e-06,1.145233e+05
-5.209328e-05,1.093177e+05
1.123131e-04,1.593019e+05
3.333599e-04,2.415872e+05
6.632699e-04,3.280555e+05
8.089489e-04,4.145348e+05
1.106675e-03,4.999974e+05
1.301761e-03,5.823436e+05
1.503030e-03,6.615824e+05
1.643474e-03,7.408397e+05
1.778111e-03,8.294988e+05
2.050938e-03,9.160695e+05
2.256189e-03,1.003718e+06
2.508730e-03,1.090347e+06
2.679035e-03,1.175943e+06
2.849596e-03,1.260502e+06
2.952643e-03,1.348227e+06
3.205551e-03,1.433861e+06
3.353441e-03,1.524744e+06
3.533367e-03,1.611473e+06
3.721277e-03,1.699256e+06
3.947962e-03,1.783904e+06
4.230847e-03,1.874872e+06
4.476144e-03,1.964792e+06
4.695000e-03,2.048426e+06
4.815756e-03,2.139483e+06
5.031629e-03,2.232631e+06
5.210120e-03,2.319490e+06
5.424110e-03,2.411614e+06
5.576488e-03,2.500635e+06
5.849844e-03,2.586542e+06
6.103066e-03,2.640041e+06
6.115491e-03,2.617118e+06
5.880705e-03,2.496869e+06
5.641150e-03,2.413143e+06
5.560171e-03,2.325281e+06
5.348235e-03,2.242614e+06
5.285142e-03,2.154740e+06
5.112968e-03,2.067941e+06
5.022750e-03,1.983193e+06
4.825953e-03,1.890166e+06
4.789172e-03,1.805478e+06
4.622039e-03,1.715607e+06
4.386806e-03,1.622591e+06
4.180024e-03,1.535851e+06
3.983337e-03,1.450181e+06
3.780640e-03,1.362415e+06
3.596340e-03,1.279897e+06
3.382494e-03,1.190091e+06
3.194772e-03,1.110715e+06
3.071964e-03,1.027183e+06
2.889203e-03,9.478490e+05
2.789925e-03,8.664430e+05
2.658620e-03,7.808670e+05
2.387152e-03,6.911413e+05
2.192121e-03,6.139434e+05
1.962787e-03,5.305084e+05
1.855840e-03,4.491706e+05
1.638301e-03,3.678431e+05
1.432683e-03,2.813232e+05
1.273312e-03,1.979462e+05
9.518209e-04,1.135435e+05
6.892846e-04,1.458150e+04
3.916357e-04,-7.081495e+04
1.637012e-04,-1.249535e+05
1.102873e-04,-1.343186e+05
-1.625189e-05,-1.301526e+05
-2.125113e-04,-1.697079e+05
-5.070496e-04,-2.436053e+05
-6.666426e-04,-3.174934e+05
-8.783104e-04,-3.882448e+05
-1.112272e-03,-4.683508e+05
-1.356917e-03,-5.474019e+05
-1.616758e-03,-6.233173e+05
-1.815350e-03,-6.971381e+05
-1.997217e-03,-7.740498e+05
-2.222253e-03,-8.509669e+05
-2.378754e-03,-9.226615e+05
-2.638722e-03,-1.002646e+06
-2.692157e-03,-1.076396e+06
-2.936481e-03,-1.149092e+06
-3.166602e-03,-1.219702e+06
-3.387117e-03,-1.298605e+06
-3.561998e-03,-1.367078e+06
-3.784089e-03,-1.435556e+06
-3.900286e-03,-1.506099e+06
-4.104951e-03,-1.578685e+06
-4.263915e-03,-1.651278e+06
-4.458923e-03,-1.723841e+06
-4.644910e-03,-1.792265e+06
-4.832040e-03,-1.864763e+06
-4.960498e-03,-1.930017e+06
-5.187549e-03,-1.994218e+06
-5.327832e-03,-2.064627e+06
-5.553287e-03,-2.128790e+06
-5.797394e-03,-2.194995e+06
-5.914671e-03,-2.262233e+06
-6.191085e-03,-2.327357e+06
-6.337583e-03,-2.391438e+06
-6.446524e-03,-2.397621e+06
-6.416410e-03,-2.377911e+06
-6.332863e-03,-2.336416e+06
-6.141312e-03,-2.278440e+06
-6.023763e-03,-2.218411e+06
-5.915149e-03,-2.158363e+06
-5.724722e-03,-2.095210e+06
-5.664940e-03,-2.037219e+06
-5.487917e-03,-1.970912e+06
-5.353566e-03,-1.905659e+06
-5.197983e-03,-1.842455e+06
-5.106888e-03,-1.775070e+06
-4.885156e-03,-1.703520e+06
-4.778752e-03,-1.633044e+06
-4.609297e-03,-1.560447e+06
-4.431056e-03,-1.482692e+06
-4.272102e-03,-1.419415e+06
-4.099815e-03,-1.346801e+06
-3.962634e-03,-1.271043e+06
-3.805966e-03,-1.195284e+06
-3.645994e-03,-1.120551e+06
-3.404424e-03,-1.044768e+06
-3.272078e-03,-9.699893e+05
-3.090494e-03,-8.931360e+05
-2.858559e-03,-8.110695e+05
-2.629204e-03,-7.310811e+05
-2.709872e-03,-6.552267e+05
-2.287656e-03,-5.720769e+05
-2.136796e-03,-4.899517e+05
-1.922437e-03,-4.150878e+05
-1.762012e-03,-3.350202e+05
-1.536585e-03,-2.601307e+05
-1.276533e-03,-1.873098e+05
-1.003330e-03,-1.290487e+05
-6.592682e-04,-8.742970e+04
-4.067179e-04,-6.245635e+03
-7.784869e-05,8.849335e+04
-6.823475e-05,8.745415e+04
-8.563153e-05,8.849527e+04
2.135916e-04,1.811716e+05
4.979697e-04,2.603378e+05
7.667717e-04,3.426446e+05
1.015878e-03,4.239197e+05
1.159046e-03,5.052165e+05
1.394431e-03,5.938258e+05
1.568488e-03,6.740991e+05
1.725250e-03,7.554466e+05
1.917754e-03,8.441131e+05
2.135750e-03,9.275609e+05
2.327878e-03,1.011036e+06
2.537240e-03,1.095582e+06
2.695041e-03,1.174915e+06
2.895637e-03,1.266789e+06
3.003823e-03,1.354511e+06
3.245578e-03,1.440148e+06
3.415066e-03,1.529990e+06
3.559504e-03,1.611493e+06
3.799368e-03,1.699291e+06
4.070518e-03,1.786027e+06
4.212588e-03,1.868627e+06
4.484240e-03,1.959599e+06
4.752852e-03,2.045379e+06
4.910803e-03,2.132177e+06
5.075203e-03,2.221150e+06
5.228953e-03,2.308026e+06
5.466360e-03,2.398061e+06
5.535869e-03,2.489160e+06
5.864872e-03,2.578199e+06
6.097434e-03,2.623342e+06
6.154774e-03,2.570061e+06
6.032297e-03,2.490603e+06
5.751262e-03,2.406868e+06
5.687613e-03,2.323221e+06
5.522391e-03,2.245792e+06
5.444378e-03,2.158960e+06
5.259910e-03,2.071106e+06
5.147587e-03,1.984294e+06
5.081626e-03,1.891217e+06
4.888507e-03,1.801333e+06
4.755873e-03,1.714591e+06
4.535794e-03,1.622605e+06
4.320767e-03,1.530622e+06
4.203996e-03,1.448083e+06
3.946103e-03,1.361378e+06
3.755609e-03,1.276773e+06
3.501832e-03,1.193220e+06
3.352262e-03,1.109668e+06
3.223186e-03,1.028234e+06
3.015733e-03,9.509812e+05
2.899076e-03,8.622579e+05
2.731800e-03,7.766936e+05
2.521752e-03,6.974047e+05
2.320481e-03,6.160255e+05
2.132108e-03,5.325929e+05
1.920470e-03,4.439560e+05
1.751457e-03,3.636749e+05
1.486251e-03,2.761123e+05
1.347179e-03,1.927354e+05
1.137465e-03,1.104170e+05
7.590932e-04,1.353979e+04
5.024103e-04,-7.185604e+04
2.191694e-04,-1.259931e+05
6.135736e-05,-1.301509e+05
5.758932e-05,-1.259866e+05
-1.708809e-04,-1.728328e+05
-3.811269e-04,-2.456885e+05
-5.815047e-04,-3.227010e+05
-7.892680e-04,-3.955309e+05
-1.027347e-03,-4.693936e+05
-1.246268e-03,-5.484426e+05
-1.451447e-03,-6.285119e+05
-1.698683e-03,-7.012877e+05
-1.890564e-03,-7.813325e+05
-2.155257e-03,-8.592664e+05
-2.289067e-03,-9.341079e+05
-2.583830e-03,-1.014091e+06
-2.645663e-03,-1.085756e+06
-2.876157e-03,-1.166739e+06
-3.162257e-03,-1.242533e+06
-3.281405e-03,-1.316239e+06
-3.522257e-03,-1.385754e+06
-3.719884e-03,-1.455274e+06
-4.006401e-03,-1.517491e+06
-3.981056e-03,-1.588025e+06
-4.173186e-03,-1.662679e+06
-4.367053e-03,-1.733145e+06
-4.577652e-03,-1.798441e+06
-4.790199e-03,-1.868902e+06
-4.949276e-03,-1.934145e+06
-5.141665e-03,-1.999393e+06
-5.292675e-03,-2.066666e+06
-5.468854e-03,-2.133933e+06
-5.740661e-03,-2.198090e+06
-5.925791e-03,-2.267382e+06
-6.131238e-03,-2.331488e+06
-6.418024e-03,-2.396572e+06
-6.452609e-03,-2.400712e+06
-6.423622e-03,-2.346751e+06
-6.490641e-03,-2.371661e+06
-6.217235e-03,-2.288756e+06
-6.124636e-03,-2.228720e+06
-5.950241e-03,-2.166577e+06
-5.834126e-03,-2.105504e+06
-5.711149e-03,-2.045440e+06
-5.510299e-03,-1.979155e+06
-5.397333e-03,-1.910799e+06
-5.211246e-03,-1.846541e+06
-5.166352e-03,-1.780206e+06
-5.013776e-03,-1.712829e+06
-4.825249e-03,-1.642341e+06
-4.642538e-03,-1.568723e+06
-4.529664e-03,-1.494053e+06
-4.326301e-03,-1.421454e+06
-4.099424e-03,-1.341574e+06
-3.941959e-03,-1.263751e+06
-3.790669e-03,-1.182801e+06
-3.667871e-03,-1.108062e+06
-3.434835e-03,-1.030186e+06
-3.247934e-03,-9.533636e+05
-3.129013e-03,-8.723569e+05
-2.870403e-03,-7.933995e+05
-2.627224e-03,-7.144420e+05
-2.538583e-03,-6.396232e+05
-2.345075e-03,-5.627131e+05
-2.191812e-03,-4.826657e+05
-1.927102e-03,-4.057195e+05
-1.776923e-03,-3.246130e+05
-1.520801e-03,-2.486806e+05
-1.258855e-03,-1.706593e+05
-9.311971e-04,-1.269684e+05
-6.390418e-04,-7.181820e+04
-3.664962e-04,1.353221e+04
-7.599625e-05,1.082747e+05
-7.792227e-05,9.890519e+04
-7.647460e-05,9.578395e+04
-8.615241e-05,9.474200e+04
1.796781e-04,1.936737e+05
5.420720e-04,2.780492e+05
7.523568e-04,3.541069e+05
1.019666e-03,4.447607e+05
1.209169e-03,5.312677e+05
1.411420e-03,6.146723e+05
1.545639e-03,6.960054e+05
1.771317e-03,7.825718e+05
1.889865e-03,8.607869e+05
2.167064e-03,9.442642e+05
2.338866e-03,1.024624e+06
2.556665e-03,1.104983e+06
2.772286e-03,1.188503e+06
2.829388e-03,1.269928e+06
3.109763e-03,1.350352e+06
3.226534e-03,1.439123e+06
3.436011e-03,1.525831e+06
3.602577e-03,1.613619e+06
3.833180e-03,1.700362e+06
4.115689e-03,1.791309e+06
4.293147e-03,1.873913e+06
4.562246e-03,1.971166e+06
4.784929e-03,2.061108e+06
4.987697e-03,2.146937e+06
5.134917e-03,2.236942e+06
5.356925e-03,2.329054e+06
5.571438e-03,2.422239e+06
5.782191e-03,2.516499e+06
6.029833e-03,2.599281e+06
6.268104e-03,2.689424e+06
6.677749e-03,2.768240e+06
6.792986e-03,2.823096e+06
7.454790e-03,2.868586e+06
7.691807e-03,2.901547e+06
7.903387e-03,2.919803e+06
8.129889e-03,2.901288e+06
8.105293e-03,2.839614e+06
8.187600e-03,2.914036e+06
8.436657e-03,2.956336e+06
8.342921e-03,2.870749e+06
8.324382e-03,2.882253e+06
8.402626e-03,2.856086e+06
8.380973e-03,2.783840e+06
8.135290e-03,2.694785e+06
7.928046e-03,2.611994e+06
7.778621e-03,2.526048e+06
7.647059e-03,2.441217e+06
7.453634e-03,2.350078e+06
7.286867e-03,2.262080e+06
7.230314e-03,2.181404e+06
7.038237e-03,2.082981e+06
6.895587e-03,1.991890e+06
6.693414e-03,1.910226e+06
6.540132e-03,1.821252e+06
6.364542e-03,1.728100e+06
6.156222e-03,1.641265e+06
5.980985e-03,1.553379e+06
5.777209e-03,1.468618e+06
5.651201e-03,1.381800e+06
5.489427e-03,1.294998e+06
5.259833e-03,1.207156e+06
5.096430e-03,1.122469e+06
4.912807e-03,1.035712e+06
4.691218e-03,9.500067e+05
4.601481e-03,8.664021e+05
4.383187e-03,7.807266e+05
4.219354e-03,6.940359e+05
4.038415e-03,6.104856e+05
3.837322e-03,5.290400e+05
3.562036e-03,4.476070e+05
3.311173e-03,3.641012e+05
3.112397e-03,2.879164e+05
2.841372e-03,1.981804e+05
2.665137e-03,1.188910e+05
2.386293e-03,2.606900e+04
2.214473e-03,-7.298221e+04
1.925345e-03,-1.261396e+05
1.637861e-03,-1.813694e+05
1.488128e-03,-2.657742e+05
1.255070e-03,-3.428689e+05
1.054850e-03,-4.168212e+05
8.390434e-04,-4.949246e+05
6.896581e-04,-5.730143e+05
4.558723e-04,-6.458853e+05
2.666706e-04,-7.239421e+05
9.184805e-05,-8.009341e+05
-2.364567e-04,-8.789689e+05
-4.108787e-04,-9.288774e+05
-4.767308e-04,-9.257493e+05
-4.916528e-04,-9.517539e+05
-7.476354e-04,-1.026639e+06
-8.928990e-04,-1.099409e+06
-1.143401e-03,-1.174256e+06
-1.366952e-03,-1.254271e+06
-1.755057e-03,-1.326976e+06
-2.054673e-03,-1.401758e+06
-2.359695e-03,-1.475481e+06
-2.443627e-03,-1.549174e+06
-2.851760e-03,-1.621809e+06
-3.174368e-03,-1.695458e+06
-3.314531e-03,-1.773240e+06
-3.627921e-03,-1.846826e+06
-3.959985e-03,-1.918345e+06
-4.159164e-03,-1.989828e+06
-4.402930e-03,-2.055026e+06
-4.611003e-03,-2.124362e+06
-4.838324e-03,-2.194726e+06
-4.936524e-03,-2.258804e+06
-5.281555e-03,-2.322850e+06
-5.523332e-03,-2.382730e+06
-5.773466e-03,-2.449836e+06
-6.028460e-03,-2.508578e+06
-6.312040e-03,-2.571400e+06
-6.603268e-03,-2.631007e+06
-6.951678e-03,-2.679233e+06
-7.279755e-03,-2.716984e+06
-7.449110e-03,-2.745458e+06
-7.337446e-03,-2.764558e+06
-7.962392e-03,-2.788817e+06
-8.001443e-03,-2.765596e+06
-8.003134e-03,-2.732399e+06
-8.179560e-03,-2.793368e+06
-8.461389e-03,-2.838342e+06
-8.461178e-03,-2.814043e+06
-8.373633e-03,-2.776716e+06
-8.313374e-03,-2.747719e+06
-8.278875e-03,-2.719811e+06
-8.153029e-03,-2.662993e+06
-7.960114e-03,-2.607254e+06
-7.842802e-03,-2.544227e+06
-7.718510e-03,-2.486432e+06
-7.543155e-03,-2.427507e+06
-7.550360e-03,-2.357195e+06
-7.330798e-03,-2.298320e+06
-7.194924e-03,-2.232165e+06
-7.041191e-03,-2.160825e+06
-6.915303e-03,-2.093599e+06
-6.733050e-03,-2.019113e+06
-6.520818e-03,-1.948799e+06
-6.518020e-03,-1.880526e+06
-6.295803e-03,-1.800821e+06
-6.054420e-03,-1.728371e+06
-5.847822e-03,-1.656944e+06
-5.709022e-03,-1.580316e+06
-5.715259e-03,-1.508847e+06
-5.346286e-03,-1.440506e+06
-5.203870e-03,-1.359664e+06
-5.020625e-03,-1.285079e+06
-4.854815e-03,-1.210454e+06
-4.627380e-03,-1.126476e+06
-4.572243e-03,-1.054937e+06
-4.297359e-03,-9.813158e+05
-4.211159e-03,-8.993714e+05
-3.994956e-03,-8.184375e+05
-3.736706e-03,-7.395735e+05
-3.620649e-03,-6.565478e+05
-3.398515e-03,-5.703868e+05
-3.202936e-03,-4.945905e+05
-3.087123e-03,-4.104682e+05
-2.791726e-03,-3.284090e+05
-2.689379e-03,-2.546452e+05
-2.466187e-03,-1.746328e+05
-2.180455e-03,-1.257914e+05
-1.814591e-03,-5.718566e+04
-1.659426e-03,4.367591e+04
-1.330162e-03,1.268852e+05
-1.067370e-03,2.080391e+05
-8.508978e-04,2.912923e+05
-6.755138e-04,3.704032e+05
-5.529950e-04,4.453615e+05
-2.566535e-04,5.276265e+05
4.359481e-05,6.151142e+05
2.703356e-04,6.901276e+05
5.258026e-04,7.703656e+05
6.092992e-04,7.912518e+05
6.847343e-04,8.027042e+05
8.551084e-04,8.485504e+05
1.099045e-03,9.298623e+05
1.433200e-03,1.010150e+06
1.796018e-03,1.088372e+06
2.029389e-03,1.166635e+06
2.333988e-03,1.244892e+06
2.492579e-03,1.322140e+06
2.762396e-03,1.404640e+06
3.018159e-03,1.487174e+06
3.195814e-03,1.564499e+06
3.614595e-03,1.651261e+06
3.734264e-03,1.730735e+06
4.055013e-03,1.814402e+06
4.341474e-03,1.900193e+06
4.562589e-03,1.975619e+06
4.930743e-03,2.055250e+06
5.303290e-03,2.133890e+06
5.623817e-03,2.221922e+06
5.771737e-03,2.307951e+06
6.136727e-03,2.401348e+06
6.409221e-03,2.474850e+06
6.669562e-03,2.557825e+06
7.003332e-03,2.639836e+06
7.280410e-03,2.712441e+06
7.566178e-03,2.778746e+06
7.734726e-03,2.833619e+06
7.898327e-03,2.887474e+06
8.094955e-03,2.927741e+06
8.363016e-03,2.935578e+06
8.343407e-03,2.856097e+06
8.332837e-03,2.840421e+06
8.222741e-03,2.761879e+06
8.003287e-03,2.676998e+06
7.858610e-03,2.594228e+06
7.667125e-03,2.511439e+06
7.505529e-03,2.425488e+06
7.314801e-03,2.339615e+06
7.190046e-03,2.256844e+06
7.088118e-03,2.179339e+06
6.915112e-03,2.082965e+06
6.787197e-03,1.995010e+06
6.554344e-03,1.901821e+06
6.354630e-03,1.811820e+06
6.183236e-03,1.721797e+06
5.996706e-03,1.631805e+06
5.784318e-03,1.548095e+06
5.624479e-03,1.463355e+06
5.491548e-03,1.375490e+06
5.357155e-03,1.293917e+06
5.126584e-03,1.210255e+06
4.834749e-03,1.122437e+06
4.737620e-03,1.038798e+06
4.519335e-03,9.572835e+05
4.386722e-03,8.757897e+05
4.197725e-03,7.880168e+05
4.048334e-03,7.034088e+05
3.807829e-03,6.240265e+05
3.618097e-03,5.425851e+05
3.409658e-03,4.580200e+05
3.140661e-03,3.807857e+05
2.931238e-03,2.993827e+05
2.616624e-03,2.096488e+05
2.498340e-03,1.376650e+05
2.211912e-03,5.526674e+04
2.085841e-03,-4.691654e+04
1.733928e-03,-1.230075e+05
1.424292e-03,-1.698964e+05
1.254493e-03,-2.438797e+05
1.043490e-03,-3.188858e+05
8.715296e-04,-3.980456e+05
7.141012e-04,-4.751114e+05
5.330495e-04,-5.542421e+05
2.516035e-04,-6.333463e+05
1.528797e-05,-7.061977e+05
-2.390566e-04,-7.821529e+05
-4.559191e-04,-8.601785e+05
-5.123786e-04,-8.716111e+05
-5.440884e-04,-8.601637e+05
-7.393289e-04,-9.340234e+05
-8.868955e-04,-1.011996e+06
-1.092300e-03,-1.092050e+06
-1.408125e-03,-1.163755e+06
-1.668597e-03,-1.240664e+06
-2.066019e-03,-1.318569e+06
-2.293095e-03,-1.397490e+06
-2.493849e-03,-1.471163e+06
-2.897577e-03,-1.551083e+06
-3.280620e-03,-1.629928e+06
-3.389824e-03,-1.702511e+06
-3.723741e-03,-1.778170e+06
-3.979999e-03,-1.857956e+06
-4.274097e-03,-1.931487e+06
-4.449700e-03,-2.004977e+06
-4.682926e-03,-2.073247e+06
-5.007455e-03,-2.148738e+06
-5.270135e-03,-2.221064e+06
-5.485757e-03,-2.285083e+06
-5.763807e-03,-2.354250e+06
-6.027309e-03,-2.419192e+06
-6.348052e-03,-2.480969e+06
-6.542484e-03,-2.547941e+06
-6.950724e-03,-2.609624e+06
-7.218394e-03,-2.674425e+06
-7.392339e-03,-2.717402e+06
-7.676568e-03,-2.763455e+06
-7.974258e-03,-2.804260e+06
-8.076025e-03,-2.834691e+06
-8.202089e-03,-2.854798e+06
-8.323417e-03,-2.832748e+06
-8.260925e-03,-2.795366e+06
-8.404764e-03,-2.775653e+06
-8.273465e-03,-2.737265e+06
-8.202782e-03,-2.678444e+06
-7.970257e-03,-2.617490e+06
-7.892678e-03,-2.562782e+06
-7.721682e-03,-2.501845e+06
-7.496551e-03,-2.435717e+06
-7.543076e-03,-2.369600e+06
-7.361404e-03,-2.308609e+06
-7.186527e-03,-2.241432e+06
-7.061522e-03,-2.177321e+06
-6.951019e-03,-2.104945e+06
-6.710476e-03,-2.032536e+06
-6.509409e-03,-1.967411e+06
-6.448842e-03,-1.901180e+06
-6.350462e-03,-1.825639e+06
-6.066569e-03,-1.746978e+06
-5.912378e-03,-1.674519e+06
-5.696695e-03,-1.592730e+06
-5.522790e-03,-1.518158e+06
-5.302776e-03,-1.443572e+06
-5.189629e-03,-1.370018e+06
-5.007460e-03,-1.294379e+06
-4.816051e-03,-1.219763e+06
-4.514691e-03,-1.142023e+06
-4.519431e-03,-1.061162e+06
-4.211183e-03,-9.813021e+05
-4.142665e-03,-9.004058e+05
-3.934505e-03,-8.215534e+05
-3.750872e-03,-7.468412e+05
-3.568918e-03,-6.617360e+05
-3.394939e-03,-5.838825e+05
-3.125555e-03,-5.008180e+05
-2.978456e-03,-4.166975e+05
-2.796665e-03,-3.419179e+05
-2.617815e-03,-2.639971e+05
-2.420282e-03,-1.839857e+05
-2.107333e-03,-1.309894e+05
-1.738506e-03,-6.134461e+04
-1.513510e-03,4.263620e+04
-1.221901e-03,1.216871e+05
-9.959583e-04,2.049212e+05
-7.922943e-04,2.923365e+05
-5.714879e-04,3.724825e+05
-3.383987e-04,4.516089e+05
-6.462867e-05,5.307509e+05
1.149934e-04,6.130380e+05
3.269327e-04,6.911806e+05
5.745675e-04,7.682970e+05
6.828083e-04,7.850085e+05
7.356768e-04,7.870805e+05
9.179993e-04,8.527336e+05
1.232991e-03,9.309157e+05
1.490747e-03,1.007043e+06
1.848004e-03,1.085271e+06
2.168921e-03,1.165614e+06
2.358182e-03,1.250154e+06
2.591837e-03,1.327417e+06
2.818809e-03,1.405741e+06
3.115274e-03,1.480952e+06
3.381279e-03,1.567692e+06
3.579814e-03,1.644026e+06
3.825900e-03,1.730815e+06
4.063752e-03,1.812400e+06
4.334807e-03,1.891960e+06
4.713356e-03,1.978847e+06
5.121502e-03,2.060602e+06
5.371537e-03,2.137125e+06
5.667149e-03,2.222058e+06
5.915626e-03,2.303916e+06
6.196930e-03,2.386875e+06
6.553585e-03,2.466664e+06
6.814561e-03,2.543375e+06
7.094510e-03,2.633797e+06
7.321849e-03,2.697972e+06
7.621902e-03,2.771680e+06
7.834241e-03,2.836997e+06
8.044532e-03,2.891879e+06
8.240013e-03,2.940537e+06
8.580955e-03,3.003218e+06
8.877483e-03,3.026768e+06
9.080463e-03,3.045160e+06
9.350453e-03,3.048913e+06
9.546048e-03,3.050480e+06
9.741433e-03,3.035023e+06
9.617660e-03,2.967987e+06
9.673257e-03,2.932403e+06
9.861187e-03,3.041551e+06
1.009647e-02,3.045227e+06
9.996778e-03,2.993925e+06
9.989925e-03,2.963546e+06
1.005039e-02,2.939493e+06
9.935950e-03,2.874493e+06
9.766186e-03,2.790576e+06
9.574070e-03,2.708712e+06
9.397304e-03,2.627926e+06
9.293559e-03,2.547130e+06
9.110083e-03,2.466363e+06
8.966933e-03,2.376177e+06
8.839399e-03,2.297481e+06
8.653088e-03,2.206255e+06
8.478751e-03,2.119221e+06
8.352900e-03,2.035339e+06
8.068333e-03,1.954616e+06
8.044241e-03,1.871798e+06
7.764892e-03,1.786928e+06
7.572775e-03,1.700966e+06
7.398009e-03,1.612971e+06
7.130034e-03,1.523920e+06
6.988208e-03,1.441170e+06
6.796911e-03,1.358424e+06
6.605362e-03,1.276739e+06
6.389017e-03,1.191940e+06
6.229579e-03,1.102961e+06
6.022049e-03,1.016094e+06
5.848031e-03,9.376078e+05
5.697551e-03,8.601774e+05
5.424975e-03,7.744068e+05
5.218857e-03,6.907326e+05
5.047668e-03,6.112540e+05
4.822987e-03,5.276181e+05
4.531453e-03,4.439929e+05
4.328560e-03,3.582930e+05
4.078892e-03,2.767878e+05
3.872493e-03,1.973867e+05
3.690200e-03,1.106922e+05
3.464613e-03,2.714742e+04
3.191600e-03,-7.203202e+04
2.965333e-03,-1.294279e+05
2.696256e-03,-1.941197e+05
2.479295e-03,-2.744520e+05
2.278751e-03,-3.558150e+05
1.914581e-03,-4.350758e+05
1.881178e-03,-5.164038e+05
1.464130e-03,-5.904129e+05
1.322627e-03,-6.696217e+05
1.122094e-03,-7.435838e+05
9.283202e-04,-8.237941e+05
7.915112e-04,-8.977300e+05
5.276684e-04,-9.747806e+05
2.996264e-04,-1.050776e+06
6.772856e-05,-1.127769e+06
-1.818236e-04,-1.203709e+06
-4.058233e-04,-1.281720e+06
-6.504627e-04,-1.357610e+06
-8.233454e-04,-1.433473e+06
-1.175930e-03,-1.513462e+06
-1.543625e-03,-1.551774e+06
-1.665731e-03,-1.587116e+06
-1.855031e-03,-1.666090e+06
-2.051954e-03,-1.738702e+06
-2.362087e-03,-1.816494e+06
-2.756194e-03,-1.889056e+06
-3.185826e-03,-1.965730e+06
-3.651217e-03,-2.042330e+06
-4.350097e-03,-2.179870e+06
-4.667320e-03,-2.251157e+06
-5.042921e-03,-2.320332e+06
-5.268353e-03,-2.373895e+06
-5.592644e-03,-2.439848e+06
-5.832462e-03,-2.492318e+06
-6.120162e-03,-2.545802e+06
-6.380088e-03,-2.597112e+06
-6.654331e-03,-2.645316e+06
-6.838105e-03,-2.689342e+06
-7.100655e-03,-2.730194e+06
-7.321370e-03,-2.770076e+06
-7.541592e-03,-2.805709e+06
-7.854193e-03,-2.837173e+06
-8.041120e-03,-2.862453e+06
-8.185542e-03,-2.886597e+06
-8.451856e-03,-2.905629e+06
-8.653380e-03,-2.924649e+06
-8.757625e-03,-2.944606e+06
-9.045864e-03,-2.958452e+06
-9.224942e-03,-2.969110e+06
-9.373153e-03,-2.977733e+06
-9.481920e-03,-2.980080e+06
-9.526840e-03,-2.926024e+06
-9.568463e-03,-2.911539e+06
-9.624648e-03,-2.889970e+06
-9.733818e-03,-2.894167e+06
-9.889048e-03,-2.964232e+06
-1.040762e-02,-2.981343e+06
-1.059469e-02,-2.922172e+06
-1.057476e-02,-2.917015e+06
-1.057747e-02,-2.861128e+06
-1.062274e-02,-2.861157e+06
-1.049927e-02,-2.799234e+06
-1.036144e-02,-2.740531e+06
-1.021465e-02,-2.677652e+06
-1.004557e-02,-2.609613e+06
-9.903776e-03,-2.545650e+06
-9.721860e-03,-2.483809e+06
-9.522146e-03,-2.411568e+06
-9.474987e-03,-2.346631e+06
-9.276502e-03,-2.271270e+06
-9.186185e-03,-2.191796e+06
-8.917624e-03,-2.117409e+06
-8.877386e-03,-2.042056e+06
-8.664369e-03,-1.932547e+06
-8.382748e-03,-1.860278e+06
-8.184952e-03,-1.781733e+06
-7.965466e-03,-1.704216e+06
-7.902335e-03,-1.631831e+06
-7.699078e-03,-1.550184e+06
-7.455010e-03,-1.466400e+06
-7.284761e-03,-1.381575e+06
-7.158865e-03,-1.309163e+06
-6.984655e-03,-1.233632e+06
-6.747800e-03,-1.152877e+06
-6.582963e-03,-1.074197e+06
-6.384215e-03,-9.955040e+05
-6.193016e-03,-9.136740e+05
-6.040266e-03,-8.297608e+05
-5.767510e-03,-7.520529e+05
-5.538587e-03,-6.732841e+05
-5.355493e-03,-5.934703e+05
-5.173540e-03,-5.115581e+05
-4.949454e-03,-4.306686e+05
-4.723276e-03,-3.539129e+05
-4.555971e-03,-2.812912e+05
-4.245486e-03,-1.661031e+05
-3.918304e-03,-1.225210e+05
-3.664613e-03,-3.011557e+04
-3.377979e-03,6.439632e+04
-3.213884e-03,1.443970e+05
-2.954086e-03,2.244196e+05
-2.731628e-03,3.044558e+05
-2.509599e-03,3.897134e+05
-2.314517e-03,4.677135e+05
-2.092416e-03,5.478091e+05
-1.813682e-03,6.237676e+05
-1.544216e-03,7.039035e+05
-1.403290e-03,7.871887e+05
-1.108179e-03,8.673759e+05
-8.100686e-04,9.496646e+05
-6.149408e-04,1.027827e+06
-3.414228e-04,1.103912e+06
-2.974542e-05,1.182118e+06
2.310777e-04,1.261386e+06
5.546542e-04,1.339654e+06
8.411124e-04,1.417957e+06
9.442859e-04,1.429471e+06
1.147187e-03,1.499390e+06
1.470322e-03,1.576701e+06
2.041662e-03,1.656135e+06
2.461934e-03,1.734589e+06
2.886502e-03,1.812022e+06
3.162464e-03,1.889523e+06
3.591349e-03,1.959739e+06
3.866753e-03,2.025794e+06
4.169463e-03,2.089795e+06
4.486402e-03,2.152802e+06
4.853319e-03,2.207432e+06
5.199143e-03,2.264203e+06
5.466936e-03,2.321012e+06
5.723041e-03,2.371539e+06
5.966176e-03,2.423186e+06
6.303436e-03,2.468545e+06
6.603074e-03,2.517092e+06
6.914284e-03,2.563495e+06
7.020991e-03,2.611039e+06
7.496021e-03,2.650124e+06
7.773001e-03,2.695564e+06
8.041196e-03,2.743152e+06
8.335584e-03,2.781215e+06
8.527192e-03,2.822534e+06
8.911209e-03,2.867090e+06
9.193413e-03,2.911517e+06
9.382439e-03,2.944503e+06
9.796073e-03,2.976450e+06
9.888242e-03,3.003150e+06
1.020122e-02,3.021447e+06
1.058961e-02,3.031458e+06
1.069259e-02,3.015971e+06
1.064923e-02,2.953138e+06
1.070150e-02,2.916529e+06
1.059996e-02,2.875697e+06
1.070632e-02,2.879876e+06
1.048170e-02,2.781294e+06
1.030692e-02,2.700494e+06
1.014585e-02,2.623892e+06
9.988965e-03,2.543083e+06
9.770809e-03,2.461238e+06
9.672602e-03,2.381507e+06
9.482812e-03,2.298647e+06
9.333850e-03,2.216820e+06
9.154067e-03,2.132929e+06
8.855694e-03,2.052190e+06
8.785269e-03,1.970400e+06
8.606888e-03,1.887571e+06
8.474464e-03,1.802656e+06
8.257129e-03,1.717762e+06
8.067408e-03,1.637067e+06
7.853068e-03,1.552201e+06
7.594466e-03,1.474671e+06
7.441058e-03,1.391926e+06
7.263936e-03,1.310255e+06
7.068016e-03,1.226477e+06
6.854853e-03,1.144815e+06
6.636193e-03,1.061077e+06
6.473509e-03,9.825887e+05
6.262968e-03,8.999256e+05
6.071924e-03,8.193678e+05
5.837963e-03,7.315098e+05
5.622811e-03,6.541198e+05
5.363940e-03,5.704701e+05
5.149654e-03,4.857940e+05
4.915258e-03,4.011289e+05
4.663966e-03,3.185759e+05
4.441322e-03,2.360351e+05
4.175186e-03,1.576885e+05
4.002679e-03,7.518170e+04
3.797110e-03,-2.088087e+04
3.551422e-03,-1.127339e+05
3.215838e-03,-1.461158e+05
3.048989e-03,-2.275009e+05
2.778925e-03,-3.078228e+05
2.592798e-03,-3.870850e+05
2.285460e-03,-4.652908e+05
2.018575e-03,-5.476445e+05
1.809322e-03,-6.247717e+05
1.584055e-03,-7.070972e+05
1.357162e-03,-7.862672e+05
1.194216e-03,-8.654220e+05
9.706421e-04,-9.424815e+05
7.849668e-04,-1.015333e+06
4.779878e-04,-1.097547e+06
2.682205e-04,-1.170365e+06
5.513993e-05,-1.248374e+06
-2.086040e-04,-1.327389e+06
-5.082601e-04,-1.403268e+06
-8.029370e-04,-1.479095e+06
-1.059628e-03,-1.510175e+06
-1.115323e-03,-1.490386e+06
-1.338299e-03,-1.557990e+06
-1.496268e-03,-1.634879e+06
-1.719390e-03,-1.711670e+06
-2.079223e-03,-1.790494e+06
-2.518423e-03,-1.867200e+06
-2.949339e-03,-1.943877e+06
-3.285763e-03,-2.020481e+06
-3.700301e-03,-2.096031e+06
-4.022967e-03,-2.159070e+06
-4.462314e-03,-2.231401e+06
-4.836010e-03,-2.291255e+06
-5.084991e-03,-2.346936e+06
-5.457544e-03,-2.413925e+06
-5.807136e-03,-2.471517e+06
-6.105469e-03,-2.518820e+06
-6.413586e-03,-2.568083e+06
-6.710087e-03,-2.616307e+06
-6.991631e-03,-2.659304e+06
-7.333224e-03,-2.699228e+06
-7.670369e-03,-2.739146e+06
-7.945898e-03,-2.770667e+06
-8.353388e-03,-2.806345e+06
-8.635916e-03,-2.843041e+06
-8.905946e-03,-2.868356e+06
-9.191983e-03,-2.895660e+06
-9.577219e-03,-2.924962e+06
-9.834070e-03,-2.949196e+06
-1.029543e-02,-2.963031e+06
-1.057421e-02,-2.977921e+06
-1.090536e-02,-2.988617e+06
-1.130407e-02,-2.989959e+06
-1.173609e-02,-2.986214e+06
-1.205805e-02,-2.960831e+06
-1.206716e-02,-2.916347e+06
-1.221779e-02,-2.880080e+06
-1.208528e-02,-2.851157e+06
-1.194353e-02,-2.788260e+06
-1.180942e-02,-2.725395e+06
-1.164511e-02,-2.663526e+06
-1.150845e-02,-2.597547e+06
-1.132394e-02,-2.530519e+06
-1.113994e-02,-2.464513e+06
-1.101129e-02,-2.387131e+06
-1.080997e-02,-2.314898e+06
-1.064181e-02,-2.241614e+06
-1.056140e-02,-2.164195e+06
-1.025666e-02,-2.092972e+06
-1.040312e-02,-2.020667e+06
-1.000016e-02,-1.947332e+06
-9.756263e-03,-1.867757e+06
-9.619035e-03,-1.795436e+06
-9.445381e-03,-1.713782e+06
-9.258963e-03,-1.633145e+06
-9.035002e-03,-1.553519e+06
-8.858092e-03,-1.472824e+06
-8.829255e-03,-1.395257e+06
-8.584066e-03,-1.313518e+06
-8.316939e-03,-1.238987e+06
-8.141205e-03,-1.161344e+06
-7.969459e-03,-1.078509e+06
-7.736401e-03,-1.000837e+06
-7.521063e-03,-9.210652e+05
-7.428136e-03,-8.413019e+05
-7.035849e-03,-7.573508e+05
-7.041837e-03,-6.775459e+05
-6.685299e-03,-6.018530e+05
-6.512918e-03,-5.240888e+05
-6.306092e-03,-4.463020e+05
-6.151125e-03,-3.684966e+05
-5.992821e-03,-2.906791e+05
-5.787397e-03,-2.138797e+05
-5.586281e-03,-1.422589e+05
-5.207373e-03,-9.866175e+04
-4.931264e-03,-4.154793e+03
-4.702701e-03,8.830558e+04
-4.450752e-03,1.620927e+05
-4.224741e-03,2.431701e+05
-4.028559e-03,3.294647e+05
-3.807085e-03,4.126647e+05
-3.569762e-03,4.958774e+05
-3.333072e-03,5.770397e+05
-3.016592e-03,6.530179e+05
-2.796375e-03,7.394172e+05
-2.533034e-03,8.164915e+05
-2.324132e-03,8.977365e+05
-2.092122e-03,9.727641e+05
-1.784858e-03,1.053014e+06
-1.534629e-03,1.127050e+06
-1.239026e-03,1.210464e+06
-9.259664e-04,1.285599e+06
-8.884110e-04,1.311698e+06
-6.495664e-04,1.358674e+06
-3.683367e-04,1.354687e+06
-2.325090e-04,1.427656e+06
6.442430e-05,1.503841e+06
5.651353e-04,1.583237e+06
9.878051e-04,1.657475e+06
1.398861e-03,1.740103e+06
1.820850e-03,1.812330e+06
2.169066e-03,1.880429e+06
2.610638e-03,1.946474e+06
2.865692e-03,2.009390e+06
3.201580e-03,2.071326e+06
3.570995e-03,2.132215e+06
4.095270e-03,2.192145e+06
4.441877e-03,2.239472e+06
4.725505e-03,2.294186e+06
5.058413e-03,2.337406e+06
5.313912e-03,2.392211e+06
5.787921e-03,2.439677e+06
6.087134e-03,2.482931e+06
6.384747e-03,2.522039e+06
6.759360e-03,2.565328e+06
7.117313e-03,2.602359e+06
7.446933e-03,2.645693e+06
7.832807e-03,2.690095e+06
8.186074e-03,2.734532e+06
8.429903e-03,2.776838e+06
8.777317e-03,2.817084e+06
9.101916e-03,2.857353e+06
9.502322e-03,2.909220e+06
9.723749e-03,2.948434e+06
1.009227e-02,2.987658e+06
1.031230e-02,3.022771e+06
1.067378e-02,3.057860e+06
1.101838e-02,3.081402e+06
1.145546e-02,3.104025e+06
1.178037e-02,3.121290e+06
1.225197e-02,3.133373e+06
1.259405e-02,3.144398e+06
1.310573e-02,3.124934e+06
1.360597e-02,3.129565e+06
1.408697e-02,3.134260e+06
1.473405e-02,3.133699e+06
1.521987e-02,3.126851e+06
1.582078e-02,3.114710e+06
1.642820e-02,3.109887e+06
1.686058e-02,3.032572e+06
1.694529e-02,3.055647e+06
1.696852e-02,3.017871e+06
1.755875e-02,3.099138e+06
1.815636e-02,3.071232e+06
1.820625e-02,3.044971e+06
1.814305e-02,2.991430e+06
1.822494e-02,2.954713e+06
1.813809e-02,2.904282e+06
1.793686e-02,2.820163e+06
1.773391e-02,2.742321e+06
1.770604e-02,2.665521e+06
1.745594e-02,2.587716e+06
1.735855e-02,2.506738e+06
1.714150e-02,2.428944e+06
1.693767e-02,2.349052e+06
1.679848e-02,2.271260e+06
1.658154e-02,2.192407e+06
1.649756e-02,2.110427e+06
1.627312e-02,2.031604e+06
1.610631e-02,1.954884e+06
1.590108e-02,1.867689e+06
1.575837e-02,1.787866e+06
1.548643e-02,1.701739e+06
1.521973e-02,1.621916e+06
1.504425e-02,1.537913e+06
1.474457e-02,1.457063e+06
1.463936e-02,1.373093e+06
1.437074e-02,1.292284e+06
1.417466e-02,1.211491e+06
1.402972e-02,1.131747e+06
1.370410e-02,1.053060e+06
1.355020e-02,9.702020e+05
1.328684e-02,8.852562e+05
1.305555e-02,7.992778e+05
1.281166e-02,7.164622e+05
1.260299e-02,6.357526e+05
1.236369e-02,5.571534e+05
1.217606e-02,4.743733e+05
1.195784e-02,3.926558e+05
1.167843e-02,3.088609e+05
1.146544e-02,2.282220e+05
1.116054e-02,1.287522e+05
1.085796e-02,3.139926e+04
1.058575e-02,-5.232605e+04
1.037418e-02,-1.203324e+05
1.005446e-02,-1.673925e+05
9.846196e-03,-2.489700e+05
9.645842e-03,-3.336643e+05
9.426713e-03,-4.110238e+05
9.133292e-03,-4.988229e+05
8.885812e-03,-5.750987e+05
6.096474e-03,-1.462858e+06
5.688206e-03,-1.545110e+06
5.312665e-03,-1.629396e+06
4.965045e-03,-1.716749e+06
4.746098e-03,-1.794690e+06
4.320603e-03,-1.881974e+06
3.909289e-03,-1.951483e+06
3.425543e-03,-2.019935e+06
3.020265e-03,-2.090428e+06
2.651053e-03,-2.148417e+06
2.332516e-03,-2.210513e+06
1.909628e-03,-2.263262e+06
1.561272e-03,-2.309719e+06
1.230372e-03,-2.354094e+06
7.491264e-04,-2.389046e+06
6.277796e-04,-2.380570e+06
4.475151e-04,-2.376405e+06
2.344528e-04,-2.448940e+06
-1.700371e-04,-2.502560e+06
-5.988680e-04,-2.541695e+06
-1.115421e-03,-2.583869e+06
-1.525161e-03,-2.620811e+06
-2.050924e-03,-2.657723e+06
-2.457368e-03,-2.688401e+06
-2.823237e-03,-2.716973e+06
-3.212391e-03,-2.746558e+06
-3.640285e-03,-2.774086e+06
-4.057296e-03,-2.797393e+06
-4.387393e-03,-2.823843e+06
-4.788541e-03,-2.850188e+06
-5.217282e-03,-2.869327e+06
-5.545832e-03,-2.890504e+06
-6.016705e-03,-2.908528e+06
-6.366995e-03,-2.924492e+06
-6.785701e-03,-2.937360e+06
-7.206344e-03,-2.947122e+06
-7.616999e-03,-2.958980e+06
-8.000971e-03,-2.965588e+06
-8.464867e-03,-2.971154e+06
-8.854204e-03,-2.973633e+06
-9.287530e-03,-2.975014e+06
-9.808435e-03,-2.973370e+06
-1.032942e-02,-2.966487e+06
-1.069852e-02,-2.963776e+06
-1.124362e-02,-2.956921e+06
-1.174233e-02,-2.948039e+06
-1.215129e-02,-2.940209e+06
-1.286041e-02,-2.929143e+06
-1.339341e-02,-2.917132e+06
-1.394328e-02,-2.905080e+06
-1.462071e-02,-2.893133e+06
-1.508836e-02,-2.881129e+06
-1.551741e-02,-2.868139e+06
-1.595658e-02,-2.857218e+06
-1.643097e-02,-2.846284e+06
-1.688014e-02,-2.831265e+06
-1.746079e-02,-2.821370e+06
-1.804201e-02,-2.808393e+06
-1.915175e-02,-2.783700e+06
-1.973773e-02,-2.766692e+06
-2.042664e-02,-2.742437e+06
-2.036315e-02,-2.680474e+06
-2.037641e-02,-2.681520e+06
-2.038032e-02,-2.682523e+06
-2.062554e-02,-2.741086e+06
-2.117048e-02,-2.743643e+06
-2.153137e-02,-2.716523e+06
-2.154522e-02,-2.679352e+06
-2.144977e-02,-2.616553e+06
-2.129935e-02,-2.559042e+06
-2.114693e-02,-2.497380e+06
-2.109166e-02,-2.435744e+06
-2.086140e-02,-2.373064e+06
-2.073107e-02,-2.307274e+06
-2.061476e-02,-2.243522e+06
-2.046988e-02,-2.171523e+06
-2.024029e-02,-2.106667e+06
-2.004543e-02,-2.039789e+06
-1.987047e-02,-1.971875e+06
-1.970044e-02,-1.899825e+06
-1.956606e-02,-1.819497e+06
-1.935791e-02,-1.742240e+06
-1.918872e-02,-1.664991e+06
-1.897888e-02,-1.595953e+06
-1.883771e-02,-1.522793e+06
-1.859014e-02,-1.448566e+06
-1.855914e-02,-1.374344e+06
-1.830655e-02,-1.296996e+06
-1.811498e-02,-1.224779e+06
-1.797834e-02,-1.144301e+06
-1.778392e-02,-1.071045e+06
-1.759110e-02,-9.946628e+05
-1.737797e-02,-9.141349e+05
-1.721542e-02,-8.428765e+05
-1.704032e-02,-7.664343e+05
-1.686687e-02,-6.920396e+05
-1.662394e-02,-6.197004e+05
-1.642953e-02,-5.432111e+05
-1.626961e-02,-4.656677e+05
-1.611835e-02,-3.922446e+05
-1.591605e-02,-3.167329e+05
-1.573555e-02,-2.453395e+05
-1.560880e-02,-1.760046e+05
-1.529617e-02,-1.252905e+05
-1.504800e-02,-6.420668e+04
-1.485779e-02,6.214343e+03
-1.470404e-02,8.494722e+04
-1.447785e-02,1.657838e+05
-1.414292e-02,2.632252e+05
-1.387236e-02,3.492955e+05
-1.359362e-02,4.312423e+05
-1.338002e-02,5.111373e+05
-1.313408e-02,5.869101e+05
-1.284681e-02,6.637391e+05
-1.257882e-02,7.364407e+05
-1.249254e-02,8.102156e+05
-1.215497e-02,8.829594e+05
-1.188146e-02,9.526149e+05
-1.150572e-02,1.024390e+06
-1.128810e-02,1.098275e+06
-1.095028e-02,1.174256e+06
-1.052136e-02,1.246133e+06
-1.014329e-02,1.315964e+06
-9.798564e-03,1.384801e+06
-9.348907e-03,1.457835e+06
-8.976412e-03,1.517340e+06
-8.532238e-03,1.575853e+06
-8.142272e-03,1.632288e+06
-7.733748e-03,1.688794e+06
-7.326420e-03,1.740076e+06
-6.910853e-03,1.783046e+06
-6.434495e-03,1.829175e+06
-5.982567e-03,1.875320e+06
-5.591358e-03,1.914170e+06
-5.132683e-03,1.950975e+06
-4.640327e-03,1.987785e+06
-4.227886e-03,2.016265e+06
-3.845619e-03,2.014529e+06
-3.845619e-03,2.014529e+06
-3.796929e-03,1.998879e+06
-3.304216e-03,2.088835e+06
-2.768302e-03,2.123586e+06
-2.073839e-03,2.157343e+06
-1.587154e-03,2.191091e+06
-1.075532e-03,2.220670e+06
-6.231435e-04,2.252371e+06
-1.826097e-04,2.278819e+06
2.237092e-04,2.305323e+06
6.359782e-04,2.331833e+06
1.143228e-03,2.358342e+06
1.709318e-03,2.382731e+06
2.223662e-03,2.408239e+06
2.610801e-03,2.432680e+06
3.025397e-03,2.456083e+06
3.523942e-03,2.480547e+06
3.980314e-03,2.503932e+06
4.433038e-03,2.524238e+06
4.981399e-03,2.547664e+06
5.515516e-03,2.570031e+06
6.001057e-03,2.589286e+06
6.429809e-03,2.607480e+06
6.882829e-03,2.630936e+06
7.382487e-03,2.653352e+06
7.915265e-03,2.676839e+06
8.475205e-03,2.701317e+06
9.008141e-03,2.725851e+06
9.490466e-03,2.750370e+06
9.975734e-03,2.773879e+06
1.048464e-02,2.791039e+06
1.098438e-02,2.812432e+06
1.153329e-02,2.828551e+06
1.205697e-02,2.848945e+06
1.261992e-02,2.864022e+06
1.326997e-02,2.882317e+06
1.374576e-02,2.899526e+06
1.427459e-02,2.917754e+06
1.480998e-02,2.938082e+06
1.540624e-02,2.957395e+06
1.592910e-02,2.979889e+06
1.653765e-02,2.993945e+06
1.712944e-02,2.970276e+06
1.773729e-02,2.973871e+06
1.831752e-02,2.972198e+06
1.900061e-02,2.957890e+06
1.958192e-02,2.955170e+06
2.024750e-02,2.930396e+06
2.043729e-02,2.928394e+06
2.038741e-02,2.854903e+06
2.036758e-02,2.812956e+06
2.032327e-02,2.773071e+06
2.014575e-02,2.685783e+06
2.000188e-02,2.612167e+06
1.971549e-02,2.536425e+06
1.950534e-02,2.460702e+06
1.936063e-02,2.381833e+06
1.927186e-02,2.308236e+06
1.896116e-02,2.233577e+06
1.880688e-02,2.152641e+06
1.861160e-02,2.068548e+06
1.838003e-02,1.992872e+06
1.819392e-02,1.914042e+06
1.799255e-02,1.835237e+06
1.779871e-02,1.755396e+06
1.761072e-02,1.673482e+06
1.734009e-02,1.594702e+06
1.718111e-02,1.515946e+06
1.684656e-02,1.431956e+06
1.652174e-02,1.346927e+06
1.645282e-02,1.266113e+06
1.617316e-02,1.189509e+06
1.592372e-02,1.109756e+06
1.576168e-02,1.024787e+06
1.562837e-02,9.440188e+05
1.522764e-02,8.538300e+05
1.508506e-02,7.699493e+05
1.485442e-02,6.944655e+05
1.456307e-02,6.095662e+05
1.436975e-02,5.278219e+05
1.414803e-02,4.398083e+05
1.381930e-02,3.570485e+05
1.375493e-02,2.816331e+05
1.338970e-02,1.936675e+05
1.304447e-02,8.269085e+04
1.279462e-02,-9.419392e+03
1.254465e-02,-8.476409e+04
1.219958e-02,-1.307872e+05
1.188320e-02,-2.165518e+05
1.168326e-02,-2.939331e+05
1.144324e-02,-3.733898e+05
1.123772e-02,-4.549170e+05
1.101866e-02,-5.332938e+05
1.075680e-02,-6.200157e+05
1.049783e-02,-7.035762e+05
1.023043e-02,-7.860618e+05
9.920087e-03,-8.747996e+05
9.704527e-03,-9.582853e+05
9.350026e-03,-1.040707e+06
9.072313e-03,-1.127269e+06
8.780292e-03,-1.211720e+06
8.500015e-03,-1.298219e+06
8.119332e-03,-1.380508e+06
7.782484e-03,-1.463814e+06
7.396477e-03,-1.553323e+06
7.022685e-03,-1.636537e+06
6.546082e-03,-1.720748e+06
6.153400e-03,-1.800765e+06
5.759835e-03,-1.875529e+06
5.318477e-03,-1.945039e+06
4.821778e-03,-2.007229e+06
4.310156e-03,-2.077733e+06
3.896305e-03,-2.129438e+06
3.580359e-03,-2.183212e+06
3.026387e-03,-2.237002e+06
2.673968e-03,-2.277228e+06
2.195793e-03,-2.317457e+06
1.775257e-03,-2.353413e+06
1.565028e-03,-2.330353e+06
1.206201e-03,-2.399804e+06
7.365714e-04,-2.439993e+06
1.544335e-04,-2.480112e+06
-3.907820e-04,-2.518143e+06
-9.045844e-04,-2.546783e+06
-1.430801e-03,-2.578553e+06
-1.929263e-03,-2.604021e+06
-2.446367e-03,-2.630552e+06
-2.886419e-03,-2.652900e+06
-3.396591e-03,-2.676288e+06
-3.934160e-03,-2.697561e+06
-4.412672e-03,-2.712590e+06
-4.974378e-03,-2.727621e+06
-5.449886e-03,-2.737452e+06
-5.916575e-03,-2.747289e+06
-6.400042e-03,-2.759169e+06
-6.930951e-03,-2.769005e+06
-7.394645e-03,-2.774724e+06
-7.987986e-03,-2.778349e+06
-8.610618e-03,-2.787131e+06
-9.065933e-03,-2.788661e+06
-9.642563e-03,-2.791212e+06
-1.012630e-02,-2.791726e+06
-1.072718e-02,-2.789074e+06
-1.132035e-02,-2.793633e+06
-1.182495e-02,-2.792067e+06
-1.243363e-02,-2.788373e+06
-1.296859e-02,-2.786832e+06
-1.345260e-02,-2.780002e+06
-1.393252e-02,-2.780542e+06
-1.452422e-02,-2.774773e+06
-1.497358e-02,-2.770053e+06
-1.543552e-02,-2.764326e+06
-1.614702e-02,-2.757522e+06
-1.662134e-02,-2.750803e+06
-1.706878e-02,-2.744000e+06
-1.753982e-02,-2.737253e+06
-1.809796e-02,-2.727365e+06
-1.861512e-02,-2.716459e+06
-1.926863e-02,-2.704522e+06
-1.985292e-02,-2.692602e+06
-2.056380e-02,-2.676526e+06
-2.110807e-02,-2.669802e+06
-2.172012e-02,-2.659005e+06
-2.224346e-02,-2.643009e+06
-2.278393e-02,-2.629095e+06
-2.331687e-02,-2.580095e+06
-2.336967e-02,-2.553272e+06
-2.333098e-02,-2.496480e+06
-2.332583e-02,-2.498570e+06
-2.321636e-02,-2.434777e+06
-2.307105e-02,-2.377229e+06
-2.300618e-02,-2.316598e+06
-2.277182e-02,-2.254886e+06
-2.259141e-02,-2.188037e+06
-2.248341e-02,-2.128398e+06
-2.226558e-02,-2.054305e+06
-2.202094e-02,-1.990520e+06
-2.193459e-02,-1.924675e+06
-2.169567e-02,-1.851547e+06
-2.154010e-02,-1.783577e+06
-2.133429e-02,-1.701150e+06
-2.114599e-02,-1.625943e+06
-2.097266e-02,-1.547627e+06
-2.074696e-02,-1.474442e+06
-2.061535e-02,-1.404340e+06
-2.031142e-02,-1.331121e+06
-2.023428e-02,-1.254791e+06
-2.001256e-02,-1.179476e+06
-1.986617e-02,-1.102082e+06
-1.963386e-02,-1.028809e+06
-1.943627e-02,-9.513766e+05
-1.925998e-02,-8.759931e+05
-1.900494e-02,-8.016296e+05
-1.884345e-02,-7.241399e+05
-1.862172e-02,-6.507730e+05
-1.839171e-02,-5.742805e+05
-1.811618e-02,-4.915676e+05
-1.796689e-02,-4.212461e+05
-1.780117e-02,-3.488393e+05
-1.756445e-02,-2.795187e+05
-1.741642e-02,-2.019006e+05
-1.726411e-02,-1.346183e+05
-1.689925e-02,-7.974721e+04
-1.669122e-02,-8.286805e+03
-1.644780e-02,6.216529e+04
-1.619668e-02,1.523301e+05
-1.595133e-02,2.477092e+05
-1.572931e-02,3.275625e+05
-1.544929e-02,4.053653e+05
-1.513496e-02,4.873425e+05
-1.488810e-02,5.600058e+05
-1.470404e-02,6.326986e+05
-1.434069e-02,7.085160e+05
-1.402327e-02,7.802120e+05
-1.383869e-02,8.550503e+05
-1.349229e-02,9.174493e+05
-1.316580e-02,9.902697e+05
-1.286249e-02,1.061033e+06
-1.243156e-02,1.130802e+06
-1.208775e-02,1.199564e+06
-1.156792e-02,1.273544e+06
-1.130875e-02,1.333005e+06
-1.084496e-02,1.403956e+06
-1.045605e-02,1.463470e+06
-1.000253e-02,1.527198e+06
-9.564682e-03,1.576358e+06
-9.118019e-03,1.632837e+06
-8.649554e-03,1.687265e+06
-8.174505e-03,1.733373e+06
-7.657937e-03,1.777401e+06
-7.247731e-03,1.819362e+06
-6.824773e-03,1.858214e+06
-6.380524e-03,1.899161e+06
-5.787437e-03,1.937073e+06
-5.428078e-03,1.968655e+06
-4.866376e-03,1.991921e+06
-4.772084e-03,1.975345e+06
-4.738956e-03,1.930529e+06
-4.341060e-03,2.030840e+06
-3.720645e-03,2.076016e+06
-3.094025e-03,2.105580e+06
-2.547825e-03,2.140383e+06
-2.004421e-03,2.168895e+06
-1.458902e-03,2.196391e+06
-1.084680e-03,2.220774e+06
-5.427239e-04,2.249364e+06
-5.396319e-05,2.275867e+06
5.734672e-04,2.301305e+06
1.168338e-03,2.324690e+06
1.579512e-03,2.345937e+06
2.091611e-03,2.369334e+06
2.583636e-03,2.391693e+06
3.076447e-03,2.410904e+06
3.593389e-03,2.431155e+06
4.199874e-03,2.455610e+06
4.872253e-03,2.472774e+06
5.173787e-03,2.497248e+06
5.975964e-03,2.515457e+06
6.512558e-03,2.528411e+06
7.010358e-03,2.549734e+06
7.624061e-03,2.568999e+06
8.211370e-03,2.584034e+06
8.789002e-03,2.604362e+06
9.400493e-03,2.625721e+06
9.939791e-03,2.642918e+06
1.045638e-02,2.662162e+06
1.102594e-02,2.677262e+06
1.165390e-02,2.694438e+06
1.218243e-02,2.711637e+06
1.289333e-02,2.727820e+06
1.350648e-02,2.735566e+06
1.410420e-02,2.751714e+06
1.465038e-02,2.766806e+06
1.516724e-02,2.777659e+06
1.567297e-02,2.792726e+06
1.631362e-02,2.804659e+06
1.684277e-02,2.820778e+06
1.749940e-02,2.832753e+06
1.802962e-02,2.847866e+06
1.873436e-02,2.856715e+06
1.936185e-02,2.809886e+06
1.996674e-02,2.794552e+06
2.059353e-02,2.773936e+06
2.141707e-02,2.672637e+06
2.204188e-02,2.676166e+06
2.264883e-02,2.669211e+06
2.324015e-02,2.655924e+06
2.392715e-02,2.646875e+06
2.449982e-02,2.644056e+06
2.518452e-02,2.633896e+06
2.595271e-02,2.622739e+06
2.661759e-02,2.611502e+06
2.730093e-02,2.600285e+06
2.795232e-02,2.595385e+06
2.853194e-02,2.583083e+06
2.918743e-02,2.561281e+06
2.923190e-02,2.544505e+06
2.934720e-02,2.522502e+06
2.930434e-02,2.480428e+06
2.961453e-02,2.495156e+06
2.965304e-02,2.552053e+06
3.016535e-02,2.557607e+06
3.097601e-02,2.529526e+06
3.096873e-02,2.472723e+06
3.091960e-02,2.453783e+06
3.096458e-02,2.437999e+06
3.087655e-02,2.371688e+06
3.067981e-02,2.296854e+06
3.042653e-02,2.229432e+06
3.024294e-02,2.158802e+06
2.999217e-02,2.085041e+06
2.987993e-02,2.013400e+06
2.972004e-02,1.939672e+06
2.941471e-02,1.868038e+06
2.916423e-02,1.784858e+06
2.899712e-02,1.703786e+06
2.871297e-02,1.623783e+06
2.849402e-02,1.544837e+06
2.828649e-02,1.459589e+06
2.812908e-02,1.382765e+06
2.776428e-02,1.300705e+06
2.752223e-02,1.220743e+06
2.722089e-02,1.136604e+06
2.693894e-02,1.057734e+06
2.673402e-02,9.778068e+05
2.646661e-02,8.947625e+05
2.622786e-02,8.169846e+05
2.601618e-02,7.360637e+05
2.574514e-02,6.572497e+05
2.548757e-02,5.753067e+05
2.513341e-02,4.881240e+05
2.506254e-02,4.041081e+05
2.465112e-02,3.190571e+05
2.452312e-02,2.413701e+05
2.411339e-02,1.353612e+05
2.377112e-02,2.832807e+04
2.342402e-02,-5.560128e+04
2.307329e-02,-1.195822e+05
2.273182e-02,-1.877405e+05
2.251176e-02,-2.705627e+05
2.221570e-02,-3.544176e+05
2.181828e-02,-4.382440e+05
2.152192e-02,-5.188969e+05
2.129144e-02,-6.005843e+05
2.084541e-02,-6.822500e+05
2.061009e-02,-7.691222e+05
2.021180e-02,-8.538821e+05
1.995171e-02,-9.427950e+05
1.949509e-02,-1.025396e+06
1.908013e-02,-1.105876e+06
1.857492e-02,-1.193643e+06
1.818235e-02,-1.282412e+06
1.772439e-02,-1.365913e+06
1.722827e-02,-1.439959e+06
1.677424e-02,-1.512958e+06
1.628026e-02,-1.584848e+06
1.581897e-02,-1.648385e+06
1.532502e-02,-1.714991e+06
1.481372e-02,-1.777373e+06
1.436939e-02,-1.835574e+06
1.387262e-02,-1.890630e+06
1.338320e-02,-1.941476e+06
1.287940e-02,-1.990196e+06
1.230471e-02,-2.046165e+06
1.183188e-02,-2.085490e+06
1.135660e-02,-2.128950e+06
1.084183e-02,-2.167172e+06
1.031423e-02,-2.205359e+06
9.808960e-03,-2.239390e+06
9.248617e-03,-2.275503e+06
8.811493e-03,-2.307409e+06
8.351227e-03,-2.337224e+06
7.882139e-03,-2.362854e+06
7.314972e-03,-2.391611e+06
6.701589e-03,-2.415153e+06
6.133128e-03,-2.442800e+06
5.596438e-03,-2.459036e+06
5.157665e-03,-2.480482e+06
4.658235e-03,-2.497710e+06
4.083743e-03,-2.514983e+06
3.589278e-03,-2.530188e+06
3.044846e-03,-2.534897e+06
2.913020e-03,-2.521254e+06
2.928627e-03,-2.474421e+06
2.379971e-03,-2.561471e+06
1.784600e-03,-2.585996e+06
1.197138e-03,-2.604279e+06
4.808584e-04,-2.616266e+06
-1.646258e-04,-2.629286e+06
-7.464843e-04,-2.639202e+06
-1.215415e-03,-2.650128e+06
-1.760499e-03,-2.656938e+06
-2.459643e-03,-2.664746e+06
-2.957962e-03,-2.669468e+06
-3.519393e-03,-2.677267e+06
-4.079173e-03,-2.680942e+06
-4.669953e-03,-2.682462e+06
-5.184504e-03,-2.688219e+06
-5.733844e-03,-2.688732e+06
-6.444368e-03,-2.692330e+06
-7.016556e-03,-2.693900e+06
-7.590145e-03,-2.692392e+06
-8.364679e-03,-2.693969e+06
-8.857077e-03,-2.692407e+06
-9.450143e-03,-2.688795e+06
-1.012807e-02,-2.689316e+06
-1.058899e-02,-2.685728e+06
-1.122067e-02,-2.680001e+06
-1.186446e-02,-2.674287e+06
-1.249856e-02,-2.672769e+06
-1.321769e-02,-2.667054e+06
-1.368164e-02,-2.659308e+06
-1.423974e-02,-2.651483e+06
-1.501946e-02,-2.645848e+06
-1.532469e-02,-2.634920e+06
-1.579335e-02,-2.628173e+06
-1.627727e-02,-2.619344e+06
-1.697081e-02,-2.608513e+06
-1.760976e-02,-2.605958e+06
-1.822582e-02,-2.591989e+06
-1.886551e-02,-2.583139e+06
-1.954898e-02,-2.568156e+06
-1.992586e-02,-2.557349e+06
-2.052194e-02,-2.547564e+06
-2.167042e-02,-2.522916e+06
-2.215752e-02,-2.513099e+06
-2.275472e-02,-2.506381e+06
-2.326581e-02,-2.492491e+06
-2.381456e-02,-2.480655e+06
-2.437391e-02,-2.466720e+06
-2.505567e-02,-2.453781e+06
-2.568538e-02,-2.435742e+06
-2.594812e-02,-2.429036e+06
-2.695615e-02,-2.416250e+06
-2.761795e-02,-2.398211e+06
-2.799693e-02,-2.389541e+06
-2.867658e-02,-2.375631e+06
-2.950444e-02,-2.358598e+06
-3.022835e-02,-2.347825e+06
-3.083239e-02,-2.332911e+06
-3.146808e-02,-2.317988e+06
-3.217907e-02,-2.303172e+06
-3.289030e-02,-2.275925e+06
-3.286724e-02,-2.273842e+06
-3.317572e-02,-2.231509e+06
-3.315817e-02,-2.222250e+06
-3.339794e-02,-2.270403e+06
-3.410514e-02,-2.263740e+06
-3.450014e-02,-2.236737e+06
-3.439993e-02,-2.207942e+06
-3.454199e-02,-2.185293e+06
-3.448900e-02,-2.158568e+06
-3.434935e-02,-2.101166e+06
-3.417908e-02,-2.047868e+06
-3.403759e-02,-1.991507e+06
-3.392511e-02,-1.936174e+06
-3.372707e-02,-1.876702e+06
-3.351301e-02,-1.818246e+06
-3.338133e-02,-1.760806e+06
-3.319721e-02,-1.700286e+06
-3.294486e-02,-1.639759e+06
-3.291997e-02,-1.579210e+06
-3.261418e-02,-1.511438e+06
-3.244139e-02,-1.447778e+06
-3.225266e-02,-1.382034e+06
-3.206840e-02,-1.311147e+06
-3.189673e-02,-1.234054e+06
-3.170092e-02,-1.168280e+06
-3.153291e-02,-1.099397e+06
-3.122282e-02,-1.024319e+06
-3.099567e-02,-9.595111e+05
-3.076160e-02,-8.895433e+05
-3.053097e-02,-8.144116e+05
-3.033803e-02,-7.474950e+05
-3.014938e-02,-6.774755e+05
-3.002735e-02,-6.033119e+05
-2.980401e-02,-5.291284e+05
-2.957573e-02,-4.538935e+05
-2.942149e-02,-3.858686e+05
-2.913157e-02,-3.136952e+05
-2.888456e-02,-2.435585e+05
-2.856639e-02,-1.744374e+05
-2.836273e-02,-1.238810e+05
-2.807087e-02,-6.194920e+04
-2.775061e-02,6.195952e+03
-2.745584e-02,8.057033e+04
-2.718428e-02,1.539362e+05
-2.683021e-02,2.438648e+05
-2.651311e-02,3.162494e+05
-2.619472e-02,3.876259e+05
-2.591841e-02,4.549001e+05
-2.556625e-02,5.211546e+05
-2.525872e-02,5.833000e+05
-2.486239e-02,6.475326e+05
-2.454809e-02,7.138595e+05
-2.422870e-02,7.802326e+05
-2.375128e-02,8.466365e+05
-2.337012e-02,9.110014e+05
-2.291014e-02,9.733267e+05
-2.241621e-02,1.035688e+06
-2.191913e-02,1.097052e+06
-2.142346e-02,1.156353e+06
-2.090885e-02,1.214655e+06
-2.039872e-02,1.261567e+06
-1.993945e-02,1.309541e+06
-1.953813e-02,1.362694e+06
-1.909117e-02,1.396172e+06
-1.847590e-02,1.446277e+06
-1.797355e-02,1.489109e+06
-1.748148e-02,1.528880e+06
-1.697371e-02,1.567598e+06
-1.644377e-02,1.609498e+06
-1.587532e-02,1.638899e+06
-1.538243e-02,1.673512e+06
-1.483961e-02,1.706044e+06
-1.434834e-02,1.737547e+06
-1.287931e-02,1.823842e+06
-1.226289e-02,1.853322e+06
-1.161032e-02,1.876579e+06
-1.116697e-02,1.905029e+06
-1.059956e-02,1.927210e+06
-1.005460e-02,1.947281e+06
-9.515848e-03,1.971608e+06
-8.969239e-03,1.988575e+06
-8.432057e-03,2.009773e+06
-7.741668e-03,2.028894e+06
-7.184054e-03,2.044904e+06
-6.629532e-03,2.058807e+06
-6.178737e-03,2.047660e+06
-6.173763e-03,2.047669e+06
-6.132248e-03,2.022642e+06
-5.483443e-03,2.108511e+06
-4.783877e-03,2.123479e+06
-4.106924e-03,2.142648e+06
-3.375082e-03,2.163871e+06
-2.757448e-03,2.175758e+06
-2.181166e-03,2.196982e+06
-1.657715e-03,2.211978e+06
-1.117176e-03,2.226959e+06
-4.806750e-04,2.239865e+06
1.086311e-04,2.257983e+06
6.604198e-04,2.269851e+06
1.100241e-03,2.282792e+06
1.725659e-03,2.293628e+06
2.282354e-03,2.306546e+06
2.870673e-03,2.315287e+06
3.530161e-03,2.325065e+06
4.145128e-03,2.341206e+06
4.767398e-03,2.347842e+06
5.229829e-03,2.357642e+06
5.996573e-03,2.365397e+06
6.531028e-03,2.374170e+06
7.163809e-03,2.381862e+06
7.778365e-03,2.390619e+06
8.374477e-03,2.399422e+06
9.017750e-03,2.403949e+06
9.671535e-03,2.408564e+06
1.025474e-02,2.416266e+06
1.091121e-02,2.416648e+06
1.144631e-02,2.426444e+06
1.210392e-02,2.428900e+06
1.265230e-02,2.432367e+06
1.340712e-02,2.432787e+06
1.415740e-02,2.435282e+06
1.462925e-02,2.441942e+06
1.524736e-02,2.441256e+06
1.598588e-02,2.440567e+06
1.665823e-02,2.444070e+06
1.724187e-02,2.443352e+06
1.779512e-02,2.443690e+06
1.856675e-02,2.445174e+06
1.926727e-02,2.441311e+06
1.975766e-02,2.439543e+06
2.047550e-02,2.434608e+06
2.113011e-02,2.430777e+06
2.166171e-02,2.430034e+06
2.229765e-02,2.426213e+06
2.297777e-02,2.419182e+06
2.358931e-02,2.420564e+06
2.429368e-02,2.417743e+06
2.495086e-02,2.417012e+06
2.551691e-02,2.413112e+06
2.624462e-02,2.408175e+06
2.695404e-02,2.396951e+06
2.758851e-02,2.387794e+06
2.822470e-02,2.373422e+06
2.890429e-02,2.363234e+06
2.950999e-02,2.355114e+06
3.010034e-02,2.345939e+06
3.077356e-02,2.331481e+06
3.136937e-02,2.314935e+06
3.193221e-02,2.298315e+06
3.197867e-02,2.239404e+06
3.194217e-02,2.235196e+06
3.178889e-02,2.162527e+06
3.155504e-02,2.089813e+06
3.130123e-02,2.017103e+06
3.104281e-02,1.944384e+06
3.076761e-02,1.868510e+06
3.058063e-02,1.796865e+06
3.029647e-02,1.716830e+06
3.013884e-02,1.638890e+06
2.988667e-02,1.560977e+06
2.962973e-02,1.480954e+06
2.933756e-02,1.395691e+06
2.906754e-02,1.308345e+06
2.890346e-02,1.227311e+06
2.860292e-02,1.131568e+06
2.828289e-02,1.050570e+06
2.805687e-02,9.643273e+05
2.773659e-02,8.770427e+05
2.742936e-02,7.897819e+05
2.715542e-02,7.046436e+05
2.690539e-02,6.237198e+05
2.661306e-02,5.407140e+05
2.628108e-02,4.587726e+05
2.603031e-02,3.726501e+05
2.574740e-02,2.896887e+05
2.537497e-02,2.046508e+05
2.500411e-02,8.289703e+04
2.462979e-02,-9.442881e+03
2.433292e-02,-9.441824e+04
2.398036e-02,-1.562933e+05
2.356649e-02,-2.380811e+05
2.323551e-02,-3.208966e+05
2.282945e-02,-4.089178e+05
2.246429e-02,-5.011078e+05
2.217663e-02,-5.890548e+05
2.158391e-02,-6.738444e+05
2.134233e-02,-7.596590e+05
2.080342e-02,-8.464874e+05
2.027436e-02,-9.353677e+05
1.983017e-02,-1.018993e+06
1.940962e-02,-1.096291e+06
1.897749e-02,-1.172538e+06
1.838338e-02,-1.250816e+06
1.790920e-02,-1.316524e+06
1.734077e-02,-1.389541e+06
1.681130e-02,-1.449961e+06
1.628544e-02,-1.511397e+06
1.578261e-02,-1.573836e+06
1.528832e-02,-1.624790e+06
1.477519e-02,-1.678828e+06
1.418484e-02,-1.730766e+06
1.365856e-02,-1.777450e+06
1.312318e-02,-1.819942e+06
1.255807e-02,-1.863504e+06
1.199263e-02,-1.908011e+06
1.147113e-02,-1.947329e+06
1.090558e-02,-1.982455e+06
1.030694e-02,-2.018584e+06
9.762499e-03,-2.049503e+06
9.166538e-03,-2.075226e+06
8.558707e-03,-2.103007e+06
8.100146e-03,-2.127664e+06
7.604288e-03,-2.154351e+06
6.734287e-03,-2.184033e+06
6.139313e-03,-2.204521e+06
5.559162e-03,-2.220756e+06
5.030016e-03,-2.238025e+06
4.377584e-03,-2.254290e+06
3.896217e-03,-2.266411e+06
3.322506e-03,-2.277465e+06
2.756704e-03,-2.285360e+06
2.288399e-03,-2.284030e+06
2.113655e-03,-2.282849e+06
2.097131e-03,-2.268266e+06
2.076742e-03,-2.244324e+06
1.478349e-03,-2.310581e+06
8.932021e-04,-2.325733e+06
1.990322e-04,-2.331564e+06
-4.467932e-04,-2.340523e+06
-1.136785e-03,-2.348374e+06
-1.725643e-03,-2.352102e+06
-2.349731e-03,-2.355826e+06
-3.035667e-03,-2.360576e+06
-3.689706e-03,-2.361165e+06
-4.221251e-03,-2.363852e+06
-4.836493e-03,-2.363386e+06
-5.405807e-03,-2.358797e+06
-5.913185e-03,-2.364569e+06
-6.610232e-03,-2.362065e+06
-7.137521e-03,-2.361647e+06
-7.770962e-03,-2.358058e+06
-8.284773e-03,-2.357625e+06
-9.066214e-03,-2.352037e+06
-9.654263e-03,-2.344297e+06
-1.023626e-02,-2.344933e+06
-1.090635e-02,-2.335153e+06
-1.140165e-02,-2.333657e+06
-1.199087e-02,-2.329095e+06
-1.262561e-02,-2.321390e+06
-1.328385e-02,-2.315781e+06
-1.389496e-02,-2.309171e+06
-1.450844e-02,-2.302538e+06
-1.510922e-02,-2.293756e+06
-1.570929e-02,-2.286090e+06
-1.628646e-02,-2.280496e+06
-1.692074e-02,-2.272832e+06
-1.752806e-02,-2.259928e+06
-1.826151e-02,-2.252233e+06
-1.886264e-02,-2.240437e+06
-1.953666e-02,-2.232768e+06
-2.013778e-02,-2.220920e+06
-2.080812e-02,-2.212198e+06
-2.122539e-02,-2.205557e+06
-2.185187e-02,-2.196895e+06
-2.248142e-02,-2.183012e+06
-2.309683e-02,-2.179474e+06
-2.371815e-02,-2.167674e+06
-2.429829e-02,-2.158997e+06
-2.490463e-02,-2.149312e+06
-2.546140e-02,-2.140616e+06
-2.617198e-02,-2.127829e+06
-2.674562e-02,-2.123264e+06
-2.742138e-02,-2.113532e+06
-2.799890e-02,-2.100685e+06
-2.860217e-02,-2.092022e+06
-2.914987e-02,-2.085434e+06
-2.974702e-02,-2.072619e+06
-3.038804e-02,-2.064959e+06
-3.106279e-02,-2.053191e+06
-3.170163e-02,-2.041382e+06
-3.231278e-02,-2.033752e+06
-3.290419e-02,-2.027152e+06
-3.351564e-02,-2.015351e+06
-3.417125e-02,-2.004650e+06
-3.486579e-02,-1.988752e+06
-3.548875e-02,-1.975967e+06
-3.606323e-02,-1.961228e+06
-3.599323e-02,-1.912870e+06
-3.613453e-02,-1.928275e+06
-3.588712e-02,-1.863589e+06
-3.573293e-02,-1.811329e+06
-3.554979e-02,-1.756990e+06
-3.540126e-02,-1.703668e+06
-3.522068e-02,-1.648296e+06
-3.498399e-02,-1.587784e+06
-3.481634e-02,-1.529316e+06
-3.460135e-02,-1.466723e+06
-3.447590e-02,-1.406166e+06
-3.417234e-02,-1.345615e+06
-3.406495e-02,-1.281945e+06
-3.377151e-02,-1.217228e+06
-3.357916e-02,-1.155591e+06
-3.335288e-02,-1.084673e+06
-3.314070e-02,-1.016831e+06
-3.299423e-02,-9.510250e+05
-3.272085e-02,-8.821097e+05
-3.248417e-02,-8.162719e+05
-3.213660e-02,-7.463001e+05
-3.183424e-02,-6.814473e+05
-3.150272e-02,-6.155531e+05
-3.140589e-02,-5.455154e+05
-3.118799e-02,-4.785549e+05
-3.094261e-02,-4.095184e+05
-3.048077e-02,-3.404561e+05
-3.043958e-02,-2.744717e+05
-3.017952e-02,-2.064023e+05
-2.990341e-02,-1.445021e+05
-2.957822e-02,-9.394208e+04
-2.927878e-02,-2.168233e+04
-2.887681e-02,3.821333e+04
-2.859034e-02,1.053677e+05
-2.818240e-02,1.890840e+05
-2.781018e-02,2.593952e+05
-2.743396e-02,3.224932e+05
-2.711399e-02,3.835479e+05
-2.673289e-02,4.487720e+05
-2.632674e-02,5.119492e+05
-2.589533e-02,5.772226e+05
-2.544246e-02,6.342541e+05
-2.496562e-02,6.975363e+05
-2.445935e-02,7.556684e+05
-2.405954e-02,8.003427e+05
-2.353489e-02,8.585223e+05
-2.299876e-02,9.042755e+05
-2.253940e-02,9.490337e+05
-2.202148e-02,9.937921e+05
-2.151960e-02,1.036505e+06
-2.098681e-02,1.080257e+06
-2.055714e-02,1.117825e+06
-2.001793e-02,1.153324e+06
-1.955223e-02,1.191942e+06
-1.892101e-02,1.224350e+06
-1.841990e-02,1.259889e+06
-1.789464e-02,1.286093e+06
-1.737754e-02,1.319586e+06
-1.690995e-02,1.346849e+06
-1.622789e-02,1.381398e+06
-1.588668e-02,1.406611e+06
-1.516902e-02,1.435988e+06
-1.468184e-02,1.465362e+06
-1.411853e-02,1.486424e+06
-1.355495e-02,1.513758e+06
-1.302366e-02,1.541067e+06
-1.235337e-02,1.560077e+06
-1.175742e-02,1.586383e+06
-1.123553e-02,1.604352e+06
-1.056465e-02,1.627565e+06
-9.960982e-03,1.644489e+06
-9.363501e-03,1.668735e+06
-8.705816e-03,1.683639e+06
-8.103360e-03,1.702676e+06
-7.523895e-03,1.721696e+06
-6.863103e-03,1.740765e+06
-6.366769e-03,1.748386e+06
-5.690381e-03,1.759112e+06
-5.479366e-03,1.757110e+06
-5.463184e-03,1.704987e+06
-5.001250e-03,1.791752e+06
-4.353447e-03,1.814997e+06
-3.644251e-03,1.831991e+06
-2.919187e-03,1.847963e+06
-2.232844e-03,1.864997e+06
-1.749387e-03,1.877824e+06
-1.100338e-03,1.893784e+06
-5.113458e-04,1.909763e+06
1.597034e-04,1.921579e+06
8.449410e-04,1.936576e+06
1.350815e-03,1.948357e+06
1.928515e-03,1.961217e+06
2.514940e-03,1.970977e+06
3.127306e-03,1.982789e+06
3.519514e-03,1.995656e+06
4.416021e-03,2.004384e+06
4.978410e-03,2.013042e+06
5.638892e-03,2.022795e+06
6.220877e-03,2.032580e+06
6.978903e-03,2.040181e+06
7.389476e-03,2.047853e+06
8.066605e-03,2.054456e+06
8.636158e-03,2.064190e+06
9.244109e-03,2.073949e+06
1.028966e-02,2.077437e+06
1.049191e-02,2.081956e+06
1.115705e-02,2.089631e+06
1.185109e-02,2.095242e+06
1.231367e-02,2.101816e+06
1.294785e-02,2.106334e+06
1.366213e-02,2.110867e+06
1.427901e-02,2.114366e+06
1.493915e-02,2.120970e+06
1.562897e-02,2.122364e+06
1.629545e-02,2.123734e+06
1.702140e-02,2.131385e+06
1.755336e-02,2.133786e+06
1.824546e-02,2.143557e+06
1.880974e-02,2.143838e+06
1.945204e-02,2.146281e+06
2.015280e-02,2.152860e+06
2.079380e-02,2.155257e+06
2.144765e-02,2.153470e+06
2.205095e-02,2.157949e+06
2.262824e-02,2.158272e+06
2.326763e-02,2.157528e+06
2.397088e-02,2.155775e+06
2.477122e-02,2.157141e+06
2.527342e-02,2.154297e+06
2.597135e-02,2.151436e+06
2.670120e-02,2.150681e+06
2.731090e-02,2.143571e+06
2.801542e-02,2.140757e+06
2.876607e-02,2.141078e+06
2.934433e-02,2.133999e+06
2.988101e-02,2.129000e+06
3.061882e-02,2.119830e+06
3.138135e-02,2.112747e+06
3.198482e-02,2.108808e+06
3.261794e-02,2.101699e+06
3.317679e-02,2.092501e+06
3.388871e-02,2.083286e+06
3.450394e-02,2.076160e+06
3.516048e-02,2.069066e+06
3.582712e-02,2.058800e+06
3.649828e-02,2.047458e+06
3.720622e-02,2.037177e+06
3.780401e-02,2.030033e+06
3.833798e-02,2.015514e+06
3.892942e-02,2.008397e+06
3.963986e-02,1.998116e+06
4.023599e-02,1.985669e+06
4.088220e-02,1.944801e+06
4.095440e-02,1.961657e+06
4.109764e-02,1.942747e+06
4.167133e-02,1.973494e+06
4.224485e-02,1.953686e+06
4.240139e-02,1.925307e+06
4.240435e-02,1.873671e+06
4.247718e-02,1.869481e+06
4.222608e-02,1.803017e+06
4.201900e-02,1.731229e+06
4.173358e-02,1.661558e+06
4.142485e-02,1.586616e+06
4.109242e-02,1.512732e+06
4.079069e-02,1.437819e+06
4.048780e-02,1.352374e+06
4.017645e-02,1.269039e+06
3.987246e-02,1.189943e+06
3.965893e-02,1.101378e+06
3.937718e-02,1.020194e+06
3.902521e-02,9.274464e+05
3.868501e-02,8.378759e+05
3.840648e-02,7.525383e+05
3.795997e-02,6.619518e+05
3.757799e-02,5.797992e+05
3.732123e-02,4.976695e+05
3.699689e-02,4.092398e+05
3.665627e-02,3.239915e+05
3.627383e-02,2.387572e+05
3.581782e-02,1.514404e+05
3.537819e-02,5.362814e+04
3.489645e-02,-4.836321e+04
3.440054e-02,-1.261478e+05
3.388984e-02,-1.933989e+05
3.351539e-02,-2.805955e+05
3.290384e-02,-3.740695e+05
3.248566e-02,-4.485904e+05
3.197178e-02,-5.398976e+05
3.154606e-02,-6.090948e+05
3.097036e-02,-6.877335e+05
3.044340e-02,-7.590069e+05
2.995527e-02,-8.239635e+05
2.942284e-02,-8.920439e+05
2.886628e-02,-9.548544e+05
2.840810e-02,-1.019748e+06
2.780260e-02,-1.075169e+06
2.724808e-02,-1.132658e+06
2.669175e-02,-1.179669e+06
2.605408e-02,-1.233981e+06
2.596727e-02,-1.279923e+06
2.495645e-02,-1.323712e+06
2.441748e-02,-1.366460e+06
2.386743e-02,-1.406024e+06
2.334914e-02,-1.443498e+06
2.272197e-02,-1.486189e+06
2.208830e-02,-1.521549e+06
2.150535e-02,-1.558962e+06
2.085058e-02,-1.591155e+06
2.039916e-02,-1.619161e+06
1.983528e-02,-1.651318e+06
1.917457e-02,-1.683455e+06
1.870827e-02,-1.707223e+06
1.805334e-02,-1.736210e+06
1.743814e-02,-1.759964e+06
1.689518e-02,-1.782635e+06
1.638080e-02,-1.806403e+06
1.579618e-02,-1.824879e+06
1.521115e-02,-1.846518e+06
1.458985e-02,-1.867081e+06
1.404298e-02,-1.884485e+06
1.332856e-02,-1.899807e+06
1.277510e-02,-1.914085e+06
1.216219e-02,-1.931488e+06
1.156849e-02,-1.943663e+06
1.093604e-02,-1.957912e+06
1.039054e-02,-1.969079e+06
9.745765e-03,-1.979148e+06
9.222640e-03,-1.982995e+06
8.709021e-03,-1.995149e+06
8.140322e-03,-2.003133e+06
7.509008e-03,-2.010088e+06
6.827733e-03,-2.017013e+06
6.219950e-03,-2.019773e+06
5.630728e-03,-2.021540e+06
5.070767e-03,-2.025302e+06
4.465233e-03,-2.029130e+06
3.828274e-03,-2.029804e+06
3.254031e-03,-2.031571e+06
2.705974e-03,-2.030150e+06
1.998382e-03,-2.018337e+06
1.805031e-03,-2.016167e+06
1.727004e-03,-1.977637e+06
1.455437e-03,-2.032562e+06
7.381873e-04,-2.034312e+06
5.482638e-05,-2.037074e+06
-7.649627e-04,-2.036675e+06
-1.472959e-03,-2.035317e+06
-2.165457e-03,-2.031797e+06
-2.695907e-03,-2.032480e+06
-3.374011e-03,-2.030042e+06
-3.963176e-03,-2.026593e+06
-4.589478e-03,-2.026159e+06
-5.220301e-03,-2.021641e+06
-5.830187e-03,-2.020249e+06
-6.472760e-03,-2.013617e+06
-7.048765e-03,-2.012233e+06
-7.697309e-03,-2.007678e+06
-8.296688e-03,-2.006264e+06
-8.891998e-03,-1.998605e+06
-9.524068e-03,-1.996162e+06
-1.018003e-02,-1.991700e+06
-1.080531e-02,-1.986126e+06
-1.134624e-02,-1.979525e+06
-1.200578e-02,-1.976017e+06
-1.267507e-02,-1.969417e+06
-1.339285e-02,-1.963874e+06
-1.389722e-02,-1.960374e+06
-1.465641e-02,-1.952741e+06
-1.522093e-02,-1.946144e+06
-1.592915e-02,-1.941610e+06
-1.650794e-02,-1.936079e+06
-1.706536e-02,-1.925344e+06
-1.767819e-02,-1.923946e+06
-1.839884e-02,-1.918379e+06
-1.898898e-02,-1.911796e+06
-1.971922e-02,-1.903137e+06
-2.029969e-02,-1.897611e+06
-2.078745e-02,-1.892048e+06
-2.147132e-02,-1.885412e+06
-2.221075e-02,-1.880903e+06
-2.283383e-02,-1.872241e+06
-2.347463e-02,-1.867781e+06
-2.402562e-02,-1.859161e+06
-2.459705e-02,-1.853603e+06
-2.522090e-02,-1.848074e+06
-2.581129e-02,-1.842546e+06
-2.646196e-02,-1.834964e+06
-2.714097e-02,-1.830480e+06
-2.775481e-02,-1.822843e+06
-2.843037e-02,-1.820423e+06
-2.891613e-02,-1.810765e+06
-2.946339e-02,-1.806302e+06
-3.001046e-02,-1.800791e+06
-3.062696e-02,-1.795260e+06
-3.139079e-02,-1.790781e+06
-3.201905e-02,-1.783153e+06
-3.261761e-02,-1.780715e+06
-3.324850e-02,-1.772051e+06
-3.388971e-02,-1.766525e+06
-3.450829e-02,-1.759971e+06
-3.518822e-02,-1.756506e+06
-3.574761e-02,-1.747877e+06
-3.644031e-02,-1.744384e+06
-3.703689e-02,-1.738843e+06
-3.754495e-02,-1.730259e+06
-3.826138e-02,-1.723684e+06
-3.888064e-02,-1.718157e+06
-3.947870e-02,-1.716741e+06
-4.016337e-02,-1.712243e+06
-4.082592e-02,-1.702640e+06
-4.144971e-02,-1.700178e+06
-4.216604e-02,-1.690540e+06
-4.278678e-02,-1.684962e+06
-4.336913e-02,-1.683566e+06
-4.405520e-02,-1.678037e+06
-4.474809e-02,-1.670468e+06
-4.531439e-02,-1.665977e+06
-4.600553e-02,-1.619473e+06
-4.608454e-02,-1.642022e+06
-4.598609e-02,-1.611282e+06
-4.677157e-02,-1.652889e+06
-4.686828e-02,-1.644633e+06
-4.695517e-02,-1.598474e+06
-4.696535e-02,-1.596435e+06
-4.680321e-02,-1.546326e+06
-4.650606e-02,-1.489116e+06
-4.638522e-02,-1.439101e+06
-4.621489e-02,-1.377771e+06
-4.595490e-02,-1.319508e+06
-4.572855e-02,-1.256133e+06
-4.550475e-02,-1.194761e+06
-4.526351e-02,-1.131342e+06
-4.503013e-02,-1.072025e+06
-4.487247e-02,-1.001398e+06
-4.477255e-02,-9.410089e+05
-4.433057e-02,-8.754644e+05
-4.406229e-02,-8.160823e+05
-4.376137e-02,-7.546209e+05
-4.351317e-02,-6.921151e+05
-4.323890e-02,-6.316374e+05
-4.298109e-02,-5.701212e+05
-4.253517e-02,-5.054821e+05
-4.219085e-02,-4.418556e+05
-4.190426e-02,-3.915841e+05
-4.162004e-02,-3.330643e+05
-4.124730e-02,-2.827505e+05
-4.092704e-02,-2.241891e+05
-4.050895e-02,-1.697222e+05
-4.002288e-02,-1.286081e+05
-3.952238e-02,-6.998060e+04
-3.902411e-02,-2.367642e+04
-3.850982e-02,1.338635e+04
-3.802806e-02,3.399093e+04
-3.739900e-02,2.678857e+04
-3.697851e-02,5.668219e+04
-3.638408e-02,8.968308e+04
-3.586580e-02,1.278570e+05
-3.532499e-02,1.608934e+05
-3.461669e-02,1.887874e+05
-3.415481e-02,2.208202e+05
-3.362012e-02,2.477061e+05
-3.307833e-02,2.756409e+05
-3.250931e-02,2.994586e+05
-3.192085e-02,3.243170e+05
-3.133785e-02,3.471259e+05
-3.070999e-02,3.668380e+05
-3.019019e-02,3.865547e+05
-2.963113e-02,4.021464e+05
-2.905449e-02,4.280891e+05
-2.845043e-02,4.457735e+05
-2.786564e-02,4.655349e+05
-2.720017e-02,4.852929e+05
-2.666094e-02,4.967939e+05
-2.612226e-02,5.155312e+05
-2.542278e-02,5.353191e+05
-2.493638e-02,5.468273e+05
-2.429772e-02,5.666325e+05
-2.358999e-02,5.833404e+05
-2.306909e-02,5.958954e+05
-2.253545e-02,6.105340e+05
-2.185179e-02,6.251782e+05
-2.126914e-02,6.367200e+05
-2.059872e-02,6.513839e+05
-2.003524e-02,6.649974e+05
-1.931433e-02,6.775874e+05
-1.873530e-02,6.891377e+05
-1.814830e-02,6.965462e+05
-1.763108e-02,7.008422e+05
-1.700787e-02,7.196816e+05
-1.631159e-02,7.333277e+05
-1.572922e-02,7.376282e+05
-1.511321e-02,7.481475e+05
-1.455109e-02,7.555520e+05
-1.392804e-02,7.619328e+05
-1.329987e-02,7.662395e+05
-1.273286e-02,7.632543e+05
-1.199178e-02,7.519540e+05
-1.135672e-02,6.969247e+05
-1.158828e-02,5.460831e+05
-1.054308e-02,5.492842e+05
-1.015482e-02,5.472764e+05
-9.936916e-03,5.535362e+05
-9.312658e-03,5.567510e+05
-8.607466e-03,5.578823e+05
-7.979567e-03,5.663031e+05
-7.467023e-03,5.653508e+05
-6.771632e-03,5.665049e+05
-6.143713e-03,5.676296e+05
-5.645765e-03,5.677248e+05
-4.952085e-03,5.699131e+05
-4.232680e-03,5.647903e+05
-4.106908e-03,5.637650e+05
-4.135798e-03,5.272833e+05
-4.099838e-03,5.314515e+05
-4.062784e-03,5.377085e+05
-3.765064e-03,5.033052e+05
-4.443016e-03,4.813957e+05
-4.483263e-03,4.782636e+05
-4.465203e-03,4.740877e+05
-4.630131e-03,4.605187e+05
-4.953539e-03,4.167020e+05
-5.047992e-03,4.010619e+05
-5.273340e-03,3.676858e+05
-5.578208e-03,3.218109e+05
-5.966075e-03,2.780276e+05
-6.332209e-03,2.311339e+05
-6.718605e-03,1.769666e+05
-7.077666e-03,1.259371e+05
-7.562542e-03,7.804748e+04
-7.928399e-03,3.329467e+04
-8.374319e-03,-1.144307e+04
-8.746089e-03,-5.928453e+04
-9.191149e-03,-1.091854e+05
-9.676114e-03,-1.434711e+05
-9.863907e-03,-1.496995e+05
-1.024547e-02,-1.683860e+05
