panel zone shear distortion (rad),panel zone shear force (kN)
1.98E-05,-13.50004279
5.94E-05,119.2963471
0.000153279,253.5721733
0.000281819,399.6820037
0.000370784,538.3438506
0.000459776,677.913928
0.000533918,819.1691257
0.000622897,951.999961
0.000692074,1081.430819
0.00073162,957.062756
0.000687093,822.5517562
0.00060302,690.6031305
0.000523943,558.6495485
0.000449816,427.6017188
0.000360852,290.6634027
0.000232312,152.282822
0.000118624,27.10701637
0.000103801,-16.88614307
9.39E-05,152.2952126
0.000237322,289.8542972
0.000336202,429.2955124
0.000405364,568.8185056
0.000489422,700.7720876
0.000558612,841.1971154
0.000657479,976.5395234
0.000751408,1111.92406
0.000805747,1247.261512
0.000904642,1376.730781
0.000909578,1366.582888
0.000914514,1246.431342
0.000884809,1108.538951
0.000800767,977.370932
0.000696936,838.6471319
0.000617857,700.7547404
0.000543745,556.9817755
0.000439914,414.0699561
0.000370739,276.3138611
0.000212523,143.0059877
0.000113673,9.364894215
7.91E-05,-35.45282178
4.95E-05,-123.5100148
-9.84E-06,-247.2740367
-0.000103757,-383.5308704
-0.000158081,-511.2654569
-0.000197598,-640.6764896
-0.000286562,-776.8552625
-0.000350802,-911.3427201
-0.000434785,-1047.506624
-0.000523765,-1177.758979
-0.000597891,-1306.315061
-0.000662101,-1434.049647
-0.000726402,-1461.098304
-0.000716485,-1302.052698
-0.000676924,-1170.102833
-0.000622571,-1044.908318
-0.000538527,-918.0398339
-0.00046938,-786.0887301
-0.000400204,-650.7525171
-0.000321097,-512.0311951
-0.000246985,-374.9912762
-0.000148105,-239.5968275
-0.000113539,-115.8324339
-2.95E-05,-8.328966596
-3.45E-05,-10.02694819
-1.46E-05,11.12458094
6.94E-05,143.0667016
0.000207751,281.4336527
0.00029175,411.6376834
0.000400487,552.0069538
0.000469708,691.5547279
0.000548755,829.4186209
0.000642701,977.4725347
0.000711891,1111.119911
0.000815722,1244.808175
0.000884899,1379.320414
0.000879934,1376.805124
0.000914559,1387.783186
0.000914589,1248.153634
0.000850244,1117.010397
0.00079094,976.5766954
0.000701976,828.5364109
0.000622897,683.0436319
0.0005141,542.640907
0.000430103,396.3588476
0.000321335,261.9928179
0.000182923,123.597988
9.40E-05,-7.508449375
8.41E-05,-23.58412399
7.92E-05,-21.04739862
9.96E-06,-133.6634833
-4.93E-05,-262.4946368
-0.000138323,-402.106842
-0.000177809,-528.9839997
-0.000256902,-650.7797763
-0.000331029,-790.3473756
-0.000415041,-929.9025839
-0.000474317,-1061.009889
-0.000543492,-1192.112237
-0.000632501,-1318.135683
-0.000706613,-1448.41034
-0.000711565,-1438.250057
-0.000691746,-1456.018162
-0.000716515,-1314.728271
-0.000671958,-1182.777167
-0.000627506,-1057.590086
-0.000518739,-917.1774488
-0.000449548,-784.387502
-0.000395239,-650.7475609
-0.000326034,-523.8642079
-0.000256827,-392.7494689
-0.000167893,-258.232274
-0.000108574,-134.4849794
-1.46E-05,-7.483284086
-4.43E-05,-7.484969206
-1.96E-05,-14.2402566
4.46E-05,127.014693
0.000192929,262.8824622
0.000276943,397.2559263
0.000390646,536.7838758
0.000464773,678.0180089
0.000553765,816.7467652
0.000627879,950.4090096
0.000721808,1080.683667
0.000810787,1220.292155
0.000889879,1354.799437
0.000899736,1373.422493
0.000909652,1364.129551
0.000899736,1226.178924
0.00086016,1087.42043
0.000781083,950.3891848
0.000672301,802.3327924
0.000583337,654.2999427
0.000499278,515.6071191
0.000410359,371.8515008
0.00032138,237.5275991
0.000158229,104.1602509
6.93E-05,-25.2766785
7.42E-05,-25.26726165
6.93E-05,-41.35594639
1.49E-05,-154.0100702
-7.41E-05,-286.1767703
-0.000133327,-416.4601008
-0.000212435,-554.3425798
-0.000296462,-698.1452824
-0.000380461,-836.0116536
-0.000434785,-970.4953942
-0.000523765,-1098.216351
-0.000602857,-1232.702569
-0.000667083,-1358.739645
-0.000721436,-1434.855035
-0.000726387,-1450.08307
-0.000691761,-1235.212903
-0.000662116,-1105.804348
-0.000578089,-972.1594503
-0.000489095,-841.0595799
-0.000414968,-708.2535252
-0.000350742,-578.8511656
-0.000261748,-448.5740303
-0.000187621,-316.609297
-0.000138233,-186.2020606
-6.90E-05,-61.61926848
-4.43E-05,-8.325621138
-3.44E-05,-11.7000123
1.50E-05,72.0401259
0.000128644,197.079759
0.0002572,336.3772433
0.000341197,479.2927797
0.000430161,622.2033598
0.00051422,762.6184753
0.000613056,896.2633729
0.000697114,1037.538395
0.00077121,1173.759296
0.000860219,1310.837626
0.000904702,1374.265053
0.000884914,1374.265053
0.000865111,1177.11219
0.000835467,1041.748718
0.000731635,902.155098
0.000652527,765.9540223
0.000578415,615.4058825
0.000459763,478.395701
0.000385636,338.0289089
0.000281834,202.9566156
0.000148387,66.09648408
9.40E-05,-26.9583293
8.41E-05,-15.94891888
4.95E-05,-65.03039776
-3.95E-05,-190.458228
-8.89E-05,-317.4877898
-0.000172903,-446.9136916
-0.00021734,-575.4858818
-0.000291467,-710.81466
-0.000370531,-848.6897048
-0.000449623,-985.7147549
-0.00053365,-1114.291901
-0.000597876,-1243.693022
-0.000657166,-1371.415218
-0.000721436,-1434.012475
-0.000731323,-1422.997242
-0.000701618,-1241.12817
-0.000652186,-1110.873338
-0.000578044,-970.4668958
-0.00049406,-829.2154155
-0.000395165,-693.0329253
-0.000350727,-555.1591198
-0.000251847,-429.9633652
-0.000187606,-298.8312793
-0.000118445,-166.6980337
-5.91E-05,-38.7726324
-5.91E-05,-11.69836436
-5.42E-05,-6.623686947
3.48E-05,88.12261536
0.000158364,218.1524344
0.000257215,354.1354361
0.000356064,489.4332383
0.000430161,629.8285289
0.000529042,766.8572959
0.000593297,900.5021936
0.000697114,1041.787129
0.000761353,1175.446894
0.000845367,1313.365306
0.000884929,1375.962564
0.000914618,1334.491261
0.000889879,1188.119989
0.000845352,1055.296588
0.00077121,921.6132798
0.000667394,776.1266958
0.000578415,634.8491957
0.000489451,495.315051
0.000375749,351.569345
0.000296685,207.9958683
0.000158259,77.9467199
7.42E-05,-26.1113086
5.94E-05,-42.18549635
5.94E-05,-52.3398322
-9.77E-06,-181.1355485
-7.90E-05,-314.0927683
-0.000158021,-440.1409953
-0.000237143,-576.3272024
-0.000316192,-713.3472968
-0.000385397,-849.5409382
-0.000469366,-989.9461412
-0.000538587,-1126.973669
-0.000592896,-1255.538425
-0.000696728,-1385.800692
-0.000706583,-1424.707143
-0.000711535,-1262.266515
-0.000657106,-1133.709194
-0.000578029,-994.9915895
-0.000513803,-857.1239791
-0.000439661,-730.2455826
-0.000350683,-599.9857941
-0.000286487,-462.9520704
-0.000207395,-330.1385816
-0.000133238,-198.9185225
-7.89E-05,-78.5481591
-1.46E-05,-10.85600252
-4.93E-05,-7.464698202
-2.95E-05,44.99456688
8.91E-05,175.1347861
0.000222603,316.9438429
0.000336292,458.1358483
0.000400532,601.0724488
0.000499413,740.6288964
0.000593312,873.4337118
0.000682291,1017.251283
0.000756418,1155.99243
0.00083056,1293.05713
0.000899781,1357.351899
0.000914574,1377.660075
0.000870077,1162.739106
0.000805792,1028.214477
0.000731665,892.8485266
0.000637691,751.5697867
0.000563578,613.7232404
0.000499338,475.8680209
0.000390601,334.6710591
0.000271962,202.9603327
0.000153339,66.11283966
6.93E-05,-23.56021015
6.44E-05,-26.94854073
5.45E-05,-66.7276607
-2.96E-05,-194.683419
-8.89E-05,-321.7043073
-0.000167938,-457.900427
-0.000247015,-596.619271
-0.00031124,-720.9613137
-0.000380431,-857.9727344
-0.000454558,-992.4738214
-0.000543537,-1129.50135
-0.000612699,-1263.146247
-0.00068189,-1388.340763
-0.000721436,-1428.932334
-0.000731308,-1450.08307
-0.00071647,-1274.111919
-0.000676924,-1143.850892
-0.000592866,-1014.441098
-0.000513803,-874.8809327
-0.000439661,-738.6922475
-0.000380386,-610.9762469
-0.000286457,-472.2425344
-0.000227153,-340.2778009
-0.000133238,-210.7589697
-9.87E-05,-85.31540343
-4.93E-05,-6.61113528
-4.93E-05,-15.92475723
-1.47E-05,44.99146923
0.000118817,173.4595784
0.000217653,311.8736137
0.000316474,453.0792487
0.000410404,593.4621488
0.000494432,738.1098894
0.000647681,942.8073828
0.000706971,1076.489452
0.00083551,1257.53331
0.000904702,1392.07033
0.001023325,1575.686475
0.001112319,1705.093791
0.001211141,1845.590684
0.001260588,1892.959907
0.001270503,1902.252849
0.001245736,1722.886677
0.001196273,1586.639756
0.001122132,1452.115127
0.001038118,1318.408276
0.000929336,1182.179941
0.000850229,1037.522288
0.0007563,897.9534494
0.000657479,755.835867
0.000588257,615.4504888
0.000494343,475.8989974
0.000390556,338.9086407
0.000281805,208.0119761
0.000148358,66.97633982
8.90E-05,-24.38852105
6.43E-05,-38.78155362
7.92E-05,-56.55213694
-1.48E-05,-182.8144734
-7.40E-05,-311.5316334
-0.000138278,-443.5062794
-0.000207498,-576.3048995
-0.000291497,-711.649786
-0.000340886,-840.2095853
-0.000424943,-971.3181293
-0.000499055,-1097.351488
-0.000568202,-1234.380255
-0.000672048,-1370.572657
-0.000731308,-1501.677484
-0.000830189,-1631.952141
-0.000884541,-1753.764026
-0.000983408,-1884.038683
-0.001057534,-1966.089166
-0.001072372,-1977.922179
-0.001067435,-1758.806996
-0.000993235,-1636.995111
-0.000928979,-1510.103085
-0.000859819,-1373.075556
-0.000765873,-1237.740583
-0.00067688,-1104.93205
-0.000632441,-978.9036482
-0.000523675,-849.4814633
-0.00045945,-711.612614
-0.000380357,-582.1743217
-0.000326064,-446.0017443
-0.000227153,-315.7171745
-0.000157991,-169.2207577
-8.88E-05,-42.12602152
-5.42E-05,-0.655303581
-6.90E-05,-15.90171074
-1.96E-05,83.93682642
0.000113807,211.4032804
0.000222573,350.8048456
0.000331327,492.0228715
0.000415339,635.80451
0.000504303,778.7596961
0.000603169,914.9446644
0.000672376,1054.508546
0.00076629,1194.098449
0.00083548,1329.473072
0.000944233,1467.392723
0.00102334,1607.840054
0.001137044,1748.312166
0.001221041,1883.691746
0.001250746,1916.675496
0.00124083,1929.351068
0.001225963,1754.160525
0.001181436,1617.095825
0.001107294,1482.571195
0.001033153,1348.876735
0.000949139,1219.42977
0.000835407,1071.370899
0.00076128,932.6384262
0.000672316,799.8249371
0.00047955,483.5266441
0.000380699,345.7098353
0.000271962,207.1718941
0.000108812,69.53574
4.95E-05,-18.45256138
5.45E-05,-26.07488027
3.47E-05,-59.92163385
-6.42E-05,-187.0470987
-0.000118535,-308.1266994
-0.000182775,-440.953818
-0.000242065,-570.3722854
-0.000311255,-690.4804637
-0.000385382,-836.8219981
-0.000449608,-966.2367487
-0.000553424,-1103.264277
-0.000642403,-1236.069092
-0.000696728,-1371.402827
-0.000795607,-1495.742392
-0.000849931,-1624.331929
-0.000938911,-1755.449146
-0.000993265,-1889.948994
-0.001047602,-1945.78099
-0.001082244,-1944.926039
-0.001032765,-1767.269768
-0.001003105,-1641.220302
-0.000938866,-1510.945645
-0.000869659,-1389.146151
-0.000775775,-1260.569005
-0.000686751,-1127.769145
-0.000612654,-987.3676597
-0.000543462,-857.0942418
-0.000474272,-720.9204247
-0.000410003,-588.9544523
-0.000306245,-456.9959141
-0.000256827,-325.8638282
-0.000167848,-198.8925022
-9.86E-05,-64.97736606
-5.91E-05,-2.346405917
-6.90E-05,-3.198184595
-3.44E-05,61.95604472
0.00010893,188.6132692
0.000227555,329.6764126
0.000311567,463.2519228
0.000395611,604.4984468
0.00048456,738.1421052
0.000568603,876.8696223
0.000647651,1013.909541
0.000751498,1156.030841
0.00083551,1290.554231
0.000914589,1435.214363
0.001008518,1568.066262
0.001107398,1705.985913
0.001201328,1844.748124
0.001250746,1914.123034
0.001250746,1888.734716
0.001225993,1713.544173
0.001166629,1582.402174
0.001082585,1447.034985
0.000983735,1315.892986
0.000894741,1183.074542
0.000815663,1044.308613
0.000726683,908.9550535
0.000627834,765.1672195
0.000543805,617.139326
0.000464728,477.6088987
0.000380714,338.9408563
0.000257125,203.7942194
0.000143437,70.37805226
6.93E-05,-19.2980952
3.96E-05,-17.59909758
5.01E-06,-63.30860145
-3.94E-05,-185.349588
-0.000133342,-320.814663
-0.000197598,-451.0930373
-0.000246985,-582.2114937
-0.000326077,-710.7787273
-0.000400234,-834.272015
-0.000479268,-964.5355205
-0.000573197,-1104.100642
-0.000612699,-1236.902979
-0.000701648,-1368.007806
-0.000800514,-1496.584952
-0.000864754,-1631.0848
-0.000943846,-1761.359457
-0.001003135,-1889.106434
-0.001067392,-1962.706535
-0.001067392,-1763.032187
-0.001012978,-1630.217459
-0.000933915,-1502.495263
-0.000835019,-1371.378046
-0.00077573,-1241.115779
-0.000691703,-1115.079943
-0.000627506,-981.4338064
-0.000533562,-841.8711633
-0.00045945,-705.6849562
-0.000375406,-573.7276568
-0.000311167,-443.4492827
-0.000251877,-308.095723
-0.000153011,-182.7934094
-0.000123396,-56.50207897
-5.42E-05,-0.653767148
-6.90E-05,-1.500872097
-2.45E-05,69.54676763
0.000123753,203.8202396
0.000237456,343.1846331
0.000306632,480.178707
0.000420334,621.4078839
0.000489511,760.1341622
0.000573539,896.3092181
0.000682306,1033.35781
0.00077127,1176.330344
0.000860234,1310.862407
0.000949199,1449.624618
0.001028306,1584.149247
0.001092532,1723.766409
0.001191411,1854.908407
0.001235893,1899.74995
0.001255696,1888.722326
0.001211141,1729.639548
0.001166644,1590.022387
0.001087522,1460.565508
0.001003523,1323.513199
0.000899706,1187.288581
0.000825565,1055.315174
0.000741536,916.5926131
0.000662459,777.0039496
0.000578415,641.6739322
0.000464713,498.7422879
0.000375749,358.3717786
0.00025711,222.3565614
0.000133565,82.23027057
4.95E-05,-26.90480195
5.45E-05,-32.83146868
1.98E-05,-43.83914441
-4.93E-05,-168.4017398
-0.000113599,-300.5027698
-0.000177795,-435.0137694
-0.00024205,-566.979742
-0.000335979,-694.6994595
-0.000380431,-817.352665
-0.000484248,-949.2963346
-0.000538572,-1082.113541
-0.000637437,-1221.674944
-0.000711565,-1353.634722
-0.000765888,-1484.751939
-0.000869719,-1615.856766
-0.00093396,-1742.748792
-0.001022924,-1873.8784
-0.001067392,-1947.46611
-0.001087179,-1968.616846
-0.001047573,-1757.109485
-0.001003105,-1630.217459
-0.000938866,-1505.035334
-0.000854837,-1373.918117
-0.000760922,-1241.115779
-0.000691717,-1099.840757
-0.000607674,-972.9747511
-0.0005583,-850.3215455
-0.000479223,-716.6840822
-0.000390229,-582.178039
-0.00030623,-445.1443153
-0.000251892,-319.0948492
-0.000197538,-192.9512146
-9.37E-05,-65.81695237
-7.89E-05,-4.034437867
-7.40E-05,-14.19044643
-2.95E-05,62.79525933
0.00010401,186.967799
0.000217698,320.3562112
0.000316533,464.9382818
0.000400561,604.5170328
0.000464788,747.4400035
0.000563637,879.4096929
0.000637779,1016.449612
0.000756418,1156.043231
0.000850362,1293.094302
0.000914574,1434.408974
0.001003568,1568.908822
0.001102432,1705.143353
0.001171624,1835.455182
0.001255681,1919.227957
0.001240844,1909.897843
0.001216091,1710.173932
0.001151806,1579.019543
0.001067792,1442.797403
0.000993621,1299.810001
0.000889804,1165.286611
0.000815693,1029.083057
0.000726713,890.3456275
0.000637719,748.2491088
0.000533904,607.0075409
0.000435068,466.623402
0.000346074,328.7830511
0.00022745,186.0868281
9.89E-05,48.39280992
6.44E-05,-20.979746
3.96E-05,-25.21063666
7.44E-08,-79.35404305
-4.44E-05,-199.7524091
-0.000138293,-328.4274411
-0.000207483,-462.0822509
-0.00028161,-596.582099
-0.000345866,-720.0753867
-0.00043483,-857.9566265
-0.00048914,-988.2188932
-0.000568217,-1110.020865
-0.000642344,-1246.208312
-0.000721421,-1378.168089
-0.000815351,-1510.970426
-0.000884511,-1647.167785
-0.00096854,-1774.047421
-0.001042682,-1900.096887
-0.001077292,-1957.614003
-0.001082199,-1966.931726
-0.001082257,-1784.170532
-0.001017928,-1659.830967
-0.000958623,-1527.01624
-0.000864709,-1393.371342
-0.000770795,-1258.028934
-0.00071152,-1126.919151
-0.000637363,-1000.885793
-0.000543419,-870.623526
-0.000489095,-731.9034433
-0.000414968,-603.3262968
-0.000330954,-467.128938
-0.000246897,-336.854281
-0.000187636,-207.3614701
-0.000128362,-81.05663394
-8.88E-05,-4.042181985
-7.40E-05,-7.42130636
-2.95E-05,46.72354974
9.41E-05,178.5186561
0.000202846,308.538067
0.00029181,443.8247176
0.000365922,585.9076064
0.000459836,722.0801842
0.00055378,862.4791917
0.000622957,998.6653989
0.000746546,1136.567703
0.000815722,1274.458855
0.000904702,1414.930968
0.000993696,1554.523348
0.001097512,1695.007851
0.001166689,1827.834969
0.001250746,1914.135424
0.001230958,1897.172708
0.001225978,1707.621471
0.001161707,1572.2295
0.001067763,1431.782169
0.001003523,1299.78522
0.000894741,1166.135367
0.000820629,1030.759504
0.000721763,892.0357039
0.000637734,753.3094257
0.000558657,619.7066562
0.000459763,483.5303615
0.000380729,343.1561348
0.00025714,202.9553765
0.000128614,72.09860952
3.47E-05,-15.90332152
5.03E-06,-58.21805171
-5.92E-05,-181.9582837
-0.00012347,-311.5130475
-0.000207483,-440.0901939
-0.000251935,-576.2788792
-0.000321112,-702.3147157
-0.000405171,-839.3372877
-0.000494105,-964.5280862
-0.000568277,-1102.405609
-0.000642373,-1238.594294
-0.000721436,-1369.705316
-0.000795562,-1504.192774
-0.000869689,-1637.007502
-0.000943816,-1769.82223
-0.00100312,-1894.174185
-0.001087194,-1939.003338
-0.001067392,-1933.080636
-0.00105746,-1778.260221
-0.00102288,-1652.210755
-0.000924013,-1516.025787
-0.000864739,-1386.60608
-0.000785617,-1257.186374
-0.000691717,-1120.99521
-0.000632441,-984.835023
-0.000543477,-844.401322
-0.000449533,-707.3725545
-0.000390244,-575.4090601
-0.000316132,-443.4480436
-0.000246925,-314.0097513
-0.000192603,-182.7773016
-0.000123381,-58.19760724
-8.39E-05,-6.588150736
-7.40E-05,-2.36346776
-4.74E-06,71.25220832
0.000108916,202.9764405
0.000212733,333.8916911
0.000306617,465.8043839
0.000420306,607.0521473
0.000484575,739.8346598
0.000558672,882.7935632
0.000632829,1013.899629
0.000761353,1156.009777
0.000820673,1291.3844
0.000924504,1430.159002
0.001018405,1559.591099
0.001112319,1706.816083
0.001191411,1836.285351
0.001270518,1984.352895
0.001359468,2111.269702
0.001458349,2250.886864
0.001557201,2389.661465
0.001656057,2522.488584
0.001764801,2659.553284
0.001863642,2793.222963
0.001972416,2918.429869
0.002002097,2884.541606
0.001977338,2678.002871
0.001908118,2546.018313
0.001804296,2417.403995
0.001725217,2273.549252
0.001641142,2141.539912
0.001547253,2000.250021
0.001443437,1864.027881
0.001349522,1726.09584
0.00127043,1585.660899
0.001181481,1441.000768
0.001092487,1293.763394
0.000968913,1151.684222
0.000879919,1011.26415
0.000815693,876.802713
0.000726728,729.6347266
0.000627864,595.1732894
0.00054385,453.9453509
0.000444984,316.9611897
0.00032138,178.4728109
0.000212658,42.49674795
8.41E-05,-86.16353925
0.000108886,-86.16663691
0.00010392,-73.45376828
4.96E-05,-206.5474084
-3.94E-05,-341.9430961
-0.000138263,-468.846274
-0.000202518,-604.1837258
-0.000271695,-735.3021822
-0.000335934,-878.2561294
-0.000434771,-1012.75226
-0.000499025,-1143.018244
-0.000578089,-1279.204451
-0.000657166,-1407.781598
-0.00074118,-1545.651686
-0.000820272,-1673.398663
-0.000884497,-1807.055951
-0.001008102,-1946.635941
-0.001057504,-2071.842847
-0.001126681,-2199.577433
-0.00125027,-2337.484693
-0.001329347,-2482.157215
-0.001418311,-2606.521561
-0.001531994,-2730.055738
-0.001635786,-2858.657665
-0.001744545,-2982.179451
-0.001754389,-2955.106013
-0.001754404,-2946.643241
-0.001754389,-2932.257766
-0.001769259,-2856.092813
-0.001734612,-2738.481338
-0.001670359,-2609.86702
-0.001601154,-2482.950213
-0.00150725,-2356.033405
-0.00143807,-2221.521167
-0.001349076,-2093.761799
-0.001260127,-1955.02437
-0.001195856,-1827.277393
-0.001116764,-1689.382523
-0.00102288,-1552.342604
-0.000948753,-1425.450578
-0.000874596,-1300.256063
-0.000800454,-1166.586384
-0.000716455,-1039.70427
-0.000647249,-905.1969877
-0.000583039,-773.2334933
-0.000494045,-650.5728535
-0.000410031,-511.8279892
-0.000330954,-379.8521044
-0.000242005,-252.9538829
-0.000162913,-125.9391899
-0.000113524,0.334772664
-0.000103638,5.414278685
-0.000103623,6.250370879
5.10E-06,130.461755
0.000128689,258.8133926
0.000217638,397.4901085
0.000306602,531.9651751
0.000420321,676.589374
0.000494432,816.1582121
0.000593297,954.8683825
0.000687212,1094.431026
0.000776176,1238.242402
0.000865126,1382.058734
0.000978843,1522.481284
0.001062902,1664.626125
0.001171624,1810.983768
0.001250716,1951.431099
0.001344617,2095.261061
0.001428659,2233.180711
0.001532487,2366.020221
0.001616488,2503.939871
0.00170547,2635.92443
0.001814229,2770.46145
0.00187356,2909.22366
0.001937859,2968.463069
0.001937829,2924.402133
0.00192794,2783.050289
0.001873501,2651.05334
0.001784519,2513.133689
0.001685663,2370.133896
0.001601618,2228.844005
0.001507714,2094.306985
0.001423679,1959.769966
0.001334685,1821.875096
0.001235834,1683.943054
0.001141904,1539.270532
0.00105294,1394.610401
0.000973848,1249.1201
0.000865096,1107.853751
0.000781068,975.9088425
0.000697084,828.763159
0.000603169,689.2191019
0.000494432,548.8287676
0.000405438,400.8281332
0.000311523,264.6716633
0.000168176,127.8944249
5.45E-05,0.299618084
3.97E-05,-23.38426378
2.48E-05,-15.76454691
-1.97E-05,-125.1325625
-9.87E-05,-257.2373097
-0.000177824,-382.4392595
-0.00024205,-513.5601939
-0.000316192,-643.8410461
-0.000390273,-780.873531
-0.000474332,-912.8407423
-0.000538587,-1038.881535
-0.000617604,-1173.390057
-0.000696713,-1298.595723
-0.000780725,-1426.33031
-0.000844966,-1554.064896
-0.000948783,-1691.947375
-0.001032825,-1824.774494
-0.001111903,-1960.971852
-0.001200853,-2092.956411
-0.001260127,-2230.008721
-0.001358992,-2358.610648
-0.001447956,-2489.752647
-0.001507295,-2612.431872
-0.001620961,-2741.0338
-0.001700039,-2867.108047
-0.001769259,-2955.948573
-0.001774181,-2955.106013
-0.001739564,-2758.789514
-0.001695058,-2634.412778
-0.001625853,-2504.9559
-0.001556693,-2378.894043
-0.001457843,-2244.369413
-0.001383701,-2114.069975
-0.001299657,-1983.795318
-0.001210708,-1847.585569
-0.001141518,-1702.082877
-0.001042652,-1565.885518
-0.000968525,-1426.305529
-0.000884511,-1283.330518
-0.00081037,-1154.755849
-0.000721406,-1013.482066
-0.000637378,-890.8201869
-0.000568202,-763.0818834
-0.00048911,-627.7320411
-0.000395209,-488.1470951
-0.00030623,-354.4774163
-0.000261807,-217.4028038
-0.00014809,-92.03110287
-9.87E-05,9.642356682
-9.87E-05,6.253220712
-7.39E-05,34.16915671
5.46E-05,169.2827107
0.000178136,304.4789099
0.000252263,441.4742227
0.000351129,585.2558614
0.000425226,723.970988
0.00051419,861.8212513
0.000627922,1003.907858
0.000716901,1142.635375
0.000820688,1286.440555
0.000914604,1433.653148
0.001008518,1572.378188
0.001107384,1714.523029
0.001196348,1855.81292
0.001290278,1992.87762
0.001364404,2134.167511
0.001478136,2269.52231
0.001562153,2409.994422
0.001651135,2552.114483
0.001735166,2684.978773
0.001843925,2823.753375
0.001923003,2956.592884
0.001923003,2956.592884
0.001937844,2917.636871
0.001923018,2826.194321
0.001908133,2696.737443
0.001814184,2563.897933
0.001740042,2426.845624
0.001636235,2283.858222
0.001572012,2154.364172
0.001478076,2013.06189
0.00136931,1872.639341
0.001275395,1733.852349
0.001186416,1597.65499
0.00111724,1448.757277
0.001008503,1303.242195
0.000904687,1167.072095
0.000820658,1027.502018
0.000721793,880.3600515
0.000637764,743.3511088
0.000524062,594.4918067
0.000435113,458.3378149
0.000356035,323.0375348
0.000242333,192.0070517
0.000108871,57.84286464
3.47E-05,-18.29904198
3.97E-05,-9.006595539
1.50E-05,-68.32493159
-6.41E-05,-196.2991518
-0.000143169,-329.1312266
-0.000202488,-456.0418386
-0.000286517,-582.9264305
-0.000360644,-705.5907878
-0.000439721,-838.4030375
-0.000528715,-967.8289393
-0.000597876,-1096.414759
-0.000671973,-1229.22577
-0.000746145,-1356.11284
-0.000820272,-1486.387497
-0.000924058,-1622.584855
-0.00100315,-1759.624775
-0.001087179,-1889.911822
-0.001151404,-2025.266621
-0.001225546,-2153.868548
-0.00130956,-2285.840716
-0.001408426,-2417.825275
-0.001487503,-2556.587486
-0.001591295,-2690.269555
-0.001675296,-2818.028922
-0.001749452,-2944.95812
-0.001759326,-2961.028715
-0.001759326,-2916.174781
-0.001749452,-2820.556603
-0.001744501,-2704.642639
-0.001655518,-2572.645689
-0.001596202,-2444.886322
-0.001502268,-2323.049656
-0.001428168,-2184.299836
-0.001334224,-2050.630158
-0.001260112,-1913.577848
-0.001156296,-1776.525539
-0.001106892,-1636.102989
-0.00099814,-1497.365559
-0.000914126,-1364.550831
-0.000830084,-1231.728669
-0.000751035,-1104.002756
-0.00068186,-972.0281099
-0.000622541,-847.6798717
-0.000538527,-722.4766831
-0.000454513,-586.2830412
-0.000380401,-452.6133625
-0.000316132,-317.2498904
-0.000232088,-190.3417565
-0.000143125,-70.83315862
-8.88E-05,15.56902341
-0.000103623,1.173152155
-4.92E-05,63.77337246
8.92E-05,195.4293325
0.000178121,328.1697169
0.000277017,466.8625407
0.000341242,597.9735623
0.000440093,736.6651466
0.00054391,872.8117041
0.000618022,1019.143326
0.000736675,1159.553485
0.000820688,1304.19627
0.000904716,1441.248579
0.000998646,1584.223591
0.0011173,1723.815971
0.001206264,1867.645933
0.001285341,2002.170562
0.001379257,2146.012915
0.001502867,2289.842877
0.001601722,2429.447648
0.001665946,2563.984667
0.001740102,2701.916709
0.001838973,2838.981409
0.001932892,2952.367693
0.001942795,2950.645401
0.001918052,2722.96832
0.001824073,2588.431301
0.001744994,2455.604182
0.001651075,2315.987021
0.00156706,2175.514908
0.001487978,2029.169657
0.001389112,1894.632637
0.00130507,1760.095617
0.001206189,1615.423095
0.001122191,1470.775354
0.001023325,1328.642903
0.000924459,1185.690195
0.000815693,1050.362655
0.000741566,915.8999791
0.000642686,771.2621505
0.000558687,639.337067
0.000449935,500.6430045
0.000375824,358.5601155
0.000281893,228.3424551
0.000138546,91.62233733
3.47E-05,-15.76367957
2.49E-05,-11.52712641
1.00E-05,-36.96447369
-4.43E-05,-164.9608731
-0.000133283,-296.9776471
-0.000197538,-430.6522819
-0.000286517,-555.8517537
-0.000355693,-693.7354716
-0.000444686,-819.7799817
-0.000508897,-954.2823079
-0.000607778,-1080.337969
-0.000676939,-1212.297746
-0.000775805,-1338.344735
-0.000840059,-1465.236761
-0.000899349,-1592.971347
-0.000993265,-1727.483585
-0.001072342,-1860.298314
-0.001141518,-1995.665503
-0.001230482,-2120.860018
-0.00130956,-2254.542087
-0.001388622,-2383.144015
-0.001492453,-2522.748786
-0.001571548,-2652.193274
-0.001665452,-2777.41257
-0.001744545,-2902.644258
-0.001769229,-2952.565942
-0.001764278,-2787.560463
-0.001719772,-2663.183727
-0.001665422,-2540.49211
-0.001566521,-2405.967481
-0.001462748,-2268.06022
-0.001393558,-2136.075662
-0.001329302,-2009.171245
-0.001240338,-1872.961496
-0.001151359,-1733.381506
-0.001067347,-1587.878815
-0.000978383,-1455.064087
-0.000894339,-1316.326657
-0.000815277,-1186.049522
-0.000741135,-1049.014559
-0.000662071,-918.734946
-0.000583009,-780.8450326
-0.000503932,-638.7175373
-0.000405081,-514.3593867
-0.000321052,-372.2294138
-0.000251862,-240.258485
-0.000187621,-112.3789288
-9.86E-05,13.87758405
-0.000103593,21.48974266
-8.38E-05,2.873811357
2.49E-05,143.9489116
0.000158393,284.2017103
0.000242421,411.039218
0.000331355,554.8183785
0.000425301,691.8347554
0.000509283,833.0800402
0.000608179,968.4051015
0.000697143,1104.577679
0.000791058,1245.836594
0.000875057,1387.944264
0.000978903,1530.076715
0.001082705,1671.341825
0.001176619,1816.881688
0.001265598,1957.34141
0.001349582,2097.788741
0.001443541,2229.748518
0.001547343,2364.297928
0.00163634,2497.149828
0.001710452,2635.899649
0.001799449,2771.30401
0.001903256,2906.69598
0.001927955,2947.299942
0.001918096,2929.519446
0.001937874,2782.257291
0.001873531,2648.55044
0.001784534,2516.565882
0.001710407,2382.859032
0.001626391,2239.004288
0.001527506,2106.152389
0.001418759,1963.177378
0.001359453,1826.100287
0.001260603,1686.507907
0.001156786,1541.005215
0.001067822,1397.175253
0.00095409,1259.317555
0.00086016,1118.885093
0.00076629,967.4931542
0.000667409,822.8677165
0.000598247,686.7149636
0.00047961,543.7808416
0.000405483,404.2355453
0.00032144,266.3939552
0.000168176,132.1158987
3.47E-05,-0.525357274
3.47E-05,-14.91975653
1.99E-05,-10.67251029
-4.93E-05,-121.7271329
-0.000108574,-250.4398323
-0.00017778,-387.4884247
-0.000266759,-514.3965587
-0.000355722,-645.5174928
-0.000410061,-782.5598901
-0.000513863,-909.4494382
-0.000592956,-1038.874101
-0.000647309,-1170.843791
-0.000731308,-1311.271297
-0.0008104,-1437.320763
-0.000894428,-1563.370229
-0.000973506,-1699.567588
-0.001037732,-1831.539756
-0.001141533,-1964.354483
-0.001210723,-2092.10146
-0.001294722,-2234.233911
-0.001413391,-2358.610648
-0.001457843,-2487.212576
-0.001571563,-2613.274432
-0.001650642,-2745.271381
-0.001724768,-2872.188189
-0.001759341,-2932.257766
-0.001764308,-2914.47727
-0.001779133,-2752.024252
-0.001709883,-2625.107445
-0.001606076,-2493.953056
-0.001536856,-2363.653618
-0.001457813,-2229.128989
-0.001363884,-2096.314261
-0.001294707,-1966.027213
-0.001195841,-1829.829854
-0.001141518,-1686.854843
-0.00106241,-1548.959973
-0.000973446,-1418.685316
-0.000859744,-1274.025185
-0.000800454,-1140.367897
-0.000716455,-1010.09324
-0.000642329,-883.2061696
-0.000563251,-755.461671
-0.000484115,-620.9481931
-0.000424854,-491.5222913
-0.000326004,-362.0790429
-0.000266714,-225.8680544
-0.00017775,-99.65837802
-0.000103578,3.719084973
-9.37E-05,12.18952732
-8.88E-05,24.88426853
5.46E-05,157.4695227
0.000168279,287.59921
0.000252293,423.7507237
0.000341257,568.3600537
0.000440123,701.9975166
0.000538988,839.8576927
0.000603214,977.7178684
0.000702064,1116.43919
0.000786093,1256.864218
0.000875072,1398.959498
0.000998646,1537.709318
0.001072788,1683.236791
0.001161752,1823.671731
0.001245781,1959.881481
0.001354562,2102.038713
0.001453398,2236.563342
0.001547343,2382.078424
0.001646213,2519.998075
0.001710437,2658.772677
0.001834051,2792.479527
0.001903241,2924.464086
0.001923033,2953.235034
0.001918066,2902.384055
0.001923033,2805.031194
0.001893293,2678.956947
0.001799344,2546.959998
0.001715314,2406.512667
0.001641202,2274.515718
0.001552205,2139.978698
0.001448403,2002.083828
0.001379212,1868.389369
0.001290233,1728.809379
0.001171579,1587.494707
0.001067777,1443.701916
0.0009887,1303.266976
0.000899706,1167.935719
0.000820658,1029.231744
0.000726713,888.8376928
0.000622912,743.3734118
0.000538885,609.7433832
0.000430161,474.4381467
0.000336232,332.3614533
0.000247268,198.7661182
8.41E-05,62.92573225
1.49E-05,-28.47245932
1.50E-05,-25.92049353
-9.75E-06,-66.62457099
-6.90E-05,-192.0652875
-0.00014815,-321.5110141
-0.000237128,-453.4906163
-0.000316177,-587.9929425
-0.000390333,-718.2737952
-0.000449608,-849.3885342
-0.000548487,-982.2045008
-0.000627566,-1104.867619
-0.000706628,-1240.211267
-0.000775805,-1367.103293
-0.000840059,-1488.927568
-0.000938926,-1634.430259
-0.001013037,-1765.559867
-0.001111903,-1900.914666
-0.001176128,-2032.886834
-0.001260186,-2169.096583
-0.001349121,-2301.923701
-0.0014381,-2435.59338
-0.001512247,-2564.195308
-0.001606136,-2697.889767
-0.001685229,-2828.189206
-0.001759341,-2941.563099
-0.001779148,-2905.171938
-0.001734597,-2715.633091
-0.001670374,-2583.636142
-0.001606091,-2459.259406
-0.001531979,-2328.972358
-0.001457843,-2202.898111
-0.001368864,-2062.46317
-0.001279915,-1928.805883
-0.001195871,-1790.898622
-0.001097006,-1658.083894
-0.001042667,-1515.121274
-0.000938836,-1382.306546
-0.000849887,-1255.41452
-0.000780695,-1127.667543
-0.000696668,-995.7102433
-0.000622541,-867.9669836
-0.000548414,-730.0708752
-0.000469351,-595.5635928
-0.000380386,-461.8988703
-0.000316162,-333.3031381
-0.00024202,-196.238438
-0.000157991,-74.21256798
-0.000113509,18.97519644
-8.38E-05,13.89022245
-5.91E-05,57.8813994
8.92E-05,187.8227496
0.000183058,317.2003281
0.0002671,447.4303792
0.000356049,582.749245
0.000445029,718.0805017
0.000529057,863.5522166
0.000642759,1008.175177
0.000721808,1147.744015
0.000815737,1292.375648
0.000899736,1426.887887
0.000988715,1558.847664
0.001102447,1705.217696
0.001176574,1836.359695
0.001275425,1976.807026
0.001379242,2116.399406
0.001473171,2261.926879
0.001557171,2399.85892
0.001651135,2537.76618
0.001759879,2671.44825
0.001824133,2814.472823
0.001923003,2956.617665
0.002007034,3096.222436
0.002125666,3234.984647
0.002249251,3365.246914
0.00237285,3503.117002
0.002521134,3638.397457
0.002684258,3759.280048
0.002694116,3708.515803
0.002694116,3764.37258
0.002832556,3901.462061
0.002966,3987.923594
0.002956126,3904.113647
0.002946192,3777.989837
0.0029264,3651.940371
0.002802786,3521.616152
0.002728644,3387.079132
0.002639647,3252.554503
0.002540791,3107.02703
0.002436969,2968.240038
0.002367779,2831.993117
0.00227386,2700.008558
0.002179926,2555.311255
0.002076119,2409.783782
0.001982185,2265.09887
0.001908073,2131.429191
0.001799299,1993.49715
0.00170538,1852.24443
0.001616413,1716.85246
0.001522494,1569.70182
0.001423619,1420.011109
0.001344527,1290.616184
0.00124077,1141.743252
0.001127037,1001.349201
0.001062827,861.8237298
0.000963976,715.5292794
0.000870062,571.7315329
0.000741521,425.4110626
0.000652557,288.419467
0.00054382,158.209241
0.000395536,21.48664501
0.000316459,-104.8775421
0.00022253,-229.2977696
0.000192899,-310.5205613
0.000187948,-302.8941535
0.000148402,-359.5972079
5.45E-05,-486.483039
-1.97E-05,-619.3101573
-8.88E-05,-748.7521666
-0.000177795,-873.1165127
-0.00024697,-1003.399844
-0.000350802,-1135.369533
-0.000405126,-1267.359048
-0.000489155,-1397.633705
-0.000588034,-1529.605873
-0.000662161,-1659.88053
-0.000726402,-1784.244876
-0.000820302,-1915.374484
-0.000909311,-2044.806581
-0.000983408,-2170.868437
-0.001087209,-2305.368286
-0.001171236,-2441.590425
-0.001245378,-2566.797331
-0.001319476,-2701.321961
-0.00144308,-2831.621399
-0.001532024,-2965.303468
-0.001625943,-3098.997928
-0.001719846,-3228.454806
-0.001813765,-3362.149266
-0.001917543,-3487.380953
-0.002006495,-3619.390293
-0.002134986,-3742.0943
-0.002278333,-3866.483427
-0.00233765,-3883.421363
-0.002312921,-3813.179111
-0.002411776,-3990.897335
-0.002579837,-4097.555529
-0.002589726,-4050.991694
-0.002579837,-3883.421363
-0.002515539,-3758.995064
-0.002441397,-3638.831128
-0.002367285,-3516.11473
-0.002263463,-3387.475631
-0.00219924,-3263.074113
-0.002110273,-3128.524703
-0.002031194,-2997.357923
-0.001927372,-2856.898201
-0.001843341,-2724.046302
-0.001769214,-2592.049353
-0.001695088,-2457.512333
-0.001616009,-2322.132753
-0.001507265,-2191.833315
-0.001433149,-2054.768614
-0.001329332,-1920.243985
-0.00125519,-1791.642058
-0.001166226,-1633.426621
-0.001057489,-1485.371469
-0.000958638,-1331.393614
-0.000879561,-1190.09381
-0.00078074,-1053.031588
-0.000691746,-915.1243281
-0.000607734,-778.064584
-0.000518769,-652.8440487
-0.000454528,-515.7743923
-0.000360644,-382.1022354
-0.0002766,-248.4263616
-0.000182671,-125.7198765
-7.39E-05,8.942152084
4.47E-05,90.85201437
4.96E-05,88.31541294
9.91E-05,139.059585
0.000178136,268.4854867
0.000262165,398.7489923
0.000351129,537.4715535
0.000435156,671.1114945
0.000529057,807.305136
0.000632859,942.6413489
0.000707001,1079.661443
0.000820688,1217.530293
0.000909667,1360.486718
0.001018375,1505.122068
0.001112319,1637.887234
0.001216121,1774.927152
0.001324888,1917.889773
0.001423739,2060.827613
0.001517677,2198.697701
0.001591789,2333.22233
0.0017055,2477.039902
0.00180437,2612.369919
0.001868609,2746.064379
0.001987256,2882.261738
0.002081175,3021.854118
0.002180046,3153.826286
0.002283853,3292.588497
0.002392613,3437.261019
0.002521149,3575.18067
0.002610116,3711.40281
0.002728779,3850.177411
0.002832571,3983.871871
0.00292646,4090.480503
0.002985792,4035.429114
0.002946222,3868.701343
0.002872081,3735.861833
0.002768243,3604.719835
0.00268915,3474.420396
0.002610056,3339.870986
0.002501297,3195.186074
0.002432107,3061.491614
0.002343125,2921.031892
0.002244254,2786.507263
0.002140432,2641.82235
0.002046528,2498.847339
0.001957546,2354.174817
0.001853753,2204.446935
0.001764756,2069.092136
0.001660964,1919.376644
0.001562093,1773.043783
0.001473156,1625.893143
0.001374276,1477.875162
0.001255623,1337.465003
0.001171609,1198.77094
0.001067792,1054.136829
0.000978843,906.9787544
0.000879962,766.5785077
0.000756388,621.9369621
0.000667439,483.2230748
0.000593312,343.6567146
0.000484545,208.3279361
0.000336262,76.41301273
0.000197836,-47.10741018
0.000158319,-105.5409342
0.000178091,-102.9920661
0.00013856,-173.2340697
3.97E-05,-296.765768
-2.95E-05,-432.9755175
-0.000123396,-564.9613148
-0.000192573,-694.4033245
-0.000271665,-822.1651702
-0.000375451,-951.6022233
-0.000434771,-1076.828954
-0.000543522,-1204.574692
-0.000597832,-1336.56049
-0.000696698,-1470.242559
-0.000770854,-1604.754798
-0.000874656,-1733.356725
-0.000953688,-1869.566474
-0.001047617,-2003.248544
-0.001126681,-2144.538435
-0.001225531,-2282.445695
-0.001334299,-2419.510395
-0.001413361,-2551.507344
-0.001536931,-2686.886924
-0.001611057,-2814.646292
-0.001704976,-2952.578333
-0.001798895,-3090.497983
-0.001892799,-3217.427182
-0.001976799,-3348.593961
-0.002085544,-3473.838039
-0.002189366,-3609.230009
-0.00229811,-3742.0943
-0.002401888,-3869.035889
-0.002471078,-3997.674988
-0.002584744,-4098.385698
-0.002574855,-3887.646554
-0.002569904,-3868.180938
-0.002495762,-3772.537978
-0.002411746,-3641.358808
-0.002347478,-3514.417219
-0.002253589,-3393.398333
-0.002194273,-3266.456744
-0.002105321,-3136.987475
-0.002016339,-3008.360767
-0.001912531,-2873.823746
-0.001838375,-2744.354478
-0.001754374,-2610.660018
-0.001680232,-2480.36058
-0.001596232,-2353.443772
-0.001512202,-2223.144334
-0.001433104,-2087.764754
-0.001354057,-1953.240125
-0.001255175,-1822.953077
-0.001176098,-1693.508589
-0.001077247,-1562.366591
-0.001008057,-1432.067153
-0.000938881,-1303.465225
-0.000835064,-1163.864171
-0.000746085,-1035.259766
-0.000676924,-895.6587119
-0.000578059,-769.5956163
-0.000484143,-631.6685313
-0.000414968,-497.1538146
-0.000340826,-364.3217397
-0.000266714,-234.0247795
-0.000167878,-98.64098669
-9.63E-06,30.08410329
3.98E-05,68.9141041
0.000113911,157.68388
0.000212776,284.5672327
0.000281938,415.6881671
0.000390689,555.2309853
0.000474718,700.7336767
0.000583485,837.7698785
0.000692193,967.1871068
0.000761383,1105.909668
0.000860264,1248.847507
0.000964051,1386.717596
0.001082705,1533.050456
0.001181569,1670.065595
0.001240859,1808.803024
0.001354517,1951.728473
0.001443526,2085.398152
0.001542361,2225.79592
0.00163631,2367.90359
0.001745024,2504.943509
0.00184391,2639.443357
0.001972461,2785.81339
0.002066365,2927.945841
0.00215041,3063.31303
0.002264091,3203.772752
0.00235798,3343.365132
0.002471691,3480.429833
0.002565625,3617.494532
0.002664481,3752.019162
0.002768288,3885.713622
0.002906728,4021.093202
0.002961123,4105.671365
0.002956156,4052.329878
0.002956141,3905.922673
0.002881954,3778.150915
0.002802861,3644.456455
0.002704005,3509.944217
0.002619975,3375.394806
0.002530993,3235.790035
0.002442011,3098.712944
0.002328285,2959.132955
0.002264061,2826.268664
0.002165176,2690.046524
0.002076209,2544.531442
0.001977338,2403.278723
0.001888356,2262.819002
0.001779582,2126.634033
0.001700548,1987.908994
0.001591774,1854.276487
0.00149787,1705.428337
0.001394049,1559.095475
0.001295183,1411.052713
0.001191381,1274.904917
0.001102402,1132.826984
0.00101839,996.6568845
0.000929426,854.5665612
0.000820688,715.8501959
0.000741626,574.6049106
0.000603199,430.8108815
0.000519155,287.8680857
0.000435171,155.9083085
0.000247328,25.7938617
0.000158334,-97.05511518
0.000148447,-99.5992749
0.000163284,-95.37272095
6.94E-05,-226.5284729
-4.76E-06,-348.3589433
-6.40E-05,-483.7224153
-0.000162928,-614.0181366
-0.000261778,-746.0088905
-0.000321052,-874.6083399
-0.000414998,-999.8239191
-0.00049403,-1134.343592
-0.000582994,-1269.700869
-0.000676924,-1401.697818
-0.000741165,-1529.444795
-0.000830114,-1658.046723
-0.000933915,-1796.796543
-0.001012992,-1927.938541
-0.001097006,-2052.315278
-0.001185985,-2191.065098
-0.001294722,-2327.287238
-0.001398539,-2462.654427
-0.001487503,-2597.191447
-0.00157644,-2733.413587
-0.001675326,-2863.725416
-0.001759341,-2992.339734
-0.001828516,-3126.034194
-0.00195213,-3254.648512
-0.002041083,-3387.512803
-0.002134986,-3520.364702
-0.002218987,-3647.306291
-0.002342571,-3781.868092
-0.002416698,-3898.649397
-0.002520476,-4024.748426
-0.002584759,-4044.214042
-0.002594647,-3911.337361
-0.002515524,-3797.926296
-0.002441397,-3670.129756
-0.002377174,-3550.80838
-0.002278273,-3426.394472
-0.002204162,-3301.150394
-0.00213002,-3171.681125
-0.002041083,-3033.749084
-0.001966926,-2903.437255
-0.001853215,-2767.202725
-0.001784055,-2637.733456
-0.001695043,-2504.893947
-0.001606091,-2366.974296
-0.001536871,-2240.069879
-0.001447956,-2105.532859
-0.001363914,-1971.85079
-0.0012799,-1837.326161
-0.001195871,-1709.579184
-0.001116794,-1580.122306
-0.00102288,-1449.835258
-0.000943801,-1318.69326
-0.000854852,-1181.626081
-0.00077576,-1045.413854
-0.000691731,-918.4982855
-0.000617619,-784.8211724
-0.000523705,-651.1353863
-0.000444628,-515.7657187
-0.000360614,-381.2386113
-0.00027165,-247.552825
-0.000157933,-116.4052508
-5.91E-05,6.405563009
3.98E-05,71.44599714
5.96E-05,76.51449166
8.43E-05,123.0153825
0.000183116,252.431
0.000257228,381.8581408
0.000336307,516.3455982
0.000464846,654.2218822
0.000529072,787.040327
0.000618036,918.9778015
0.000731753,1061.079276
0.000825624,1200.64068
0.000919569,1341.900834
0.001023355,1469.610639
0.001117285,1610.033188
0.001226021,1746.193376
0.001324902,1886.603535
0.001418832,2022.776113
0.001512725,2168.266414
0.001616578,2301.911311
0.001705515,2442.346251
0.001789545,2581.913851
0.001918081,2713.055849
0.002021889,2847.592869
0.002115838,2986.317908
0.00220479,3133.493329
0.002313534,3270.595201
0.002407423,3408.514852
0.002521149,3546.409721
0.002639797,3684.316982
0.002723812,3822.236632
0.002852363,3956.773652
0.002975948,4092.128451
0.002951204,4077.742976
0.002985807,4009.954062
0.002971011,3972.695559
0.002941286,3851.676673
0.002847337,3713.794194
0.00275837,3573.334472
0.002674324,3438.797452
0.002570502,3299.205072
0.002501327,3170.590754
0.002402441,3030.118642
0.002313504,2891.368821
0.002209667,2755.159072
0.002120685,2613.869181
0.002031703,2474.2768
0.001922958,2330.48401
0.001829025,2185.84866
0.001730199,2036.133168
0.001626406,1892.315597
0.001522569,1742.612496
0.001433609,1598.832096
0.001339695,1451.656675
0.001235879,1311.283687
0.001166689,1170.043358
0.001048065,1020.337779
0.000954149,875.7259707
0.000835495,732.7633504
0.000741596,589.8168374
0.000637809,443.4901716
0.000563667,308.1675884
0.000459896,173.6776528
0.00029181,42.6679859
0.000173156,-81.82311581
0.000148462,-86.89507968
0.000163284,-94.51318575
9.41E-05,-208.7529333
1.50E-05,-332.2796754
-8.38E-05,-466.8030657
-0.000153041,-597.9388688
-0.00023707,-722.30941
-0.000330969,-857.6790775
-0.000390259,-993.0549401
-0.00049901,-1119.110602
-0.000573137,-1250.247644
-0.000652186,-1387.312344
-0.000746115,-1518.441952
-0.000830159,-1650.42651
-0.00093393,-1781.568508
-0.001003135,-1915.250578
-0.001087149,-2051.460327
-0.001185985,-2189.379978
-0.001274979,-2324.747167
-0.001373799,-2459.271797
-0.001477646,-2591.268746
-0.001566581,-2725.805765
-0.001650597,-2851.025062
-0.001744501,-2982.179451
-0.001848323,-3115.873911
-0.001957067,-3244.50062
-0.002041083,-3370.587258
-0.002134972,-3505.136668
-0.002228875,-3639.686078
-0.002322794,-3765.785107
-0.00242162,-3891.871745
-0.002535316,-4013.745582
-0.002594632,-4086.527904
-0.002594662,-4041.66158
-0.002604551,-4017.115823
-0.002579822,-3921.472863
-0.00254519,-3803.836607
-0.002466111,-3684.50284
-0.002372192,-3556.718692
-0.002307969,-3432.317174
-0.002223924,-3299.452884
-0.00213002,-3164.048523
-0.0020608,-3034.579254
-0.001961959,-2902.582305
-0.001887817,-2768.045285
-0.001788977,-2630.968194
-0.001704961,-2499.813805
-0.001606091,-2359.354083
-0.001531949,-2235.819907
-0.001447941,-2101.295278
-0.001349076,-1968.468159
-0.001260082,-1830.560899
-0.001181034,-1690.956128
-0.001092055,-1562.354201
-0.001022894,-1429.514691
-0.000919063,-1296.687573
-0.00084,-1157.080324
-0.000765888,-1027.634597
-0.000662058,-894.7950879
-0.000578044,-759.4291377
-0.000508867,-629.9747375
-0.000424839,-495.4488691
-0.000335874,-363.4605937
-0.000246897,-235.69627
-0.000167848,-106.2349311
-4.43E-05,19.11037777
4.97E-05,58.70958638
3.98E-05,77.34775882
0.000109005,152.6223242
0.000183131,284.5969702
0.000281968,419.091862
0.000365996,547.6553787
0.000479698,683.8552157
0.000578535,822.5963626
0.000647726,955.3813532
0.000741626,1100.031572
0.000855329,1232.83267
0.000954194,1368.986662
0.001048108,1508.52948
0.001127187,1643.004547
0.001250761,1789.349798
0.00133974,1922.127355
0.001448477,2064.272197
0.001537469,2196.182412
0.001631388,2340.892105
0.00172034,2472.80232
0.001838988,2618.342183
0.001952714,2743.462356
0.002041651,2893.177847
0.002155362,3030.254938
0.002239377,3170.677488
0.002353088,3309.414917
0.002461848,3449.936592
0.002540926,3585.303781
0.002674399,3714.735878
0.002753508,3850.127849
0.002872111,3994.77559
0.002975948,4131.877462
0.003094566,4272.312402
0.003302151,4405.238646
0.003534494,4511.958793
0.003801366,4591.456813
0.004097918,4659.914819
0.004384611,4687.731693
0.004498307,4570.764531
0.004508196,4548.684498
0.004582323,4690.841729
0.004928303,4781.342595
0.005022207,4653.273464
0.005022252,4676.319963
0.00501727,4588.916741
0.005032095,4526.294704
0.004997478,4401.942749
0.004913447,4271.655701
0.004839291,4140.550874
0.00472558,4008.591097
0.004651468,3875.80115
0.004562501,3741.313692
0.004468552,3610.171694
0.0043796,3476.526797
0.004260952,3331.879056
0.00417197,3185.546195
0.004073099,3050.203787
0.003974214,2908.120898
0.003885262,2765.170668
0.003766629,2633.235672
0.003687535,2483.532571
0.003583728,2352.440135
0.00347992,2209.489904
0.003390968,2069.971868
0.003282209,1932.944339
0.003183323,1795.929202
0.003099293,1647.105832
0.002960898,1505.010553
0.002871931,1367.995415
0.002782964,1231.856292
0.00267419,1089.774642
0.002580286,949.3805906
0.002491319,813.2092521
0.002397415,665.1949879
0.002278752,520.5745064
0.002165071,380.179216
0.002046453,243.9707056
0.00189817,107.7991192
0.001819091,4.51509361
0.001715299,-127.4458855
0.00165106,-254.3676491
0.001552175,-393.969942
0.001438516,-520.0429502
0.001359453,-647.7948835
0.001275395,-779.7992668
0.001171594,-910.1049001
0.001102447,-1040.398143
0.000993725,-1166.467434
0.000889894,-1294.221845
0.000880022,-1304.394519
0.000855314,-1278.993811
0.000786108,-1419.465923
0.000697143,-1549.765362
0.000598307,-1675.839609
0.000489541,-1805.308878
0.000375867,-1941.543408
0.000281953,-2071.842847
0.000163359,-2198.759654
7.44E-05,-2329.926433
-4.92E-05,-2459.383312
-0.000162913,-2587.142679
-0.00027657,-2708.991735
-0.000380357,-2845.213876
-0.000518754,-2972.985633
-0.000642344,-3110.050334
-0.000780725,-3244.587354
-0.000899334,-3370.661601
-0.001027845,-3498.433359
-0.001190981,-3635.51045
-0.001324427,-3761.597087
-0.001462808,-3897.831618
-0.001650671,-4020.535625
-0.001789022,-4149.174724
-0.001962019,-4276.971264
-0.002179507,-4412.388015
-0.002411806,-4536.826705
-0.002683674,-4636.732027
-0.002995097,-4734.097277
-0.003301597,-4800.13912
-0.003677273,-4856.850849
-0.004033171,-4848.388077
-0.004077662,-4858.535969
-0.00411228,-4749.337703
-0.00440391,-4958.391729
-0.004868567,-4943.981471
-0.004888345,-4930.438558
-0.004922947,-4828.005556
-0.004937802,-4805.99987
-0.004937802,-4706.961889
-0.004873519,-4592.671093
-0.004794486,-4469.087353
-0.004700522,-4342.963543
-0.004631377,-4213.444712
-0.004527554,-4080.55564
-0.004443554,-3953.58927
-0.004334795,-3819.87003
-0.004270541,-3682.755767
-0.004176682,-3549.036526
-0.004062942,-3411.092094
-0.003988815,-3279.900533
-0.003889914,-3153.801505
-0.003805944,-3015.869464
-0.00371204,-2879.610152
-0.003613154,-2741.67811
-0.003514298,-2605.431189
-0.003420395,-2479.344551
-0.003316602,-2334.647248
-0.003232557,-2204.335419
-0.003163382,-2065.560818
-0.003054667,-1923.403586
-0.002940942,-1784.628984
-0.002856971,-1647.551893
-0.002748212,-1504.552101
-0.002659245,-1365.777499
-0.002560389,-1232.926839
-0.002461548,-1095.84727
-0.002367629,-964.6879246
-0.002288566,-836.0711285
-0.002179837,-704.0642671
-0.002095821,-573.7524383
-0.002001902,-435.8228749
-0.001888206,-298.7358717
-0.001799269,-156.5761613
-0.001705365,-27.14679016
-0.001552115,93.0110746
-0.001453279,219.1164223
-0.001364315,351.9708001
-0.001270415,488.1904621
-0.001161692,624.4064065
-0.00104796,760.6260688
-0.000924386,895.9969752
-0.00082555,1023.740235
-0.000741536,1105.808065
-0.000746458,1088.035003
-0.000697009,1167.570197
-0.000593209,1307.157621
-0.000464683,1444.20993
-0.000365817,1583.78992
-0.000237278,1727.607492
-0.000103816,1860.385048
-4.46E-08,1994.042336
0.000143348,2136.150006
0.00028176,2273.982923
0.000380596,2405.9427
0.000533845,2548.013198
0.000687063,2679.093243
0.0008601,2825.376542
0.001033138,2964.039628
0.001191308,3099.320084
0.001359349,3234.62532
0.001562033,3371.578505
0.001739953,3511.084151
0.001932742,3648.049726
0.002170053,3785.795908
0.002402352,3918.585855
0.002644539,4058.079111
0.002926326,4194.177345
0.003138862,4311.664914
0.0034503,4436.785086
0.003732056,4544.979712
0.004008861,4637.054181
0.004265904,4710.505595
0.00460204,4750.97326
0.00474045,4703.442963
0.004740435,4629.818081
0.004750354,4508.700066
0.00474045,4482.469188
0.004686026,4387.805086
0.004616821,4255.002749
0.004537742,4122.249974
0.004438886,3992.012488
0.004344952,3856.719642
0.004256,3718.031775
0.004142289,3578.488957
0.004048341,3440.64365
0.003939611,3301.968173
0.00388031,3165.002598
0.003751788,3020.392029
0.003638107,2881.716552
0.003544159,2738.815884
0.00345027,2595.060266
0.003336574,2449.644309
0.00324267,2299.953598
0.00311907,2148.590157
0.003035055,2009.889899
0.002941151,1864.461552
0.002827455,1723.221223
0.00274344,1584.545746
0.002629744,1433.169915
0.002516018,1300.392359
0.002407273,1160.013176
0.002308433,1024.683159
0.002229369,894.4555859
0.002086007,742.2086965
0.001997055,600.9609336
0.001913025,460.5805117
0.001794407,321.844321
0.001670823,184.8118364
0.001507714,57.02979419
0.001413792,-39.39600295
0.001324813,-162.9325336
0.0012408,-296.6307106
0.001122177,-432.0065733
0.001033197,-563.1535281
0.000949199,-690.0740523
0.000850317,-819.5371262
0.00073663,-942.2250252
0.000632829,-1065.749289
0.000583425,-1134.281639
0.000538958,-1198.590037
0.000445029,-1325.520474
0.000306632,-1453.279842
0.000222618,-1584.42184
0.000118847,-1716.43118
-1.46E-05,-1847.585569
-0.000138203,-1982.122589
-0.000251907,-2115.804658
-0.000385323,-2252.039188
-0.000518828,-2378.113436
-0.000632501,-2504.187683
-0.000775835,-2640.422214
-0.000914246,-2769.024141
-0.001082317,-2903.561161
-0.00122067,-3031.320529
-0.001359112,-3164.160038
-0.001512321,-3293.616916
-0.001680367,-3417.151092
-0.001868205,-3548.293091
-0.002016473,-3677.749969
-0.002214215,-3809.746918
-0.002416863,-3934.978605
-0.002619511,-4070.370576
-0.002827126,-4197.299774
-0.003049536,-4325.926483
-0.003306579,-4453.723023
-0.00357351,-4582.37451
-0.003840412,-4706.80081
-0.004132057,-4810.063983
-0.004512669,-4911.666818
-0.004947661,-4961.613283
-0.005051498,-4949.767878
-0.005061372,-4846.492316
-0.005095989,-4782.147985
-0.005081134,-4727.121376
-0.005071246,-4614.565262
-0.004997119,-4490.114181
-0.004918055,-4364.845324
-0.004838962,-4237.036394
-0.004735154,-4111.767535
-0.004651124,-3988.196187
-0.004567123,-3857.004626
-0.004458349,-3733.445668
-0.004394111,-3606.50408
-0.004310096,-3475.3373
-0.004201322,-3339.077989
-0.004102481,-3203.673627
-0.004013499,-3075.046918
-0.003919595,-2938.799998
-0.003830643,-2806.790658
-0.003736724,-2669.713567
-0.003642835,-2542.784369
-0.003548901,-2406.549839
-0.003454997,-2276.23801
-0.00336603,-2139.160919
-0.003282015,-2013.929232
-0.003183144,-1876.009581
-0.00308924,-1740.617611
-0.002995336,-1611.160732
-0.002886592,-1480.006343
-0.00279761,-1341.231742
-0.002713609,-1210.074875
-0.002594977,-1075.532898
-0.002515883,-946.0685862
-0.002421994,-813.2191645
-0.00232809,-683.7498956
-0.002234216,-556.8219366
-0.00213536,-420.584928
-0.002041442,-283.5016421
-0.001937649,-146.417117
-0.001819001,-11.08113954
-0.001660844,107.3995227
-0.001586717,237.735761
-0.001477958,366.3500791
-0.001389024,500.883382
-0.001265435,637.1055218
-0.001171534,769.0975146
-0.00105288,905.3060252
-0.000944159,1039.829415
-0.000865052,1067.740457
-0.000889774,1080.433377
-0.000865037,1101.582874
-0.000790895,1182.803188
-0.000701916,1314.777834
-0.000583277,1462.820596
-0.000444895,1596.477884
-0.000341079,1730.135172
-0.000232356,1862.925118
-0.000103801,2000.795207
3.46E-05,2137.810345
0.000182893,2270.600292
0.000296582,2404.232798
0.000449831,2540.380595
0.000622854,2679.056071
0.000771107,2818.561718
0.000954046,2958.067364
0.001122087,3095.8755
0.001319833,3233.671244
0.001512621,3376.547131
0.00170538,3510.960245
0.001927835,3652.931619
0.002160179,3787.332342
0.002402367,3920.023164
0.002639632,4041.711143
0.002926341,4172.716845
0.003222923,4309.595686
0.003450315,4417.777922
0.003766644,4533.58037
0.004063226,4641.713043
0.004389488,4746.413526
0.004750339,4815.639749
0.005076556,4866.242913
0.005506582,4892.337498
0.005906911,4919.212683
0.006282587,4914.814024
0.006598931,4879.897344
0.006643407,4793.584501
0.006920212,4978.737077
0.007379873,4989.640793
0.007641882,4868.535175
0.007632009,4863.455031
0.007666581,4798.330095
0.007646819,4732.275864
0.007631994,4610.476368
0.00756771,4480.338009
0.007478698,4351.005035
0.007379843,4217.446872
0.007290891,4084.731269
0.007192035,3947.864818
0.007112956,3814.281874
0.007014071,3680.71132
0.00691523,3548.07006
0.006831215,3410.261925
0.006712567,3275.848811
0.006618633,3138.932798
0.006539584,2996.961424
0.006425874,2863.403261
0.006312237,2726.450076
0.006233144,2576.883271
0.006114496,2428.072292
0.006010719,2295.356689
0.0059168,2155.888214
0.00580804,2018.10486
0.005728962,1876.121096
0.005600441,1734.880768
0.005481808,1591.211883
0.005373078,1453.378966
0.005264364,1307.925838
0.005170445,1165.072254
0.005036987,1021.296811
0.00494802,880.9349748
0.004824495,743.9409007
0.004666278,603.5902165
0.004547631,461.529631
0.00440928,323.6223706
0.004285696,180.7427669
0.004107762,57.77781407
0.003984192,-77.39236491
0.003870481,-219.5191164
0.003791418,-340.4884409
0.003662881,-470.801509
0.003583818,-598.5645935
0.003475073,-722.9537206
0.003376248,-852.4205114
0.003262567,-980.1501413
0.003153822,-1112.164437
0.002990698,-1245.018815
0.002906683,-1374.488084
0.002792987,-1501.404891
0.002639767,-1632.55928
0.002501372,-1762.04094
0.00237285,-1894.892839
0.002189964,-2026.059619
0.002056491,-2152.146257
0.001903271,-2279.075455
0.001710496,-2400.106732
0.00165121,-2444.935884
0.001517737,-2570.192353
0.001389232,-2697.976502
0.001186564,-2827.44577
0.000978948,-2958.61255
0.000771345,-3075.393855
0.000543983,-3202.335444
0.00033143,-3328.409691
7.44E-05,-3457.87896
-0.000172784,-3578.030506
-0.000414998,-3690.561838
-0.000662131,-3803.935732
-0.000953808,-3923.232327
-0.001220685,-4033.223589
-0.001492573,-4133.897128
-0.001769349,-4234.570667
-0.002060994,-4337.796667
-0.002347673,-4436.785086
-0.002654143,-4534.930944
-0.003005075,-4630.549124
-0.003341226,-4725.324743
-0.00371198,-4813.347487
-0.004077722,-4899.685115
-0.00450281,-4978.40253
-0.004992197,-5039.339448
-0.005560647,-5093.523497
-0.006129082,-5135.007189
-0.006742068,-5157.867828
-0.007354994,-5180.728466
-0.007997601,-5188.336286
-0.008635211,-5160.383119
-0.008635211,-5138.365041
-0.008699464,-5045.24976
-0.008704431,-5035.077086
-0.008778543,-5153.580685
-0.009347038,-5238.19602
-0.009950076,-5167.82986
-0.010014359,-5122.083807
-0.010073705,-5001.783571
-0.010068723,-4890.08241
-0.010024232,-4774.118883
-0.009959979,-4647.995075
-0.009866075,-4533.729057
-0.009772186,-4406.775079
-0.009683204,-4284.04629
-0.009579352,-4157.07992
-0.009490415,-4027.598261
-0.009386607,-3893.048851
-0.009302592,-3761.869681
-0.009218576,-3640.875575
-0.009129594,-3512.248866
-0.00902085,-3375.989554
-0.008917058,-3243.992605
-0.008837994,-3111.128315
-0.008719361,-2976.603686
-0.008625457,-2841.224106
-0.008516728,-2704.147015
-0.008417842,-2568.755044
-0.008294273,-2436.758095
-0.008200354,-2307.301218
-0.008111372,-2177.85673
-0.008017498,-2046.714732
-0.007908739,-1914.730173
-0.007804946,-1786.128246
-0.00769128,-1649.063545
-0.007587488,-1511.143895
-0.007473792,-1382.529576
-0.007389791,-1254.770209
-0.007256318,-1113.453058
-0.007157477,-983.9949412
-0.007068495,-847.7628889
-0.006935052,-708.9858093
-0.006821371,-584.6016383
-0.00672253,-448.3646294
-0.006603927,-319.7453552
-0.00651496,-186.8897383
-0.006406201,-54.84867874
-0.006257888,74.60175637
-0.006114541,196.4366874
-0.00601573,326.7547116
-0.00591686,457.0739746
-0.005773528,594.1634563
-0.005664784,725.3252793
-0.005511563,860.7197279
-0.005383027,994.4166658
-0.005224855,1125.573533
-0.005086445,1264.348134
-0.004952987,1395.490133
-0.004765119,1537.634975
-0.004606977,1672.159604
-0.004438931,1808.369354
-0.004251078,1944.579103
-0.004068207,2077.393831
-0.003865529,2217.816381
-0.003736993,2215.239138
-0.003737008,2238.942335
-0.003648041,2348.908817
-0.00345027,2485.948735
-0.003232781,2616.198611
-0.002975753,2754.031528
-0.002738488,2895.271857
-0.002441906,3028.012241
-0.002021709,3164.928254
-0.001705335,3298.511199
-0.001438471,3409.233506
-0.001146781,3509.832701
-0.000810667,3627.233536
-0.000499263,3726.953
-0.000163091,3825.780341
0.000173036,3919.490369
0.00050915,4009.892109
0.000879889,4098.521995
0.001225903,4177.04116
0.001557067,4253.838033
0.00191301,4320.437451
0.002278782,4394.743816
0.002595111,4455.519659
0.002951025,4516.245935
0.003297034,4576.142044
0.003682598,4640.250953
0.004073114,4690.854122
0.004493251,4745.719653
0.004873863,4795.467869
0.00523962,4835.142536
0.005649898,4868.894503
0.006050318,4900.118785
0.006396283,4921.145618
0.006752181,4925.358417
0.006925178,4876.304075
0.006925178,4799.321341
0.006944956,4745.186858
0.006949907,4675.787164
0.006915245,4549.799654
0.006860865,4422.176581
0.006766962,4292.02583
0.006663169,4160.22713
0.00656925,4021.638388
0.006465443,3890.682248
0.006386409,3757.148866
0.006267746,3613.479982
0.006159002,3476.563969
0.00605521,3337.107885
0.005976176,3204.503797
0.005872354,3060.760569
0.005763609,2927.227187
0.005654835,2780.113719
0.005556039,2644.015485
0.005452187,2502.03172
0.005348439,2371.001237
0.005219903,2223.06999
0.005135888,2085.299027
0.005046936,1948.321061
0.004933254,1808.803024
0.004824525,1668.479599
0.004710829,1527.264051
0.004592226,1385.255506
0.00447853,1245.700297
0.004354946,1103.652102
0.00425609,968.3852766
0.004147376,830.4990806
0.003984237,689.240166
0.003855746,550.5931876
0.003737113,411.8297376
0.003638287,276.4613091
0.00348013,139.3581982
0.003282359,15.48774115
0.003163711,-124.5390533
0.003054982,-260.7735839
0.002956156,-394.4581312
0.00284246,-523.0761667
0.002743619,-650.838012
0.002624971,-793.0101131
0.002506383,-908.0852344
0.002377877,-1038.410693
0.002254292,-1172.945235
0.002120849,-1297.356665
0.001987391,-1428.523444
0.00185887,-1556.307593
0.001690824,-1685.789252
0.001537574,-1817.786201
0.001394227,-1945.58274
0.001221249,-2072.53672
0.00106803,-2194.385776
0.00084064,-2229.104208
0.00081593,-2287.501056
0.000731903,-2413.587693
0.000583605,-2537.13426
0.000405676,-2670.853501
0.000183236,-2802.032672
-2.93E-05,-2929.81682
-0.000256723,-3057.600969
-0.000513729,-3181.990096
-0.000760878,-3293.69126
-0.001017914,-3420.620457
-0.001294692,-3529.76916
-0.001551756,-3633.83772
-0.001843371,-3737.89389
-0.002149872,-3840.26494
-0.00243655,-3929.080685
-0.002743036,-4024.674082
-0.003044569,-4121.940209
-0.003385657,-4204.003082
-0.003701987,-4295.358898
-0.004038123,-4379.082111
-0.004403925,-4456.907402
-0.004754886,-4538.957888
-0.005110785,-4617.625736
-0.005496349,-4694.583689
-0.005862151,-4762.26109
-0.006277366,-4845.191304
-0.006667866,-4905.260881
-0.007083066,-4968.725482
-0.007498311,-5016.094705
-0.007943177,-5060.948637
-0.008467136,-5097.327407
-0.008946648,-5123.558285
-0.009495336,-5131.178498
-0.009623813,-5106.645133
-0.009668349,-5020.319893
-0.009702951,-4904.294416
-0.009732587,-4945.740938
-0.00971284,-4790.895742
-0.009653479,-4674.944604
-0.00955959,-4552.228209
-0.009475544,-4435.409731
-0.009391529,-4313.535893
-0.00931245,-4186.594304
-0.009223468,-4063.902688
-0.009114709,-3935.263589
-0.009010917,-3804.1092
-0.008921964,-3678.047343
-0.008828046,-3548.578074
-0.008744015,-3425.031507
-0.008655033,-3298.127091
-0.008531464,-3166.130142
-0.008432608,-3034.145583
-0.008318912,-2902.161025
-0.008234897,-2765.108715
-0.008126152,-2631.414255
-0.00800752,-2501.139598
-0.007893838,-2346.306793
-0.007775236,-2185.538895
-0.007597271,-1974.031534
-0.007399575,-1759.116761
-0.007335352,-1633.885073
-0.007216689,-1498.517884
-0.007112926,-1365.653594
-0.006999216,-1239.579346
-0.006895438,-1099.965902
-0.00677679,-972.1929049
-0.006672998,-830.8720373
-0.006539525,-689.5623214
-0.006445651,-552.4790351
-0.006277605,-343.4634214
-0.006060102,-99.72900434
-0.005951357,28.91604242
-0.005793155,155.8153791
-0.005669601,286.9796805
-0.005536157,418.1476991
-0.005432365,555.2408977
-0.005289018,691.4853405
-0.005150623,827.7285445
-0.004913373,1051.128394
-0.004770041,1199.209567
-0.004611869,1334.590386
-0.004468507,1468.284846
-0.004305398,1612.127198
-0.004127434,1743.269197
-0.003954437,1880.309115
-0.003771536,2016.518865
-0.003568858,2151.018713
-0.003405764,2205.128417
-0.00338102,2177.200028
-0.003331592,2266.040554
-0.003212959,2398.012722
-0.003035025,2535.895201
-0.002802681,2673.728118
-0.002540717,2808.190795
-0.002184788,2947.68405
-0.00191289,3082.134336
-0.001621275,3210.624748
-0.001319729,3334.035019
-0.001028127,3452.352757
-0.000731531,3562.182942
-0.000420126,3664.417695
-0.000103772,3771.707808
0.000222455,3870.522759
0.000573465,3963.415008
0.000879904,4046.134583
0.001201194,4128.866548
0.001512606,4203.135742
0.001873456,4279.957396
0.002165086,4343.248526
0.002466605,4407.345046
0.002807663,4470.611394
0.003153703,4528.809995
0.003460143,4584.518086
0.003820978,4640.189002
0.00418675,4700.047938
0.004537727,4753.228348
0.004883722,4793.720794
0.005219798,4840.123552
0.005635028,4884.87836
0.006005782,4922.905081
0.006396223,4955.814488
0.006712582,4973.5702
0.007068435,4990.545308
0.007350192,5006.665463
0.007602283,5006.628293
0.007780202,5015.958407
0.007972947,5014.310457
0.008131119,5014.397193
0.008294273,5013.604195
0.008398035,5011.113684
0.008526557,5007.768226
0.008635331,4990.879854
0.00872925,4974.895993
0.008758886,4945.294875
0.00874403,4855.5994
0.008753949,4858.176642
0.00874403,4848.883698
0.008813295,4977.411284
0.008921994,5019.006493
0.008976389,4894.753661
0.008986248,4837.149809
0.008991199,4764.417049
0.008961534,4788.962808
0.008926901,4646.768403
0.008857756,4518.327556
0.008753934,4389.923877
0.00867487,4258.162349
0.008566111,4122.993409
0.008482096,3989.509589
0.008403032,3856.02577
0.008284414,3714.934128
0.008185558,3572.962754
0.008091655,3436.938864
0.007973037,3301.757533
0.007893943,3169.116274
0.007785229,3027.98746
0.00769134,2888.568548
0.007577644,2744.936836
0.007449123,2597.897711
0.007375026,2456.744116
0.007246534,2315.640084
0.007132823,2172.020762
0.007043886,2020.706884
0.006920302,1879.528508
0.006811587,1734.162113
0.006697906,1591.286227
0.006589162,1451.817752
0.006460656,1306.389404
0.006366796,1164.394489
0.006238245,1022.320273
0.006124594,885.3670885
0.006025738,745.7747081
0.00589228,612.9971518
0.005748934,466.5738395
0.00561552,329.432318
0.005482077,195.1431099
0.005264544,57.24204499
0.005131086,-77.236863
0.005027263,-206.5077585
0.004923471,-344.6479618
0.004814771,-474.1395336
0.004691187,-606.1488731
0.004582502,-736.4371601
0.004434174,-860.8956746
0.004320523,-991.2062641
0.004142574,-1127.492835
0.004014082,-1262.080657
0.003860832,-1393.272217
0.00371753,-1527.02863
0.003539551,-1664.204845
0.003391312,-1797.118698
0.003233125,-1925.819751
0.003030447,-2053.703024
0.002867368,-2180.743737
0.002664675,-2310.274959
0.00245706,-2444.105715
0.002219795,-2571.146428
0.002017191,-2699.029702
0.001784848,-2811.647769
0.001552504,-2930.2381
0.001344898,-3028.470693
0.001102715,-3140.258591
0.000855582,-3237.648624
0.00059853,-3338.396506
0.000376105,-3423.941135
8.94E-05,-3505.211011
-0.000128064,-3579.715625
-0.000395016,-3626.291851
-0.000390066,-3611.051426
-0.000404888,-3554.36448
-0.000666888,-3752.40327
-0.000904136,-3828.580614
-0.001141399,-3894.597674
-0.001398449,-3963.142415
-0.001655474,-4029.134694
-0.001917438,-4095.126973
-0.00215967,-4152.65648
-0.002431524,-4213.568618
-0.002718202,-4271.928294
-0.002980197,-4325.207828
-0.003247128,-4377.632412
-0.003548677,-4430.899556
-0.003820545,-4478.256388
-0.004102271,-4524.745882
-0.004398883,-4570.392811
-0.004636119,-4610.971993
-0.004937653,-4655.776363
-0.005199617,-4694.658032
-0.005501181,-4736.934722
-0.005763131,-4774.973836
-0.006064664,-4817.262914
-0.006390942,-4855.339197
-0.006717175,-4894.270428
-0.007043422,-4934.91156
-0.00738451,-4968.799825
-0.007725628,-5005.203377
-0.008012292,-5031.483817
-0.008308859,-5057.776645
-0.008664757,-5084.106648
-0.009005845,-5106.199069
-0.00933709,-5128.279098
-0.009742431,-5152.093814
-0.010098329,-5170.853165
-0.010424577,-5182.760521
-0.0108349,-5191.322418
-0.011210545,-5211.72972
-0.011606013,-5222.868858
-0.012060767,-5233.103487
-0.012466153,-5243.437239
-0.012891271,-5249.347551
-0.013291676,-5255.406549
-0.013721731,-5255.4685
-0.014072707,-5248.76519
-0.01438413,-5221.704145
-0.014438479,-5178.498159
-0.01445332,-5102.333205
-0.014458242,-5056.56237
-0.014596681,-5213.947634
-0.014858631,-5243.697442
-0.014922884,-5132.739713
-0.014912966,-5092.148143
-0.01489814,-5019.291477
-0.0148833,-4952.34512
-0.014863508,-4902.423436
-0.014794303,-4788.206984
-0.014715224,-4672.231064
-0.014611402,-4546.999378
-0.014522465,-4431.023462
-0.014413661,-4307.464504
-0.014314835,-4183.893156
-0.014215994,-4061.189149
-0.014117124,-3932.537659
-0.013978669,-3809.858433
-0.013879828,-3682.954017
-0.013776066,-3546.744267
-0.013652451,-3415.614659
-0.013548629,-3281.93259
-0.013430011,-3150.765811
-0.013311393,-3022.994053
-0.013212522,-2890.204106
-0.013103778,-2764.117468
-0.012955465,-2626.210208
-0.012831895,-2490.000458
-0.01274788,-2360.568361
-0.012619373,-2226.861511
-0.012490837,-2094.839781
-0.012396933,-1967.935364
-0.012258508,-1830.821101
-0.012164619,-1698.836543
-0.012031131,-1571.064785
-0.011912528,-1428.882771
-0.011788944,-1295.175921
-0.011655516,-1158.910414
-0.011517061,-1023.493662
-0.011408346,-894.8496067
-0.011299572,-761.9307976
-0.011176033,-634.9731013
-0.011062322,-507.1567373
-0.010923957,-375.7594927
-0.010825116,-235.8585867
-0.01071139,-113.1408262
-0.01062739,13.84549242
-0.010409871,145.1284957
-0.01024181,276.2556254
-0.010083653,406.4100938
-0.009940277,540.9644603
-0.009762342,672.1473479
-0.009609107,810.1500157
-0.009460824,942.2299814
-0.00928286,1081.086361
-0.009109862,1221.64149
-0.008907169,1359.656548
-0.008729265,1493.437742
-0.008536475,1633.141638
-0.008309083,1770.305463
-0.008106435,1904.929216
-0.007888962,2043.765771
-0.007636856,2183.444885
-0.007389701,2322.269049
-0.007132644,2454.30317
-0.006855854,2585.48234
-0.006593889,2714.109049
-0.006312148,2845.251047
-0.006025454,2962.837741
-0.00576349,3057.563797
-0.005447086,3165.807986
-0.005145597,3264.734452
-0.004883647,3350.130394
-0.004606842,3428.723903
-0.004290483,3505.619901
-0.004018615,3543.597057
-0.003998853,3481.817579
-0.004008741,3499.598074
-0.003875283,3608.697214
-0.003568798,3712.641869
-0.003287041,3786.118064
-0.002960808,3859.594259
-0.002698829,3923.777513
-0.002377563,3985.383523
-0.002095776,4040.261444
-0.001794243,4095.957143
-0.001487785,4148.257821
-0.001206071,4196.345699
-0.000889686,4247.816207
-0.000607956,4289.981382
-0.000341049,4330.449048
-7.41E-05,4370.074153
0.000227391,4411.421549
0.000494328,4443.463614
0.000776087,4480.561038
0.001047915,4512.627885
0.001314837,4544.68234
0.001537245,4570.801701
0.001769559,4595.273116
0.001996921,4622.272211
0.002199554,4643.398163
0.002461533,4665.354287
0.002669148,4683.035661
0.002871796,4705.028958
0.003064556,4722.735109
0.003267189,4739.635873
0.00346493,4756.549026
0.003652768,4770.104332
0.003860353,4785.369539
0.004008607,4797.202551
0.004181604,4813.285536
0.004359538,4823.520165
0.004527614,4841.32544
0.004670901,4843.927462
0.004824136,4855.847211
0.004982338,4866.081839
0.005120718,4872.933835
0.005273909,4886.650215
0.005441954,4892.647263
0.005580379,4896.178577
0.005674253,4894.555412
0.005797868,4898.012388
0.005901645,4890.528469
0.005980724,4872.847099
0.005995549,4798.404438
0.006010404,4746.871978
0.005975772,4670.583118
0.006000531,4620.81012
0.005980709,4498.812376
0.005921422,4380.643325
0.005857199,4250.393449
0.005733629,4117.033536
0.005639711,3987.812078
0.005550773,3851.726235
0.005476662,3721.600265
0.005367917,3588.091664
0.005259173,3452.947505
0.005165299,3312.512565
0.005071395,3173.948603
0.004957729,3046.449438
0.00484897,2904.391331
0.004755126,2757.240691
0.004631511,2622.914311
0.004527719,2480.100377
0.004418975,2333.829469
0.004330052,2199.379183
0.004231227,2054.830567
0.004092802,1912.822022
0.003993991,1772.411863
0.00388031,1629.585539
0.003766644,1482.385336
0.003643059,1341.169789
0.00353436,1193.129504
0.003410775,1051.874307
0.003292157,904.73358
0.003163651,758.4056749
0.003035175,624.6703262
0.002891798,478.2804685
0.002763292,354.40679
0.002639737,217.5167972
0.002437074,80.54353963
0.002244269,-58.98713557
0.002165221,-196.8567284
0.002056446,-331.7605097
0.001952684,-466.096802
0.001834051,-600.674711
0.001700608,-727.6447978
0.001572116,-859.7036998
0.001433684,-991.7588845
0.001290366,-1123.019833
0.001132212,-1255.104755
0.000993829,-1393.11114
0.000855432,-1521.874145
0.000692311,-1653.127659
0.000524255,-1782.683662
0.000356214,-1911.421886
0.000188126,-2042.70018
3.27E-07,-2174.833426
-0.00020237,-2300.20141
-0.000375346,-2427.242123
-0.000587871,-2553.465057
-0.00081034,-2672.042998
-0.00103275,-2790.64572
-0.001245305,-2900.736107
-0.001492438,-3013.378955
-0.001700054,-3103.978945
-0.001912576,-3197.986347
-0.002135031,-3283.506195
-0.002342616,-3361.39344
-0.002589785,-3442.675707
-0.002797355,-3501.072555
-0.002925922,-3518.865441
-0.002901178,-3473.168947
-0.003054443,-3586.580012
-0.003276838,-3677.13044
-0.003509197,-3749.057811
-0.003721749,-3806.587318
-0.003944174,-3875.962228
-0.004151759,-3935.176854
-0.004398928,-3988.456389
-0.00462632,-4042.590875
-0.004863556,-4098.398089
-0.005071156,-4149.980113
-0.00533315,-4199.864626
-0.005550624,-4238.746295
-0.005782953,-4290.315929
-0.005985601,-4324.960017
-0.006208056,-4368.921828
-0.006435418,-4405.275817
-0.00664797,-4446.697557
-0.006840774,-4480.511476
-0.007038471,-4507.560133
-0.007275736,-4539.676542
-0.007468511,-4570.132608
-0.007646445,-4602.273798
-0.007883711,-4627.637335
-0.00806163,-4652.183094
-0.008254434,-4680.086699
-0.008457082,-4699.564705
-0.00863005,-4733.428189
-0.008837695,-4754.616096
-0.009055183,-4780.859362
-0.009252895,-4803.781955
-0.009435781,-4828.352495
-0.009648362,-4849.577571
-0.009865866,-4875.003063
-0.010078387,-4897.950433
-0.010236574,-4914.925541
-0.010439223,-4936.187791
-0.010577603,-4955.715359
-0.010755537,-4965.107428
-0.010913694,-4977.064345
-0.01108177,-4987.323755
-0.01118061,-4998.438112
-0.01130418,-5003.642162
-0.011412909,-5014.806082
-0.01152662,-5019.923396
-0.011610636,-5015.84689
-0.011679811,-5014.335238
-0.011724272,-4967.065143
-0.011753952,-4907.032736
-0.01173416,-4792.692374
-0.011739082,-4818.105474
-0.01171932,-4672.578003
-0.011610561,-4554.941745
-0.011546337,-4433.067909
-0.011442515,-4311.181681
-0.011343674,-4188.490065
-0.011239852,-4069.156298
-0.011145948,-3943.937001
-0.011027315,-3822.880943
-0.010908667,-3690.945947
-0.010824652,-3560.646509
-0.010701068,-3426.98922
-0.010602227,-3294.236446
-0.010478657,-3166.415125
-0.01037485,-3038.655757
-0.010241377,-2904.118738
-0.010137599,-2777.214321
-0.010028855,-2650.285123
-0.009910207,-2517.458004
-0.009776734,-2385.436274
-0.009672956,-2255.161617
-0.009579053,-2126.510127
-0.00944555,-1994.488397
-0.009312106,-1857.374134
-0.009193488,-1718.624314
-0.009084759,-1584.050123
-0.008971078,-1460.478774
-0.008837605,-1329.287214
-0.008738749,-1198.967951
-0.008620132,-1059.297509
-0.008481707,-930.641063
-0.008372962,-799.4296775
-0.008239534,-666.5306937
-0.008140693,-539.5395428
-0.008007235,-408.9848582
-0.007888602,-275.8529312
-0.00778481,-151.3956558
-0.007656289,-21.83890947
-0.007527782,108.5731593
-0.007344911,243.1504485
-0.007152107,368.2780548
-0.007003808,497.6804146
-0.006855555,631.4170022
-0.006692476,771.1159415
-0.006544177,903.1859952
-0.006376132,1044.60227
-0.006208041,1186.017307
-0.006020218,1330.811256
-0.005842269,1467.987472
-0.005684127,1604.321127
-0.005516036,1739.812222
-0.00533318,1881.213628
-0.005120628,2020.050183
-0.004947616,2157.214008
-0.004730158,2294.340661
-0.004527509,2428.927243
-0.004305084,2552.486201
-0.004067848,2689.575682
-0.003815728,2819.87512
-0.003563637,2935.764303
-0.003341241,3041.493203
-0.003108897,3145.49981
-0.002896376,3236.818454
-0.002683854,3321.359446
-0.002446588,3405.888047
-0.002214274,3480.243974
-0.002001738,3521.591371
-0.001962213,3518.196349
-0.00195228,3402.257604
-0.001942391,3415.800518
-0.001873216,3525.77939
-0.001710122,3660.204895
-0.001502538,3737.076111
-0.001265255,3803.774654
-0.001077457,3864.575276
-0.000850065,3921.138317
-0.000652379,3980.229038
-0.000425003,4030.869377
-0.000207513,4080.617593
5.01E-06,4130.390591
0.000197776,4172.568157
0.000395506,4211.363093
0.000627834,4255.200998
0.00083047,4293.995934
0.001018285,4328.60285
0.001171504,4358.922622
0.001374172,4391.832028
0.001561974,4421.296849
0.001739908,4449.981063
0.001888176,4474.427697
0.0020513,4499.704498
0.002209442,4519.132942
0.002392343,4549.551839
0.002530738,4565.560481
0.002698799,4588.334384
0.002847082,4605.22276
0.002990384,4626.398274
0.003118921,4641.514795
0.003252349,4659.295289
0.003375904,4671.140694
0.003534076,4688.908799
0.003647757,4703.294272
0.003761423,4716.923921
0.003894851,4728.806495
0.003998658,4744.926655
0.004132072,4755.111717
0.004265545,4768.753758
0.004374289,4778.975994
0.004492907,4791.800252
0.004591703,4800.38693
0.004715302,4811.464119
0.004838872,4818.365677
0.004922872,4826.122188
0.005031602,4834.733647
0.005120584,4844.993056
0.005209551,4850.209494
0.005283663,4852.092863
0.005367663,4861.534493
0.00544179,4860.778665
0.005525835,4862.575301
0.005614802,4869.526422
0.00567907,4870.505279
0.005728498,4873.194034
0.00578777,4862.277924
0.005827279,4860.642367
0.005861882,4850.605991
0.005901436,4833.519367
0.005936038,4809.692263
0.005916216,4721.434097
0.005921198,4691.83298
0.005921183,4664.635637
0.005990403,4814.351126
0.006020054,4830.63236
0.006034879,4780.785019
0.006039801,4727.988717
0.006039801,4629.66939
0.006015072,4605.87946
0.00599531,4498.118503
0.00599534,4476.137598
0.00592615,4360.285587
0.005856975,4236.218615
0.005743249,4110.454133
0.005634534,3976.313611
0.005560408,3842.036794
0.005456615,3707.053713
0.005392407,3572.058241
0.005293551,3442.898737
0.005189789,3307.754579
0.005090933,3163.317478
0.004982219,3023.130349
0.004863571,2889.745654
0.004774634,2752.941156
0.004665904,2611.899077
0.004552238,2472.579289
0.004453398,2329.790137
0.00433481,2187.100109
0.004221114,2045.909343
0.004122258,1908.212723
0.004003655,1763.713669
0.003875179,1618.372055
0.003766404,1478.04863
0.003657675,1333.512405
0.003529199,1194.029062
0.003425421,1052.887857
0.003301866,909.070286
0.003193092,777.9914797
0.003059694,632.4206402
0.002911381,502.8621591
0.002773001,363.7430991
0.00260494,222.3850598
0.002446768,86.99990407
0.002278692,-39.81406144
0.002155153,-172.4856781
0.002051375,-306.8380782
0.001937709,-442.3266953
0.001858645,-570.7192218
0.001735076,-701.935564
0.001616473,-833.1457102
0.001487963,-964.4500253
0.001354517,-1100.802267
0.001221071,-1227.892542
0.001082705,-1355.778294
0.000944293,-1484.541299
0.000786152,-1615.893938
0.000618081,-1747.258966
0.000459941,-1875.204193
0.000277032,-1999.841132
0.000113941,-2132.87889
-8.87E-05,-2256.586535
-0.000261704,-2372.760701
-0.000459435,-2489.678303
-0.000627491,-2599.917377
-0.000825207,-2702.461895
-0.001013007,-2809.318338
-0.001190936,-2894.06997
-0.001378781,-2985.599253
-0.001566611,-3066.968255
-0.001734657,-3146.664526
-0.001902703,-3215.308391
-0.002085589,-3288.189838
-0.002288222,-3367.861328
-0.002481026,-3432.23044
-0.002639153,-3490.701631
-0.002826991,-3552.543063
-0.003009877,-3611.844424
-0.003192793,-3664.355742
-0.003380586,-3716.012109
-0.003533821,-3764.298236
-0.003736514,-3813.402142
-0.003899578,-3858.280857
-0.004087431,-3902.304621
-0.004235715,-3937.010662
-0.00440376,-3974.244383
-0.004581724,-4008.938033
-0.004764625,-4039.394102
-0.004898069,-3974.219602
-0.004927719,-4008.058302
-0.005130382,-4127.367287
-0.00530338,-4166.273738
-0.005412109,-4205.167798
-0.005594995,-4237.296596
-0.005713613,-4271.965466
-0.005886625,-4301.541802
-0.006020098,-4326.050388
-0.006143638,-4352.244094
-0.006316636,-4382.675382
-0.006464934,-4407.171577
-0.006603314,-4427.442582
-0.006771375,-4457.873867
-0.006909785,-4478.144871
-0.007058083,-4500.100999
-0.007201415,-4522.069512
-0.007329921,-4538.127716
-0.007458428,-4558.39872
-0.007591871,-4576.996997
-0.00768576,-4596.437829
-0.00783901,-4609.968354
-0.007957628,-4629.409191
-0.008076246,-4645.492172
-0.008175101,-4659.010309
-0.008293704,-4675.118075
-0.008427177,-4687.793648
-0.008511193,-4703.876633
-0.008595178,-4717.431935
-0.008708859,-4725.919488
-0.008812667,-4741.159914
-0.008906571,-4753.067269
-0.008975776,-4761.530042
-0.009054839,-4774.242788
-0.009133933,-4779.360102
-0.009208,-4789.557557
-0.009272298,-4796.384772
-0.009331584,-4802.319865
-0.009410678,-4809.196642
-0.009450172,-4818.539144
-0.00949963,-4817.770927
-0.009539124,-4823.780364
-0.009578694,-4826.382391
-0.009603378,-4834.956676
-0.00963798,-4834.200852
-0.009657727,-4838.562338
-0.009682471,-4842.093656
-0.009712077,-4847.260533
-0.009736806,-4848.152655
-0.009736791,-4848.388077
-0.009746634,-4851.027273
-0.00976146,-4852.935422
-0.00977627,-4853.059328
-0.009800999,-4853.208014
-0.009786144,-4854.186872
-0.009796032,-4850.122759
-0.009825683,-4843.419449
-0.00981581,-4842.651232
-0.00981581,-4827.547104
-0.009815795,-4814.103315
-0.009796002,-4784.502198
-0.009766292,-4671.165475
-0.0097465,-4676.12171
-0.00976134,-4779.335321
-0.009766262,-4780.37613
-0.009766262,-4741.420117
-0.009756403,-4668.712138
-0.009706901,-4604.999726
-0.009697012,-4549.254466
-0.009627852,-4434.368921
-0.009528981,-4320.920684
-0.009444981,-4205.923624
-0.009326333,-4086.701373
-0.009252221,-3970.019192
-0.009133589,-3849.012696
-0.00903967,-3728.898322
-0.008926019,-3608.83351
-0.008812308,-3487.046408
-0.008733259,-3368.666716
-0.008599771,-3241.824252
-0.008486075,-3115.799567
-0.008382312,-2980.444769
-0.008258728,-2857.877058
-0.008154935,-2725.025158
-0.008031336,-2598.975692
-0.007927573,-2464.513016
-0.00780894,-2339.3185
-0.007685341,-2206.503772
-0.007556835,-2077.889454
-0.007453042,-1944.182604
-0.007339346,-1817.241015
-0.007220743,-1691.947375
-0.007087255,-1560.780596
-0.006983493,-1430.431595
-0.006830242,-1295.002453
-0.006731372,-1163.81337
-0.006597928,-1033.425959
-0.006494151,-908.9463803
-0.006360693,-776.0114633
-0.006242075,-647.2422631
-0.006133361,-517.3703003
-0.005999917,-389.2739086
-0.005881285,-257.9869403
-0.005732971,-128.4135906
-0.005609446,2.015205464
-0.0054661,130.7640854
-0.005332642,259.5047875
-0.005179421,389.788118
-0.005046008,517.3009129
-0.004887836,657.9464934
-0.004739552,785.8136587
-0.004576458,923.9179293
-0.004423223,1061.204421
-0.004265066,1194.235984
-0.004092054,1329.8324
-0.003933882,1468.842422
-0.003785628,1610.355344
-0.003607694,1742.575324
-0.003449552,1875.613082
-0.003296331,2009.493401
-0.003123349,2138.293578
-0.002950366,2252.683499
-0.002782291,2375.511412
-0.002634052,2486.46914
-0.002446199,2593.201678
-0.002312771,2687.209079
-0.002154629,2791.364374
-0.001991505,2878.556952
-0.001858062,2961.511948
-0.001694953,3041.926873
-0.001536811,3124.857088
-0.001393469,3192.546878
-0.001255087,3261.909398
-0.00108703,3324.506655
-0.000953598,3393.014224
-0.000795414,3457.271821
-0.000666918,3513.909205
-0.000533502,3565.466448
-0.000365446,3620.39393
-0.000212212,3673.623902
-8.37E-05,3715.008471
3.49E-05,3760.618231
0.000183206,3803.675529
0.000286978,3839.967566
0.000435261,3872.876971
0.00055882,3903.246306
0.000667529,3908.214932
0.000682351,3851.503204
0.000682366,3851.515595
0.000840535,3984.26837
0.000954194,4023.918256
0.001048093,4058.500391
0.001171654,4093.937477
0.00127541,4121.704788
0.001403965,4148.703882
0.001512665,4179.048436
0.001596636,4200.954998
0.001700458,4227.91692
0.001789396,4243.875999
0.001893173,4268.297851
0.002001962,4284.24454
0.002100773,4306.126321
0.002169963,4321.280011
0.002253963,4338.936601
0.002362723,4355.763022
0.002426961,4370.036981
0.002506054,4384.335721
0.002565326,4395.227049
0.00265923,4408.69562
0.002698769,4416.229098
0.002777848,4427.145207
0.002832182,4432.175787
0.002901387,4443.959237
0.002955707,4454.069957
0.00303483,4465.010848
0.003074355,4470.0786
0.003128704,4475.93935
0.003192958,4480.957535
0.00321269,4490.262868
0.00326707,4494.525234
0.003321449,4497.870692
0.00335107,4505.540467
0.00340545,4506.420196
0.003454862,4510.595827
0.00348948,4508.960269
0.003514179,4514.957317
0.003563592,4514.164319
0.003588276,4519.26924
0.003598149,4518.513412
0.003642655,4518.587759
0.003662388,4517.794762
0.003687101,4518.699272
0.003696975,4517.063714
0.003736514,4513.75543
0.00376618,4512.97482
0.003766165,4505.441343
0.003761213,4500.373591
0.003771087,4492.778159
0.003785927,4486.03768
0.00378096,4476.744736
0.003815608,4464.874554
0.003795801,4452.161808
0.003810656,4446.164762
0.00382053,4430.032215
0.003820545,4416.464519
0.00383537,4396.044828
0.003860114,4378.103254
0.003830463,4363.680609
0.003815623,4338.131213
0.003835475,4299.745167
0.003771296,4244.074249
0.003712115,4168.912933
0.003697304,4123.154487
0.003662747,4037.65942
0.00365781,3999.595529
0.003568843,3883.062036
0.003460113,3763.31938
0.00338105,3635.956511
0.003267369,3505.211011
0.003178446,3369.298636
0.003084543,3235.096162
0.002965925,3104.251538
0.002847262,2971.64745
0.00275831,2830.568199
0.002644614,2694.631043
0.002570547,2556.946813
0.002427185,2418.506758
0.002333281,2271.566758
0.002209727,2133.845356
0.002110886,1990.238425
0.001982365,1850.831903
0.001878587,1714.882356
0.001755017,1572.861421
0.001621574,1431.707826
0.001522734,1290.504669
0.001409079,1143.498999
0.001285505,1003.083883
0.001161945,861.9216151
0.001023548,719.8684639
0.000890072,581.0975794
0.000786316,442.3452812
0.000623165,311.0545957
0.000484783,179.8171898
0.00030681,43.7338244
0.000109094,-89.83871198
1.02E-05,-220.5685993
-8.86E-05,-357.2950364
-0.000227034,-491.9101171
-0.000345628,-621.4376216
-0.000474153,-750.1312394
-0.000582861,-878.8620292
-0.000706435,-1004.213905
-0.000859669,-1134.645922
-0.000993115,-1265.946521
-0.001151316,-1401.437616
-0.001289727,-1528.50311
-0.001423158,-1654.713654
-0.001566506,-1773.328766
-0.00172963,-1903.789282
-0.001863044,-2029.999826
-0.002031119,-2141.800114
-0.002144785,-2245.162411
-0.002312846,-2368.808103
-0.002441352,-2461.117994
-0.002569874,-2550.082426
-0.00271319,-2639.877028
-0.00285163,-2718.631614
-0.002965296,-2804.981632
-0.003098755,-2879.535808
-0.003247023,-2959.963124
-0.003370608,-3033.600397
-0.003494192,-3099.642239
-0.003632602,-3159.724207
-0.00376603,-3224.898707
-0.00388963,-3282.452995
-0.003993392,-3334.07219
-0.004116947,-3391.601697
-0.004230643,-3442.353551
-0.004374005,-3492.262845
-0.004467909,-3533.709367
-0.004571671,-3578.526129
-0.004695286,-3621.657771
-0.004799048,-3658.01176
-0.004922663,-3694.353359
-0.005006663,-3728.167277
-0.005115407,-3764.508876
-0.005204375,-3793.242653
-0.005308122,-3811.816146
-0.005367483,-3798.248451
-0.005367513,-3698.392691
-0.005367498,-3673.846933
-0.005407008,-3804.988932
-0.005589939,-3921.733065
-0.005668972,-3945.37431
-0.0057184,-3972.410576
-0.005792572,-3997.749331
-0.005866684,-4024.785597
-0.005945762,-4052.652033
-0.006014937,-4072.923037
-0.006108886,-4098.249402
-0.006173094,-4117.677846
-0.006237333,-4140.476531
-0.006336218,-4158.207464
-0.00639552,-4181.006149
-0.006459758,-4198.737082
-0.00654874,-4216.480406
-0.006598153,-4233.356389
-0.006672265,-4250.244762
-0.006741455,-4264.593065
-0.006790898,-4278.111198
-0.006855151,-4290.77438
-0.006924356,-4301.752443
-0.006968817,-4316.943305
-0.007008311,-4324.538737
-0.007052787,-4334.686629
-0.007087375,-4342.28206
-0.007146721,-4349.865101
-0.007196134,-4360.867945
-0.007205993,-4368.450985
-0.007240565,-4372.663786
-0.007289993,-4378.598878
-0.007294915,-4384.533971
-0.007344358,-4390.481453
-0.00736412,-4398.101666
-0.007369042,-4402.38881
-0.007388804,-4410.046194
-0.007398662,-4414.308557
-0.007413473,-4417.753141
-0.007443139,-4419.500214
-0.007438172,-4423.762577
-0.007438157,-4428.929452
-0.007452997,-4427.293894
-0.007467808,-4429.053358
-0.007452982,-4429.957871
-0.007462841,-4428.371876
-0.007457889,-4432.696191
-0.007472744,-4427.739956
-0.007487555,-4432.86966
-0.007467778,-4421.148162
-0.007438097,-4420.429508
-0.007452922,-4419.710854
-0.007433115,-4413.019936
-0.007457844,-4415.671522
-0.007438052,-4407.357436
-0.007418245,-4402.339248
-0.00740339,-4397.395402
-0.007393486,-4384.769391
-0.007368742,-4381.535448
-0.007383598,-4368.017315
-0.00734895,-4362.144175
-0.007324192,-4342.765293
-0.007324177,-4325.827358
-0.007299433,-4296.263411
-0.00726483,-4258.174739
-0.007190659,-4180.349447
-0.007161008,-4165.084241
-0.007131327,-4065.278043
-0.007047342,-3948.53391
-0.006948456,-3835.110454
-0.006854567,-3715.008471
-0.006740886,-3594.94366
-0.006651904,-3474.779724
-0.006538208,-3355.557473
-0.006424512,-3231.193126
-0.00633559,-3109.418414
-0.006216942,-2982.58834
-0.006098324,-2860.751675
-0.005984613,-2741.492252
-0.005880821,-2619.72993
-0.00578201,-2492.837903
-0.005658411,-2362.563246
-0.005554618,-2236.538561
-0.005426097,-2100.279249
-0.005307464,-1969.12486
-0.005188861,-1843.025832
-0.005080132,-1712.726394
-0.004971388,-1583.257125
-0.00485274,-1453.775465
-0.00472917,-1322.583905
-0.004615504,-1193.920024
-0.004491934,-1065.248709
-0.004378268,-932.3051191
-0.004249762,-801.0503666
-0.004126192,-679.1021855
-0.004007604,-538.5036895
-0.003893938,-406.2936222
-0.00376048,-278.11917
-0.003636911,-147.6090917
-0.003508404,-19.72247289
-0.003399645,105.6377048
-0.003256343,239.3688407
-0.003142677,365.2609463
-0.002999345,499.9540875
-0.002856014,637.1364984
-0.00270773,770.199038
-0.002564368,903.2268841
-0.002425988,1042.177432
-0.002282612,1169.311074
-0.002168991,1305.707922
-0.002035562,1442.970872
-0.001912023,1577.68136
-0.001763724,1697.969202
-0.00164017,1823.361967
-0.001541359,1939.412227
-0.001422727,2041.870011
-0.001294217,2150.262887
-0.001185523,2253.563231
-0.001076786,2346.66612
-0.00096805,2438.083889
-0.000864263,2525.239294
-0.000770349,2603.944318
-0.000681443,2684.309681
-0.000582578,2762.989924
-0.000463954,2832.327662
-0.00040468,2896.59765
-0.000295927,2961.710197
-0.00022183,3021.742603
-0.000142738,3080.920058
-2.90E-05,3141.782633
4.01E-05,3190.787414
0.000148893,3246.545067
0.000223006,3297.234968
0.000316905,3342.002168
0.00041082,3391.824728
0.000475061,3435.736976
0.000578877,3471.186453
0.000643072,3509.151219
0.000707342,3548.825886
0.000801273,3576.65515
0.000840773,3601.114173
0.00091493,3612.872843
0.000934689,3610.2956
0.000954491,3522.310025
0.001028603,3668.618105
0.00113737,3713.348133
0.001176887,3739.479886
0.001246093,3774.916971
0.001305398,3797.666093
0.001339948,3821.257776
0.001394362,3845.704408
0.001468504,3868.45353
0.001493167,3891.202653
0.00154257,3906.343953
0.001606839,3923.170374
0.001651345,3942.561646
0.001676029,3955.175266
0.001740282,3970.328957
0.001764981,3978.692605
0.001824327,3997.228927
0.001844059,4009.012377
0.001868773,4015.715686
0.001923153,4026.656577
0.001933012,4032.504935
0.00199731,4044.313166
0.001982424,4044.263604
0.001992328,4051.834254
0.002051659,4061.090024
0.002056566,4061.040462
0.002066455,4065.228481
0.002096135,4069.441282
0.002110946,4073.641692
0.002110916,4071.076839
0.002140596,4073.592129
0.0021505,4072.724788
0.002160344,4071.882228
0.002150455,4071.027277
0.002185073,4067.632255
0.002190024,4069.304985
0.002185088,4062.527333
0.002194961,4059.999653
0.002194976,4056.629412
0.002185043,4053.259172
0.002185043,4043.929058
0.002189994,4042.268719
0.002189994,4032.963387
0.002194961,4030.410925
0.002190024,4016.087404
0.002194961,4009.27258
0.002199913,4001.72671
0.002219705,3990.699086
0.002224672,3980.575974
0.002214783,3971.208689
0.002204865,3961.060796
0.002224672,3947.48071
0.002229608,3939.07989
0.002214783,3928.894826
0.002199943,3919.589493
0.00220491,3900.991219
0.002195036,3893.346225
0.002165385,3877.114553
0.00215056,3859.284494
0.002145638,3846.497406
0.002165445,3830.414421
0.002145683,3823.611988
0.002150665,3807.504221
0.002101192,3792.201844
0.002106159,3773.578787
0.002121014,3770.90242
0.002111125,3752.18024
0.002106203,3740.359617
0.002086426,3724.202289
0.002081519,3707.227181
0.002071631,3696.211947
0.002036998,3676.758722
0.002051854,3665.731097
0.002012344,3641.978337
0.001982664,3581.029028
0.001977727,3533.597852
0.001992582,3674.169089
0.001987616,3670.873192
0.002007438,3653.737007
0.001987645,3560.67129
0.001967838,3530.20283
0.001898604,3486.154285
0.001888745,3406.519967
0.001784937,3294.360351
0.001696,3175.398302
0.001592193,3050.649848
0.001463671,2927.363483
0.001379658,2795.763033
0.001261034,2662.266823
0.001167134,2521.274306
0.001038638,2388.670218
0.000919985,2252.683499
0.000811263,2115.767486
0.000687689,1977.240697
0.000593818,1834.278076
0.000455376,1686.309657
0.00034667,1546.890745
0.000223109,1402.36691
0.000104471,1263.728605
-9.20E-06,1125.113842
-0.000137728,981.3879613
-0.000271174,842.783111
-0.00040462,704.105156
-0.000552919,565.2735577
-0.000725955,427.5236581
-0.000859386,293.6346661
-0.001002749,174.2364683
-0.001131259,26.93800873
-0.001309202,-100.7217384
-0.001432763,-207.5002447
-0.001551427,-338.8057989
-0.001689822,-473.495223
-0.001778774,-605.5392564
-0.001902373,-732.7398081
-0.002035832,-861.5313117
-0.002169275,-990.3240541
-0.002292844,-1120.022549
-0.002401574,-1249.690067
-0.00253011,-1360.697358
-0.002628981,-1473.340206
-0.00273768,-1578.486748
-0.002851391,-1686.916796
-0.002955198,-1781.048104
-0.003068894,-1875.935237
-0.003147988,-1958.952186
-0.003222145,-2039.503408
-0.003320985,-2119.100555
-0.003414904,-2201.287334
-0.003484094,-2273.251878
-0.003563188,-2340.223014
-0.003657137,-2401.11037
-0.003726327,-2462.096851
-0.003795517,-2523.03377
-0.00387464,-2578.047987
-0.003909198,-2633.892373
-0.003973451,-2682.16611
-0.004072351,-2732.038232
-0.004121764,-2777.734726
-0.004186017,-2825.934118
-0.004240412,-2876.673582
-0.004284858,-2913.015181
-0.004344175,-2957.014164
-0.004438123,-2999.253683
-0.004487536,-3038.147743
-0.004522109,-3076.186853
-0.004576473,-3108.278479
-0.004635835,-3149.675439
-0.004670392,-3177.541874
-0.004724787,-3215.568593
-0.004803895,-3245.107758
-0.004848356,-3278.896896
-0.004887911,-3307.593501
-0.004952164,-3337.132666
-0.004971896,-3365.829271
-0.005006514,-3391.985805
-0.00505099,-3420.67002
-0.005125161,-3443.456314
-0.005139957,-3467.072777
-0.005184418,-3489.84668
-0.005243779,-3513.475534
-0.00525856,-3532.854416
-0.005293177,-3553.088249
-0.005332672,-3573.309691
-0.005392018,-3588.475772
-0.005416747,-3592.63901
-0.005421654,-3562.108598
-0.005441461,-3538.417791
-0.005441416,-3586.641965
-0.005510621,-3653.414852
-0.005545208,-3666.895813
-0.005569937,-3691.379617
-0.005599558,-3709.08577
-0.005624257,-3724.251851
-0.005648971,-3742.812954
-0.005673685,-3758.003817
-0.005693402,-3767.259587
-0.005733016,-3778.212868
-0.005742875,-3790.86366
-0.00575767,-3806.897082
-0.005777447,-3819.560265
-0.005807113,-3827.998256
-0.005812005,-3834.713956
-0.005836734,-3845.692018
-0.005856511,-3853.287449
-0.005861433,-3860.02793
-0.005856466,-3861.688269
-0.00586634,-3868.428749
-0.00588115,-3874.32667
-0.005886087,-3877.69691
-0.005900912,-3882.764661
-0.005910771,-3884.462172
-0.005925611,-3890.372483
-0.005910741,-3896.307576
-0.005935485,-3899.714988
-0.005915693,-3907.359982
-0.005945358,-3909.057492
-0.005935455,-3915.835144
-0.005935455,-3915.897098
-0.005920585,-3918.437168
-0.005955217,-3920.171851
-0.005940362,-3922.761484
-0.005945313,-3924.508557
-0.005925521,-3924.558119
-0.005915603,-3931.397725
-0.005925491,-3925.524585
-0.005900748,-3928.139
-0.005895796,-3928.993951
-0.005885892,-3925.735226
-0.005866085,-3921.571987
-0.005871052,-3920.803771
-0.005856182,-3916.640533
-0.0058512,-3911.622344
-0.005826486,-3908.326447
-0.005811646,-3904.163209
-0.005791824,-3903.357821
-0.005801727,-3894.176395
-0.00578192,-3893.420568
-0.005742321,-3888.377599
-0.005737369,-3878.204925
-0.005712641,-3868.973935
-0.005687882,-3871.650303
-0.005692819,-3862.456485
-0.005668075,-3858.243685
-0.005638364,-3853.237887
-0.005623509,-3845.753971
-0.005603747,-3842.433293
-0.005574066,-3838.988709
-0.005559211,-3834.094426
-0.0055444,-3824.875828
-0.005539449,-3816.499789
-0.005504816,-3812.262208
-0.005480087,-3809.821262
-0.005415789,-3792.895716
-0.005435551,-3789.550257
-0.005376175,-3782.053951
-0.005331654,-3766.751573
-0.005311877,-3754.076
-0.005267341,-3749.020639
-0.005232694,-3738.079749
-0.005203043,-3724.512054
-0.005143667,-3701.601853
-0.005104113,-3685.357791
-0.005020052,-3648.855114
-0.005020067,-3630.306402
-0.004970669,-3533.721758
-0.004955829,-3555.62832
-0.004950862,-3646.265481
-0.004950862,-3664.083149
-0.004941019,-3531.070172
-0.004945956,-3547.115985
-0.004871829,-3416.135064
-0.004748199,-3302.587703
-0.004659232,-3185.001009
-0.004545566,-3066.534584
-0.004461536,-2947.213208
-0.004357773,-2819.503403
-0.004249059,-2703.601829
-0.004135333,-2583.58658
-0.004026619,-2464.872343
-0.003927778,-2341.375338
-0.003823985,-2216.13126
-0.003695464,-2084.964481
-0.003576816,-1957.911377
-0.003478006,-1835.157808
-0.003339581,-1704.821198
-0.003235803,-1576.962705
-0.003122122,-1448.286434
-0.003038107,-1327.230376
-0.002899727,-1200.25905
-0.002795919,-1074.072048
-0.002697123,-948.7623002
-0.002593316,-826.8277489
-0.002489524,-695.587865
-0.002390698,-571.0091618
-0.00228692,-447.2618672
-0.002153447,-311.6443878
-0.002079335,-188.6442457
-0.001955781,-62.07177281
-0.00185694,72.59212667
-0.001763081,193.1457468
-0.001609861,326.11164
-0.0015407,460.0551505
-0.001422102,593.9751191
-0.001298513,727.1120022
-0.00115521,854.2753824
-0.001066275,975.4702158
-0.000942701,1095.820011
-0.000819141,1211.105772
-0.000754946,1309.350755
-0.000670917,1409.367593
-0.000567131,1503.374995
-0.000507871,1602.48732
-0.000423842,1685.491878
-0.00034478,1770.156776
-0.000295391,1848.006849
-0.000221264,1925.051534
-0.00012738,1991.898764
-0.000112558,2055.363363
-5.82E-05,2120.488301
-8.82E-06,2176.345078
5.55E-05,2234.667582
9.50E-05,2294.699988
0.000134472,2344.57211
0.000203694,2396.996694
0.000243194,2446.831645
0.000292613,2495.91077
0.000317293,2533.887926
0.000361788,2581.195196
0.000376582,2622.592156
0.000445787,2669.044475
0.000475402,2708.706752
0.000505047,2745.03596
0.000509953,2782.145776
0.000569258,2820.160104
0.000608805,2851.39678
0.000633498,2885.123964
0.000673029,2915.493299
0.000697709,2948.402704
0.000737269,2979.602208
0.000752077,3003.206281
0.000791638,3034.418176
0.00079653,3057.154907
0.000841012,3081.58915
0.00085582,3106.878343
0.000895365,3129.627465
0.000900287,3148.139006
0.000934927,3167.505497
0.000934897,3184.331917
0.000974444,3200.340559
0.000999166,3216.324419
0.000994186,3228.938039
0.001023831,3237.301687
0.001023876,3238.912464
0.001013944,3236.347612
0.001043619,3166.960311
0.001058441,3254.078545
0.001107905,3288.697852
0.001097958,3301.311472
0.001112795,3314.792433
0.00114247,3329.946124
0.001127632,3339.214285
0.001162272,3348.445274
0.001172144,3358.555995
0.001157292,3364.441525
0.001177065,3371.182006
0.001172115,3376.212585
0.001186967,3386.323306
0.001211691,3391.366276
0.001226557,3393.051396
0.001231464,3398.106757
0.001206724,3403.149726
0.001216626,3404.822456
0.001221607,3408.192696
0.001241364,3405.665016
0.001226527,3409.877816
0.001236429,3408.180305
0.001261168,3410.720377
0.001241364,3412.405497
0.001261168,3411.587718
0.001256217,3408.192696
0.001241379,3406.58192
0.001246316,3408.217478
0.001271084,3401.415044
0.001246331,3402.307166
0.001251281,3397.214634
0.001261183,3396.409246
0.001241379,3393.014224
0.001261198,3384.601014
0.001236459,3387.946473
0.001241394,3380.388214
0.001256247,3380.412995
0.001261183,3372.75561
0.001256217,3367.749813
0.001271084,3363.49984
0.001251296,3360.117209
0.001246331,3355.049458
0.001241394,3350.031269
0.001241379,3341.580888
0.001271084,3339.883377
0.001231509,3328.81858
0.001256276,3328.050364
0.001241409,3322.140053
0.001251341,3317.8653
0.001256276,3311.942597
0.001236504,3301.831877
0.001226602,3297.581905
0.001216701,3289.094351
0.001236474,3287.458793
0.001211764,3284.051381
0.001221667,3276.45595
0.001226647,3266.320447
0.001206859,3260.360574
0.001226662,3256.098211
0.001226662,3247.635438
0.001216745,3244.314761
0.001201922,3237.57428
0.001201922,3234.154477
0.00121676,3229.111507
0.001221726,3228.417635
0.001206904,3230.127536
0.001211809,3224.043757
0.00121679,3216.510278
0.001192052,3208.010333
0.00118713,3201.108775
0.001177199,3197.812878
0.00118218,3180.763428
0.001162422,3161.124343
0.001147585,3138.920407
0.001142648,3132.006458
0.001142648,3117.707718
0.001093215,3108.959962
0.001088265,3085.987809
0.001053654,3066.559365
0.001053654,3066.559365
0.001014197,2955.564465
0.001004296,2934.43851
0.000930154,2842.215353
0.000821431,2724.033911
0.000722522,2600.028892
0.000628667,2479.171083
0.000514994,2349.082285
0.00040129,2218.931534
0.00030244,2084.543201
0.000173914,1951.071772
7.01E-05,1809.075617
-7.32E-05,1668.50438
-0.00017702,1522.159129
-0.000300596,1379.084993
-0.00038953,1237.780233
-0.000547744,1099.819693
-0.000641615,966.8352137
-0.000765219,827.148665
-0.000888763,691.7529775
-0.001051884,555.519686
-0.00121997,417.5306478
-0.001358353,282.0593774
-0.001506666,149.8245291
-0.001610399,41.52532574
-0.001743917,-63.81004863
-0.001907056,-172.9119144
-0.002035562,-304.2893339
-0.002139325,-430.5420057
-0.002253021,-562.7012717
-0.002391446,-692.3117929
-0.002490316,-805.0562441
-0.002608934,-919.4201456
-0.002688013,-1019.465481
-0.002767076,-1127.035623
-0.002865962,-1227.881391
-0.002949992,-1315.96733
-0.003058766,-1399.033841
-0.003093309,-1480.316108
-0.003167466,-1549.790143
-0.003251541,-1618.359665
-0.003325683,-1689.469257
-0.003380062,-1746.218157
-0.003434442,-1802.062544
-0.003493758,-1867.237043
-0.003518457,-1912.041415
-0.00356787,-1968.753143
-0.003632183,-2011.042225
-0.003681596,-2055.846596
-0.003726102,-2095.607997
-0.003755738,-2141.267319
-0.003780422,-2175.923798
-0.003815039,-2219.018268
-0.00385956,-2256.177645
-0.003904036,-2289.917221
-0.003923799,-2320.373289
-0.003943531,-2355.004986
-0.003978148,-2387.084223
-0.004002877,-2413.228366
-0.00405232,-2446.150162
-0.004062164,-2475.689328
-0.004101733,-2500.12357
-0.004136335,-2524.594984
-0.004146209,-2554.109368
-0.004170953,-2576.01593
-0.00420554,-2597.934883
-0.004195637,-2623.224076
-0.004225272,-2644.288078
-0.004230239,-2669.577271
-0.004254923,-2685.561131
-0.004279637,-2706.625133
-0.004304381,-2724.294114
-0.004334047,-2741.132925
-0.004348857,-2760.499416
-0.004348842,-2777.325836
-0.004368604,-2793.297306
-0.00438343,-2808.463387
-0.004373526,-2823.604687
-0.004383415,-2835.375748
-0.004422969,-2850.517048
-0.004403177,-2860.590597
-0.004408099,-2871.519097
-0.004418002,-2861.28447
-0.004427891,-2831.658571
-0.004413035,-2815.575586
-0.004492144,-2912.816932
-0.004477259,-2927.983013
-0.004492099,-2943.136704
-0.004497036,-2957.447834
-0.004497036,-2971.771356
-0.00450688,-2986.094877
-0.004501943,-2997.035768
-0.004516768,-3007.146489
-0.004526642,-3018.929939
-0.004516753,-3031.56834
-0.004546449,-3041.679061
-0.004551371,-3050.092272
-0.004566196,-3058.493091
-0.004561244,-3068.603812
-0.004541422,-3073.646782
-0.004566181,-3082.914943
-0.004561229,-3087.115353
-0.004571118,-3099.766145
-0.004580976,-3106.519016
-0.004561184,-3111.561986
-0.004580961,-3123.41978
-0.004566106,-3128.46275
-0.004566121,-3131.870162
-0.004595787,-3147.061024
-0.004585883,-3148.733754
-0.004580932,-3158.881647
-0.004571028,-3162.264278
-0.004566076,-3168.186979
-0.004556173,-3174.109681
-0.004546269,-3180.032383
-0.00456111,-3186.834817
-0.004556158,-3190.205057
-0.004526477,-3196.15254
-0.004496767,-3202.05046
-0.004511592,-3204.640093
-0.004481896,-3206.312823
-0.004467041,-3209.757407
-0.004457138,-3213.164819
-0.004486818,-3215.71728
-0.00443733,-3218.257351
-0.004442282,-3219.186646
-0.004437316,-3221.739107
-0.004427427,-3221.788669
-0.004417523,-3229.470835
-0.004387798,-3226.100594
-0.004363069,-3228.653056
-0.004343277,-3226.187328
-0.004343262,-3226.212109
-0.004328407,-3228.789352
-0.004323455,-3228.925649
-0.0043086,-3228.900868
-0.004313536,-3227.265309
-0.004293744,-3233.299527
-0.004259097,-3229.929286
-0.004254145,-3229.991239
-0.004259082,-3227.550293
-0.004229386,-3226.695342
-0.004214546,-3226.757295
-0.004184866,-3229.446053
-0.004179929,-3229.532788
-0.00414033,-3227.017498
-0.004130456,-3233.101277
-0.004130441,-3234.860741
-0.004125504,-3238.354887
-0.004110649,-3232.456967
-0.004071065,-3229.916896
-0.004056195,-3226.583827
-0.004026529,-3224.948269
-0.004021577,-3222.44537
-0.003996863,-3219.112302
-0.003972104,-3209.918484
-0.003972119,-3208.14663
-0.003962231,-3191.95213
-0.003912773,-3179.165042
-0.003878141,-3156.899152
-0.003823806,-3080.089889
-0.003833694,-3091.947682
-0.003749679,-2978.970288
-0.003734854,-2976.368264
-0.003670601,-2865.584004
-0.003606392,-2759.049717
-0.003497618,-2637.944096
-0.003393841,-2519.403327
-0.003314792,-2397.405584
-0.003176367,-2273.908579
-0.003082493,-2147.648473
-0.002939101,-2023.123049
-0.002855101,-1897.866581
-0.002736498,-1770.825867
-0.002622832,-1641.282255
-0.002494296,-1516.818785
-0.002410295,-1393.036796
-0.002296659,-1268.536154
-0.002192837,-1139.049538
-0.002069267,-1012.050953
-0.001960538,-882.5556639
-0.001871571,-752.9030144
-0.001757935,-621.6358709
-0.001673919,-499.7422085
-0.00156519,-374.399006
-0.001446544,-248.1512905
-0.001357624,-124.449841
-0.001253866,-2.630807115
-0.001159937,75.13467565
-0.00105123,207.3255374
-0.000972182,340.218326
-0.000848622,455.4855013
-0.000759673,581.7022403
-0.000670754,702.8388376
-0.000591661,812.9564841
-0.000517579,901.0287937
-0.000403877,993.3386846
-0.000364375,1080.585781
-0.000255653,1165.199877
-0.000141934,1236.267342
-8.76E-05,1313.266182
-1.34E-05,1381.77375
3.60E-05,1444.346227
9.03E-05,1510.338506
0.000110046,1570.358521
0.00017433,1627.020687
0.00019406,1681.118
0.000228655,1730.147562
0.000278059,1783.389925
0.000312668,1830.697196
0.000322496,1878.004466
0.000371943,1918.558865
0.000391701,1961.616163
0.000421332,1993.683009
0.000421317,2036.740307
0.000465799,2073.912075
0.000470689,2110.17933
0.000500379,2144.761465
0.000505286,2174.275849
0.000539881,2208.857984
0.000549753,2239.227319
0.000574461,2263.649171
0.000554629,2294.018505
0.000589224,2322.677939
0.000609013,2347.954741
0.00059416,2370.691473
0.000633721,2394.283155
0.000623805,2415.334766
0.000633677,2436.398769
0.000663352,2457.46277
0.000648455,2476.816871
0.000678159,2496.195753
0.00068803,2513.022173
0.000692967,2529.860984
0.000673163,2545.857235
0.000683035,2561.841096
0.000707774,2574.442325
0.000712724,2585.370825
0.000712724,2597.141885
0.000722581,2608.912945
0.000717631,2620.696396
0.000732467,2628.254655
0.000732482,2630.732773
0.000737419,2640.843494
0.000732482,2605.270112
0.000732482,2537.580322
0.000732454,2656.009575
0.000772014,2684.730961
0.000776964,2693.986732
0.000776949,2704.097453
0.000757147,2710.825543
0.000767049,2720.106094
0.000762098,2727.689135
0.000757132,2735.272176
0.000786836,2741.170096
0.000762098,2750.463038
0.000786851,2758.083251
0.000786851,2757.240691
0.000781886,2767.326631
0.000786836,2772.406772
0.000771969,2779.172034
0.000791771,2782.554665
0.000781901,2788.477367
0.000791771,2789.319927
0.000767019,2794.400068
0.000771984,2800.32277
0.000781901,2799.504991
0.000771999,2804.572742
0.000771969,2802.00789
0.000796723,2803.717792
0.000767049,2810.532616
0.000767019,2811.375176
0.000776936,2810.594569
0.000786851,2813.952418
0.000781856,2813.14703
0.000757132,2814.83215
0.000781886,2815.699492
0.000791771,2816.579224
0.000776949,2815.761444
0.000767034,2813.233764
0.000757147,2817.496127
0.000752196,2814.918884
0.000781901,2814.980838
0.000752196,2813.320498
0.000781871,2814.262183
0.000776936,2812.490329
0.000776964,2807.348234
0.000767064,2809.14487
0.000762113,2808.364263
0.000752211,2805.886145
0.000771984,2805.824192
0.000757176,2801.57422
0.000771999,2802.491123
0.000757117,2800.818394
0.000776906,2797.398591
0.000781886,2794.090304
0.000752196,2794.028351
0.000767034,2793.198181
0.000771984,2789.840332
0.000762083,2789.047334
0.000772014,2786.544435
0.000786851,2783.137023
0.000752211,2779.692439
0.000776949,2779.667658
0.000772029,2777.152368
0.000747276,2767.822254
0.000737404,2766.967303
0.000742339,2763.584672
0.000762142,2762.717331
0.000747291,2761.069383
0.000752271,2759.446216
0.000732467,2759.384263
0.000737404,2755.221025
0.000742384,2750.946271
0.000737449,2753.473951
0.000712724,2747.576031
0.000722581,2748.381419
0.000712709,2749.174417
0.000712679,2743.313668
0.000717645,2744.218181
0.000712709,2743.251715
0.000727532,2740.054943
0.000702809,2742.582624
0.000707759,2745.990036
0.000702837,2730.625705
0.000707774,2723.736537
0.000688,2715.980028
0.000673149,2703.056643
0.000673178,2697.010036
0.00064844,2690.158039
0.000653375,2681.558971
0.000673207,2679.0189
0.00064844,2675.512363
0.000633647,2654.299674
0.000604003,2596.62148
0.00059413,2689.73676
0.000599036,2686.354129
0.000613888,2679.638429
0.000569376,2666.888513
0.0005941,2637.113927
0.000569406,2552.287951
0.000544683,2547.976026
0.000485364,2438.009545
0.000366725,2324.016122
0.000282711,2204.124779
0.000203649,2082.585488
9.99E-05,1957.56444
-3.36E-05,1829.012075
-0.000122533,1698.638294
-0.000231271,1559.120257
-0.000335073,1421.200606
-0.000488351,1288.286753
-0.000587186,1138.337079
-0.000686007,1002.750577
-0.00082937,856.959184
-0.000952945,717.0186285
-0.001135853,574.6693418
-0.001298974,441.4828961
-0.001442292,305.9162183
-0.001565863,183.8243064
-0.001689463,69.41493173
-0.001679454,69.43041999
-0.001679425,4.575002112
-0.001793061,-100.1654009
-0.001891886,-209.5719513
-0.001990757,-316.3974179
-0.002069866,-347.3577837
-0.002059992,-298.2352919
-0.002059947,-360.8647652
-0.002114327,-477.1021235
-0.002173628,-554.3710782
-0.002218,-486.5189717
-0.002237792,-516.8585689
-0.002252632,-454.7779988
-0.00226252,-571.8603953
-0.002321837,-644.8174245
-0.002356424,-717.0087156
-0.002415771,-772.253398
-0.002445392,-828.2811649
-0.002509705,-877.5461483
-0.002564084,-923.3293762
-0.002578895,-958.9820582
-0.002608545,-997.2132222
-0.002638226,-1028.619649
-0.0026481,-1050.905363
-0.002667892,-1049.038101
-0.002648114,-1070.352393
-0.002677795,-1091.608449
-0.002697572,-1112.771576
-0.002672828,-1100.866698
-0.002697587,-1037.088617
-0.00269265,-994.6409358
-0.002633244,-890.3047386
-0.002554166,-775.7054159
-0.002504708,-729.8304977
-0.00245531,-652.4822433
-0.002302045,-517.1980709
-0.002237792,-438.9044145
-0.002222996,-397.8828901
-0.002114237,-284.9674488
-0.002099382,-271.3142583
-0.00209446,-255.0317847
-0.002074653,-250.6901222
-0.001995574,-149.2681916
-0.001975842,-113.5279082
