Elongation [mm],Load [kN]
0.0,0.482428789
1.634e-05,0.480656922
2.704e-05,0.485309631
3.704e-05,0.489650935
9.033999999999999e-05,0.499620527
0.00012932900000000002,0.506544113
0.000170881,0.521907628
0.000225619,0.531291246
0.000281767,0.545336366
0.000322757,0.55711323
0.000380174,0.56921339
0.000438342,0.582199574
0.000474653,0.594807744
0.000532087,0.607226133
0.000590607,0.620639563
0.000640913,0.631911635
0.000678623,0.644821525
0.0007556010000000001,0.659572005
0.0007964070000000001,0.666015148
0.000840644,0.678340733
0.000896927,0.690973818
0.00093742,0.70233041
0.001003129,0.719345331
0.001051679,0.726436913
0.001100125,0.738175094
0.001138694,0.74694407
0.001188825,0.761469126
0.001223889,0.773324728
0.001288911,0.786190748
0.001342073,0.795997262
0.001407179,0.811842918
0.001434707,0.819814801
0.00148746,0.83324194
0.001538727,0.842882633
0.0015891640000000001,0.85854125
0.0016310440000000001,0.866903722
0.001698795,0.882336438
0.001734692,0.89289242
0.001779942,0.909797549
0.001841263,0.919856131
0.001887613,0.932281733
0.0019440150000000001,0.942782223
0.001982272,0.956614971
0.002043603,0.966961563
0.002092181,0.978519559
0.002149551,0.990237474
0.002196926,1.004677773
0.002244012,1.014601588
0.002302554,1.027794957
0.002359953,1.03924787
0.002393865,1.04969418
0.002441151,1.060202837
0.002492302,1.072326303
0.002536378,1.085171819
0.002602415,1.099263072
0.002658864,1.109602571
0.002693846,1.120469809
0.00274698,1.132760644
0.002800942,1.144885659
0.002849475,1.153752089
0.002898896,1.168470025
0.002943037,1.177416921
0.002991897,1.190796614
0.003050768,1.203403831
0.003088042,1.2121948
0.003147564,1.225461602
0.003185298,1.237719297
0.003243672,1.25066781
0.003296428,1.264355183
0.003351584,1.275030375
0.003404592,1.289838195
0.003458499,1.301048875
0.003502396,1.310625672
0.003552808,1.321132302
0.003595421,1.335510015
0.003643097,1.348095655
0.003689612,1.359951854
0.003753991,1.370145082
0.003807496,1.382709622
0.003849196,1.395249367
0.003893816,1.404625773
0.003950755,1.417183042
0.004005282,1.430015445
0.004060713,1.442583323
0.00410323,1.454665899
0.004160109,1.464879274
0.004193694,1.47569418
0.004251653,1.487817645
0.004293798,1.500462055
0.004359507,1.512611985
0.004410502,1.523839712
0.004461636,1.5343858
0.004509329,1.547176719
0.004556197,1.55879581
0.004604652,1.570352077
0.00464788,1.579119682
0.004700118,1.59495306
0.004737126,1.60735023
0.004807259,1.620062828
0.004853802,1.631175995
0.004903732,1.642509699
0.00495383,1.654889345
0.004993912,1.664100647
0.005060402,1.676828027
0.005104374,1.68867147
0.005151867,1.701390743
0.00521447,1.713060498
0.005238447,1.726163387
0.005300592,1.738058329
0.005361653,1.747708201
0.00541852,1.759668589
0.00546018,1.772405863
0.005500355,1.784297943
0.005546841,1.796199203
0.005610232,1.809316993
0.005645617,1.820651174
0.0057019770000000004,1.831040621
0.005761007,1.843634367
0.005820369,1.85660398
0.0058510640000000004,1.864700556
0.00589393,1.877628922
0.005951218,1.887963653
0.006003454,1.903834939
0.006062659,1.913948655
0.0061103600000000004,1.926583529
0.006161832,1.941460729
0.006216375,1.950918436
0.006252492,1.959930658
0.006301366,1.971472144
0.006356918,1.983907938
0.006416533,1.999424338
0.006456582,2.006628275
0.006498974,2.020175457
0.006554213,2.031364918
0.006610633,2.044482708
0.006662147,2.055584192
0.006702504,2.068320036
0.0067609260000000004,2.080584288
0.006810149,2.09460187
0.006863765,2.104774237
0.00691018,2.114783287
0.006951623,2.126351118
0.007000758,2.138877869
0.007052233,2.152007341
0.00710862,2.164277554
0.007151976,2.175715685
0.007225948,2.189393759
0.007278289,2.198122501
0.007301961,2.211362123
0.007363208,2.22058773
0.007418238,2.233325005
0.007465397,2.245927095
0.007518659,2.259099722
0.007568546,2.267219543
0.007609496,2.279927969
0.00765117,2.29003644
0.007704787,2.304720402
0.007775939,2.313419819
0.007817939,2.325196266
0.007859191,2.339579105
0.007910221,2.352342844
0.007970134,2.361521244
0.00800668,2.373589039
0.008061178,2.384842873
0.008118814,2.397551298
0.008153205,2.409748077
0.008212008,2.421529055
0.008282397,2.433051109
0.008313968,2.445723534
0.008360257,2.456437349
0.008421729,2.467777491
0.008446863,2.48302269
0.008514389,2.495141506
0.008566309,2.506169081
0.008623981,2.517982006
0.008679291,2.529498577
0.008714555,2.540925026
0.00876444,2.549911022
0.008830628,2.562855959
0.008859728,2.57378006
0.008920869,2.588015079
0.008980923,2.59749198
0.009017161,2.61097455
0.009058084,2.620857
0.009115032,2.633280039
0.009179684,2.645134926
0.00921098,2.657650709
0.009275742,2.672386885
0.009326967,2.682061672
0.009380984,2.691075563
0.00942142,2.704549313
0.009457786,2.71383667
0.009517861,2.725905418
0.009569392,2.739755154
0.009623026,2.752897263
0.009667770000000001,2.763909817
0.009709942,2.779726267
0.009766071,2.791353941
0.009837964,2.799454212
0.009868788,2.811426878
0.009914569,2.822930574
0.009983676,2.834801912
0.010027006,2.846910238
0.010063387,2.857422829
0.010121783,2.869487286
0.010170475,2.88000083
0.010216019,2.892587185
0.010275012,2.905343056
0.010337369,2.916837215
0.010369695,2.928071022
0.010432484,2.940433025
0.010483222,2.949046135
0.010524986,2.959519148
0.010566408,2.972474098
0.010619385,2.98677659
0.010678393,2.998008013
0.010732161,3.010223627
0.010766906,3.020589113
0.010823242,3.030110598
0.010866642,3.043154001
0.010914833,3.057621002
0.010976896,3.067590952
0.011026879,3.079297543
0.01106254,3.09240818
0.011111241,3.10246706
0.011160375,3.113077164
0.011209718,3.128476143
0.011263541,3.140053511
0.011330697,3.1523211
0.011384614,3.164683819
0.011421914,3.175480843
0.011476698,3.187883854
0.011522766,3.198648691
0.011580719,3.206333637
0.011616331,3.21963501
0.01167896,3.236752987
0.011730321,3.247799873
0.011784923,3.257693529
0.011822162,3.267707348
0.01187363,3.281086683
0.011917349,3.293085575
0.011971268,3.306122065
0.012031077,3.315682173
0.012077435,3.329566956
0.012114643,3.338480473
0.012176876,3.352234602
0.012244033,3.361453533
0.012279772,3.375238657
0.012314292,3.385088205
0.01238139,3.399943829
0.012434943,3.410632133
0.012477535,3.422206163
0.012530191,3.430718899
0.0125731,3.443088055
0.012639184,3.455872297
0.012669796,3.468851089
0.012730677,3.478741646
0.012777404,3.493205786
0.012828648,3.504165411
0.012879328,3.517242908
0.012922996,3.524615049
0.012975452,3.537846804
0.013039524,3.551020861
0.013079939,3.565841675
0.013142084,3.576569319
0.013175031,3.583910227
0.013220943,3.598145485
0.013269997,3.609354496
0.013330262,3.622359991
0.013372144,3.634545326
0.013431632,3.646201372
0.01347827,3.659750223
0.013530238,3.670607328
0.013606157,3.677240133
0.013634677,3.691726446
0.013676312,3.70524168
0.013729782,3.715282917
0.013778072,3.728220463
0.013823765,3.741963863
0.013869271,3.754497051
0.013934045,3.76523447
0.013991249,3.777501583
0.01403641,3.788075686
0.014096182,3.799813509
0.014133667,3.810710192
0.01418134,3.821830273
0.014231581,3.83468914
0.014292098,3.845232487
0.014327939,3.856949568
0.014394025,3.869798422
0.014439381,3.882602453
0.014479539,3.894202709
0.014529626,3.903212547
0.014588421,3.917080402
0.014643497,3.925994396
0.014679735,3.940300941
0.014727329,3.951100349
0.014790526,3.963085651
0.014838056,3.974496126
0.014881217,3.985625505
0.014944927,3.998919249
0.014983595,4.010743618
0.015028025,4.01947403
0.015075768,4.032222271
0.015133753,4.046925068
0.015188868,4.055270672
0.015242457,4.064365864
0.015285428,4.079489231
0.015339825,4.090219021
0.015377361,4.101890087
0.015422417,4.1156497
0.015478284,4.128818512
0.015536745,4.140058517
0.015597529,4.151594162
0.015623976,4.16259861
0.015669551,4.172410488
0.015751057,4.186927795
0.015789439,4.194974422
0.015842073,4.208610058
0.015889969,4.221251965
0.01592961,4.234121799
0.015986199,4.242323875
0.01604078,4.254905224
0.01609001,4.265906811
0.016155087,4.280890465
0.016181976,4.291874886
0.016232912,4.300488949
0.016285038,4.31141901
0.016324806,4.322854042
0.016371163,4.335139751
0.01643283,4.349528313
0.016494766,4.359652519
0.01652458,4.371284485
0.016583194,4.38364315
0.016644637,4.394904613
0.01669086,4.404361725
0.016730905,4.418236732
0.016789904,4.431268692
0.0168239,4.439682484
0.016886872,4.453407764
0.016931918,4.463052273
0.016977272,4.475775242
0.017024339,4.488581657
0.017079462,4.504337311
0.017133304,4.512655258
0.017186961,4.528874874
0.017240542,4.536819935
0.017280918,4.549860954
0.017339575,4.558737278
0.017383053,4.571825027
0.017440363,4.583548546
0.017489099,4.593929768
0.017532137,4.606311798
0.017582946,4.617938042
0.01762689,4.629449844
0.017676723,4.64159584
0.017736236,4.655238628
0.017792594,4.665481567
0.017844199,4.679723263
0.017898212,4.688275814
0.017940937,4.701503754
0.017996355,4.711385727
0.018043601,4.723517895
0.018092067,4.734218121
0.018145282,4.748285294
0.018193929,4.756859303
0.018244679,4.767926693
0.018288009,4.781853676
0.018336969,4.792519569
0.01839502,4.80399847
0.018438627,4.815650463
0.018500286,4.827863216
0.018543114,4.840301514
0.018589078,4.851356983
0.018646615,4.861864567
0.018691993,4.871418953
0.018746714,4.886488438
0.018782657,4.896903038
0.018844739,4.909392357
0.018901637,4.922856808
0.018959901,4.932044983
0.018994567,4.942400932
0.019043586,4.95407486
0.01908787,4.966396332
0.01914912,4.978281975
0.019199422,4.990693092
0.019246776,5.000823021
0.019312099,5.0133605
0.019335334,5.024437904
0.019396205,5.035869122
0.019437595,5.041832447
0.019483751,5.056649685
0.019561662,5.071232796
0.019610953,5.079046726
0.019647187,5.091025829
0.019702154,5.101576328
0.019740791,5.111768723
0.019810904,5.125172615
0.019854367,5.134556293
0.01990331,5.146509647
0.019953035,5.156219006
0.020016602,5.169722557
0.020054648,5.176728725
0.020098793,5.190662861
0.020166033,5.201107502
0.0202192,5.212648869
0.020250012,5.224449635
0.020302978,5.23767662
0.0203704,5.245337963
0.020404766,5.257741451
0.020457786,5.266131878
0.020508936,5.280282021
0.020565091,5.290145397
0.020627972,5.300559044
0.020681123,5.307443619
0.020727356,5.318728924
0.020783608,5.325848103
0.020838427,5.332821846
0.020881253,5.344552517
0.020931187,5.354909897
0.020962461,5.363521576
0.021018001,5.374985695
0.02106548,5.384697914
0.021125744,5.393527031
0.021176587,5.403327465
0.021243537,5.412271976
0.021305772,5.419909954
0.021339784,5.430349827
0.021399687,5.438149452
0.02143987,5.446448803
0.021495265,5.456115723
0.021536857,5.464740276
0.021607996,5.478731155
0.021684658,5.48726368
0.021714187,5.493504047
0.021757151,5.499472141
0.021814718,5.507019043
0.021844691,5.515265942
0.021905777,5.522757053
0.021949873,5.529761791
0.022002614,5.537974358
0.022045123,5.547670364
0.022101561,5.55477047
0.022161393,5.560554981
0.022205305,5.568296432
0.022260797,5.576159477
0.022320118,5.58321476
0.022360979,5.589234352
0.022423052,5.597796917
0.022475832,5.60376215
0.022520705,5.610384464
0.02257018,5.617434502
0.022614541,5.624815464
0.022650926,5.630363464
0.022711572,5.637201786
0.022763292,5.647401333
0.022829913,5.652853966
0.022879096,5.656479359
0.022919246,5.664251804
0.022965246,5.673061848
0.023030671,5.678193092
0.023072065,5.685190201
0.023107146,5.692102432
0.023158301,5.697656155
0.023196098,5.707388401
0.023245104,5.714283943
0.023300134,5.720703125
0.023348546,5.730736256
0.023394798,5.737406254
0.023471963,5.744840622
0.02352527,5.752273083
0.023566262,5.757962704
0.023636368,5.767296314
0.023677271,5.772624016
0.023732471,5.776700974
0.023792377,5.781605721
0.023834337,5.789599419
0.023871391,5.792449474
0.023943136,5.800906181
0.023984362,5.804280281
0.024037295,5.810896397
0.024084107,5.813691616
0.024138172,5.822997093
0.024187023,5.828211784
0.024233157,5.835326195
0.024289521,5.83910799
0.024339108,5.846311092
0.024391996,5.851532459
0.024427239,5.856577396
0.024494935,5.858410358
0.024547615,5.863425255
0.024604312,5.866597652
0.02465627,5.874588013
0.024707163,5.877279282
0.024760113,5.879718781
0.024824227,5.881476402
0.024883267,5.886948109
0.024932912,5.887738705
0.02496316,5.891290665
0.02501049,5.89484024
0.025064862,5.896174908
0.025094607,5.900249004
0.025150234,5.907245159
0.025194236,5.910712242
0.025230703,5.917331696
0.025288806,5.920216084
0.025343978,5.92350769
0.025408531,5.927677155
0.025477198,5.933439732
0.025547775,5.93563509
0.025612403,5.936504841
0.025674346,5.933199406
0.02573468,5.934396267
0.025786708,5.932066441
0.025829169,5.928437233
0.025862698,5.930138111
0.025915366,5.930068016
0.025955236,5.927956581
0.026001515,5.928936481
0.026045949,5.930479527
0.026102326,5.932203293
0.02614428,5.932476044
0.026187579,5.934421539
0.026240176,5.935861111
0.026272609,5.937823772
0.026323299,5.942077637
0.026379653,5.942820549
0.026423153,5.944522858
0.026473361,5.945558548
0.026526008,5.95142889
0.026541627,5.946883202
0.02658322,5.95293808
0.026653704,5.955927372
0.026718677,5.960042477
0.02677431,5.963069916
0.026825503,5.965699673
0.02688133,5.966363907
0.026935574,5.969305515
0.026984487,5.972358704
0.027027287,5.972668171
0.027095846,5.97739315
0.027134261,5.97698164
0.027187689,5.976534367
0.027246716,5.980495453
0.027298261,5.981472015
0.027338664,5.985609055
0.027369999,5.985053539
0.027425051,5.987188339
0.027479286,5.990239143
0.027512655,5.992364407
0.027560246,5.996352196
0.027616507,5.998882771
0.027666946,6.003016472
0.027720009,6.007922649
0.027776085,6.009371281
0.02780444,6.011718273
0.027866448,6.016196251
0.027927701,6.019767284
0.027986369,6.019300938
0.0280298,6.022899151
0.028086821,6.023861885
0.028132603,6.025015831
0.028189447,6.027724266
0.028241134,6.026893616
0.028299304,6.029763222
0.028349836,6.031151295
0.028394335,6.03087759
0.028457489,6.030079842
0.028515628,6.031628609
0.028554137,6.032234669
0.02861378,6.031835079
0.02864679,6.031922817
0.02870152,6.029583454
0.028766238,6.02921629
0.028815464,6.033109188
0.028875704,6.030781269
0.028907288,6.028111935
0.028944193,6.030600548
0.029006953,6.029888153
0.029053359,6.028633118
0.02910154,6.029754162
0.029144034,6.030777931
0.029182548,6.032509804
0.029232385,6.033644199
0.029287175,6.034825802
0.029326795,6.038154125
0.029375107,6.040018082
0.029422291,6.040398598
0.029479407,6.045846939
0.029542992,6.046573162
0.029593688,6.046844959
0.029639189,6.050172806
0.029689428,6.051433086
0.029742547,6.04734993
0.029790002,6.049372673
0.029857936,6.052371025
0.029906288,6.0505476
0.029946983,6.052342415
0.029992514,6.051752567
0.030065051,6.053199768
0.030085851,6.054997444
0.030139236,6.054073811
0.03018063,6.055747986
0.03023105,6.053693771
0.030286668,6.054252148
0.03031878,6.058794975
0.030385094,6.060544968
0.030447672,6.061560154
0.030476174,6.062015057
0.03055209,6.064261436
0.030597291,6.068487167
0.030653043,6.066700935
0.030704525,6.065637112
0.030739561,6.064140797
0.03080153,6.066509724
0.030857705,6.069384098
0.030902081,6.069322586
0.030948533,6.069001198
0.031003969,6.070016384
0.031048518,6.066396236
0.031086499,6.068021774
0.031147676,6.069788933
0.031192484,6.068710804
0.031234237,6.070577621
0.031295157,6.070899487
0.031334552,6.070888042
0.031381144,6.073096752
0.031446593,6.074174881
0.031476262,6.074305058
0.031526896,6.078125
0.031579791,6.079016685
0.031645394,6.077438831
0.031700114,6.078076839
0.03175187,6.07988739
0.031800615,6.079723835
0.031865651,6.077908516
0.0319328,6.078007698
0.031966923,6.074129581
0.032015274,6.075085163
0.032043154,6.074135303
0.032098747,6.074987411
0.032153374,6.073982239
0.03220399,6.073401451
0.03225465,6.07259655
0.032312239,6.073243618
0.032357084,6.072443962
0.032402808,6.069005013
0.032470463,6.070940971
0.032511006,6.067180634
0.03256804,6.064642429
0.03261515,6.061426163
0.03267427,6.060089111
0.032731897,6.059802055
0.032783172,6.059194088
0.032842359,6.05590868
0.032864689,6.056657314
0.032925355,6.05125761
0.032961792,6.048491955
0.032993785,6.047298908
0.033019124,6.044932842
0.033085598,6.04336071
0.033113508,6.038631439
0.033186289,6.034945488
0.033295902,6.033986568
0.033425073,6.025806427
0.033559776,6.018158913
0.03367615,6.007260799
0.033773753,5.995774746
0.0338164,5.976391792
0.03382353,5.955859184
0.033817342,5.942166805
0.033823373,5.926724911
0.033818784,5.918859005
0.033840156,5.909397125
0.03385087,5.903524399
0.03387172,5.902746677
0.033899716,5.898176193
0.033934909,5.897789955
0.033952891,5.89595747
0.033970291,5.893689632
0.033996469,5.897441864
0.034034206,5.894011974
0.034070353,5.901608467
0.034123259,5.906501293
0.034183762,5.911440849
0.034235588,5.917721748
0.034313841,5.923830986
0.0343699,5.935073853
0.034462015,5.934710979
0.034508063,5.938752174
0.034562791,5.940165997
0.034608627,5.939240932
0.034667297,5.942185402
0.034713438,5.942475796
0.034765857,5.942215443
0.034829921,5.945482254
0.034884522,5.940775394
0.034932787,5.94486618
0.034971035,5.943658352
0.03503223,5.943745136
0.035083617,5.943655014
0.03514939,5.942419052
0.035197167,5.939775944
0.035248651,5.940605164
0.035285691,5.937665939
0.035357139,5.939053059
0.035388122,5.936399937
0.035449396,5.935480595
0.035501658,5.931278706
0.035571321,5.931672096
0.035604193,5.927034855
0.035646765,5.924757004
0.035699575,5.923241138
0.035758334,5.924509525
0.035792405,5.920767307
0.03585581,5.918982983
0.035895901,5.918272972
0.035942929,5.918395042
0.035998634,5.915942669
0.036032113,5.913517952
0.036088093,5.912626266
0.036140832,5.91779089
0.03618846,5.913027763
0.036221775,5.911311626
0.0362868,5.912958145
0.036327942,5.911288738
0.036373644,5.913393974
0.036402407,5.91450119
0.036467625,5.912338734
0.036528106,5.915118694
0.036584901,5.913001537
0.036618198,5.913131237
0.03666317,5.911371231
0.036728299,5.915118694
0.036780706,5.912785053
0.036828554,5.910449505
0.036876904,5.908207893
0.036923012,5.90892601
0.036976172,5.910146236
0.037034082,5.906538963
0.03709594,5.904773235
0.037094681,5.903995037
0.037118434,5.899590969
0.037181372,5.901017189
0.037271387,5.896221161
0.037344428,5.8948102
0.037421147,5.886629581
0.037502515,5.884097576
0.0375959,5.876906872
0.037664494,5.870640278
0.037737406,5.863124371
0.037786758,5.857849121
0.03783452,5.851532459
0.037881783,5.841718197
0.037893037,5.836177349
0.037920571,5.833409309
0.037953342,5.829501152
0.037987462,5.827077866
0.038008912,5.823943615
0.038025549,5.820502281
0.0380688,5.818123341
0.038106846,5.816782951
0.038108944,5.814702511
0.038149542,5.814970016
0.038181017,5.814420223
0.038210313,5.81935358
0.038274637,5.822032452
0.038334029,5.832939625
0.038404795,5.837564945
0.038462369,5.842083454
0.038535121,5.845153809
0.038590799,5.848989964
0.038651163,5.850840092
0.038699313,5.852429867
0.038748766,5.855601311
0.038821152,5.855115414
0.038877955,5.854034901
0.038926321,5.855268002
0.038982859,5.857086182
0.039037234,5.853259563
0.039081658,5.854100227
0.039140864,5.853363991
0.039199575,5.848914623
0.039235661,5.849980354
0.039284533,5.847826004
0.039329956,5.84647274
0.039378824,5.847731113
0.039426959,5.846768856
0.039481985,5.845180035
0.039523146,5.846313
0.039557635,5.844995022
0.039624932,5.844985962
0.039677313,5.846283436
0.039716894,5.849427223
0.039780791,5.849054813
0.03982165,5.84862709
0.039869538,5.846336365
0.039908523,5.845345497
0.039964567,5.849525452
0.040013331,5.849495411
0.040067969,5.851403713
0.040122828,5.852196217
0.040177463,5.851693153
0.040216746,5.852571011
0.040253746,5.851646423
0.040333467,5.851785183
0.040371514,5.851214886
0.040435436,5.854973793
0.040466274,5.851640701
0.040510206,5.854377747
0.040586798,5.853291035
0.040607105,5.853919029
0.040666598,5.855195522
0.040729894,5.859661102
0.040768443,5.858289242
0.040832302,5.857023239
0.040876458,5.858124256
0.040912366,5.860216141
0.040954052,5.859949589
0.041020318,5.861917019
0.041060174,5.861917019
0.041116031,5.861859322
0.041180807,5.864042759
0.041230525,5.859214306
0.041268791,5.86024332
0.041322074,5.864240646
0.041365801,5.862636566
0.041435486,5.864774704
0.041472776,5.863081455
0.041522628,5.859521866
0.04158176,5.862735271
0.041631221,5.86259985
0.041667874,5.866185188
0.041711761,5.862837315
0.041768777,5.866249561
0.041811152,5.867269039
0.041860635,5.866959095
0.041921875,5.867185593
0.041966031,5.867240429
0.042016412,5.868243217
0.042081608,5.870773792
0.042116596,5.868759632
0.042170341,5.868951321
0.042242589,5.869877815
0.042284409,5.867299557
0.042318015,5.868144512
0.042359109,5.868483067
0.042416623,5.871185303
0.042456,5.874124527
0.042510348,5.873390198
0.042558021,5.873678684
0.04262825,5.875809669
0.042662757,5.876629829
0.042720223,5.878145218
0.042765109,5.878628731
0.042809664,5.879143238
0.042867093,5.880612373
0.042917258,5.88267231
0.042974195,5.882297516
0.043012439,5.882909298
0.043065759,5.884960175
0.043117745,5.88210392
0.043161462,5.886157513
0.043208806,5.886648178
0.043265267,5.889517784
0.043315018,5.889021873
0.043368197,5.89205265
0.04341629,5.888165474
0.043469923,5.89083004
0.043518721,5.891354561
0.043564818,5.887647152
0.043628922,5.892219543
0.04367858,5.891189575
0.043728339,5.891708851
0.043768841,5.890460968
0.043826739,5.893382549
0.04387025,5.888865948
0.043928384,5.889793873
0.04398313,5.890626431
0.044011387,5.890391827
0.04406011,5.891076565
0.04410662,5.893138885
0.044155295,5.894406796
0.044211822,5.891996861
0.04426949,5.895328522
0.044312763,5.89645052
0.044370516,5.898245811
0.044425706,5.897749901
0.044466111,5.900108337
0.044517095,5.899804115
0.044576688,5.899915218
0.044613621,5.901774406
0.044679201,5.900272369
0.044731444,5.902952194
0.044763221,5.901723385
0.044809858,5.902158737
0.044858186,5.905381203
0.044923386,5.904145241
0.044970817,5.905151367
0.045019294,5.906157494
0.045076455,5.907323837
0.045114542,5.90990591
0.045157558,5.909680367
0.045204634,5.910326481
0.045264288,5.912919998
0.045324388,5.914600849
0.045365232,5.911446095
0.045435915,5.914224148
0.045486188,5.914453506
0.045509564,5.915920258
0.045564859,5.918913841
0.045623748,5.91497612
0.045663639,5.91567421
0.045714861,5.917760372
0.045770253,5.91572094
0.045807871,5.919178009
0.045863452,5.918281555
0.045908819,5.921080112
0.045955083,5.923197746
0.046005833,5.926379681
0.046064309,5.925256252
0.046122289,5.928105354
0.046174704,5.929413795
0.046216095,5.926277161
0.04626429,5.928803444
0.046331531,5.930347443
0.046380072,5.931194782
0.046418405,5.929447651
0.04646949,5.928870678
0.046521722,5.930040359
0.046565163,5.931167603
0.046618662,5.93409729
0.0466682,5.932602406
0.046709518,5.932026386
0.046760234,5.932429314
0.046821217,5.936121464
0.04687758,5.935779572
0.046936429,5.93506813
0.046958158,5.934978962
0.047013375,5.933405876
0.047060775,5.935202122
0.047112475,5.937207699
0.04716911,5.940838337
0.047203506,5.937725544
0.047261103,5.940293312
0.047311376,5.94138813
0.047365508,5.943734169
0.047413385,5.943353653
0.047474513,5.944123268
0.047520413,5.944001675
0.047565593,5.946651459
0.047622724,5.947760105
0.047659891,5.94683075
0.047724462,5.946484089
0.047776884,5.948956013
0.047816227,5.94708252
0.04786958,5.948233604
0.047909985,5.946702957
0.047961521,5.951281071
0.04800942,5.954250336
0.048056787,5.954444408
0.048111162,5.955837727
0.048161144,5.960603714
0.048210284,5.957731247
0.048271558,5.96016264
0.048319704,5.959788799
0.048361662,5.961553574
0.048404968,5.9602561
0.048467504,5.960936546
0.048509734,5.963271141
0.048549923,5.966180801
0.048626556,5.968336105
0.048678646,5.965698719
0.048729076,5.966683388
0.048773679,5.966480732
0.048817946,5.967031479
0.048865608,5.965164661
0.048925901,5.970027447
0.048975072,5.970021248
0.049021366,5.969845295
0.049062452,5.971464634
0.049108999,5.970731258
0.049174483,5.972555161
0.049218307,5.976691723
0.049275613,5.973643303
0.049313436,5.974640846
0.049365277,5.974052906
0.049421812,5.977965355
0.049475967,5.977134228
0.049505333,5.978248596
0.04956502,5.981695175
0.04962522,5.980586529
0.049663591,5.983073711
0.049710109,5.983058929
0.049768953,5.985447884
0.049820735,5.983503819
0.049865706,5.984671593
0.049920982,5.985245228
0.049966021,5.987303734
0.050017687,5.985516071
0.050059921,5.985922813
0.050118535,5.987452984
0.050168748,5.9900527
0.05021518,5.989639282
0.050263355,5.993039131
0.050314496,5.993617058
0.050365771,5.995662212
0.050408284,5.992533207
0.050474728,5.993546963
0.050512637,5.99324894
0.050568792,5.994205952
0.050611256,5.995637894
0.05066528,5.995597363
0.050726982,5.995929241
0.050778798,5.999059677
0.050820092,5.997934818
0.05086927,5.997693539
0.050917814,5.999738693
0.050966642,6.001089573
0.050994753,6.00086832
0.05105996,6.002472878
0.051104794,6.003973484
0.051151613,6.003285408
0.051231253,6.005408287
0.051285787,6.006107807
0.051323863,6.007039547
0.051362916,6.002562046
0.051401267,6.00712347
0.051456931,6.004935265
0.051515805,6.007594109
0.051552965,6.008877277
0.051617372,6.014166355
0.051658413,6.01251173
0.051708805,6.012633801
0.051764576,6.012373924
0.051825578,6.017754078
0.051879665,6.013050079
0.051928016,6.017738819
0.051966383,6.015942574
0.052012457,6.018484592
0.052064637,6.018845081
0.052116795,6.01634407
0.052171259,6.017817497
0.052212688,6.020412922
0.052257395,6.018637657
0.05231228,6.019679546
0.05235825,6.023085117
0.052428226,6.022819519
0.052476375,6.025482178
0.052519134,6.024419308
0.052573057,6.023859501
0.052602949,6.022968769
0.052666499,6.024917126
0.052714086,6.027805328
0.052764344,6.027605534
0.052812001,6.026632786
0.052864878,6.028635025
0.052918023,6.030161858
0.052966597,6.031077385
0.05302276,6.028168201
0.05306528,6.02944088
0.053104913,6.030971527
0.053175534,6.031533718
0.053230243000000003,6.031679153
0.053262095,6.033919334
0.053332283,6.034726143
0.053379605,6.033231735
0.053405306,6.032938957
0.053471776,6.035284042
0.053509908,6.035800934
0.053562215,6.036444187
0.053616809,6.034668446
0.053671042,6.036209583
0.053726217,6.036585808
0.053760054,6.037076473
0.053823239,6.036771774
0.053868721,6.039515972
0.053908999,6.03823185
0.053948785,6.041987419
0.054004757,6.041472435
0.054061598,6.044393539
0.05410236,6.041472912
0.054155028,6.044764996
0.054203144,6.048763275
0.05426336,6.048918724
0.054319947,6.0514884
0.054355106,6.048513889
0.05441347,6.050556183
0.05447534,6.053380489
0.054518304,6.051775455
0.05457099,6.052305698
0.054626274,6.053402424
0.054669312,6.052674294
0.054704553,6.05236721
0.054754599,6.05406332
0.054808615,6.057969093
0.054858363,6.058001041
0.05491596,6.06094265
0.054959139,6.059958458
0.055028724,6.061576366
0.055074352,6.065086365
0.055101189,6.061674118
0.05518459,6.061677933
0.055204509,6.060903549
0.055264554,6.063520908
0.055309566,6.063264847
0.055366619,6.066474438
0.055424026,6.06920433
0.055451366,6.066067696
0.05550726,6.069372177
0.055548264,6.069554806
0.055604844,6.068356037
0.055667135,6.072677135
0.055700387,6.072253704
0.055771286,6.075092793
0.055810659,6.073318005
0.055869749,6.075020313
0.055916953,6.075629234
0.055978435,6.075540543
0.055995169,6.077187061
0.056041109,6.079916477
0.056109338,6.081783772
0.056178259,6.079043865
0.056214704,6.08001709
0.05626913,6.082075596
0.056305396,6.083236694
0.056370857,6.084383488
0.056412055,6.086314678
0.056468031,6.084236145
0.056502352,6.08716774
0.056563723,6.085864544
0.056625,6.088047028
0.056674896,6.086465836
0.056722178,6.087694645
0.056755847,6.087534904
0.056797768,6.087736607
0.056858021,6.090830326
0.056913084,6.090382576
0.056966084,6.094687462
0.057004164,6.094724178
0.057059279,6.09417057
0.057116649,6.094572544
0.057159922,6.093025684
0.057201991,6.096254349
0.057269877,6.098638535
0.057321041,6.097410202
0.057367521,6.100714684
0.057407441,6.100362301
0.057456198,6.10194397
0.057506784,6.10371542
0.057568847,6.10515213
0.057618796,6.103488445
0.057657155,6.10346508
0.057705897,6.105944633
0.057768061,6.107329845
0.057822059,6.107881546
0.057855035,6.108783722
0.057922455,6.10647583
0.05796869,6.110332966
0.05801742,6.105769157
0.058059848,6.108915806
0.058090663,6.110177994
0.058157741,6.113004208
0.058201193,6.115740776
0.058263688,6.117231846
0.058319988,6.117306709
0.058358515,6.116568565
0.058413922,6.117082119
0.05845462,6.116250515
0.058490737,6.120227814
0.058562486,6.120747566
0.058619021,6.122248173
0.058673083,6.120984077
0.058722927,6.120536804
0.058763566,6.122060776
0.058812099,6.123123169
0.058863851,6.123116016
0.058911862,6.123867512
0.058960921,6.126280308
0.05901062,6.126384735
0.059054817,6.126492977
0.059105205,6.127575397
0.059164165,6.129386425
0.059215224,6.130526066
0.059263899,6.131618977
0.059307779,6.132969379
0.059364619,6.131302834
0.059410817,6.132803917
0.059468618,6.13364172
0.059511619,6.13282299
0.05956336,6.136198044
0.05959685,6.137036324
0.059665168,6.135702133
0.059704563,6.13525486
0.059766817,6.138088703
0.059817015,6.140153408
0.059862661,6.137473106
0.059906336,6.140586853
0.059969688,6.138861179
0.060017227,6.142478943
0.060049775,6.142731667
0.060108519,6.142406464
0.06015824,6.144153595
0.060212447,6.148399353
0.060256696,6.145414352
0.060305598,6.148505688
0.060372124,6.148540974
0.060418727,6.151101112
0.060455712,6.149303436
0.060504491,6.150290489
0.060576605,6.151606083
0.060613512,6.153392792
0.060657336,6.150401592
0.060724775,6.152441502
0.060751727,6.154396534
0.060811563,6.157007694
0.060840643,6.152645588
0.060879121,6.149219513
0.060945655,6.152528286
0.06099883,6.156785488
0.061062305,6.157351494
0.061110495,6.158241749
0.061174123,6.15879488
0.061215247,6.158471107
0.06126587,6.15704155
0.061312331,6.158520699
0.061378798,6.160956383
0.061413019,6.157103062
0.061473435,6.162274837
0.061507172,6.159005165
0.061552479,6.159534931
0.061607956,6.162172794
0.061666193,6.164007664
0.061717326,6.166362762
0.061768355,6.166744709
0.061822406,6.163700581
0.061860452,6.167363644
0.061912353,6.165119648
0.061968258,6.168283463
0.062006066,6.167804718
0.062052614,6.166603565
0.062107945,6.171203613
0.062169018,6.169562817
0.062196589,6.171335697
0.062265514,6.171955585
0.062302085,6.172632694
0.062368381,6.17301178
0.062419454,6.174657345
0.062467473,6.177344799
0.06250637599999999,6.175703049
0.062556057,6.176784039
0.062607794,6.177623749
0.062674812,6.179226875
0.06271088699999999,6.179864883
0.06275909299999999,6.178988934
0.06280655299999999,6.180472374
0.062858342,6.180008411
0.062914266,6.181139469
0.06297853499999999,6.182681561
0.063020072,6.181074142
0.063058539,6.181348801
0.06310646099999999,6.184076309
0.06316417299999999,6.18530035
0.063200778,6.185925484
0.06325840099999999,6.188727379
0.063307426,6.188269615
0.063362381,6.189568043
0.063407934,6.189983368
0.06346271799999999,6.192285061
0.063519551,6.192534447
0.063564188,6.19101572
0.063607453,6.192639351
0.06366944199999999,6.193535805
0.063716783,6.192351341
0.063769309,6.192640305
0.06382360899999999,6.192731857
0.06384731699999999,6.19455862
0.063916347,6.194879055
0.06395511899999999,6.197106361
0.06399474899999999,6.195707321
0.06407408299999999,6.197824478
0.06411305699999999,6.198111534
0.064158975,6.199436665
0.06421609099999999,6.198983192
0.06425408099999999,6.200809956
0.06429982799999999,6.202357769
0.064360558,6.204331875
0.064393735,6.204800606
0.06447177999999999,6.205852509
0.064518175,6.206201077
0.064576654,6.207518578
0.064610934,6.207483292
0.06465831999999999,6.206692219
0.06472077799999999,6.207811356
0.064749851,6.208449841
0.064814179,6.211034775
0.064863882,6.211153984
0.06490542599999999,6.212700367
0.06494789399999999,6.213880062
0.064995235,6.213853836
0.06506477899999999,6.217590332
0.06510855099999999,6.216128349
0.065154909,6.218625546
0.065218164,6.219275475
0.06525468699999999,6.220058441
0.06531474599999999,6.218434334
0.065368785,6.221982002
0.06541528399999999,6.220551014
0.065467103,6.220335484
0.06551526399999999,6.219065189
0.06555837299999999,6.220371246
0.065604209,6.221818447
0.06566531799999999,6.223078251
0.06570365199999999,6.223799229
0.065767935,6.221298218
0.06579740999999999,6.226811409
0.06586245299999999,6.226743698
0.06592941199999999,6.229253769
0.065959087,6.227412224
0.06601426599999999,6.229637146
0.06604951499999999,6.230286121
0.06610701899999999,6.233242512
0.06616425399999999,6.232594013
0.06622502799999999,6.234004498
0.06626415899999999,6.235183716
0.06631116399999999,6.233891964
0.066372244,6.234416485
0.06640671799999999,6.234397411
0.06645630899999999,6.23323822
0.06652083099999999,6.234491825
0.06655943299999999,6.235780239
0.06660237,6.238016605
0.066663987,6.240753174
0.066707908,6.239408016
0.06675708899999999,6.239902973
0.066816642,6.238498688
0.06685902799999999,6.244211197
0.066901377,6.24224472
0.06696002799999999,6.244733334
0.067032157,6.244524002
0.06706946999999999,6.244271278
0.06713288199999999,6.244241714
0.067158862,6.24601841
0.067212342,6.244129181
0.06724778399999999,6.246757984
0.06730583899999999,6.248560429
0.06735172699999999,6.249019146
0.067406839,6.252029419
0.06746361999999999,6.25225544
0.067527487,6.252341747
0.06757031999999999,6.252072811
0.06760369899999999,6.253849506
0.06766602299999999,6.253615856
0.067704565,6.253242016
0.06775695,6.253642082
0.06781948199999999,6.257029057
0.06786314299999999,6.258065224
0.067909575,6.256574154
0.067961915,6.257830143
0.068009137,6.258320808
0.06806894999999999,6.258944035
0.068118139,6.260248184
0.06816225399999999,6.260015965
0.068204826,6.261345863
0.06825411199999999,6.261314392
0.06831359699999999,6.262185574
0.068361199,6.265853882
0.06841404599999999,6.265210152
0.068451299,6.265092373
0.06850077099999999,6.263794899
0.068556367,6.266496181
0.068619563,6.268834114
0.068661957,6.267905712
0.068708016,6.267495155
0.06876251,6.269720078
0.06881534199999999,6.273283005
0.068853086,6.272722244
0.06891103,6.27374506
0.06895910799999999,6.273907185
0.069010487,6.276232243
0.069057419,6.277014732
0.069114021,6.27705574
0.069166726,6.275141239
0.06921435,6.274843693
0.06926118499999999,6.278905869
0.06931156499999999,6.279294014
0.069364494,6.277729034
0.06942531299999999,6.276689529
0.06946204499999999,6.280356884
0.06951316299999999,6.277819157
0.069553218,6.283240318
0.069606064,6.281472206
0.069660744,6.283213139
0.06969049399999999,6.282361031
0.06975699799999999,6.286616325
0.06979106199999999,6.283498287
0.069857142,6.28840065
0.06991402699999999,6.287286282
0.069970227,6.288313389
0.07001590599999999,6.288892746
0.07004749599999999,6.290757656
0.07011694299999999,6.289447784
0.07015848,6.291053295
0.070216774,6.288687229
0.070246516,6.29464674
0.07030325999999999,6.294399738
0.070358223,6.294378281
0.07040722499999999,6.295706749
0.07045877599999999,6.299337864
0.07051221199999999,6.299422264
0.070560082,6.298928738
0.070619358,6.30062151
0.07067407499999999,6.300096035
0.070710792,6.298439503
0.07075736499999999,6.299635887
0.070814333,6.29971838
0.07086197899999999,6.300182819
0.070911011,6.301430225
0.070961295,6.302364826
0.07099884599999999,6.302721024
0.071059233,6.304155827
0.07111978399999999,6.306266308
0.071160226,6.30602932
0.07120513799999999,6.305263519
0.071254692,6.306399822
0.07131193499999999,6.307088375
0.07135753199999999,6.307724476
0.071405164,6.31188488
0.071460209,6.310927391
0.07150847299999999,6.311144352
0.071554578,6.310800552
0.07161021899999999,6.313662052
0.071659459,6.314448357
0.071715138,6.313644409
0.071780531,6.315829277
0.07181125,6.313778877
0.071860044,6.31801796
0.071920498,6.313914299
0.071963875,6.317058086
0.07201567199999999,6.315553665
0.07205030899999999,6.317269325
0.072111739,6.317880154
0.072163469,6.318261147
0.07221283599999999,6.319395065
0.07224800299999999,6.32142067
0.072294972,6.322230816
0.07235407699999999,6.323468685
0.07241260899999999,6.325486183
0.07246721399999999,6.324837685
0.07251053199999999,6.324731827
0.072563878,6.324431896
0.07260196499999999,6.328443527
0.072654633,6.32687521
0.07270403099999999,6.329763412
0.07276026,6.33138895
0.072796537,6.331604004
0.072873286,6.33078289
0.07291094099999999,6.330772877
0.072969726,6.332416058
0.07301878099999999,6.332975388
0.073047771,6.333402157
0.07311230799999999,6.333932877
0.07317043,6.333097458
0.073211348,6.333580017
0.073259174,6.334713459
0.07331141699999999,6.334882736
0.07335043599999999,6.335911751
0.07340664999999999,6.338776588
0.07344572099999999,6.341269016
0.07350570599999999,6.338146687
0.07355627299999999,6.34128046
0.073594673,6.342069149
0.07364655899999999,6.341416836
0.073712296,6.344574928
0.07376119399999999,6.345146179
0.073804213,6.343757153
0.07386767,6.346482277
0.07391559199999999,6.347434998
0.073944187,6.345840454
0.07400596,6.350633144
0.074063277,6.350103855
0.074109844,6.351514816
0.07416047799999999,6.351428509
0.074214621,6.349617004
0.07425344599999999,6.3494277
0.074308081,6.350288391
0.074365957,6.352713585
0.074405088,6.355972767
0.07445046899999999,6.354400158
0.074513389,6.353571892
0.074564865,6.355487347
0.07461090999999999,6.356415272
0.074669449,6.356132984
0.074721238,6.355126381
0.074773541,6.357054234
0.07482275999999999,6.356157303
0.07484867999999999,6.355578899
0.074901863,6.355787277
0.07494711,6.356248379
0.075014948,6.362345695
0.075061402,6.361926556
0.07511035999999999,6.359093666
0.07516168699999999,6.360937119
0.07519171999999999,6.36210537
0.07524928299999999,6.363800049
0.075303762,6.365064144
0.07536321,6.364882469
0.07540236299999999,6.368022919
0.07546299599999999,6.367426872
0.07550553099999999,6.367869854
0.07557067099999999,6.371634007
0.07559271799999999,6.368430614
0.075660593,6.36798811
0.07569804699999999,6.369671345
0.075753725,6.371674061
0.075815632,6.372951031
0.07585563399999999,6.372395992
0.075919642,6.374294281
0.07597362099999999,6.375216007
0.076018913,6.375044346
0.07605912399999999,6.374413967
0.07610640499999999,6.373985767
0.076169512,6.374783516
0.076207949,6.374747276
0.07625001499999999,6.376595974
0.07629661099999999,6.378996372
0.07635460699999999,6.379078388
0.07641622999999999,6.380796432
0.07646637999999999,6.383561611
0.07650226199999999,6.380823135
0.07655399199999999,6.380409241
0.07661320899999999,6.380901337
0.076654396,6.383050919
0.07670628199999999,6.382013321
0.07675695299999999,6.383529663
0.076805397,6.386678219
0.076860427,6.386407852
0.076910971,6.386590481
0.076955317,6.38461256
0.076994366,6.385719299
0.07705247999999999,6.38759613
0.07710274199999999,6.388709545
0.07716008899999999,6.388660431
0.077199652,6.389585972
0.077259048,6.391739845
0.07731400999999999,6.395243645
0.07735373,6.394318581
0.07740913199999999,6.39471817
0.077450177,6.393344879
0.077499977,6.39849472
0.07757131599999999,6.400500774
0.077613531,6.397269249
0.07766585699999999,6.398329258
0.07769881099999999,6.398219109
0.077759741,6.398228645
0.077806933,6.400061131
0.077864459,6.4012146
0.07791675499999999,6.400096893
0.077965176,6.403347969
0.078006065,6.398408413
0.078063599,6.400169849
0.078103943,6.402792931
0.07815006999999999,6.403721333
0.078203446,6.404205322
0.07825390099999999,6.404886246
0.07830127199999999,6.405375004
0.07834599799999999,6.405142307
0.078413709,6.408921242
0.078447981,6.409222126
0.07851166899999999,6.407744884
0.078555031,6.40998745
0.078614144,6.410230637
0.07866232,6.412090778
0.078705034,6.408322811
0.078746258,6.411421299
0.07880744999999999,6.410068035
0.07886220399999999,6.414304256
0.07891715199999999,6.411275387
0.07895833099999999,6.411496162
0.079004249,6.414441586
0.07906100799999999,6.415856838
0.07910777499999999,6.416515827
0.07916328199999999,6.417807102
0.07920722499999999,6.416793346
0.07924809899999999,6.418961048
0.07929149899999999,6.418047428
0.079357027,6.419164658
0.079403533,6.420608521
0.07946326499999999,6.423120975
0.079505599,6.424745083
0.079558826,6.422214985
0.07961650799999999,6.423299313
0.07964901499999999,6.423851013
0.079718112,6.425171852
0.079762554,6.42534256
0.079823597,6.422979355
0.07986407599999999,6.423336983
0.07990112799999999,6.424649239
0.07996267,6.423979282
0.07998921599999999,6.42475462
0.08005180099999999,6.426354408
0.08010917799999999,6.430245399
0.08014511899999999,6.429242611
0.08020224999999999,6.430991173
0.08025187099999999,6.433257103
0.080303347,6.433014393
0.08036044099999999,6.433627605
0.080407544,6.435675621
0.08044259899999999,6.435930729
0.080513796,6.434603691
0.08056317099999999,6.438074589
0.08061516199999999,6.437231064
0.080660238,6.436094761
0.08068848299999999,6.437086105
0.08075875699999999,6.437618256
0.08081050099999999,6.441812515
0.08086245399999999,6.443058014
0.08091428799999999,6.439060211
0.080967954,6.44085741
0.081014624,6.438026905
0.081049523,6.440125465
0.081111966,6.444488525
0.081146582,6.442227364
0.08121345799999999,6.441134453
0.08124408,6.443197727
0.081305696,6.444734573
0.08134580999999999,6.445130348
0.081413163,6.446193218
0.081448971,6.447668076
0.08150421,6.450951099
0.08155082799999999,6.448046684
0.081615439,6.449070454
0.08166523199999999,6.450628757
0.081709041,6.450476646
0.081757708,6.452377319
0.08180433399999999,6.455178738
0.081862046,6.45179081
0.081895179,6.454396248
0.081956192,6.452673435
0.081998511,6.458862782
0.082068196,6.457003593
0.082103162,6.457426548
0.08216317599999999,6.458949566
0.08221422799999999,6.457118034
0.08226668699999999,6.458134174
0.082311055,6.45704174
0.082352212,6.457001686
0.08240286899999999,6.458594799
0.08244826499999999,6.459003448
0.08250149999999999,6.461406231
0.082559994,6.463606834
0.08260311099999999,6.462593555
0.08267393599999999,6.463396072
0.08270633799999999,6.463664055
0.082755363,6.462201595
0.082807286,6.462335587
0.082852072,6.465594292
0.08291969299999999,6.467569828
0.08295609699999999,6.467987537
0.08300843699999999,6.46359396
0.08305215699999999,6.469151974
0.083113207,6.469574451
0.083153522,6.466654301
0.083191744,6.469680309
0.08325292,6.470688343
0.08330888199999999,6.472464085
0.083366475,6.470904827
0.08341365199999999,6.474060059
0.08346822,6.473927975
0.08351381699999999,6.473749638
0.08355513099999999,6.474522114
0.08360240499999999,6.475631714
0.083655468,6.477704525
0.083704269,6.478495598
0.08375546199999999,6.479781151
0.083800404,6.47778368
0.08387057399999999,6.480546474
0.08391776599999999,6.480530262
0.083954534,6.478761196
0.084004185,6.47991848
0.084064214,6.481232166
0.084102369,6.480875015
0.08416257699999999,6.480714798
0.08420797299999999,6.482983112
0.08425683399999999,6.484077454
0.084296784,6.48345232
0.084353185,6.483512402
0.08440097299999999,6.487699986
0.08445848399999999,6.485931873
0.084505058,6.487156391
0.08456027399999999,6.486863136
0.08462097399999999,6.486195087
0.08467008,6.486876488
0.084715052,6.488760948
0.08475472699999999,6.489404202
0.08480980099999999,6.489798546
0.084848604,6.489524841
0.08490265799999999,6.488330364
0.084961264,6.494488239
0.08500039499999999,6.492740154
0.085066913,6.493300915
0.08509969599999999,6.493319035
0.08515456199999999,6.496242523
0.08519896699999999,6.49533987
0.08525296199999999,6.494095802
0.085304043,6.495417595
0.085363916,6.49630928
0.08540771,6.49956131
0.085461399,6.495415211
0.085498011,6.498614311
0.085548817,6.498989105
0.085606745,6.500077248
0.08564923599999999,6.502086163
0.085719517,6.501508236
0.08576777499999999,6.503544331
0.085806421,6.502064705
0.085853873,6.499632359
0.08590335299999999,6.501672745
0.08595652799999999,6.504230976
0.086012787,6.50493145
0.086058004,6.505581856
0.08610358,6.504928589
0.08616078499999999,6.505956173
0.086204513,6.506783485
0.086256562,6.509625912
0.086310423,6.507512569
0.086357861,6.506486893
0.086406215,6.510708809
0.08645431599999999,6.510189056
0.086511439,6.509091854
0.08654509399999999,6.511281013
0.08660398999999999,6.51227808
0.08665060899999999,6.515764236
0.08669957399999999,6.514225483
0.08676595899999999,6.515045166
0.086809865,6.51615715
0.08685997699999999,6.515313148
0.08689469,6.516781807
0.086954116,6.517227173
0.08701429399999999,6.516999245
0.08706776699999999,6.51748991
0.08710610699999999,6.516622543
0.087160772,6.517083168
0.08720666799999999,6.518129349
0.08725074599999999,6.519037724
0.08729818299999999,6.521423817
0.08734560599999999,6.521961212
0.087408668,6.523739815
0.08745582299999999,6.523953438
0.087513893,6.522215843
0.087557285,6.525537968
0.08761422999999999,6.523540974
0.087664573,6.525461197
0.08770324199999999,6.526127338
0.08775453899999999,6.525447845
0.08780669299999999,6.526469231
0.087860315,6.528052807
0.087918638,6.525729656
0.08795072799999999,6.529004574
0.08800849899999999,6.52939558
0.088057398,6.526618481
0.088104724,6.529392719
0.088138095,6.528439045
0.08820792899999999,6.53222084
0.088246277,6.534024239
0.088312774,6.530846119
0.08836177599999999,6.532281876
0.088413275,6.533351898
0.088460422,6.531090736
0.088497205,6.53579998
0.08855394899999999,6.53749609
0.088571927,6.535901546
0.08865224399999999,6.539149761
0.08871283999999999,6.538813114
0.088752499,6.541687489
0.08880782,6.540625572
0.08885344699999999,6.538725376
0.08891068299999999,6.541138172
0.088956154,6.543773174
0.089006162,6.544426441
0.089057847,6.542262554
0.089119888,6.544773579
0.08916382399999999,6.545835495
0.08922979099999999,6.545426369
0.08925720899999999,6.543920994
0.089299119,6.544147968
0.08933743,6.546484947
0.08940938,6.547569752
0.089461132,6.548038006
0.08950728799999999,6.548053265
0.08955877899999999,6.548708439
0.089607461,6.552289009
0.08965146399999999,6.549044609
0.08969904399999999,6.548676491
0.08974426899999999,6.550929546
0.08980365,6.552668095
0.089856169,6.552657604
0.089910782,6.554286957
0.08995532899999999,6.555146694
0.09000626799999999,6.554688454
0.090057558,6.554341793
0.09009883399999999,6.55561018
0.09014203999999999,6.557107925
0.090200401,6.556671143
0.090256176,6.558520317
0.090309082,6.55771637
0.090355306,6.560801029
0.090397595,6.559968472
0.090459375,6.560323715
0.090510807,6.561011791
0.090554974,6.562794209
0.090593285,6.564417839
0.09064958899999999,6.563509464
0.09071168199999999,6.564613342
0.09077152499999999,6.563405514
0.090804866,6.564575195
0.09085486699999999,6.564628601
0.090911126,6.563305378
0.090953043,6.564231396
0.091004721,6.566413879
0.09105258299999999,6.567674637
0.09108979099999999,6.568644047
0.091143242,6.568949223
0.09121060199999999,6.571751595
0.091256833,6.570524693
0.0913195,6.568819046
0.091363794,6.567502499
0.091411202,6.570416927
0.091452419,6.569455624
0.09148730199999999,6.571340084
0.091544716,6.572482586
0.091600327,6.572515011
0.091664335,6.575931072
0.09172200999999999,6.57420063
0.09175839899999999,6.575612068
0.091794877,6.572880745
0.09184387899999999,6.575721264
0.09191942099999999,6.576636314
0.09195933399999999,6.577874184
0.09200409699999999,6.576162815
0.09205983499999999,6.57763958
0.092100612,6.578238964
0.09214457699999999,6.582043648
0.092202156,6.579430103
0.092268622,6.581090927
0.09231587399999999,6.582857609
0.09234801599999999,6.583805084
0.09240030399999999,6.583328247
0.09246022899999999,6.584646225
0.09249958999999999,6.582350254
0.092558539,6.588325977
0.09258905699999999,6.587582111
0.09266469499999999,6.586064816
0.09271544799999999,6.588758469
0.092760994,6.58769846
0.092804349,6.587124348
0.09286233699999999,6.587021828
0.09291309699999999,6.586867809
0.092942788,6.588097095
0.09301765099999999,6.586366653
0.09304091199999999,6.589673996
0.09310336999999999,6.5916152
0.09314958599999999,6.594460487
0.093209005,6.591822147
0.09325439399999999,6.592917442
0.09330987099999999,6.595577717
0.09335413399999999,6.59381628
0.09340573699999999,6.595230103
0.093458502,6.597206116
0.093512526,6.593865871
0.093558407,6.5993433
0.09360442199999999,6.596340179
0.093653059,6.599047661
0.093708588,6.60025835
0.093751243,6.601755619
0.09380394099999999,6.600431442
0.09386354599999999,6.599654675
0.093900851,6.60393095
0.093959695,6.601760387
0.09400462999999999,6.601139545
0.09404668799999999,6.600493908
0.09409760599999999,6.600852966
0.09415218099999999,6.606690407
0.094214416,6.604379177
0.09426299399999999,6.604004383
0.094317085,6.603471279
0.094351566,6.604110241
0.094397544,6.602321625
0.09445739399999999,6.604320526
0.09450173299999999,6.606552601
0.09456693999999999,6.605524063
0.09459181,6.60643816
0.094656258,6.606336117
0.094699233,6.60840416
0.09475218399999999,6.612428665
0.09479314,6.612517834
0.09484728999999999,6.611461163
0.09490239499999999,6.614217281
0.094981207,6.614004135
0.09500861799999999,6.609797955
0.095056406,6.61388588
0.09511582399999999,6.611219406
0.095157778,6.615120888
0.095192237,6.616282463
0.09526048499999999,6.614133358
0.09530412299999999,6.615446091
0.09535161299999999,6.619088173
0.09541243899999999,6.618407726
0.09545005699999999,6.618965626
0.09551293999999999,6.618256569
0.095562732,6.617745399
0.09560587899999999,6.617461205
0.095655306,6.617933273
0.095712459,6.619630337
0.09574472799999999,6.618813992
0.09579682199999999,6.623534203
0.095850884,6.621578693
0.095912925,6.623487949
0.09596183,6.623170853
0.09599567799999999,6.621943474
0.096051505,6.624480247
0.09610277299999999,6.628007889
0.096164896,6.625143528
0.096203929,6.62564373
0.09624287399999999,6.627716541
0.09630744799999999,6.627580643
0.09635601799999999,6.630871296
0.09641655399999999,6.630114555
0.09646339599999999,6.630685329
0.09651341899999999,6.629294872
0.096562161,6.629723549
0.09660559799999999,6.629715919
0.09665328899999999,6.63020134
0.096715635,6.631230831
0.09674725599999999,6.629021168
0.09681024999999999,6.633265018
0.096865444,6.634141445
0.09689158099999999,6.63131094
0.096941321,6.636295319
0.097008391,6.637365818
0.09705211799999999,6.637466431
0.097115121,6.634298325
0.097150749,6.633773327
0.097200966,6.63732338
0.097289144,6.643980503
0.097333303,6.642305374
0.09738159099999999,6.641202927
0.097411683,6.637670517
0.097449942,6.641301632
0.09750869,6.641453266
0.09753720299999999,6.640145779
0.09758966999999999,6.645241737
0.09765494499999999,6.644817829
0.097694463,6.644920349
0.09775972999999999,6.649527073
0.097802109,6.649496555
0.09784607499999999,6.651288509
0.09790260999999999,6.650020599
0.09794856499999999,6.651332855
0.097994952,6.654059887
0.09806303599999999,6.657718182
0.098110779,6.654373646
0.098148643,6.654133797
0.098222932,6.654641628
0.09825941799999999,6.655614853
0.098302192,6.653406143
0.098348855,6.654515266
0.09839711999999999,6.655207157
0.098441376,6.656302929
0.098509616,6.655960083
0.09856562199999999,6.657839775
0.09859947,6.65672636
0.09864583499999999,6.659520626
0.098697154,6.659234524
0.09876552799999999,6.660924435
0.09878256799999999,6.663217068
0.09885685,6.665015697
0.098902038,6.664922237
0.09895926599999999,6.664659023
0.099003835,6.664623737
0.09904883699999999,6.664047241
0.09911044599999999,6.66765213
0.099161318,6.665977955
0.09921430699999999,6.667931557
0.09925798899999999,6.670417309
0.099312848,6.663826466
0.099367453,6.666903973
0.099398582,6.668204308
0.09946477999999999,6.667449474
0.099504552,6.666805267
0.099562972,6.669246674
0.099596618,6.667626381
0.099659606,6.66946888
0.099703691,6.670681953
0.09976895,6.66929245
0.09979938599999999,6.669327736
0.099860838,6.671004772
0.09991668799999999,6.671695232
0.09995900699999999,6.673593998
0.099992237,6.671090603
0.100055224,6.671191692
0.10007814899999999,6.670885086
0.10012932699999999,6.667644501
0.100162557,6.665994644
0.10019078699999999,6.665190697
0.10021582899999999,6.66012907
0.100234694,6.655052185
0.100241585,6.645496368
0.100218086,6.64009285
0.10021115,6.62938261
0.100199683,6.622755527
0.100185549,6.614028454
0.100153706,6.604474545
0.10015213399999999,6.599317074
0.10013307499999999,6.596623421
0.100143238,6.592030048
0.10012014799999999,6.585608482
0.10011793499999999,6.582314491
0.100116609,6.578423977
0.100090689,6.57381916
0.100099421,6.572983265
0.10008740299999999,6.568714142
0.100102505,6.569089413
0.100099421,6.565367699
0.100087947,6.563551903
0.10007875299999999,6.562567234
0.10008770099999999,6.559440136
0.10008348399999999,6.560762882
0.10009331899999999,6.557917118
0.10009159799999999,6.555421352
0.100100158,6.554478645
0.10008231399999999,6.553199291
0.100074715,6.549471855
0.100075735,6.548970222
0.100082724,6.54966259
0.10008858799999999,6.547609806
0.100080906,6.544381618
0.100087738,6.545213699
0.10008753699999999,6.543651581
0.10010140999999999,6.540952682
0.10007706899999999,6.536038876
0.100071623,6.538042068
0.10007678599999999,6.533620834
0.100072815,6.534903526
0.100078582,6.535972118
0.100072152,6.533004761
0.10007991499999999,6.531690121
0.10007127199999999,6.532866955
0.100081331,6.531779289
0.100081696,6.530277252
0.100072442,6.52896452
0.10008141999999999,6.525974751
0.100088126,6.5288167
0.10006572899999999,6.525464058
0.100064224,6.525828362
0.1000773,6.526531219
0.100065662,6.524483204
0.100070758,6.526790619
0.10007013999999999,6.523476124
0.10008139799999999,6.523729324
0.10006652599999999,6.519240379
0.100069283,6.522072315
0.10006571399999999,6.522533894
0.10007340299999999,6.51812458
0.100092671,6.520732403
0.100069119,6.519970894
0.10007588399999999,6.52126503
0.10007572799999999,6.516521454
0.10008302999999999,6.51658535
0.10006940199999999,6.514306545
0.100074394,6.512350559
0.100090689,6.517294884
0.10010588,6.523593426
0.10014648599999999,6.531189919
0.10020544999999999,6.544636726
0.100256926,6.557078362
0.100308104,6.569085121
0.100390306,6.582946301
0.10045194499999999,6.593105316
0.100507668,6.607555389
0.10057480499999999,6.616322517
0.10064200899999999,6.626640797
0.10069101899999999,6.634939671
0.100758298,6.643706322
0.10082048099999999,6.647001743
0.100854634,6.656076431
0.10093005599999999,6.665017605
0.100994586,6.672795296
0.10106310099999999,6.67400074
0.10110878799999999,6.675344467
0.10115698599999999,6.680794239
0.101211211,6.683806419
0.10125649599999999,6.684012413
0.101314901,6.688968182
0.10136636199999999,6.691777229
0.101425013,6.693644047
0.10146639399999999,6.695436478
0.10153135499999999,6.696930408
0.10158203399999999,6.697059155
0.101641996,6.701982498
0.10168353299999999,6.699738503
0.101735889,6.698375225
0.101783744,6.699302673
0.10183898999999999,6.702106953
0.101890466,6.701025009
0.101941934,6.698322773
0.102001845,6.699957848
0.102035216,6.700885773
0.10207761,6.701982498
0.102141342,6.701768875
0.102194971,6.703794956
0.102243117,6.703904152
0.102296426,6.701580524
0.10234212,6.703385353
0.102390132,6.705345631
0.102440825,6.705663681
0.102486363,6.702932835
0.10254707099999999,6.701794147
0.102590329,6.705479622
0.102645299,6.70478487
0.10267815599999999,6.706577778
0.10274148599999999,6.704794407
0.10278615199999999,6.70537281
0.10283749399999999,6.709209919
0.10288397799999999,6.707501888
0.10294418699999999,6.709289074
0.102990879,6.707928181
0.103051967,6.709296227
0.103081069,6.709183693
0.103142998,6.710873127
0.103192894,6.710482597
0.10322988699999999,6.712373734
0.103283613,6.712842941
0.1033288,6.714625359
0.103390469,6.714442253
0.103447525,6.715497017
0.10350412699999999,6.715493202
0.10354652099999999,6.71391201
0.10360035199999999,6.716077805
0.10363758999999999,6.71726656
0.103697209,6.717295647
0.103739402,6.716725826
0.10379343399999999,6.717432976
0.103845066,6.718752384
0.103879793,6.719240665
0.103940985,6.718435287
0.10399346699999999,6.719452381
0.10404926399999999,6.717741013
0.10408316399999999,6.71693325
0.10414004199999999,6.719171524
0.10418493899999999,6.722708225
0.10423605,6.721164703
0.10428733999999999,6.725564957
0.10435201799999999,6.723091602
0.10440311499999999,6.722095966
0.10442436399999999,6.722891331
0.10449837,6.724063396
0.104542083,6.724107265
0.10459039199999999,6.721581459
0.10464452099999999,6.723202229
0.10470309,6.724810123
0.104749149,6.724616051
0.104771836,6.725265026
0.10482731299999999,6.727516174
0.10487817099999999,6.726261139
0.104936144,6.729241848
0.10498939299999999,6.728665352
0.10503879099999999,6.729800224
0.105101636,6.729379654
0.105143643,6.730469704
0.105199768,6.731748104
0.105238272,6.72939682
0.10528810899999999,6.73185873
0.105351797,6.730872631
0.10538951899999999,6.730700493
0.105451747,6.733283043
0.10550124799999999,6.732442379
0.105544819,6.731503487
0.105589307,6.730884075
0.10563342099999999,6.732569218
0.105683296,6.733148575
0.105736813,6.733919621
0.105793482,6.732118607
0.10583979499999999,6.733695507
0.10589794699999999,6.736329556
0.105928733,6.735222816
0.105997792,6.736243248
0.106031193,6.736600399
0.106089702,6.735437393
0.10613676799999999,6.737608433
0.106185904,6.737913132
0.106232046,6.740472317
0.10628536999999999,6.739563942
0.10634583099999999,6.742794037
0.106393805,6.740540028
0.10645250099999999,6.740505695
0.10649861299999999,6.740475655
0.10654293599999999,6.741163254
0.10658220099999999,6.743085384
0.10664565699999999,6.744637012
0.10668791,6.745332718
0.106749638,6.744034767
0.10678473699999999,6.74567318
0.106829523,6.744495392
0.10689534099999999,6.748970985
0.10695125,6.748257637
0.10697535999999999,6.750905991
0.10703386999999999,6.748792648
0.107087164,6.748818874
0.107131115,6.751591682
0.107180162,6.750323772
0.107239536,6.752854824
0.10729694999999999,6.754805088
0.10734493899999999,6.752167225
0.10740593,6.755723953
0.10745258499999999,6.754071236
0.10748875799999999,6.7529006
0.107519096,6.751653194
0.107596798,6.75128746
0.107648021,6.75601244
0.107692635,6.751924992
0.10773041,6.754165649
0.10778711599999999,6.754807472
0.107848688,6.753884792
0.10788282599999999,6.757087708
0.10791694199999999,6.75658989
0.107999055,6.760132313
0.10803983199999999,6.758034229
0.108098133,6.758826733
0.108129403,6.760801315
0.10819265099999999,6.759765625
0.10825120499999999,6.75997448
0.10828468799999999,6.759777546
0.108331284,6.7611022
0.10837578599999999,6.762832165
0.108439094,6.76247406
0.10848285099999999,6.763912678
0.10855010799999999,6.764685631
0.10859478099999999,6.762131214
0.10864653299999999,6.766771793
0.10868025399999999,6.763538361
0.108741126,6.763892174
0.10879671399999999,6.764024258
0.108826785,6.764386177
0.108889556,6.766079903
0.10894040599999999,6.766071796
0.108982793,6.768106461
0.109036131,6.769022465
0.109088069,6.770695686
0.109138666,6.770740986
0.109188444,6.767915249
0.10925432199999999,6.768857002
0.10929141099999999,6.769046307
0.10933770899999999,6.767948627
0.109390719,6.771564484
0.109434194,6.770499706
0.10948847099999999,6.770855427
0.109537652,6.773140907
0.109585142,6.77089119
0.10965306899999999,6.772125244
0.10968164999999999,6.773932457
0.109738989,6.775078773
0.10979563599999999,6.775725365
0.109830453,6.775632858
0.10989777599999999,6.778208256
0.10994483399999999,6.77778244
0.109995498,6.779569626
0.110051973,6.777533054
0.110096476,6.775447369
0.110145732,6.77697897
0.110176815,6.774362564
0.110204055,6.771414757
0.110264032,6.776880264
0.11033349399999999,6.777008533
0.110375962,6.779311657
0.11044133299999999,6.779093742
0.110491997,6.778608322
0.11053321399999999,6.779892445
0.11058586,6.781751633
0.11065070199999999,6.780639648
0.11068010199999999,6.780976772
0.1107475,6.780557632
0.11079855899999999,6.781435013
0.110840886,6.780579567
0.110898501,6.783505917
0.110956556,6.779052258
0.110996402,6.780330181
0.111040874,6.783114433
0.111091136,6.781883717
0.111137136,6.780045986
0.11118568399999999,6.779589653
0.11124007999999999,6.778971672
0.11128176599999999,6.78499794
0.11133703499999999,6.784235477
0.111384398,6.782896996
0.111444509,6.784689426
0.111492394,6.78763628
0.111536077,6.785449028
0.11158473699999999,6.78758812
0.111642598,6.787278175
0.111693143,6.787316322
0.111737094,6.787848473
0.11178546299999999,6.789997101
0.111831187,6.789597034
0.11187256699999999,6.788645267
0.11193582299999999,6.789623737
0.11198379,6.790503502
0.11204744,6.793645382
0.11208415699999999,6.797152042
0.11215230699999999,6.792482376
0.112201682,6.792193413
0.112224443,6.793272972
0.112294859,6.793230057
0.11233006999999999,6.794232845
0.11238080099999999,6.794302464
0.112440294,6.791904926
0.11249707499999999,6.797852039
0.11254411099999999,6.796003342
0.112588755,6.796778202
0.11264780799999999,6.795528889
0.112683153,6.798575878
0.112737535,6.796000957
0.112785875,6.799761295
0.112838125,6.799989223
0.11289045099999999,6.800263882
0.112935572,6.797385693
0.11298818,6.801989555
0.113037421,6.799347878
0.11308980599999999,6.801877022
0.11315312899999999,6.801102638
0.11318891399999999,6.801055431
0.11324448,6.800775051
0.11329144099999999,6.80414629
0.113349101,6.804030895
0.11338098199999999,6.804120541
0.11343160099999999,6.80456686
0.11347938199999999,6.805081844
0.11353952299999999,6.804682732
0.11357466799999999,6.805805683
0.11364169299999999,6.806913853
0.11368334199999999,6.809129238
0.11373679199999999,6.805331707
0.113793864,6.808075905
0.11383154899999999,6.807847023
0.11387710899999999,6.809543133
0.113951101,6.811193466
0.11398731799999999,6.810613632
0.11405022299999999,6.813936234
0.114084228,6.812193871
0.11412931899999999,6.810477257
0.11419468999999999,6.811401844
0.11423136199999999,6.81205368
0.11428955099999999,6.814065933
0.11433276399999999,6.816839218
0.11438024699999999,6.815780163
0.11444679499999999,6.816847324
0.114504813,6.81828928
0.114563129,6.816812992
0.11459417499999999,6.813787937
0.11463913899999999,6.813442707
0.11467580399999999,6.816405773
0.114738225,6.816092014
0.114771872,6.818669319
0.11482187999999999,6.81976223
0.11489256299999999,6.821947098
0.11493295299999999,6.818948269
0.114976971,6.81999588
0.11503198599999999,6.823709011
0.11508358899999999,6.826030254
0.11514484,6.826662064
0.11519686,6.825782776
0.11525247899999999,6.825457096
0.11531066,6.822631359
0.11532852699999999,6.823444843
0.11539551499999999,6.821527481
0.115428856,6.820754051
0.115486591,6.825509548
0.115531525,6.826165676
0.11559887799999999,6.828847885
0.11564678599999999,6.825137615
0.115697055,6.825330734
0.11574541699999999,6.826029301
0.11578570199999999,6.828927994
0.115839719,6.826001167
0.11588475,6.827826023
0.11593223999999999,6.827235222
0.11600084499999999,6.82882309
0.116034484,6.827223778
0.116096071,6.828454018
0.116125128,6.827393055
0.11618991099999999,6.830330849
0.11623731899999999,6.83057642
0.116282603,6.831736565
0.11633173999999999,6.832811356
0.116399719,6.83208704
0.11645396699999999,6.830917358
0.116484432,6.83115387
0.116527727,6.832159042
0.11658883699999999,6.832106113
0.11663961299999999,6.833147526
0.11667262599999999,6.832870007
0.116727187,6.835476875
0.11678588999999999,6.837194443
0.116842298,6.838832378
0.116889699,6.838855743
0.11695265599999999,6.838734627
0.11700841699999999,6.837882996
0.117046534,6.838531017
0.11710239099999999,6.837615967
0.11714120099999999,6.834619999
0.117180287,6.838007927
0.11723323799999999,6.836565018
0.11728135399999999,6.836652279
0.11733232299999999,6.840449333
0.11738096099999999,6.839565277
0.11743557299999999,6.84278059
0.11750466999999999,6.842952251
0.117539986,6.841444016
0.117586187,6.841434002
0.11763929499999999,6.842047215
0.11768464599999999,6.843632698
0.117752372,6.844884396
0.11778576499999999,6.845260143
0.11785091299999999,6.844204426
0.11788241399999999,6.8442173
0.11794880699999999,6.845445633
0.117989129,6.846158981
0.11804816,6.843960762
0.11807934099999999,6.846452713
0.118131212,6.847415924
0.11819360999999999,6.847377777
0.118246889,6.847337723
0.11828024599999999,6.847688675
0.118335901,6.847951412
0.11839625899999999,6.850599766
0.118438302,6.84744215
0.118487528,6.849616528
0.118544033,6.849008083
0.11858963099999999,6.849646568
0.118653654,6.85127449
0.118685773,6.849637985
0.118740155,6.853746414
0.11877360099999999,6.852086544
0.118821106,6.854385853
0.11889354799999999,6.856350899
0.11895655,6.854820728
0.118991187,6.856359005
0.11905655899999999,6.859070301
0.11909858799999999,6.854491711
0.11913386599999999,6.852631569
0.11918056599999999,6.854249477
0.119229032,6.855463505
0.119268848,6.857176781
0.119326031,6.858931065
0.119385435,6.860896111
0.11943752899999999,6.860702515
0.11949587499999999,6.862660408
0.119548886,6.859740257
0.11960223199999999,6.858653069
0.11963642299999999,6.859993458
0.11967784,6.862655163
0.119738183,6.862632751
0.11977640399999999,6.86354208
0.11983732,6.86548233
0.11990575399999999,6.864420891
0.119948974,6.865272522
0.11998911799999999,6.864395618
0.12004211399999999,6.863520622
0.120101585,6.863520622
0.120140976,6.866009712
0.12017747599999999,6.863981724
0.120236813,6.865805626
0.120275384,6.867003441
0.120333074,6.868247509
0.120392478,6.868305683
0.12044308199999999,6.868240356
0.12049890899999999,6.869734764
0.12054037899999999,6.870493412
0.12059508899999999,6.869512558
0.120639658,6.865466595
0.12068875,6.868602753
0.12072494499999999,6.869701862
0.120779684,6.873018265
0.12084750699999999,6.871897697
0.12087806899999999,6.871355534
0.120931289,6.873287678
0.12099894,6.874670029
0.12104868799999999,6.874648571
0.12110120699999999,6.874155045
0.121133542,6.874991894
0.12117980299999999,6.875675678
0.121234125,6.873902321
0.121283671,6.87582922
0.121333628,6.878348827
0.12139821699999999,6.877744675
0.12144768099999999,6.877169132
0.121498554,6.877439976
0.121541082,6.876882076
0.121597259,6.877838135
0.121624498,6.879869461
0.121686271,6.881006241
0.121745153,6.881080627
0.12178652599999999,6.883600712
0.12184060199999999,6.885872364
0.121896944,6.883944511
0.121941528,6.881830692
0.121996647,6.881793976
0.122039809,6.887061119
0.12208729099999999,6.882522106
0.12214642599999999,6.883409023
0.122192627,6.881876469
0.12223999099999999,6.881967068
0.12228887399999999,6.884432793
0.12234982,6.884356022
0.122395328,6.884689808
0.12243114999999999,6.88582325
0.12247633799999999,6.886841297
0.12252958,6.887155056
0.122586435,6.888523579
0.12262541699999999,6.884827614
0.122699438,6.88944912
0.122739113,6.88803339
0.122782147,6.890629768
0.122841946,6.889717579
0.122893138,6.891390324
0.12293647799999999,6.891473293
0.12300126099999999,6.891871452
0.12304799899999999,6.89036274
0.12309347,6.891225338
0.12313994599999999,6.891456127
0.12317634999999999,6.892087936
0.123231626,6.892570972
0.123292326,6.896122456
0.123343385,6.896734715
0.123386158,6.895551205
0.123451388,6.895702839
0.123486562,6.89650631
0.12354816399999999,6.899259567
0.123583472,6.89623642
0.12363604299999999,6.897187233
0.12369390499999999,6.90115881
0.12374084299999999,6.897145271
0.12378922699999999,6.896857738
0.12383650099999999,6.895555973
0.12390039,6.900203228
0.123947381,6.902487755
0.12399782899999999,6.896605015
0.12403587099999999,6.900178432
0.124081454,6.897550583
0.124129361,6.903466225
0.12417439999999999,6.901764393
0.124246499,6.903756618
0.12429322899999999,6.904024601
0.12433794799999999,6.905874252
0.124376452,6.901668549
0.124442926,6.905209541
0.12448934299999999,6.906413555
0.124535626,6.907492638
0.124597794,6.905789375
0.12465085,6.906816006
0.12468900399999999,6.907932281
0.124740726,6.910529613
0.12479547299999999,6.909249306
0.12484325299999999,6.907654762
0.124893381,6.909417629
0.12494353799999999,6.910466671
0.12500207,6.908473015
0.125036656,6.908925533
0.125102727,6.910401821
0.125129386,6.909004211
0.12518671,6.91091013
0.125234275,6.910685062
0.12527227300000002,6.910219193
0.125332369,6.912864208
0.125388904,6.910785675
0.12543289200000002,6.913214207
0.125487654,6.915351868
0.125539913,6.915260315
0.125593959,6.913581371
0.125635772,6.913367271
0.125697328,6.915577888
0.12571516500000002,6.916203976
0.12578688400000002,6.915865421
0.125848188,6.915506363
0.125893621,6.920205593
0.12593589600000002,6.919180393
0.125994472,6.918453693
0.126040979,6.91791153
0.126075684,6.917278767
0.126139625,6.921261311
0.126197888,6.918469429
0.12624184700000002,6.921493053
0.126292242,6.922016144
0.126340999,6.923847198
0.126384048,6.920681953
0.12643980900000001,6.923230648
0.126501112,6.922687531
0.126547469,6.921883583
0.126589148,6.923043728
0.12663488,6.924547672
0.12667277300000002,6.922476768
0.126736744,6.925318718
0.12679082,6.925422192
0.126847966,6.924969196
0.12689559,6.924891472
0.126944258,6.924798489
0.12699285000000002,6.924800873
0.12704326100000002,6.924681664
0.12708412,6.926516533
0.127129598,6.925332546
0.127187504,6.92757225
0.127232237,6.930096626
0.127281158,6.929023266
0.127342208,6.931279659
0.127387522,6.931370735
0.127434699,6.931479931
0.127507283,6.934036732
0.12753415,6.934538364
0.12758850900000002,6.933806896
0.12764789,6.935482979
0.12769246,6.932603359
0.127740546,6.934210777
0.12779474100000002,6.935878277
0.127845554,6.935009003
0.127875595,6.933959007
0.127934976,6.933654785
0.12800313400000002,6.934480667
0.128045498,6.934206486
0.12810169000000002,6.935834885
0.128139048,6.933588982
0.128191261,6.936891079
0.1282465,6.936819553
0.128301768,6.935937405
0.128349959,6.935357571
0.128382294,6.936814308
0.128431095,6.935978413
0.12847940500000002,6.936750412
0.128531917,6.938808918
0.128579526,6.938650131
0.128635271,6.94052887
0.128691404,6.940168381
0.128734215,6.940137863
0.12877085700000002,6.943214417
0.128835483,6.944987297
0.128877728,6.943296909
0.12892736400000002,6.944020748
0.129005267,6.945579529
0.129051431,6.942897797
0.12909001,6.944514751
0.129143341,6.946498394
0.129191502,6.9439044
0.129238783,6.947031021
0.129298522,6.945824146
0.129348351,6.94327116
0.129390268,6.944726944
0.12943163400000002,6.944629669
0.12947867700000001,6.94619894
0.129533707,6.947153091
0.129601731,6.94751358
0.12963417000000002,6.949063301
0.129685714,6.948236465
0.129733233,6.949230194
0.12979669700000002,6.950087547
0.12982928600000002,6.950267315
0.12989813,6.951975346
0.12993390700000002,6.950606823
0.129990606,6.950119495
0.130030959,6.95199728
0.13008503500000002,6.952503204
0.130128263,6.949658871
0.130178093,6.952767849
0.130245103,6.952775955
0.13028331,6.95388031
0.130341812,6.954183102
0.130386858,6.956611633
0.130443065,6.954948902
0.13048890100000002,6.957571507
0.130537494,6.956391335
0.130587368,6.953651905
0.130633293,6.954530239
0.130680441,6.959708214
0.13072808,6.958521843
0.130784182,6.959967136
0.130838646,6.957168102
0.13089430200000002,6.960836887
0.130941375,6.959625721
0.13098774700000002,6.959428787
0.1310364,6.95966959
0.13108462,6.962631226
0.131146236,6.961728096
0.131182133,6.960829735
0.13124538800000002,6.961557388
0.131303369,6.961905003
0.131341531,6.961898804
0.131371184,6.962952137
0.131438925,6.963322639
0.131491794,6.966044426
0.13153684000000002,6.96254015
0.13157612000000002,6.96398592
0.131636857,6.963752747
0.131689041,6.964778423
0.131736873,6.966272831
0.131781502,6.968041897
0.131845413,6.96718359
0.13188834400000002,6.967461586
0.131920173,6.967358589
0.131980925,6.968280315
0.132033913,6.970197201
0.132086738,6.971099377
0.132140441,6.969713688
0.132195591,6.970031738
0.132248207,6.969902992
0.13229069000000002,6.971083164
0.132344781,6.97266531
0.132388695,6.971298218
0.13244329300000002,6.969311237
0.132489889,6.97034359
0.13253167100000002,6.972034931
0.13258397500000002,6.974178314
0.13263270100000002,6.971803665
0.132681264,6.970720768
0.132731332,6.973148823
0.132795243,6.974152565
0.132848753,6.977039814
0.13287407,6.975113869
0.132940738,6.976667404
0.13298442800000002,6.978340149
0.133040606,6.976817131
0.133082016,6.978761196
0.13314984600000002,6.977074146
0.133184774,6.975856781
0.133246316,6.981793404
0.133284493,6.97933054
0.13335107100000002,6.97957468
0.133400394,6.979135513
0.133441015,6.979875565
0.133482917,6.979275703
0.13352982600000002,6.980158806
0.13358403600000002,6.981391907
0.13364383500000002,6.982978821
0.133686064,6.98382473
0.133738263,6.982421875
0.133784859,6.980983257
0.133832215,6.981613636
0.13387812500000001,6.984333038
0.133939578,6.983323097
0.13398817100000002,6.986492634
0.13403773200000002,6.98748827
0.13411009200000001,6.985201359
0.13414131,6.983829975
0.134195684,6.985014915
0.13424450000000002,6.985096455
0.13428398800000002,6.984051704
0.134336262,6.984746933
0.134370981,6.986145973
0.13442757600000002,6.986070633
0.134494244,6.989022255
0.134542568,6.987433434
0.134599342,6.987296104
0.134636908,6.987174034
0.134679093,6.988497734
0.134743197,6.98504591
0.134775116,6.989877701
0.134854062,6.991071224
0.134890168,6.989546776
0.134932785,6.987840176
0.134985759,6.9907341
0.135044469,6.992425442
0.13508598400000002,6.993533611
0.135124891,6.990099907
0.135184719,6.995599747
0.13523600900000002,6.992794514
0.13529416800000002,6.994823456
0.135331585,6.997092247
0.135368867,6.998508453
0.135454519,6.996225357
0.135481118,6.995563984
0.135549723,6.996692657
0.13559062700000002,6.996250629
0.135650678,6.998966694
0.135698585,6.997300148
0.135729937,6.994222641
0.135779439,6.996095181
0.13583815000000002,6.997782707
0.135878323,6.999372005
0.13593307000000002,7.000154495
0.135979219,6.999849796
0.13604047800000002,7.002371311
0.136093675,6.999655724
0.13611969200000001,7.000311375
0.13618861000000002,7.004998684
0.13624845300000002,7.006183147
0.136297642,7.001774311
0.136345043,7.002882957
0.13639125100000002,7.002102852
0.136450349,7.004712105
0.13649281700000002,7.001563072
0.136538981,7.002939224
0.136585368,7.004002094
0.136635749,7.005422592
0.13668702400000002,7.005434513
0.136748789,7.006628036
0.136799334,7.006721497
0.136841922,7.004606724
0.136884167,7.005914688
0.136944576,7.005416393
0.136974736,7.00882864
0.13702408800000002,7.006220818
0.137082382,7.008701801
0.137129067,7.008729935
0.13718961100000002,7.011568069
0.13724172,7.010707855
0.13729828500000002,7.010271549
0.137335448,7.011175632
0.137381493,7.011624336
0.137441425,7.012977123
0.137492804,7.013721466
0.13754898200000001,7.015041828
0.13759949700000002,7.011717796
0.13764168200000002,7.012772083
0.137696906,7.015562534
0.137753113,7.015496731
0.13779997700000002,7.014009953
0.13784168500000002,7.011608124
0.1378908,7.012406349
0.137939199,7.015509605
0.137981175,7.013893604
0.138040839,7.016864777
0.138081743,7.014865875
0.138144283,7.017957687
0.138192846,7.017548561
0.138248189,7.017747879
0.13830763000000001,7.016159058
0.138338356,7.016540051
0.13838604000000002,7.014934063
0.13842716700000002,7.017036438
0.138490318,7.018846512
0.13853342700000001,7.018245697
0.13858994700000002,7.020770073
0.138630091,7.019852161
0.138691111,7.019811153
0.13875012,7.021356583
0.138783811,7.022463322
0.138840883,7.022328854
0.13888724,7.02351141
0.138943522,7.02304697
0.138987629,7.023145676
0.13903205000000002,7.022758484
0.139076708,7.022787094
0.139146044,7.026010036
0.139186739,7.026271343
0.139234244,7.024981976
0.139293476,7.027918339
0.139350204,7.025791168
0.13939231500000002,7.026958466
0.13944213,7.028180122
0.13948748900000002,7.027862549
0.139539717,7.029627323
0.139587178,7.030703068
0.139633267,7.027984619
0.13969340800000002,7.027655125
0.139746009,7.028514385
0.13978168200000002,7.028821945
0.139839916,7.031397343
0.13990813400000002,7.030119896
0.13994404500000002,7.029046059
0.139990671,7.030123711
0.14003975600000002,7.031346798
0.140092282,7.026306629
0.140143676,7.029459
0.14018660700000002,7.030688763
0.140231891,7.033382416
0.140281199,7.033068657
0.140336497,7.032557011
0.14039705600000002,7.032454491
0.14043117900000002,7.034481049
0.140482916,7.033540726
0.140530481,7.034533501
0.140598892,7.035695553
0.140630527,7.033828735
0.140682979,7.037754536
0.14074635400000002,7.037695408
0.14079312900000002,7.039653301
0.140837713,7.03757
0.14090371000000002,7.038864613
0.140937327,7.039125919
0.14097827500000001,7.037718296
0.14105658100000001,7.041468143
0.14109343200000002,7.041015625
0.14115025,7.038563728
0.141188412,7.039305687
0.141238256,7.038068771
0.141294642,7.037937641
0.141332864,7.039879799
0.141400768,7.039339542
0.14142993,7.040625572
0.14148828300000002,7.040874958
0.141532882,7.041977882
0.141597344,7.041608334
0.141631706,7.04254961
0.141686855,7.043421745
0.14173667,7.040746212
0.141788988,7.042913437
0.141836433,7.045309544
0.141886844,7.045851707
0.141936212,7.045461655
0.141987248,7.044606209
0.14203903,7.047177315
0.14208275,7.044788361
0.142144232,7.047885895
0.142192139,7.048602581
0.142242937,7.046597958
0.142302527,7.044614792
0.142335756,7.047578335
0.142384543,7.046505451
0.142439901,7.049196243
0.142487793,7.048806667
0.142532198,7.050402641
0.142587199,7.050601006
0.142634957,7.052315235
0.142684518,7.053013802
0.142736851,7.053986549
0.142792268,7.055450439
0.142838224,7.0509305
0.14289785800000002,7.052099705
0.142937212,7.052868843
0.14298196000000002,7.05471468
0.14304387400000002,7.05562973
0.143105491,7.054759502
0.14315381500000002,7.053977489
0.143185689,7.053284168
0.14322827600000002,7.051388264
0.14328506500000002,7.053222179
0.14334164400000002,7.054622173
0.143384947,7.055517673
0.143426745,7.053649902
0.143490045,7.055901051
0.14353100800000002,7.05586195
0.1435941,7.054565907
0.14363174,7.058392525
0.14368672500000002,7.057413101
0.143730401,7.057455063
0.143770962,7.058943748
0.143850519,7.061889172
0.143902211,7.06186533
0.143948598,7.059666634
0.14399541800000001,7.058729649
0.14403401200000002,7.059192657
0.144094093,7.062319279
0.144139989,7.059034348
0.14418767300000002,7.0619874
0.144236161,7.062205791
0.14428143100000002,7.059294224
0.144342973,7.062068939
0.144385858,7.064733982
0.144422128,7.064352989
0.144487201,7.064002991
0.144550084,7.063904762
0.144596635,7.064389229
0.14463762800000002,7.065783978
0.144684537,7.064641476
0.14473967100000001,7.064497948
0.144795178,7.065301418
0.14482541300000001,7.066901684
0.144895403,7.065588474
0.144944234,7.067597866
0.14498256,7.066045284
0.1450368,7.068594933
0.14508072900000002,7.069583416
0.145130216,7.070413589
0.145179256,7.067996025
0.145239203,7.071227074
0.145294099,7.071698189
0.145325227,7.071864605
0.14539521800000002,7.071876049
0.14544700000000002,7.070878983
0.145496129,7.073500633
0.145538001,7.071944237
0.145579754,7.072370529
0.145636885,7.073879242
0.14569649,7.073455334
0.145740433,7.073534966
0.14579226,7.075772762
0.145841925,7.073863506
0.145911186,7.07276535
0.14594601000000001,7.073031425
0.145996078,7.072473049
0.14603480600000002,7.074502468
0.146083041,7.072217941
0.14612536,7.074125767
0.14618223800000002,7.07413435
0.146237149,7.076241016
0.146281599,7.074876785
0.146326377,7.079314232
0.146394341,7.077936649
0.14643482700000002,7.079304695
0.14650095900000001,7.079184055
0.146530448,7.078631878
0.14659877000000002,7.077212811
0.146635084,7.079268456
0.146678372,7.079704285
0.14675095600000002,7.080014706
0.146791755,7.078019142
0.146842478,7.082169056
0.146887972,7.083424568
0.14692966500000001,7.083840847
0.147001086,7.082691669
0.14703670000000002,7.085692883
0.147091417,7.083005905
0.147149725,7.083967686
0.147188692,7.082897663
0.147232069,7.083771706
0.14729356600000001,7.084336758
0.147332548,7.082504272
0.14737708700000002,7.081301212
0.147433593,7.086070061
0.147484376,7.087864399
0.14753965900000002,7.086472034
0.147600694,7.087133408
0.14764965900000002,7.088870525
0.147696032,7.083311081
0.14773060300000002,7.087119102
0.147785469,7.085057259
0.14782971,7.088009834
0.147887512,7.087861538
0.147953956,7.087819099
0.147993221,7.085770607
0.148030935,7.086116314
0.148090406,7.08883667
0.148122756,7.0878582
0.14818978200000002,7.091038704
0.148237376,7.092592716
0.148286908,7.090665817
0.148337706,7.093392372
0.148393212,7.094924927
0.148441135,7.096012115
0.148501499,7.094920158
0.148546218,7.092413902
0.148579864,7.093289375
0.14863130300000002,7.093980789
0.14869606400000002,7.095659256
0.148742987,7.094002724
0.148797064,7.098801613
0.14884129000000001,7.094398975
0.148894726,7.0967803
0.148946135,7.0969491
0.148990138,7.097089291
0.14904031,7.095479488
0.14907652000000002,7.094801903
0.149137093,7.096772194
0.149180068,7.095415115
0.14923524700000002,7.100874901
0.149283318,7.098432064
0.149328245,7.099429607
0.14939433200000002,7.099659443
0.14944384900000002,7.101523876
0.149494095,7.100470066
0.149558498,7.102416039
0.149603649,7.099042416
0.14963938200000002,7.098814487
0.149686186,7.09898138
0.1497391,7.099798203
0.149788542,7.099359035
0.14985074,7.100082874
0.149881645,7.099226475
0.149956747,7.10266304
0.14998766700000002,7.101376057
0.15004630300000002,7.101816654
0.150086953,7.101636887
0.150136261,7.105099201
0.15018978600000002,7.102680206
0.150235011,7.102181911
0.150288372,7.102624893
0.15034355100000002,7.104979515
0.15039101100000002,7.103926182
0.15043784600000001,7.107291222
0.15049104300000002,7.105012894
0.150545492,7.108376026
0.150583862,7.106530666
0.150637283,7.107691288
0.15069110600000002,7.103425503
0.150729312,7.107417583
0.150790631,7.106615067
0.15083599,7.10818243
0.150888635,7.109427929
0.15093947800000002,7.109523773
0.150992452,7.111042023
0.151041954,7.112393379
0.15108686600000001,7.10849905
0.15113900500000002,7.11006403
0.15118803,7.111022472
0.151252447,7.110068798
0.15128460400000002,7.111899853
0.151342093,7.110881805
0.151389255,7.112975121
0.151441156,7.112699509
0.151474683,7.11108923
0.15153391500000002,7.114590645
0.15158756,7.114837646
0.151639028,7.115204334
0.15170060000000002,7.11455822
0.15174315700000002,7.116835594
0.15180906500000002,7.114774227
0.15184171400000002,7.115833282
0.15188310900000002,7.115420818
0.15193489100000002,7.116775513
0.15200185700000002,7.115700722
0.152037321,7.118068695
0.15209029500000001,7.116771698
0.152132242,7.117638588
0.152197404,7.118833065
0.152236058,7.116628647
0.152284323,7.11690855
0.15234851700000002,7.118378162
0.15238505500000002,7.119325638
0.152440353,7.119792938
0.152494489,7.119607925
0.152546643,7.119608879
0.15258380600000002,7.121270657
0.152639045,7.120742798
0.15268425500000002,7.120565414
0.15273709500000002,7.12237215
0.152788206,7.11965847
0.152850776,7.125400066
0.1528863,7.121804237
0.15293425200000002,7.123282433
0.15298335100000002,7.124418736
0.15303698100000002,7.122757912
0.153086587,7.126141071
0.153140454,7.126245022
0.153195529,7.128969669
0.15324078400000002,7.12754631
0.153290479,7.127276897
0.153346746,7.127709389
0.15340568000000002,7.126534462
0.15344680700000002,7.127878189
0.15348330000000002,7.127388477
0.153544618,7.126739979
0.153578191,7.129162788
0.153643324,7.130024433
0.15368904,7.127737522
0.153740748,7.128599644
0.153800993,7.129653931
0.153857632,7.130991459
0.153881802,7.128270626
0.153943984,7.130443096
0.153986974,7.128486633
0.15403291500000002,7.130290508
0.15408401100000002,7.131070137
0.154127403,7.130689621
0.154183193,7.134109497
0.154242663,7.13436842
0.15429979400000002,7.134946346
0.154351129,7.133674622
0.154388084,7.133960724
0.154452516,7.135458946
0.154506041,7.132340908
0.154554232,7.134768963
0.154574572,7.135286808
0.15463484700000002,7.134945393
0.154701753,7.136496544
0.15474463900000002,7.132823467
0.154800771,7.136312962
0.154846771,7.136004925
0.15488010500000002,7.136171341
0.15495899200000002,7.134515762
0.15498430900000001,7.13639164
0.155038058,7.135359287
0.15509483100000002,7.137929916
0.155138089,7.137939453
0.155200987,7.136916161
0.155242591,7.136834621
0.15528508900000002,7.138269424
0.15534040200000002,7.137770653
0.15538451,7.138765812
0.15544064200000002,7.139975548
0.155484019,7.139773369
0.15553344700000002,7.139308929
0.155588939,7.142074108
0.15566036,7.141248703
0.155698045,7.142055988
0.155733718,7.139541149
0.15578645300000002,7.142540932
0.155840709,7.144376755
0.155882804,7.143684864
0.15593469000000001,7.145468235
0.155989541,7.144989491
0.15604099500000002,7.145734787
0.156090288,7.145227909
0.15616159000000002,7.145829201
0.156202643,7.14500761
0.156242936,7.145795822
0.15630206300000002,7.145702839
0.156344532,7.14534235
0.156388088,7.146073818
0.156427054,7.145140171
0.156485765,7.145634174
0.156552612,7.148777008
0.156602128,7.148270607
0.15663570000000002,7.146689415
0.156704022,7.147311687
0.15674121600000002,7.148248672
0.156783684,7.14365387
0.15683206800000002,7.147389889
0.15688131600000002,7.149411201
0.156931176,7.148309231
0.15699390900000001,7.149290562
0.157046779,7.151698589
0.157086595,7.151375294
0.15713791400000002,7.152621746
0.157184912,7.150569916
0.157234906,7.151873589
0.157285793,7.152011871
0.15734420600000001,7.154678345
0.15738423,7.152950764
0.157434075,7.154147625
0.15749585500000002,7.154650688
0.15753550700000002,7.15605545
0.157588585,7.156665802
0.157640963,7.156611919
0.157697512,7.157485008
0.157748564,7.156081676
0.15779133,7.156939983
0.157842486,7.156449795
0.15789429700000002,7.160132408
0.157957806,7.15707922
0.15799532700000002,7.156272411
0.158033116,7.156384945
0.158083259,7.158514023
0.158131077,7.159275055
0.158188237,7.155842304
0.158239378,7.160598755
0.158298566,7.161705017
0.158339842,7.161252975
0.158399476,7.160943985
0.158439933,7.15917778
0.15849088,7.162937641
0.15853831000000002,7.159423828
0.158593698,7.158700943
0.158644049,7.158257961
0.15869197100000001,7.160647869
0.158729686,7.158448219
0.158771454,7.161882877
0.158837302,7.163267612
0.15888981400000002,7.162211895
0.158940001,7.161598682
0.159003197,7.163074493
0.159041135,7.162288666
0.159091442,7.166089535
0.15914086900000002,7.16394949
0.159174799,7.161130905
0.159227683,7.165952682
0.15928769,7.169316769
0.15934172100000002,7.164961338
0.159408672,7.167222023
0.15945641600000002,7.168209553
0.159502967,7.167292595
0.15954801300000002,7.167699814
0.159585996,7.16558075
0.159636243,7.165326595
0.159693106,7.169774532
0.15973773500000002,7.167481422
0.15979131900000001,7.168586254
0.159845172,7.169333458
0.15989066500000002,7.171096325
0.159943639,7.169116974
0.15998710600000002,7.169590473
0.160042657,7.171123981
0.160083948,7.169946194
0.16014622,7.170529366
0.160189747,7.170415878
0.16024781600000002,7.172023296
0.160296737,7.175064087
0.160333409,7.170557499
0.160381778,7.174010277
0.160440891,7.173276901
0.160477175,7.172633171
0.160532697,7.173746109
0.160595386,7.17581749
0.160645364,7.17571497
0.160700216,7.176663399
0.160743936,7.176527023
0.16079015900000002,7.176353931
0.16084231300000001,7.176371098
0.160878806,7.176253796
0.16094276200000002,7.175220013
0.160987927,7.175588608
0.16104631,7.178104877
0.161080434,7.177937031
0.16114693800000002,7.178085804
0.161200015,7.177186012
0.161267413,7.180322647
0.161298602,7.177740574
0.16134357300000002,7.180333614
0.161389335,7.178480148
0.161436989,7.178286076
0.16149233200000002,7.180357933
0.161543487,7.178654194
0.161596342,7.180065632
0.161634355,7.181169987
0.161688535,7.178952694
0.16174016800000002,7.180401802
0.16178841800000002,7.180313587
0.161835148,7.181685925
0.16188234,7.181003094
0.161930575,7.182600498
0.161984696,7.185574532
0.162053703,7.181119919
0.162093221,7.183758736
0.162137492,7.182174683
0.162182568,7.183805466
0.162226184,7.182226658
0.162282048,7.186603069
0.16234213,7.186079025
0.16239973800000002,7.187627792
0.16245615400000002,7.184158325
0.162501855,7.186802864
0.16255316,7.18405056
0.162586703,7.183895111
0.162631451,7.18804884
0.162678255,7.188489914
0.162731706,7.190220833
0.162801995,7.191353798
0.162838756,7.189836025
0.162899508,7.187529564
0.162940188,7.188717842
0.162995248,7.186573029
0.163040458,7.188597202
0.16309431100000002,7.189642429
0.16313354500000002,7.1906147
0.163180261,7.18813324
0.163239388,7.190765858
0.163298635,7.190486431
0.163330718,7.189869881
0.16336581,7.191205978
0.16342800700000001,7.190372467
0.163499443,7.19340086
0.16353683,7.19127655
0.163578926,7.19233942
0.16363449300000002,7.191974163
0.163690432,7.193869591
0.16374722,7.196277142
0.163801222,7.195823193
0.163828595,7.193984032
0.163903474,7.192858696
0.163942589,7.195734501
0.164002134,7.19491291
0.164044573,7.194201946
0.16407933700000002,7.196721077
0.164135202,7.197871685
0.16420231600000001,7.197347641
0.164240463,7.197473049
0.16429617900000001,7.198190689
0.164329632,7.194145679
0.16439224700000002,7.196733475
0.16444413200000002,7.198402405
0.164484678,7.197611332
0.164536251,7.196501255
0.164593174,7.199133396
0.164653732,7.198493481
0.16469076200000002,7.198179245
0.164732276,7.199345589
0.164790152,7.199510098
0.16484101,7.200070858
0.16489863300000002,7.199878216
0.164940565,7.199091434
0.164980813,7.201170921
0.165038495,7.199315071
0.165106176,7.20044899
0.16511477400000002,7.201747894
0.165194421,7.201406002
0.165234803,7.201246738
0.16527572100000001,7.203816891
0.165338336,7.20537138
0.165405034,7.205209732
0.165447591,7.204948425
0.16548368200000002,7.204433441
0.16553294500000001,7.204830647
0.165581329,7.204859734
0.165651857,7.204796314
0.165681778,7.208482742
0.16574855,7.208251476
0.165808021,7.206328869
0.165830522,7.205174923
0.16589456700000002,7.208007336
0.165926828,7.206189156
0.16599702700000002,7.207505703
0.16603220900000001,7.207602978
0.166105418,7.208030224
0.166127248,7.206659794
0.166186317,7.208276272
0.166232972,7.21005106
0.166289179,7.208847523
0.166332378,7.211039066
0.166395827,7.208099842
0.166438206,7.210181713
0.166485264,7.210731506
0.16654100900000002,7.211152077
0.166598036,7.211009026
0.16663846200000001,7.213425159
0.166678874,7.211765289
0.166736363,7.211078644
0.166792928,7.212102413
0.166845767,7.213241577
0.166894777,7.21309185
0.166948585,7.212268829
0.16699212700000002,7.213618755
0.167037963,7.21310091
0.167093946,7.210448265
0.167145698,7.210558414
0.167176141,7.212989807
0.16723570100000001,7.214219093
0.167289196,7.216135025
0.167333289,7.214327335
0.16737885600000002,7.215441227
0.1674574,7.216305256
0.16749645600000002,7.216437817
0.167554124,7.217019558
0.167584954,7.216956139
0.16762712500000002,7.217502117
0.167693062,7.217806339
0.16775216,7.215687752
0.167792736,7.216710567
0.16783989800000002,7.216151237
0.16789083100000002,7.216228962
0.167932524,7.2184062
0.167982085,7.218842506
0.16803663800000002,7.220960617
0.168092875,7.220560074
0.16813804100000002,7.222419739
0.168187155,7.221428394
0.168247549,7.220542908
0.16830150700000002,7.221410751
0.168322532,7.222012997
0.16839784300000002,7.22317028
0.168428777,7.220995903
0.16849872300000002,7.222294331
0.16853658700000002,7.224234104
0.16858456900000002,7.221460819
0.168644323,7.222883224
0.168688698,7.222189426
0.168749868,7.220476151
0.168786033,7.225748539
0.16883568300000001,7.225559235
0.168882011,7.225790977
0.168935596,7.227842808
0.168987303,7.226514339
0.16904427,7.227079391
0.169098376,7.229556561
0.169139816,7.228880405
0.169201298,7.229429245
0.169253065,7.225230694
0.169303014,7.225470543
0.169352143,7.226370811
0.169389485,7.225761414
0.169447868,7.225446701
0.169489099,7.224122047
0.169546171,7.22875452
0.16959111300000002,7.224819183
0.16962923000000002,7.224802494
0.169689177,7.229222298
0.169724597,7.231519222
0.16978827000000002,7.230485916
0.169835194,7.231629848
0.169884025,7.229402542
0.169942706,7.232523441
0.17000590100000001,7.233157635
0.170035242,7.230382919
0.170091076,7.231467724
0.1701463,7.23491478
0.170190273,7.231359005
0.170244231,7.232346058
0.17029106500000002,7.233826637
0.170331909,7.237288952
0.170390828,7.234936237
0.170430272,7.233449459
0.170493944,7.237681866
0.17055036,7.236755848
0.170615702,7.235221863
0.17064690500000002,7.23491478
0.170698671,7.235180378
0.170733391,7.235758781
0.17079591600000002,7.236019611
0.170849218,7.234819889
0.17088735,7.23636055
0.17093196400000002,7.236200809
0.17097626500000002,7.234910011
0.17103126500000002,7.237727642
0.17108657800000002,7.23926115
0.17115634600000001,7.237610817
0.17120596600000001,7.237481117
0.171241997,7.236792088
0.171293093,7.236935139
0.171348272,7.238201618
0.171388014,7.240323544
0.171446859,7.234834671
0.171492814,7.237325191
0.171525552,7.238431931
0.17157745200000002,7.239799023
0.171645715,7.24006319
0.171682148,7.243474483
0.17175759200000001,7.243365765
0.171799733,7.244590282
0.171838819,7.242361546
0.17190343,7.239649296
0.171935229,7.244476318
0.171979366,7.24302578
0.172042994,7.24422121
0.17209474600000002,7.242952347
0.17215248800000002,7.247272491
0.172186016,7.244859219
0.17225110400000002,7.245769978
0.172298937,7.245810986
0.172344519,7.243879795
0.172398506,7.242716789
0.172436042,7.244011879
0.172480016,7.244496822
0.172542839,7.24362421
0.172586559,7.246637344
0.17263621,7.245598316
0.172696798,7.24563694
0.172749354,7.248411179
0.172784715,7.249751568
0.172855018,7.247720718
0.17289811200000002,7.245377064
0.172946601,7.246069431
0.17297874300000002,7.244022846
0.173045828,7.247359753
0.173094167,7.248534679
0.173146887,7.249187469
0.173193811,7.248071671
0.173243179,7.248735428
0.173292427,7.248406887
0.173350273,7.249937057
0.173398046,7.249039173
0.173449977,7.247031689
0.173495426,7.249996662
0.173531442,7.249719143
0.17358553300000001,7.250744343
0.173632159,7.251660824
0.173700629,7.253110409
0.17374361900000002,7.25370121
0.173798336,7.25404501
0.173846378,7.251759052
0.17390105,7.250682831
0.173948927,7.254791737
0.173988058,7.254174709
0.174030496,7.252284527
0.174083649,7.25377655
0.174129604,7.255451202
0.174181296,7.25609827
0.17424398500000002,7.258936882
0.17428727300000002,7.257703781
0.174347593,7.25608778
0.174404173,7.25732851
0.174441694,7.256404877
0.17449045100000002,7.258058071
0.17454139800000001,7.257200241
0.17459770900000002,7.257308483
0.174644231,7.258437634
0.174691631,7.257469177
0.174743904,7.259533405
0.17479170700000002,7.258239746
0.174845456,7.260029316
0.174896939,7.260662079
0.174949511,7.25761795
0.174980356,7.25910759
0.17504618900000002,7.258981228
0.175101815,7.259468555
0.17514447700000002,7.260825634
0.17520265200000001,7.260922909
0.175227984,7.260794163
0.175297676,7.260563374
0.175346358,7.261781693
0.175383581,7.262273312
0.17545314,7.26197052
0.175494446,7.262908459
0.17555446800000002,7.259025574
0.17558588,7.260609627
0.175645663,7.259922504
0.175688161,7.260117531
0.175744741,7.264144897
0.175800069,7.262685299
0.175834416,7.25993681
0.175889282,7.264632702
0.175939797,7.261637211
0.175989075,7.260960579
0.176041825,7.261921883
0.176086723,7.266625881
0.17613668600000001,7.26526022
0.176180093,7.265753269
0.17625364500000001,7.265460491
0.17630197,7.267678738
0.176340042,7.267487049
0.1763902,7.267302513
0.176436483,7.265984535
0.17648085800000002,7.268549442
0.17652673900000002,7.26782465
0.176589398,7.267870426
0.17663800600000001,7.27052021
0.176704823,7.26904583
0.17674003400000002,7.270885468
0.176802932,7.271859169
0.176845564,7.269992828
0.176894947,7.269657135
0.17694394200000002,7.266875744
0.176990925,7.271186352
0.177043839,7.270265102
0.17710024000000002,7.269253731
0.17714823700000001,7.270427704
0.177181377,7.26790905
0.17724721000000002,7.271647453
0.17727789200000002,7.271288395
0.17733699,7.271142006
0.177389084,7.273361683
0.177437319,7.274569035
0.177493184,7.272425652
0.177527501,7.273055553
0.177589654,7.274909496
0.17764294,7.275436878
0.177694543,7.276249886
0.177754848,7.275318623
0.177790492,7.276129246
0.177838563,7.274950027
0.177895411,7.274539471
0.177941992,7.274487972
0.177974983,7.275592804
0.178044631,7.278045654
0.178100972,7.275965691
0.178140281,7.277544975
0.17819495400000002,7.279557705
0.17824278600000001,7.279063702
0.17828559700000002,7.281032085
0.178339823,7.277934551
0.178386344,7.27637434
0.178452356,7.27892065
0.178497283,7.278730869
0.178534149,7.27861166
0.17859154800000002,7.279840946
0.17863826300000002,7.279737473
0.178695469,7.277863979
0.17873307900000002,7.281766415
0.178797736,7.280507088
0.178858309,7.281426907
0.17888705300000002,7.281029701
0.178943573,7.279640198
0.17898139200000002,7.282547474
0.179047643,7.281535625
0.179076596,7.282344341
0.17915663,7.28141737
0.179197623,7.282603741
0.179254039,7.281344414
0.179281353,7.27994585
0.179320707,7.282683372
0.17937903,7.285426617
0.179447158,7.283753872
0.17950232200000002,7.28576231
0.179550185,7.285682201
0.179598792,7.283818245
0.17964549200000002,7.281335354
0.179706423,7.283539295
0.179742082,7.284245014
0.179790019,7.28474474
0.17984154700000002,7.28441143
0.17988790400000002,7.285467625
0.179936229,7.284687519
0.1799926,7.286227703
0.180026277,7.286430836
0.18009060500000001,7.289830685
0.180139987,7.290210247
0.180211111,7.289083958
0.18024979400000002,7.289916039
0.18029355900000002,7.285945415
0.180338784,7.287662983
0.180396258,7.290102959
0.18044711500000002,7.288764954
0.180494114,7.289553642
0.1805339,7.288645267
0.18059360900000002,7.29054451
0.180647253,7.289018154
0.180697052,7.291094303
0.18073898400000002,7.29071188
0.180790483,7.292660713
0.180838628,7.28861618
0.180889739,7.290616512
0.180944754,7.291303158
0.180986805,7.291339874
0.181030928,7.293195724
0.18108563,7.28847599
0.181135042,7.292996883
0.181185766,7.295878887
0.181250243,7.295379639
0.181303336,7.293086529
0.18135252500000001,7.293885708
0.181391447,7.295505047
0.18142422900000002,7.29349947
0.18149615700000002,7.295374393
0.181545644,7.297438145
0.181584029,7.295539856
0.181627123,7.294237614
0.181680097,7.297658443
0.18173696,7.299392223
0.18179689200000002,7.301907539
0.181860282,7.298724651
0.18190641600000002,7.297363281
0.181933134,7.296108246
0.181986375,7.299008369
0.182043685,7.297988892
0.18209561600000002,7.299506187
0.182136922,7.299742699
0.182178585,7.298655987
0.182235553,7.302447796
0.18228188,7.302213192
0.18234191700000002,7.300173283
0.18238991400000001,7.303658962
0.182449533,7.301939011
0.182485862,7.30067873
0.182551204,7.301817894
0.182599543,7.303215504
0.18264165400000001,7.30173254
0.18268378000000002,7.299883842
0.182741641,7.299810886
0.182802616,7.300430298
0.182832836,7.30214262
0.182887806,7.303449631
0.182948007,7.300707817
0.182991146,7.304800034
0.18303795,7.301757813
0.183088883,7.302943707
0.183142109,7.303734779
0.183178692,7.305314541
0.183240502,7.306643486
0.183285801,7.307766438
0.183353274,7.307312965
0.183408706,7.30620575
0.183442234,7.307474613
0.183496832,7.305674076
0.183544009,7.305016518
0.183593525,7.308455944
0.183628796,7.306120872
0.18367613700000002,7.307888031
0.183733969,7.31082058
0.183798699,7.309055805
0.183837472,7.309127808
0.18388234,7.309592247
0.183945535,7.309289455
0.183989181,7.310431957
0.18404661,7.308321953
0.184092759,7.309996605
0.184141679,7.309362888
0.184199034,7.310695171
0.184243991,7.310608387
0.18429493800000002,7.310181618
0.18432806300000001,7.308360577
0.18438009800000002,7.312896729
0.18445137,7.310550213
0.18447840100000001,7.311671734
0.184543221,7.313799381
0.184586241,7.310688019
0.184642209,7.313384056
0.184693127,7.311876774
0.184741093,7.311459541
0.184795751,7.311623096
0.184835299,7.313416958
0.184876485,7.314203262
0.184938877,7.316884041
0.184973566,7.315513134
0.185035883,7.317781925
0.18507848600000001,7.318280697
0.185150279,7.318276405
0.185194446,7.317751408
0.18524531900000002,7.318499088
0.185287117,7.318771839
0.185348688,7.317428112
0.185382708,7.318532944
0.185445561,7.317430973
0.185492306,7.317127228
0.18553306,7.316575527
0.18559925100000002,7.318579197
0.185638605,7.315929413
0.18569976000000002,7.317191124
0.185734554,7.31712389
0.185794561,7.318128586
0.18584299,7.319349766
0.18589070300000002,7.315580845
0.185932248,7.317158222
0.185998617,7.317243576
0.186044006,7.320866108
0.18608455200000001,7.316407681
0.186134546,7.317952156
0.186193569,7.320659637
0.18623520300000002,7.319783211
0.186292543,7.319346905
0.186346604,7.322141647
0.18637882,7.323411942
0.18643890200000002,7.322358131
0.186491712,7.321302414
0.186539529,7.323801517
0.186602293,7.323011875
0.18663707300000001,7.323404312
0.186683177,7.323785782
0.186743035,7.325733662
0.186792611,7.323002338
0.186842574,7.32336235
0.186888515,7.326007366
0.186957909,7.323251724
0.18698525300000002,7.322666645
0.18704228,7.326180458
0.187082111,7.325050831
0.187134503,7.326777458
0.18718990600000002,7.329520702
0.18723799200000002,7.328228951
0.18729510800000002,7.327679157
0.18735434,7.328148842
0.187399997,7.326146603
0.18743368900000001,7.325995922
0.187503366,7.325327873
0.18755075200000002,7.328909874
0.187590017,7.325946331
0.187638371,7.326527596
0.187676339,7.326117992
0.187727435,7.325384617
0.187785892,7.327271938
0.187839626,7.328809261
0.187899484,7.33100462
0.18794417300000002,7.328708649
0.187983631,7.329489231
0.188044487,7.328907013
0.18807753800000002,7.330316544
0.18814134500000002,7.329616547
0.188189401,7.332389355
0.188248529,7.3326478
0.18829120600000002,7.335837841
0.188345297,7.33205843
0.188380926,7.332438946
0.188436254,7.33370018
0.188515826,7.334294796
0.188558741,7.333306789
0.18857605600000002,7.330515385
0.188631414,7.333556652
0.188683494,7.334542274
0.18874743500000002,7.333835602
0.188802405,7.333181381
0.188840641,7.333873749
0.188896133,7.332166195
0.188945367,7.333326817
0.188985227,7.333140373
0.189046605,7.332875729
0.189093797,7.334652424
0.189144998,7.331019402
0.189179822,7.333176136
0.189227624,7.334730148
0.18928962800000002,7.335659504
0.189331307,7.335280895
0.18937732200000001,7.336808205
0.189430161,7.337700367
0.18948461,7.339085102
0.18953466300000002,7.340169907
0.189603015,7.341039181
0.189644648,7.340590477
0.18969750300000002,7.339031696
0.189745052,7.338963509
0.189804851,7.337977886
0.189851357,7.338659763
0.189884363,7.339568138
0.18993484800000002,7.340617657
0.189991816,7.339635372
0.19003263,7.33809042
0.19009177300000002,7.341644287
0.190146341,7.341389656
0.19020193700000002,7.341416359
0.190234287,7.340487003
0.190298705,7.338942051
0.190340801,7.33855629
0.190391971,7.338670254
0.190439819,7.339912891
0.190488993,7.338936806
0.19053034400000002,7.340466022
0.190576343,7.340977669
0.190649061,7.343476772
0.190683498,7.345739841
0.190721138,7.341751575
0.19078187500000002,7.34541893
0.190843387,7.343289852
0.190894215,7.343736172
0.190937026,7.343883038
0.191000386,7.34427166
0.191028743,7.344099522
0.191086798,7.342618942
0.19113385600000002,7.344968319
0.19118949600000001,7.345769405
0.19125218600000002,7.347363472
0.191295235,7.34512043
0.191344647,7.34363842
0.191398008,7.34668541
0.191429986,7.346284866
0.191494255,7.347474575
0.19153784100000001,7.348394871
0.191581859,7.346543312
0.191635324,7.349680424
0.19169972700000001,7.349225521
0.191739454,7.349182606
0.191799744,7.348468781
0.191853045,7.348114014
0.191896735,7.347332001
0.191928117,7.346011639
0.191986962,7.345844269
0.192037924,7.349101067
0.192080735,7.349617481
0.192140757,7.348464012
0.192172154,7.349443436
0.192243098,7.353987217
0.192286445,7.352079391
0.192351146,7.352863789
0.19238281100000001,7.351836205
0.192440956,7.352861404
0.192479699,7.352441788
0.192552014,7.354775429
0.192586868,7.352666378
0.19262927600000002,7.356123447
0.192697583,7.355063438
0.19273427,7.353533745
0.192785485,7.355153084
0.19284167800000002,7.357038021
0.192892952,7.354048729
0.19295225900000001,7.354791641
0.192990034,7.355660915
0.19304147200000002,7.356778145
0.193092032,7.356370449
0.19313961100000002,7.355751038
0.19319619100000002,7.355175018
0.19323351900000002,7.356420517
0.193291976,7.357711792
0.19333589,7.354661942
0.193381785,7.356069088
0.193442105,7.357327461
0.193491413,7.357351303
0.19354917000000002,7.358370781
0.19358366600000002,7.356198311
0.1936388,7.358174801
0.193692862,7.359300137
0.19373828,7.359819889
0.193775772,7.357385635
0.19383633,7.359575272
0.19389972,7.35720396
0.193940802,7.359801292
0.193988724,7.358072758
0.194046243,7.359826565
0.194096236,7.357260704
0.19413465100000002,7.356910706
0.194199069,7.359022617
0.194248988,7.359286785
0.19429190300000002,7.357943058
0.194331123,7.359929562
0.194378658,7.36054945
0.194443418,7.362034321
0.194483234,7.359952927
0.194528787,7.362232685
0.194568439,7.36130619
0.19463998000000002,7.365645409
0.194702758,7.365137577
0.19475440600000002,7.363642693
0.194789379,7.362504959
0.194849028,7.361519814
0.194887443,7.361848354
0.19493016500000002,7.362882614
0.194992735,7.365828514
0.195043563,7.365068913
0.19511175,7.362826824
0.195146187,7.363090038
0.195189266,7.361843109
0.195230587,7.363978386
0.195273994,7.366150379
0.195328011,7.365366459
0.195398866,7.364465714
0.195429562,7.367064476
0.195492788,7.366527557
0.195528104,7.367320061
0.19558888500000002,7.369124413
0.195647402,7.368473053
0.19568306100000002,7.365323544
0.195737495,7.365051746
0.19579669700000002,7.368011475
0.195844962,7.36809063
0.195900871,7.365470886
0.195936992,7.368420124
0.195983498,7.367637634
0.196036874,7.367435455
0.196084796,7.368524551
0.196148081,7.369047165
0.196192412,7.370140553
0.196237369,7.368415833
0.19630603400000002,7.3691082
0.196328266,7.372916698
0.196377947,7.373843193
0.19644232,7.371235847
0.196497812,7.372260571
0.196541815,7.373291016
0.196577533,7.372024536
0.19666013000000002,7.374445438
0.196695923,7.373305321
0.19675131,7.372885704
0.19679590900000002,7.370631218
0.196842565,7.372050762
0.196893288,7.369139671
0.196937202,7.373078823
0.196992962,7.371045113
0.197039573,7.370718002
0.197085126,7.372797012
0.197138338,7.372889996
0.197182997,7.374445915
0.197232126,7.373318672
0.197289764,7.37480545
0.197340144,7.372843266
0.197394489,7.376575947
0.19744145700000001,7.376231194
0.197498901,7.375101089
0.197541772,7.375808239
0.19758388300000002,7.375841618
0.197646199,7.37768364
0.197686805,7.379116535
0.19773875100000002,7.379150391
0.197785272,7.377739429
0.197842328,7.382053375
0.197893067,7.378306866
0.19793713000000002,7.37607336
0.197995378,7.378524303
0.198040156,7.378092766
0.198083921,7.379392624
0.19813339300000002,7.378467083
0.19819044900000002,7.381516457
0.19824291600000002,7.381337166
0.198287978,7.381275654
0.198353245,7.380675793
0.198398812,7.37925148
0.198433875,7.380884647
0.19849328600000002,7.380736828
0.198549746,7.383235455
0.198604016,7.380447388
0.19863817,7.383221626
0.198693274,7.380156517
0.198747947,7.380637169
0.198793946,7.382371426
0.198840975,7.381115913
0.198888837,7.382507801
0.19894049900000002,7.3820467
0.198985352,7.380418301
0.199029012,7.382935047
0.199078842,7.382955074
0.199131577,7.383538723
0.199189796,7.386016369
0.199228762,7.385781288
0.199283658,7.388801575
0.19934321800000002,7.388985157
0.199388309,7.387579441
0.199442221,7.38796854
0.199502661,7.389298439
0.19957017800000001,7.386978626
0.199609591,7.386367798
0.199647306,7.385520935
0.199690624,7.385599136
0.19973775600000002,7.385318756
0.19977867500000002,7.386448383
0.199835538,7.383874416
0.199893145,7.385799408
0.199954225,7.386421204
0.199965208,7.38561964
0.200052737,7.388695717
0.20008917,7.389727116
0.200131728,7.38944006
0.200183897,7.389080524
0.20024304,7.388639927
0.200284867,7.391613007
0.20034702000000001,7.390042782
0.20039768400000002,7.389060974
0.200442,7.390249252
0.200476451,7.389174938
0.20053478900000002,7.390643597
0.200580015,7.389331818
0.20062717700000002,7.390890598
0.20068676600000002,7.39260149
0.200751393,7.391699314
0.20078663400000002,7.392771244
0.200846134,7.393548489
0.200891821,7.391376972
0.200942396,7.390428066
0.200995489,7.389754772
0.201036452,7.391207218
0.201074882,7.392108917
0.201144977,7.393877983
0.201183854,7.392336369
0.20122948200000002,7.393650532
0.201292007,7.390433788
0.201342626,7.39703083
0.201389639,7.395021439
0.201447381,7.393690109
0.201490848,7.397078991
0.201543747,7.395830631
0.201593353,7.39338541
0.20165280900000002,7.394079208
0.201693534,7.393323421
0.201737611,7.394106388
0.201777695,7.394828796
0.201827599,7.39602232
0.201889663,7.396985531
0.20194341100000002,7.397350311
0.20198877,7.396821976
0.20204491800000002,7.396574974
0.202092199,7.399749756
0.202180518,7.400029182
0.202208294,7.400052071
0.20224034700000001,7.398981094
0.202284096,7.399324894
0.20234759,7.401688576
0.202377154,7.401891232
0.20243354,7.401513577
0.202485933,7.40102911
0.202546983,7.403488636
0.202592997,7.401334286
0.202636345,7.403186798
0.202681525,7.402625561
0.202728449,7.40242815
0.202781929,7.404634953
0.202836706,7.405896664
0.202890276,7.404899597
0.202947079,7.405735493
0.202984451,7.406646729
0.203017949,7.406985283
0.203095196,7.409499645
0.203151821,7.408659935
0.203190787,7.410403728
0.203236147,7.409665108
0.20329528900000002,7.411275387
0.203344314,7.410563946
0.203382282,7.410093784
0.203453316,7.407503605
0.203496261,7.410170078
0.203536256,7.410970688
0.20357397100000002,7.408583164
0.20363335200000002,7.410291195
0.20367515,7.413919926
0.20374065500000002,7.412948132
0.203796832,7.412694931
0.203845991,7.411375046
0.203902526,7.414136887
0.203958927,7.41247654
0.203997506,7.410223484
0.204042731,7.405522346
0.204093679,7.410616398
0.204130231,7.409832954
0.20420443900000002,7.409880161
0.204235955,7.410912991
0.204291328,7.411781311
0.204329206,7.409524441
0.204381122,7.412993908
0.204433902,7.411708832
0.20446824900000002,7.412085533
0.204538776,7.414533138
0.204588457,7.414233685
0.204655691,7.414961815
0.204709096,7.415198803
0.204747318,7.415948868
0.20478047300000002,7.414013386
0.204820617,7.416023254
0.20487718200000002,7.419370174
0.204936205,7.418487549
0.20499513900000002,7.419007301
0.20504835100000002,7.418169498
0.205099209,7.419598103
0.20515413500000002,7.416204453
0.205195485,7.415447235
0.20524679,7.417223454
0.205280675,7.416960716
0.205330579,7.418741226
0.20538429800000002,7.416202545
0.205437793,7.416958332
0.205487101,7.420013428
0.20553137200000002,7.418706417
0.20559486600000001,7.419976234
0.20565088,7.420407772
0.205680101,7.422621727
0.20574814,7.41858387
0.20577810600000002,7.416823387
0.205852835,7.421273708
0.205875097,7.421800613
0.205941274,7.421218872
0.20598760100000002,7.421942234
0.206036149,7.421711445
0.206081285,7.421776295
0.20614068100000002,7.423666477
0.206184654,7.421056271
0.20624810300000002,7.425433159
0.206294327,7.424396992
0.206348433,7.422553062
0.206393226,7.424216747
0.206442012,7.423628807
0.206480338,7.42199564
0.206546216,7.423278809
0.206578999,7.42343235
0.206651686,7.42374897
0.206707298,7.423784733
0.206758364,7.42264843
0.20680642000000002,7.423325062
0.206833451,7.423382759
0.20689606500000002,7.423233509
0.206941663,7.423158169
0.207000195,7.4228158
0.207036762,7.423616409
0.207085042,7.423428535
0.20713461800000002,7.427740574
0.207186906,7.425050735
0.207239865,7.426613808
0.20729318100000002,7.425608158
0.20733252000000002,7.426892757
0.20738199200000001,7.425206184
0.207444279,7.426243305
0.207485168,7.427675724
0.20753247900000002,7.427286625
0.207592948,7.427777767
0.207641347,7.429429054
0.207691445,7.429777145
0.207741557,7.42869091
0.207781448,7.429876328
0.20783996500000002,7.430025101
0.20789126900000002,7.431684017
0.20794688,7.430673122
0.207985847,7.432661057
0.208030565,7.430970669
0.208088784,7.431537628
0.208139612,7.433278084
0.208208917,7.433456421
0.208248867,7.432519436
0.208277939,7.430222511
0.20833671,7.431238651
0.208404704,7.43296957
0.208449407,7.429415226
0.208484097,7.432622433
0.208525448,7.42935133
0.20858895700000002,7.434491634
0.208639352,7.432552814
0.208685948,7.432564259
0.208733855,7.431372166
0.208776711,7.43459034
0.208830489,7.43073082
0.208885549,7.433866024
0.20894658400000002,7.434819221
0.208979948,7.431290627
0.209031342,7.435328007
0.20909877000000002,7.437838554
0.20914411400000002,7.436291218
0.209195151,7.435937881
0.209252967,7.435655117
0.209301605,7.43274498
0.209346323,7.433205128
0.209399162,7.43404007
0.20944777,7.435459137
0.209497436,7.433907986
0.20952244,7.433380604
0.209575473,7.432488918
0.209635569,7.435441971
0.209687962,7.437744141
0.209750174,7.436603546
0.209792151,7.437610149
0.20983970000000002,7.436694145
0.20988847200000002,7.437859535
0.209926991,7.43894577
0.209982305,7.438329697
0.210043042,7.43885088
0.210098072,7.439137459
0.21014575500000002,7.439185619
0.210199832,7.440329552
0.210249274,7.438766003
0.210290177,7.436697006
0.210349231,7.435850143
0.210384964,7.434883118
0.210447414,7.436027527
0.210474564,7.434659481
0.210520385,7.437559605
0.210577546,7.438925743
0.21062692900000002,7.441850662
0.210680513,7.441833496
0.21074378400000002,7.443548679
0.21078272,7.442818642
0.210841416,7.442780495
0.210895671,7.443106174
0.210930182,7.441405773
0.211001455,7.444241524
0.21103823100000002,7.441257
0.211080326,7.4425807
0.211147993,7.441698551
0.21119257700000002,7.443820953
0.211254208,7.44438982
0.211293219,7.443511963
0.21134951600000002,7.444609165
0.21139413,7.444654465
0.211447416,7.440030575
0.211483567,7.4437356
0.211540281,7.444201469
0.21160146500000002,7.443448067
0.211631446,7.442848682
0.211678533,7.445134163
0.21173930000000002,7.445438385
0.21178090400000002,7.446437836
0.211831926,7.447063923
0.211902692,7.449083805
0.211943595,7.447506428
0.211981519,7.44875288
0.212047337,7.446126938
0.212091877,7.448278904
0.212144433,7.446163654
0.212200208,7.443758011
0.21223016,7.44782114
0.212277366,7.446062088
0.212329595,7.450654984
0.212393581,7.448765755
0.21244421500000002,7.448000908
0.212499438,7.449631214
0.212530522,7.448058605
0.212600155,7.448959351
0.212638332,7.448568344
0.21269917400000002,7.450464249
0.212739958,7.450775623
0.212784513,7.450811863
0.21283727800000002,7.449538708
0.212899207,7.44874239
0.212930961,7.448924065
0.21298766,7.450559616
0.213038637,7.452888012
0.21309094,7.450857639
0.21314302000000002,7.449708939
0.21318975,7.451742172
0.213248892,7.453652382
0.213289006,7.452467442
0.21334353,7.452087402
0.21338848600000002,7.452390194
0.213450207,7.450911522
0.213498979,7.454238415
0.21353194,7.452116013
0.213593884,7.452353477
0.21364533800000002,7.453968048
0.213700412,7.45320034
0.213734,7.454012394
0.2137928,7.452501297
0.213837414,7.455587387
0.213888301,7.451397896
0.213936924,7.452628136
0.213979839,7.455230236
0.214029207,7.455448627
0.21408569700000002,7.454450607
0.214153646,7.456071377
0.214176221,7.45594883
0.214266165,7.45550251
0.21429034900000002,7.453812122
0.214341431,7.459111214
0.214390366,7.457253933
0.214436396,7.455789566
0.214478939,7.455015659
0.214533909,7.456447601
0.21459181500000002,7.456167221
0.214654698,7.4568367
0.214696659,7.457567692
0.214741005,7.457566738
0.214798852,7.458903313
0.214851497,7.457755089
0.214879765,7.45836401
0.214940547,7.45849371
0.21499656,7.461017132
0.215050085,7.459469795
0.21510310300000002,7.45843792
0.215139686,7.458744526
0.215194358,7.456805229
0.21524479900000001,7.456996918
0.2152936,7.459124565
0.215336456,7.459608555
0.215391009,7.458069801
0.21543030300000002,7.45815897
0.215477272,7.459612846
0.215532689,7.461000443
0.21559129500000002,7.46048069
0.21563865100000001,7.461602211
0.21568077700000002,7.460613251
0.2157346,7.461096764
0.21578471200000002,7.463120937
0.21583844600000002,7.464085102
0.215889199,7.464540958
0.21593347100000002,7.465488434
0.215998499,7.464416027
0.216061725,7.464811802
0.216089888,7.464271545
0.21614918,7.465146065
0.216186343,7.461956978
0.216240911,7.463260174
0.2162984,7.46352005
0.216354309,7.464738846
0.21638770300000001,7.460085869
0.216426148,7.463477612
0.216492711,7.46477747
0.21654315200000002,7.466761112
0.216593383,7.463680267
0.216634079,7.465805531
0.21669115,7.466287136
0.216739966,7.468628407
0.216786815,7.466918945
0.21684351400000001,7.466993809
0.21688885900000002,7.465126038
0.21693183400000002,7.461368084
0.216960176,7.460420609
0.217030896,7.464598179
0.217106386,7.463793755
0.217144324,7.466534138
0.217194243,7.464740276
0.217250733,7.465286255
0.217299341,7.462892532
0.217339753,7.464422703
0.217393963,7.462243557
0.217452897,7.463365555
0.21750655600000002,7.462501049
0.217533989,7.458859444
0.217587514,7.460684776
0.217634364,7.459834576
0.217691107,7.464095116
0.21773883600000002,7.461199284
0.21778914200000002,7.463973045
0.217856764,7.466295719
0.21789729500000002,7.462050915
0.217950179,7.459068775
0.217995553,7.460700035
0.218029051,7.462532997
0.218097969,7.46653986
0.218139319,7.464090347
0.21818903,7.463225365
0.21825005,7.463094234
0.218292354,7.465466022
0.218343376,7.462759972
0.218380808,7.465005398
0.218438356,7.466541767
0.21848562200000002,7.467029095
0.2185349,7.465704441
0.218597053,7.465806484
0.21862900100000002,7.468981743
0.218695058,7.467346668
0.218739911,7.469201088
0.218790843,7.466591358
0.218841224,7.468389034
0.218892424,7.466702461
0.218939944,7.467640877
0.21898540700000002,7.46841526
0.219045831,7.468038082
0.21909575,7.468473911
0.219149469,7.468813896
0.21917456300000002,7.466770172
0.21923066600000002,7.465914726
0.219293429,7.470453262
0.219342111,7.468039989
0.219382657,7.470770836
0.219435184,7.473506451
0.219486295,7.470775604
0.219563483,7.472679615
0.219601883,7.471844673
0.219655766,7.468768597
0.219701974,7.471380234
0.21974833200000002,7.467791557
0.219796671,7.467696667
0.21982245,7.466835976
0.219889774,7.472380161
0.219934298,7.471529484
0.219989671,7.474607944
0.220047517,7.474125862
0.220086216,7.473660946
0.220150753,7.473809242
0.220194666,7.472296238
0.220236032,7.471778393
0.220289855,7.473065853
0.22034868500000002,7.475059986
0.22039803700000002,7.473962307
0.220452099,7.472270012
0.22048066400000002,7.473095894
0.220542296,7.469607353
0.220576628,7.4718256
0.220632522,7.472870827
0.220679297,7.473421097
0.22073863300000002,7.472109795
0.220784112,7.475130081
0.220850466,7.475010395
0.220885603,7.474723816
0.220941185,7.475783348
0.22097653,7.477133751
0.22104932200000002,7.477100849
0.221090867,7.477533817
0.221144332,7.477386951
0.221199168,7.477015018
0.221246584,7.476257801
0.221291124,7.475942612
0.22132700600000002,7.479039192
0.221394895,7.478641987
0.22144059700000002,7.479146004
0.221490933,7.47789526
0.221554159,7.478926182
0.221601351,7.479079723
0.221632345,7.476362228
0.2216949,7.48000145
0.221735715,7.480128288
0.221777632,7.47939682
0.221841468,7.478845596
0.221892624,7.478820801
0.22193384,7.479651451
0.221990286,7.478379726
0.222030966,7.482012272
0.222098647,7.48101759
0.22214187600000002,7.48010397
0.222192435,7.480694771
0.222245245,7.482131958
0.222290544,7.482528687
0.222343548,7.480024815
0.222393213,7.48155117
0.22244276000000002,7.482093334
0.222490369,7.483151436
0.222533374,7.481293678
0.222590266,7.481380463
0.22262921800000002,7.482619762
0.222692533,7.482779503
0.222727864,7.484580994
0.222800149,7.484554768
0.222845538,7.484647274
0.22287847,7.484050274
0.22295257300000001,7.485409737
0.22299379,7.483848572
0.22302927,7.484279633
0.22309341900000002,7.486617088
0.22314065600000002,7.485785484
0.223193033,7.488287449
0.223249106,7.48680687
0.223285868,7.486848831
0.223352774,7.487401485
0.22340010000000002,7.484606266
0.223462208,7.483148575
0.223493202,7.483039379
0.22353506,7.481335163
0.22358001600000002,7.482197285
0.22365194400000002,7.487273216
0.22369228200000002,7.487796307
0.22374512100000002,7.486556053
0.22379052500000002,7.485659599
0.223845972,7.486979961
0.223885893,7.486634254
0.223929613,7.486541271
0.223986699,7.487743378
0.224059685,7.486011982
0.224090217,7.488377094
0.224140226,7.48862648
0.22419305,7.487524033
0.224242611,7.487293243
0.224285437,7.490727425
0.224329306,7.489522934
0.224367319,7.488226891
0.224447368,7.488857269
0.224477007,7.490523815
0.224530949,7.489263058
0.224599047,7.489566326
0.224646001,7.49160862
0.22469302900000002,7.491699219
0.22474332,7.490847588
0.224802612,7.490526676
0.224848835,7.491847038
0.224888756,7.490613937
0.224939777,7.490653038
0.22500008200000002,7.491609097
0.22504079200000002,7.493247986
0.225096195,7.490913868
0.225145592,7.489917755
0.225191905,7.491197586
0.22523266,7.492753029
0.225293665,7.493643761
0.22533540300000002,7.494061947
0.22537887,7.493065834
0.225457503,7.494746685
0.225495203,7.492491722
0.225554376,7.492124557
0.22559752900000002,7.493086815
0.225638567,7.491858006
0.22568759200000002,7.490618229
0.225740476,7.49488306
0.2257836,7.493229389
0.22583435400000001,7.494063854
0.225881411,7.493089199
0.22594930100000002,7.494303703
0.225980921,7.492785454
0.226045145,7.493673801
0.226097866,7.495256424
0.22613966300000002,7.492507458
0.226174398,7.495992184
0.226238458,7.497433186
0.22628261,7.495631218
0.22634737100000002,7.500031471
0.22639572500000002,7.49963522
0.226451694,7.498832226
0.226486294,7.496771812
0.22653567700000002,7.496610165
0.22660423700000001,7.49851656
0.226633518,7.496049881
0.22668287,7.497870922
0.226733713,7.497673035
0.226796298,7.501670361
0.226850717,7.501623154
0.226901917,7.50094223
0.22695735,7.499355316
0.226978912,7.499731541
0.22704312100000001,7.498243809
0.227083592,7.499296665
0.227146177,7.50089407
0.227180241,7.502269268
0.227245508,7.502040863
0.22728146500000002,7.501295567
0.22734647900000002,7.504703522
0.22739161400000002,7.503859997
0.227437048,7.502222061
0.227483912,7.501000881
0.22753773500000002,7.500658989
0.227570547,7.503168106
0.227623551,7.50246191
0.227685733,7.503389359
0.227742149,7.504255295
0.227790816,7.505898476
0.227844416,7.504508018
0.22792157400000002,7.509263992
0.227962657,7.508987904
0.22801417000000002,7.50636673
0.228053256,7.507025242
0.228088288,7.503855228
0.228144063,7.504767418
0.228194846,7.506447792
0.228237479,7.506197453
0.228285237,7.507884026
0.228332742,7.507539272
0.228388502,7.508993626
0.228430985,7.504018784
0.22846059400000002,7.503180027
0.228524535,7.505393505
0.228577955,7.508608341
0.228640555,7.509714127
0.22868734500000001,7.510352612
0.22873933500000002,7.509134293
0.22879885,7.507883549
0.228846504,7.510859966
0.228900863,7.509198189
0.228946819,7.509501457
0.228995203,7.510653496
0.229048847,7.506966114
0.229089751,7.507696629
0.229145764,7.507511616
0.229197531,7.50911665
0.22923915,7.508233547
0.22930248,7.507788181
0.229346229,7.507073402
0.229390441,7.507073879
0.229444115,7.50665617
0.22949729700000002,7.505775928
0.229528739,7.507864952
0.22959521300000002,7.508940697
0.229631855,7.506801605
0.229678138,7.508995056
0.22974845600000002,7.511350155
0.229785978,7.509979725
0.229831545,7.509664536
0.229900344,7.509448528
0.229947894,7.508665562
0.229987292,7.509581566
0.230035855,7.508075237
0.23009200300000002,7.511873722
0.23014525900000002,7.507470608
0.230193733,7.51017189
0.230248912,7.512586117
0.23029607400000002,7.512347221
0.230355351,7.513205051
0.230401336,7.512646198
0.230442105,7.510584831
0.230492307,7.512065411
0.230541094,7.509468555
0.23058225100000002,7.509450436
0.230633913,7.513005733
0.230686842,7.511591434
0.23073126300000002,7.515056133
0.23079164200000002,7.513941288
0.230836897,7.512238503
0.230900823,7.512717247
0.230935453,7.510816097
0.230982124,7.512248516
0.231030657,7.51373148
0.231080993,7.513757229
0.231146856,7.514678478
0.231192111,7.515319824
0.23122630900000002,7.517524719
0.23129925,7.518196583
0.231341659,7.516192436
0.231397762,7.516671658
0.231437578,7.517859459
0.231484814,7.515191555
0.231540574,7.515812874
0.23158962900000002,7.515639305
0.231636687,7.517603397
0.231690048,7.517459393
0.231744899,7.516535282
0.231800123,7.515834332
0.231847479,7.514923573
0.231896831,7.515331745
0.23195204,7.515659332
0.231988667,7.516112328
0.23203727500000002,7.513305664
0.23208768500000002,7.515674114
0.23214547200000002,7.514559269
0.23217894,7.518502235
0.232231511,7.517606735
0.23228806100000002,7.517357826
0.232343121,7.51953125
0.232399298,7.518821716
0.23243845900000001,7.518981457
0.232481344,7.518609524
0.232541187,7.519414425
0.232590659,7.520590782
0.232645704,7.519251823
0.232700958,7.51868391
0.23274055000000002,7.521356583
0.232795371,7.519529819
0.232831954,7.519350052
0.232893913,7.519076824
0.232942535,7.520431042
0.232994257,7.518573284
0.233036368,7.520328045
0.233097358,7.520356178
0.233148678,7.520817757
0.23318038800000002,7.518977165
0.233241646,7.521805763
0.233290418,7.522013664
0.23333857800000002,7.521393776
0.233394771,7.51994133
0.23344957700000002,7.520246506
0.233490123,7.523156643
0.233534201,7.522371769
0.233589365,7.522260666
0.233639492,7.524782658
0.233701094,7.522754669
0.233743756,7.521939754
0.233791991,7.52335453
0.233825578,7.522987366
0.233883916,7.525342464
0.233933701,7.525475025
0.23399715000000001,7.526334763
0.234049006,7.524334908
0.234092026,7.524434566
0.234156384,7.525015354
0.23418903200000002,7.522768497
0.234238638,7.524916172
0.234302579,7.523319721
0.234341918,7.522907734
0.23438835,7.524024487
0.234437017,7.524684429
0.23448859,7.524162769
0.234527318,7.525309563
0.234597011,7.526085377
0.234630211,7.525493145
0.23468671600000002,7.526949406
0.234746917,7.528258801
0.234795152,7.526826382
0.234835117,7.528253555
0.234889953,7.524985313
0.234945058,7.529224396
0.235005541,7.525582314
0.23505388100000002,7.528837204
0.235097318,7.527068615
0.23513930900000002,7.526662827
0.235181733,7.528469563
0.235234721,7.527353287
0.235279618,7.527609348
0.235334604,7.527430058
0.23539790400000002,7.529942513
0.235448717,7.531178474
0.235508679,7.529017448
0.235547109,7.529781818
0.23558647800000002,7.52743578
0.235636561,7.529316902
0.235685496,7.530574322
0.235749959,7.532758713
0.2357807,7.528987408
0.23583310700000001,7.531029224
0.235893278,7.530992508
0.235948681,7.529443264
0.23599804800000002,7.531499863
0.23604825000000002,7.531068802
0.2360837,7.530312538
0.236135824,7.530384064
0.236190333,7.530389309
0.23623485700000002,7.531351089
0.236299022,7.531626701
0.236335887,7.534927368
0.236381097,7.52971983
0.236430644,7.530990124
0.236501484,7.534404755
0.236547573,7.535068989
0.236587046,7.534525394
0.236643775,7.531634331
0.236675142,7.533270836
0.23674403,7.535229206
0.236782892,7.534636021
0.236838682,7.534536839
0.236890345,7.536234379
0.236948012,7.53298378
0.23698896,7.535713196
0.237042485,7.537379742
0.2370833,7.534203529
0.23714338100000001,7.537387848
0.23719821700000002,7.539531231
0.237237333,7.538268566
0.237299069,7.536309242
0.23734950900000001,7.537828922
0.237400292,7.535581112
0.23744310300000002,7.533219814
0.23748850700000002,7.534378052
0.23754714300000002,7.533646584
0.237591161,7.535771847
0.23764237600000002,7.534840107
0.23768366700000002,7.533895493
0.23772092,7.535222054
0.237784191,7.535549641
0.23783788,7.535906792
0.237893833,7.536465168
0.237930162,7.538874149
0.238000928,7.537716389
0.23803754000000002,7.539822578
0.238098933,7.536389351
0.23814305500000002,7.537070274
0.23818910000000001,7.53881216
0.238239913,7.539387703
0.23828506300000002,7.537780762
0.238341554,7.537678719
0.23839712000000002,7.538866043
0.23844578700000002,7.53810358
0.238485275,7.538678169
0.238524927,7.537413597
0.238580241,7.540636063
0.238653405,7.542249203
0.238694339,7.540326595
0.23874035400000002,7.542150974
0.23879608400000002,7.541352749
0.238858386,7.540719032
0.238890825,7.538968086
0.23892255,7.539321423
0.238980024,7.541796684
0.23903702100000002,7.544705391
0.239094137,7.542654991
0.239153175,7.54335928
0.239200531,7.541747093
0.23923017000000002,7.543954849
0.239294632,7.541455269
0.239341735,7.541108608
0.23938909,7.542751789
0.239450707,7.54245615
0.239490329,7.543975353
0.239539771,7.540995121
0.239587887,7.542522907
0.239632188,7.544174671
0.23968645800000002,7.544692993
0.239747299,7.543704987
0.239789514,7.544549465
0.239838048,7.544953346
0.239884092,7.544264317
0.23992855700000001,7.543586254
0.239982842,7.545118332
0.24003396800000001,7.546133995
0.240099906,7.546298027
0.24013626400000002,7.549323082
0.24019664400000001,7.547354698
0.24025586100000001,7.546945095
0.240291043,7.544386387
0.240336149,7.543169975
0.240398748,7.543419361
0.240450947,7.546281815
0.240491553,7.545406342
0.24054139700000002,7.546654701
0.240587516,7.545860767
0.240643262,7.547467709
0.240692868,7.546756744
0.24074357600000001,7.545685768
0.240789278,7.547585964
0.240838526,7.545686722
0.240897818,7.544939518
0.240935131,7.547811985
0.24100004,7.545715809
0.241044222,7.546010971
0.24108701800000001,7.54618597
0.241134389,7.548680782
0.2411817,7.546363831
0.24123305,7.549859047
0.241290047,7.54801321
0.24135388300000002,7.550159931
0.24138756,7.549088478
0.241430684,7.548905373
0.241478636,7.55159235
0.241563036,7.5505867
0.24160242,7.549965858
0.241640552,7.549943447
0.24168446500000001,7.549789429
0.241737797,7.551733017
0.241791426,7.549891949
0.241843014,7.552360535
0.241893216,7.553400993
0.24195022800000002,7.551136017
0.24199747900000002,7.550431252
0.242036729,7.552007198
0.242084472,7.551425934
0.242126166,7.552007198
0.24218715600000001,7.552792549
0.24224153,7.552977562
0.24228905,7.552147388
0.242337822,7.553726196
0.242388769,7.555519581
0.24244928200000002,7.550119877
0.242493196,7.552070141
0.242532729,7.551343441
0.24259056,7.552867889
0.242643519,7.553077221
0.24270214,7.551734447
0.242747276,7.552258968
0.242801918,7.551723003
0.24284239000000002,7.550098419
0.24288004500000002,7.552472115
0.24293161800000002,7.553958893
0.242999493,7.552865505
0.243025153,7.552859306
0.24307306,7.554353237
0.243137418,7.555475235
0.243191971,7.554862499
0.243244006,7.552919865
0.24330168800000002,7.557894707
0.243344172,7.554417133
0.24338263100000002,7.554992199
0.24342729000000002,7.552759647
0.243481545,7.554588795
0.243546082,7.555726051
0.243600084,7.55523634
0.243627651,7.55508709
0.243696092,7.556697369
0.243750094,7.558012962
0.24378666200000002,7.555270195
0.243831678,7.555578709
0.243881567,7.557660103
0.243948056,7.558637142
0.243983968,7.558793545
0.24404539,7.559073448
0.244082405,7.56170702
0.244134484,7.557894707
0.24419528100000001,7.560572147
0.244249298,7.558821678
0.24429351000000002,7.557496548
0.244345053,7.559809685
0.244386553,7.557929993
0.244426845,7.557814598
0.244486167,7.559112072
0.24453502800000002,7.558018684
0.244572653,7.561057568
0.244641377,7.559639454
0.244688763,7.56129694
0.244731365,7.563006401
0.24479277300000002,7.561878204
0.244839786,7.56174612
0.24490187900000002,7.558042049
0.244943185,7.562747478
0.244988589,7.558729649
0.245040713,7.560278416
0.245090364,7.560307026
0.24513173000000002,7.562856674
0.245176672,7.560186386
0.24525228000000002,7.560428143
0.245284109,7.559978962
0.245336159,7.560994625
0.24537835900000002,7.561163902
0.245436235,7.562623501
0.245498462,7.560998917
0.245536848,7.559168816
0.245590045,7.560814381
0.24563524,7.564838409
0.24569143200000002,7.563149929
0.24574036800000001,7.561506271
0.24579282,7.563364983
0.245821549,7.566251278
0.24589112300000002,7.565179348
0.24594142900000002,7.563390255
0.245993851,7.561900616
0.246037437,7.564011574
0.246095149,7.565176487
0.24614645400000001,7.563715458
0.24619387,7.563407898
0.24622999,7.562788486
0.246273889,7.56534481
0.246337681,7.566365242
0.24638405300000002,7.56445837
0.24643433,7.564418316
0.246507852,7.565009594
0.24652321500000002,7.564921856
0.24659377200000002,7.565839291
0.246630608,7.564101696
0.24668024400000002,7.565440178
0.24673941600000002,7.567092419
0.246790378,7.5667243
0.246843307,7.56842804
0.246885239,7.567902565
0.246943517,7.567401886
0.24699205000000002,7.5681777
0.247046648,7.566595078
0.247094362,7.566579819
0.24713081,7.566077709
0.247196464,7.567554951
0.247236951,7.568760872
0.247282638,7.567216396
0.247332214,7.569179535
0.24737672400000002,7.568305969
0.247445567,7.570358753
0.247490807,7.570819378
0.247547834,7.567352772
0.247600554,7.570291519
0.247647597,7.567130089
0.24770334200000002,7.569936275
0.247739344,7.568778038
0.247784107,7.566330433
0.24784316,7.569397926
0.247892066,7.568024158
0.24794197,7.569176674
0.24798951900000002,7.56941843
0.248021557,7.569180489
0.248096524,7.57170248
0.24813415,7.572379112
0.248196943,7.569478035
0.24824321100000002,7.570494652
0.24828568,7.56977272
0.248346536,7.568818092
0.248397528,7.5698843
0.24842956500000002,7.569880486
0.24847870900000002,7.571659565
0.248537629,7.572164536
0.24858739800000001,7.572779179
0.24864661600000001,7.573070049
0.248694895,7.574245453
0.24874068700000002,7.574561596
0.24879720700000002,7.575068474
0.248848705,7.574025154
0.248886509,7.573434353
0.248928009,7.57362175
0.24899969900000002,7.572875023
0.249043016,7.573524952
0.249087914,7.574093342
0.249141483,7.573925018
0.24917919800000002,7.57461977
0.249243258,7.577492237
0.24928735100000002,7.577195644
0.249338745,7.57583046
0.24940203,7.574296474
0.249443664,7.574719429
0.249482422,7.575043201
0.249535053,7.575972557
0.249596267,7.575057983
0.249649911,7.573343277
0.249692215,7.574929237
0.24973805100000002,7.574908257
0.249791874,7.575129509
0.249845816,7.57652092
0.24989133900000002,7.576303482
0.249947889,7.573266029
0.249995052,7.574530125
0.25002586699999996,7.574232101
0.250071822,7.574877739
0.25011566199999996,7.573256016
0.250155865,7.572173595
0.250187664,7.56789875
0.250212161,7.565671921
0.25022619799999996,7.560103893
0.250248252,7.552444935
0.250242828,7.544586182
0.250229536,7.539720535
0.25021496299999996,7.526629925
0.250182478,7.516212463
0.25018250799999997,7.50826025
0.25016042499999996,7.503890514
0.25014343699999997,7.495630264
0.250138729,7.485860825
0.250128566,7.483429909
0.250120639,7.480175495
0.250106095,7.475989819
0.25010195199999996,7.472700596
0.250083356,7.467453003
0.250088005,7.467269421
0.250081568,7.464767456
0.250093429,7.462671757
0.25009003199999996,7.461821556
0.250085472,7.461637974
0.250074415,7.456710815
0.250086306,7.454515457
0.250101356,7.45278883
0.25008097199999996,7.451153755
0.250084608,7.448794365
0.25008273,7.446218014
0.25007870699999996,7.444655895
0.250073968,7.441664219
0.250063269,7.443645477
0.25010382999999997,7.453154087
0.25019627699999997,7.475094318
0.250390081,7.520195484
0.250642596,7.572701931
0.250956445,7.620202065
0.251287966,7.661521435
0.251667051,7.689788818
0.252080529,7.70643425
0.252498357,7.708054543
0.252862661,7.700114727
0.253129481,7.686477661
0.253371625,7.676883221
0.25359928499999995,7.669365883
0.25378024499999996,7.662018299
0.253987192,7.665855885
0.25421410699999997,7.668520927
0.25447654599999997,7.676156044
0.254724799,7.677280426
0.254975169,7.676921844
0.255246727,7.680434227
0.255510329,7.679530144
0.255750506,7.67926836
0.255986034,7.677408695
0.256249874,7.682472229
0.25650483199999996,7.680279732
0.256760536,7.675576687
0.25702333299999996,7.679697037
0.257249741,7.679097652
0.257494836,7.681863785
0.257755994,7.6819911
0.258007019,7.682261467
0.258270203,7.683817863
0.258508711,7.682618141
0.258748798,7.680432796
0.259008317,7.679299831
0.259257166,7.683079243
0.25949820799999995,7.683747292
0.259768842,7.685431957
0.260009198,7.686345577
0.260261505,7.687525749
0.260507404,7.684729099
0.26073786499999996,7.685870171
0.26099643,7.687417984
0.261247723,7.686864376
0.261493771,7.689385891
0.261759578,7.688824654
0.26200964899999996,7.691168785
0.26225381999999997,7.687587261
0.262508868,7.690394878
0.26274528999999996,7.691765308
0.263009577,7.691029072
0.263257085,7.693414211
0.263498633,7.692285538
0.263755588,7.692503929
0.26400521299999996,7.693313122
0.264241366,7.69320488
0.264487325,7.694430828
0.26475191,7.698368073
0.264998017,7.699039936
0.265249609,7.699092865
0.265513419,7.699190617
0.265754192,7.69630003
0.265993922,7.698559284
0.2662445,7.699276447
0.26651629699999996,7.698591709
0.26675584799999996,7.700462818
0.26702382999999996,7.701440334
0.267255961,7.699845791
0.26749044499999997,7.700139046
0.267744957,7.702025414
0.26798465699999996,7.705246449
0.268251179,7.70732832
0.268507181,7.706233501
0.26876264699999997,7.706051826
0.269013493,7.706661224
0.269250809,7.704380989
0.269496827,7.707082748
0.269736944,7.708177567
0.270000278,7.708240509
0.270249813,7.7129879
0.270502119,7.710715294
0.27075016399999996,7.712426186
0.27099573499999996,7.711110592
0.27124082899999996,7.71164608
0.271504311,7.714619637
0.27175548499999996,7.714664936
0.27201554099999997,7.713134766
0.27226510499999995,7.714939594
0.272505521,7.713899136
0.27275139,7.718149662
0.273011206,7.716652393
0.273245423,7.71842289
0.27350354099999996,7.718491554
0.273766218,7.719736099
0.274015038,7.721613884
0.274248599,7.716392517
0.27450051799999997,7.71944952
0.27477222599999995,7.721133232
0.27500566699999995,7.720194817
0.275256573,7.721276283
0.27550828299999996,7.722866058
0.27575865299999996,7.723128319
0.27599960399999995,7.722702503
0.276252954,7.723412037
0.276487528,7.724896431
0.276750057,7.726067543
0.27702122799999995,7.725982189
0.27726670999999997,7.726166725
0.27750041999999997,7.728106976
0.27773952399999996,7.725269794
0.27799782,7.73099947
0.27826931899999996,7.733006954
0.27852070199999995,7.73340559
0.278764574,7.733400822
0.279019831,7.733239651
0.279278158,7.732159138
0.27952253699999996,7.734862804
0.279774873,7.734043121
0.280027776,7.733241081
0.280270635,7.734372616
0.280525325,7.736981392
0.28075796199999997,7.734792709
0.281017511,7.735246181
0.281254946,7.737779617
0.281507252,7.736295223
0.281749307,7.739093781
0.28201547099999996,7.738343239
0.282266943,7.743499279
0.282502322,7.740328789
0.282771795,7.74365139
0.283007322,7.744970798
0.28325900299999995,7.743176937
0.283502518,7.744328976
0.283774702,7.74669981
0.28403720099999996,7.745148659
0.284269004,7.74435854
0.28451377,7.744445801
0.28475197999999996,7.746574402
0.284999489,7.74782896
0.28525554999999997,7.747687817
0.28552746599999995,7.75292635
0.28577655399999996,7.751941204
0.286032884,7.749002457
0.286257385,7.749775887
0.286512701,7.753045082
0.286744057,7.750703335
0.287009864,7.753027916
0.287268101,7.755293846
0.2875261,7.757503986
0.287765055,7.7545228
0.28803345399999997,7.755696297
0.288274496,7.755959034
0.288535147,7.755932808
0.28875145199999996,7.755241394
0.28901749699999996,7.756187916
0.289265214,7.757413864
0.28951614999999997,7.757317066
0.289760588,7.758880615
0.290011017,7.760389328
0.290270476,7.762216568
0.290512173,7.762356281
0.290763287,7.762432575
0.291015087,7.763040066
0.291274278,7.76336813
0.29151683899999997,7.763063908
0.29176258899999996,7.764331818
0.292021214,7.767180443
0.292268305,7.766732216
0.29251399499999997,7.766849995
0.29276806,7.767836094
0.29302820399999996,7.768116951
0.293276219,7.767650604
0.293513714,7.767428875
0.29375800399999996,7.770055771
0.294013559,7.769943714
0.2942878,7.773685455
0.29453736399999997,7.769496441
0.29477858399999995,7.769999981
0.29502168199999995,7.768253326
0.295252203,7.774004936
0.29550000899999995,7.772887707
0.29576182199999995,7.773767471
0.296029239,7.773331165
0.29628211099999996,7.775938511
0.296525477,7.773271084
0.29677235999999996,7.774619579
0.297014891,7.773507118
0.297268985,7.775063992
0.29752108299999996,7.778512001
0.29778167499999997,7.777146339
0.298027127,7.775228024
0.298262535,7.777765274
0.298527895,7.777235985
0.29876783399999995,7.779298782
0.29902344799999997,7.77864933
0.299275486,7.783105373
0.29952233899999997,7.782265186
0.29978591099999996,7.780882835
0.30002626699999996,7.779774189
0.300279914,7.783438683
0.30053442599999997,7.782944202
0.300774096,7.780976295
0.301021634,7.785976887
0.30127304699999996,7.786528587
0.301526188,7.7838974
0.301775126,7.782933235
0.30203178399999997,7.786810398
0.302274494,7.78946209
0.30252957199999997,7.786074638
0.30279827,7.788582802
0.303048043,7.784745216
0.30327767,7.789207935
0.303520321,7.78776598
0.30375817299999996,7.785553455
0.30403143,7.790621281
0.30428644899999996,7.794995308
0.30454707,7.79086256
0.304790913,7.791023731
0.305041342,7.793110847
0.305278389,7.796874523
0.30553841499999995,7.793241978
0.305785327,7.795922756
0.306018321,7.794429779
0.30627441299999997,7.796862125
0.30652099699999996,7.797597408
0.306781529,7.79598856
0.30703616,7.798018456
0.307285039,7.799667358
0.307525365,7.797661781
0.307777404,7.796717167
0.308030753,7.801172733
0.308291106,7.799701214
0.308540432,7.798287392
0.30879416899999995,7.799567223
0.309032111,7.799512386
0.309259354,7.799044609
0.30952414699999997,7.802350521
0.30976614199999997,7.805871487
0.310038029,7.80707407
0.310298859,7.807387352
0.310562162,7.804207802
0.310788958,7.803112507
0.31104531799999996,7.800670147
0.311287402,7.802921772
0.31152281,7.803468227
0.311774014,7.80651474
0.312021314,7.805969715
0.312286435,7.810293198
0.31254073899999996,7.80730772
0.312767743,7.808670998
0.313036202,7.81278801
0.31328955199999997,7.81110239
0.313540964,7.81060648
0.31379172099999997,7.812299252
0.314049034,7.810783863
0.314292519,7.812588692
0.31454288799999996,7.810521126
0.314774512,7.814220905
0.315040051,7.814716339
0.31529417499999995,7.813750267
0.3155286,7.815670013
0.31580337799999997,7.815206528
0.316029071,7.816610813
0.316284536,7.815327644
0.316541164,7.816601753
0.316791027,7.815779209
0.317038922,7.816944122
0.317272304,7.819685936
0.317551254,7.818785667
0.317795275,7.816595554
0.31803536299999996,7.817435741
0.318274854,7.816884041
0.31853753199999996,7.819548607
0.31877908,7.820512295
0.31903397899999997,7.821314335
0.31928214299999996,7.821620464
0.31953599899999996,7.820894718
0.319779216,7.820445061
0.32002627699999997,7.823883057
0.320292621,7.825376987
0.320538043,7.82245636
0.32079732299999997,7.822423458
0.32104196999999995,7.823655128
0.321297138,7.820952892
0.321541189,7.824606419
0.32177766999999996,7.823635578
0.32203102,7.825211525
0.322277008,7.82626009
0.32254659999999996,7.826872349
0.322794645,7.823411942
0.323043643,7.82770586
0.323267608,7.826348305
0.323506235,7.828211308
0.32377973099999996,7.832523346
0.324049889,7.831919193
0.32428210799999996,7.830799103
0.324553608,7.831698418
0.32480528799999997,7.830366135
0.325045674,7.830448627
0.32528901,7.826624393
0.325529246,7.829759121
0.325778185,7.833898544
0.326043009,7.831299305
0.326284556,7.832773209
0.32653331599999996,7.832167149
0.326778113,7.834452629
0.32704260799999996,7.8341856
0.327309011,7.836283207
0.327555029,7.836863041
0.32780784199999996,7.833442688
0.328032999,7.832998753
0.328294365,7.837265968
0.32853036999999996,7.832750797
0.32876858,7.838178158
0.329031943,7.839735985
0.329297601,7.839112282
0.329546629,7.83782053
0.32979395899999997,7.838015079
0.33004328499999996,7.838801861
0.33028948199999997,7.837470055
0.33054256299999996,7.838275433
0.33079326,7.841825962
0.33105268899999996,7.841045856
0.331294804,7.841216564
0.331544607,7.839798927
0.33179190599999997,7.839048862
0.332044809,7.839082241
0.332293748,7.841378212
0.332544087,7.842281342
0.33279651299999996,7.843842506
0.333052276,7.840869904
0.333306341,7.842102051
0.33354163,7.841478825
0.333792536,7.843267441
0.33404001499999997,7.842425823
0.334293811,7.844009399
0.33453750499999996,7.845315933
0.33479729199999997,7.845991135
0.33503505499999997,7.845244408
0.335279106,7.845454693
0.335551112,7.848046303
0.335786759,7.849527359
0.33604892999999997,7.847775459
0.33629950799999997,7.847354889
0.33654141299999996,7.848610878
0.336791067,7.846554279
0.337063937,7.848591328
0.33729710999999996,7.846975803
0.337550698,7.849251747
0.33777892499999995,7.852190018
0.338045,7.849578381
0.33830842299999997,7.848448753
0.33854532099999995,7.853355885
0.338793753,7.852130413
0.339040964,7.852182388
0.339280902,7.852062702
0.33955263999999996,7.855681419
0.3397938,7.853909492
0.34004729899999997,7.854733944
0.34029680399999995,7.854311466
0.340522795,7.853172302
0.34079641,7.85764122
0.341057687,7.85538435
0.34129446599999996,7.855933666
0.34153962,7.857457638
0.341796844,7.856989384
0.34205299499999997,7.855977058
0.342303364,7.857388973
0.342545538,7.857095718
0.342791258,7.858864784
0.343063234,7.85893774
0.343322663,7.860610008
0.343551992,7.858200073
0.343806713,7.856278419
0.344048141,7.861488819
0.34428799,7.859768391
0.344547926,7.859368324
0.34478989099999996,7.861620426
0.34504899299999997,7.86126709
0.34529900399999996,7.861585617
0.345562844,7.861805439
0.34580704399999995,7.85977602
0.346040248,7.860989094
0.346293478,7.863372803
0.346547126,7.861766338
0.346803068,7.866600513
0.347051679,7.865598679
0.34730127299999997,7.861280918
0.347539722,7.864400864
0.347796081,7.863587379
0.34804716599999996,7.862234592
0.348302572,7.864482403
0.34855207699999996,7.86513567
0.348805158,7.867415905
0.349050789,7.864013672
0.34928455799999997,7.863937378
0.34952506299999997,7.866736889
0.349804817,7.867220879
0.35006123699999997,7.870556355
0.35031187399999997,7.869963646
0.350549697,7.869848251
0.35078790699999995,7.869130611
0.35103589199999996,7.868982792
0.35129347299999997,7.871868134
0.351558267,7.870828629
0.35180926199999996,7.870964527
0.35206600899999996,7.871716976
0.352316974,7.870553493
0.352562605,7.870979309
0.35280865299999997,7.872091293
0.35305493899999996,7.871006489
0.353302805,7.870641708
0.35354018099999995,7.872977257
0.35378956699999997,7.872994423
0.354052215,7.874027729
0.35429969299999997,7.87395525
0.35455742399999995,7.874013424
0.35479506699999996,7.872355938
0.355057089,7.874083519
0.35529509099999995,7.87422514
0.355557321,7.875692844
0.35581928399999996,7.875422955
0.356066911,7.876132488
0.356303035,7.876632214
0.356551735,7.876526833
0.35679796199999997,7.875825882
0.357059865,7.876893044
0.357324331,7.877595901
0.357565521,7.879307747
0.35783663299999996,7.878006935
0.35804977899999996,7.879175663
0.358287572,7.878229618
0.35854449699999996,7.87932682
0.358814596,7.879917622
0.35905825999999996,7.880308151
0.35931298,7.878825665
0.35957556799999996,7.882591724
0.35980194699999996,7.877931118
0.36005094499999996,7.879303455
0.360304921,7.879583836
0.360543697,7.882595539
0.360787688,7.881527901
0.36105716099999996,7.883961678
0.36131304399999997,7.881337166
0.36156558899999997,7.881663322
0.361797481,7.879943848
0.36204457199999995,7.881005287
0.36229371899999996,7.884030342
0.36256408599999995,7.885085106
0.36282101099999997,7.884160042
0.363071828,7.881808281
0.36331423999999995,7.881060123
0.363540946,7.883800983
0.36379027199999997,7.883028984
0.364055066,7.886423588
0.364309995,7.886746407
0.36456474499999997,7.889177799
0.364824383,7.885826111
0.36506411299999997,7.886224747
0.365297793,7.886520386
0.365541189,7.8855896
0.365808814,7.887806892
0.36606257999999997,7.889113903
0.366302131,7.887416363
0.3665556,7.886578083
0.366806714,7.889811039
0.36705311999999995,7.887411594
0.367301075,7.887823105
0.367547183,7.890954018
0.367806672,7.890063763
0.36805364399999996,7.890776634
0.368312834,7.890172958
0.36857095199999995,7.888894081
0.368800132,7.889473915
0.369061618,7.890612125
0.36930739799999995,7.887129784
0.369565486,7.890175343
0.369795828,7.890164375
0.370047419,7.891971588
0.37030953,7.893103123
0.37054738299999995,7.893042564
0.370812832,7.890729427
0.371049343,7.893315315
0.37130042799999996,7.892861366
0.371570169,7.892688751
0.37181156699999995,7.893445015
0.37206879099999995,7.892959595
0.37229516999999995,7.892745972
0.37255898,7.893615246
0.372814296,7.893180847
0.37307193699999996,7.892850876
0.373311489,7.894023895
0.373556106,7.893574238
0.373795925,7.893805027
0.374059437,7.894923687
0.374301581,7.896187782
0.374545841,7.895291328
0.37481218499999996,7.895487785
0.37507226899999996,7.898547173
0.375330834,7.895228386
0.375573127,7.896503448
0.375808417,7.893032551
0.376043378,7.896496296
0.376302837,7.895521164
0.376554607,7.899794579
0.37681677799999996,7.901050091
0.37705588199999995,7.901008606
0.377328573,7.901049614
0.37757733299999996,7.898878574
0.377816229,7.898604393
0.378070085,7.898273468
0.378331153,7.897922039
0.378568439,7.897967339
0.378816812,7.899168968
0.379063754,7.897255898
0.37928744999999997,7.900969982
0.379544555,7.899624825
0.37980001999999996,7.903697491
0.38007301,7.904510975
0.380340158,7.900555134
0.38057613199999996,7.899006367
0.38081413399999997,7.900330067
0.38105288,7.900910378
0.381302117,7.899208069
0.38154220499999997,7.903143406
0.381812571,7.902911663
0.382055818,7.901825428
0.382315038,7.903319836
0.382572977,7.901501179
0.382807641,7.902261734
0.38306298699999997,7.903395176
0.38330987,7.902973175
0.383555769,7.903638363
0.383806883,7.906064987
0.38406124599999997,7.905955315
0.384315877,7.903465748
0.384560703,7.904545784
0.384804724,7.905632496
0.385051398,7.906412125
0.385325013,7.907140255
0.38557907799999996,7.907040596
0.38581630499999997,7.907691002
0.386060266,7.907902718
0.38631415199999997,7.903452396
0.38655155799999996,7.904531956
0.38680306,7.907103539
0.38704818399999996,7.908041954
0.38732439199999996,7.908358097
0.387555807,7.907356262
0.387816756,7.907709122
0.38806554499999996,7.907404423
0.388310312,7.907660484
0.38854980299999997,7.908760071
0.38880869599999995,7.909388542
0.38905581699999997,7.906905651
0.389312028,7.90707159
0.389556258,7.909030914
0.38980942799999996,7.908058643
0.390055983,7.910353661
0.39030569699999995,7.910669327
0.390570759,7.910412788
0.39081141199999997,7.912548065
0.391064166,7.908596039
0.39131179299999996,7.908771038
0.39154863199999995,7.907270432
0.391792475,7.907232761
0.39204945999999996,7.910123348
0.39231881399999996,7.911157131
0.39256602399999996,7.911911488
0.3928124,7.908594131
0.393054544,7.910355091
0.39331877099999996,7.90967226
0.393547802,7.910176754
0.39380889999999996,7.909904003
0.394059925,7.911549568
0.394319712,7.913903713
0.394568055,7.912213802
0.394814997,7.912529469
0.39505648499999996,7.908906937
0.39530250299999997,7.913795471
0.39556121699999996,7.91224432
0.39580938099999996,7.91464138
0.396064906,7.914424419
0.396304815,7.911552429
0.396560042,7.913590908
0.396799951,7.913238525
0.39706182399999995,7.913453579
0.39729565299999997,7.914095879
0.39756187699999995,7.915008545
0.397819995,7.912905693
0.398046284,7.914269924
0.39829251,7.915367126
0.39855423399999995,7.914288998
0.398814558,7.916492939
0.399072914,7.915672302
0.399317532,7.913995743
0.39955904999999997,7.914178848
0.399823813,7.916532993
0.40005478099999997,7.916170597
0.40030470399999996,7.916160107
0.400549083,7.919713497
0.40080982299999995,7.917132854
0.40107861,7.91741991
0.40133300299999997,7.915424347
0.401557355,7.916021347
0.40181127099999997,7.916097641
0.402061104,7.917228699
0.40230274099999996,7.917574883
0.402562706,7.916249275
0.402816503,7.915247917
0.403062581,7.919585228
0.40331420199999996,7.91801548
0.40355396099999996,7.915505886
0.403809993,7.916924477
0.404078393,7.919358253
0.404318331,7.919059753
0.404551773,7.918523312
0.404815851,7.919705868
0.405058949,7.916522026
0.405311822,7.918000221
0.40558412499999996,7.919503689
0.40581488499999996,7.919781685
0.406058847,7.920057297
0.40629917299999996,7.92130518
0.406560688,7.91926384
0.406806825,7.920515537
0.40705644999999996,7.921061993
0.407313465,7.92101717
0.407569497,7.92487669
0.40782412799999995,7.921478748
0.40806793999999996,7.92040062
0.40831133599999997,7.921991348
0.40857136099999997,7.922096729
0.408812164,7.921563625
0.409059195,7.921383381
0.409315644,7.922366142
0.409564404,7.92385006
0.409812181,7.923291206
0.41006600699999995,7.922471523
0.410304992,7.923199177
0.41057085899999995,7.92225647
0.410812466,7.923916817
0.41105401399999997,7.922598839
0.41130337,7.925182819
0.411551474,7.924097538
0.411815165,7.926093578
0.412075936,7.922807693
0.41233762999999996,7.923231125
0.41256880599999995,7.925240993
0.412827491,7.927308083
0.413065283,7.921975136
0.413315921,7.924534798
0.413566558,7.924381256
0.41380888099999996,7.925057411
0.41406500199999996,7.927584648
0.414331852,7.927249908
0.414587496,7.927735329
0.414824425,7.925851822
0.415085791,7.925379276
0.41531905399999997,7.925620556
0.415571659,7.925407887
0.415841519,7.929384708
0.41607874499999997,7.927508831
0.416327356,7.923307896
0.41655886,7.92249918
0.416822492,7.926198959
0.417073129,7.923818111
0.41732227699999996,7.927596569
0.41757303399999995,7.924888611
0.41782966099999996,7.927945137
0.41808605099999996,7.928438187
0.41833484,7.92800045
0.41858076899999996,7.925196171
0.418816953,7.926113129
0.419081806,7.927041531
0.419328867,7.925990582
0.41958361699999996,7.92795229
0.41982704299999996,7.929135799
0.420087098,7.927844048
0.42032739399999997,7.924012184
0.42056748099999997,7.927061558
0.420817881,7.929597855
0.421070664,7.929745197
0.42132994399999996,7.929684639
0.421582489,7.927493095
0.421815036,7.927660942
0.422080069,7.925742626
0.422325044,7.926392078
0.42257696299999997,7.9288764
0.42282757,7.930146694
0.423096685,7.927948475
0.423329441,7.926600456
0.42357996,7.925017357
0.423802792,7.927241802
0.424072264,7.928890705
0.42432060699999996,7.92959404
0.424557804,7.928624153
0.424840479,7.930953979
0.425082623,7.929720879
0.425300329,7.92821455
0.425588398,7.929188251
0.42583173399999996,7.927373886
0.42607745399999997,7.928825855
0.426319896,7.928506374
0.426576405,7.929021835
0.42681029299999995,7.930827618
0.427062153,7.930390835
0.427325694,7.930291653
0.427584289,7.931629181
0.42783126099999996,7.928492069
0.428081779,7.932528019
0.42832389299999996,7.930661678
0.428591638,7.929727554
0.42883810299999997,7.929391861
0.429089336,7.929758549
0.42933425199999997,7.930470943
0.429577439,7.929795742
0.429824589,7.930597782
0.43006026599999997,7.932413101
0.430324076,7.930761814
0.43058806499999996,7.933413982
0.43082761599999997,7.932212353
0.43107771699999997,7.929744244
0.43132612,7.932161808
0.431575088,7.930957317
0.431826471,7.932126999
0.43206435299999996,7.931357861
0.432326077,7.930697441
0.43256237999999997,7.932179928
0.432811915,7.932890415
0.43308269899999996,7.93377161
0.43332958099999996,7.932135105
0.433584033,7.934590816
0.433829992,7.930323124
0.43406695,7.932480812
0.434313207,7.930500031
0.434568702,7.936033249
0.434821038,7.931704998
0.435092865,7.934113503
0.435339926,7.933712006
0.43557369599999995,7.930913925
0.435838758,7.932276249
0.43607294399999996,7.932432175
0.43634393699999996,7.933879375
0.436578362,7.931847572
0.436825602,7.930918694
0.437095432,7.933951378
0.437343596,7.930772305
0.437581359,7.93027544
0.437826096,7.934445858
0.438075124,7.932497978
0.43832939699999995,7.92891264
0.438591062,7.9316926
0.438821702,7.932598114
0.43908792599999996,7.932853222
0.439323543,7.934232712
0.43958648899999997,7.933356762
0.439839213,7.934488297
0.440080135,7.933965206
0.440340965,7.933383942
0.44059952999999996,7.934746742
0.440834581,7.930422783
0.441075652,7.934640884
0.441340594,7.935284138
0.441573917,7.933543682
0.441849081,7.934848309
0.442105292,7.932081223
0.44236344,7.933401585
0.44259053299999995,7.93219614
0.442828147,7.932097435
0.443077146,7.932724953
0.44331389499999996,7.937457085
0.443579524,7.938837051
0.443832784,7.939753056
0.444088249,7.937761784
0.44433689,7.940323353
0.444634257,7.942231655
0.444853305,7.939222336
0.445099859,7.940401077
0.44533047,7.939023972
0.445584266,7.938240051
0.445829152,7.94056797
0.44606980599999996,7.943335056
0.446326195,7.944638729
0.446599154,7.943178654
0.446841298,7.941179752
0.447088121,7.941046715
0.447347789,7.943321228
0.447589486,7.943642616
0.447842388,7.942044735
0.44808703499999997,7.940649509
0.448344021,7.94259119
0.448587863,7.944358349
0.44883540099999997,7.941374302
0.449081688,7.942067623
0.44934001399999995,7.942261219
0.449603527,7.944251537
0.44984116999999996,7.942231655
0.45009743999999996,7.940842628
0.450335591,7.941067219
0.45058789699999996,7.943822384
0.450831263,7.942955971
0.451087682,7.94375515
0.45132791899999997,7.943003654
0.45159655699999995,7.944415092
0.451844512,7.943123341
0.452087341,7.947354794
0.452347933,7.944436073
0.45257687399999996,7.942477703
0.452847748,7.941445351
0.45307850699999996,7.942911625
0.453335969,7.941254139
0.453588693,7.945213795
0.453843622,7.944164276
0.45408814999999997,7.940758705
0.45433553899999995,7.942735195
0.454573004,7.942444324
0.454835175,7.943665504
0.45509713799999996,7.945042133
0.455343096,7.945142746
0.455597072,7.941720009
0.45583641399999997,7.941504955
0.456085144,7.942442894
0.456314503,7.944993973
0.456588923,7.945331573
0.456843405,7.945137501
0.457103907,7.943062782
0.457350223,7.942595005
0.457608818,7.943738461
0.457828014,7.940953732
0.45807692299999997,7.941174984
0.458340137,7.9449687
0.45857971799999997,7.943482876
0.458848147,7.944669724
0.459095477,7.942183018
0.459342627,7.943747997
0.459588467,7.941633224
0.45983040199999997,7.942116261
0.460078655,7.943720341
0.46034502899999996,7.944443703
0.460581272,7.943666458
0.46082046499999996,7.943382263
0.461081504,7.946547508
0.461340247,7.943522453
0.461597561,7.945883751
0.46185341399999996,7.945200443
0.462102293,7.946472645
0.46235900999999996,7.944922924
0.462597637,7.945291519
0.46283847,7.945331573
0.463072865,7.941574097
0.463340728,7.942975521
0.46359813099999997,7.942005157
0.463825344,7.943351269
0.46409672399999996,7.94653511
0.464332639,7.944796562
0.464585988,7.946012974
0.46483144,7.94419241
0.465095131,7.942339897
0.465344219,7.943423271
0.46559494599999995,7.943592548
0.46583202399999996,7.944062233
0.46609488,7.945646286
0.466350614,7.944699287
0.466586201,7.940569401
0.46682289099999996,7.943759441
0.467051564,7.94894743
0.467335521,7.947570324
0.46759930099999997,7.945105076
0.46784096799999997,7.942792892
0.46809881799999997,7.945345879
0.468355684,7.943820953
0.46858844,7.940540314
0.468847005,7.940907001
0.469076126,7.941586494
0.46934857799999996,7.944817066
0.469583272,7.945232868
0.469837515,7.945570946
0.47007968899999997,7.945250034
0.47034215799999995,7.942932129
0.470604478,7.944926262
0.470840542,7.947293758
0.471093445,7.945824623
0.471342384,7.944255352
0.47159504799999996,7.943954468
0.47185000699999996,7.945021152
0.472081213,7.945138454
0.47232997299999996,7.944136143
0.472598939,7.946020603
0.472854881,7.94575119
0.47309371699999997,7.945674419
0.473353176,7.943237305
0.473591624,7.941083431
0.473839252,7.941560745
0.47409611799999996,7.944145203
0.47433826199999995,7.943227291
0.474582373,7.94547224
0.47484958,7.944060802
0.47509029399999997,7.94522953
0.47534948499999996,7.945379257
0.475588171,7.941370964
0.475852935,7.942446232
0.476081757,7.943525791
0.476342736,7.944401741
0.476606576,7.947042942
0.476842581,7.944288731
0.477108477,7.947198391
0.477340012,7.941331387
0.477597504,7.943995476
0.47784805199999997,7.941050053
0.478093444,7.943821907
0.478354393,7.946149349
0.47860687799999996,7.942657948
0.478840856,7.942519665
0.479096233,7.943779945
0.47933632,7.943279266
0.47958353,7.9445467
0.479847937,7.944415092
0.48010966099999997,7.944185257
0.480354159,7.945676327
0.480594753,7.943510532
0.48084997999999995,7.942713737
0.4810988,7.945364952
0.481338559,7.942036152
0.48159217699999995,7.944730759
0.481837957,7.945558548
0.48208442199999996,7.943952084
0.482365071,7.945112228
0.48259916799999997,7.94412756
0.482839166,7.943545818
0.48309030999999997,7.944711208
0.483343123,7.945692062
0.483604221,7.945577621
0.48385354799999997,7.94330883
0.484113305,7.943335056
0.48436391199999995,7.942386627
0.484592943,7.939660072
0.484835415,7.941095829
0.485093324,7.944412231
0.485351055,7.944874287
0.485589622,7.94494009
0.48584258399999997,7.943650246
0.48608744,7.94361496
0.48633843499999996,7.944274902
0.486596315,7.943283081
0.48684772699999995,7.943764687
0.487098514,7.942741394
0.48733779699999996,7.943410397
0.487602858,7.943556786
0.48784017399999996,7.944590092
0.48810958699999996,7.943074703
0.488341718,7.94247961
0.48858407,7.941880226
0.488833396,7.942352295
0.489091008,7.943986893
0.48936280499999996,7.945025444
0.489608763,7.94481039
0.489848911,7.940639496
0.490088015,7.942444801
0.490352391,7.939683437
0.490592121,7.940945148
0.490846782,7.942917347
0.491102188,7.944796085
0.491358219,7.943342686
0.49161109199999997,7.943288326
0.49185341499999996,7.943815708
0.492091148,7.944864273
0.492349027,7.94149828
0.492596893,7.942382336
0.492830275,7.943253517
0.493103175,7.945275307
0.49336138199999996,7.946399212
0.493617891,7.940884113
0.4938322,7.94042778
0.494084297,7.941622257
0.49434128299999996,7.941408157
0.49459773199999996,7.941633224
0.494859605,7.943739414
0.495102762,7.94233036
0.495358019,7.94503212
0.495600073,7.942326546
0.495862572,7.940745354
0.49609687799999996,7.942639828
0.496342717,7.941979885
0.49659320599999995,7.943470955
0.49683502199999996,7.94372797
0.49710020299999996,7.942701817
0.497361242,7.942950249
0.497601925,7.942316055
0.497840791,7.939762115
0.49809852099999996,7.943309307
0.498352288,7.94370842
0.49860828999999995,7.944643021
0.498839973,7.941064835
0.49911779,7.939049244
0.499351351,7.939727306
0.49958580599999997,7.943672657
0.49986013599999995,7.942640781
0.500107049,7.943360329
0.5003521430000001,7.942771912
0.500610887,7.940248489
0.500856517,7.943475246
0.5011003,7.943779469
0.5013425340000001,7.940673351
0.5016040190000001,7.941702366
0.501862048,7.941776276
0.502109109,7.940902233
0.502345322,7.940485001
0.5025978670000001,7.941083431
0.5028493390000001,7.942977905
0.503115712,7.943670273
0.503370105,7.940142155
0.503608822,7.940768242
0.503853439,7.939416409
0.504088639,7.938883305
0.504331528,7.94280386
0.5046136370000001,7.942810535
0.504857777,7.942209244
0.505100964,7.944010735
0.5053421250000001,7.943070412
0.505607067,7.943300724
0.505860327,7.941308022
0.5061019050000001,7.939691067
0.5063623770000001,7.941946507
0.506612419,7.937951088
0.5068590030000001,7.938583374
0.5071017130000001,7.938179016
0.5073423370000001,7.93728447
0.507594644,7.938863277
0.5078481420000001,7.940362453
0.508109091,7.941807747
0.508347391,7.94127512
0.508598028,7.94003582
0.508836685,7.940500259
0.5091121780000001,7.942400455
0.5093411790000001,7.937578201
0.509608983,7.941578388
0.509865521,7.940217972
0.510104715,7.939483643
0.5103431930000001,7.939856052
0.510621964,7.937819958
0.510827957,7.936297417
0.511081039,7.93804121
0.5113462790000001,7.940172672
0.511600732,7.939106464
0.511861263,7.940044403
0.51211047,7.940010071
0.512341558,7.937103271
0.5125928510000001,7.936282635
0.512839316,7.939554691
0.513108193,7.939890862
0.513352035,7.939212322
0.5136029710000001,7.939482689
0.513870178,7.939718723
0.514092683,7.937195778
0.5143419490000001,7.93603611
0.5145972950000001,7.934638023
0.514850377,7.935032368
0.515097617,7.93821764
0.515352129,7.937567234
0.515597163,7.935678005
0.515856622,7.935735703
0.5160900340000001,7.934335709
0.516348778,7.937654495
0.5165915480000001,7.938467979
0.516852795,7.93772316
0.5171144000000001,7.937060833
0.517353414,7.935666084
0.517603396,7.935397625
0.517849981,7.933886051
0.518093287,7.935791492
0.518340586,7.937917233
0.518593846,7.937384605
0.518851279,7.936360359
0.5191072210000001,7.934792995
0.519354521,7.936381817
0.5196021190000001,7.933553219
0.519842325,7.934473038
0.520059763,7.927999973
0.520322024,7.930886745
0.520595192,7.934612274
0.520869373,7.93275404
0.521122991,7.930700302
0.521346627,7.928355217
0.5216301670000001,7.925571442
0.521843551,7.92316103
0.522088467,7.924385548
0.5223289120000001,7.928265095
0.5226030930000001,7.927931786
0.522855281,7.927772045
0.523105322,7.926171303
0.523357092,7.926499844
0.5235983120000001,7.928847313
0.523855029,7.930203915
0.524102448,7.928463936
0.5243657810000001,7.930573463
0.524610459,7.928557396
0.5248565070000001,7.928286552
0.52510166,7.929151535
0.525366663,7.926212311
0.525599598,7.924173355
0.525842487,7.926925182
0.526105581,7.928740025
0.5263412580000001,7.928723335
0.526628553,7.928252697
0.526849209,7.925419331
0.5271132580000001,7.926090717
0.5273604980000001,7.925236225
0.5275966510000001,7.923780441
0.527841448,7.924756527
0.528099714,7.927226067
0.528353332,7.931266308
0.528612612,7.92770195
0.528863488,7.925166607
0.529101907,7.923974514
0.529360889,7.92833662
0.529602169,7.923068047
0.5298547730000001,7.924133778
0.530095814,7.923532486
0.5303468100000001,7.925055027
0.530621706,7.922740936
0.530856489,7.924341202
0.531090735,7.92288065
0.5313400020000001,7.928014278
0.531618832,7.926134109
0.531851827,7.926644325
0.5321115240000001,7.92359066
0.5323586450000001,7.925049305
0.532613395,7.919837475
0.532839476,7.920716763
0.533098696,7.925209045
0.533347903,7.924915791
0.53360766,7.924710274
0.53386259,7.92392683
0.534113048,7.9226017
0.534347891,7.923659325
0.534597634,7.923751354
0.53484553,7.923975945
0.5351178630000001,7.924499989
0.535371064,7.925451279
0.5355982770000001,7.92301178
0.535856901,7.921217918
0.536101519,7.9223032
0.536346852,7.92142725
0.536602496,7.91917181
0.5368551,7.922696114
0.5371134860000001,7.923617363
0.537361859,7.921717167
0.5376098140000001,7.92342329
0.537852167,7.920826912
0.5381168110000001,7.923782349
0.5383558860000001,7.921640396
0.538603543,7.922749996
0.538852214,7.921730518
0.5391227590000001,7.919992447
0.539370953,7.920624733
0.539624332,7.9201231
0.5398477300000001,7.916613102
0.5400831690000001,7.920604229
0.540335892,7.920890331
0.5405893310000001,7.922663689
0.540862976,7.92147398
0.541115223,7.92161417
0.541378914,7.918990612
0.5416072590000001,7.917774677
0.5418475850000001,7.917017937
0.542116045,7.91920948
0.542336284,7.917117596
0.542597114,7.918880463
0.5428402410000001,7.917394638
0.543109654,7.918311119
0.543353497,7.921130657
0.543603538,7.920140743
0.543837427,7.918281555
0.544095157,7.919766426
0.544356941,7.919238091
0.544617354,7.918466568
0.5448705540000001,7.918967247
0.5451030720000001,7.916703701
0.5453457820000001,7.916335106
0.545597254,7.916665554
0.545843362,7.920014381
0.546088217,7.92036581
0.546353875,7.920203686
0.546632467,7.920415401
0.546865998,7.916997433
0.547116755,7.913173199
0.54735124,7.914261341
0.547585725,7.917432785
0.547844051,7.916784763
0.548090755,7.915552139
0.548349916,7.915295124
0.54860407,7.91665554
0.548845111,7.918540001
0.549103199,7.915389061
0.549355506,7.915307999
0.5495885,7.915935516
0.549856483,7.917319298
0.5501005640000001,7.919154644
0.5503682480000001,7.915552616
0.5506118520000001,7.915211678
0.5508492580000001,7.914910316
0.551101445,7.91478014
0.5513494,7.914148808
0.551603674,7.917210579
0.5518519270000001,7.915772915
0.5521029820000001,7.914188385
0.5523501620000001,7.913223743
0.55259627,7.913484573
0.552851318,7.912368774
0.5531043400000001,7.91391325
0.55335003,7.914371967
0.553603529,7.913578987
0.553856848,7.915386677
0.554097174,7.91310215
0.554365097,7.911001682
0.5545891510000001,7.91098547
0.554842292,7.910385609
0.5551039560000001,7.911129475
0.5553537000000001,7.911859512
0.555604635,7.914688587
0.555871903,7.912589073
0.55610293,7.90917778
0.556335388,7.911353588
0.5566064700000001,7.913437366
0.556867777,7.911694527
0.557094394,7.913133621
0.5573626150000001,7.913060188
0.557615458,7.911118984
0.557848989,7.909019947
0.5581096990000001,7.90998888
0.5583629600000001,7.90886879
0.558600007,7.910419941
0.5588567240000001,7.910821915
0.559105037,7.90894556
0.559358596,7.910253525
0.559611438,7.910014153
0.559848784,7.910132885
0.56010115,7.907855511
0.5603621590000001,7.908670902
0.560617922,7.910936832
0.5608559240000001,7.911091328
0.5611073360000001,7.910684109
0.561360596,7.909603119
0.561615108,7.907421112
0.561849712,7.907494068
0.562109588,7.908566952
0.562365471,7.90887785
0.562609314,7.905222416
0.562859534,7.906918526
0.563113033,7.907604218
0.5633500210000001,7.907934666
0.563608407,7.908063889
0.563845216,7.908287048
0.564105509,7.90963459
0.5643459550000001,7.908174992
0.564614772,7.908682823
0.564870595,7.907174587
0.5651099070000001,7.907359123
0.565370618,7.903157234
0.565622925,7.90571928
0.5658546670000001,7.904693127
0.5661086430000001,7.905608177
0.566364645,7.907007694
0.56662309,7.907044411
0.5668603170000001,7.904533863
0.567105948,7.90319252
0.567350923,7.903612137
0.567602574,7.904996395
0.567847549,7.904985428
0.568106829,7.906617641
0.5683599100000001,7.905502796
0.568618237,7.902866364
0.568859874,7.905273914
0.5691046700000001,7.902640343
0.569357454,7.902341843
0.569597064,7.904831886
0.569850205,7.903157234
0.570105253,7.902995586
0.570379018,7.903954506
0.5705881700000001,7.902087212
0.570845782,7.901361942
0.571113108,7.904325962
0.571352421,7.901828289
0.571608065,7.903067589
0.571868836,7.904118538
0.572102903,7.902421474
0.572345852,7.898860931
0.572599469,7.901346684
0.5728591070000001,7.898375034
0.57311046,7.900009632
0.573361157,7.90392971
0.5736074440000001,7.902681828
0.573864459,7.90228653
0.574106871,7.900184631
0.5743497000000001,7.89902401
0.574602185,7.898873806
0.574840723,7.899075508
0.575101374,7.89944458
0.575367092,7.899717808
0.575607239,7.89892292
0.575859903,7.899659634
0.576090156,7.899137497
0.5763550980000001,7.899793625
0.576615571,7.899704933
0.5768532740000001,7.897955418
0.577125548,7.897502422
0.577371834,7.898957729
0.577624916,7.897023678
0.5778670890000001,7.895349979
0.578106164,7.896454334
0.5783606760000001,7.895224094
0.578598915,7.898192883
0.5788826930000001,7.897256851
0.5791136610000001,7.894678116
0.579363226,7.897221565
0.579596876,7.895628452
0.5798493020000001,7.89475441
0.580109297,7.896735191
0.580355285,7.895008087
0.5806012740000001,7.89697504
0.5808879720000001,7.898236275
0.581126212,7.896621227
0.5813632590000001,7.893161774
0.581608711,7.896731377
0.5818492160000001,7.895855904
0.582108496,7.899346828
0.5823610410000001,7.894690514
0.582625924,7.896303177
0.5828680980000001,7.894157887
0.583115159,7.89473629
0.583373903,7.892096996
0.583609163,7.894007206
0.583865045,7.894936085
0.5841017350000001,7.892222404
0.584368883,7.895070076
0.584610878,7.896143436
0.584875463,7.894098282
0.585122107,7.89003706
0.585356055,7.891801357
0.5855893480000001,7.893158913
0.585849641,7.892454624
0.5861132130000001,7.890895844
0.586378692,7.892028332
0.586634992,7.894869328
0.586867987,7.892251015
0.587110935,7.889329433
0.5873562680000001,7.887384415
0.5875995740000001,7.893930435
0.5878622520000001,7.891751289
0.588110565,7.893489361
0.588354527,7.890563965
0.5886300790000001,7.89278698
0.588860987,7.888153553
0.589108645,7.88885355
0.589371442,7.886882305
0.589608966,7.888685226
0.5898458950000001,7.88850975
0.5901219830000001,7.891092777
0.590373396,7.887586117
0.590620099,7.889676571
0.590857147,7.887203217
0.5911061160000001,7.886941433
0.5913591970000001,7.888280869
0.5916083440000001,7.890408516
0.591857492,7.888574123
0.592126487,7.887095928
0.592372476,7.889711857
0.5926259150000001,7.886356354
0.59285432,7.884717464
0.5931150900000001,7.88654995
0.5933560720000001,7.886841297
0.5936142790000001,7.888777733
0.593861579,7.888077736
0.594129919,7.887542725
0.5943717350000001,7.886245728
0.5946108090000001,7.884020329
0.594859182,7.884203911
0.595118402,7.884582996
0.595364808,7.88402319
0.595620512,7.882691383
0.5958671560000001,7.882301331
0.5961127860000001,7.885673523
0.596363364,7.883917809
0.5966019020000001,7.883787632
0.5968471160000001,7.882012844
0.597102522,7.884905338
0.597364782,7.885622501
0.5976214990000001,7.885481358
0.5978608120000001,7.883562565
0.5981203310000001,7.880675793
0.598353444,7.880694389
0.598607897,7.881437302
0.598857759,7.883482456
0.5991089930000001,7.881504536
0.5993695840000001,7.883571625
0.5996226060000001,7.881047249
0.5998681180000001,7.878516197
0.600120245,7.88091135
0.600378572,7.879935265
0.6006149040000001,7.880290985
0.60084921,7.880291462
0.6011215440000001,7.881511688
0.601366519,7.882289886
0.6016237130000001,7.880739212
0.601873993,7.877438545
0.602107881,7.877501011
0.6023606650000001,7.878029346
0.6025992020000001,7.881091118
0.602861344,7.87892437
0.6031135900000001,7.882099628
0.6033513530000001,7.880482197
0.603617011,7.878896713
0.603857635,7.879222393
0.6041263330000001,7.878149509
0.604373037,7.877845287
0.604623555,7.878504276
0.6048668610000001,7.879059315
0.6051098100000001,7.878772736
0.605366646,7.877899647
0.605613409,7.877199173
0.6058505160000001,7.876167297
0.606114327,7.876954079
0.606360792,7.877503872
0.606613456,7.877667904
0.60686469,7.876456261
0.6071197970000001,7.878534317
0.60736364,7.874763966
0.6076070060000001,7.874369621
0.607867061,7.875842571
0.608116089,7.874340534
0.6083718530000001,7.873740196
0.608628093,7.872577667
0.608868002,7.873416424
0.609115719,7.872488976
0.609365283,7.870829582
0.6096091260000001,7.874362469
0.6098607770000001,7.871470451
0.610100387,7.873729706
0.610369025,7.876051426
0.6106241330000001,7.874975681
0.6108732210000001,7.873718739
0.611118017,7.871160984
0.6113701450000001,7.871079922
0.611607133,7.868970871
0.611846982,7.871236324
0.612114905,7.872970104
0.6123631580000001,7.870353222
0.6126058090000001,7.870519161
0.612865089,7.871845722
0.6131227,7.870284081
0.613376855,7.87022686
0.613614379,7.868879318
0.613850831,7.869099617
0.6141131510000001,7.870249271
0.614369212,7.86864996
0.6146172870000001,7.868519306
0.614850281,7.86971426
0.615110575,7.86899519
0.615366398,7.868959427
0.6156157240000001,7.869157314
0.615874051,7.868667126
0.616138457,7.870559692
0.616361736,7.867413998
0.6166132080000001,7.870070934
0.6168665280000001,7.864392281
0.617102979,7.867977619
0.6173726900000001,7.868391991
0.617608665,7.866501331
0.617861568,7.867115974
0.618103026,7.867203712
0.618366717,7.8651824
0.6186247460000001,7.865965843
0.618865369,7.865969181
0.6191139800000001,7.866422653
0.619376241,7.866020679
0.6196258060000001,7.864654541
0.619879006,7.86126852
0.620117365,7.862493515
0.6203641280000001,7.862669945
0.620591401,7.862258434
0.6208555090000001,7.863912106
0.621110617,7.862587452
0.621361791,7.863934517
0.621619283,7.864448071
0.621861993,7.863713741
0.622104226,7.861539364
0.622365593,7.862053871
0.622618197,7.861825943
0.622869788,7.862417698
0.6231197110000001,7.861909389
0.623367726,7.861831665
0.623617588,7.862537861
0.623866318,7.860692024
0.624116419,7.859114647
0.624366461,7.860756874
0.624602615,7.860613346
0.624863087,7.861170769
0.625120162,7.859377384
0.6253719910000001,7.861937046
0.6256184570000001,7.858660698
0.625863908,7.856660366
0.6261076910000001,7.860227108
0.626348256,7.85858202
0.626626908,7.861730099
0.626872061,7.859797955
0.627120672,7.858419895
0.627367793,7.857088089
0.6276111590000001,7.857533932
0.627859532,7.856995583
0.6281204810000001,7.856705666
0.628366827,7.85804224
0.628614961,7.858047009
0.6288691150000001,7.857809544
0.629115223,7.856644154
0.629366575,7.854073524
0.629605948,7.853059292
0.6298694,7.853123188
0.6300942890000001,7.854583263
0.630352794,7.857429504
0.630619346,7.855373383
0.6308689700000001,7.854737759
0.631125449,7.855688572
0.631359576,7.851035118
0.631608425,7.853399754
0.631859063,7.854985237
0.632118164,7.854517937
0.6323819150000001,7.855705261
0.632632791,7.853462219
0.6328620300000001,7.851861477
0.6331019990000001,7.850765705
0.633366643,7.852637768
0.633613466,7.850775719
0.6338692290000001,7.85133028
0.634131132,7.853491306
0.634358882,7.853299618
0.6346136920000001,7.850986958
0.63486111,7.849441051
0.635121642,7.849239349
0.635377108,7.849161148
0.635595142,7.850209236
0.635864257,7.849999905
0.636113762,7.848820686
0.636362551,7.84736681
0.636624812,7.846496105
0.636860608,7.846912861
0.6371166690000001,7.848773956
0.637355028,7.847257614
0.637627064,7.848486423
0.637879013,7.849802494
0.63812661,7.848735332
0.638362168,7.846119404
0.638614892,7.845693588
0.6388602240000001,7.846637249
0.639120816,7.845416069
0.639365433,7.846759319
0.639627038,7.846433163
0.6398664700000001,7.845402241
0.640137194,7.847607613
0.640374898,7.844249249
0.640612959,7.842003822
0.640856026,7.844508648
0.641099631,7.846274376
0.641372501,7.845331192
0.64162439,7.846135616
0.6418747890000001,7.844479561
0.6421274530000001,7.842287064
0.642367958,7.83981657
0.642602204,7.83846426
0.642862319,7.84236908
0.643104671,7.841697216
0.643366097,7.841958046
0.64361292,7.844304562
0.643872558,7.843426228
0.644111513,7.839326382
0.644370972,7.840702534
0.64460951,7.838472366
0.64485824,7.843378067
0.6451176390000001,7.840091705
0.645370601,7.843176365
0.645613848,7.839218616
0.645867466,7.841740608
0.64611554,7.839296341
0.646357595,7.839076996
0.6465967880000001,7.839549541
0.646870135,7.844097137
0.647130011,7.841582298
0.647388874,7.83810091
0.647618114,7.836079597
0.6478557570000001,7.838528633
0.6481052620000001,7.838429451
0.6483543500000001,7.839552402
0.6486300810000001,7.83894968
0.6488701090000001,7.840829849
0.649131416,7.838973045
0.649372994,7.836550236
0.649617671,7.835487366
0.649858593,7.834033012
0.650095462,7.835526943
0.650356232,7.837051868
0.650626241,7.836370945
0.6508615,7.837576866
0.651123105,7.836059093
0.651361524,7.832606316
0.651611327,7.833740711
0.6518674480000001,7.834344864
0.652106761,7.832917213
0.652352511,7.832241058
0.652613639,7.832586288
0.652856408,7.834003448
0.653113424,7.835266113
0.653352915,7.832233429
0.6536054600000001,7.832951069
0.653880356,7.830644131
0.654121815,7.831480026
0.654376744,7.830976963
0.65462613,7.82996273
0.654865502,7.829870701
0.655125021,7.828173637
0.655363201,7.828179359
0.6556073410000001,7.828156948
0.655860542,7.828755856
0.656123816,7.830702782
0.656382381,7.829679966
0.656621216,7.829465866
0.656872986,7.828935623
0.657117842,7.828602791
0.657369434,7.827655315
0.6576167930000001,7.825012684
0.6578546150000001,7.831822395
0.658128856,7.827041626
0.658373414,7.827636242
0.6586217870000001,7.823946953
0.658865629,7.822706699
0.659101664,7.826218605
0.659353076,7.827875137
0.659603952,7.827573299
0.6598735440000001,7.8268466
0.66013944,7.825971127
0.6603741040000001,7.823869705
0.6606183640000001,7.823900223
0.660870551,7.823113918
0.661118387,7.821913719
0.661380826,7.823545456
0.661628126,7.824692249
0.661869107,7.823561192
0.662116467,7.82101202
0.662375449,7.822485924
0.6626104700000001,7.822870255
0.66286075,7.821301937
0.663126706,7.822130203
0.663392662,7.821315765
0.663625537,7.820023537
0.663855849,7.820294857
0.6641048780000001,7.820377827
0.6643569460000001,7.822900295
0.664616822,7.823588848
0.6648682340000001,7.823142052
0.665126561,7.821766853
0.6653777940000001,7.820162773
0.665609895,7.819290638
0.665868639,7.819355011
0.666111051,7.818302155
0.666354357,7.817778111
0.666605173,7.821490288
0.6668706520000001,7.820994377
0.667131005,7.820389271
0.667370437,7.817278862
0.6676238170000001,7.815315247
0.667866944,7.81428051
0.668125747,7.815298557
0.6683666690000001,7.813916206
0.668615936,7.816772938
0.6688649050000001,7.817127705
0.6691195360000001,7.81586647
0.669378816,7.815195084
0.6696100220000001,7.814908981
0.669851957,7.813836098
0.670111357,7.814765453
0.670358597,7.81411171
0.6706152550000001,7.814503193
0.670876323,7.815732956
0.6711229670000001,7.813056946
0.671372949,7.809492588
0.671628593,7.810421944
0.6718540780000001,7.808081627
0.672105013,7.80959177
0.672368048,7.810973167
0.672606288,7.809246063
0.672868072,7.809752464
0.673109351,7.809484005
0.673349618,7.809391499
0.673603295,7.809446335
0.6738510120000001,7.80982399
0.674109935,7.807832718
0.6743744,7.809354305
0.6746262900000001,7.809425354
0.674865543,7.80396843
0.6751074180000001,7.806378841
0.675357996,7.810266495
0.675611077,7.808066845
0.675861477,7.807470798
0.676104723,7.808888912
0.67635995,7.807806015
0.6766180980000001,7.807315826
0.676874219,7.806111813
0.677120684,7.805611134
0.677350341,7.805386543
0.677621959,7.806797981
0.677859663,7.804683685
0.6781221620000001,7.803855896
0.6783499110000001,7.802166462
0.678609847,7.801603317
0.6788527360000001,7.801134109
0.6790950880000001,7.801967621
0.6793464410000001,7.803777695
0.6796060190000001,7.803725243
0.6798709620000001,7.805584908
0.68011695,7.80108881
0.680366753,7.801904202
0.680608152,7.798175335
0.6808402530000001,7.800196648
0.681107758,7.801727295
0.681362032,7.800011158
0.681607364,7.801184654
0.681873678,7.800667286
0.6821166860000001,7.79586792
0.682358264,7.797371864
0.6826049080000001,7.796146393
0.682844518,7.796198845
0.6830937850000001,7.800081253
0.6833626620000001,7.797350883
0.683600246,7.795705795
0.6838405120000001,7.79776144
0.6841012820000001,7.799114704
0.684356688,7.797930717
0.684608399,7.797786713
0.6848594530000001,7.797215939
0.6851020440000001,7.793804169
0.68534541,7.796548367
0.685589789,7.792749405
0.685844718,7.794079781
0.686094402,7.796779633
0.686376988,7.796745777
0.686636864,7.79517746
0.686869858,7.791810513
0.6871239530000001,7.791656017
0.687356948,7.789823055
0.687596439,7.792565346
0.687852977,7.792738914
0.688116072,7.793951511
0.688369988,7.7947402
0.68861693,7.792936325
0.68886727,7.791277885
0.689117669,7.789153576
0.689343868,7.791374207
0.6896175130000001,7.792268276
0.689875959,7.792647362
0.690111934,7.790671349
0.690391539,7.78976202
0.6906140430000001,7.786394119
0.690851568,7.788524628
0.691117583,7.788423538
0.691355048,7.789577484
0.6916095010000001,7.788488865
0.6918729530000001,7.788757324
0.692106305,7.786770344
0.6923621280000001,7.785511494
0.692610382,7.785879612
0.692856549,7.786146164
0.6931221470000001,7.78624773
0.693355738,7.785443783
0.69360721,7.787101269
0.693860947,7.784260273
0.694109379,7.783327579
0.694370626,7.784144878
0.694610594,7.783234596
0.694833516,7.783092499
0.6950995910000001,7.786530018
0.695366143,7.785266876
0.695617734,7.783668995
0.695864736,7.782641411
0.696106552,7.783875942
0.696354865,7.785396099
0.696606992,7.785545349
0.696860908,7.784234047
0.697125851,7.784243107
0.697367786,7.783660889
0.697613,7.779319286
0.697853385,7.778439522
0.698118864,7.781905174
0.698360799,7.78139019
0.698613166,7.780746937
0.6988842470000001,7.781714916
0.699136494,7.779031277
0.699357985,7.776783466
0.6996118410000001,7.777971268
0.6998547900000001,7.778717995
0.7001142490000001,7.778824806
0.700401424,7.783635139
0.7006537310000001,7.784990311
0.700867652,7.781419277
0.70110011,7.78271246
0.701355873,7.781711578
0.7016038880000001,7.781194687
0.7018753870000001,7.783591747
0.702127277,7.783108234
0.702371894,7.780870914
0.702623545,7.7812953
0.702862261,7.784806728
0.703119575,7.781592369
0.703374265,7.778395653
0.703629016,7.778479576
0.7038644540000001,7.781529427
0.7041392310000001,7.780809879
0.7043851010000001,7.776372433
0.704609452,7.777205467
0.7048681960000001,7.77431488
0.705118059,7.779923439
0.70537275,7.77872467
0.7056187380000001,7.776414871
0.705875276,7.778076649
0.706125616,7.779829502
0.706365644,7.775960922
0.706617414,7.775512218
0.70686972,7.775321007
0.707101701,7.77680397
0.707378744,7.77391243
0.707621335,7.776125908
0.7078742370000001,7.77415514
0.7081266030000001,7.772630215
0.708372055,7.771372318
0.708619832,7.769434929
0.7088629590000001,7.774426937
0.7091311800000001,7.775998116
0.709363757,7.774902344
0.709632872,7.774563789
0.709890424,7.772243977
0.7101053580000001,7.772677898
0.710341929,7.770610809
0.7106094940000001,7.771413803
0.710863231,7.769192696
0.711106895,7.773329735
0.711374222,7.771183968
0.7116348730000001,7.769769192
0.711875259,7.769752979
0.7121314990000001,7.76926136
0.71236056,7.767565727
0.7126095880000001,7.767711639
0.7128723250000001,7.768844604
0.71312481,7.767203331
0.7133806340000001,7.770196438
0.7136281720000001,7.766946793
0.713888882,7.767416954
0.714118181,7.768402576
0.714367686,7.765224457
0.714619993,7.764864445
0.714871644,7.764417648
0.7151226980000001,7.765613079
0.715379714,7.764805794
0.7156237950000001,7.764099598
0.715862809,7.763011932
0.716114699,7.762773991
0.716370224,7.765270233
0.716614543,7.764146328
0.716858565,7.763787746
0.717114209,7.763708115
0.7173615090000001,7.761613369
0.7176167360000001,7.763307095
0.717861949,7.763569832
0.718127547,7.762071133
0.718366562,7.762732506
0.7186298950000001,7.76243782
0.7188786850000001,7.758991241
0.719125031,7.759615898
0.7193785300000001,7.759272575
0.719589649,7.75090313
0.719831585,7.754540443
0.7201181640000001,7.755572319
0.720374821,7.755935192
0.7206355320000001,7.752923965
0.720873474,7.749764919
0.721127568,7.751459599
0.721371292,7.751455307
0.7216187700000001,7.748466492
0.721864461,7.749295712
0.722125052,7.746881962
0.722394525,7.749733448
0.722626506,7.74699688
0.722858428,7.745341301
0.723101078,7.747673988
0.7233480800000001,7.747354984
0.723632036,7.748967171
0.723875104,7.746901035
0.7241174570000001,7.747235775
0.724379777,7.745677471
0.724613725,7.744270802
0.724862574,7.742981911
0.725117146,7.745218754
0.725374757,7.74412775
0.725626706,7.747650623
0.725876807,7.745715618
0.726139365,7.744175434
0.726383148,7.742842197
0.726622163,7.742381096
0.72686088,7.741889477
0.727115332,7.741232872
0.727367102,7.740614414
0.7276208390000001,7.744544506
0.727879285,7.742224216
0.728140353,7.744103909
0.728378175,7.740001202
0.728615819,7.737446785
0.7288729540000001,7.739024639
0.72910869,7.739837646
0.729381083,7.739861012
0.729620217,7.741711617
0.7298688280000001,7.740463734
0.730124532,7.738649845
0.7303699840000001,7.736995697
0.7306333770000001,7.738828659
0.7308799610000001,7.735898495
0.7311248770000001,7.738099575
0.7313765870000001,7.738359928
0.731628715,7.736779213
0.731878279,7.734167099
0.7321288570000001,7.735107899
0.732356487,7.738179207
0.73259735,7.737649918
0.7328745710000001,7.736073971
0.73314309,7.737127304
0.733377515,7.734696388
0.7336222520000001,7.734991074
0.7338600740000001,7.734994888
0.7341261490000001,7.733346939
0.7343784560000001,7.734765053
0.734642564,7.732773781
0.734883546,7.733082294
0.735127031,7.73192358
0.7353814830000001,7.732361794
0.735620497,7.731236935
0.735876917,7.73096323
0.7361350050000001,7.729310036
0.736374437,7.728834629
0.736606835,7.728591919
0.736866652,7.729160786
0.7371354090000001,7.729245663
0.737390159,7.729137897
0.737622439,7.726817608
0.737876533,7.728171825
0.738102852,7.728858948
0.73837149,7.728193283
0.738609968,7.729692459
0.738878189,7.7282691
0.739120542,7.725608826
0.7393811330000001,7.726818562
0.739627837,7.725871086
0.7398746,7.725009918
0.740127145,7.725524902
0.7403685440000001,7.727366924
0.740634142,7.723721027
0.740870594,7.728169441
0.7411393510000001,7.723288059
0.741376041,7.723259926
0.741629361,7.724445343
0.7418675410000001,7.720715523
0.742113649,7.723409176
0.742364048,7.725266457
0.742638766,7.723100662
0.742890059,7.72089529
0.7431310400000001,7.718914032
0.743385135,7.720115662
0.7436215860000001,7.718102932
0.7438618530000001,7.71850729
0.744114159,7.72013855
0.7443721280000001,7.71973753
0.744628309,7.718241215
0.7448830000000001,7.717092991
0.745134531,7.713728905
0.7453739030000001,7.714754581
0.745631455,7.715575695
0.745871245,7.715452671
0.74612981,7.71609354
0.7463830100000001,7.714518547
0.74662578,7.715281963
0.746875464,7.713883877
0.7471244920000001,7.712991238
0.747374712,7.711918354
0.7476228460000001,7.712514877
0.7478817090000001,7.712355614
0.748125731,7.71449852
0.748377978,7.710860252
0.74862331,7.710346222
0.7488661990000001,7.711373329
0.749108075,7.711511135
0.749372123,7.712262154
0.74963492,7.712735176
0.749891399,7.712714195
0.750135599,7.711986065
0.750372409,7.707994938
0.7506350270000001,7.711393833
0.7508698690000001,7.710622311
0.751097797,7.707374096
0.751368104,7.709508419
0.7516351330000001,7.709780693
0.751889526,7.709182739
0.7521356330000001,7.707196236
0.752383767,7.706110001
0.752624928,7.706765175
0.75286734,7.704573154
0.7531191690000001,7.706614494
0.753377913,7.708815575
0.753644227,7.707006454
0.753894685,7.704638481
0.7541176070000001,7.70570755
0.754351913,7.702177048
0.7546042190000001,7.703532696
0.754864274,7.702840328
0.7551134810000001,7.708246708
0.755368947,7.705318451
0.755635856,7.705029488
0.755895494,7.703146935
0.756131588,7.703127384
0.756381749,7.703210354
0.756609081,7.700420856
0.756878673,7.702311039
0.757151364,7.701818466
0.757387518,7.702492714
0.757632552,7.698880672
0.757896959,7.700156212
0.758113323,7.695470333
0.758364795,7.699743748
0.75862193,7.699948311
0.758897244,7.69931221
0.7591349470000001,7.699306965
0.759381949,7.701715946
0.7596292480000001,7.694228649
0.759874283,7.694579124
0.7601116290000001,7.69326973
0.7603731140000001,7.69737339
0.7606286990000001,7.696109295
0.7608781440000001,7.697237968
0.7611214510000001,7.694265842
0.7613789430000001,7.697992325
0.761632858,7.692548752
0.761872171,7.6964674
0.76211059,7.692569733
0.7623599160000001,7.695160866
0.762626349,7.695294857
0.762880503,7.69465065
0.7631517640000001,7.693021297
0.7633970370000001,7.692566872
0.7636321770000001,7.69211483
0.763887285,7.688653946
0.764137684,7.690692425
0.764390825,7.690747738
0.7646237,7.688091278
0.764887749,7.688883305
0.765131055,7.688359261
0.765392183,7.690135479
0.765615104,7.688596249
0.765877126,7.689270973
0.766129254,7.686366558
0.7663794740000001,7.68583107
0.7666298140000001,7.687497616
0.766883789,7.68716383
0.767139374,7.684880733
0.767386674,7.686407566
0.76762396,7.686960697
0.767870187,7.684167385
0.768117307,7.685669422
0.768368124,7.686666965
0.768631457,7.684541225
0.768879174,7.685973167
0.7691237320000001,7.685162067
0.7693803300000001,7.686279774
0.769618629,7.682469368
0.769868909,7.685164452
0.7701409450000001,7.684500694
0.7703917610000001,7.684720039
0.770648836,7.679394722
0.770891188,7.681277275
0.7711390840000001,7.677946091
0.771366655,7.67728138
0.771617173,7.678646088
0.7718706120000001,7.680258751
0.772139429,7.680508614
0.7723718270000001,7.67884016
0.772641121,7.680699348
0.772879599,7.675030231
0.773132681,7.676142693
0.7733696090000001,7.674629211
0.773611485,7.675739765
0.773869275,7.6779809
0.774131476,7.677293777
0.774387418,7.675767422
0.774638234,7.672250271
0.77487254,7.67386961
0.775125979,7.673864365
0.775376617,7.672277451
0.775618135,7.67357254
0.7758703220000001,7.673628807
0.776134192,7.673965454
0.7763741000000001,7.674627781
0.776635586,7.673086166
0.7768790710000001,7.672194958
0.777127384,7.670205116
0.777380167,7.666713715
0.777632116,7.670190811
0.7778889520000001,7.669808865
0.778132676,7.669682026
0.778392492,7.668723583
0.778626679,7.66692543
0.7788792840000001,7.670628071
0.779130458,7.669154167
0.779388128,7.6673522
0.779620229,7.669456959
0.779870092,7.667114258
0.780136524,7.666217327
0.780393242,7.666914463
0.780615209,7.664574146
0.7808755030000001,7.664243698
0.781120359,7.664449215
0.781385361,7.664932251
0.7816239580000001,7.664791107
0.781879722,7.662779808
0.782125233,7.661922455
0.782375573,7.663519859
0.782628654,7.661279202
0.782868921,7.66071701
0.7831219420000001,7.661476135
0.783383428,7.660945415
0.7836237540000001,7.661692142
0.783888816,7.659870148
0.784137009,7.661044598
0.784378229,7.658332348
0.784638523,7.658324718
0.784858762,7.656469345
0.7851096980000001,7.661772728
0.7853864420000001,7.660841942
0.785633205,7.659065247
0.785908221,7.658513546
0.7861529580000001,7.657158852
0.7863839260000001,7.655843735
0.7866199,7.652175903
0.7868568880000001,7.653937817
0.787127851,7.656578064
0.787376462,7.657049179
0.7876260270000001,7.654287338
0.787888883,7.656048775
0.788150011,7.653141499
0.788385807,7.650081635
0.788615941,7.651203632
0.788867949,7.651062965
0.7891376600000001,7.65225935
0.789382158,7.651198387
0.7896358950000001,7.650473595
0.7898870100000001,7.649919033
0.790134011,7.651463032
0.790369033,7.650775909
0.7906154980000001,7.650024891
0.7908698900000001,7.650829792
0.7911468140000001,7.652674198
0.791394232,7.651640415
0.7916393270000001,7.648735523
0.791883587,7.651002407
0.792131542,7.648122311
0.792364536,7.647488594
0.792628227,7.64855051
0.792890667,7.646741867
0.793144046,7.648397446
0.793394982,7.645517349
0.793627082,7.64445734
0.79388672,7.645493984
0.794125615,7.64187479
0.794378935,7.64546299
0.794624208,7.643603325
0.794879793,7.644620419
0.7951307280000001,7.644490719
0.795391678,7.642518997
0.7956230630000001,7.641885757
0.795883118,7.638838291
0.796117901,7.64051342
0.796381413,7.642440796
0.796633302,7.640429974
0.796865283,7.639245987
0.7971343390000001,7.63876915
0.797392188,7.641155243
0.7976242290000001,7.641180992
0.797874092,7.639093399
0.7981318820000001,7.639212132
0.798354207,7.641093731
0.79862213,7.639087677
0.7988866560000001,7.639797688
0.799159347,7.6365695
0.799396275,7.636737347
0.799625574,7.635653973
0.7998644100000001,7.633139133
0.800117253,7.632724285
0.8003733150000001,7.634078503
0.80061674,7.636641979
0.800867556,7.635465145
0.801140009,7.63654089
0.8014091240000001,7.632637024
0.80162531,7.631982327
0.80186963,7.632657051
0.802134632,7.632430077
0.802374421,7.631727219
0.802628099,7.632687092
0.802876531,7.633235931
0.8031362280000001,7.632220745
0.803374647,7.630390167
0.803624748,7.627696514
0.803879915,7.632395267
0.8041265590000001,7.628795147
0.804372965,7.627473354
0.804614602,7.628448009
0.8048729290000001,7.629313946
0.805122195,7.628351688
0.805369793,7.629173756
0.805623769,7.629331589
0.805861591,7.626309872
0.806113838,7.626013279
0.806379079,7.626198769
0.806633292,7.627789497
0.806878506,7.624882221
0.807115494,7.624288559
0.807360469,7.623465061
0.8076100340000001,7.623812199
0.8078804,7.625646591
0.808142184,7.624125481
0.808391987,7.624648094
0.8086234320000001,7.622419357
0.808873295,7.620838165
0.809128104,7.619924545
0.8093741520000001,7.618532658
0.8096086370000001,7.621821404
0.809877931,7.62050581
0.810147344,7.623250961
0.810389696,7.619243145
0.810626148,7.6179533
0.810883044,7.619330883
0.811127661,7.61737299
0.8113790740000001,7.615764141
0.8116140350000001,7.616535664
0.8118712290000001,7.617174625
0.8121385560000001,7.618534565
0.812387704,7.616046429
0.812637507,7.613131523
0.8128809920000001,7.612144947
0.813116907,7.612232685
0.813375829,7.611888409
0.8136164530000001,7.614802361
0.813881336,7.615707397
0.814129053,7.616028786
0.814387678,7.614025593
0.8146314010000001,7.612484932
0.814886509,7.611263275
0.815141617,7.611465931
0.815359114,7.610577106
0.8156205400000001,7.611852169
0.8158845290000001,7.612846851
0.816137074,7.609453201
0.816377817,7.608427525
0.8166188590000001,7.612015724
0.816867648,7.609727383
0.817136823,7.608469009
0.817392825,7.608268261
0.8176267730000001,7.606131077
0.817862092,7.606616974
0.8181240550000001,7.606446743
0.818381368,7.606478691
0.818633436,7.605237484
0.818872927,7.604416847
0.819130837,7.603595734
0.8193921430000001,7.605230331
0.819627165,7.604447365
0.8198900210000001,7.603357315
0.820119201,7.604094505
0.820373176,7.602538109
0.820629119,7.602651596
0.820880114,7.603830338
0.8211230030000001,7.603432178
0.821385859,7.603862286
0.8216258270000001,7.602573395
0.821885883,7.599058628
0.822106003,7.597844124
0.8223638520000001,7.598455906
0.822619198,7.599766254
0.8228798500000001,7.600973129
0.823136269,7.598853588
0.8233960260000001,7.600439072
0.823624729,7.596666813
0.8238761410000001,7.595422268
0.824124395,7.594722271
0.824365615,7.596259594
0.824612974,7.595714569
0.824876307,7.598116875
0.8251451240000001,7.597392082
0.825393437,7.59446764
0.825645446,7.59111166
0.825890361,7.593182564
0.826109945,7.588716984
0.826374649,7.592951298
0.82661724,7.593178749
0.826877831,7.591544151
0.827136575,7.594387054
0.8273918020000001,7.592382431
0.827646195,7.588155746
0.827878236,7.587502003
0.828105985,7.588171959
0.828369259,7.589001656
0.8286299100000001,7.587342262
0.828879296,7.587886333
0.8291291580000001,7.588398457
0.829376756,7.588173389
0.8296248900000001,7.587001324
0.8298609840000001,7.586388588
0.830128192,7.585564613
0.8303803190000001,7.584746838
0.8306294670000001,7.586365223
0.830885588,7.583457947
0.831150888,7.583182812
0.831380008,7.583952427
0.831607698,7.582256794
0.831869005,7.582067013
0.832131802,7.581655025
0.832377969,7.579437256
0.8326240770000001,7.580376625
0.832874058,7.581021309
0.8331255900000001,7.57970953
0.833385228,7.581196785
0.833634614,7.58009243
0.83387345,7.579949379
0.83411765,7.579673767
0.834376215,7.580082893
0.834626375,7.577798367
0.8348816020000001,7.578004837
0.835131346,7.580303192
0.835374116,7.576268196
0.8356172430000001,7.575935841
0.835872291,7.575662613
0.8361300810000001,7.576023102
0.836372672,7.573823452
0.836642085,7.573372364
0.8368771660000001,7.572025299
0.837116598,7.574486256
0.837369798,7.573163509
0.8376187070000001,7.573760986
0.837862729,7.57282114
0.8381344070000001,7.573167324
0.838376342,7.571604729
0.838627576,7.569596767
0.838874994,7.568824291
0.8391280160000001,7.568387508
0.839369236,7.56959486
0.83960837,7.570487499
0.8398926250000001,7.572104931
0.840134202,7.568861485
0.840381025,7.568871975
0.840624689,7.567873001
0.840862094,7.565344334
0.841112791,7.569252014
0.841374515,7.567392826
0.841637074,7.566253662
0.841872452,7.565173149
0.842127203,7.566910267
0.842387973,7.564825535
0.8426236500000001,7.563237667
0.842887877,7.565116405
0.843116282,7.563482285
0.843374191,7.56286478
0.843632756,7.563000679
0.843873619,7.561957836
0.844124674,7.563857079
0.8443883050000001,7.561300278
0.8446228490000001,7.557917118
0.844860552,7.55856514
0.8451080910000001,7.55955267
0.845385312,7.563559055
0.845622121,7.561963081
0.845883547,7.56221199
0.84614247,7.560186386
0.8463881600000001,7.559485435
0.846637188,7.555449963
0.8468675600000001,7.557082653
0.847125827,7.5589118
0.8473801000000001,7.55817318
0.847641348,7.55721426
0.847873508,7.55552578
0.848132251,7.553908348
0.84838724,7.553211689
0.8486367450000001,7.551727772
0.848879157,7.556097507
0.84912294,7.555616379
0.8493763790000001,7.554193497
0.84963411,7.551514626
0.849874138,7.551425457
0.850128173,7.550598621
0.8503686180000001,7.550879002
0.85063666,7.550651073
0.8508747210000001,7.550044537
0.851124047,7.551260948
0.85138285,7.549596786
0.851635514,7.549726963
0.851873516,7.548809052
0.8521167030000001,7.547298908
0.852362214,7.547559261
0.85264933,7.547478199
0.8528855430000001,7.550151348
0.8531330810000001,7.54560709
0.853384553,7.545096397
0.8536429990000001,7.546465397
0.853877901,7.544427395
0.8541153060000001,7.543337345
0.8543725000000001,7.546365261
0.854617892,7.546779156
0.85488355,7.544222832
0.85514599,7.543379784
0.8553735600000001,7.540091515
0.8556298,7.540153503
0.855879425,7.541297913
0.856123387,7.541234016
0.856367289,7.542004108
0.856620251,7.541483402
0.8568767300000001,7.54154253
0.857123076,7.538418293
0.857382356,7.539866924
0.857624708,7.539950848
0.857884167,7.538103104
0.8581286060000001,7.535919189
0.8583796610000001,7.539856911
0.858620523,7.540137291
0.858880757,7.53682518
0.859127759,7.532632351
0.859385668,7.536120415
0.859624206,7.534111977
0.859864949,7.53553772
0.860116302,7.53544426
0.8603801120000001,7.536518097
0.860631763,7.537757874
0.860878943,7.532923698
0.8611346470000001,7.532304764
0.861385642,7.529906273
0.861628889,7.530552387
0.861874758,7.530237198
0.8621253360000001,7.532973289
0.8623849140000001,7.532059193
0.862616597,7.529994011
0.8628698570000001,7.53068161
0.863126575,7.531366825
0.863385199,7.531095028
0.86362779,7.528008461
0.8638770570000001,7.528105736
0.864137648,7.527046204
0.86436957,7.525600433
0.8646396980000001,7.526883125
0.864882885,7.524808407
0.8651210060000001,7.524833679
0.865376292,7.527155876
0.8656195990000001,7.527831554
0.8658878790000001,7.528789997
0.866128682,7.525537491
0.866381346,7.524382114
0.8666473020000001,7.523497581
0.866872548,7.521633148
0.8671331990000001,7.519898415
0.867379903,7.524541855
0.867634772,7.521170139
0.867858647,7.520535469
0.8681358680000001,7.520299435
0.8683954460000001,7.520681381
0.868633627,7.518670559
0.868881046,7.521746159
0.8691502200000001,7.51849556
0.869382738,7.516371727
0.869640528,7.520227909
0.869877874,7.518728733
0.8701474650000001,7.515556335
0.870394109,7.513634205
0.870619773,7.512368202
0.870863198,7.515386581
0.871132075,7.515307903
0.8713842620000001,7.516217232
0.871634542,7.517240047
0.871895908,7.516712666
0.872138261,7.512761116
0.87239009,7.511100769
0.8726360790000001,7.511702538
0.872865854,7.513076782
0.873129903,7.514125824
0.873387753,7.509535789
0.873615979,7.510910034
0.873891352,7.513917923
0.8741353740000001,7.50913763
0.874379812,7.50896883
0.874633073,7.50815773
0.874879419,7.509720802
0.8751377450000001,7.510763645
0.8753857,7.509346008
0.8756518950000001,7.509544373
0.875890075,7.508275986
0.876141189,7.50749445
0.876371859,7.504439831
0.876633106,7.506839275
0.876876293,7.506317139
0.877134858,7.502849579
0.8773825160000001,7.505207539
0.877639114,7.502962112
0.877894937,7.504098415
0.8781444420000001,7.500712395
0.878368019,7.499489307
0.878618895,7.50085783
0.878889083,7.501746655
0.8791296470000001,7.500557899
0.879390298,7.501351833
0.8796402200000001,7.50123024
0.879874824,7.499324322
0.880125879,7.500144005
0.880369245,7.499511719
0.88062626,7.497364044
0.88087344,7.500089645
0.881137489,7.498215199
0.881397902,7.495988846
0.881646632,7.493919373
0.8818790900000001,7.492026806
0.8821250780000001,7.495890617
0.8823767290000001,7.492877483
0.882640599,7.496389866
0.882889687,7.493820667
0.883131026,7.49276638
0.883384107,7.492902279
0.883631347,7.491680145
0.883876978,7.49122858
0.8841226680000001,7.490917206
0.884373783,7.489633083
0.8846282950000001,7.491089344
0.8848654020000001,7.491363525
0.88512808,7.49065733
0.885383366,7.48917532
0.885643064,7.488074303
0.8858733160000001,7.487837791
0.88611996,7.486336231
0.886389373,7.484696865
0.8866365540000001,7.486287117
0.8868818270000001,7.487830639
0.8871283520000001,7.486684799
0.8873684390000001,7.484676361
0.8876268850000001,7.484244347
0.887860178,7.484145164
0.888121723,7.486050606
0.888393699,7.485984802
0.888631402,7.486722469
0.888881146,7.484621048
0.8891359560000001,7.485090733
0.8893909440000001,7.483070374
0.8896371710000001,7.479139805
0.889863669,7.480041981
0.890129446,7.479055882
0.890372335,7.48122263
0.890628992,7.479255676
0.8909006700000001,7.48236084
0.891146659,7.478648663
0.891380547,7.476660728
0.891614138,7.477097511
0.8918870670000001,7.477303982
0.892125009,7.478021622
0.892379044,7.477412224
0.8926321260000001,7.476743698
0.892883121,7.474952221
0.893126367,7.474274158
0.8933753950000001,7.475047112
0.8936170330000001,7.471403599
0.893887459,7.47414875
0.894148766,7.473171234
0.894368826,7.471971035
0.894629954,7.47169733
0.8948720680000001,7.470073223
0.8951092350000001,7.468554497
0.8953745350000001,7.467882156
0.8956343520000001,7.470549107
0.895877598,7.469130993
0.896132885,7.469397068
0.8963797680000001,7.466771126
0.8966266500000001,7.467800617
0.896873115,7.46812439
0.8971199980000001,7.467504501
0.897387861,7.467574596
0.897643446,7.466748238
0.897871791,7.468203068
0.898141025,7.465631008
0.8983829600000001,7.465631008
0.89863032,7.463982105
0.8988841160000001,7.464746952
0.89912927,7.464818478
0.899378,7.465322018
0.8996285190000001,7.461473465
0.899878262,7.462984085
0.900125681,7.46350193
0.9003823390000001,7.464393139
0.900628744,7.460337639
0.900876819,7.461825848
0.901127337,7.460180759
0.9013854250000001,7.460393429
0.901647149,7.46210289
0.901893614,7.45952177
0.9021323910000001,7.456394672
0.902359902,7.457015991
0.902621566,7.457069397
0.902868687,7.458357811
0.90313506,7.45995903
0.903400301,7.456032753
0.903643905,7.454527855
0.903872906,7.455890179
0.904130815,7.453073025
0.904375194,7.454474926
0.9046325070000001,7.453939438
0.904879926,7.453912258
0.905136524,7.4553895
0.905378519,7.453467369
0.905642151,7.452922821
0.9058978550000001,7.453388691
0.9061321010000001,7.449239254
0.906360267,7.448765278
0.906632065,7.450606346
0.906888186,7.451408863
0.907122194,7.450561523
0.907387315,7.450116158
0.907637058,7.449372768
0.907868146,7.447308064
0.908116459,7.445097446
0.908378719,7.447850227
0.9086431850000001,7.448413372
0.908887683,7.447472095
0.909140347,7.44285202
0.9093827,7.444935322
0.9096261250000001,7.44326067
0.9098846300000001,7.441621304
0.910126387,7.442653656
0.910370468,7.444747448
0.9106320130000001,7.442233562
0.910878717,7.444363594
0.9111432420000001,7.443473339
0.91138786,7.440524578
0.911624192,7.440702438
0.911880134,7.438685894
0.91211295,7.436651707
0.91236925,7.439162254
0.9126386630000001,7.439369678
0.912876605,7.439053535
0.91313964,7.4418993
0.913390099,7.43538332
0.913632451,7.434115887
0.913868664,7.432644367
0.914117097,7.435548306
0.914392053,7.43806076
0.9146385180000001,7.434408188
0.914863406,7.433537483
0.915122746,7.434806824
0.915387927,7.43279171
0.9156268820000001,7.431908607
0.915871261,7.432995319
0.916121005,7.432878017
0.9163859470000001,7.431640148
0.9166373600000001,7.428843975
0.916873096,7.431317806
0.9171437610000001,7.431470871
0.917372583,7.42884779
0.917621671,7.429893494
0.9178742750000001,7.429046154
0.9181227670000001,7.427296638
0.9183822260000001,7.428752422
0.9186219560000001,7.429443359
0.9188814750000001,7.427147865
0.9191429600000001,7.427124977
0.919383882,7.42546463
0.9196314200000001,7.423373222
0.919882713,7.425247669
0.9201257810000001,7.425525188
0.920387386,7.425697327
0.920632778,7.426468372
0.9208738200000001,7.42468977
0.921133457,7.42320013
0.921382605,7.419513702
0.921611904,7.419659615
0.921872019,7.422952175
0.9221308810000001,7.418946266
0.922384022,7.42159605
0.9226459250000001,7.418252945
0.9228973970000001,7.414568424
0.9231078610000001,7.414383411
0.923367857,7.417387009
0.923619865,7.417610168
0.923887192,7.41749239
0.924136995,7.417687893
0.9243904940000001,7.417199135
0.924635886,7.412891865
0.924873947,7.415152073
0.9251197560000001,7.414713383
0.925396501,7.41601181
0.925624727,7.413186073
0.9258800140000001,7.413805485
0.9261305320000001,7.412088394
0.926389276,7.412688732
0.9266267410000001,7.412619114
0.926866113,7.408735275
0.927123903,7.413038254
0.9273751370000001,7.412858009
0.9276278010000001,7.410928726
0.927899955,7.409509659
0.928124248,7.410537243
0.928379594,7.407018185
0.928646921,7.406731129
0.928875564,7.405831337
0.92912954,7.406210423
0.929389118,7.406375408
0.929645418,7.406295776
0.92989242,7.403157234
0.9301197520000001,7.402726173
0.930369435,7.4029212
0.930629908,7.403691769
0.930862604,7.404006958
0.9311402430000001,7.406384468
0.931385456,7.403411388
0.931636213,7.401908875
0.931889533,7.401601791
0.9321280710000001,7.401557446
0.932375787,7.400388718
0.932604133,7.399834156
0.932868241,7.399477482
0.933134853,7.402112007
0.933395206,7.399429321
0.933643697,7.397740364
0.9338930830000001,7.395578861
0.934115051,7.398137569
0.934367119,7.39675808
0.93461114,7.395807743
0.934866368,7.395177364
0.9351188530000001,7.398531437
0.9353890410000001,7.398731709
0.9356398570000001,7.394799232
0.935904084,7.391829014
0.936118542,7.391650677
0.936371862,7.391420841
0.9366169560000001,7.391746998
0.936884819,7.39276123
0.937137483,7.39421463
0.937397598,7.392043114
0.937640546,7.390007019
0.937879859,7.386443615
0.938117086,7.390244484
0.938373982,7.388951778
0.9386296860000001,7.391106129
0.938877701,7.390348434
0.939131795,7.388988018
0.93937075,7.385663986
0.939621805,7.386702061
0.939884363,7.387973785
0.940136431,7.385718346
0.9403629290000001,7.384674072
0.940612196,7.38417244
0.94088596,7.385844707
0.9411317100000001,7.385561943
0.941376506,7.382098198
0.9416202290000001,7.384957314
0.941872536,7.379826546
0.94211924,7.383140564
0.942378997,7.38566637
0.9426410190000001,7.382196426
0.942889451,7.380906582
0.9431451550000001,7.379718781
0.943401276,7.377197266
0.94362384,7.376158237
0.943871616,7.375929356
0.944123982,7.37795639
0.944375991,7.376058102
0.9446298470000001,7.377473354
0.944880425,7.376490116
0.945136188,7.376362324
0.9453760370000001,7.374197483
0.945616423,7.374033451
0.9458788020000001,7.374350548
0.9461330760000001,7.375415802
0.946388243,7.371064663
0.946639298,7.37386179
0.9468969690000001,7.371625423
0.947129546,7.368539333
0.947360157,7.368712425
0.947610496,7.370126724
0.9478843800000001,7.371135712
0.948130487,7.370585918
0.948372601,7.371734142
0.948631226,7.370119095
0.948887943,7.366836071
0.94914323,7.370223045
0.949376761,7.367588043
0.9496325840000001,7.366421223
0.9498852480000001,7.363864899
0.950122832,7.364117146
0.9503822310000001,7.365484238
0.9506368030000001,7.363046169
0.950866996,7.364787102
0.951120375,7.363246441
0.951382159,7.362419128
0.9516317830000001,7.364462376
0.9518979780000001,7.363859177
0.95214182,7.360965252
0.9523771990000001,7.361320972
0.952624499,7.360643864
0.9528731690000001,7.360975742
0.9531083690000001,7.359470844
0.9533740270000001,7.360230446
0.9536316380000001,7.358528137
0.9538920510000001,7.360220909
0.9541285620000001,7.359604359
0.954375147,7.357065201
0.954614042,7.355919361
0.954859852,7.354431152
0.9551293240000001,7.354589462
0.95536518,7.355503082
0.955621897,7.356040955
0.9558818920000001,7.353581429
0.956136106,7.354581356
0.956379591,7.35352087
0.956612407,7.348997116
0.95687127,7.349452972
0.957118212,7.353892803
0.95737034,7.352180481
0.957625269,7.352149963
0.957889615,7.351863861
0.958128451,7.350850105
0.9583779560000001,7.348412514
0.958630441,7.348062038
0.958872555,7.349449635
0.9591224180000001,7.349954605
0.959384738,7.349757671
0.9596264950000001,7.3493433
0.959880947,7.346982002
0.960140942,7.345504284
0.960382639,7.344947338
0.96063423,7.345084667
0.9608812320000001,7.344464302
0.961129605,7.344871044
0.961368142,7.345901966
0.961618243,7.344540119
0.9618666760000001,7.343536854
0.962103783,7.343913078
0.962367653,7.34185648
0.9626212110000001,7.344488144
0.962869285,7.342191219
0.963136016,7.342422485
0.963386952,7.339789867
0.963617324,7.340496063
0.963869451,7.33421278
0.9641128170000001,7.338140965
0.964363335,7.340096474
0.964636146,7.341386318
0.964881717,7.338247776
0.96512997,7.337857723
0.965363561,7.333691597
0.965622543,7.335452557
0.96587175,7.334923267
0.966136872,7.333367348
0.966373204,7.334319115
0.9666322460000001,7.333821774
0.9668863400000001,7.331855774
0.967122613,7.330874443
0.9673624620000001,7.331493378
0.9676158420000001,7.333053112
0.967879115,7.33052969
0.9681309450000001,7.328214169
0.9683712710000001,7.329343319
0.9686188090000001,7.329576492
0.96887046,7.329081535
0.9691181170000001,7.329233646
0.969368993,7.327709675
0.9696256510000001,7.329668999
0.9698771230000001,7.327516079
0.9701327670000001,7.326681614
0.970357894,7.324324608
0.970619081,7.325510025
0.9708745470000001,7.325800896
0.9711114750000001,7.321487427
0.9713647950000001,7.324018002
0.9716168030000001,7.325853825
0.971871017,7.321732521
0.972118436,7.323802948
0.972364007,7.322142601
0.972624479,7.318530083
0.972838281,7.320673943
0.973118244,7.321775436
0.973381339,7.321956158
0.973625778,7.317399502
0.973876415,7.317592144
0.974116086,7.317178726
0.97436714,7.315104961
0.974621354,7.317068577
0.9748597130000001,7.315335751
0.975107728,7.316475868
0.9753621800000001,7.316323757
0.975612401,7.31693697
0.9758801450000001,7.316218853
0.9761089070000001,7.313775539
0.976351618,7.313856602
0.9765977250000001,7.313635349
0.976859091,7.316421032
0.9771063320000001,7.313600063
0.977371274,7.311866283
0.977633356,7.310442448
0.9778612240000001,7.307109356
0.978120505,7.309194565
0.978360592,7.309103489
0.9786196930000001,7.30980587
0.978860317,7.309419632
0.979126929,7.310315609
0.979375242,7.307813168
0.9796349990000001,7.306357861
0.979881464,7.306823254
0.9801322210000001,7.308534622
0.9803875670000001,7.304632664
0.980629383,7.30441761
0.980892359,7.303888798
0.981127618,7.302483082
0.981368898,7.302832127
0.981615125,7.301816463
0.981877326,7.30256176
0.982121228,7.302699089
0.982368945,7.303998947
0.982621669,7.300377369
0.982887505,7.299948215
0.9831370100000001,7.30109024
0.983365236,7.297915936
0.98361653,7.298943996
0.98385465,7.299323559
0.984116851,7.296542645
0.984376668,7.300364494
0.9846207490000001,7.294850349
0.98487377,7.297260284
0.985119818,7.294287205
0.9853652700000001,7.296804428
0.9856324780000001,7.296267033
0.985883413,7.294682503
0.986136078,7.295157433
0.986382304,7.293157578
0.986629842,7.291731834
0.986878036,7.288036823
0.987121879,7.29002142
0.98735845,7.293872356
0.987642943,7.291208267
0.9878869640000001,7.291180134
0.9881189450000001,7.289030552
0.988375305,7.292880535
0.9886295780000001,7.290426731
0.988876759,7.287222385
0.9891312710000001,7.289106369
0.989372491,7.287875175
0.9896286710000001,7.286393642
0.989884614,7.28669405
0.990128039,7.286864281
0.990376769,7.285841942
0.9906222210000001,7.283905983
0.990874826,7.284152508
0.991136311,7.28539753
0.9913761010000001,7.282782555
0.991632281,7.283111572
0.9918750510000001,7.281571388
0.992132305,7.281469822
0.992390393,7.281322956
0.992623209,7.278326511
0.992887257,7.28247118
0.993145465,7.278894424
0.9933918700000001,7.280470848
0.993633984,7.279007435
0.993877529,7.276535988
0.9941340080000001,7.276237965
0.994366823,7.277654171
0.99463111,7.278114796
0.9948827610000001,7.277624607
0.995146214,7.276191235
0.9953867780000001,7.275940418
0.9956300250000001,7.272924423
0.9958843580000001,7.272091866
0.996132849,7.270669937
0.996370255,7.272810459
0.996628104,7.275106907
0.996896444,7.273950577
0.997134029,7.271515369
0.9973782880000001,7.26937151
0.997624575,7.270072937
0.997882723,7.267464161
0.998132824,7.268364429
0.9983701100000001,7.267663479
0.998622833,7.270350933
0.9988995780000001,7.265264511
0.999138712,7.267076015
0.999367415,7.262394428
0.999626099,7.266182423
0.999873577,7.26617527
1.000125765,7.26760149
1.0003520240000001,7.258607864
1.0005154600000001,7.244448662
1.000618814,7.228363991
1.000654339,7.206540108
1.000575064,7.178765774
1.000504969,7.151915073
1.000431536,7.133851528
1.000378131,7.115548611
1.000312208,7.102751255
1.000305175,7.096365929
1.0002651200000001,7.087403774
1.000239252,7.079592228
1.000232338,7.079752445
1.000229357,7.071270943
1.0002387750000001,7.070058346
1.00021541,7.066208839
1.000225662,7.06225729
1.000208615,7.060964584
1.000221609,7.05644083
1.000225066,7.056056499
1.0002189860000001,7.050434589
1.000190018,7.048224926
1.000202058,7.047189713
1.000198363,7.044289112
1.0002208940000001,7.042794704
1.000220059,7.047650337
1.000322102,7.07088232
1.000538229,7.115152359
1.000846385,7.161598206
1.0011422620000001,7.205508709
1.001498579,7.24033308
1.001866339,7.262785912
1.0022363650000001,7.275566578
1.002599834,7.277715683
1.002924918,7.273078442
1.003207325,7.265079021
1.003439902,7.255409718
1.003650664,7.253542423
1.00387895,7.254002094
1.004113077,7.256259441
1.004353164,7.254747391
1.004603623,7.256719589
1.004850863,7.255698681
1.005107521,7.257715702
1.0053747880000001,7.256850719
1.005616902,7.25647068
1.005878447,7.255405903
1.00613284,7.253415108
1.006377338,7.252012253
1.006629585,7.253139019
1.006884216,7.250469685
1.007116436,7.250657082
1.007365702,7.248198986
1.0076153270000001,7.250071049
1.0078773490000001,7.249670029
1.008138298,7.248831272
1.008379697,7.248878479
1.0086177570000001,7.24698925
1.008866547,7.248267651
1.00911939,7.246412754
1.009381055,7.246551991
1.009628295,7.242778778
1.009863137,7.243156433
1.010116576,7.243283749
1.010380028,7.244896412
1.010612844,7.244514465
1.010878323,7.242201805
1.01111853,7.241902828
1.011360406,7.239483833
1.0116091950000001,7.2416749
1.011870145,7.241492748
1.012125968,7.240449905
1.012376307,7.23823595
1.012616514,7.239803791
1.0128589860000001,7.238145351
1.013124226,7.237319469
1.013373493,7.239029408
1.0136183490000001,7.236591816
1.0138766750000001,7.237127781
1.014141916,7.235221863
1.01436138,7.233407497
1.014611839,7.232618332
1.014861225,7.233095646
1.015117882,7.233683586
1.015374421,7.233293056
1.0156266680000001,7.231096268
1.015872716,7.233040333
1.01612377,7.229025364
1.016360401,7.230422974
1.016610264,7.229371548
1.016870736,7.230044842
1.017123817,7.229651451
1.0173767790000001,7.22792387
1.017632602,7.226851463
1.017858623,7.224795341
1.018105267,7.225170135
1.018364667,7.226439476
1.018614887,7.225938797
1.018864869,7.226222038
1.019119261,7.225572109
1.019379018,7.226365566
1.019630192,7.224998951
1.019876717,7.221304417
1.0201181160000001,7.220573902
1.020362257,7.220191956
1.020620345,7.220612526
1.02087581,7.220020294
1.0211179240000001,7.219379425
1.021377681,7.221138
1.021618723,7.216719151
1.021873115,7.214300156
1.022124051,7.217157841
1.022369741,7.218647003
1.022611736,7.216301441
1.022880315,7.21753931
1.023118733,7.214580059
1.0233882650000001,7.215763569
1.023627638,7.214797497
1.023878096,7.212068558
1.024111866,7.215569019
1.0243636360000001,7.212586403
1.024625658,7.214374542
1.024875997,7.213502884
1.025143741,7.210632801
1.025371073,7.209311962
1.025621532,7.208228111
1.025876282,7.208403587
1.02611327,7.20788908
1.026388644,7.209013462
1.026625751,7.207203388
1.026879905,7.204856396
1.0271024690000001,7.204724789
1.027375339,7.20436573
1.027618765,7.206533432
1.027856468,7.20539999
1.028123974,7.206458092
1.028375148,7.206988335
1.028635262,7.205623627
1.028876065,7.202926636
1.029118894,7.202040195
1.029365777,7.199624538
1.029615282,7.205506802
1.029877781,7.201858997
1.030137895,7.201200008
1.030383228,7.198493481
1.030630706,7.201584339
1.030882477,7.197490215
1.031117676,7.195739746
1.031372904,7.194441319
1.031615018,7.1984725
1.031862258,7.198562145
1.032124518,7.19759655
1.032379864,7.197424412
1.032639383,7.196247101
1.0328811390000001,7.192742825
1.033118008,7.19235754
1.033361553,7.194204807
1.033612369,7.194594383
1.0338749870000001,7.194789886
1.034141658,7.193016529
1.034377812,7.190939426
1.034623145,7.192093372
1.034875511,7.188259602
1.035128592,7.19008112
1.035374044,7.189391136
1.0356179460000001,7.189774513
1.035882114,7.188898563
1.036138891,7.185390472
1.03638029,7.184695244
1.036614894,7.185492039
1.036862968,7.18173933
1.0371071090000001,7.183709621
1.03737521,7.187163353
1.037638901,7.186825275
1.037888168,7.182858944
1.038128732,7.182188511
1.038380264,7.180882931
1.038622497,7.179323196
1.038864492,7.180691242
1.039115308,7.180929661
1.0393590910000001,7.180192471
1.039636253,7.182130337
1.039887308,7.178180218
1.040130018,7.177923203
1.040372251,7.177223206
1.040619134,7.176827908
1.040865182,7.177805901
1.041123985,7.181113243
1.041391848,7.174144268
1.041645883,7.176766396
1.0418882360000001,7.175175667
1.042122124,7.172609806
1.042361973,7.172532558
1.042605399,7.173729897
1.042858003,7.171089172
1.043117403,7.176164627
1.04338312,7.173427105
1.043642639,7.17001915
1.04386258,7.170600414
1.044128178,7.17079401
1.0443520530000001,7.167488098
1.04461944,7.166049957
1.04486668,7.169564724
1.045127629,7.168647766
1.045386909,7.168663502
1.0456326,7.166347027
1.0458610050000001,7.164399624
1.046131014,7.163100243
1.0463773,7.163284302
1.046633004,7.163934231
1.0468772640000001,7.164214611
1.047117113,7.164029121
1.047367691,7.163010597
1.04762864,7.162798882
1.04788184,7.162186146
1.048117875,7.159056187
1.048384665,7.161575317
1.048617362,7.158929348
1.0488791450000001,7.160802364
1.049130439,7.15866375
1.049373864,7.15854311
1.049612878,7.157320499
1.049874304,7.159375668
1.050120591,7.157057285
1.050370215,7.155596733
1.050643204,7.155535698
1.050875543,7.155564785
1.05112183,7.153919697
1.051370262,7.153536797
1.05161321,7.1523633
1.051860808,7.152349949
1.052120804,7.153580666
1.052382587,7.153609276
1.052642463,7.151587963
1.0528907760000001,7.149576187
1.053135513,7.14917469
1.053387402,7.148213387
1.0536203370000001,7.148868084
1.053873895,7.147976875
1.054102777,7.146503448
1.054373621,7.152335644
1.054615616,7.149444103
1.054892181,7.147884369
1.055145739,7.145927906
1.055395125,7.144818783
1.055630802,7.143658161
1.0558705320000001,7.141400337
1.0561161030000001,7.141050816
1.0563814630000001,7.144181728
1.05663669,7.14338398
1.056880234,7.140678883
1.057133912,7.140758514
1.0573750720000001,7.14262867
1.057630299,7.140068531
1.057868599,7.140900612
1.058130978,7.1383214
1.058372019,7.136674881
1.058640956,7.14029932
1.058882235,7.138020039
1.059130906,7.135678768
1.059376119,7.136478424
1.0596227630000001,7.133197308
1.0598900310000001,7.134211063
1.060119866,7.132911682
1.060365556,7.134796619
1.060620187,7.132936001
1.060867189,7.132785797
1.061131118,7.13313055
1.061390756,7.132104874
1.061631797,7.128569126
1.061880468,7.13094759
1.0621335490000001,7.128390789
1.062373995,7.130842686
1.062627314,7.128907681
1.0628818260000001,7.130373478
1.0631247750000001,7.12793541
1.063369631,7.127572536
1.063629149,7.126851082
1.063872336,7.126399517
1.0641375770000001,7.12624836
1.064370989,7.126946449
1.064626454,7.126358032
1.064886807,7.125644684
1.065133928,7.122666836
1.065376161,7.119979382
1.065612315,7.122015953
1.065860628,7.12108326
1.066134452,7.123803139
1.066389679,7.121444702
1.066633104,7.120806217
1.0668568600000001,7.119139671
1.067100881,7.117259026
1.067367076,7.117945671
1.0676184880000001,7.118035793
1.067872881,7.119230747
1.068137525,7.118222237
1.0684061040000001,7.11842823
1.068630813,7.114542484
1.068876265,7.113492489
1.069107889,7.113708019
1.069360017,7.114814281
1.06961727,7.113656998
1.069886445,7.113975048
1.070139407,7.112996101
1.070396541,7.110796928
1.070639132,7.110341072
1.070864676,7.108054161
1.071131467,7.108530521
1.071374415,7.108372688
1.071619986,7.109670162
1.071874379,7.106490135
1.072134613,7.104804516
1.0723769650000001,7.105920315
1.072630166,7.105454445
1.072855591,7.105436802
1.0731133210000001,7.107130527
1.073374985,7.10611248
1.073631166,7.107387543
1.07388389,7.105457783
1.074134945,7.102158546
1.0743790850000001,7.102343559
1.074618815,7.101872444
1.074871062,7.100076675
1.075115918,7.100876331
1.075391649,7.100680828
1.07562661,7.102141857
1.075881361,7.099945068
1.076150297,7.099672318
1.07638049,7.097167015
1.076627134,7.094881535
1.076870798,7.096758842
1.077112197,7.098309994
1.077390193,7.097343922
1.077632784,7.095689774
1.0778973090000001,7.091933727
1.078134774,7.093859673
1.078362106,7.09414959
1.0786021940000001,7.090537071
1.078871607,7.096268654
1.079123138,7.094265461
1.0793811070000001,7.093986511
1.07965052,7.091435432
1.079889535,7.088844299
1.080143927,7.089039326
1.080375074,7.087679386
1.080619572,7.086153984
1.08087766,7.085831642
1.081120251,7.08874464
1.08138275,7.087801933
1.081633805,7.085689068
1.08186972,7.085844517
1.082130431,7.087227821
1.082370399,7.083020687
1.0826294410000001,7.083404064
1.082861303,7.083580017
1.083144544,7.0842309
1.083374976,7.083577156
1.0836405740000001,7.080691814
1.08386886,7.079253674
1.0841333850000001,7.080936432
1.084371923,7.078521729
1.084643124,7.080471039
1.0848861920000001,7.081499577
1.085134267,7.078235149
1.085391759,7.078926086
1.0856472240000001,7.07861805
1.085882424,7.075898647
1.086124061,7.075191498
1.086362003,7.07692194
1.086633919,7.076741695
1.086873769,7.077009678
1.087139128,7.074721813
1.087386964,7.072421074
1.087639569,7.072784424
1.087881445,7.071478844
1.088140963,7.067129135
1.088368772,7.068802834
1.088606833,7.069726944
1.088855504,7.071968555
1.089119433,7.072076797
1.089393972,7.069749355
1.089642523,7.069025993
1.089886426,7.066430092
1.090119957,7.063067436
1.09036362,7.065217018
1.090617655,7.068706512
1.090876101,7.067037582
1.091123103,7.065358162
1.091372966,7.0673666
1.091628312,7.062609673
1.091854094,7.064366817
1.092133282,7.064397812
1.092393755,7.060487747
1.092652677,7.060317993
1.092889427,7.060530663
1.0931336870000001,7.058182716
1.0933747280000001,7.059642315
1.093611001,7.057745934
1.0938677780000001,7.060381413
1.094127058,7.058737278
1.094367026,7.057912827
1.094638585,7.055217743
1.09489405,7.058878422
1.09512472,7.055179119
1.0953859080000001,7.050679207
1.095621227,7.051445961
1.095851301,7.052017689
1.096112727,7.054450512
1.096375107,7.055690765
1.096627949,7.053398132
1.096873997,7.049576283
1.0971179,7.051081657
1.09736812,7.047278404
1.097610711,7.04856348
1.0978703490000001,7.049280643
1.098124264,7.051183701
1.098386406,7.047756195
1.098627924,7.046735287
1.098901032,7.04661274
1.099130868,7.045532227
1.099367975,7.044013023
1.099614738,7.046926975
1.099881648,7.04574728
1.10012555,7.046355247
1.1003901950000001,7.045223236
1.100650428,7.042328835
1.100874304,7.039754391
1.10112357,7.03866291
1.1013681880000001,7.039877415
1.1016271100000001,7.039986134
1.101864933,7.039307117
1.102124213,7.04380846
1.102390526,7.039106846
1.102637051,7.037687778
1.102876543,7.033043861
1.103130459,7.038320065
1.103354214,7.037359715
1.103614567,7.036151409
1.103875993,7.03908062
1.104131817,7.036763191
1.1043857320000001,7.03458786
1.104626535,7.034567833
1.104883074,7.029241085
1.105131506,7.030599117
1.105367778,7.028758049
1.105630516,7.031140327
1.105875729,7.030030251
1.106131433,7.032157898
1.106363891,7.029973507
1.106638788,7.028988361
1.1068747030000001,7.028061867
1.10712838,7.026183128
1.107363342,7.028223991
1.107632755,7.02664423
1.107877611,7.025884151
1.108128308,7.023878574
1.10838282,7.025171757
1.1086250530000001,7.023645878
1.1088638290000001,7.023101807
1.109128236,7.028723717
1.109381674,7.025163174
1.109642862,7.023419857
1.109896182,7.019870758
1.110137104,7.020882607
1.110377191,7.020798683
1.110622524,7.018159389
1.1108795390000001,7.01874876
1.111118673,7.019245148
1.1113729460000001,7.018079281
1.111639379,7.019330978
1.111888646,7.015849113
1.11212778,7.017266273
1.11237645,7.01329565
1.112620352,7.013466358
1.11287856,7.01256752
1.113127707,7.013157845
1.113378762,7.012273788
1.113637685,7.015365124
1.113883852,7.013727188
1.114127396,7.011964798
1.114364623,7.011887074
1.114626049,7.00870657
1.1148730500000001,7.007968903
1.115121483,7.010217667
1.115386723,7.009030342
1.115628718,7.0110116
1.115879058,7.006414413
1.116126774,7.00812006
1.116366862,7.005270481
1.116634844,7.005842686
1.116867303,7.003777981
1.117123126,7.004732132
1.117386936,7.005989075
1.117625474,7.00446558
1.117887257,7.002994537
1.1181201920000001,6.999080181
1.1183640940000001,7.000538349
1.118631481,7.002216339
1.118874787,7.000945568
1.119136332,7.002419949
1.119374632,6.99897337
1.119633673,6.997805595
1.119881629,6.996047974
1.120125889,6.996138573
1.120385169,6.996407509
1.120614408,6.994707584
1.120867132,6.9981637
1.121124386,6.996903896
1.121376752,6.995954514
1.121632217,6.99587059
1.121879576,6.993406773
1.122137068,6.992270947
1.122373937,6.991974354
1.122623442,6.994856358
1.122883915,6.991740227
1.123139261,6.990014553
1.123372434,6.989562035
1.1236230120000001,6.988643646
1.123876332,6.987099648
1.124114751,6.98811245
1.1243655670000001,6.988071918
1.12463343,6.98842144
1.124868511,6.985182762
1.125133871,6.987069607
1.125378488,6.984493256
1.125612019,6.979371071
1.125875353,6.984201431
1.126124023,6.981754303
1.126363634,6.984860897
1.126631497,6.9845891
1.12689042,6.981248856
1.127145528,6.979943752
1.127380847,6.978084564
1.127605914,6.976861
1.127841471,6.979234695
1.128113388,6.979005337
1.1283922180000001,6.977817059
1.128622531,6.976930618
1.128881096,6.977387905
1.129118918,6.976583481
1.129359721,6.977180004
1.129624246,6.975046635
1.129857777,6.97264576
1.130130528,6.974504471
1.1303858740000001,6.973221779
1.130625485,6.973204136
1.1308772550000001,6.974326134
1.131124257,6.972552299
1.131373881,6.969349861
1.1316068160000001,6.970000744
1.131873845,6.971363068
1.132120727,6.969092369
1.132395147,6.969895363
1.132631301,6.967890739
1.132886766,6.964702606
1.133123158,6.968028545
1.133356332,6.965307713
1.13362038,6.966031551
1.133863925,6.966928959
1.1341377480000001,6.968595505
1.134382247,6.966104984
1.1346206650000001,6.963430405
1.134868263,6.964830399
1.1351208670000001,6.962756157
1.135389684,6.963568687
1.135617136,6.961928844
1.13589084,6.959471703
1.136115073,6.961577415
1.136372565,6.961140156
1.136625885,6.956323147
1.136878012,6.959163666
1.137119054,6.957949638
1.137381076,6.958292961
1.137637495,6.958460331
1.13787639,6.957130909
1.138132452,6.957080841
1.138371705,6.956826687
1.1386271700000001,6.953887463
1.1388727410000001,6.952688694
1.139120816,6.953335762
1.139374732,6.951307774
1.139626263,6.954590321
1.139896392,6.953967094
1.140135406,6.953138351
1.140382765,6.950997353
1.14063537,6.947299004
1.140865086,6.946551323
1.141117572,6.948354244
1.141353129,6.948500156
1.141626953,6.948132038
1.141897796,6.947785854
1.142139672,6.94777441
1.1423883430000001,6.943815708
1.142620801,6.943975925
1.1428636300000001,6.943583012
1.143125294,6.946778774
1.143380045,6.945201874
1.143630861,6.944499969
1.143889784,6.942790985
1.144145607,6.943039417
1.1443859330000001,6.939279556
1.144607662,6.943972588
1.1448618160000001,6.938989162
1.145112632,6.941958904
1.14538443,6.936980724
1.145623444,6.941851139
1.145882128,6.937747955
1.146136759,6.941474915
1.146389483,6.935362339
1.146621703,6.935446739
1.146877407,6.933938503
1.147127865,6.938278675
1.147373913,6.936145306
1.147637843,6.936727524
1.147881149,6.931996346
1.148118733,6.930637836
1.148380636,6.928733826
1.1486289490000001,6.929072857
1.148858188,6.930895329
1.1491376150000001,6.933999062
1.1493877160000001,6.929393291
1.149641513,6.927025795
1.1498743280000001,6.92808342
1.150128483,6.929569721
1.150357126,6.92634058
1.150617002,6.927129269
1.1508700840000001,6.926393509
1.151132225,6.929303646
1.1513838760000001,6.925198555
1.1516422020000001,6.922114372
1.151889323,6.922897339
1.152117251,6.920297146
1.1523593650000001,6.919773579
1.152615188,6.919933796
1.152882575,6.920478821
1.1531220660000001,6.920034409
1.153385876,6.92038393
1.153638958,6.919874191
1.153875946,6.915430546
1.154116152,6.916321278
1.154369711,6.915279865
1.1546174280000001,6.914610386
1.154887437,6.914667606
1.15512967,6.914130688
1.15538597,6.913898468
1.155635594,6.912757397
1.155861496,6.911741257
1.156117438,6.912581444
1.156365751,6.913846493
1.156628607,6.909550667
1.156889795,6.911886692
1.157126068,6.909696102
1.157383321,6.910331726
1.157624243,6.907265186
1.157870768,6.907701015
1.158121704,6.90805912
1.1583747850000001,6.907930374
1.158630847,6.907465935
1.158879398,6.907827377
1.159130214,6.906173229
1.159380673,6.905555725
1.159625529,6.902999401
1.159882783,6.902599812
1.160132049,6.903098106
1.160373925,6.903209686
1.160623668,6.904229164
1.160899042,6.901172161
1.1611311420000001,6.902053356
1.161379098,6.899961948
1.161627649,6.900269032
1.161872266,6.898275375
1.162126182,6.899192333
1.1623837940000001,6.899283886
1.162638305,6.898365974
1.162881254,6.895519733
1.163134216,6.896602154
1.163372754,6.895070076
1.163616298,6.894248486
1.163875579,6.893148422
1.1641205540000001,6.894341469
1.164388417,6.8959589
1.164634226,6.893773079
1.16488993,6.891106129
1.165128587,6.890072346
1.165375708,6.887469769
1.165621041,6.888943672
1.165872215,6.889128685
1.1661249390000001,6.892415047
1.166376351,6.887803078
1.1666424260000001,6.88839674
1.166887282,6.888467312
1.167127489,6.886518955
1.167371391,6.884645939
1.16762626,6.885734558
1.167887686,6.882742405
1.168129562,6.885754108
1.1683899150000001,6.883302212
1.168656348,6.885971546
1.168879746,6.880307674
1.169125436,6.880362988
1.169359564,6.879252434
1.1696295730000001,6.880354881
1.1698751440000001,6.880729198
1.170137523,6.880497932
1.170380353,6.877548695
1.1706342680000001,6.876841545
1.1708840120000001,6.875046253
1.17112696,6.875557423
1.171370505,6.873937607
1.171616911,6.87554121
1.1718685610000001,6.874396801
1.172143458,6.876236916
1.172381519,6.872838497
1.172626494,6.872008324
1.172886251,6.871693134
1.173133253,6.872652531
1.1733616580000001,6.868141651
1.173632382,6.872928619
1.173875927,6.869435787
1.174135922,6.867833614
1.174377083,6.868746758
1.174627303,6.868799686
1.174887537,6.864517212
1.175122856,6.866699219
1.175376176,6.86568737
1.1756398670000001,6.86523962
1.175885557,6.866640568
1.176131247,6.863490582
1.176369308,6.862728119
1.1766422970000001,6.861989975
1.176895736,6.861282349
1.177118181,6.858232975
1.177360533,6.862345695
1.177632211,6.861009121
1.177888392,6.859586716
1.178146838,6.859136581
1.178382872,6.856640816
1.178629278,6.854412079
1.1788768760000001,6.856215954
1.179117559,6.855192184
1.179376362,6.857216358
1.179611682,6.857515812
1.1798750150000001,6.854784012
1.180131077,6.854988575
1.180371998,6.85417366
1.180628179,6.853952885
1.180879711,6.850979805
1.181116222,6.852679253
1.1813724030000001,6.852404118
1.181623934,6.851444721
1.181882023,6.851583004
1.1821249710000001,6.848968506
1.182380556,6.851453304
1.182624935,6.849834442
1.182887314,6.849618435
1.1831355080000001,6.845005989
1.183384894,6.84632349
1.183632134,6.846495152
1.183892368,6.845748901
1.184141635,6.843216419
1.184382795,6.842786312
1.18460369,6.84267664
1.184863089,6.845588207
1.1851291640000001,6.843668938
1.1853721130000001,6.842055798
1.185638546,6.843400002
1.18589568,6.838959694
1.186113118,6.840111256
1.186355113,6.836041927
1.1866199960000001,6.838798523
1.186873673,6.839199543
1.187112926,6.839692593
1.187384962,6.837849617
1.18762195,6.835806847
1.187874197,6.83650732
1.188119649,6.833130836
1.188357948,6.834876537
1.188611864,6.833911419
1.18887329,6.836728573
1.189149021,6.83468008
1.1893905390000001,6.832452774
1.189621924,6.828889847
1.18988192,6.83039856
1.190107464,6.827963352
1.19036734,6.828073978
1.190609096,6.828351021
1.190878986,6.829958916
1.191135882,6.829575062
1.19137895,6.825634956
1.191623567,6.825557709
1.191884278,6.824661732
1.19210708,6.823759079
1.192378639,6.823526859
1.1926363690000001,6.823015213
1.192890285,6.82315731
1.193134307,6.821826458
1.1933614000000001,6.818847179
1.193623661,6.820603371
1.19387102,6.821193695
1.194130777,6.819694519
1.194373368,6.818849087
1.194625376,6.818737984
1.194874762,6.822572708
1.195130466,6.817029476
1.195375918,6.817055702
1.195623039,6.816341877
1.1958773120000001,6.818305969
1.196132897,6.816126823
1.196371554,6.81565237
1.196631669,6.814945221
1.1968923790000001,6.812681675
1.1971319900000001,6.813254356
1.197367071,6.811345577
1.197610019,6.811087132
1.197861313,6.811532974
1.198136209,6.813287735
1.198397874,6.810738087
1.198638557,6.808030605
1.198894142,6.806872845
1.199136256,6.807745934
1.19936931,6.807106972
1.199616908,6.805255413
1.199876426,6.805333138
1.2001339180000001,6.804391861
1.2003774630000001,6.807565212
1.200639247,6.803239822
1.200889944,6.802445412
1.201118945,6.803064346
1.201373814,6.80235672
1.201622962,6.800412178
1.2018814070000001,6.800458431
1.20212221,6.799135208
1.202378391,6.801242828
1.2026472080000001,6.799739361
1.202875971,6.796710491
1.203141569,6.796144009
1.203369378,6.794875145
1.203608631,6.795346737
1.203874229,6.796301365
1.20414102,6.793402195
1.2043641790000001,6.798827171
1.204635976,6.79608202
1.2048813090000001,6.79421711
1.2051293840000001,6.794651985
1.2053902140000001,6.792831898
1.205628275,6.790364265
1.205882548,6.791895866
1.206135153,6.789890766
1.206381916,6.791359425
1.206638812,6.789617062
1.206890582,6.785638332
1.207115887,6.786356926
1.207377552,6.786900997
1.20762956,6.785327435
1.207887887,6.786762714
1.208125232,6.784636497
1.2083746180000001,6.784362793
1.208631872,6.786016464
1.20887792,6.78306675
1.209132193,6.78275013
1.2093812210000001,6.780806541
1.209622382,6.780343056
1.209879159,6.781141281
1.210123061,6.781523228
1.210375785,6.779914856
1.2106248130000001,6.779326916
1.210864304,6.776715279
1.211117147,6.779011726
1.211371063,6.779193878
1.211619018,6.779566765
1.211897968,6.778746128
1.212142824,6.777444839
1.212387084,6.772912502
1.212629317,6.773291588
1.212885379,6.774083614
1.21311879,6.772789955
1.213372825,6.774151802
1.213633417,6.774518013
1.213893293,6.769182682
1.214149235,6.767727375
1.214379429,6.76860714
1.2146273840000001,6.768264294
1.214860319,6.766722202
1.215114473,6.767674923
1.215375661,6.767787933
1.215646146,6.767491341
1.2158818230000001,6.764311314
1.2161451570000001,6.764605522
1.216375469,6.762335777
1.216610669,6.760872364
1.2168818700000001,6.759840012
1.217131256,6.760876179
1.217385529,6.759894371
1.2176295510000001,6.761860371
1.217883705,6.759232521
1.218119501,6.758975506
1.218363045,6.760895729
1.218625425,6.758526325
1.218864201,6.759298801
1.219139694,6.759059429
1.219395517,6.758077621
1.219644307,6.755015373
1.2198863020000001,6.756510258
1.220117806,6.753033161
1.220361947,6.752091408
1.22062373,6.75270319
1.220869063,6.75289917
1.221129535,6.755109787
1.221390604,6.750301361
1.221640228,6.750562668
1.2218900910000001,6.748626709
1.222137569,6.749621391
1.222366093,6.746945858
1.222614883,6.74628067
1.222880243,6.747961998
1.223131298,6.747235775
1.223378299,6.748907089
1.223633765,6.745723248
1.22388625,6.746141434
1.2241270530000001,6.741937637
1.224385379,6.741988659
1.224629401,6.742813587
1.224882244,6.742136002
1.225134491,6.742936134
1.225368618,6.744350433
1.225616692,6.741961479
1.225862979,6.740590096
1.226126789,6.738383293
1.226380466,6.739009857
1.2266293750000001,6.741624832
1.226893781,6.739791393
1.2271250470000001,6.734591007
1.227375387,6.737141132
1.227634429,6.734422684
1.2278610460000001,6.735202789
1.228138446,6.733543873
1.228371381,6.734212875
1.228629945,6.731906891
1.228896736,6.73477459
1.229137777,6.729933262
1.2293772680000001,6.730827808
1.229629158,6.730340004
1.22987461,6.727752686
1.230102776,6.72549057
1.230367302,6.729712486
1.230639933,6.728813648
1.2308814510000001,6.727953911
1.231126307,6.725457191
1.231371878,6.726606369
1.231624006,6.723802567
1.231859921,6.722460747
1.23212397,6.724207401
1.232368587,6.724071503
1.232628821,6.721550465
1.232887982,6.725822926
1.233124732,6.72218132
1.23337066,6.722969532
1.233608245,6.718472958
1.2338728890000001,6.721175671
1.234130024,6.718868256
1.234379886,6.71876812
1.234630107,6.718094826
1.23488891,6.715193272
1.235121726,6.716452599
1.235385894,6.712409973
1.235618828,6.710949421
1.235869287,6.714700699
1.236120938,6.712386608
1.236386059,6.713335991
1.236625909,6.712714672
1.236866473,6.711080551
1.237138985,6.710445404
1.237395285,6.709272385
1.237609385,6.708419323
1.237880348,6.71126318
1.238117098,6.711369991
1.238378166,6.711085796
1.238638638,6.708940983
1.238882183,6.707523823
1.239125489,6.709187031
1.239359854,6.704809189
1.239615201,6.704683781
1.239888786,6.707575798
1.2401361450000001,6.704842091
1.2403872,6.701868534
1.240631698,6.700577736
1.24086666,6.700688362
1.241125821,6.700529575
1.2413659080000001,6.700851917
1.241626261,6.701003551
1.241880177,6.700652599
1.242148637,6.698575974
1.242385982,6.696976185
1.242625474,6.69629097
1.242867707,6.694300652
1.243113755,6.69436264
1.243360399,6.692701817
1.243615984,6.696344852
1.243885873,6.696969032
1.244139551,6.693458557
1.2443966850000001,6.691381931
1.244609951,6.690271854
1.2448678,6.688054562
1.245121478,6.690003872
1.2453707440000001,6.691352367
1.245629905,6.6888237
1.245886921,6.68921566
1.2461363060000001,6.688551426
1.24637103,6.686207294
1.246632098,6.685443878
1.2468661060000001,6.684568882
1.2471139420000001,6.685873985
1.247369527,6.685989857
1.2476242770000001,6.685699463
1.247876404,6.684797287
1.248128294,6.680440426
1.248383163,6.682623386
1.248615383,6.680761337
1.248852967,6.679491997
1.249105691,6.683797836
1.249371289,6.682630539
1.249626516,6.680085182
1.249904989,6.680138588
1.250118254,6.676464081
1.250360011,6.677760601
1.250597833,6.674987316
1.250867246,6.678641319
1.25113201,6.678020477
1.251381754,6.675719738
1.2516268480000001,6.675506115
1.251871823,6.672730446
1.252123593,6.672418594
1.252371191,6.669345379
1.25260806,6.673498631
1.252875208,6.670814991
1.253119348,6.67122364
1.253373026,6.670715809
1.2536110870000001,6.669667244
1.253864764,6.668339729
1.254103302,6.667015553
1.254361509,6.668515205
1.2546131600000001,6.668057919
1.2548879370000001,6.67041254
1.25513172,6.664133549
1.255366682,6.66238451
1.255627631,6.664540291
1.255848645,6.664127827
1.256100177,6.660097122
1.256353258,6.663039684
1.256606697,6.664902687
1.25687611,6.665569305
1.25713086,6.663082123
1.257380723,6.657788277
1.257616638,6.66031599
1.257861375,6.656516552
1.25810635,6.658631802
1.258373259,6.659024715
1.258623122,6.657518387
1.258872389,6.65596199
1.259118913,6.656366348
1.259367346,6.654234409
1.259614347,6.657743931
1.259871124,6.655783176
1.2601383910000001,6.654648781
1.2603811010000001,6.654234409
1.260630606,6.651268005
1.260860919,6.64937067
1.261110185,6.649594307
1.261350869,6.646925449
1.261616348,6.65257597
1.261862158,6.648864746
1.262146591,6.647718906
1.262376546,6.644827843
1.262613534,6.645721436
1.262848614,6.642323017
1.263114332,6.64408493
1.263347505,6.643872738
1.2636106,6.645213127
1.263870238,6.643126488
1.26413226,6.640321255
1.264363884,6.640942574
1.264616369,6.639550686
1.26485288,6.636795044
1.265123962,6.636877537
1.265374063,6.639769077
1.265601157,6.637814999
1.265861391,6.635799408
1.266093372,6.635696411
1.266365288,6.63350296
1.2666361320000001,6.636811256
1.266873478,6.634951591
1.267119168,6.634536743
1.267387866,6.632897854
1.267630695,6.630792618
1.26786971,6.630622387
1.268120288,6.629509449
1.26834905,6.630772114
1.268603204,6.632200718
1.268871306,6.631288528
1.269134639,6.629815102
1.269369005,6.62248373
1.269625663,6.626961231
1.269852279,6.626596451
1.270110487,6.627706051
1.27035868,6.628574371
1.270635365,6.626841545
1.270878314,6.624728203
1.271119713,6.622792721
1.271372913,6.622740269
1.271620392,6.61951685
1.271874427,6.623652458
1.2721202360000001,6.622841358
1.272380351,6.621424198
1.27264881,6.621201038
1.272875427,6.618640423
1.273126959,6.617238045
1.273380755,6.616390705
1.273622869,6.619133472
1.2738728510000001,6.617932796
1.274142026,6.615279675
1.274367689,6.61399889
1.274639128,6.617087364
1.274885772,6.616796017
1.2751227600000001,6.610993862
1.2753809680000001,6.609805107
1.275611042,6.609106064
1.275864838,6.611341
1.276118754,6.610471725
1.276375769,6.610600471
1.2766252740000001,6.610292435
1.276871442,6.610653877
1.277133821,6.606454849
1.277359484,6.605258942
1.277625321,6.606764793
1.277868866,6.606886864
1.278118728,6.607899666
1.278371571,6.607001305
1.278631209,6.606136322
1.278868436,6.604159355
1.279133319,6.599908829
1.279368519,6.600500107
1.279620408,6.601471424
1.279864906,6.602447033
1.280143021,6.601846218
1.280385255,6.597543716
1.280625819,6.597186565
1.280869006,6.596801758
1.2811264980000001,6.59463501
1.281365989,6.594230175
1.281617402,6.596617699
1.281884311,6.595107555
1.282139419,6.595028877
1.282358407,6.591766357
1.282610773,6.592137814
1.282869219,6.594243526
1.283121465,6.592955112
1.283380269,6.588251114
1.283633112,6.59098196
1.28387904,6.587908268
1.284127473,6.587171078
1.2843751890000001,6.588139057
1.284624695,6.585578918
1.2848526230000001,6.587103844
1.285122632,6.587213516
1.285379647,6.58672142
1.28563094,6.585110188
1.285883068,6.584749699
1.286125063,6.581429482
1.286365031,6.583546162
1.2866264570000001,6.583880901
1.286866902,6.580999374
1.287135957,6.579890728
1.287381052,6.579048634
1.287630914,6.5815835
1.287886857,6.579405308
1.288129448,6.579488754
1.2883768070000001,6.577696323
1.288621186,6.575650215
1.2888708100000001,6.575863838
1.289139746,6.574436188
1.289385794,6.578914165
1.2896471010000001,6.573647499
1.2898887380000001,6.574772358
1.290130256,6.570148468
1.290375231,6.572800636
1.2906446440000001,6.573668957
1.290874122,6.569819927
1.291138648,6.569528103
1.291375397,6.569079876
1.291623114,6.567374706
1.291877149,6.567873478
1.292124985,6.566399574
1.29237461,6.566863537
1.292623519,6.568435192
1.292892336,6.566982269
1.293114065,6.566960335
1.293393372,6.565990925
1.293638824,6.565914631
1.293868064,6.561041832
1.294119476,6.56321907
1.2943685040000001,6.559967518
1.294641732,6.562880993
1.294911383,6.560581684
1.295136093,6.558431149
1.295391797,6.556410313
1.295618294,6.559853554
1.295864342,6.557879925
1.296132444,6.559025764
1.2963654980000001,6.55794096
1.2966291890000001,6.559224129
1.296885966,6.55718708
1.2971429810000001,6.554607868
1.297393559,6.553010941
1.297621964,6.553368092
1.297859787,6.551669121
1.298132776,6.551059246
1.2983723870000001,6.552149773
1.298624276,6.549892902
1.298888801,6.550674915
1.299127697,6.550339699
1.299377083,6.548537254
1.299634575,6.546223164
1.299877881,6.543458939
1.300117849,6.545725346
1.300367593,6.546682835
1.30061221,6.548098564
1.3008928290000001,6.548015118
1.301132439,6.546130657
1.301386355,6.545198441
1.301619767,6.540491581
1.301857947,6.542947769
1.302132724,6.541940212
1.30236554,6.54273653
1.302626013,6.542118549
1.302884339,6.542932034
1.3031489840000001,6.539113522
1.30338013,6.538930893
1.3036319,6.536241531
1.303864955,6.536021233
1.3041049230000001,6.532543182
1.30437982,6.535820961
1.304639457,6.535836697
1.304888605,6.533093452
1.305137752,6.532575607
1.3053700910000001,6.530482292
1.3056185230000001,6.531459808
1.305878161,6.530553341
1.306110619,6.530834675
1.306382536,6.531980038
1.306623338,6.528604031
1.306887745,6.528728485
1.307108163,6.525064468
1.307372688,6.526081562
1.307610034,6.526681423
1.307876705,6.527895927
1.308125971,6.527272701
1.30837047,6.524031639
1.30862677,6.523433208
1.308878897,6.521463394
1.309109091,6.518720627
1.309368728,6.520484924
1.3096340880000001,6.520622253
1.309867619,6.52050972
1.3101444230000001,6.518791199
1.3103817690000001,6.517113209
1.310625194,6.516520023
1.310869096,6.516955853
1.311121582,6.517029285
1.31138265,6.516673088
1.311624764,6.517544746
1.311873077,6.517901897
1.3121360530000001,6.513034821
1.3123900880000001,6.516945362
1.312636136,6.511046886
1.312867044,6.512213707
1.313109873,6.510130405
1.313393949,6.510709763
1.313628315,6.511096954
1.313867925,6.511146069
1.314115761,6.508987904
1.314374207,6.507986069
1.314621328,6.506061554
1.314880727,6.509405613
1.315112351,6.507265568
1.315371154,6.507020473
1.31563711,6.508364677
1.31586778,6.506781101
1.316127895,6.502508163
1.316369413,6.502865314
1.316628932,6.506141663
1.316863774,6.503799438
1.317125677,6.502810478
1.317390917,6.502726078
1.317639588,6.500914574
1.317890881,6.50088501
1.318148016,6.496621132
1.318375825,6.494017601
1.318626283,6.496064663
1.3188595760000001,6.496917725
1.319127439,6.500927448
1.319408654,6.49832058
1.319633125,6.494858742
1.319880246,6.49361372
1.320126413,6.490772247
1.320367097,6.492078781
1.320624112,6.490278244
1.320881365,6.493443012
1.321115493,6.491968632
1.321393608,6.493972301
1.321630596,6.488157272
1.321884035,6.489960194
1.3221197120000001,6.485915184
1.322369574,6.48759079
1.3226199140000001,6.488427162
1.322873949,6.489573956
1.323134898,6.488224506
1.323404907,6.484957695
1.323631524,6.483204842
1.323875784,6.483431339
1.3241363750000001,6.484145641
1.3243764630000001,6.482705116
1.324638127,6.485191822
1.324905037,6.484226704
1.325161575,6.481995583
1.325382351,6.480780125
1.325629471,6.47632122
1.325869797,6.473351479
1.326125978,6.477536678
1.3263721450000001,6.477322578
1.3266319020000001,6.477713585
1.326879262,6.479615688
1.3271470060000001,6.476765633
1.32738304,6.473300457
1.327628015,6.472955227
1.327887415,6.471090317
1.328120946,6.471906185
1.328388332,6.470625877
1.328618287,6.468498707
1.328880547,6.472848892
1.329129814,6.468675613
1.329386114,6.468959332
1.329623579,6.468022823
1.329867362,6.465878963
1.330123304,6.466196537
1.330371617,6.471775532
1.330623625,6.466590405
1.330883263,6.465731144
1.331140279,6.464828968
1.331393956,6.462189674
1.331642507,6.459518909
1.331860899,6.458769798
1.332124232,6.458408833
1.332368134,6.459009647
1.332642316,6.460186481
1.332890748,6.45670414
1.333134769,6.456090927
1.3333725920000001,6.45628643
1.333624123,6.456471443
1.333883761,6.454891682
1.3341372,6.454352856
1.334393619,6.45447731
1.334627269,6.453555107
1.334882973,6.449367046
1.33512771,6.451375484
1.3353765,6.451930523
1.335630654,6.449608326
1.335880397,6.452250481
1.336130618,6.450625896
1.336377023,6.449769974
1.336639403,6.448670387
1.336877464,6.447175503
1.337127207,6.446122646
1.3373749240000001,6.445512295
1.337615489,6.443758488
1.337868808,6.442492008
1.338125585,6.447217464
1.338385938,6.443595886
1.338644623,6.441759109
1.33889079,6.448942184
1.339165925,6.447051048
1.339388965,6.443657875
1.339620112,6.444476604
1.339854001,6.444180965
1.340116619,6.445324421
1.340367078,6.44735527
1.340636371,6.445857525
1.34087324,6.44373703
1.341129898,6.439060688
1.341387628,6.440862179
1.341630696,6.440397739
1.341871499,6.441170216
1.342130421,6.438956738
1.342370628,6.440377235
1.342643975,6.438063622
1.342882274,6.437761784
1.34311056,6.434690952
1.3433809270000001,6.435776711
1.343620657,6.435320854
1.3438811290000001,6.439242363
1.344131468,6.437082767
1.344388245,6.43321228
1.344637273,6.43177557
1.344879388,6.42940712
1.345112442,6.431124687
1.345383762,6.429014683
1.345619796,6.430175781
1.345885156,6.43122673
1.346131562,6.427690029
1.346401213,6.427849293
1.346633433,6.42800808
1.346879243,6.425396442
1.34712541,6.426187038
1.347386836,6.424386501
1.347623943,6.422911167
1.347884654,6.42629528
1.348148583,6.423732281
1.348385094,6.420902252
1.348626255,6.419976711
1.348879694,6.417916298
1.349131225,6.421349525
1.349369286,6.419064999
1.349627374,6.418107986
1.349890112,6.421029091
1.350146292,6.418445587
1.350388764,6.41613102
1.350630044,6.414768219
1.350865124,6.415498257
1.351117133,6.414080143
1.351391672,6.415533543
1.351623057,6.408281326
1.351873039,6.406126499
1.3521318420000001,6.407767296
1.35238993,6.405946732
1.352632164,6.401556015
1.352896331,6.399974346
1.353131651,6.399946213
1.353380083,6.402293205
1.353628634,6.401449203
1.3538748010000001,6.399685383
1.354128598,6.399302959
1.354384898,6.398810863
1.354630231,6.399192333
1.354874014,6.397592068
1.355129718,6.394982815
1.3553724280000001,6.396125793
1.3556315890000001,6.396913528
1.355877279,6.395506859
1.356140851,6.394423485
1.3563948860000001,6.393261909
1.356630205,6.390256882
1.356868743,6.390487194
1.3571355330000001,6.390201092
1.357373713,6.391163349
1.357650279,6.390518188
1.3578883400000001,6.387524128
1.3581407060000001,6.386329174
1.358377813,6.386005402
1.358629702,6.38489151
1.358885764,6.386271
1.359127639,6.385946274
1.3593902580000001,6.386872768
1.359640478,6.385848999
1.359873174,6.382301807
1.3601337660000001,6.381395817
1.360365628,6.383700848
1.3606228820000001,6.383181095
1.36087334,6.383757114
1.361140131,6.382809162
1.3613765230000001,6.381175995
1.361629962,6.378904343
1.361885189,6.378890038
1.3621206270000001,6.378382683
1.362371324,6.376319885
1.362641691,6.378920555
1.362899064,6.374255657
1.363126157,6.373220921
1.363377093,6.375536442
1.363632201,6.373958588
1.363880752,6.372022629
1.364130257,6.371716976
1.364374398,6.372121811
1.36462581,6.371815681
1.364867448,6.370658875
1.365147828,6.368899345
1.365376948,6.371212006
1.3656450500000001,6.364768028
1.365882157,6.367669106
1.36611235,6.363537312
1.366373419,6.367619514
1.366612195,6.364284992
1.366871475,6.364620686
1.367137669,6.36775732
1.367394088,6.363613129
1.367622374,6.360310078
1.367879509,6.35852766
1.368124603,6.360395908
1.368377804,6.358175755
1.368626474,6.359289169
1.368888854,6.360051155
1.369143366,6.359201431
1.36939001,6.356204033
1.369632481,6.356013775
1.369858025,6.353053093
1.3701248160000001,6.355454922
1.370383261,6.354358673
1.3706338390000001,6.353053093
1.370888351,6.350327015
1.371150254,6.353709221
1.371406792,6.350130081
1.371627926,6.344337463
1.371877907,6.344717979
1.372110127,6.347249031
1.3723883620000001,6.347467422
1.3726238,6.349853039
1.372904299,6.348431587
1.373128174,6.348195076
1.3733924610000001,6.347403526
1.373625396,6.342946529
1.373886703,6.344221115
1.374125837,6.343842983
1.3743836870000001,6.34196949
1.374641894,6.344062805
1.374885319,6.340847492
1.3751512750000001,6.340423107
1.37538421,6.338039875
1.375622152,6.340032101
1.3758684380000001,6.340232372
1.376119016,6.338050842
1.376387356,6.336789131
1.37664461,6.337030411
1.376883625,6.336355686
1.377121686,6.335496426
1.377380489,6.334368706
1.377638458,6.333627701
1.377875327,6.332782745
1.378122209,6.334276676
1.378391145,6.331009388
1.37864375,6.330679893
1.3788971890000001,6.331436634
1.379132866,6.327527523
1.379390477,6.326945782
1.379626511,6.327663422
1.3798834070000001,6.327066422
1.380131124,6.327474117
1.380384325,6.327783585
1.380643247,6.329244137
1.3808825,6.324869156
1.381127118,6.326676369
1.38140714,6.324174404
1.381650327,6.323494434
1.381897567,6.320142269
1.382136105,6.317988873
1.382359861,6.320614338
1.38262832,6.31960392
1.382888673,6.323800564
1.38313198,6.320101261
1.383384346,6.317780495
1.383616565,6.316862106
1.383880137,6.316751003
1.384143113,6.317134857
1.38439083,6.317761898
1.384649752,6.313723564
1.384878753,6.313082695
1.385125755,6.314767361
1.385373472,6.312542915
1.385627507,6.309597015
1.38587272,6.312928677
1.386141657,6.310729504
1.386403083,6.307812691
1.3866341100000001,6.307834148
1.386894702,6.308936596
1.38712418,6.305120468
1.38736379,6.305660248
1.387626408,6.305869579
1.38786888,6.30441618
1.388146995,6.306423187
1.388395427,6.304703712
1.388636469,6.304295063
1.388874768,6.301195621
1.389140843,6.303602695
1.389375328,6.301128387
1.3896074280000001,6.301790714
1.389885544,6.299613953
1.3901183590000001,6.301359177
1.3903775200000001,6.299309731
1.390644311,6.298624039
1.390878318,6.297642231
1.391125082,6.296866417
1.391374468,6.298147678
1.391614793,6.29696703
1.391871928,6.295286179
1.3921312080000001,6.295229435
1.3923903690000001,6.295978546
1.392653822,6.290448189
1.392881035,6.289818287
1.393132328,6.288486004
1.393364071,6.290269852
1.393611549,6.291688919
1.393874525,6.289853096
1.394129871,6.288092613
1.394380211,6.29009819
1.3946409210000001,6.285659313
1.394906877,6.281498909
1.3951226460000001,6.280453205
1.395371793,6.284035683
1.395631789,6.284081936
1.395873069,6.283341885
1.396119593,6.283164501
1.396395086,6.284310818
1.396631597,6.279023647
1.396878599,6.280433178
1.39712119,6.278039932
1.397377013,6.276103973
1.397636174,6.278612614
1.397888898,6.276610374
1.398149012,6.277662277
1.3983726490000001,6.274573803
1.39861977,6.273156643
1.398866891,6.2740345
1.399129986,6.272137165
1.3993701920000001,6.271659851
1.399628876,6.271516323
1.399878143,6.27321291
1.400133966,6.269246578
1.400377868,6.26808548
1.400633453,6.266690731
1.400869487,6.265696049
1.401121615,6.266099453
1.4013787500000001,6.268344402
1.401628016,6.268449306
1.401900171,6.265918255
1.402141451,6.26310873
1.402375101,6.263203621
1.402633904,6.26106739
1.402867793,6.261068821
1.403133153,6.260899067
1.403387307,6.261527538
1.403633712,6.260669231
1.403889536,6.258411884
1.404134391,6.258979797
1.4043993940000001,6.254982948
1.404633044,6.254693508
1.404868005,6.255198002
1.4051266900000001,6.254272938
1.405390977,6.254673958
1.405634283,6.254558563
1.405882,6.255439281
1.406121134,6.251812458
1.406377076,6.253650665
1.406628131,6.250933647
1.406876324,6.251294136
1.407113789,6.248398304
1.407372354,6.252235889
1.407627462,6.246380806
1.407878278,6.248491764
1.40814495,6.246431351
1.408384679,6.242888451
1.408620118,6.241957188
1.408875464,6.244174957
1.409141539,6.245410919
1.409380554,6.244623184
1.409633874,6.241145134
1.409882902,6.239050865
1.41013944,6.237974167
1.410382508,6.238425255
1.410628556,6.238146305
1.410857438,6.237470627
1.4111266120000001,6.23984623
1.411387919,6.23698473
1.4116315830000001,6.237692833
1.4118810880000001,6.235742092
1.41211152,6.23392868
1.412372111,6.234922409
1.412618159,6.235619068
1.412876009,6.234819412
1.413144349,6.232169151
1.413386105,6.232598782
1.413640617,6.232014656
1.41387987,6.22868824
1.414119481,6.231236935
1.414362549,6.228123665
1.41461265,6.229911327
1.41488397,6.227650642
1.415145754,6.227392197
1.415408252,6.227536201
1.415637373,6.225887775
1.415877699,6.223319054
1.416116832,6.225191593
1.416376828,6.221389294
1.416633843,6.221569061
1.416885136,6.219799519
1.417125939,6.22177124
1.417391776,6.217448711
1.417640685,6.217199326
1.417891143,6.215664864
1.418115972,6.217695713
1.418364881,6.21496439
1.418614863,6.217579365
1.418880819,6.216349125
1.419151424,6.21698761
1.419385074,6.214388847
1.419645547,6.210875511
1.419871448,6.211415291
1.420132755,6.210175037
1.420368313,6.208755016
1.420625685,6.208000183
1.420877932,6.211164951
1.421121,6.210442543
1.4213773,6.208809376
1.421637057,6.20653677
1.421869277,6.207286835
1.422120808,6.205554008
1.422374009,6.204973698
1.422629474,6.205392361
1.422877668,6.205448627
1.423129677,6.204298496
1.423392175,6.203096867
1.423637389,6.200130939
1.423868178,6.20050621
1.424118756,6.199395657
1.424380182,6.20252943
1.424641846,6.198055744
1.424884795,6.200987339
1.425130008,6.196624756
1.425375818,6.199624538
1.4256246080000001,6.195662498
1.425876616,6.194915295
1.426122187,6.195565224
1.426385163,6.195431232
1.426646351,6.194471836
1.42688608,6.193061352
1.427117227,6.191622734
1.427373527,6.191383839
1.427613257,6.186972141
1.427863716,6.191801071
1.42813444,6.189619064
1.428390263,6.190457821
1.428642749,6.187300682
1.428874253,6.183728218
1.429116486,6.184778214
1.4293632490000001,6.187927246
1.429602979,6.181846142
1.429875253,6.184872627
1.4301199900000001,6.182535172
1.430387734,6.185333729
1.430644749,6.183902264
1.430885433,6.181087494
1.431121706,6.179555416
1.43137586,6.179336548
1.431639432,6.180399895
1.431876062,6.174534798
1.43213868,6.177550793
1.432387947,6.177668095
1.432644604,6.174015045
1.43289244,6.173911572
1.433129786,6.171359062
1.433353423,6.173137188
1.433620571,6.175205231
1.433879613,6.174899578
1.43414533,6.173428059
1.434397219,6.174324512
1.434623836,6.166688442
1.43485999,6.169086456
1.435116409,6.166728973
1.4353743780000001,6.167886734
1.4356133930000001,6.168376446
1.435884951,6.167371273
1.436130642,6.167290211
1.436383723,6.164689064
1.436625718,6.160903931
1.436878203,6.160524368
1.437117456,6.159588337
1.43738222,6.160787106
1.437628149,6.162813187
1.437883018,6.16212368
1.438129543,6.160280704
1.438377737,6.162685871
1.43862605,6.157119751
1.438878535,6.154733658
1.439138054,6.157540321
1.439382909,6.157836437
1.439637421,6.154413223
1.439891933,6.15501833
1.44014418,6.152863503
1.440376042,6.151933193
1.4406265010000001,6.149360657
1.440869569,6.151109219
1.441123723,6.147921562
1.441389083,6.149659634
1.441645979,6.149301529
1.441888093,6.149726391
1.442134856,6.146905422
1.44237089,6.142298698
1.4426167,6.143940449
1.442862152,6.14654398
1.443139075,6.146022797
1.44339156,6.14345932
1.443634747,6.145605087
1.443900703,6.142440796
1.444137095,6.141108036
1.444362043,6.13853693
1.444610356,6.139413357
1.444866894,6.139047623
1.445130347,6.139341831
1.44538915,6.140635967
1.445652364,6.138815403
1.445886134,6.133829117
1.446140288,6.133131504
1.446374654,6.13222456
1.4466093770000001,6.13179636
1.446866511,6.13152647
1.447126149,6.134331703
1.447397588,6.131441116
1.44763398,6.129919529
1.447886823,6.129712105
1.448123931,6.129571915
1.4483724820000001,6.126970291
1.448629259,6.126270294
1.448878525,6.128803253
1.449134349,6.128248215
1.44939339,6.124548435
1.449642061,6.122338295
1.449867963,6.120841026
1.450123786,6.120619774
1.450378536,6.120466232
1.450615405,6.123608112
1.450871943,6.122998238
1.451125263,6.12400341
1.451403617,6.12025404
1.451630114,6.117866039
1.4518742550000001,6.116458416
1.4521204220000001,6.115427494
1.452369093,6.115449429
1.452623247,6.115579605
1.4528684600000001,6.115465641
1.4531185610000001,6.115942478
1.453400253,6.116544247
1.453655003,6.114244461
1.4538931830000001,6.110220432
1.454121469,6.111982346
1.454365133,6.110054493
1.454612254,6.112164021
1.454878925,6.110337734
1.455140232,6.112138748
1.455393671,6.109267235
1.4556341160000001,6.10637188
1.45588231,6.107768536
1.456131576,6.105240345
1.456374525,6.101419926
1.4566293940000001,6.104287148
1.456877946,6.105122566
1.457152723,6.102368355
1.457386254,6.10118103
1.457609533,6.09839344
1.45786774,6.099403381
1.458112239,6.100186348
1.458362936,6.100710392
1.458634614,6.102731228
1.4588968740000001,6.099910259
1.459150075,6.096057892
1.4593989840000001,6.094696999
1.459624528,6.094284058
1.459861754,6.095322609
1.460111498,6.094353199
1.460385321,6.095254421
1.460640548,6.095277786
1.460889696,6.090450764
1.461139916,6.092010021
1.461401581,6.092059612
1.461622833,6.087488651
1.461878537,6.089182377
1.462129472,6.087154388
1.462377785,6.08500576
1.4626318200000001,6.088365078
1.462890147,6.08677578
1.46314454,6.084107399
1.463384508,6.083676338
1.46362543,6.079465389
1.463867902,6.081432819
1.464121102,6.083992958
1.464377402,6.082589626
1.4646403780000001,6.081514359
1.464895605,6.081381321
1.465159892,6.077323914
1.465376614,6.075366974
1.465621709,6.074312687
1.465862273,6.076696873
1.4661309710000001,6.077350616
1.466389297,6.074417591
1.466641067,6.074063301
1.466882704,6.074041843
1.46713662,6.072604656
1.467370628,6.072924137
1.4676315770000001,6.07028389
1.467877983,6.07090044
1.468130468,6.069987297
1.4683796150000001,6.068543434
1.46862924,6.068187237
1.468877672,6.067951679
1.469133614,6.06644249
1.469377159,6.066129208
1.469614981,6.065238953
1.469876288,6.064834595
1.470143794,6.063444614
1.4703904380000001,6.062328815
1.470624446,6.05961895
1.470873474,6.059421539
1.471119403,6.06107235
1.47135949,6.059111118
1.471630334,6.059232712
1.471882223,6.059225559
1.4721496090000001,6.058260918
1.4723883850000001,6.057706356
1.47264099,6.0555439
1.4728752360000001,6.052535534
1.473130821,6.053003311
1.4733728160000001,6.053106785
1.473627685,6.051671028
1.473881959,6.052822113
1.4741185890000001,6.050656319
1.474370955,6.051410198
1.474636077,6.051655293
1.474896787,6.048480034
1.475130199,6.043307304
1.4753551470000001,6.044089794
1.475607632,6.047513008
1.475852607,6.046969414
1.476129411,6.04491806
1.476388572,6.045058727
1.476620911,6.042295933
1.476871966,6.043806076
1.477126239,6.044557095
1.4773702610000001,6.040593624
1.477608679,6.041872978
1.477881907,6.04226923
1.478144406,6.039367676
1.4783895,6.041321754
1.478632806,6.037204742
1.478857516,6.035394192
1.479128479,6.036594391
1.479376076,6.035723686
1.479625701,6.035608292
1.479875802,6.033532619
1.480137109,6.030628204
1.480369328,6.03278017
1.480628489,6.030920029
1.480878352,6.028335094
1.481106638,6.030812263
1.481358169,6.030802727
1.481636523,6.031796932
1.481875895,6.030342102
1.482139348,6.030164242
1.482386588,6.025269985
1.4826382390000001,6.025727749
1.482864259,6.022900105
1.483121275,6.021630287
1.4833523020000001,6.025449276
1.483623027,6.027126789
1.483880161,6.023640633
1.4841333620000001,6.021626949
1.4843721380000001,6.018339157
1.4846160400000001,6.018940449
1.484879612,6.019784451
1.485141991,6.017916679
1.485373496,6.017597675
1.485633134,6.017492771
1.485882758,6.013264179
1.486114858,6.01532793
1.486381291,6.011976719
1.486635445,6.015094757
1.486868738,6.010610104
1.487127184,6.014322758
1.487378834,6.011909485
1.487619518,6.011777401
1.4878813020000001,6.010920525
1.488137721,6.009719372
1.488375186,6.006643295
1.488611697,6.007048607
1.488881587,6.006006718
1.489124297,6.0076828
1.4894011010000001,6.006597042
1.4896271220000001,6.003239632
1.489878176,6.004566193
1.490125297,6.001418591
1.490373253,6.002111435
1.490636467,6.003413677
1.490876435,6.001583099
1.491128682,5.998818874
1.491389393,5.996304512
1.491628407,5.997756958
1.491880654,5.998951435
1.492125152,5.99473238
1.492386817,5.994098186
1.4926245200000001,5.997734547
1.492890357,5.998529911
1.4931354510000001,5.994568825
1.49337828,5.992239952
1.4936294540000001,5.995542049
1.493885039,5.993371487
1.494114994,5.992765903
1.4943950160000001,5.990623951
1.4946513160000001,5.989317417
1.494878887,5.987379551
1.495140551,5.987454414
1.495384334,5.985927582
1.4956428990000001,5.987378597
1.4958856090000001,5.985004902
1.496127366,5.98530817
1.496377944,5.985966206
1.496638297,5.984341145
1.496880888,5.981043816
1.497142075,5.982377052
1.49739158,5.979392529
1.497643589,5.979948997
1.497875928,5.979448318
1.4981133930000001,5.976511478
1.4983716,5.977081776
1.498612641,5.977871895
1.498872875,5.977818489
1.499147414,5.976950645
1.4993968,5.97561264
1.499635218,5.974440575
1.499876617,5.97184515
1.500139474,5.972004414
1.500373243,5.970580101
1.500623583,5.971345901
1.500875114,5.9720397
1.50114107,5.972344875
1.5014104830000001,5.970831394
1.501659154,5.968456745
1.501883625,5.962935925
1.502123831,5.962111473
1.502364396,5.96113205
1.502626418,5.96338892
1.5028796180000001,5.964697838
1.503144025,5.964420319
1.503402351,5.961121559
1.503634213,5.960767269
1.503868817,5.960450172
1.504114031,5.957777023
1.504380702,5.956895828
1.504641174,5.956380844
1.504881977,5.956573009
1.5051341040000001,5.95561409
1.505386828,5.953809261
1.505626439,5.952847958
1.505872964,5.955310822
1.5061269990000001,5.954798222
1.5063771000000001,5.95490694
1.506629347,5.952565193
1.506889461,5.950053692
1.507121204,5.950771809
1.507382749,5.947395325
1.507636665,5.948067188
1.507868885,5.945478439
1.508132337,5.947263241
1.508382677,5.947341919
1.508620142,5.947681904
1.508895158,5.947636127
1.5091334570000001,5.946879387
1.509380578,5.943225384
1.509632705,5.942070007
1.509867309,5.941251278
1.510123013,5.942025185
1.510369419,5.943100929
1.510641335,5.939951897
1.5108922710000001,5.940152645
1.51113963,5.938792706
1.511389731,5.934594154
1.511628507,5.933876991
1.511874674,5.934045315
1.512118338,5.933441639
1.51237285,5.93557024
1.512632965,5.93283987
1.5128970130000001,5.933338642
1.513129829,5.932346344
1.513381957,5.929872036
1.513636707,5.929914951
1.513879417,5.927937508
1.514121054,5.926282883
1.51436901,5.927168846
1.514630197,5.926969528
1.5148835170000001,5.925392628
1.5151585330000001,5.925041676
1.515376686,5.921332359
1.515619634,5.92275238
1.515871404,5.922618866
1.516105412,5.922662258
1.516392945,5.922217369
1.516650675,5.919690132
1.516892193,5.918930531
1.517125605,5.916687489
1.5173741570000001,5.917092323
1.517621397,5.915819645
1.517858742,5.917161942
1.518132685,5.920448303
1.518397807,5.918239117
1.518644212,5.916272163
1.518886446,5.913803101
1.5191423880000001,5.911427975
1.519373177,5.908981323
1.519598244,5.911357403
1.519866108,5.9101758
1.5201339710000001,5.911867619
1.520387887,5.910832405
1.520632266,5.907444
1.5208816520000001,5.907224655
1.521130322,5.909754753
1.5213767280000001,5.904584885
1.521618603,5.9059515
1.5218831290000001,5.906190872
1.522144793,5.903877735
1.52237296,5.903625488
1.522619485,5.902114868
1.522877215,5.902084351
1.523130892,5.900934219
1.5233820660000001,5.900752068
1.523633598,5.898289204
1.523870348,5.900530815
1.524143933,5.899938583
1.5243840210000001,5.900823593
1.524630188,5.896111965
1.524871944,5.895486832
1.5251207340000001,5.895981312
1.5253835900000001,5.895712376
1.525639056,5.894378662
1.525897621,5.89458847
1.526131033,5.891925812
1.5263748160000001,5.890744686
1.526614665,5.889461994
1.526867865,5.887728214
1.527122377,5.888624191
1.527385472,5.889860153
1.527626156,5.8889575
1.527869343,5.888932705
1.528140424,5.886159897
1.52837777,5.882881641
1.5286225070000001,5.883321285
1.528868912,5.883092403
1.529103159,5.881156445
1.529360532,5.881836414
1.529627322,5.881925106
1.529886244,5.879299641
1.530134557,5.8785882
1.5303813210000001,5.879207134
1.530632614,5.874715805
1.530875801,5.876536846
1.531120418,5.87886095
1.531366585,5.877460957
1.531641482,5.877763271
1.531893252,5.87268734
1.5321393,5.869958878
1.53236699,5.869489193
1.53262174,5.869341373
1.532861112,5.868717194
1.533112644,5.870100498
1.533379196,5.870774269
1.5336401450000001,5.868189335
1.533893942,5.863708973
1.53411889,5.864459038
1.534376382,5.863969326
1.5346337540000001,5.864480019
1.534875868,5.86261034
1.535131572,5.863177776
1.535378812,5.862609386
1.53563249,5.862042904
1.5358635170000001,5.859423637
1.536121486,5.861011982
1.536368846,5.85859108
1.536605118,5.858981133
1.536890029,5.857777596
1.537131666,5.854708672
1.537385105,5.85532999
1.537620186,5.855331421
1.5378720750000001,5.853604317
1.538120984,5.852468967
1.538375257,5.852938175
1.538630127,5.85249567
1.5388679490000001,5.853021145
1.539138793,5.852070808
1.539387344,5.849955082
1.539636491,5.846251488
1.539876341,5.847161293
1.540127991,5.843733311
1.540360092,5.844165325
1.540623187,5.846016884
1.540863036,5.846896648
1.541131972,5.846868515
1.541396378,5.844146729
1.541639327,5.840031147
1.5418989650000001,5.83961916
1.542108415,5.837967873
1.542358278,5.838268757
1.542619466,5.838418007
1.5428909050000001,5.840415478
1.5431268200000001,5.837825775
1.543379663,5.834729671
1.543630599,5.837611198
1.543875455,5.836593151
1.544126509,5.833775043
1.544344424,5.833556652
1.544624685,5.83459568
1.544879793,5.834168434
1.545145749,5.831696987
1.545394777,5.830686092
1.545637249,5.826702595
1.545872568,5.828336239
1.5461295830000001,5.828041553
1.546363591,5.828676701
1.546630858,5.830218315
1.546874045,5.82756424
1.547136425,5.82855463
1.547389029,5.822277546
1.5476224410000001,5.822415829
1.547880768,5.822724342
1.5481158480000001,5.819381714
1.548376201,5.820773602
1.548638223,5.820760727
1.548875569,5.818169117
1.549116253,5.817434311
1.549372672,5.81674099
1.549600362,5.816651821
1.549878,5.817166328
1.550129412,5.81576395
1.550383686,5.814179897
1.550630091,5.811753273
1.5508744700000001,5.811793327
1.551115988,5.81016922
1.551360248,5.810213089
1.5516029580000001,5.810222626
1.551857947,5.80933857
1.552130221,5.809100151
1.552391528,5.807454109
1.552638529,5.807709217
1.552873014,5.804728031
1.55312383,5.801960945
1.5533770310000001,5.803759575
1.553618191,5.801439762
1.553867577,5.801973343
1.554141997,5.802330494
1.55437529,5.798350811
1.5546246750000001,5.798407555
1.554867862,5.796272755
1.555126427,5.794685364
1.5553678260000001,5.796383381
1.5556159010000001,5.795556545
1.555871843,5.794538498
1.556140302,5.797930717
1.556379317,5.792942047
1.556618212,5.79014492
1.556845306,5.792772293
1.5571002950000001,5.793505192
1.557371973,5.790854454
1.557626961,5.793280602
1.557880639,5.788290977
1.5581406340000001,5.788674831
1.558381795,5.783418655
1.558621644,5.782788277
1.558856128,5.7820611
1.559112548,5.784858227
1.559361695,5.784126759
1.55962169,5.783424377
1.5598640430000001,5.781699181
1.560117005,5.780554771
1.5603519670000001,5.777536392
1.560608743,5.781697273
1.560874938,5.780735016
1.561125396,5.779354572
1.5613653650000001,5.775397778
1.561622976,5.777156353
1.561861275,5.775443554
1.562105297,5.774681091
1.562362074,5.775031567
1.562613963,5.774952412
1.562880872,5.773818016
1.563120841,5.772463799
1.563368915,5.772341728
1.563617228,5.770056248
1.56387329,5.769149303
1.564102291,5.768873215
1.564355849,5.767701626
1.5646027310000001,5.768884182
1.564864515,5.766261101
1.565133928,5.766182423
1.565358757,5.762925625
1.565615176,5.761936188
1.565846919,5.763483047
1.566111325,5.763521194
1.566376089,5.763554096
1.5666427600000001,5.762845993
1.5668883310000001,5.760994911
1.567130445,5.759480476
1.5673677910000001,5.75741148
1.567623733,5.759029388
1.567869066,5.757479668
1.5681378830000001,5.756915092
1.568384765,5.754246712
1.56862831,5.755895615
1.568871497,5.753220081
1.569124101,5.752663612
1.569390892,5.75241375
1.569628714,5.753756046
1.569875954,5.74998951
1.570142029,5.748334885
1.570383786,5.747411251
1.570632456,5.749637127
1.570869206,5.745967865
1.57111883,5.743694305
1.5713771570000001,5.745025635
1.5716269,5.747179508
1.571882962,5.745278835
1.572124122,5.7414217
1.572378396,5.741675377
1.57263708,5.741703987
1.572886466,5.737217903
1.57312095,5.736886501
1.573355197,5.735870361
1.57363355,5.737672806
1.573875307,5.737842083
1.574129461,5.74028635
1.574389576,5.732430935
1.574626325,5.732680321
1.57487583,5.730465412
1.575115918,5.732935429
1.57535982,5.731505871
1.575629114,5.731396198
1.575874327,5.727313995
1.576126217,5.727854729
1.576383947,5.727107525
1.57663679,5.727799416
1.576869725,5.727300644
1.577126263,5.723599434
1.577362775,5.724866867
1.577640651,5.725174904
1.57788515,5.724160194
1.578137277,5.722167492
1.578379153,5.718049526
1.578599452,5.718693256
1.578865169,5.722426414
1.579100965,5.719552994
1.579382418,5.720823765
1.579645394,5.719728947
1.57989168,5.714608192
1.580123304,5.715388775
1.580358623,5.71175766
1.580601453,5.714731693
1.580866336,5.715636253
1.581141113,5.712820053
1.581383465,5.712499619
1.581630825,5.708701134
1.581862687,5.70927906
1.582115291,5.710481167
1.582351922,5.707989216
1.582622527,5.709330082
1.5828744160000001,5.70684433
1.583132504,5.708332062
1.5833944070000001,5.703654766
1.583634733,5.703677177
1.5838705290000001,5.702546597
1.584113597,5.702410698
1.5843837250000001,5.700619698
1.5846428860000001,5.699920654
1.584886073,5.699414253
1.585146784,5.697938442
1.5853837720000001,5.698999882
1.585643648,5.695734501
1.5858814700000001,5.692928314
1.586122273,5.694834232
1.5863790500000001,5.694727421
1.5866492970000001,5.694069386
1.5868831860000001,5.693034172
1.58714044,5.691226006
1.5873856530000001,5.689078331
1.587617992,5.689931393
1.587866424,5.689335823
1.58812785,5.689469814
1.58838868,5.687718868
1.588629483,5.68666172
1.588883518,5.68687582
1.589114069,5.685416698
1.589382409,5.684547901
1.589637159,5.682668209
1.589885234,5.682260036
1.590133904,5.680684566
1.59037721,5.681661606
1.590631841,5.680449009
1.590902208,5.678627968
1.5911360970000001,5.67803812
1.591378568,5.677107811
1.5916136490000001,5.67653656
1.5918835390000001,5.675255299
1.592124222,5.677476883
1.592398165,5.67393446
1.59265375,5.672463417
1.592888592,5.672014713
1.59314978,5.673520565
1.593393682,5.66848278
1.593619703,5.669990063
1.593876718,5.667892933
1.5941114410000001,5.66870451
1.5943741790000001,5.667804718
1.594628452,5.667879581
1.594891547,5.666157246
1.595152615,5.664834499
1.59537649,5.664277077
1.595627426,5.66182375
1.595869182,5.66074419
1.596118807,5.664217472
1.596383928,5.660624981
1.59663534,5.659564018
1.5968787660000001,5.659049988
1.59714353,5.658585548
1.597381948,5.65889883
1.597632645,5.657050133
1.597864388,5.655256271
1.598127125,5.656187534
1.598386525,5.653813362
1.598630546,5.656968117
1.5988928070000001,5.653472424
1.599127291,5.64896822
1.5993810880000001,5.649000645
1.5996133080000001,5.649932861
1.599868892,5.650239944
1.600130557,5.650602818
1.600396155,5.649076939
1.600633143,5.648687363
1.600894808,5.64563036
1.601119517,5.645528793
1.601377724,5.643295765
1.601612924,5.64346838
1.601889967,5.64236927
1.602143048,5.644832134
1.60238695,5.638313293
1.602634667,5.639427662
1.602876543,5.6372962
1.6031205640000001,5.639041424
1.603365897,5.635308743
1.603618859,5.636371613
1.603879808,5.635724068
1.604127763,5.639575481
1.604384898,5.633850098
1.6046364290000001,5.630774498
1.604859351,5.628662109
1.6051074250000001,5.632022381
1.605372547,5.630748272
1.60561335,5.62869978
1.605886339,5.629723072
1.606128215,5.627270699
1.606380938,5.624925613
1.606625079,5.624373436
1.606853961,5.623706341
1.607132434,5.625839233
1.607376336,5.620253563
1.6076246490000001,5.623272419
1.607868313,5.623318672
1.6081378450000001,5.624077797
1.60836315,5.619866848
1.6086289870000001,5.61818552
1.608874081,5.617405891
1.609120964,5.620601654
1.60938084,5.617368221
1.6096475110000001,5.615330696
1.609883546,5.611010075
1.610121964,5.612980366
1.610374449,5.611305714
1.610611676,5.609249115
1.610859631,5.611256599
1.611111282,5.609379768
1.611363648,5.610909462
1.61163926,5.608581066
1.611882566,5.607377052
1.612129806,5.605610847
1.612377165,5.605857849
1.612627982,5.603160381
1.612881182,5.600551128
1.613134621,5.602502346
1.613381742,5.60160923
1.6136361350000001,5.602117062
1.6138833750000001,5.597592831
1.614124774,5.600335121
1.614369153,5.598069668
1.614624737,5.598238468
1.614869236,5.598724365
1.615139006,5.59806633
1.615381597,5.593133926
1.615640997,5.593875885
1.615876435,5.589879513
1.6161316620000001,5.590322018
1.616373657,5.589657307
1.616622685,5.589984417
1.616861342,5.590307713
1.617144107,5.591733932
1.6173902740000001,5.589847565
1.6176296460000001,5.587399483
1.617875456,5.584135532
1.618127941,5.582701683
1.618367313,5.583272457
1.618636488,5.583215714
1.61888492,5.582640171
1.619139312,5.578475475
1.619396447,5.579016685
1.6196227060000001,5.577990055
1.619878052,5.578585625
1.620137929,5.577879429
1.620379566,5.575652599
1.62062621,5.576490402
1.620888709,5.57547617
1.6211357100000001,5.574215412
1.62139654,5.57490778
1.621622919,5.572422504
1.621867655,5.570653915
1.622138141,5.570462704
1.622369288,5.570104599
1.62265241,5.567777157
1.622884511,5.567567825
1.6231555930000001,5.565425873
1.62338972,5.564001083
1.6236220590000001,5.562414169
1.623884438,5.56383276
1.6241109360000001,5.565288067
1.624361395,5.563641071
1.6246432050000001,5.565631866
1.624902962,5.560254574
1.625150918,5.56286335
1.625371813,5.558550835
1.625645755,5.557769299
1.625862001,5.554270267
1.62611842,5.555963993
1.626379965,5.555185318
1.62663555,5.555618763
1.626891493,5.553437233
1.6271355140000001,5.55424118
1.627366899,5.552212238
1.627628683,5.5508461
1.627874254,5.547830105
1.628137587,5.550764084
1.628379582,5.548447609
1.62862718,5.546438217
1.628886818,5.548459053
1.629140137,5.546792507
1.629386185,5.543840408
1.629627584,5.54221344
1.629882096,5.544140816
1.6301167,5.541154861
1.630382775,5.541920185
1.6306518300000001,5.54113245
1.630903958,5.536447525
1.631149529,5.538100719
1.63138306,5.534666538
1.631618379,5.53675127
1.631862997,5.535070419
1.632135271,5.534827709
1.632385491,5.534774303
1.632640837,5.534135342
1.632901787,5.532019615
1.6331294760000001,5.531614304
1.633379697,5.529386997
1.633619188,5.530009747
1.63386762,5.528817177
1.634125827,5.527069569
1.634395479,5.525945663
1.63463509,5.525365353
1.634878634,5.524022102
1.635133146,5.523192883
1.635369061,5.523584843
1.6356467000000001,5.522981644
1.635871886,5.519364834
1.636111616,5.518541813
1.63637936,5.521621704
1.636669038,5.518626213
1.636893629,5.517011166
1.637131928,5.513758659
1.637371896,5.512724876
1.637628435,5.514674664
1.637867211,5.514847279
1.638142108,5.515435219
1.638397335,5.511775017
1.638652204,5.509448528
1.638875245,5.506487846
1.639127492,5.505976677
1.639370679,5.508180141
1.639629124,5.507409096
1.639882563,5.50473547
1.640141247,5.505630493
1.640383242,5.504707813
1.640632867,5.503101349
1.640879511,5.50091362
1.641131042,5.50082922
1.641365408,5.500323772
1.641625165,5.502225876
1.641891121,5.495390892
1.642134904,5.4992733
1.642398356,5.495168686
1.642632841,5.494297028
1.642880915,5.493367195
1.643141507,5.491425514
1.643381594,5.489620209
1.6436405170000001,5.492595196
1.643882869,5.489017963
1.64413154,5.489640236
1.6443859330000001,5.486701965
1.644648193,5.487139225
1.644893883,5.48579073
1.645134209,5.483521938
1.64536321,5.483231068
1.645625232,5.485332966
1.6459017980000001,5.483082771
1.646153449,5.482738495
1.646396397,5.479682446
1.646650075,5.475934505
1.646885275,5.473872662
1.647127865,5.474733353
1.6473658070000001,5.473308086
1.647628306,5.475686073
1.64788556,5.47355175
1.648163794,5.474526882
1.648406147,5.468677044
1.6486496910000001,5.468057632
1.648893117,5.466356277
1.649124144,5.464184284
1.6493721000000001,5.465440273
1.649613379,5.46487999
1.649880527,5.467103004
1.650147198,5.463367462
1.6504056440000001,5.461534023
1.650648235,5.459487438
1.6508840310000001,5.458959579
1.651131748,5.455345154
1.6513702860000001,5.455991268
1.651640056,5.454155445
1.651897668,5.454148769
1.652134894,5.456264019
1.652413129,5.452845097
1.652668356,5.448741913
1.652878402,5.451146603
1.6531245700000001,5.448587894
1.65338385,5.451877594
1.653637885,5.45092392
1.653904198,5.447495461
1.654153107,5.445572376
1.654391764,5.445989132
1.654638885,5.442675591
1.654887794,5.44132185
1.655128716,5.43993187
1.655390977,5.436865807
1.6556382170000001,5.436593533
1.655895709,5.435601711
1.656138657,5.432199955
1.656400679,5.435844421
1.656645416,5.428275108
1.65689802,5.428269386
1.657135128,5.427169323
1.657371281,5.42585516
1.657619117,5.424534798
1.6578834040000001,5.427089214
1.658137559,5.42168045
1.658411502,5.422296047
1.658650635,5.419681072
1.6588885770000001,5.416284084
1.6591312870000001,5.414591312
1.659392475,5.413601875
1.659634112,5.412614822
1.659891485,5.411034107
1.660150884,5.408533573
1.6604061110000001,5.40844965
1.6606445300000001,5.403761387
1.6609104860000001,5.402415276
1.661123751,5.398911953
1.661373376,5.399940968
1.661641596,5.398147106
1.661897777,5.396538734
1.6621513350000001,5.394050121
1.662404655,5.393043041
1.6626534450000001,5.388880253
1.662897943,5.387882233
1.663136719,5.385696888
1.6633971920000001,5.382906437
1.663637279,5.378093243
1.663885354,5.378134727
1.664155601,5.37725687
1.664401649,5.371803761
1.664665698,5.370984554
1.6649212820000001,5.365030289
1.665143727,5.361541748
1.66539955,5.363588333
1.665644764,5.356800556
1.6658992750000001,5.353933334
1.6661489,5.352399826
1.6664036500000001,5.350430489
1.666654824,5.344007492
1.666918873,5.342008114
1.667185663,5.338567257
1.667415737,5.335290909
1.667662381,5.332005501
1.66791427,5.328284264
1.668153762,5.326161385
1.668397187,5.321228981
1.668660163,5.321253777
1.668915986,5.315391541
1.669172643,5.311104298
1.6694418180000001,5.310316563
1.669684051,5.301280499
1.669915317,5.300439358
1.6701645840000001,5.295239925
1.670405267,5.29045105
1.670658706,5.28909874
1.6709064230000001,5.28730154
1.671177028,5.279728889
1.6714394080000001,5.274460793
1.671695827,5.270906448
1.671940087,5.265095711
1.672186969,5.261273384
1.672407507,5.254304409
1.672668813,5.254135609
1.6729172460000001,5.247849464
1.673166155,5.245036602
1.673434852,5.238503456
1.673698186,5.233508587
1.673943876,5.225056648
1.674195884,5.219278336
1.674425362,5.216857433
1.674681424,5.210193157
1.67493069,5.206091404
1.675184368,5.203258514
1.6754218330000001,5.199861526
1.675672411,5.190812588
1.675937771,5.187026024
1.676185845,5.181344986
1.676417946,5.177344799
1.676661729,5.175376892
1.676922439,5.170045376
1.6771755210000001,5.167359829
1.677442669,5.159105778
1.677696584,5.157534122
1.677940487,5.151693344
1.678182005,5.145793915
1.678419708,5.140111923
1.678672432,5.136553764
1.678939103,5.130187988
1.679169654,5.127409458
1.679430841,5.121113777
1.679683922,5.116715908
1.6799486860000001,5.111547947
1.680206417,5.106371403
1.680456518,5.100119114
1.68071103,5.089906216
1.680952786,5.082788467
1.681204437,5.075430393
1.681451439,5.068355083
1.681705354,5.061563015
1.68193221,5.051215649
1.682203053,5.047093391
1.682445525,5.039502621
1.682724236,5.030379295
1.682963251,5.023970604
1.683221816,5.014668941
1.683476089,5.004794598
1.683709501,4.999052048
1.683952688,4.990421772
1.684206365,4.983284473
1.684455513,4.976318359
1.6847190840000001,4.969442368
1.68495488,4.962320328
1.685210704,4.954549789
1.6854618780000001,4.945892334
1.685696362,4.938785553
1.685935854,4.930225849
1.686188577,4.924713135
1.686440109,4.921806335
1.686711072,4.911756039
1.686954378,4.9041996
1.6872006640000001,4.896963596
1.687451838,4.891661644
1.687699436,4.88493681
1.687950729,4.874932766
1.688181876,4.870977879
1.68845558,4.863202572
1.688700198,4.854933739
1.68895924,4.849052906
1.6892079100000001,4.840774059
1.68946266,4.833972454
1.689689754,4.826298237
1.6899451,4.817168713
1.6901872150000001,4.811122894
1.6904257520000001,4.804177761
1.690699576,4.798434258
1.69096279,4.793035984
1.69123566,4.787159443
1.691462516,4.774906635
1.691721915,4.76854229
1.691925167,4.760568619
1.692162393,4.756673813
1.692448019,4.753148556
1.692695378,4.744324684
1.692957996,4.739638805
1.693201541,4.731401443
1.69344592,4.725552082
1.693691372,4.71888876
1.693935035,4.712107182
1.694191931,4.705532074
1.694462537,4.697293282
1.694697498,4.690389156
1.694960593,4.684781551
1.695182084,4.675115585
1.6954280130000001,4.673668385
1.695688008,4.667392731
1.695964693,4.659099579
1.69620633,4.649980068
1.696467398,4.644531727
1.6967054590000001,4.637088299
1.696934103,4.628820419
1.6971715680000001,4.624794483
1.6974333510000001,4.616502285
1.697700857,4.612010956
1.6979904160000001,4.604181767
1.698219894,4.594341278
1.698480247,4.585844517
1.698712705,4.574792385
1.698966621,4.567281246
1.6992049200000001,4.559789658
1.699457406,4.552400112
1.699708699,4.5450387
1.699944972,4.536734581
1.70020604,4.528982639
1.7004528030000001,4.524128914
1.700709103,4.51598835
1.700957893,4.506740093
1.701204895,4.497700214
1.701442002,4.49176836
1.701688646,4.485587597
1.701936005,4.479557037
1.702188252,4.472943783
1.702445029,4.466385841
1.702699898,4.459882736
1.702954649,4.452335835
1.703213571,4.444858074
1.703451513,4.437391281
1.703684567,4.431362152
1.703929542,4.42351675
1.704174994,4.418701649
1.704443096,4.414227486
1.704680918,4.406130791
1.704945444,4.400740623
1.705206751,4.39263916
1.7054350360000001,4.385420322
1.705676912,4.375563622
1.705935596,4.373727798
1.706190704,4.368811607
1.7064458120000001,4.358683109
1.706688522,4.35291481
1.7069488750000001,4.346204281
1.7071963540000001,4.33884573
1.707433938,4.332678795
1.707682847,4.327399731
1.707908271,4.322152138
1.708177923,4.317650795
1.70843315,4.311113834
1.708700656,4.304438591
1.70893216,4.296057224
1.7091807110000001,4.291841984
1.709425687,4.285685062
1.709683775,4.280041218
1.709926842,4.276273251
1.710208415,4.269375801
1.710445403,4.262368202
1.710682987,4.253639698
1.710927247,4.24741888
1.711170791,4.242709637
1.7114280450000001,4.238955021
1.7116791,4.234263897
1.711927055,4.226831436
1.71217513,4.219808578
1.712430595,4.215573311
1.712695359,4.210226059
1.7129546390000001,4.204131603
1.7131900770000001,4.196397781
1.7134279000000001,4.189067364
1.713646649,4.186254501
1.71392083,4.183840752
1.714165925,4.178802013
1.714432954,4.171191692
1.7146871080000001,4.168863773
1.71492946,4.161090374
1.71516168,4.154241562
1.715413927,4.150714397
1.715672849,4.145804882
1.715938209,4.142705441
1.716177462,4.135381699
1.716432093,4.131455898
1.716666578,4.124726295
1.716915725,4.120826244
1.717169522,4.115236759
1.717413424,4.109099388
1.717654108,4.105390072
1.717928528,4.09986639
1.71817386,4.094727993
1.718412279,4.087905407
1.7186715590000001,4.087797165
1.718926667,4.08075285
1.719173907,4.074314594
1.719428419,4.069118977
1.719674824,4.063080311
1.71992719,4.057888508
1.7201718080000001,4.052088261
1.720413445,4.047353268
1.7206645,4.043937206
1.720924495,4.037006855
1.7211982000000001,4.029646397
1.721440552,4.023851871
1.72166252,4.017888546
1.721943735,4.010543823
1.722184538,4.004150867
1.722442506,3.998209476
1.722692965,3.992373705
1.722941159,3.983864069
1.723184584,3.97699666
1.7234221680000001,3.969969034
1.723686813,3.964744091
1.723947405,3.958215714
1.724193333,3.949076414
1.724441885,3.940198421
1.724695324,3.934949875
1.724942921,3.924438
1.725181936,3.921509504
1.7254418120000001,3.915846825
1.725675939,3.909086227
1.725936769,3.90160656
1.72619903,3.894542694
1.726452469,3.887988329
1.726716756,3.878566742
1.726929425,3.873665333
1.727156757,3.869323015
1.727393984,3.862884998
1.727672814,3.858614922
1.72793281,3.849817753
1.728216766,3.844586611
1.728458522,3.834586859
1.728711842,3.824103117
1.7289353600000001,3.816705465
1.729176758,3.811468124
1.729411005,3.805870056
1.729681371,3.801694632
1.729942917,3.79361701
1.730171202,3.786299706
1.730435489,3.783201694
1.730681537,3.773051023
1.730929016,3.767103434
1.7311688650000001,3.762791395
1.731418608,3.757045031
1.731667279,3.749296665
1.731921314,3.745838881
1.732172369,3.738765001
1.732430457,3.734888792
1.7326989160000001,3.724595547
1.732936977,3.720894575
1.733176826,3.713620901
1.733418106,3.707879305
1.733684658,3.69911027
1.733922599,3.69386673
1.734163879,3.68565321
1.734414338,3.682787418
1.734672545,3.678630829
1.734936236,3.671081305
1.735189675,3.664446592
1.735420941,3.658297062
1.735679625,3.651302338
1.735916732,3.645855665
1.736186861,3.640990496
1.736427067,3.633895159
1.736689089,3.628905773
1.736929415,3.624208689
1.737154602,3.61379838
1.73740971,3.609927654
1.737658023,3.604687452
1.737926005,3.599315166
1.7381869540000001,3.593081236
1.738439439,3.586965084
1.7386896600000001,3.577609777
1.7389278400000001,3.57157588
1.739162801,3.567588568
1.739418267,3.560333967
1.7396845810000001,3.555629253
1.739945291,3.548079252
1.740196227,3.53959465
1.740441917,3.531159401
1.740689038,3.524353027
1.7409237610000001,3.516352415
1.741165756,3.509807825
1.7413947570000001,3.505457878
1.741668819,3.49718523
1.741943477,3.492694139
1.742226123,3.483106136
1.742444991,3.470344305
1.7426854360000001,3.466365576
1.742905616,3.459697723
1.7431612,3.45737052
1.743426441,3.449653625
1.743703245,3.444022417
1.743949174,3.43404603
1.744187235,3.423818827
1.744418262,3.418356657
1.744635223,3.414537191
1.744917034,3.409359455
1.745172738,3.403146267
1.745414494,3.396910667
1.745696186,3.391334772
1.745940207,3.38045311
1.7461940040000001,3.376733065
1.7464288460000001,3.368229151
1.746650456,3.362391472
1.746915935,3.35787034
1.7471719970000001,3.350275278
1.747427343,3.343366385
1.747677087,3.335734367
1.747921346,3.329358101
1.748157142,3.323367596
1.748412727,3.315503836
1.748680113,3.311103344
1.748923062,3.304920912
1.7491891370000001,3.298069715
1.7494392380000001,3.290570736
1.7496825440000001,3.283295631
1.749917267,3.27670455
1.750171779,3.269861698
1.750418543,3.263136148
1.750668167,3.259219408
1.750914453,3.251932859
1.751183747,3.245507002
1.7514368280000001,3.238430738
1.751667975,3.230965137
1.751908778,3.22708106
1.752163409,3.220609665
1.752430199,3.215163469
1.752704261,3.208073139
1.752948998,3.199314356
1.753196834,3.189248562
1.7534323920000001,3.181811571
1.753668307,3.176779747
1.7538946850000001,3.172216892
1.754162787,3.166557312
1.754434465,3.158639669
1.754692315,3.150499821
1.754952072,3.144654751
1.755201338,3.134766817
1.755432962,3.127125263
1.755679129,3.120153189
1.755920528,3.112928629
1.756186126,3.108551025
1.756449102,3.102064848
1.756698369,3.090070724
1.756957887,3.082006693
1.757188319,3.075698376
1.757430791,3.067356825
1.757682322,3.060607672
1.757928489,3.053520918
1.7581923,3.046564341
1.758453964,3.036893129
1.758702038,3.025241852
1.758948444,3.018958569
1.759185075,3.008987904
1.75941336,3.001987934
1.759668945,2.994417429
1.759948848,2.987169743
1.760215758,2.975533724
1.760471462,2.964550734
1.760697006,2.959351778
1.760913728,2.95033145
1.761158823,2.946182728
1.761415957,2.93879056
1.761681198,2.930510759
1.761943339,2.924484968
1.762201189,2.917568922
1.762453316,2.907029867
1.762693165,2.898852348
1.762902259,2.893135071
1.7631691680000001,2.885453224
1.7634353630000001,2.877199411
1.763690351,2.869971991
1.763949155,2.859429598
1.764195203,2.851729393
1.764448641,2.84299159
1.764701246,2.836704016
1.764924644,2.826497793
1.765175103,2.820689201
1.7654333100000001,2.813340187
1.765690802,2.804161072
1.765933512,2.797135592
1.766201972,2.788796186
1.766440748,2.776124716
1.766695975,2.770804644
1.766929387,2.759563208
1.767178773,2.751547337
1.7674280390000001,2.746370792
1.767695545,2.738717318
1.767950772,2.730040312
1.768195985,2.717695951
1.768444537,2.711660624
1.768681167,2.704505682
1.768926858,2.696106672
1.7691715940000001,2.690145254
1.769435047,2.683601856
1.76968336,2.676856995
1.769919633,2.666687965
1.77017474,2.661491632
1.770423292,2.655025482
1.770671009,2.647798538
1.770923732,2.644518375
1.771177648,2.636330366
1.771425246,2.628539562
1.771683692,2.622853279
1.771924971,2.615931273
1.772171258,2.610626936
1.772420286,2.600378752
1.772685527,2.5960989
1.772930144,2.589704752
1.773190855,2.580264091
1.773412822,2.573881149
1.773673056,2.569520235
1.773904084,2.562710285
1.774156808,2.554844618
1.7744435060000001,2.547110558
1.77467048,2.54088974
1.7749148590000001,2.532001734
1.775186418,2.523028374
1.775436639,2.517157316
1.775653123,2.507993937
1.775928734,2.503862619
1.77619624,2.492753506
1.776431082,2.484474421
1.7766801110000001,2.476281643
1.776928066,2.471194983
1.777179598,2.460291624
1.777427791,2.452916384
1.7776648990000001,2.445822001
1.7779306160000001,2.437870026
1.778178214,2.427632093
1.778440832,2.420851231
1.778701423,2.413257122
1.778927563,2.402379751
1.779157637,2.39643836
1.779419421,2.391144037
1.7796988470000001,2.379462957
1.779950498,2.373210907
1.78020501,2.363631248
1.780448078,2.350692511
1.780676364,2.344098568
1.7809463730000001,2.336071253
1.78120911,2.323740721
1.7814638600000001,2.313868523
1.781719207,2.303639412
1.781961559,2.295166731
1.7821670760000001,2.286261559
1.78241825,2.276379585
1.782679557,2.267686367
1.7829420550000001,2.260028362
1.783214449,2.249389172
1.7834682450000001,2.237596273
1.783697008,2.231530428
1.7839168300000001,2.222808599
1.784159182,2.215727806
1.784448861,2.207041025
1.78471589,2.193689823
1.784978508,2.184576273
1.785208582,2.172060013
1.78542435,2.1641922
1.785655378,2.158693075
1.785906314,2.151026249
1.78620994,2.144189596
1.786498426,2.129638195
1.786754607,2.11742568
1.786976575,2.103872538
1.787184118,2.092697859
1.787430404,2.085615396
1.787675141,2.078006029
1.7879842510000001,2.063356638
1.788297533,2.050054789
1.788576006,2.033991098
1.7888095370000001,2.019010782
1.789035438,2.008186579
1.789220093,1.997957349
1.789425014,1.9818784
1.78965175,1.970117092
1.789941786,1.961074591
1.790286897,1.945352554
1.790563701,1.934004426
1.790793894,1.920410156
1.790998696,1.91221571
1.791168092,1.90041852
1.791333913,1.893993974
1.791581272,1.89561379
