Elongation [mm],Load [kN]
0.0,0.009542553
9.999999999999904e-09,-0.000158508
-2.2460000000000005e-05,-0.001982846
-4.046e-05,-0.005080112
-2.756e-05,-0.001332064
-3.5560000000000005e-05,-0.005010611
-1.9060000000000004e-05,0.00271314
1.066e-05,0.013716889
4.514e-05,0.033160809
0.00010274000000000001,0.053549454
0.00015732,0.07673201
0.000222105,0.100342914
0.000294193,0.130698323
0.000354593,0.15420641
0.00041879199999999997,0.17763114
0.00047348999999999997,0.193985894
0.000510143,0.218148753
0.000592059,0.23896946
0.000631391,0.257811874
0.0006876229999999999,0.279671997
0.000745011,0.302243441
0.000784631,0.321664214
0.000852248,0.341232747
0.000889603,0.359875888
0.00093624,0.377780765
0.000998413,0.400565952
0.0010504940000000001,0.422711581
0.0010998280000000002,0.438506454
0.001150692,0.45997566
0.001199734,0.478885591
0.0012458520000000002,0.496092737
0.0012962240000000001,0.515820026
0.0013422170000000001,0.542146623
0.001395563,0.561488509
0.001450536,0.579998255
0.0015089180000000002,0.597165048
0.001550692,0.617835045
0.0015950970000000002,0.635272563
0.0016479200000000002,0.654845655
0.0016872240000000002,0.674783289
0.001752178,0.697077513
0.001788644,0.714011729
0.0018470350000000001,0.733663976
0.0018946520000000001,0.751573384
0.001946926,0.771018863
0.001984981,0.790717125
0.002030642,0.81040597
0.002095386,0.833035946
0.0021339139999999998,0.851729333
0.002187993,0.870881021
0.002239097,0.893562734
0.002292332,0.912039638
0.002353802,0.932137847
0.0024012029999999998,0.949549019
0.002446852,0.970003724
0.002498667,0.9891693
0.002529088,1.007103086
0.002569166,1.026991129
0.002643436,1.052445412
0.002707064,1.069854736
0.002736125,1.088228703
0.002794212,1.111915588
0.0028442019999999997,1.130820513
0.002874752,1.150703192
0.00294789,1.172706962
0.0029999329999999998,1.194097757
0.003049137,1.212592483
0.0030856919999999997,1.23291707
0.003132589,1.249932051
0.003190651,1.268288136
0.003233945,1.287806749
0.0033036999999999997,1.305498481
0.003335537,1.321569443
0.003398519,1.342898488
0.003436279,1.360633731
0.003485096,1.381082296
0.0035236639999999997,1.401811838
0.003586009,1.424192786
0.003645879,1.441207528
0.003683931,1.460740447
0.003723096,1.481050491
0.003768483,1.499687314
0.003821078,1.524587512
0.0038907169999999997,1.546280265
0.0039480240000000005,1.567268133
0.003988303,1.58338201
0.004032796,1.601934075
0.004088531,1.621117949
0.004141947,1.641437054
0.004192688,1.66078043
0.0042407320000000005,1.681461692
0.004295153,1.698056221
0.0043384420000000005,1.717186451
0.00439182,1.73356688
0.004427523,1.754631639
0.004488594,1.775209427
0.004533777,1.797796249
0.004587557,1.814039946
0.004628402,1.834881783
0.004686874000000001,1.855943561
0.004748222000000001,1.875216007
0.004786375000000001,1.894506454
0.004832953,1.913786411
0.004887481,1.934873343
0.004933295000000001,1.955013156
0.0049834020000000005,1.972375274
0.0050274840000000005,1.995165348
0.005083578,2.01534462
0.00514943,2.037801266
0.005210638,2.054702282
0.005228675,2.070893049
0.005278303000000001,2.090453386
0.005340510000000001,2.115154743
0.005399677,2.130256653
0.005443962,2.151711226
0.005489904,2.168474674
0.005536779,2.189740419
0.0055865770000000006,2.208266258
0.005636576,2.231924772
0.005690625,2.251063824
0.005739328,2.268065929
0.005795828,2.287258625
0.005843623,2.305922031
0.005889218,2.325571299
0.005944136,2.345061302
0.005998663,2.364679575
0.006046681,2.382944584
0.00608051,2.404816389
0.0061341780000000005,2.421129465
0.0061852520000000005,2.442043781
0.006244103,2.461513996
0.0062932100000000005,2.482651949
0.006343902,2.501734495
0.006382606000000001,2.522894859
0.006434703,2.541949511
0.006508967,2.564494848
0.00655837,2.582485199
0.00659457,2.604540825
0.006653308,2.621939182
0.006687486,2.640354156
0.0067497500000000005,2.66044426
0.00680354,2.679336786
0.006847775,2.698153257
0.006894447000000001,2.718926668
0.006950166000000001,2.739381075
0.0069932580000000005,2.757899761
0.007045871,2.779773712
0.007103330000000001,2.799739838
0.007147479,2.819057226
0.007205208,2.83561182
0.007241733,2.858135462
0.007304385,2.876569986
0.007352083000000001,2.895633221
0.007396387,2.917274237
0.007454198,2.935019255
0.0075078620000000006,2.955555201
0.007536218,2.97497797
0.007580978,2.994331837
0.007653419000000001,3.016220331
0.007716182,3.035554647
0.0077644590000000005,3.053236246
0.00779448,3.071035624
0.007838191,3.086859941
0.007898404999999999,3.110493898
0.007943747999999999,3.129466534
0.007996863,3.150932074
0.008061190999999999,3.169572592
0.008102643,3.191069841
0.008165084,3.207465887
0.008188893,3.226836205
0.008242797,3.249922514
0.008303801999999999,3.270850658
0.008359941,3.289921522
0.008405111,3.309841633
0.008438641,3.325792551
0.008499279,3.347921133
0.008551749999999999,3.368403196
0.008605263,3.388574123
0.008661252999999999,3.410342693
0.008704848,3.428070307
0.008752639,3.449555159
0.008804388,3.468770981
0.008863016,3.485960484
0.008915655,3.50751543
0.008957452,3.525718212
0.009002274,3.542591095
0.009053472,3.564481258
0.009108769,3.585774422
0.009165325,3.605131626
0.009206592,3.623188972
0.009261651999999999,3.645172358
0.009325662,3.663799524
0.009354718,3.681097031
0.009416236,3.701464176
0.009465290999999999,3.722945213
0.009498363999999999,3.739757061
0.009553637,3.761247635
0.009614669,3.777316809
0.009661303,3.796113729
0.009702766,3.82068491
0.009757863,3.840508699
0.009814211,3.858825922
0.009860496,3.877819061
0.009909974,3.898469925
0.009961504999999999,3.919023991
0.010017044,3.93802166
0.010063062999999999,3.96014905
0.010121043,3.97649312
0.010157613,3.992449999
0.010202214999999999,4.013308525
0.010248153,4.032818317
0.010294484,4.052847862
0.010364689,4.074494362
0.010411041,4.092339993
0.010457022,4.11452961
0.010488471999999999,4.134141922
0.010550565,4.155478001
0.010614739,4.176285267
0.010654651999999999,4.19912529
0.010720681999999999,4.215153217
0.010767012,4.232656956
0.010812104999999999,4.252963543
0.01085767,4.273888111
0.010906949999999999,4.293318272
0.010967651,4.312085629
0.011019316999999999,4.332184315
0.011061571999999999,4.351541519
0.011113870999999999,4.367645264
0.011158052,4.388136387
0.011212563,4.408617496
0.011264597999999999,4.429794788
0.011304464,4.447233677
0.011375139999999999,4.4646101
0.011403221,4.486020088
0.011462743,4.506361485
0.011502552,4.52578783
0.011558113,4.544977665
0.011609406,4.562311649
0.011648282,4.582868099
0.011698255999999999,4.603312016
0.011747815,4.626301289
0.011812870999999999,4.646057606
0.011873789,4.664876461
0.011909132,4.680476189
0.011961583999999999,4.700325966
0.012016375,4.719472408
0.012054068,4.741739273
0.012113737,4.762402534
0.012167210999999999,4.780500412
0.012209629999999999,4.799983978
0.012264269,4.817881584
0.012313378,4.837551117
0.012367929,4.859022617
0.012420638,4.879452705
0.012458654,4.897574902
0.012514446,4.914448261
0.012546438,4.937447548
0.012606458,4.957537174
0.012663477,4.978774548
0.012712468999999999,4.9963274
0.012764447,5.015513897
0.012815894,5.033772469
0.012866642999999999,5.058121681
0.012920731999999999,5.075221539
0.012960477,5.094677925
0.013015436,5.115050316
0.013058822,5.130795002
0.013105081999999999,5.155600548
0.013171364999999999,5.175777435
0.013236968,5.194993496
0.013266834,5.211098194
0.01331219,5.230576992
0.013371006,5.250218868
0.013429584999999999,5.273058414
0.013475747,5.29139185
0.013528433999999999,5.311655998
0.013593379999999999,5.327765942
0.013636664,5.343869686
0.013695951,5.362014771
0.013750730999999999,5.379951954
0.013791194,5.395328999
0.013828588,5.414636612
0.013885195,5.429319382
0.013919510999999999,5.449917316
0.013971911,5.464731216
0.014014269,5.483920574
0.014073463,5.50632
0.014127751,5.523262024
0.014164528,5.540695667
0.014215631,5.560225487
0.014259609999999999,5.581670284
0.014320717,5.604781628
0.01437992,5.623922348
0.014415405999999999,5.641105175
0.014489983,5.660873413
0.014542827,5.680383682
0.014575636,5.697947502
0.014643241999999999,5.717263222
0.014693886,5.731110096
0.014745663999999999,5.750009537
0.014786365,5.765965462
0.014840048,5.785061836
0.014892028,5.803159714
0.014949383,5.822027683
0.014985117,5.838757515
0.015056669,5.856740952
0.015099982999999999,5.872257233
0.015150634,5.888666153
0.015199385,5.901667118
0.015255639,5.921173573
0.015306410999999999,5.938222408
0.015357728999999999,5.954897404
0.015414595,5.96901226
0.015462629,5.984173298
0.015514934999999999,5.999878883
0.015562399999999999,6.015780449
0.015613341999999999,6.033620834
0.015655653999999998,6.049335003
0.015715325,6.068770885
0.015748111999999998,6.084945679
0.015816016,6.101191998
0.015858935,6.116551399
0.015912511,6.132378578
0.015958346999999998,6.14827919
0.016007966,6.168024063
0.016061669,6.18514204
0.01611479,6.199057102
0.016167802999999998,6.214270115
0.016214123,6.2326684
0.016253295,6.250140667
0.016305767,6.262896538
0.016358170999999998,6.281423569
0.016415695,6.295845032
0.016467317999999998,6.311258793
0.016504372,6.325133324
0.016562233,6.342690945
0.0166224,6.357101917
0.016670542,6.373564243
0.016733524,6.389384747
0.016766455,6.403350353
0.016824873,6.417546272
0.016876851999999998,6.43251133
0.016927982,6.445962429
0.016987952,6.459802151
0.017031679,6.474201679
0.017090304,6.492661476
0.017140831999999998,6.504075527
0.017182311,6.513419151
0.017233232,6.530372143
0.017281256999999998,6.544114113
0.017349194999999998,6.557795525
0.017380078,6.571178436
0.017446128999999998,6.584094048
0.017507276,6.599417686
0.017546242,6.609647274
0.017593689,6.622993469
0.017645282999999998,6.633217812
0.017683064999999998,6.6482687
0.017736938,6.661824703
0.017802207,6.675644875
0.01786094,6.686806202
0.017913433,6.699178219
0.01797474,6.710129738
0.018015569,6.718941689
0.018070722,6.728784561
0.018116552,6.735860825
0.01816845,6.748191357
0.018228045,6.758959293
0.01826744,6.766510487
0.018322698999999998,6.779167652
0.018349841,6.788640976
0.01840259,6.803064823
0.018456168999999998,6.816280365
0.018506303999999998,6.8273139
0.018543072,6.837907791
0.018598627,6.852202415
0.018636763,6.862106323
0.01869666,6.877437115
0.018746935,6.888944149
0.018800446999999998,6.905554295
0.018849753,6.917702198
0.018904623,6.929378986
0.01895351,6.941520691
0.019016408,6.953844547
0.019060906,6.965165138
0.019106321,6.973963261
0.019156727999999998,6.98806715
0.019200494999999998,7.000688076
0.019247763,7.015902042
0.019313781,7.030153751
0.019354686,7.039806843
0.019403326999999998,7.050467014
0.019445952,7.062828541
0.019504149999999998,7.077356815
0.01954549,7.090277672
0.019611264,7.10472393
0.019667531,7.114429474
0.019720671999999998,7.12702322
0.019764204,7.139369965
0.019812642,7.148681164
0.019849856,7.159865856
0.019912522,7.173126698
0.019970313,7.184036732
0.020019978,7.197113991
0.02007803,7.209661961
0.020117509999999998,7.218024254
0.020163896,7.232746601
0.02022836,7.245268345
0.020281462,7.256837845
0.020342746999999998,7.261826992
0.020374665,7.272798061
0.020417806,7.286512852
0.020477016,7.294686794
0.020536933,7.3051548
0.020585144,7.315292358
0.02063171,7.32666254
0.020682374,7.334982395
0.020727772,7.349151611
0.020787967,7.358758926
0.020834532,7.367717266
0.020894792,7.378040791
0.020933722999999998,7.385449409
0.020985862,7.391206741
0.021036504,7.405331612
0.021088876,7.414612293
0.021137707,7.425597191
0.021188032,7.433538914
0.021246947,7.443675518
0.021305136,7.451556206
0.021336461,7.460618973
0.02138399,7.469070911
0.021442305,7.481233597
0.021491703,7.488389015
0.021533010999999998,7.49607563
0.021586878,7.507272243
0.021626516999999998,7.51679039
0.021687443,7.526817322
0.021762273999999998,7.535878181
0.02178995,7.541919231
0.021866026,7.553055763
0.021904451999999998,7.555840492
0.021942211,7.567263603
0.021998656999999998,7.572314262
0.022043388,7.58483839
0.022104615,7.588681698
0.02214429,7.598942757
0.022192519,7.607656956
0.022253244999999998,7.617286205
0.022307731,7.621383667
0.022356907,7.629412174
0.022419846,7.638694286
0.022467511,7.643249512
0.022530032,7.647901058
0.022572855,7.65364933
0.022625705,7.661757946
0.022667826999999998,7.666191101
0.022702959999999998,7.671277523
0.022771513,7.675918102
0.022813147,7.681990147
0.022870673,7.693173409
0.022917329,7.697145462
0.022983846999999998,7.704266548
0.02302069,7.708028793
0.023069486,7.714407444
0.023125371,7.719299316
0.023193097,7.725106716
0.023236207999999998,7.726727962
0.0232777,7.73156929
0.023332896,7.734994888
0.02339394,7.738019943
0.023442493999999998,7.743030548
0.023475718,7.747555256
0.023541749,7.745252609
0.023602493,7.751213074
0.023660511,7.75010252
0.02372211,7.752526283
0.023754215,7.750226021
0.023813453,7.751198292
0.023883268,7.75095892
0.023944659,7.746297359
0.023996536,7.743354797
0.024053628,7.739880562
0.024114875,7.734223843
0.024187368,7.731197357
0.024252819,7.72422266
0.024310874,7.719211578
0.024354584999999998,7.717139721
0.024401245999999998,7.713580132
0.024427070999999998,7.708397865
0.024464457999999998,7.703978539
0.024502751,7.702420235
0.024528872,7.697608948
0.024553507999999998,7.696219444
0.024574775,7.692205906
0.024597083999999998,7.691040039
0.024637291,7.697953224
0.024698249999999998,7.708691597
0.02476364,7.717348576
0.02482141,7.726158142
0.024871729,7.733325005
0.024942942,7.736533642
0.024984745,7.740985394
0.025042632999999998,7.744407177
0.025098691,7.749079704
0.025127677,7.748851776
0.025197554,7.751873493
0.025231363,7.757648945
0.02528563,7.760868549
0.025336084999999998,7.765928268
0.025390823,7.765007496
0.025447896,7.767945766
0.025507163,7.772175312
0.025545718,7.77099514
0.025590904,7.775537014
0.025641002,7.779758453
0.025687212,7.781289577
0.025744954,7.785438061
0.025794281,7.786044598
0.025850889999999998,7.792923927
0.025893584,7.79330492
0.025954584,7.795184612
0.025986657,7.798344612
0.026040512999999998,7.80410862
0.026109744,7.808063507
0.026148185,7.803252697
0.026200763999999998,7.807684422
0.026239149,7.810864925
0.026283432,7.812936306
0.02633098,7.814223289
0.026389647,7.820984364
0.026448502999999998,7.82522583
0.026479807,7.825394154
0.026551526,7.82876873
0.026586002,7.833541393
0.026643489,7.836207867
0.026704643,7.840367794
0.026741991,7.839596748
0.026798614999999998,7.842721939
0.026853109,7.843900204
0.026907504,7.847860336
0.026947221,7.849354744
0.026994206,7.851706505
0.027032459,7.853329182
0.027081285,7.855776787
0.027131713999999998,7.861328125
0.027201692,7.866518974
0.027237753,7.868525505
0.027283397,7.870819092
0.027351847,7.874431133
0.027402038,7.879037857
0.027458622999999998,7.879639149
0.027498301,7.877932549
0.027542289,7.88031435
0.027598687,7.880970478
0.027647149,7.884663105
0.02768188,7.888206482
0.027741002,7.891143799
0.027793411,7.895849705
0.027845254,7.89662981
0.027885279,7.899407864
0.02794132,7.902559757
0.027990031999999998,7.906972408
0.028038655,7.908957958
0.028096164,7.913051605
0.028140312,7.916416168
0.02818788,7.91985321
0.02824002,7.925442219
0.028285591,7.924307823
0.028346509,7.927618027
0.028377116,7.930964947
0.028435600999999998,7.93501091
0.0284897,7.935980797
0.028541313999999998,7.941407204
0.028590722,7.941691875
0.028653238,7.94804287
0.028696472,7.946335793
0.028723850999999998,7.94783783
0.028788150999999998,7.953061104
0.028844368,7.956904888
0.028880619,7.960176945
0.028932784,7.962728977
0.028992891,7.963833332
0.029032854,7.970552921
0.029087164,7.973018169
0.029147727999999998,7.975758553
0.029190939,7.979080677
0.029246496,7.983726025
0.029287145,7.983968735
0.029347678999999998,7.987725735
0.029389644,7.988506317
0.029449064,7.989146233
0.029493962,7.991491318
0.029527892,7.993354797
0.029601738,7.994646549
0.029647128999999998,7.998084545
0.029700246,8.002602577
0.029756228,8.003458023
0.029799765,8.004532814
0.029837271,8.00715065
0.029893611,8.009667397
0.029929992,8.01079464
0.029987945999999998,8.017501831
0.030032253,8.019548416
0.030072855,8.021554947
0.030146795,8.030558586
0.030197256999999998,8.029338837
0.03024506,8.035717964
0.030300304,8.035502434
0.030364335,8.035557747
0.030395091,8.037122726
0.030434865999999998,8.039489746
0.030494570999999998,8.043951988
0.030560818,8.047391891
0.03060491,8.046108246
0.030656427,8.047868729
0.030684238,8.049025536
0.030731062,8.053004265
0.030791352,8.056113243
0.030844141,8.060070038
0.030898343999999998,8.059565544
0.030943675,8.060545921
0.030996656,8.06465435
0.031048546,8.065093994
0.031106709,8.06938076
0.031162761,8.068170547
0.031200994,8.069351196
0.031244557,8.071286201
0.031302355,8.072537422
0.031336058,8.074207306
0.031387769,8.07730484
0.031432819,8.082143784
0.031479091,8.084291458
0.03154793,8.091014862
0.031580966,8.090024948
0.031632658,8.096935272
0.031685706,8.09850502
0.031745142999999997,8.104369164
0.031788495,8.104109764
0.031840059999999996,8.106116295
0.031885494,8.109233856
0.031931657,8.112249374
0.032012086,8.11353302
0.032051548,8.118635178
0.032082691999999996,8.120231628
0.032147728,8.122970581
0.032198005,8.12117672
0.032226458,8.123743057
0.032287043,8.126768112
0.032342017,8.134393692
0.032402221,8.134614944
0.032434862,8.136633873
0.032494187,8.138857841
0.032546088,8.146701813
0.032601427,8.145832062
0.032641336,8.147070885
0.032699604,8.149037361
0.032751765,8.153224945
0.032791771,8.153189659
0.032852687,8.15583992
0.032894712,8.156824112
0.032937318,8.161569595
0.032988817,8.161458969
0.033027198,8.164664268
0.033089236,8.17043972
0.033137076,8.174929619
0.033192888,8.173974991
0.033233623999999996,8.177225113
0.033285685,8.180568695
0.03334095,8.1885252
0.033393607,8.183473587
0.033439696,8.187544823
0.033482414,8.191131592
0.03353804,8.197033882
0.033612982,8.19777298
0.033656463,8.198965073
0.033694471999999996,8.199346542
0.033759944,8.202691078
0.033797785999999996,8.201339722
0.033859666999999996,8.204554558
0.033901416,8.206274033
0.033941284,8.209655762
0.033998969999999996,8.205329895
0.034037355,8.211960793
0.034089822,8.214734077
0.034132451,8.217147827
0.034189835,8.221500397
0.03424358,8.222025871
0.034286045,8.224096298
0.034340311,8.227031708
0.034380235,8.231249809
0.034460876,8.235164642
0.034496956,8.23534584
0.034553666,8.235242844
0.034601322999999996,8.239376068
0.034643032,8.240070343
0.034695134,8.243807793
0.034757331,8.246239662
0.034800928,8.244298935
0.034847379,8.24833107
0.034882214,8.250524521
0.034934104,8.254706383
0.034986805,8.253681183
0.035053481,8.260900497
0.03509748,8.261217117
0.03513968,8.26218605
0.035192881,8.263898849
0.035249271,8.268714905
0.035295177,8.26688385
0.035341006,8.269612312
0.035401486,8.271915436
0.035440937,8.276295662
0.035469052,8.278884888
0.035543796,8.276744843
0.035575148,8.282521248
0.035637166,8.290899277
0.035701469,8.290171623
0.035737164,8.292188644
0.035807621,8.290754318
0.035854038,8.294079781
0.035894096,8.295163155
0.035949502,8.298452377
0.035999503,8.301105499
0.036045935,8.29971981
0.036099002,8.3045187
0.036137443,8.30616951
0.036190093,8.309309006
0.036244631,8.310921669
0.036294259,8.312173843
0.036337737,8.315288544
0.036387693,8.317734718
0.0364432,8.320816994
0.036497053,8.319907188
0.036528111,8.321775436
0.036577944,8.326664925
0.036643755,8.330236435
0.036697209,8.327568054
0.036741710999999996,8.331877708
0.036794618,8.332912445
0.036845725,8.337498665
0.03688968,8.338048935
0.036945015,8.340981483
0.037005562,8.341363907
0.03704419,8.343131065
0.037099194,8.347512245
0.037156243,8.348304749
0.037196431,8.350021362
0.037243225,8.350646973
0.037289787,8.35436058
0.037342455,8.354619026
0.037397068,8.358632088
0.037443865,8.361325264
0.037482734999999996,8.361333847
0.037543777,8.369009972
0.037593402,8.369208336
0.037639987,8.370166779
0.037670437,8.373644829
0.037739996,8.379127502
0.037796565,8.379991531
0.037843260999999996,8.37994194
0.037894633,8.38269043
0.037938725,8.383571625
0.037978776,8.387402534
0.038041952999999996,8.38963604
0.038095281,8.394120216
0.038150139,8.393584251
0.038197756,8.397089005
0.038244378,8.39751339
0.038298797,8.398088455
0.038333822,8.402584076
0.038387314,8.405919075
0.038440857,8.408772469
0.038488694,8.412496567
0.038541615,8.416324615
0.038595613,8.414077759
0.038636886,8.416971207
0.038697455,8.419582367
0.038732771,8.422959328
0.038791273,8.424478531
0.038843647,8.429891586
0.038881808999999996,8.431574821
0.038936436,8.433736801
0.038987327,8.436264992
0.039022513,8.438723564
0.039092131,8.44220829
0.039139945,8.444815636
0.039195988,8.445693016
0.039244387,8.446063995
0.039298341,8.450491905
0.039348591,8.450335503
0.039403346,8.450375557
0.039460715,8.451431274
0.039486282,8.452421188
0.039550155999999996,8.453802109
0.039591633,8.457371712
0.039625947,8.457054138
0.039674454,8.462685585
0.0397471,8.468360901
0.039786033,8.465727806
0.039844491,8.474019051
0.039890494,8.471999168
0.039936397,8.477282524
0.039978269999999996,8.478257179
0.040029369,8.479581833
0.040091302,8.483468056
0.040153291,8.488352776
0.040200073,8.487674713
0.040241614,8.489635468
0.04028751,8.488075256
0.040349729,8.491746902
0.040391497,8.495505333
0.040441286,8.499633789
0.040496606,8.49872303
0.040542126,8.501393318
0.040602081,8.503412247
0.040647641,8.50477314
0.040696886,8.506587982
0.040739861,8.509640694
0.04078643,8.512419701
0.040859766,8.51470089
0.040891655,8.51753521
0.040934131,8.516589165
0.040991474,8.518904686
0.041028317,8.522069931
0.041078076,8.524663925
0.041143481,8.527562141
0.041195113,8.529623032
0.041238856,8.530855179
0.041285208999999996,8.534282684
0.041324735,8.539081573
0.041385841,8.540825844
0.041439071,8.542866707
0.041485012,8.54418087
0.041554291,8.548418999
0.041578803,8.548055649
0.041642971,8.552224159
0.041676745,8.553178787
0.041754704,8.556874275
0.041787468,8.558635712
0.041852012,8.560397148
0.041896407,8.564253807
0.041943934,8.564216614
0.041992206,8.566325188
0.042048805,8.571968079
0.042088479,8.571674347
0.042133037,8.571780205
0.042199005,8.576007843
0.042239718,8.578800201
0.042295765,8.579529762
0.042342778,8.579796791
0.042385046,8.582366943
0.042429797,8.585347176
0.042477008,8.586524963
0.042545844,8.593251228
0.042583678,8.591729164
0.042639869999999996,8.594657898
0.042700563,8.596570969
0.042749006,8.600047112
0.042770788,8.600378036
0.042831328,8.604624748
0.042894561,8.607038498
0.042946957,8.609665871
0.0429863,8.610092163
0.043049187,8.614609718
0.043101754,8.614760399
0.043152705,8.613956451
0.043187205,8.617261887
0.043237887,8.618638039
0.043274585,8.622068405
0.043338455,8.625815392
0.043371845,8.625757217
0.043446388,8.633162498
0.043484985999999996,8.629018784
0.043542244,8.634183884
0.043592829,8.635255814
0.043636609,8.638128281
0.043695659,8.642140388
0.043741364,8.643815041
0.043799120999999996,8.642246246
0.043831214,8.644948959
0.043890122,8.645524025
0.043932057999999996,8.653330803
0.043992329999999996,8.655973434
0.044043913999999997,8.658061028
0.044079665,8.654935837
0.044131066999999996,8.660416603
0.044191685,8.66590786
0.044242077,8.665119171
0.044306707,8.665478706
0.044345338,8.665193558
0.044390272,8.668720245
0.04443758,8.670861244
0.044504296,8.673866272
0.044529755,8.673447609
0.044597183,8.676559448
0.04464392,8.679465294
0.044686176,8.676673889
0.044750925,8.682525635
0.04478601,8.685414314
0.044847462,8.68608284
0.044890095,8.684070587
0.04493855,8.689659119
0.045002312,8.692173958
0.045040403,8.691143036
0.045088109,8.695816994
0.045132715,8.700668335
0.045195621,8.700813293
0.045254077999999996,8.702986717
0.045293692999999996,8.705083847
0.045348555,8.709055901
0.045391548999999996,8.709454536
0.045431156,8.71007061
0.045499262,8.714845657
0.045549259,8.716309547
0.045583975,8.717324257
0.045639198,8.718818665
0.045682937,8.719358444
0.045751713,8.723287582
0.045793399,8.723532677
0.045843054,8.724030495
0.045892063999999996,8.724374771
0.045946866,8.728539467
0.045987051,8.732990265
0.046034653,8.734164238
0.046086799,8.733244896
0.046133421,8.73876667
0.046182506,8.739928246
0.046242055,8.744422913
0.046287693,8.745261192
0.046350338,8.747333527
0.046387226,8.746557236
0.046434783,8.750009537
0.046509389,8.751072884
0.046533436,8.754209518
0.046591886,8.753583908
0.046646588,8.757411957
0.046694249,8.758069992
0.046737645,8.760527611
0.046794448,8.760924339
0.046849642,8.766864777
0.04687937,8.76525116
0.046941657,8.770275116
0.04698607,8.771532059
0.047036894,8.77405262
0.047092904,8.777523994
0.047149632,8.776165009
0.047185782,8.777235031
0.047232617,8.78222084
0.047296565,8.785866737
0.047339801,8.790447235
0.047394481,8.790172577
0.047438815,8.790866852
0.04749839,8.792453766
0.047544312,8.795608521
0.047599521,8.79750061
0.047641415,8.799139023
0.047710433999999996,8.799219131
0.047738098,8.798239708
0.047789662999999996,8.801773071
0.047844172,8.804788589
0.047889043,8.806575775
0.047946807,8.807937622
0.047977347,8.81312561
0.048028641,8.814515114
0.048088659,8.816537857
0.048145119,8.821805954
0.048174589999999996,8.819812775
0.04824457,8.824198723
0.048283067,8.826985359
0.048342753,8.827052116
0.048389282,8.828076363
0.048431735999999996,8.832185745
0.048484236,8.835128784
0.048539742999999996,8.836653709
0.048608776,8.84444809
0.048635017,8.838069916
0.048696932,8.838643074
0.048752297,8.838819504
0.04879871,8.841168404
0.04883669,8.844475746
0.048886254999999997,8.849527359
0.048939753,8.849188805
0.0489938,8.853257179
0.04904354,8.85556221
0.049081396,8.854216576
0.049157977,8.858324051
0.049204499,8.857209206
0.049234972,8.856488228
0.049297672,8.860798836
0.049345132,8.860575676
0.049381327,8.864888191
0.049438831,8.864949226
0.049485501,8.868919373
0.049544916,8.869544983
0.04959207,8.871704102
0.04963325,8.874015808
0.049689591,8.875525475
0.049745519,8.877351761
0.049786462999999996,8.878575325
0.049828157,8.883268356
0.049881365,8.887601852
0.04993904,8.888672829
0.049991835,8.89212513
0.050035134,8.895899773
0.050089505,8.895100594
0.050136816,8.897024155
0.050183691,8.899328232
0.050234288,8.902706146
0.050286733,8.906395912
0.050340146,8.908509254
0.050410573,8.908438683
0.050451964,8.911642075
0.050501771,8.909089088
0.050546263,8.908871651
0.050600406,8.90921402
0.050646205,8.911371231
0.050696418,8.911282539
0.050740811999999996,8.916025162
0.050800622,8.917542458
0.050828748,8.914493561
0.050881963,8.92000103
0.050941091,8.923926353
0.050987285,8.926584244
0.051039837,8.929609299
0.051089112,8.929476738
0.051150214,8.931978226
0.051201034,8.935832977
0.051250856,8.936433792
0.051291727,8.936648369
0.051345717,8.937706947
0.05138547,8.940833092
0.051442605,8.943400383
0.051505551,8.944904327
0.051543221,8.944987297
0.051588241,8.946386337
0.051646911,8.946759224
0.051688075,8.950092316
0.051739112,8.951767921
0.051780585,8.952683449
0.051843576,8.956991196
0.051906176,8.960109711
0.051938087,8.960659981
0.051987406,8.962565422
0.052033849,8.962551117
0.05210153,8.96595192
0.05213508,8.967003822
0.052188773,8.96952343
0.052238029,8.971271515
0.052285746,8.97707653
0.052339189,8.97923851
0.052386146,8.979861259
0.052455586,8.982484818
0.052491848,8.983070374
0.052529282999999996,8.984017372
0.052596379,8.989061356
0.052638967,8.991885185
0.052698594,8.990107536
0.052750372,8.994063377
0.052786343,8.994585037
0.052826411999999996,8.996619225
0.05288361,8.9982481
0.052934695,8.999588013
0.052984301,9.002555847
0.053034321,9.003092766
0.053075176,9.006674767
0.053131182,9.008824348
0.053190675,9.008993149
0.053230401,9.011210442
0.053287741,9.015185356
0.053334594,9.014819145
0.05338084,9.016647339
0.053441778,9.022498131
0.053503181999999996,9.022288322
0.053540968,9.023458481
0.053596407,9.023862839
0.053643055,9.029233932
0.05368432,9.02915287
0.053750116,9.031474113
0.053780668,9.033297539
0.053843428,9.033473015
0.05388945,9.036422729
0.053929329,9.037471771
0.053980395,9.041729927
0.054033328,9.04353714
0.054077837999999996,9.044301033
0.054142407999999996,9.046742439
0.054205328,9.048664093
0.054246023,9.047495842
0.054301031,9.048395157
0.054337621,9.049259186
0.054376423,9.052315712
0.054441415,9.053109169
0.054485221,9.055583954
0.054551955,9.058935165
0.054587692,9.058616638
0.054637268,9.059123039
0.054698169,9.061133385
0.054746304,9.065042496
0.054790098,9.065960884
0.054842616999999996,9.068501472
0.054893172999999996,9.070219994
0.054940618999999996,9.070075989
0.055000119,9.070772171
0.055041149,9.075072289
0.055082426,9.078299522
0.055126488,9.075101852
0.055198588,9.081165314
0.05524132,9.082940102
0.05529571,9.086237907
0.055343095,9.084147453
0.055373721,9.087626457
0.055435229,9.08818531
0.055493955,9.08962059
0.055538692,9.090122223
0.055590551,9.09433651
0.055634972,9.096338272
0.055700757,9.096599579
0.055739205,9.097412109
0.055793773,9.096390724
0.055843361,9.102306366
0.055881914,9.105060577
0.055930603,9.10300827
0.055973742,9.107331276
0.056033,9.108501434
0.05607865,9.115094185
0.056138832,9.115934372
0.056185179,9.11697197
0.056255076,9.11781311
0.056279633,9.118371964
0.056345921,9.122999191
0.056391638,9.121424675
0.056436729,9.127162933
0.056489904,9.125549316
0.056553442,9.125692368
0.05658681,9.126965523
0.056637965,9.12996769
0.056693152,9.131731033
0.056729969,9.131583214
0.056785409,9.132740021
0.056833569,9.135643959
0.056887444,9.139510155
0.056943935,9.142294884
0.056974486,9.140200615
0.057037566,9.143702507
0.057096802,9.14494133
0.057146009,9.147546768
0.05718603,9.14818573
0.057245322,9.153095245
0.057282601,9.153700829
0.057328581999999996,9.154490471
0.057383977,9.156498909
0.057443004,9.159182549
0.057486273,9.15964222
0.057549015,9.159907341
0.057590384,9.161499977
0.057634167,9.162356377
0.05768897,9.166036606
0.05773484,9.163117409
0.057777785,9.169360161
0.057846826,9.171051025
0.057890404,9.17118454
0.057925414,9.1737957
0.05798189,9.177231789
0.058050074,9.177148819
0.058076921999999996,9.181368828
0.05814581,9.181049347
0.058188968,9.18070507
0.058238335,9.184681892
0.058297232,9.188173294
0.058333561,9.187705994
0.058374424,9.189145088
0.058446329,9.192409515
0.058488543999999996,9.19476223
0.058537781,9.194678307
0.058588047,9.201515198
0.058639296,9.196136475
0.058692366,9.203603745
0.05874994,9.202899933
0.058790751,9.203244209
0.058844455,9.203332901
0.058889471,9.203701019
0.058950424,9.206939697
0.058986433,9.206549644
0.059034966,9.208542824
0.059072483,9.209609985
0.059144344,9.217079163
0.059174389,9.218304634
0.059221398,9.22033596
0.0592761,9.22286129
0.059337981,9.223520279
0.059388634,9.227775574
0.059433751,9.227342606
0.059474476,9.231272697
0.059545029,9.231003761
0.059594967,9.235401154
0.0596423,9.234762192
0.059689276,9.236338615
0.059736515999999996,9.236142159
0.059799772,9.239942551
0.059838656,9.241308212
0.059893023,9.242232323
0.05994964,9.247626305
0.05998997,9.245404243
0.060056619,9.246470451
0.060095314,9.246539116
0.060132235,9.248668671
0.060177017,9.253594398
0.060232736,9.253192902
0.060292039,9.255391121
0.060329151,9.258993149
0.060394641,9.256509781
0.060444616,9.260863304
0.060494904,9.262310982
0.060525008,9.264808655
0.060580064,9.266091347
0.060642697,9.268574715
0.060697366,9.266816139
0.060732857,9.27302742
0.060790926,9.273750305
0.060843505,9.273379326
0.060887087,9.277650833
0.060953293,9.27487278
0.060978625,9.279806137
0.061051332,9.281702042
0.061094072,9.281064987
0.06113578,9.282013893
0.061189868,9.283423424
0.061242495,9.285455704
0.06129456,9.285747528
0.061345585,9.28665638
0.061389215,9.288368225
0.061431188,9.291085243
0.061483603,9.293973923
0.061527684,9.295962334
0.061586369,9.295903206
0.061631721,9.29985714
0.061686445,9.300455093
0.061730657,9.304323196
0.061780497999999996,9.307477951
0.061828487,9.30749321
0.061886203,9.310162544
0.061943732,9.312147141
0.06199681,9.311208725
0.062040862,9.314789772
0.062104568,9.316982269
0.062142443,9.315946579
0.062196441,9.319607735
0.062243052,9.320613861
0.062277977,9.319814682
0.062339041,9.321785927
0.06238566,9.325792313
0.062447872,9.327783585
0.062497307,9.326416016
0.062537931,9.326609612
0.062594779,9.328626633
0.062636964,9.331331253
0.062681459,9.332780838
0.062745124,9.333264351
0.062791452,9.33415699
0.062837735,9.33649826
0.062883638,9.337477684
0.062936433,9.338147163
0.062982291,9.343053818
0.063037068,9.344537735
0.063086338,9.348813057
0.063120127,9.348116875
0.063189604,9.352881432
0.063233964,9.351415634
0.063292906,9.355787277
0.063350335,9.355664253
0.063401535,9.358577728
0.063439131,9.359747887
0.063502185,9.35847187
0.063549712,9.358517647
0.063594803,9.359007835
0.063640267,9.361917496
0.063672923,9.363408089
0.063747488,9.364226341
0.063783735,9.366056442
0.063841269,9.367125511
0.063883498,9.36977005
0.063929968,9.3711586
0.06398423,9.373250961
0.064031921,9.375647545
0.064076752,9.377758026
0.0641241,9.379415512
0.064184465,9.382190704
0.064246923,9.384954453
0.064278714,9.384509087
0.064323798,9.38438797
0.064379916,9.386744499
0.064430401,9.389716148
0.06448704,9.391973495
0.064534843,9.395134926
0.064590305,9.395601273
0.064638831,9.397252083
0.064701699,9.397794724
0.064746559,9.399140358
0.064795181,9.401138306
0.064852461,9.397865295
0.064895049,9.400668144
0.064940594,9.400008202
0.064992324,9.401429176
0.065029167,9.400990486
0.065078065,9.403773308
0.065127544,9.407608986
0.065196551,9.410057068
0.065255053,9.409214973
0.065288827,9.409747124
0.065332696,9.410500526
0.065374941,9.412775993
0.065428935,9.414593697
0.065490864,9.420590401
0.065530546,9.420233727
0.065578401,9.423631668
0.06563624,9.424866676
0.065692,9.425909042
0.06575121,9.429781914
0.065796919,9.42994976
0.06583748,9.429056168
0.065883532,9.432479858
0.065950409,9.434317589
0.065984376,9.435296059
0.066041254,9.433238029
0.066091888,9.438579559
0.066131503,9.436499596
0.066190325,9.441405296
0.06625906399999999,9.443235397
0.066291936,9.443024635
0.066347659,9.443411827
0.066385724,9.444299698
0.06643606,9.445177078
0.066473357,9.445883751
0.066522755,9.447987556
0.066593684,9.451439857
0.066640876,9.454191208
0.066692181,9.456514359
0.0667497,9.457075119
0.066794992,9.460015297
0.066839516,9.458088875
0.066881292,9.463500023
0.066928662,9.461724281
0.066986814,9.464838982
0.067038119,9.469096184
0.067098752,9.470135689
0.067132384,9.467869759
0.067185924,9.471481323
0.067232572,9.475315094
0.067278877,9.477758408
0.067347862,9.477826118
0.067401402,9.478578568
0.067454547,9.480487823
0.067486614,9.481969833
0.067547292,9.479021072
0.0675992,9.483957291
0.067638464,9.481804848
0.067688182,9.485123634
0.067735784,9.48333931
0.067785919,9.487599373
0.067827813,9.487524986
0.067886971,9.491539001
0.067951784,9.493457794
0.06799674,9.494952202
0.068035759,9.493226051
0.068094835,9.497022629
0.068131879,9.49902153
0.068184309,9.5013237
0.068242312,9.4989748
0.068282887,9.505517006
0.068348847,9.504760742
0.068390101,9.503558159
0.068439201,9.50521183
0.068484098,9.510640144
0.068529971,9.512030602
0.068596728,9.513505936
0.068652451,9.513562202
0.068685047,9.516313553
0.068733692,9.517745972
0.068781495,9.519440651
0.068833135,9.521706581
0.068881676,9.52530098
0.06893976,9.52449131
0.068990283,9.525408745
0.069036827,9.526405334
0.069094002,9.529258728
0.069138035,9.528272629
0.06918408,9.53090477
0.069237031,9.53298378
0.069289804,9.538021088
0.069337502,9.535591125
0.0693812,9.537478447
0.069438405,9.541815758
0.069480904,9.541696548
0.069541305,9.54313755
0.069598936,9.545763016
0.069648914,9.545912743
0.06968743399999999,9.545567513
0.069756113,9.549133301
0.069783226,9.548518181
0.069847889,9.549571991
0.069888391,9.553214073
0.069932886,9.553142548
0.069975004,9.556190491
0.070032597,9.55844593
0.070087232,9.558748245
0.070147075,9.560535431
0.070181325,9.563144684
0.07024613,9.56347084
0.070295833,9.56600666
0.070333265,9.564520836
0.07039468,9.567920685
0.070438072,9.567613602
0.070488401,9.571237564
0.070535809,9.568778038
0.070573092,9.571360588
0.070641853,9.573630333
0.070697241,9.574607849
0.070748955,9.576815605
0.070781857,9.577427864
0.070841104,9.578233719
0.070873402,9.582048416
0.070941493,9.58332634
0.070977181,9.585676193
0.071041227,9.58712101
0.071103945,9.58920002
0.071153209,9.590732574
0.071193785,9.589255333
0.071241371,9.592432022
0.071281664,9.589717865
0.071325339,9.592219353
0.071393818,9.59523201
0.071448334,9.599005699
0.07149942199999999,9.595932007
0.071534231,9.597037315
0.071576752,9.597092628
0.071631938,9.599707603
0.071679801,9.601844788
0.07174889,9.604692459
0.071787745,9.604050636
0.071837135,9.607707024
0.071899019,9.607419014
0.0719309,9.607154846
0.071973965,9.609344482
0.072037526,9.615354538
0.072088562,9.617203712
0.072154284,9.617492676
0.072184965,9.617304802
0.072228968,9.619249344
0.072298631,9.622149467
0.072319917,9.6230793
0.072384656,9.625818253
0.072442934,9.627487183
0.072484195,9.625761032
0.072547652,9.627976418
0.072590329,9.62858963
0.072641581,9.6307621
0.072694011,9.631965637
0.0727451,9.633435249
0.072792597,9.632035255
0.072834961,9.63531971
0.072882332,9.632313728
0.072934479,9.636886597
0.072989971,9.637080193
0.073022425,9.640619278
0.073084183,9.642277718
0.073132113,9.64441967
0.073185042,9.647577286
0.073247835,9.648295403
0.073286817,9.649233818
0.07334517,9.65100956
0.073385678,9.651574135
0.073436573,9.654527664
0.073488429,9.655358315
0.073529475,9.656725883
0.073586613,9.660365105
0.073643565,9.661119461
0.073690742,9.662608147
0.07373561,9.661315918
0.073788695,9.665740013
0.07384222,9.66718483
0.073900789,9.667449951
0.07393311699999999,9.66988945
0.073999643,9.670087814
0.074043535,9.669957161
0.074090488,9.672883034
0.074143365,9.672916412
0.074196436,9.674618721
0.074236594,9.674514771
0.074281424,9.673688889
0.074337922,9.678264618
0.074386448,9.678821564
0.074438065,9.679635048
0.07447917,9.681544304
0.074534275,9.683132172
0.074596144,9.685013771
0.074641436,9.688947678
0.074684218,9.686351776
0.074724898,9.688664436
0.074792087,9.692690849
0.074828111,9.691473007
0.07488405,9.695280075
0.07494428,9.695184708
0.074999087,9.69793129
0.075037718,9.699324608
0.075089179,9.697455406
0.075134523,9.698572159
0.075185828,9.704030037
0.075240061,9.70202446
0.075281702,9.705330849
0.075330749,9.707222939
0.075384483,9.70967865
0.075438105,9.71377182
0.075476319,9.70906353
0.075537145,9.714585304
0.075586893,9.712924004
0.075625248,9.715427399
0.075702876,9.717041969
0.075747103,9.718212128
0.07578636,9.718409538
0.075842083,9.719125748
0.07588952,9.721329689
0.075933702,9.722031593
0.075993374,9.724067688
0.076041997,9.723463058
0.076088548,9.727526665
0.076130994,9.727101326
0.076182462,9.730977058
0.076239154,9.731700897
0.076295927,9.732491493
0.07634210599999999,9.735578537
0.076400511,9.734025002
0.076440834,9.735650063
0.076485627,9.736299515
0.076522403,9.73568058
0.07657864,9.741375923
0.076642074,9.744181633
0.076695815,9.744926453
0.076738037,9.746112823
0.076794595,9.748768806
0.076837152,9.746619225
0.076871358,9.749100685
0.076931924,9.75065136
0.076980516,9.753573418
0.077042058,9.758545876
0.077093773,9.758834839
0.077138789,9.759007454
0.077205822,9.760461807
0.077238903,9.760541916
0.077294029,9.761147499
0.077340685,9.763911247
0.077379167,9.762581825
0.077443183,9.765667915
0.077495776,9.766530037
0.077541992,9.767457962
0.077593386,9.76707077
0.077644646,9.768691063
0.077692501,9.770902634
0.077745296,9.774201393
0.07779409,9.770011902
0.07784842,9.772912979
0.077894218,9.773539543
0.077944778,9.774706841
0.07799004,9.773749352
0.078027152,9.77961731
0.078087956,9.779583931
0.078127213,9.782111168
0.078177013,9.785586357
0.078239717,9.786543846
0.078280106,9.788630486
0.078341521,9.791671753
0.078396067,9.792095184
0.078436598,9.792411804
0.078497961,9.790917397
0.07854718,9.793643951
0.078587696,9.794791222
0.078654088,9.794506073
0.078687392,9.797167778
0.078746654,9.799124718
0.078790687,9.798014641
0.078845404,9.801622391
0.078894235,9.800132751
0.078948029,9.803956985
0.078977622,9.804401398
0.079047278,9.806485176
0.079089478,9.805085182
0.079134315,9.809155464
0.079190888,9.81004715
0.079238147,9.809709549
0.07928247,9.813828468
0.079343215,9.815030098
0.079379648,9.81523037
0.079434879,9.81728363
0.079489827,9.817174911
0.079538189,9.819809914
0.07958664,9.81702137
0.07964237,9.820334435
0.079677835,9.82434845
0.079749823,9.825716019
0.079785355,9.824028015
0.079846218,9.82791996
0.079904057,9.826398849
0.079932287,9.82927227
0.079977356,9.828969002
0.080037139,9.831529617
0.08009842,9.835195541
0.080147214,9.834043503
0.080193982,9.833089828
0.080258764,9.836405754
0.08028812,9.834823608
0.080322266,9.842047691
0.08037285499999999,9.840099335
0.080444977,9.845192909
0.080485955,9.844342232
0.080542043,9.847110748
0.080587342,9.846018791
0.080633544,9.848491669
0.080699086,9.850226402
0.080760405,9.8510952
0.080798499,9.848908424
0.080820903,9.849796295
0.080894433,9.851753235
0.080944777,9.851947784
0.080984913,9.854239464
0.081038974,9.855938911
0.081072778,9.856404305
0.081137091,9.860878944
0.081180498,9.861868858
0.081246026,9.865115166
0.081289351,9.864400864
0.081332058,9.865665436
0.081378214,9.868766785
0.081422433,9.870150566
0.081507012,9.875183105
0.081548825,9.873231888
0.081591711,9.874705315
0.081655406,9.873045921
0.0817049,9.874085426
0.081746638,9.874419212
0.081784442,9.875665665
0.081834883,9.879295349
0.081904799,9.877277374
0.081928931,9.877080917
0.081992574,9.879855156
0.08203841,9.881422997
0.082081154,9.886073112
0.08214563899999999,9.886174202
0.082186721,9.886401176
0.082221367,9.889583588
0.082280211,9.894699097
0.08234331,9.894183159
0.082387187,9.894088745
0.08245527,9.893996239
0.082488582,9.893164635
0.082551405,9.897455215
0.082592175,9.892914772
0.082645893,9.899128914
0.08268179,9.898712158
0.08273568,9.899040222
0.082788393,9.901470184
0.082832418,9.902075768
0.082887128,9.902002335
0.082937911,9.907032967
0.082995147,9.909665108
0.0830599,9.91425705
0.083092719,9.909606934
0.083156236,9.909991264
0.083187141,9.909308434
0.08323011599999999,9.910057068
0.083283559,9.911909103
0.083332718,9.913939476
0.083391711,9.918954849
0.083431967,9.916345596
0.083474882,9.918456078
0.083530381,9.920194626
0.083590038,9.92329216
0.08364185,9.9246912
0.083681576,9.92312336
0.083748162,9.928416252
0.083786853,9.928351402
0.08383924499999999,9.927874565
0.083883137,9.92782402
0.083934099,9.93031311
0.083979257,9.93017292
0.084024012,9.932520866
0.084095582,9.935920715
0.084143378,9.939108849
0.084193103,9.938631058
0.084238708,9.938877106
0.084296584,9.941003799
0.084341832,9.937704086
0.084378824,9.939616203
0.084431835,9.943180084
0.0844943,9.94451046
0.084541038,9.946032524
0.084601738,9.947932243
0.084640771,9.947494507
0.084684111,9.945811272
0.084724367,9.94844532
0.084776431,9.950665474
0.08482682,9.95451355
0.084890813,9.955938339
0.084942401,9.957015991
0.084990263,9.955352783
0.085042082,9.95734787
0.085085042,9.957426071
0.085139789,9.961676598
0.085188761,9.958411217
0.085225359,9.963254929
0.085289419,9.964468002
0.085339584,9.967931747
0.085389786,9.968381882
0.085429803,9.969169617
0.08548075,9.969833374
0.085550167,9.973185539
0.08558847,9.972542763
0.085646324,9.974280357
0.085681439,9.97376442
0.085724734,9.974959373
0.085777044,9.978650093
0.085843869,9.979626656
0.085893139,9.980674744
0.085945457,9.981658936
0.085978925,9.979809761
0.086035311,9.983679771
0.086090729,9.983486176
0.086132817,9.982981682
0.086186215,9.983830452
0.086224653,9.988213539
0.086283662,9.988183975
0.086334661,9.99368763
0.086384118,9.990987778
0.08643859599999999,9.994218826
0.086470805,9.998177528
0.086534739,9.998498917
0.086591929,10.00222397
0.08663523199999999,10.00199699
0.086686663,10.00126743
0.086747669,10.00203705
0.086789906,10.00207424
0.086852521,10.00277519
0.08689867,10.00425911
0.08693333,10.00391483
0.086992897,10.00725269
0.087031074,10.00330925
0.087081254,10.00546265
0.087130495,10.00807762
0.087187968,10.00998688
0.087252826,10.01216221
0.087282866,10.01062298
0.087332368,10.01359367
0.087375395,10.01458454
0.087442272,10.01701641
0.08748246,10.0177269
0.087537959,10.01764107
0.087587223,10.01935101
0.087640576,10.01838493
0.087699585,10.01968861
0.087744609,10.02162361
0.087766193,10.02349472
0.087837272,10.02551174
0.087890707,10.02690792
0.087938152,10.02437115
0.087977015,10.02689934
0.088035464,10.02848625
0.088089883,10.03109741
0.088132538,10.03159714
0.088189691,10.03495598
0.088241272,10.03652
0.088290073,10.0347929
0.088333085,10.03568554
0.088383459,10.03809452
0.088439755,10.04291725
0.08847477299999999,10.04377651
0.088537388,10.04294777
0.088592902,10.04574203
0.08864934,10.04409504
0.088693552,10.04679585
0.088731282,10.04417896
0.088795327,10.04620743
0.088833019,10.04824066
0.088882692,10.0481987
0.088942833,10.05060482
0.088984773,10.05250168
0.089038551,10.05345631
0.089094699,10.05434895
0.089130245,10.05013371
0.089173325,10.05458069
0.089227446,10.0546627
0.089289956,10.05813313
0.089327894,10.05823612
0.089381367,10.06132984
0.089433916,10.06320667
0.089485273,10.06263542
0.089539737,10.06827545
0.089593977,10.07080364
0.089646049,10.06918621
0.089687549,10.07048416
0.089725338,10.06989574
0.089782097,10.07173347
0.089842826,10.07206535
0.08989085299999999,10.07357502
0.089941099,10.07492065
0.08998911799999999,10.07582188
0.090032064,10.07435513
0.09007725899999999,10.07948399
0.090129174,10.08129025
0.090179794,10.0827446
0.090231441,10.08202457
0.090281442,10.08519936
0.090335198,10.0836668
0.090390302,10.08695412
0.090442866,10.08694077
0.090480007,10.08693123
0.090537749,10.08875179
0.090591878,10.08857536
0.090633772,10.08982563
0.090679467,10.09068012
0.090720132,10.08992863
0.090774112,10.09376049
0.090839692,10.09621716
0.09089726199999999,10.09897995
0.090942942,10.09818554
0.090993255,10.10097694
0.091030188,10.098032
0.091091529,10.10072422
0.091152296,10.1005249
0.091186315,10.1029501
0.091222778,10.10169697
0.091294848,10.10411644
0.091330871,10.1062727
0.09137401,10.10860443
0.091431163,10.11080933
0.091480523,10.11384201
0.091545642,10.11384583
0.091603145,10.11707878
0.091641918,10.11145115
0.091696255,10.1140604
0.091737189,10.11292744
0.091789611,10.11532307
0.091833517,10.11676693
0.091868669,10.11590099
0.09192951,10.12071896
0.091970854,10.124403
0.092038445,10.12339973
0.092071675,10.12661457
0.092129164,10.12763119
0.092184268,10.13055801
0.0922447,10.13235378
0.092299186,10.13237953
0.092325248,10.13365841
0.09239668399999999,10.13424301
0.09244594,10.13594151
0.092487387,10.13483238
0.092545144,10.13467979
0.092584908,10.1350832
0.092642091,10.13521862
0.092692562,10.13822651
0.092748761,10.13422108
0.092791759,10.13506126
0.092840299,10.13444424
0.092884988,10.1407032
0.092927516,10.1400156
0.09299501,10.14106369
0.093050197,10.14116764
0.093077056,10.14191628
0.09312588,10.14414978
0.093169436,10.14776421
0.093245655,10.1510067
0.093282305,10.15178013
0.093332857,10.1515789
0.093378313,10.15415382
0.093434595,10.15330791
0.093484506,10.15518188
0.093538351,10.15762806
0.093596727,10.1599884
0.093634635,10.15880203
0.09368179,10.160882
0.093745597,10.16011906
0.093782097,10.16083908
0.093822226,10.16449738
0.093891956,10.1682682
0.093947373,10.16624832
0.093989037,10.16923237
0.094036631,10.167202
0.094083324,10.16832924
0.094135761,10.16875553
0.094184801,10.17018414
0.094230354,10.17118835
0.094284155,10.17306519
0.094345249,10.17211723
0.094392523,10.17467499
0.094449513,10.17341518
0.094499983,10.17712498
0.094535619,10.1745491
0.094574846,10.17584705
0.094622649,10.1762867
0.094670825,10.18160439
0.09473972,10.18532372
0.094769061,10.18334866
0.094843574,10.18675518
0.094893634,10.18896198
0.09494023,10.18601036
0.094989881,10.18842125
0.095033974,10.1868372
0.095079288,10.19072723
0.09513437,10.19022942
0.095181704,10.19189262
0.095235378,10.19223022
0.095289208,10.1958971
0.095336922,10.19748211
0.095385119,10.19521046
0.095439032,10.19594193
0.095489122,10.19829845
0.095530294,10.19632339
0.095577844,10.2009201
0.095640719,10.20038795
0.095672563,10.20301056
0.095729724,10.20433903
0.095783621,10.20524979
0.095837236,10.20687008
0.095871858,10.2064867
0.095940553,10.2085638
0.095983029,10.21145725
0.09604009299999999,10.20924187
0.096076928,10.21144104
0.096134797,10.2167387
0.096182473,10.2165966
0.096232042,10.21986961
0.096290164,10.2209444
0.09634281,10.22063351
0.096393101,10.22206879
0.096451864,10.2211237
0.096482277,10.22023487
0.0965335,10.22541809
0.09658222699999999,10.22562695
0.096639276,10.22465897
0.096687749,10.22504139
0.096746862,10.22640991
0.096780188,10.22714901
0.096835256,10.22599697
0.096896887,10.22917938
0.096926361,10.22896004
0.096972257,10.23340416
0.097045265,10.23490906
0.097084552,10.23438454
0.097142927,10.23585224
0.09719602,10.23807144
0.097234398,10.23446846
0.097292006,10.23587132
0.097335532,10.23725605
0.097389229,10.23764133
0.097427108,10.23728561
0.097490497,10.24057007
0.09754508,10.24096203
0.097587235,10.24010468
0.097640067,10.23938179
0.09769209499999999,10.24288177
0.097724371,10.24391937
0.097789593,10.24508286
0.097820915,10.24711323
0.097896516,10.24981213
0.097944208,10.25198364
0.097984024,10.25164986
0.098036863,10.25205231
0.098094098,10.25324535
0.09814626,10.25426483
0.098198354,10.25364304
0.098239996,10.2565937
0.098276302,10.25365925
0.098328821,10.25821209
0.098384507,10.25900555
0.098442346,10.25930786
0.09847270699999999,10.26109695
0.098539062,10.2612133
0.098594979,10.26079369
0.098635398,10.26266766
0.0986844,10.26367664
0.098738477,10.26439285
0.098790117,10.26694202
0.098824799,10.26909161
0.098881662,10.26966667
0.098940164,10.27376461
0.098987423,10.27212429
0.099021584,10.27593899
0.099093534,10.27831173
0.099130966,10.28157997
0.099193692,10.28096104
0.099234022,10.28281212
0.099299453,10.28320217
0.099353418,10.2814455
0.099395424,10.28049469
0.099455238,10.28107071
0.099492952,10.28200722
0.099512391,10.27733707
0.09957455899999999,10.28080845
0.099636525,10.2847662
0.099678278,10.28566456
0.09974245,10.28738499
0.099775292,10.28919601
0.099835873,10.28806114
0.09987399,10.29028988
0.099939376,10.29265022
0.099982485,10.29287434
0.100018554,10.29385853
0.100069799,10.29470921
0.100126244,10.29143429
0.100166805,10.28923988
0.100202851,10.2870121
0.100229226,10.28189087
0.100264266,10.27224159
0.100257456,10.26331139
0.100275181,10.25347519
0.100255557,10.23619366
0.100228839,10.22354317
0.100206174,10.20628452
0.100183562,10.19403839
0.10017284,10.18477631
0.100166813,10.17625904
0.10015407999999999,10.16707325
0.100140996,10.15848064
0.100138582,10.15262985
0.10012109599999999,10.14635658
0.100114055,10.13905716
0.100120686,10.13615608
0.100097746,10.13129425
0.100105211,10.12554741
0.100107715,10.12652588
0.100102626,10.12287807
0.100102902,10.1231699
0.100116342,10.12461948
0.100131646,10.1315794
0.100166693,10.14487076
0.100213789,10.160676
0.100281805,10.1803112
0.100360982,10.19696712
0.100416586,10.21621513
0.100481257,10.23120499
0.100541137,10.24462891
0.100597166,10.25661373
0.10066092,10.2721653
0.100729272,10.28116989
0.100801058,10.29249859
0.100888148,10.30075836
0.100935809,10.30386066
0.1010006,10.30960751
0.101057641,10.31303501
0.101094276,10.31331921
0.101136863,10.31806469
0.10120526,10.31940365
0.101254866,10.3239212
0.101307325,10.32648563
0.101367362,10.32783699
0.101409063,10.32618904
0.10146761,10.32962894
0.10151392199999999,10.32839775
0.101564556,10.33218288
0.101628684,10.33283901
0.101678684,10.33150101
0.101724155,10.33086205
0.10175366,10.33257961
0.101805486,10.33225155
0.101866596,10.33512115
0.10191606,10.33830833
0.101968132,10.33568573
0.102006853,10.33729553
0.102071807,10.33935356
0.102122456,10.33887005
0.102160536,10.33927536
0.102217645,10.34088326
0.102259584,10.34350491
0.102313578,10.34221935
0.10236569499999999,10.34422684
0.102420822,10.34593391
0.102483332,10.34563541
0.10251382,10.34436035
0.102565736,10.34518242
0.102614336,10.34695244
0.102660678,10.34802818
0.102710873,10.34694004
0.102755517,10.35038853
0.102805108,10.35162926
0.102870636,10.35473442
0.102914758,10.35258007
0.102994435,10.35651302
0.103019446,10.35584641
0.103053726,10.35459995
0.103116825,10.35485458
0.10317409,10.35825157
0.103223167,10.35940075
0.103275903,10.3598156
0.103317417,10.35873508
0.103366554,10.36079216
0.103413344,10.36472988
0.103453055,10.36484337
0.103531733,10.36595249
0.103564739,10.36703777
0.103622176,10.36715317
0.103663139,10.36604786
0.10372524,10.36663055
0.103755765,10.36665344
0.103809387,10.36992836
0.103872612,10.3707552
0.10391397,10.37229919
0.103957564,10.37465668
0.104015775,10.37362099
0.104066908,10.37645721
0.104119323,10.37653351
0.104156703,10.37167835
0.10420835,10.37546349
0.104257658,10.37658024
0.1043102,10.38063049
0.104366191,10.38322544
0.104412705,10.38251781
0.104459234,10.38362408
0.10451585099999999,10.38503075
0.104569487,10.38351536
0.104623616,10.38708019
0.104668237,10.38650703
0.104727477,10.38743687
0.104776591,10.38440228
0.104824662,10.38466263
0.104861342,10.38613987
0.104916744,10.38642788
0.104967341,10.38726425
0.105010294,10.39126778
0.105064348,10.39271355
0.105114281,10.39301968
0.105166234,10.39388561
0.105213627,10.39381504
0.105256721,10.39362812
0.10531407599999999,10.39779854
0.105364077,10.39768314
0.105406784,10.39744282
0.10546907,10.39884853
0.105502479,10.40032482
0.105573841,10.40287781
0.105613284,10.40084648
0.105665289,10.4058485
0.105701402,10.40663719
0.105767332,10.40691471
0.105809003,10.40734673
0.105870374,10.41180992
0.105910152,10.41240501
0.105974503,10.41206264
0.106016271,10.41156673
0.106071577,10.41401196
0.106109791,10.41401196
0.106169358,10.41899395
0.106216349,10.41532707
0.106271736,10.41796684
0.106323138,10.4220295
0.106372982,10.41890526
0.106420145,10.41892624
0.106466547,10.42033195
0.106514864,10.42301846
0.1065671,10.42250347
0.106606588,10.42187405
0.106660038,10.42235088
0.106717989,10.42601585
0.10677024,10.42612171
0.106818356,10.42627621
0.10685578,10.42923927
0.106912382,10.42792988
0.106958881,10.42870903
0.107013546,10.42905998
0.107057721,10.43249893
0.107120469,10.43314075
0.107175753,10.43524551
0.107209318,10.43362617
0.10726396,10.43591022
0.10731817,10.43826389
0.107367098,10.43943501
0.107417353,10.43836308
0.107475899,10.43933392
0.107494451,10.43877888
0.10756623,10.44173622
0.107621983,10.44600677
0.107678279,10.44415474
0.107730344,10.44529533
0.107766166,10.44426155
0.107818611,10.44466972
0.107867077,10.44493961
0.10790970899999999,10.4476099
0.10796491799999999,10.44813919
0.107995816,10.45039082
0.108075082,10.44856739
0.108112618,10.44861984
0.108161017,10.45288467
0.108225219,10.45190239
0.108266898,10.4572773
0.108317822,10.45418739
0.108356968,10.45503616
0.108420722,10.45689011
0.108458102,10.45820618
0.108517319,10.4564724
0.108578198,10.46164417
0.10861215,10.46129227
0.108668417,10.4620142
0.108716279,10.46189213
0.108762011,10.46491909
0.108817689,10.46699333
0.108874507,10.46765518
0.108926699,10.46859169
0.108965367,10.4680891
0.109013587,10.46644115
0.109070271,10.46977901
0.10911639,10.47000408
0.109160736,10.4711895
0.109203041,10.4717989
0.109275557,10.47391605
0.109309703,10.47446251
0.109364823,10.47640228
0.109426454,10.47629356
0.109466106,10.47725487
0.109523311,10.4777956
0.109562397,10.479949
0.109614954,10.47770882
0.109674022,10.47852516
0.109704316,10.48131847
0.109768592,10.48386288
0.109808877,10.48205853
0.109866813,10.48104668
0.109911017,10.4858551
0.109971456,10.48696327
0.110019691,10.48699284
0.110073567,10.48604298
0.110118531,10.48753643
0.110171124,10.48640442
0.11021772,10.48794937
0.110260382,10.48969269
0.110323005,10.49142265
0.110354617,10.49290657
0.110410407,10.49389648
0.11044623,10.49660206
0.110511743,10.4985857
0.110568002,10.49903965
0.110620841,10.50176048
0.110665389,10.50191212
0.110717222,10.50237942
0.110774219,10.50188637
0.110812888,10.50258827
0.110871986,10.50331497
0.110921495,10.50454426
0.110975355,10.50261879
0.111005142,10.50335217
0.111066178,10.50437832
0.11111097,10.50473595
0.111157917,10.50827122
0.111208931,10.50818443
0.111273229,10.51003551
0.11131344,10.50933552
0.111364462,10.51305199
0.111417025,10.51549244
0.111449652,10.51256466
0.111513317,10.51618004
0.111565486,10.51885605
0.11161605299999999,10.51955318
0.111670993,10.5209837
0.111725375,10.52142239
0.111767121,10.52404118
0.111821763,10.52518749
0.111875609,10.52264214
0.11193141399999999,10.52412319
0.111967713,10.52266598
0.112012759,10.52281475
0.11206349,10.52374554
0.112115964,10.52371979
0.112152726,10.52769184
0.112199694,10.52910614
0.112262853,10.52931976
0.11231561,10.53407383
0.112363614,10.53455925
0.112420492,10.53790951
0.112462565,10.53436089
0.112519346,10.53457451
0.112560913,10.53524399
0.1126078,10.53591728
0.112670295,10.53877831
0.112718076,10.53952312
0.112765752,10.53930187
0.112803422,10.5397644
0.112865754,10.54244804
0.112907015,10.54302979
0.112974875,10.54505539
0.113017015,10.54704094
0.113080584,10.54752254
0.113127254,10.54539394
0.113173649,10.54565144
0.113230981,10.54345226
0.113274716,10.54687214
0.113315694,10.54421711
0.113367096,10.54341698
0.11342077,10.54808426
0.11346474299999999,10.54752254
0.113525152,10.54734325
0.113557421,10.5489254
0.11360962,10.55001163
0.113662168,10.55136395
0.113713324,10.55380249
0.113762468,10.55212593
0.113810137,10.55526829
0.11386705899999999,10.55534172
0.113908716,10.55623436
0.113953307,10.55759048
0.114008062,10.55962276
0.114068434,10.5617342
0.114120498,10.56319237
0.114167661,10.56258869
0.114199259,10.56193924
0.114268229,10.56847572
0.114318706,10.56553268
0.114370845,10.56958485
0.114413001,10.56923199
0.114472307,10.56904602
0.114525385,10.57050133
0.114568889,10.56925011
0.114623822,10.57180595
0.114661507,10.57243538
0.114719264,10.57369995
0.114766933,10.57338715
0.114827439,10.57355022
0.11486835,10.5756855
0.11491209299999999,10.57537556
0.114954636,10.57785988
0.115014769,10.57800484
0.115072675,10.58046627
0.115116425,10.58080387
0.115165688,10.58076477
0.11520078,10.58180046
0.115278192,10.58303452
0.115317047,10.58394527
0.11537464,10.58605862
0.115426131,10.58495903
0.11547057299999999,10.58547115
0.115505532,10.58305931
0.115562931,10.58443642
0.115614675,10.58738232
0.115668319,10.58652973
0.115707174,10.58777332
0.115758754,10.58838081
0.115815453,10.59122562
0.115861133,10.59178543
0.115927942,10.59407139
0.115963794,10.59613991
0.116030984,10.59244919
0.116074018,10.59609795
0.116123304,10.59548378
0.116170652,10.59831524
0.116206691,10.59385204
0.11626009699999999,10.59977055
0.11632405999999999,10.60314465
0.11637636999999999,10.59967232
0.116423592,10.59864235
0.116468482,10.59941673
0.11651858,10.60114574
0.116564065,10.60238647
0.116605684,10.60172939
0.116649002,10.60364056
0.116705835,10.60738754
0.116756074,10.6069479
0.116816655,10.61026382
0.116853997,10.61347389
0.116908766,10.61334419
0.11696814,10.61305046
0.117027283,10.61394978
0.11705631799999999,10.61582661
0.117111974,10.61635113
0.117182441,10.61701775
0.117225148,10.61366177
0.117263399,10.61398125
0.117309339,10.61507034
0.117348947,10.61631584
0.117405377,10.61921978
0.117466487,10.62360954
0.117504895,10.62231159
0.117578395,10.62248325
0.117610492,10.62368679
0.117660895,10.62515545
0.117726743,10.62572575
0.11776302,10.62680244
0.117825754,10.62993145
0.117857844,10.62983608
0.117921859,10.62910271
0.117975868,10.63189793
0.118025981,10.62828732
0.118063629,10.63006401
0.118116953,10.62918758
0.118159868,10.63027
0.118203849,10.63254833
0.118262127,10.63215351
0.118303329,10.63278866
0.11835938,10.63799095
0.118410647,10.63820934
0.118460506,10.63987732
0.118519731,10.64034653
0.118571878,10.64254189
0.118613497,10.6450243
0.118670367,10.64087868
0.118704252,10.64260292
0.118758582,10.64502048
0.118802279,10.6471138
0.118861444,10.64886284
0.11891295,10.64914322
0.118971348,10.65084553
0.119022898,10.65216541
0.119058296,10.65264702
0.119122639,10.65230942
0.119166784,10.65264034
0.119217984,10.65504551
0.119275995,10.6554451
0.11930792,10.65486145
0.119371452,10.65341377
0.119409479,10.65522289
0.119454712,10.65393448
0.119526185,10.66046429
0.119574249,10.65813446
0.119607926,10.65464973
0.119670577,10.65895462
0.119713463,10.65706158
0.119768612,10.65961456
0.119802304,10.6590786
0.119861886,10.66280556
0.11990065899999999,10.66269684
0.119970583,10.66493893
0.120021545,10.66376591
0.120064013,10.66841888
0.120111376,10.66477394
0.120169684,10.66713619
0.120209493,10.6699791
0.120266177,10.67053699
0.120302223,10.67230225
0.120363139,10.6754961
0.120420337,10.67463017
0.120466799,10.67689037
0.1205213,10.67581177
0.120575294,10.67585468
0.120634183,10.67485046
0.120658249,10.67345142
0.120712489,10.67454624
0.120770417,10.67907143
0.120816685,10.67701435
0.120868005,10.679636
0.12092346,10.6794281
0.120965876,10.68009663
0.121014103,10.67994404
0.12105980499999999,10.68125343
0.121117823,10.68159771
0.121167265,10.68468952
0.121207953,10.6849432
0.12126445,10.68529606
0.121312328,10.68609047
0.121354856,10.68736458
0.121419639,10.68822765
0.121461354,10.69116402
0.121504799,10.69067574
0.12156827,10.6923275
0.121611141,10.69143963
0.121657819,10.69455719
0.121712037,10.6960268
0.12176701399999999,10.69708729
0.121816494,10.6961956
0.121873066,10.69679165
0.121910647,10.7000742
0.12197277,10.70053196
0.12201009,10.70133972
0.122065552,10.70011044
0.12212304,10.70327187
0.122176468,10.70025635
0.122216508,10.70077038
0.122263551,10.70331097
0.122322932,10.70566273
0.122354113,10.70272732
0.122414999,10.70516872
0.122462265,10.70566273
0.122505203,10.70714664
0.122561194,10.70850468
0.122606516,10.71045876
0.122650102,10.71509266
0.122717068,10.71629524
0.122772724,10.71234703
0.122804128,10.71608257
0.122865506,10.71738148
0.122914001,10.71420383
0.122968659,10.71760559
0.123013802,10.71530247
0.123073407,10.71999264
0.123115085,10.71867847
0.123170778,10.71911049
0.123228178,10.71932793
0.123255655,10.72410583
0.123321846,10.72227097
0.1233669,10.72078609
0.123419963,10.72333241
0.123478964,10.72467899
0.123518929,10.72301579
0.123562016,10.72254086
0.123607732,10.72251987
0.123666287,10.72844982
0.123707868,10.7277317
0.123754166,10.72953415
0.123817526,10.73117733
0.12388137,10.73425674
0.123916365,10.72967339
0.123962902,10.72939682
0.124017827,10.73384857
0.124072194,10.7339468
0.124119543,10.73191452
0.124190368,10.73678398
0.12423379,10.73646927
0.124280706,10.73627853
0.124313869,10.73518944
0.124368012,10.73636246
0.124400362,10.73836231
0.124459334,10.7380085
0.124509081,10.73921204
0.124558039,10.74300575
0.124600023,10.74661255
0.124669917,10.74614716
0.124721497,10.74786282
0.124759972,10.74591351
0.124816828,10.75045681
0.124871791,10.75161076
0.124907561,10.75129604
0.12495969999999999,10.7534647
0.12501996,10.755023
0.125072487,10.75644207
0.12511944,10.75572014
0.125174277,10.75631046
0.125219829,10.75769329
0.125264593,10.75833797
0.125308074,10.76089191
0.125365116,10.75998592
0.125423215,10.76173115
0.125463657,10.75934029
0.125526391,10.75961304
0.125574939,10.75972748
0.12562758499999999,10.7619915
0.125658922,10.75976372
0.125712015,10.76279259
0.125767611,10.76264668
0.125805177,10.76443863
0.125850372,10.76469326
0.125919096,10.76785851
0.125953831,10.76811695
0.126020245,10.77056885
0.126073502,10.76922131
0.126121216,10.77171707
0.126157217,10.77178001
0.126217775,10.77501583
0.126269184,10.77325344
0.126314782,10.77612114
0.126375787,10.77592087
0.126414724,10.77655029
0.126475014,10.77673149
0.126522727,10.77879524
0.12657059,10.77876759
0.126621537,10.77984238
0.126666032,10.78044319
0.126718409,10.78405476
0.126767822,10.78100014
0.12680123,10.78084469
0.126878314,10.78273773
0.126916655,10.78446007
0.12696781,10.78266525
0.12701156,10.78431129
0.127069347,10.78587723
0.127128579,10.78519154
0.127170868,10.7849493
0.12720532,10.78560925
0.127255194,10.78744984
0.127307914,10.79039955
0.127361097,10.78929615
0.127414726,10.79296875
0.127468206,10.7935791
0.127521806,10.79516411
0.127559401,10.79421329
0.127618931,10.79864883
0.127679132,10.79780483
0.127718784,10.79791927
0.127767615,10.79727745
0.127827965,10.79984474
0.127875738,10.79703045
0.127915837,10.79804516
0.127961464,10.80266094
0.128018953,10.80056953
0.128059574,10.79898548
0.128117807,10.80203438
0.128164001,10.80212879
0.128220834,10.8046484
0.128278397,10.80583382
0.128324516,10.80685425
0.128359936,10.80615997
0.12841215,10.8097744
0.128466018,10.8114996
0.128529213,10.81285858
0.128566526,10.8118515
0.128618725,10.81046391
0.128663428,10.81062031
0.128712498,10.81328773
0.128769569,10.8145113
0.128821142,10.81496811
0.128863774,10.81446362
0.128912754,10.81667995
0.128955655,10.81479549
0.12900696,10.81734848
0.129054017,10.81815243
0.129112862,10.81949043
0.1291674,10.82104301
0.129208274,10.82023048
0.129266791,10.82414055
0.129318275,10.82366085
0.129373498,10.82359695
0.129414238,10.82276344
0.129469372,10.82443619
0.129500963,10.82462883
0.12957522999999999,10.8269825
0.129627146,10.82864285
0.129678749,10.82735825
0.129738353,10.826478
0.129772075,10.8285799
0.129823856,10.82822704
0.129856847,10.82637405
0.129916154,10.83013058
0.129962959,10.82987022
0.130002819,10.83126545
0.130065985,10.83415699
0.130111165,10.83269596
0.130157225,10.83519459
0.130221225,10.83512878
0.130255647,10.83367252
0.130321197,10.83509064
0.130374871,10.83862686
0.130431496,10.83824921
0.130459704,10.83747673
0.130499102,10.83912086
0.130560942,10.84069157
0.130611725,10.84010983
0.130667783,10.84383774
0.130714439,10.84219265
0.13076926,10.84483814
0.130835556,10.84599209
0.130865462,10.84625053
0.130922042,10.84572887
0.130973213,10.84567356
0.131020166,10.84496021
0.131069325,10.84609127
0.131110184,10.84518528
0.131176449,10.84770489
0.131220363,10.84960556
0.131272934,10.84991646
0.131308325,10.85047913
0.13135647,10.84997654
0.131418489,10.85426807
0.131461926,10.85278606
0.131507658,10.85457897
0.131568186,10.85679817
0.13163244,10.85636997
0.131653749,10.8560257
0.131720252,10.85360241
0.131770142,10.85476398
0.131814622,10.85842323
0.131862708,10.86002159
0.131920539,10.85957718
0.131966941,10.8586216
0.132015072,10.85733223
0.132053383,10.86307907
0.132112421,10.86101723
0.132155471,10.8621521
0.13221436,10.86527634
0.13226857,10.86580086
0.132329293,10.86775112
0.132375188,10.86774635
0.132418104,10.86812019
0.132464163,10.86928558
0.132507406,10.86875343
0.132576488,10.86972618
0.132609286,10.87166595
0.132668726,10.87230396
0.132712506,10.87239742
0.132778533,10.87448692
0.132825025,10.87282181
0.132861786,10.87503433
0.132915788,10.87472916
0.132964023,10.87687111
0.13302695,10.87830734
0.13306012,10.88041687
0.133119814,10.87924862
0.133169212,10.87872791
0.133231841,10.88036346
0.133264907,10.8787508
0.133307569,10.8812542
0.133358978,10.88042259
0.133408241,10.88086796
0.133458696,10.8831377
0.133513503,10.88655663
0.133559294,10.88702202
0.133618198,10.8886013
0.133669369,10.89028454
0.133708216,10.89090252
0.13376949,10.88917923
0.133820824,10.88971806
0.133863919,10.8913269
0.133919023,10.89347267
0.133976437,10.89285469
0.134026043,10.89123058
0.134067558,10.89208031
0.134114318,10.89646149
0.134176545,10.89429951
0.13420743499999999,10.89099693
0.134267561,10.89474869
0.134300016,10.8986702
0.134362839,10.89838505
0.134415709,10.90124035
0.1344622,10.90074825
0.134517945,10.90097523
0.134565123,10.90090561
0.134618305,10.90236664
0.134672575,10.90482044
0.134718411,10.90677738
0.134759717,10.90435791
0.134801902,10.90343189
0.134858944,10.90703869
0.13492439,10.91103077
0.134965904,10.90890789
0.135012753,10.90612698
0.135068573,10.90538788
0.135114499,10.90969276
0.135174327,10.90866089
0.135209538,10.90965748
0.135247536,10.90833187
0.135326706,10.91290188
0.1353563,10.91306877
0.135421328,10.91330147
0.135477089,10.91626358
0.135527037,10.91597462
0.135566734,10.91191769
0.135616474,10.91488743
0.13566225,10.9163332
0.135707148,10.91869354
0.13577386,10.91910172
0.13580408,10.91901398
0.135871135,10.9215498
0.135918148,10.92289734
0.135965176,10.92487144
0.136014335,10.92152309
0.136062168,10.92640209
0.136111193,10.92591763
0.136182778,10.92497158
0.136213489,10.92364883
0.13626986,10.92457104
0.136310391,10.92641926
0.136362009,10.92685318
0.136412017,10.92493248
0.13645988,10.92556667
0.136507325,10.92643929
0.136568718,10.92652798
0.136610799,10.92796135
0.136660166,10.93042183
0.136704929,10.93058968
0.13676589,10.93336773
0.136816166,10.93491364
0.136863016,10.93401337
0.136931874,10.93449783
0.136964567,10.93770123
0.137022145,10.93620872
0.137070425,10.93701172
0.137112938,10.93628693
0.137154453,10.93453026
0.137213372,10.93625546
0.137244098,10.93701267
0.13730637,10.93968487
0.137345798,10.94192696
0.137417592,10.94051552
0.137471728,10.94308567
0.137530454,10.94158936
0.137549035,10.94375038
0.137613587,10.94324303
0.137680926,10.94357109
0.13772171,10.94597721
0.137776069,10.94369698
0.137819775,10.94484425
0.137857743,10.94318485
0.137919672,10.94285202
0.137974046,10.94317627
0.138028987,10.94447517
0.138055943,10.94391441
0.138120003,10.94316101
0.138163261,10.94610977
0.138194658,10.94726372
0.138256274,10.94869709
0.138313435,10.94967079
0.138358779,10.94995689
0.138410337,10.95265293
0.138460912,10.95434093
0.138516404,10.9553833
0.138567142,10.95523262
0.138616882,10.95628452
0.13868285,10.95545292
0.138721384,10.95619392
0.138769336,10.95518208
0.138816469,10.95473671
0.138873287,10.9577322
0.138909571,10.95764923
0.138952084,10.95986366
0.139003791,10.95919895
0.139061473,10.96150684
0.139108397,10.96273613
0.13916608,10.96473122
0.139220484,10.96457195
0.139261894,10.96206284
0.139329009,10.9635725
0.139365755,10.96144676
0.139410101,10.96408463
0.139465265,10.96399879
0.139509194,10.96290493
0.139551871,10.96647072
0.139607899,10.96678734
0.139658667,10.96893597
0.139702417,10.97060966
0.139762588,10.97014332
0.139805101,10.97204399
0.139876746,10.97442436
0.139921524,10.9740963
0.139967151,10.97409153
0.140005104,10.97391987
0.140055947,10.97593784
0.140108712,10.97770691
0.140163936,10.97694683
0.14021841399999999,10.98049164
0.140262298,10.98075771
0.140317001,10.98022366
0.140378423,10.98098087
0.140424051,10.97928905
0.140466847,10.97849941
0.140499838,10.98114204
0.140565433,10.98055077
0.140599184,10.98165607
0.140662022,10.98605442
0.140713148,10.98584747
0.140760787,10.98528862
0.140817188,10.98743057
0.140868969,10.98465252
0.140913613,10.98640347
0.14097286,10.98601246
0.141016238,10.98471355
0.141049259,10.98540878
0.141108163,10.987257
0.141158573,10.98962021
0.141202904,10.99211884
0.141249232,10.99366856
0.141303338,10.99373436
0.141363345,10.9933157
0.141425692,10.99607944
0.141481333,10.99571896
0.141517677,10.99455166
0.141555674,10.99785995
0.141609512,11.00070381
0.141661875,10.99666882
0.141711183,10.9996233
0.14175076,11.00141525
0.14181575899999999,11.00342655
0.141865231,11.00290585
0.14192123,11.00616837
0.141977511,11.00258064
0.142010771,11.00366592
0.142060541,11.00483513
0.142112665,11.00480747
0.142155551,11.00562859
0.142213397,11.00760555
0.142274417,11.0085001
0.14231848,11.00802422
0.142371051,11.00817204
0.142413117,11.01013184
0.142448478,11.01076603
0.142517276,11.01193905
0.142560102,11.0120821
0.142605238,11.0134716
0.142664336,11.01540565
0.142721675,11.01420021
0.14276164,11.01612854
0.142829113,11.01873875
0.142870762,11.01641083
0.142912321,11.0154171
0.142958932,11.01621246
0.143016346,11.02030373
0.143059231,11.01837826
0.143115379,11.01870632
0.143175937,11.02228165
0.143212982,11.02026844
0.14327813,11.02194309
0.143320941,11.02022076
0.143365748,11.02044868
0.143416189,11.01942539
0.143456377,11.01927567
0.143503614,11.02442932
0.143556975,11.02492619
0.143618412,11.02529812
0.143669494,11.02634621
0.143718042,11.02477551
0.143775202,11.02703381
0.143817835,11.02665806
0.143861689,11.0297842
0.143926524,11.02865601
0.143968962,11.02738285
0.144016065,11.02849293
0.14405293,11.02884293
0.144106709,11.03058147
0.144151278,11.03130627
0.144216411,11.03449821
0.144254066,11.03735447
0.144320332,11.03861904
0.144352384,11.03871822
0.144414879,11.03893661
0.144461997,11.04248905
0.14451953,11.04021358
0.144566365,11.04261589
0.144618161,11.0430069
0.144673042,11.04218292
0.144719683,11.04230213
0.14476981,11.04247856
0.144836865,11.0433569
0.14486099,11.04187393
0.144904889,11.04258919
0.144963093,11.04446602
0.145025127,11.04577351
0.145069637,11.04505348
0.145107143,11.04508591
0.145159431,11.04570866
0.145214088,11.04500771
0.145264991,11.04823971
0.145318039,11.04734516
0.145366348,11.04846287
0.145410217,11.04759407
0.145468764,11.05179501
0.14551843,11.05058002
0.145557739,11.05316448
0.145617299,11.05278111
0.145651214,11.05307388
0.145704873,11.05776215
0.145759367,11.05541229
0.14580942,11.05922604
0.145865671,11.05827236
0.145914354,11.05908012
0.145961098,11.06259251
0.146023043,11.06302071
0.146069296,11.05930138
0.14611163,11.05874062
0.146178044,11.06257629
0.146223731,11.06145477
0.146259211,11.05954742
0.14630533,11.06389904
0.146354579,11.06581783
0.146406971,11.06614399
0.146458663,11.06676483
0.146540173,11.06655884
0.146574818,11.06913567
0.146629907,11.06626034
0.146665506,11.06753922
0.146712609,11.0672493
0.146766223,11.06953239
0.14681460699999999,11.07114315
0.146868251,11.06848145
0.146915309,11.07042885
0.146961369,11.06949806
0.14701017,11.06885815
0.147065602,11.07359219
0.147111602,11.06898499
0.14716246,11.07238483
0.147207402,11.07295227
0.147253238,11.07668686
0.147313886,11.07687473
0.147375547,11.08089733
0.14741277,11.07787991
0.147464685,11.08140278
0.147516929,11.07920933
0.147563838,11.08044338
0.147620909,11.08220863
0.147669472,11.08314896
0.147720657,11.08219051
0.147773557,11.08521175
0.147814877,11.08252335
0.147864185,11.08506775
0.147898369,11.08551311
0.147978954,11.08619881
0.148013182,11.08604431
0.148083218,11.08452129
0.148117863,11.08762264
0.148165263,11.08776283
0.148204379,11.08913803
0.14826145,11.0890522
0.148318865,11.08822155
0.148364134,11.08835316
0.148419656,11.09081841
0.148476727,11.08878136
0.148513861,11.0900898
0.148565732,11.09166431
0.148605831,11.08738804
0.148663335,11.09381962
0.148701899,11.09530067
0.148765452,11.09556484
0.148819022,11.09678364
0.148864262,11.09680653
0.148923166,11.09937668
0.148961581,11.09845448
0.149013765,11.0990591
0.149073713,11.098382
0.149116241,11.09921455
0.149172016,11.10075283
0.149213396,11.09857655
0.149261169,11.10207081
0.149316512,11.10355759
0.149368234,11.10172272
0.149411239,11.1055336
0.14946774399999999,11.1058836
0.149500184,11.10745907
0.149565466,11.10887432
0.149617963,11.10955524
0.149680086,11.10791016
0.14972467,11.10768414
0.149746992,11.10866165
0.149809174,11.11159706
0.149855621,11.11086178
0.149919219,11.1139183
0.149966486,11.112257
0.15001335,11.11454582
0.150072076,11.11372948
0.150111936,11.11417675
0.150159918,11.11521721
0.150217883,11.11463356
0.150264345,11.11823463
0.150312521,11.11845684
0.150369875,11.11919117
0.150403626,11.11892605
0.150466807,11.11883259
0.150513418,11.11947823
0.150561385,11.12078953
0.150625102,11.1213541
0.150652193,11.12422562
0.150725596,11.1218586
0.150766574,11.12351036
0.150818683,11.12275887
0.150870808,11.12740421
0.150917389,11.12312984
0.150962211,11.12317085
0.15101958099999999,11.12724686
0.151065834,11.12715054
0.151117005,11.12801552
0.151154347,11.12918472
0.151216187,11.1298666
0.151272722,11.13216877
0.15132051,11.12718964
0.151351504,11.1305418
0.151414223,11.1332283
0.151446469,11.13303471
0.151508369,11.13533878
0.151566096,11.13702488
0.151631139,11.13693142
0.151669465,11.13696957
0.151710473,11.13737106
0.151750915,11.13638306
0.15181496,11.13702393
0.15186929,11.13884163
0.151912145,11.13941479
0.151979335,11.13916588
0.152011283,11.14061451
0.152072109,11.14003563
0.152115665,11.14246368
0.152167671,11.14366722
0.15221291,11.14118576
0.152273618,11.14352131
0.152315177,11.14406967
0.152377538,11.14458942
0.152415238,11.14138508
0.15248019299999999,11.14386559
0.15251676,11.14061546
0.152560927,11.14513397
0.152605243,11.14687729
0.152650587,11.14888191
0.152714707,11.14988518
0.152761944,11.14969158
0.152813472,11.14859772
0.152877532,11.15344238
0.152918555,11.15030956
0.152951278,11.15186691
0.153014146,11.15111923
0.15306314099999999,11.15294361
0.153104313,11.15493107
0.153160982,11.15332127
0.153205745,11.15431404
0.153264217,11.15661144
0.153311588,11.15746593
0.153376721,11.15642929
0.153412022,11.15862274
0.153468631,11.15609455
0.153516851,11.16001797
0.153565802,11.15979958
0.153599791,11.15976238
0.153659843,11.16197968
0.153709687,11.16245651
0.153771885,11.16458893
0.153809197,11.16400337
0.153868355,11.16605949
0.153916784,11.16578484
0.153979115,11.17032623
0.154018276,11.16751194
0.154075764,11.16772556
0.15410652,11.16556358
0.15416085,11.16758823
0.154207476,11.16677761
0.154289149,11.16999531
0.154304884,11.16670132
0.154354014,11.17129898
0.154415421,11.17177391
0.15447209,11.17596722
0.154514037,11.17417336
0.154555507,11.17145348
0.154613592,11.17451191
0.154675059,11.17543602
0.154714115,11.17470837
0.154769011,11.17662525
0.15480838,11.17724228
0.154856019,11.17719078
0.154921837,11.180439
0.154962264,11.18110657
0.15502394,11.18024349
0.155068986,11.18031502
0.155109324,11.18170834
0.155170329,11.18070316
0.155218937,11.1820488
0.155272983,11.17975616
0.155315273,11.18178177
0.155364968,11.18409538
0.155409493,11.18384743
0.155465417,11.18376732
0.155507363,11.185359
0.155555017,11.18579197
0.155616902,11.18583775
0.155676179,11.18844986
0.155703746,11.18931866
0.155762397,11.19275475
0.15581321,11.19120693
0.155866183,11.18895054
0.155914284,11.18949413
0.155961268,11.19246578
0.156024791,11.19345474
0.156070925,11.19293213
0.156112425,11.19299412
0.156159274,11.19185734
0.156201117,11.19607925
0.156258576,11.1959734
0.156309225,11.19502449
0.156360634,11.19540215
0.156412087,11.19905663
0.156465136,11.19660664
0.156518661,11.19988441
0.156565122,11.2009201
0.156612419,11.20143509
0.156644426,11.19973946
0.156722285,11.20258141
0.156767316,11.20064163
0.156812601,11.20430374
0.156869628,11.20384789
0.156918205,11.20548058
0.156960227,11.20537853
0.157009103,11.20889187
0.157077693,11.20405102
0.157127746,11.20659828
0.157191999,11.20578289
0.157196872,11.20788479
0.15724776,11.20580292
0.157307334,11.20795918
0.157359801,11.20938683
0.157412104,11.2119627
0.157477222,11.21059513
0.157509051,11.21294689
0.157548972,11.21275806
0.157599442,11.21630764
0.15766006,11.21466351
0.157717206,11.21570015
0.157780163,11.21640682
0.157819145,11.21388531
0.157861568,11.21691704
0.15791223199999999,11.21605396
0.157957308,11.2153101
0.158007853,11.21846771
0.158057995,11.21883011
0.158106037,11.21815014
0.158160217,11.21907043
0.158215679,11.22336674
0.158279292,11.22039223
0.158322834,11.21946621
0.158382155,11.22049809
0.158407576,11.22044563
0.15845687,11.22095108
0.158504002,11.22060871
0.158559255,11.22473907
0.158611216,11.22455597
0.158662222,11.22716618
0.158724867,11.22676945
0.158759572,11.22725296
0.158816509,11.22694588
0.158867888,11.22922421
0.158908256,11.22973633
0.158961021,11.22899055
0.159003727,11.22914219
0.159070544,11.23080921
0.15910276,11.23118114
0.159151547,11.23161507
0.159213044,11.23284531
0.159258776,11.23454475
0.159313984,11.23410988
0.159363724,11.2361517
0.159412496,11.2358923
0.159457319,11.23471165
0.15951574599999999,11.23752022
0.159572341,11.239748
0.159609862,11.23701096
0.159676798,11.23831749
0.159717046,11.23911572
0.159764238,11.23840809
0.159809195,11.23966599
0.159879811,11.24106979
0.159917973,11.24060726
0.159965597,11.23845577
0.160011329,11.24046707
0.160058715,11.2412262
0.160110049,11.24026489
0.160157539,11.24368477
0.160207607,11.24374104
0.160270803,11.24689293
0.160320096,11.24544621
0.160361461,11.24542904
0.160428695,11.24753475
0.160475813,11.24808502
0.160518102,11.24798012
0.160553403,11.24931717
0.160616942,11.24977589
0.160661452,11.25061321
0.160712816,11.24840355
0.160750412,11.25022984
0.160803132,11.25155163
0.16086594,11.25417328
0.160900764,11.25258636
0.160972141,11.25575829
0.161010198,11.25732422
0.161075972,11.25641727
0.161121361,11.25444221
0.161165737,11.25618649
0.161219008,11.25378799
0.161264278,11.25643444
0.161304735,11.25523281
0.161369629,11.25879288
0.161414765,11.25706959
0.161447547,11.26162624
0.161506035,11.26198769
0.161567278,11.26617908
0.161607511,11.26412106
0.161675193,11.26452541
0.161717393,11.26545715
0.161765628,11.2651062
0.161815144,11.26691341
0.161881037,11.26456928
0.161914341,11.26554394
0.161955662,11.26339722
0.162011303,11.26816177
0.162077285,11.26609612
0.162117459,11.26932049
0.162160553,11.26936722
0.162213735,11.26938629
0.162252702,11.26971531
0.162301011,11.27077198
0.162357949,11.27074623
0.162423231,11.27275562
0.162458249,11.27250099
0.16251917899999999,11.27133942
0.162572481,11.27371311
0.162628062,11.27328205
0.162663527,11.27266026
0.162698262,11.27368069
0.162763931,11.27378082
0.162807934,11.27666569
0.162857346,11.27611732
0.162918694,11.28045082
0.162963517,11.28151703
0.163011305,11.27880383
0.163054802,11.2802
0.163117997,11.28281593
0.163166739,11.28362751
0.163220428,11.2834959
0.163263567,11.28596306
0.163310476,11.28437328
0.163362153,11.28537369
0.163419433,11.28701973
0.163466759,11.28615284
0.163522311,11.28602409
0.163551144,11.28408813
0.163602419,11.28621387
0.163660996,11.29037952
0.163723551,11.28855419
0.163767047,11.28905106
0.163817652,11.29035854
0.163870864,11.28870678
0.163913421,11.28673077
0.163961895,11.28957653
0.164017819,11.28771305
0.164068215,11.29013157
0.16410505,11.2902298
0.164147399,11.29192543
0.164205246,11.2924242
0.164259352,11.29701328
0.164310552,11.29788971
0.164381884,11.29835129
0.1644224,11.3005476
0.164470904,11.29951572
0.164512463,11.29725456
0.164566644,11.29782104
0.164627083,11.2981739
0.164665587,11.29768658
0.164715685,11.2967186
0.164761461,11.29957485
0.16481752,11.29849529
0.164865457,11.30402946
0.164911799,11.30046082
0.164972477,11.30090332
0.16502071199999999,11.30248451
0.165058859,11.30148983
0.165115468,11.30276203
0.165173881,11.30357265
0.165212833,11.30392647
0.165271781,11.3056488
0.165321447,11.30562019
0.165358685,11.30422688
0.165399172,11.30573559
0.165466838,11.30843353
0.165512942,11.30879021
0.16557207,11.30980301
0.16561589399999999,11.30876446
0.165651254,11.31102371
0.1657115,11.31010818
0.165762372,11.31337357
0.165812291,11.31323814
0.16584947,11.31475353
0.165924318,11.31605053
0.165963389,11.31657982
0.166016914,11.31648064
0.166059412,11.32066727
0.166123875,11.31871986
0.166168474,11.31969643
0.166233756,11.3190794
0.166263349,11.31987
0.166324578,11.32128334
0.166374393,11.31737804
0.166413702,11.31731701
0.16646967099999999,11.31844234
0.166515939,11.31942081
0.166563831,11.32198143
0.166605301,11.31870651
0.166673415,11.31818676
0.166712932,11.32003498
0.166760363,11.32152939
0.166808985,11.31989193
0.166849889,11.32194233
0.16689118,11.32214642
0.166962944,11.32560253
0.167003714,11.32830429
0.167071112,11.32923031
0.167119004,11.32974815
0.16717305,11.32617283
0.16721534,11.32877827
0.16727382699999999,11.32883835
0.167303331,11.32940006
0.167376913,11.32981014
0.167424984,11.32991791
0.167457201,11.33009148
0.167504437,11.32970619
0.16757191,11.33277225
0.167612858,11.33268261
0.16766236,11.33304596
0.167698376,11.33557415
0.167771094,11.33519077
0.167797648,11.33712769
0.167850427,11.33949089
0.167910583,11.33957195
0.167963453,11.34229374
0.16802551599999999,11.34286022
0.168079458,11.34231663
0.168118186,11.33956146
0.16815982,11.33921337
0.168205164,11.3384428
0.168257915,11.3464632
0.16830913,11.34383392
0.168367721,11.34500408
0.168415927,11.34096241
0.168452479,11.34335899
0.168516226,11.3475256
0.1685692,11.3465519
0.168616541,11.34583473
0.168665134,11.34841061
0.168720059,11.34617519
0.168766253,11.3486042
0.168819927,11.34422779
0.168863393,11.34949303
0.168912687,11.34785366
0.168965705,11.35086632
0.169005565,11.34934044
0.169054233,11.35601139
0.169114448,11.35621738
0.169166707,11.35385895
0.169213407,11.3533392
0.169261463,11.35664082
0.169313707,11.35465717
0.169350974,11.35870266
0.169429593,11.35935879
0.169463821,11.36006165
0.169515349,11.3595829
0.169572733,11.35835457
0.169616811,11.35637283
0.169668146,11.35915947
0.169718944,11.35876465
0.169764958,11.3581295
0.169811286,11.35950947
0.169857182,11.36289883
0.169905253,11.36094189
0.169967182,11.3626461
0.170006491,11.36172009
0.170061492,11.36365414
0.170118921,11.36224174
0.17016644,11.3665247
0.170214675,11.36544418
0.17027504,11.36389446
0.170310296,11.36475372
0.17036505799999999,11.3668375
0.170402803,11.36414719
0.170461677,11.3648901
0.170529313,11.36705971
0.170560949,11.36720943
0.170614936,11.36791515
0.170640446,11.36706638
0.170724847,11.373456
0.170759507,11.373456
0.170821242,11.37323856
0.170869433,11.37215424
0.170901574,11.37343311
0.170964815,11.3754549
0.171023764,11.3752718
0.171079837,11.37398624
0.171104781,11.37197018
0.171166711,11.37406063
0.171214454,11.37425041
0.17125622199999999,11.37573433
0.171311565,11.37810993
0.171362229,11.37849617
0.171409182,11.37788868
0.171454705,11.37922382
0.17150753,11.38159275
0.171555348,11.3813448
0.171608217,11.38010406
0.171665631,11.38392353
0.171698801,11.38369465
0.171759613,11.38756847
0.171816446,11.38551426
0.171867199,11.38554573
0.17192135,11.38512611
0.171970554,11.38851452
0.172009237,11.38524818
0.172059797,11.38652992
0.172115617,11.38992691
0.172170766,11.38833141
0.172209762,11.38783932
0.17226053,11.38827896
0.172314428,11.39329529
0.172376521,11.3928051
0.17241139,11.38996601
0.17245879,11.39315605
0.172499456,11.39452934
0.17255687,11.39229107
0.172616162,11.39527893
0.17265942,11.39522076
0.172712438,11.39555073
0.172771357,11.39544678
0.172819905,11.3936367
0.172873326,11.3947916
0.172910802,11.39428616
0.172956221,11.39639664
0.173014648,11.39444447
0.173068471,11.39893723
0.173115067,11.39895248
0.173160039,11.39721203
0.173214354,11.39541912
0.173261233,11.39828587
0.173300393,11.39748192
0.173339315,11.40076351
0.173412629,11.40314674
0.173470445,11.40665913
0.173520692,11.40665817
0.173572622,11.40421581
0.173622765,11.40355778
0.17367094,11.40568447
0.173713289,11.4037466
0.173770301,11.40524387
0.173799493,11.40430164
0.173861303,11.40729618
0.173917286,11.40566063
0.173965357,11.4081583
0.174009048,11.4077301
0.174068131,11.40979195
0.174107857,11.40688705
0.174162932,11.40876484
0.174207054,11.41228104
0.174271323,11.41291046
0.174315415,11.41001797
0.174358718,11.41387272
0.174414449,11.41457367
0.174475245,11.41379547
0.17450542,11.41399097
0.174561836,11.41243839
0.17461475,11.41465759
0.174653299,11.4146452
0.174720831,11.41575146
0.174751945,11.41704178
0.174810417,11.41837311
0.174857222,11.42067242
0.174909942,11.41880512
0.17496974,11.4198761
0.17500297,11.42175484
0.175058909,11.42032051
0.17511970599999999,11.42159557
0.175156765,11.42269421
0.175217323,11.42174625
0.175264008,11.42612457
0.17531576,11.42395115
0.17536927,11.42399025
0.175411604,11.42444134
0.175467499,11.42270851
0.175506748,11.42477989
0.175543271,11.42827129
0.175618999,11.43250275
0.175666668,11.43204689
0.175699212,11.43178272
0.17576427,11.43132782
0.175830312,11.43288517
0.175878041,11.43183136
0.175913282,11.4306879
0.17597153,11.42947483
0.176014803,11.42870998
0.17606508,11.43113232
0.176097356,11.42842102
0.176162817,11.43247223
0.176218026,11.43261337
0.176269658,11.43427944
0.176302843,11.43251801
0.17638220599999999,11.43257618
0.176414602,11.43365192
0.176458173,11.43301868
0.176511683,11.43622494
0.176559754,11.43347168
0.176609881,11.43614578
0.176667385,11.43721104
0.176717349,11.43575668
0.176768072,11.43783569
0.176798366,11.44060898
0.176860876,11.43940258
0.176906757,11.44133377
0.176971965,11.44384766
0.177020528,11.4431057
0.177068241,11.44306755
0.177111067,11.44292259
0.177157737,11.44378853
0.177210115,11.4437809
0.177260585,11.44410801
0.177309476,11.44432354
0.177364551,11.44635582
0.177408852,11.44735718
0.177463718,11.44990444
0.177509271,11.45034313
0.177570574,11.4507618
0.177607708,11.45059967
0.177673183,11.44946194
0.177713491,11.45018101
0.177762874,11.45424175
0.177817218,11.45049095
0.177865557,11.45240974
0.177910559,11.45158672
0.177976944,11.45091057
0.178020232,11.45005608
0.178058438,11.45227718
0.178118058,11.45099354
0.178162031,11.451231
0.178200223,11.45184898
0.178247623,11.45301056
0.178303309,11.4575901
0.178369276,11.45602512
0.178407289,11.4605093
0.178470664,11.45902252
0.178517155,11.45743847
0.178574883,11.4615097
0.178603239,11.45987606
0.178666197,11.46153641
0.178714372,11.46217442
0.17877499,11.46119308
0.178825997,11.46120071
0.178855099,11.46059132
0.178901829,11.46101665
0.17895148,11.46365833
0.179004185,11.46562958
0.179067083,11.46394825
0.179119505,11.46705818
0.179185532,11.46551228
0.179209493,11.4655714
0.17927152699999999,11.46338081
0.179317676,11.46262741
0.179350622,11.46412468
0.179404192,11.46634579
0.179459669,11.4636879
0.179507531,11.46642303
0.179563172,11.46537304
0.179620303,11.46913052
0.179661892,11.46757126
0.17971725,11.46871853
0.179766514,11.46644306
0.17981755,11.47039032
0.17987033,11.46804619
0.179907911,11.4706974
0.179967843,11.47203255
0.180009417,11.47142792
0.180057399,11.46951675
0.180111028,11.47399712
0.180152096,11.47013092
0.180212416,11.47438717
0.180259086,11.47619724
0.180321626,11.47783566
0.18037235,11.47762394
0.180425994,11.47345352
0.180466883,11.47690201
0.180507355,11.47900963
0.180561386,11.47523022
0.180600263,11.47549343
0.180664249,11.47853184
0.180711366,11.48186493
0.180758424,11.48036957
0.180813976,11.482687
0.180863418,11.48139191
0.180904083,11.48345852
0.180975281,11.48555851
0.181009658,11.48356247
0.181064241,11.48338795
0.181107842,11.48385811
0.181172438,11.48209858
0.18122948,11.48440075
0.181272484,11.48311996
0.181310468,11.48559284
0.181354635,11.48311806
0.181397803,11.4868679
0.181461401,11.48634529
0.1815129,11.49311924
0.181559049,11.48643017
0.181615599,11.49370766
0.18167223799999999,11.49147987
0.181722485,11.4942503
0.181764744,11.4914608
0.18180985,11.49451733
0.181855433,11.49503803
0.181913354,11.4942503
0.181965776,11.49532413
0.182019346,11.49797153
0.182066731,11.49706173
0.182110585,11.49335861
0.182155393,11.49750519
0.182218783,11.49679375
0.182282843,11.49864769
0.182323553,11.49839306
0.182364829,11.49515057
0.182416298,11.49494553
0.182467975,11.49607563
0.18251475,11.49543667
0.182559453,11.49611855
0.182608418,11.49807262
0.182657324,11.49789906
0.182701625,11.49955368
0.182755061,11.50163364
0.182815708,11.50251102
0.18286977,11.50337219
0.182913132,11.50383186
0.182951667,11.50461388
0.183010168,11.50579071
0.183067061,11.50469875
0.183113687,11.50818729
0.183176451,11.50583363
0.183224715,11.50856876
0.183266811,11.50532055
0.183320664,11.50841045
0.18337636499999999,11.50638199
0.183420114,11.50818539
0.183471762,11.50675869
0.183519654,11.50651169
0.183562361,11.50708294
0.183616616,11.50873756
0.183664508,11.50923061
0.183710255,11.5100441
0.183764435,11.50973606
0.183819912,11.51280403
0.183868356,11.51010418
0.183896221,11.51068211
0.183952473,11.51371193
0.184018366,11.51498413
0.184058763,11.51515865
0.18411787599999999,11.5158205
0.184161224,11.5178051
0.184225209,11.51602364
0.184266143,11.5169096
0.184314601,11.51430225
0.184351333,11.51839733
0.184403546,11.51966286
0.184463464,11.52298164
0.184526064,11.52008343
0.184556224,11.52289009
0.184621133,11.52256107
0.184673093,11.51917076
0.184711702,11.52069855
0.184763946,11.52201843
0.184815981,11.52518654
0.184869252,11.52222443
0.184920527,11.52186584
0.184968881,11.52305222
0.185017116,11.52398491
0.185071848,11.52330971
0.185105778,11.526021
0.185158305,11.52527142
0.185207091,11.52484798
0.185263388,11.52719688
0.185315035,11.52829075
0.185366355,11.52999783
0.185423367,11.52883053
0.185466834,11.5297699
0.185503446,11.52929497
0.18555554,11.52926731
0.1856196,11.5298748
0.185661487,11.52994633
0.185715996,11.53278542
0.185749672,11.53191566
0.185805418,11.53424072
0.185864098,11.53541088
0.185917191,11.53571033
0.185968422,11.53497601
0.186026685,11.53688335
0.186061092,11.53767967
0.18612472,11.53660488
0.186172314,11.53580475
0.186216347,11.53492737
0.186265715,11.53825665
0.186318748,11.5379715
0.186369874,11.53735447
0.186417572,11.53697109
0.186460443,11.53650665
0.18650917,11.53966427
0.186567195,11.53767586
0.186628573,11.54145813
0.186675154,11.53966808
0.186706402,11.53897953
0.186749674,11.53851891
0.186805971,11.54422665
0.186866231,11.54130268
0.186907388,11.54238892
0.186956369,11.54369068
0.187003888,11.54754066
0.187066786,11.5436945
0.187108778,11.54686546
0.187163018,11.54704762
0.187220879,11.54842854
0.187253736,11.5458374
0.18731872,11.54697227
0.187367983,11.54811764
0.187412389,11.54898453
0.187473126,11.54663277
0.18751698,11.54686737
0.187558375,11.54833984
0.1876112,11.55019474
0.187658064,11.55147457
0.187708922,11.55417728
0.18776343,11.55510807
0.187822424,11.55397606
0.18786379,11.55303001
0.18791718,11.55620384
0.187970273,11.55530262
0.18801675,11.5540781
0.188068621,11.55222416
0.18810869,11.55490971
0.188160457,11.55560684
0.188211523,11.55797768
0.18827223,11.55674267
0.188326277,11.55850697
0.188352488,11.55571842
0.188416846,11.55778217
0.188469567,11.55782223
0.188509606,11.56086063
0.188553088,11.55858135
0.188607104,11.56148434
0.188648112,11.56189251
0.188719995,11.56424618
0.188769661,11.56273556
0.188809849,11.56383896
0.188873328,11.56323624
0.188927241,11.56393337
0.188961677,11.56313896
0.189005859,11.56167793
0.189047687,11.56570625
0.189106487,11.56693935
0.189177759,11.57305431
0.189239152,11.57242107
0.189281844,11.57129288
0.18932274699999999,11.57020378
0.189365082,11.56684113
0.189417504,11.57020664
0.189463802,11.57063675
0.189508967,11.56923103
0.189558916,11.57158852
0.189606883,11.57135391
0.189657457,11.57294369
0.189729221,11.57427979
0.189759396,11.57402706
0.189797603,11.5765934
0.189855702,11.57798386
0.189896144,11.57795238
0.189949609,11.57890224
0.190010406,11.58498096
0.19006931,11.58508396
0.190127067,11.58409786
0.190156825,11.58267403
0.190225445,11.58369541
0.190230049,11.58156967
0.190310501,11.58653259
0.190351494,11.58468056
0.190422528,11.58431053
0.190473639,11.58547497
0.190506734,11.58521557
0.190557458,11.58574581
0.190608002,11.58768463
0.190663226,11.58781052
0.19071839,11.5847044
0.19075308,11.58968639
0.190803461,11.58945847
0.190854706,11.59197521
0.190902762,11.59160614
0.190972559,11.59038353
0.191018395,11.59291172
0.19106973,11.59238338
0.191121929,11.59484291
0.191167839,11.59275436
0.191213809,11.59134579
0.191261508,11.59074688
0.191306166,11.59295845
0.191361897,11.59722137
0.191387765,11.59392262
0.191453062,11.59657669
0.191506691,11.59881878
0.191565119,11.60031605
0.191613875,11.59954071
0.191665895,11.59674549
0.191709839,11.59948635
0.191772185,11.60032368
0.191803567,11.5996294
0.191864483,11.59901237
0.191911794,11.59811783
0.191958152,11.60306835
0.192015968,11.60307884
0.192066662,11.60143089
0.192115523,11.59859753
0.192162909,11.60377502
0.19220521299999999,11.60081196
0.192253031,11.60293388
0.192290135,11.60330868
0.192357101,11.60951042
0.192437224,11.6078577
0.19246278,11.6054945
0.192506828,11.60780811
0.192570172,11.60966015
0.19261805,11.60784817
0.192661949,11.60585117
0.192693763,11.60891533
0.19276780599999999,11.61171341
0.192813464,11.60896301
0.192860089,11.60982037
0.19291550699999999,11.60940456
0.192960255,11.61137867
0.193018429,11.61179638
0.1930665,11.61252022
0.193114393,11.61182594
0.19316148,11.61206627
0.193214156,11.60921192
0.193267219,11.61219692
0.193314381,11.61258888
0.193364479,11.61222458
0.193414934,11.61393356
0.193454392,11.61461639
0.193502866,11.61157703
0.193559848,11.61451435
0.193608873,11.61638355
0.193650387,11.61501312
0.193694212,11.61944008
0.19376009,11.62286472
0.193813242,11.62265015
0.193868123,11.62103844
0.193905465,11.62200832
0.193964519,11.62420177
0.194007136,11.62316513
0.194045059,11.62527084
0.194108568,11.62624645
0.194163971,11.62766838
0.194229134,11.62948799
0.194243185,11.62470722
0.194321998,11.62423992
0.194371022,11.62709045
0.194420017,11.6261816
0.194469996,11.62586784
0.194525607,11.62381554
0.194566526,11.62288857
0.1946171,11.62351418
0.19466915,11.62403393
0.194704168,11.62336445
0.194760256,11.6244545
0.194812276,11.62700367
0.194859989,11.62722588
0.194900356,11.62599087
0.194944032,11.63145065
0.195017658,11.63247871
0.195052482,11.63139153
0.1950996,11.63138962
0.195179083,11.635952
0.195209526,11.63275146
0.195265718,11.63337135
0.195312284,11.63487911
0.195376821,11.63536739
0.195415326,11.6322403
0.195461504,11.63310051
0.195508041,11.63656712
0.195569448,11.63139534
0.19560328899999999,11.63558197
0.195653103,11.63772297
0.195717819,11.63744926
0.195760705,11.6382494
0.195801892,11.63987446
0.195872136,11.63949013
0.195909776,11.64040089
0.195958026,11.63905716
0.196001373,11.6417923
0.196064659,11.64405155
0.196111836,11.64362812
0.196167551,11.64317417
0.196206845,11.64262962
0.19627177,11.64394379
0.196328305,11.64285183
0.196363844,11.64068985
0.196412183,11.64250755
0.196448334,11.63997173
0.196509592,11.64395523
0.196553476,11.64691353
0.196609639,11.64701843
0.19666075,11.64627266
0.196719982,11.64770603
0.196772777,11.64796162
0.19680395,11.6480341
0.196860828,11.64906311
0.1969148,11.64846325
0.19696302,11.65096188
0.197012209,11.65148354
0.197060384,11.65014076
0.197106771,11.65433121
0.19716429,11.65462685
0.197206371,11.65379715
0.197258346,11.65523911
0.197303496,11.65415382
0.197360881,11.65509987
0.197410472,11.65575981
0.197471209,11.65634441
0.19750727,11.6562233
0.197575502,11.6571188
0.197612248,11.65634918
0.197657518,11.65596676
0.197700523,11.65847874
0.197755061,11.65957355
0.197813444,11.65907001
0.197857164,11.65919113
0.197923236,11.65957355
0.197970159,11.65886593
0.198006474,11.65829086
0.198044174,11.65922165
0.19811029,11.6609726
0.198170729,11.66154957
0.198207356,11.66040993
0.198262803,11.66264725
0.19830022,11.6640234
0.198365905,11.66282463
0.198421352,11.66497135
0.198445849,11.66157341
0.198517226,11.66564655
0.198558711,11.66690254
0.198601328,11.66726971
0.198656477,11.66735363
0.198717289,11.6689558
0.198770605,11.67213535
0.198810674,11.66799355
0.198868148,11.66939735
0.19891534,11.66893291
0.198964201,11.67288971
0.199013181,11.67192364
0.199074544,11.67019367
0.199101977,11.67032337
0.199167125,11.67365837
0.199201934,11.67117691
0.199257992,11.67087555
0.199316375,11.67103767
0.19935713,11.67287254
0.199409016,11.67291927
0.19945956,11.67327309
0.199498855,11.674016
0.199568428,11.6793766
0.199612282,11.67490387
0.199654751,11.67768478
0.199704535,11.67598057
0.199761339,11.67961407
0.19981166,11.68111897
0.199862532,11.68110752
0.199920856,11.68037701
0.199965455,11.6816721
0.200017296,11.68248844
0.200073518,11.68128872
0.20012077,11.67885113
0.200173579,11.68078232
0.200205572,11.68299484
0.200255104,11.68123341
0.200301223,11.68275166
0.200353555,11.68654251
0.20041471,11.6869688
0.200466164,11.6883297
0.200528078,11.68488026
0.200554378,11.68751907
0.200609498,11.68645096
0.200653263,11.68635178
0.20070941,11.68721199
0.200763412,11.68815136
0.200813137,11.68805599
0.200868182,11.68774986
0.200914852,11.68778801
0.200967096,11.68920612
0.201006927,11.68653488
0.201054461,11.68923092
0.201107465,11.69004726
0.201163493,11.69357586
0.2012031,11.68985939
0.201265194,11.6914444
0.201325961,11.69015884
0.201356955,11.69131947
0.201413013,11.69381714
0.201458596,11.69382095
0.201503225,11.6937952
0.201565199,11.69603443
0.201614015,11.6958456
0.201677866,11.69758606
0.201709293,11.69724178
0.201779373,11.6963768
0.201817863,11.69681644
0.20185936299999999,11.6953907
0.201928698,11.69627953
0.201957055,11.69373703
0.202005752,11.69762993
0.202061392,11.69974327
0.202121563,11.69858074
0.20215825,11.69947433
0.202215888,11.70117188
0.202270232,11.69997311
0.202319555,11.69696426
0.20235654,11.70097828
0.20240169,11.70181847
0.202464156,11.70554256
0.202513658,11.70207119
0.202555232,11.70412064
0.202608489,11.70661736
0.202666246,11.70482445
0.202724733,11.70489025
0.202752791,11.7057476
0.202816032,11.7066679
0.202856206,11.7053566
0.20291137,11.70592594
0.202964865,11.70606327
0.203014739,11.71153355
0.203063868,11.71019936
0.203116618,11.70713902
0.203158312,11.70917797
0.203205578,11.71245861
0.203265287,11.7135849
0.203332014,11.71224403
0.20336061,11.71644974
0.20339834,11.7127552
0.203469388,11.71096325
0.203513123,11.71350384
0.203556307,11.71515179
0.20360703,11.71703625
0.203663088,11.71703053
0.203728445,11.71729946
0.203770988,11.71305466
0.203806512,11.71335697
0.203864627,11.71625328
0.203905277,11.71726704
0.203965433,11.71756458
0.204020925,11.71746159
0.204065539,11.7181139
0.204133771,11.71618938
0.204161324,11.71689129
0.204205312,11.71518803
0.204240523,11.71510983
0.204306521,11.72067928
0.20434203,11.72218513
0.204405062,11.72552109
0.204449333,11.72687721
0.204517864,11.72592735
0.204568066,11.72616005
0.204634063,11.72742367
0.204671301,11.72779751
0.204719983,11.72282219
0.204777666,11.72422409
0.204817377,11.72555447
0.204855077,11.72740173
0.20491954,11.7252779
0.204955839,11.72739029
0.205015041,11.72853661
0.20507402,11.72763252
0.205103926,11.72748566
0.205168702,11.72835922
0.205213465,11.72850704
0.205258183,11.7306776
0.205328994,11.72712231
0.205351494,11.7276268
0.20541101,11.72809315
0.20545914,11.73160458
0.205520593,11.7302227
0.205555357,11.72890282
0.205614217,11.7295723
0.205656283,11.73167706
0.205719598,11.73352051
0.20576287099999999,11.73212337
0.205807366,11.73458481
0.205865063,11.73429108
0.205903597,11.73500824
0.205965869,11.73602676
0.206017397,11.73675251
0.206057094,11.73636723
0.206122704,11.73810291
0.206163548,11.73578358
0.206211977,11.73600292
0.206257679,11.73977947
0.206303559,11.73906136
0.20635932,11.74174023
0.206413902,11.74072075
0.206463851,11.74499607
0.206521072,11.74399757
0.206558623,11.74424934
0.206626333,11.74637508
0.206681453,11.74534512
0.206723996,11.74274826
0.206770204,11.74238396
0.206818037,11.74130726
0.206869744,11.7404871
0.206902273,11.73901558
0.206961997,11.74438477
0.207019933,11.74328518
0.20705203,11.74213791
0.207098775,11.74433613
0.207149349,11.74442673
0.207206421,11.7482996
0.20724266,11.74886608
0.207301192,11.74963093
0.207362659,11.75092697
0.207413055,11.75103855
0.207448252,11.75261116
0.207511656,11.75533009
0.207565509,11.75234413
0.207624681,11.75562763
0.207662769,11.75143623
0.207730658,11.75303173
0.207767867,11.75396729
0.207820334,11.75169945
0.207866274,11.75157642
0.207921349,11.75232792
0.207951523,11.75159264
0.20800981699999999,11.75403214
0.208059274,11.7532444
0.208121322,11.75426483
0.208155118,11.75529575
0.208201103,11.75622272
0.208244898,11.75914288
0.208310209,11.75962257
0.208367713,11.75910568
0.208428837,11.75866127
0.208472572,11.75948048
0.2085196,11.75993633
0.208565883,11.75514507
0.208614625,11.75860214
0.208666064,11.75952148
0.208708264,11.75892353
0.208742701,11.75710487
0.208812438,11.75921631
0.208858363,11.76009941
0.208902978,11.7591877
0.208945043,11.75912476
0.209003799,11.76282406
0.209053092,11.76375198
0.209108912,11.764925
0.209164448,11.76610661
0.209208794,11.76680756
0.209264018,11.76541996
0.20931866,11.76365662
0.209366568,11.76460266
0.20941969,11.76727772
0.209462948,11.76457405
0.209502153,11.76873398
0.209543519,11.76768589
0.209599532,11.77043533
0.209657259,11.77060032
0.209716834,11.77200127
0.209777765,11.77274323
0.209804677,11.77174282
0.209867232,11.77162361
0.209903486,11.77229118
0.209957294,11.77259159
0.210021608,11.77328682
0.210067101,11.77623081
0.210112028,11.77700996
0.210151993,11.7718792
0.210203536,11.77252293
0.210267343,11.77575016
0.21031446,11.7748394
0.210366197,11.77266693
0.210423388,11.77374649
0.210458182,11.77291584
0.210505225,11.77293491
0.210554935,11.77649879
0.210595332,11.77643204
0.210646235,11.77691078
0.2107118,11.78320694
0.210761272,11.78392124
0.210806973,11.78196716
0.21087154,11.78239727
0.210918866,11.7829113
0.210961215,11.78391075
0.211014174,11.78462315
0.211063527,11.78230667
0.21110598,11.78503799
0.211172454,11.78492737
0.211220361,11.78256226
0.21126508,11.78260231
0.211310946,11.78806782
0.211370088,11.78232765
0.211409308,11.78504944
0.211457037,11.78599262
0.211508565,11.78654099
0.211565055,11.78581715
0.211593174,11.78221416
0.211629279,11.78145123
0.211696796,11.78730202
0.211743422,11.79049873
0.211803608,11.79221725
0.211866535,11.79270363
0.211909153,11.79231834
0.211970709,11.79133224
0.212010525,11.78945637
0.212069728,11.79008675
0.212122657,11.78992367
0.212163322,11.78978157
0.21220661,11.78858185
0.212255426,11.79256439
0.212312289,11.79345226
0.21235954,11.79364014
0.212416135,11.7924757
0.212485753,11.79237938
0.212526582,11.79106998
0.212568157,11.78884125
0.212610938,11.78916836
0.212663211,11.79222775
0.212706678,11.79134655
0.212753601,11.79041004
0.212790169,11.79189014
0.21286387,11.79420853
0.21288506,11.79913044
0.212954365,11.79823017
0.21299883,11.79947376
0.213066958,11.79998398
0.213102736,11.79868031
0.213165186,11.79878998
0.213216864,11.80192947
0.213266112,11.80086136
0.213320918,11.79817486
0.213364862,11.79824543
0.213424139,11.79938793
0.213456519,11.7965765
0.21350009,11.79872799
0.213557206,11.79605484
0.213611476,11.8001194
0.213663854,11.80278873
0.213719569,11.80013275
0.213766359,11.7986145
0.213798486,11.80208874
0.213845424,11.80265999
0.213902466,11.80384445
0.213958316,11.80409336
0.214020662,11.80636311
0.214054741,11.8057518
0.214106761,11.80755901
0.214162745,11.80733681
0.214209132,11.80903053
0.214268871,11.80808449
0.214310877,11.80797005
0.2143685,11.8077383
0.214419089,11.8081913
0.214455344,11.80820084
0.214507543,11.80782032
0.214569412,11.80855274
0.214603223,11.80983067
0.214648016,11.81128693
0.214695685,11.81213856
0.214753144,11.8138628
0.214815192,11.81420326
0.214863457,11.81570148
0.2149029,11.8152647
0.214950808,11.81326103
0.215010457,11.81653881
0.215076216,11.81720352
0.21511104,11.81400776
0.215156354,11.81774616
0.21521125,11.81503296
0.215259291,11.81749439
0.21530246,11.81631756
0.215348117,11.81831741
0.215412505,11.8206501
0.215471573,11.81914997
0.2155113,11.82081032
0.215566449,11.82014084
0.215626218,11.8210907
0.215672754,11.81985664
0.215722524,11.81674576
0.215766825,11.81994057
0.215804748,11.81696129
0.215852626,11.81486988
0.215895824,11.81778717
0.21596273,11.81867123
0.216019474,11.82258797
0.216063745,11.81948185
0.216121294,11.82289124
0.216149025,11.8201828
0.216197603,11.81949043
0.216251649,11.82201195
0.216312431,11.82325459
0.216358908,11.82410622
0.216404252,11.82588673
0.216472305,11.82711983
0.216516592,11.82827663
0.216567896,11.82495785
0.216619544,11.82719326
0.216652088,11.82546425
0.216692694,11.82704163
0.21676594799999999,11.82986832
0.216797285,11.83185005
0.216868512,11.83276176
0.216925748,11.83227634
0.216956876,11.82917404
0.217018314,11.82972717
0.217077039,11.83308506
0.21711918,11.83094788
0.217168354,11.8281889
0.217215978,11.82755852
0.217269786,11.83119392
0.217306696,11.83170033
0.217354171,11.82898235
0.217392989,11.83242416
0.21744863,11.83348465
0.217523091,11.83392906
0.217564888,11.83671665
0.217611008,11.83427238
0.21765659,11.83436108
0.217711128,11.83505154
0.217757516,11.83607388
0.217810132,11.83645248
0.217872925,11.83904171
0.217915513,11.8371439
0.217957087,11.83784294
0.21801699,11.83927345
0.218046926,11.83665752
0.218110122,11.84170246
0.218175329,11.84175301
0.218223266,11.83998489
0.218267076,11.83815098
0.21833662,11.84074593
0.218359403,11.83967495
0.218417116,11.83856487
0.218459733,11.84164238
0.218509875,11.84122276
0.218568049,11.84286118
0.218598999,11.84431934
0.218650885,11.84283829
0.218703933,11.84558964
0.218771674,11.84505939
0.21882961,11.84701157
0.218864106,11.84558678
0.218925648,11.84542942
0.218964972,11.84390831
0.219007589,11.84231186
0.21905794,11.8452673
0.219097369,11.84850979
0.219155915,11.84728622
0.219205447,11.8509388
0.219247691,11.85092545
0.21932026,11.8519516
0.219376706,11.85357285
0.219415881,11.85389519
0.219462298,11.85188293
0.219511159,11.8528614
0.21956145,11.85456657
0.219612517,11.85306168
0.219655387,11.85333538
0.219718628,11.85374737
0.219757713,11.85579395
0.219813086,11.85511017
0.219860159,11.85673523
0.219904326,11.85600853
0.219955512,11.85665798
0.220009856,11.86048508
0.22008366099999999,11.86246395
0.220120527,11.85810375
0.220162295,11.8571806
0.220216386,11.85993862
0.220257871,11.85771084
0.220316641,11.86006737
0.220366486,11.85741425
0.220423333,11.85860157
0.2204713,11.85700607
0.220509328,11.85636902
0.220552527,11.85943985
0.220611967,11.85866737
0.220666327,11.85911846
0.220719181,11.85938931
0.220767625,11.86167049
0.220816337,11.86135197
0.220859818,11.86079216
0.220897175,11.86125946
0.220955245,11.86277771
0.221004732,11.86466789
0.221056722,11.86571503
0.221119531,11.86535835
0.221157305,11.86562538
0.221209504,11.86515331
0.221266605,11.86571598
0.221311338,11.86826038
0.221350469,11.86795902
0.221408554,11.87036324
0.221468933,11.873703
0.221530758,11.87236404
0.221585043,11.87030315
0.221622266,11.8689785
0.221663348,11.86683083
0.221703522,11.86713028
0.221757077,11.8696003
0.221810348,11.87098789
0.221849732,11.87059212
0.221916162,11.87472439
0.221966155,11.87444592
0.222008027,11.87460899
0.22206742299999999,11.87561226
0.222116254,11.87576008
0.222154819,11.87252426
0.222210862,11.87453461
0.222263463,11.87697983
0.222310566,11.87460709
0.22236134899999999,11.87488079
0.222421803,11.87564182
0.222447835,11.87562084
0.222512551,11.87739563
0.222569011,11.87777996
0.222601317,11.87547684
0.222671904,11.87767315
0.222709708,11.87818336
0.222758152,11.87928867
0.222812243,11.87968159
0.222855069,11.87862492
0.22290089,11.87924671
0.222969182,11.88254452
0.223015927,11.88473988
0.223060541,11.88438606
0.223123275,11.88284111
0.223163851,11.88216972
0.223216109,11.8823061
0.223266773,11.88291836
0.223296665,11.88206005
0.223352604,11.88172722
0.223402225,11.88648319
0.223452874,11.8879509
0.223515891,11.88827324
0.22357227699999999,11.88901138
0.223608904,11.88857555
0.223667033,11.88757038
0.223711632,11.88775158
0.223759301,11.88998413
0.223807551,11.89055061
0.223848678,11.89027977
0.223914735,11.89211369
0.223962404,11.89042282
0.224009551,11.89022064
0.224067725,11.89111233
0.224107407,11.89181423
0.224162512,11.89053535
0.22421778,11.89553928
0.22427091799999999,11.89560413
0.2242985,11.89494991
0.224357583,11.89325047
0.224412643,11.89635372
0.224463873,11.89447308
0.224517591,11.89634037
0.224561773,11.89574623
0.224628456,11.89763069
0.224679731,11.8960371
0.224718921,11.89738274
0.224758498,11.89504051
0.224827416,11.89569759
0.224852361,11.89508915
0.224899285,11.89658451
0.224959336,11.89690685
0.225011818,11.89825726
0.225059949,11.89875317
0.225103684,11.90153503
0.225177504,11.90034294
0.225207381,11.89880753
0.225254484,11.90228844
0.225310229,11.90288448
0.225362994,11.90420532
0.225413047,11.90208149
0.225460045,11.90269184
0.22551590999999999,11.90536594
0.225560524,11.90511608
0.225595929,11.90497208
0.225676395,11.90497494
0.225722931,11.90864849
0.225765459,11.90540123
0.225807779,11.90520191
0.225862675,11.90493298
0.22592295,11.90712547
0.225963332,11.90358734
0.226015635,11.90804482
0.2260677,11.90708351
0.226116575,11.9054327
0.226163007,11.90485477
0.226206608,11.90411377
0.226251997,11.90717125
0.226310529,11.91063023
0.226362087,11.90894032
0.226407729,11.91084862
0.226465426,11.91261196
0.226513125,11.91272545
0.226565756,11.91040325
0.226613917,11.90914345
0.22666473,11.91013813
0.226716183,11.91276264
0.226759918,11.91386414
0.226808272,11.91266632
0.226853468,11.91467667
0.226917423,11.91681099
0.226972036,11.91434383
0.227009542,11.9150629
0.227063961,11.91462231
0.227100663,11.91406536
0.227151819,11.91208649
0.227199815,11.91432667
0.227252193,11.91705132
0.22728876,11.91808033
0.227365963,11.92050743
0.227403812,11.91766644
0.2274727,11.92216492
0.227516182,11.92278767
0.227565639,11.9242897
0.227612727,11.92035675
0.227668129,11.92442894
0.227725141,11.9227314
0.227758341,11.92014122
0.227812506,11.92351341
0.22785189,11.92158985
0.227914907,11.92543888
0.227963053,11.92313576
0.228020422,11.92522335
0.228072487,11.92102432
0.228123374,11.92531109
0.228159703,11.92188835
0.228216194,11.92467499
0.228256218,11.92056656
0.228296392,11.9253664
0.228352778,11.92654991
0.228406094,11.92523384
0.228456445,11.92810917
0.228517868,11.92733955
0.228564315,11.92835236
0.228609823,11.92716789
0.228658624,11.92651463
0.228707276,11.92893028
0.228768312,11.92945671
0.228805162,11.92955971
0.228867747,11.92872429
0.228913285,11.93069077
0.228963412,11.92861652
0.22901731,11.92676353
0.229052536,11.92965889
0.229113065,11.93343544
0.229145728,11.93221951
0.229224332,11.93443871
0.229274444,11.93380737
0.22932750699999999,11.93198395
0.22936178,11.93279934
0.229411297,11.93106365
0.229454689,11.93164825
0.229513072,11.93173409
0.229553022,11.93339825
0.229613818,11.93661213
0.229683794,11.93583584
0.229703449,11.93782806
0.229763799,11.93674564
0.229820185,11.93646145
0.229871877,11.93560505
0.229912154,11.93716908
0.229961269,11.93733597
0.230009146,11.93702602
0.230049856,11.93666172
0.230110102,11.93549824
0.230151467,11.93704224
0.230214037,11.94086933
0.230255731,11.9390707
0.230296321,11.94096088
0.230349772,11.94234657
0.230420403,11.94120312
0.230462574,11.94123745
0.230516262,11.94120598
0.230550625,11.9452877
0.230625577,11.94487286
0.230663739,11.94386005
0.230709083,11.94608116
0.230769985,11.94464207
0.23080165,11.94566727
0.23086346,11.94552994
0.230921917,11.94804287
0.230972059,11.94670582
0.231009759,11.94555187
0.231053241,11.95016575
0.23111812,11.95074558
0.231163927,11.94987011
0.231221087,11.95063877
0.231262781,11.94940472
0.231304251,11.94796944
0.231347554,11.95084095
0.231412254,11.95480251
0.23145356,11.95381165
0.231517933,11.95177746
0.231576599,11.95217609
0.231620945,11.95210648
0.231658377,11.95069313
0.231715538,11.95055199
0.23176708099999999,11.94990635
0.231810056,11.9506712
0.231864624,11.94898224
0.231898241,11.95074177
0.231971271,11.95001221
0.23199904699999999,11.95201874
0.232041337,11.95200443
0.232112639,11.95446777
0.232154183,11.95604801
0.23220963,11.95523167
0.23226314,11.95840549
0.232315324,11.96047974
0.23236718,11.96186733
0.232417606,11.95979214
0.232466452,11.96021938
0.232510261,11.9597578
0.232572861,11.96050739
0.232614301,11.95847702
0.232661523,11.96062279
0.23272758,11.96162605
0.23276607,11.96204567
0.232811056,11.95910931
0.232855253,11.96051598
0.232904457,11.96259117
0.232947685,11.96289825
0.23301547,11.96584511
0.233056851,11.96481514
0.233119659,11.96429253
0.233166345,11.96569061
0.233212091,11.96341419
0.233260639,11.96329021
0.233309396,11.96529484
0.233355455,11.96555805
0.233413182,11.96775532
0.233465023,11.96635723
0.23351676,11.96525002
0.233555012,11.96380138
0.233614154,11.96617317
0.233661689,11.9678545
0.23372177,11.96963882
0.23378010899999999,11.96629143
0.233805589,11.96753883
0.23385381,11.96795273
0.233903207,11.96790791
0.233960681,11.96712494
0.234005667,11.97017002
0.234058879,11.9708128
0.234114491,11.97514629
0.234171845,11.97521019
0.234210439,11.97391129
0.234260015,11.97424126
0.234309279,11.97376633
0.234379791,11.97624779
0.234418593,11.97353363
0.234475143,11.97279644
0.234531678,11.97251129
0.234567441,11.97409534
0.234609209,11.97130203
0.234660559,11.97194004
0.234697096,11.97200394
0.234762095,11.97356606
0.234811567,11.97730446
0.234857582,11.97669506
0.234913178,11.97673512
0.234965988,11.97797108
0.235015996,11.97826767
0.235070385,11.97680283
0.235101931,11.97736263
0.23515555999999999,11.97715473
0.235206269,11.9766407
0.235268824,11.9769516
0.235315524,11.98043633
0.235364206,11.9791069
0.235402472,11.97965527
0.23546008,11.98019695
0.235510774,11.98119068
0.235555552,11.98207855
0.23561167,11.98331547
0.235657849,11.98411465
0.235704951,11.98607254
0.235784359,11.98513222
0.235813014,11.98257256
0.235852622,11.98523521
0.23591844,11.9861412
0.23596374,11.98383331
0.236005746,11.98663521
0.236056052,11.98780918
0.236116491,11.98723793
0.236168094,11.98932457
0.236211248,11.9868021
0.236279853,11.98804283
0.23632978699999999,11.98553085
0.236375652,11.98822021
0.236404859,11.98448658
0.236454629,11.98573399
0.236500003,11.98756218
0.236567684,11.9887228
0.236612178,11.98594284
0.236657344,11.98830414
0.236709543,11.98900604
0.236749523,11.99360657
0.236815639,11.99507618
0.236860015,11.99321651
0.236918636,11.99259853
0.236966245,11.99660969
0.237022318,11.99395084
0.23705902,11.99539661
0.237119146,11.9942255
0.23717276,11.99350262
0.237203188,11.99294758
0.237252228,11.99359703
0.237309821,11.99466133
0.237362467,11.99827385
0.2374072,11.99735451
0.237466715,11.99879742
0.237526126,11.99701118
0.237569399,12.00031853
0.237623058,11.9965868
0.237656675,11.99714756
0.237698756,11.99756718
0.237753071,12.00251865
0.237814851,12.00126743
0.237873174,12.00418186
0.237922751,12.00311947
0.237949349,12.00285816
0.238022454,12.00227642
0.23808021099999999,12.00380135
0.238126315,12.00489807
0.238161557,12.00180435
0.238215886,12.00157356
0.238263629,11.99934196
0.23830577,12.00039482
0.238358714,12.00308418
0.238415517,12.00399494
0.238450922,12.00411987
0.238512762,12.00467205
0.238572441,12.00594234
0.238612004,12.00414181
0.238661505,12.00717163
0.238720007,12.00747681
0.238765471,12.00874615
0.238811918,12.00713921
0.238863491,12.01004982
0.238916017,12.00954914
0.23896014,12.00970364
0.23901666,12.01018047
0.239068158,12.01187515
0.23910742299999999,12.01173496
0.23915387,12.0127821
0.239231862,12.01306629
0.239265598,12.01124573
0.239316814,12.01221561
0.239367746,12.0125246
0.239417993,12.01250648
0.239471518,12.01440811
0.239518486,12.01111984
0.239555203,12.01212597
0.239623197,12.0129528
0.239661537,12.01177692
0.239709817,12.01231861
0.239760064,12.01483917
0.23981946,12.01506615
0.23986841,12.01405621
0.239917182,12.01682949
0.239940994,12.01450348
0.24000787,12.01679707
0.240068413,12.01782703
0.240119539,12.01632023
0.240154944,12.01857567
0.240213402,12.01902485
0.24025435,12.01657295
0.240307652,12.02037621
0.240358569,12.01994038
0.240400277,12.01911068
0.240475617,12.02048779
0.240505435,12.02055931
0.24056796,12.02239799
0.240625315,12.02442169
0.240668558,12.02201271
0.240729265,12.02085304
0.240771242,12.02208328
0.240807064,12.02104473
0.240867727,12.02283669
0.240912803,12.01896667
0.240951292,12.02244377
0.241001897,12.02389908
0.241075568,12.02833748
0.241107963,12.02686119
0.241170831,12.02485371
0.241216131,12.02758121
0.241261713,12.02609158
0.241316252,12.02610493
0.241350971,12.02927589
0.241419129,12.02859211
0.241462372,12.02634907
0.241505064,12.02808952
0.241543152,12.03193378
0.241617791,12.03299141
0.241683371,12.03072548
0.24171602,12.02833366
0.241772153,12.03221321
0.241820119,12.02990532
0.241869755,12.03051758
0.241913058,12.02807617
0.241963856,12.02784348
0.242027603,12.02777004
0.242051847,12.02612686
0.242096089,12.02993011
0.242158584,12.03104019
0.242213719,12.03171158
0.242263861,12.03178596
0.242320188,12.03376102
0.242358692,12.03537846
0.24241326,12.03357506
0.242457338,12.03627491
0.242526196,12.03532505
0.242559381,12.03627014
0.242604636,12.03525352
0.24267558,12.03858376
0.242723443,12.03853321
0.242765568,12.03459644
0.242815904,12.03432846
0.242872454,12.03521729
0.24291008,12.03583717
0.24295376999999999,12.03715897
0.2430178,12.03537846
0.243057929,12.0366354
0.243105911,12.03715801
0.243162476,12.03794861
0.243204348,12.03835201
0.243260004,12.04163933
0.24331265,12.04146194
0.243361943,12.0410738
0.243412338,12.04225445
0.243455835,12.04162407
0.24351372599999999,12.04291725
0.243574761,12.04280567
0.243604876,12.04274082
0.243654169,12.04468536
0.243710332,12.04684067
0.243767806,12.04813194
0.243821435,12.04589748
0.243885987,12.04485893
0.243916549,12.04469967
0.243967258,12.04333401
0.244012095,12.04319
0.244061135,12.04472637
0.244098745,12.04658413
0.244157754,12.04938316
0.244221367,12.04798126
0.24428042,12.04779053
0.244324409,12.04724216
0.244370945,12.04599762
0.244407408,12.04566765
0.244474329,12.0454998
0.24452184899999999,12.04817963
0.244564004,12.04606628
0.244617753,12.04644012
0.244644441,12.04621124
0.244705089,12.04903984
0.244758271,12.04987907
0.244801052,12.05238056
0.244865082,12.05333614
0.244914957,12.05470276
0.244977929,12.05558968
0.245024391,12.05193996
0.245066352,12.054739
0.245121114,12.05161476
0.245153777,12.05133343
0.245208286,12.05254269
0.245259293,12.05281258
0.245302327,12.05309105
0.245362274,12.05648327
0.245403834,12.05415058
0.245475434,12.0546236
0.245510139,12.05824661
0.245560773,12.05772114
0.2456147,12.05652714
0.245667078,12.05878067
0.24571427,12.06015778
0.245762088,12.059412
0.245817177,12.06009293
0.245860793,12.0599041
0.245922588,12.05969238
0.245971061,12.05895901
0.246013053,12.06085205
0.246075131,12.05886459
0.246119283,12.06077766
0.246152483,12.06025028
0.246198379,12.06122684
0.24625314,12.06283569
0.246314667,12.06450653
0.246365018,12.06898403
0.246430718,12.06641769
0.246463545,12.06497383
0.246527083,12.06382751
0.246562131,12.06414318
0.246607505,12.0624752
0.246656589,12.06428337
0.246717148,12.0649538
0.246775366,12.06838703
0.246812455,12.06800175
0.246863149,12.06674099
0.246907897,12.06711388
0.246964239,12.06639957
0.247017481,12.06862164
0.247057296,12.06846905
0.247109108,12.06708717
0.247171216,12.06905079
0.247206502,12.06911373
0.247252621,12.07034016
0.247305818,12.07270432
0.247374036,12.07346439
0.2474095,12.07356167
0.247466497,12.07344723
0.247505494,12.07192516
0.247572996,12.07397652
0.247610159,12.07722473
0.247667365,12.07728195
0.247735612,12.07621765
0.247771166,12.07486343
0.247820266,12.07405472
0.247864552,12.07312775
0.24791456,12.07412815
0.247959055,12.0741415
0.248023771,12.07891178
0.248064704,12.07494736
0.248109408,12.07373238
0.248169147,12.07522106
0.24821388,12.07685757
0.248260506,12.07815933
0.248314746,12.07497215
0.248358004,12.07707691
0.248420529,12.07795811
0.248462625,12.07698345
0.248529114,12.07994556
0.248572134,12.07929516
0.248603143,12.0794611
0.248663314,12.07823372
0.248699837,12.07929516
0.248756133,12.08075619
0.248804413,12.08397198
0.248862602,12.08333588
0.248912819,12.08299541
0.248960309,12.08264065
0.249007173,12.08641529
0.249073468,12.0868187
0.249120139,12.08725643
0.249168731,12.08562946
0.249220528,12.08551121
0.24927222,12.08429527
0.249316983,12.08546257
0.249364548,12.08237839
0.249421708,12.08420277
0.249458425,12.08286285
0.249523215,12.0833025
0.24956163,12.08429909
0.249608345,12.08423138
0.249669381,12.08462715
0.249711104,12.08382511
0.249742322,12.08770752
0.249799155,12.08919048
0.249855928,12.09204865
0.24991598,12.09151554
0.249964558,12.09153461
0.25002159900000004,12.09110928
0.25005471,12.09316921
0.25011497000000005,12.08899975
0.250138305,12.08628273
0.25017672,12.08251667
0.250230067,12.08018398
0.250240348,12.070611
0.25025319300000004,12.06057358
0.250262641,12.05108833
0.25026907800000003,12.03621197
0.25023030500000004,12.02156162
0.25022592400000004,12.00474167
0.250197284,11.99101925
0.25017758500000004,11.97873497
0.250156455,11.9682703
0.25014709700000004,11.95674324
0.25013186800000003,11.94939232
0.25015034500000005,11.94997311
0.25017099800000003,11.96478558
0.250281505,12.01046181
0.250494145,12.08154488
0.250772767,12.15997314
0.251115523,12.22315121
0.251483522,12.27120304
0.251901411,12.29930115
0.252328806,12.30595493
0.252706103,12.29804325
0.253015928,12.28195953
0.253269695,12.26538372
0.25345789700000004,12.24917221
0.25364580000000003,12.24073219
0.25384631,12.24602985
0.25407474500000005,12.25134468
0.254318439,12.25851059
0.254588001,12.26642799
0.25484406200000004,12.27068138
0.25511654500000003,12.27243328
0.25536938800000003,12.27292252
0.25561984600000004,12.27409077
0.25588025900000005,12.27351475
0.25611843900000003,12.27473736
0.256365948,12.27567863
0.25662963800000005,12.2789526
0.25687085800000004,12.27938843
0.25712677100000003,12.27914238
0.257364117,12.27907944
0.25761362200000004,12.28044415
0.25787442200000005,12.2861948
0.258137398,12.28549004
0.258378588,12.28533173
0.25862150700000003,12.28549385
0.258859567,12.28604507
0.25910662900000003,12.28902245
0.259369247,12.28855038
0.25961425200000005,12.29456997
0.25989454300000003,12.29516029
0.26013185800000005,12.29481888
0.260384433,12.29596138
0.260616593,12.29336071
0.260834985,12.29602146
0.26107644300000005,12.29996777
0.26135318700000004,12.30899525
0.261630587,12.30914783
0.26186614500000005,12.3069582
0.262119286,12.30896378
0.26237707600000004,12.30793285
0.262618236,12.3095274
0.262874983,12.31008911
0.263126038,12.31524372
0.26337500700000005,12.3155117
0.263632171,12.31784439
0.26388185500000005,12.31587029
0.26410722000000003,12.31708908
0.26438259300000005,12.32122707
0.264624201,12.32220364
0.26486738800000004,12.32416725
0.265122287,12.32656002
0.26536860300000004,12.32636642
0.26562579700000005,12.32811165
0.265858285,12.3295145
0.26610895300000004,12.3321228
0.266359024,12.33447075
0.26661592,12.33775139
0.26687853800000005,12.33990002
0.267128907,12.33954334
0.267361216,12.34050274
0.26762285100000005,12.34112549
0.26786460700000003,12.34229851
0.268122159,12.3469305
0.268356197,12.35046101
0.268615745,12.35017586
0.268882565,12.35147285
0.269119822,12.35115242
0.269365065,12.35340786
0.26961895100000005,12.35878849
0.26986437300000005,12.35447693
0.27014520000000003,12.35947895
0.27037092300000004,12.36149025
0.270642154,12.36205673
0.27088102000000003,12.36012554
0.271114938,12.36172581
0.27136876400000004,12.3644886
0.271609776,12.36765575
0.27187382400000004,12.37301159
0.272145711,12.37082958
0.272372834,12.37017727
0.272609197,12.37299156
0.27286806,12.37436295
0.273143195,12.37792015
0.273374759,12.37959003
0.27363225100000005,12.37825775
0.273858123,12.38436222
0.27411996600000005,12.384305
0.27436059,12.38457203
0.274611883,12.38699913
0.27486070300000004,12.39087486
0.275132798,12.39276409
0.27539395600000005,12.39368916
0.275640182,12.39426994
0.275881611,12.39523792
0.276129387,12.39438152
0.27638324400000003,12.39951992
0.27661731100000003,12.39988136
0.27688398200000003,12.40357018
0.27713187800000005,12.40371799
0.277373068,12.40523052
0.27762743100000004,12.40541363
0.277879588,12.40740395
0.278126113,12.41107082
0.27838277100000003,12.41185093
0.278641634,12.41496277
0.278895818,12.41240025
0.279136561,12.41205406
0.27937801900000003,12.41244507
0.27961640800000004,12.41212463
0.279893302,12.41903114
0.280128054,12.42139244
0.28038533800000004,12.42273808
0.28063660100000004,12.42486763
0.28088375200000004,12.42438698
0.28111930900000004,12.4262991
0.28137310600000004,12.42951488
0.28164266800000004,12.4296751
0.281867586,12.43461895
0.28212522700000003,12.4342556
0.282395683,12.43857574
0.282652043,12.43779564
0.282883547,12.4347887
0.283140294,12.43766022
0.28336583800000004,12.43975353
0.28364896,12.44512939
0.28389372700000004,12.44608116
0.28413351600000003,12.44608974
0.284381233,12.44370365
0.284631662,12.44956017
0.284886234,12.45018482
0.28514864300000003,12.45433617
0.28539400600000003,12.45376968
0.285655551,12.45382309
0.285885386,12.45401287
0.28612204700000005,12.45585346
0.28636863100000004,12.45796299
0.28662376900000003,12.46196175
0.286873095,12.46515846
0.28712200400000004,12.46640015
0.28738936000000004,12.46840382
0.287651025,12.46833038
0.28789302,12.46683216
0.28812470300000004,12.46852684
0.28838809600000004,12.47252464
0.28863089500000005,12.47501373
0.288898759,12.47484684
0.28915419400000003,12.47707558
0.289382599,12.47742748
0.289643042,12.47524452
0.289868347,12.47909927
0.29012792600000004,12.48479462
0.290384792,12.48848152
0.290636324,12.48563671
0.29088097100000004,12.48537731
0.291133992,12.48831367
0.291382782,12.49022865
0.291635595,12.4895153
0.291887812,12.49104118
0.292142473,12.49020004
0.292377465,12.49387264
0.292630993,12.49545765
0.29285635800000004,12.495718
0.293127112,12.50059223
0.293398313,12.50636673
0.293637507,12.50312042
0.293900512,12.5041008
0.294148766,12.50677681
0.294377498,12.5070219
0.29465251400000003,12.50866413
0.294879638,12.5085144
0.29513564000000003,12.51184177
0.29536258400000004,12.51500893
0.29563652700000004,12.51710892
0.29590036700000005,12.51603127
0.29614877,12.51485729
0.29639133100000004,12.51824856
0.29663574000000004,12.51717281
0.296895944,12.52119827
0.297132067,12.52409077
0.29741003400000005,12.52512264
0.29764183600000005,12.52208805
0.297894947,12.5237112
0.298139297,12.52653122
0.29838686400000003,12.5278883
0.298634432,12.5284338
0.29888277500000004,12.53175926
0.299132131,12.53292274
0.29938396100000003,12.53899193
0.29964008200000003,12.53754711
0.299882613,12.53847694
0.30015011900000005,12.53993607
0.30040153100000005,12.54267025
0.300640367,12.53971195
0.300891094,12.54167175
0.30112718800000005,12.54188442
0.301380389,12.54561615
0.30162727100000003,12.5487442
0.301895909,12.55079079
0.30215700700000003,12.54816341
0.30238186600000005,12.55061531
0.30264955000000004,12.55395794
0.30289315400000005,12.5527544
0.30313354000000003,12.55379391
0.303374641,12.55959797
0.303634934,12.55939388
0.30390276800000005,12.5607996
0.304147832,12.56008148
0.304411553,12.56219959
0.30463751400000005,12.56067562
0.304890983,12.56388283
0.30511858300000005,12.56652641
0.30540248000000003,12.57081985
0.305630051,12.57019329
0.305894427,12.57120895
0.306141101,12.56830883
0.30639901,12.57236862
0.30662819,12.57363319
0.30689071900000003,12.57561398
0.307137035,12.57812309
0.30739062300000003,12.58053493
0.307660364,12.58298588
0.307897411,12.57900238
0.30814486,12.58125114
0.308401786,12.58368874
0.30863552600000005,12.58376503
0.308896981,12.58789539
0.309151612,12.58962917
0.30939655800000004,12.58901787
0.309648238,12.59034538
0.30990006800000003,12.59236336
0.31014286700000004,12.59358025
0.31039732000000003,12.59637547
0.31065847700000004,12.59657764
0.31090580700000003,12.59941292
0.311156146,12.59534836
0.31140276100000003,12.59788227
0.31166892500000004,12.6005888
0.31190388700000005,12.59971333
0.31214004,12.60217476
0.312389456,12.6050148
0.31265630600000005,12.60534382
0.31288587300000004,12.60673332
0.313153081,12.60808563
0.313393764,12.61044216
0.31364213700000004,12.61164856
0.31391247400000005,12.61349583
0.314171933,12.61658764
0.31441357000000003,12.61409283
0.314641647,12.61441326
0.31489285100000003,12.61627483
0.31514241600000004,12.61961174
0.31540294700000004,12.62110424
0.315652274,12.62379932
0.31590925900000005,12.62306023
0.316143595,12.62264156
0.31639375500000005,12.62553883
0.31665506200000004,12.62520313
0.31690412,12.62694645
0.317154698,12.62491322
0.317390494,12.63010883
0.31764280100000003,12.62997818
0.31790068000000005,12.63385487
0.31814774100000004,12.63289356
0.318397664,12.63457298
0.31865453000000005,12.63739014
0.31889113100000005,12.63808441
0.319158219,12.63898373
0.319400929,12.63737583
0.31964980800000004,12.63842106
0.31989532000000004,12.63774014
0.32013859600000005,12.64174652
0.320394687,12.6468401
0.320642464,12.64819527
0.320912264,12.64624119
0.321150445,12.64792347
0.321402483,12.64811134
0.321644507,12.647892
0.321901433,12.65077209
0.32215642200000005,12.65419579
0.322395258,12.65702915
0.322668783,12.65729809
0.322917812,12.65568447
0.32317482700000005,12.656847
0.32339107300000003,12.65684032
0.32364945900000003,12.65930843
0.323914491,12.66246319
0.324166112,12.66253853
0.324412279,12.66301632
0.324647538,12.66477585
0.32490127500000004,12.66527653
0.32515692,12.66825199
0.32540338500000004,12.66991901
0.32566794000000004,12.67114639
0.325911306,12.67262268
0.32615935100000004,12.6740284
0.326421522,12.6718502
0.326641373,12.67244911
0.326896422,12.67483521
0.327144794,12.67862892
0.327396147,12.68240929
0.32764833400000004,12.68406487
0.327920549,12.68271065
0.32816769900000003,12.68039513
0.32841806900000003,12.68161488
0.32865922900000005,12.68204212
0.32889878,12.68330956
0.329148881,12.68762016
0.32941087300000005,12.69135857
0.32967134600000003,12.69004059
0.329907172,12.69042683
0.330153309,12.69101334
0.33039774800000005,12.69325733
0.330652021,12.69613171
0.33092119600000003,12.69601059
0.331168972,12.69783592
0.331411742,12.69778347
0.33164741900000005,12.69757938
0.331911765,12.69991589
0.332158677,12.70134544
0.332445912,12.70596027
0.332668774,12.70732594
0.33290454,12.70692825
0.33315488000000004,12.70585823
0.33338787400000003,12.70873356
0.33364393600000003,12.70732307
0.33391963700000005,12.71205044
0.33415203600000004,12.71542645
0.33441432600000004,12.71762276
0.33465426400000003,12.71780109
0.33491843200000004,12.71838093
0.33516024800000005,12.71842194
0.33540176600000005,12.71731377
0.335669033,12.71772575
0.335898362,12.71884537
0.336148881,12.72451401
0.336422049,12.72484398
0.336661242,12.72395134
0.33691584300000005,12.72558022
0.337151103,12.72648811
0.337410592,12.72588634
0.337647162,12.73038197
0.337925218,12.73006058
0.33815714,12.73039055
0.338409715,12.73333931
0.33865972600000005,12.73015022
0.33890565500000003,12.7313633
0.33915185200000003,12.73594856
0.33939170100000005,12.73619652
0.339662813,12.73931313
0.339923911,12.73953533
0.340163492,12.73602581
0.340402804,12.74113178
0.34066285900000004,12.74205303
0.34091096400000004,12.74316597
0.34117075100000005,12.74162579
0.34140955700000003,12.74450111
0.34165089600000004,12.74664783
0.34190889500000005,12.74281216
0.34215875700000004,12.74457645
0.342406117,12.7459898
0.34265130000000005,12.74947357
0.34288971900000004,12.74948883
0.343160354,12.75343323
0.34340291500000003,12.75409889
0.34365051300000005,12.75241375
0.34390046500000004,12.75526142
0.34415688400000005,12.75574017
0.34440731300000005,12.75907516
0.34467013900000004,12.75926971
0.34491293900000003,12.75968552
0.345160507,12.7589922
0.34540694200000005,12.76070118
0.345653288,12.76201439
0.34591367100000003,12.76655197
0.346149676,12.7665081
0.346406274,12.76587582
0.346661262,12.76811409
0.34691470100000005,12.76749897
0.34714569900000003,12.76700497
0.34741293700000003,12.77480412
0.34767755100000003,12.77447128
0.347910427,12.7719183
0.34815823300000004,12.77210712
0.348426037,12.77409458
0.34866764400000005,12.77489948
0.34891253000000005,12.77566147
0.34915139500000003,12.77787685
0.349410914,12.78001404
0.34966372700000004,12.77801418
0.34989624500000005,12.78120708
0.35017185700000003,12.78060627
0.35042326900000004,12.78434467
0.35067319100000005,12.78752232
0.35091131200000003,12.78400707
0.351176433,12.7858305
0.351416461,12.78309441
0.35164117100000003,12.78593254
0.35191690200000003,12.78750896
0.352158271,12.78898716
0.35240020600000005,12.78800869
0.352662169,12.7922945
0.352935337,12.79264259
0.353171818,12.79246712
0.3534263,12.79432392
0.353658401,12.79640198
0.35393162800000005,12.7990675
0.35417311700000004,12.79673576
0.354427837,12.7977705
0.35467644800000003,12.80009174
0.35491295900000003,12.80061436
0.35516025900000003,12.79861736
0.355425947,12.80056095
0.35565903000000004,12.80422211
0.355922006,12.80655956
0.35616260000000005,12.81027126
0.356427841,12.80854988
0.35667529000000003,12.80829239
0.35692896700000004,12.80827904
0.357179605,12.8059063
0.357424997,12.80820084
0.357660972,12.81192207
0.35791768900000004,12.81573963
0.35817387,12.81330585
0.358422719,12.81446743
0.35866832000000004,12.81618023
0.35892265300000004,12.81715965
0.359185629,12.81635094
0.359432511,12.81816196
0.359676205,12.82254601
0.35992517300000004,12.81824398
0.360167854,12.82064629
0.36042400500000005,12.82283497
0.36065926400000003,12.82310867
0.36093186600000005,12.82753086
0.36117752700000005,12.82653332
0.361447536,12.82664585
0.361682914,12.82686615
0.36193131700000003,12.82227325
0.362160437,12.82386208
0.362419121,12.82872486
0.362672351,12.82800484
0.36292570100000004,12.82984066
0.36317613000000004,12.82965946
0.36342635,12.82879829
0.363661312,12.83213902
0.36390816400000003,12.83612919
0.36416631200000005,12.836689
0.36442422100000005,12.83839417
0.364681743,12.83731365
0.364936195,12.83741379
0.36517363100000005,12.83571815
0.36543171900000004,12.83898258
0.365675949,12.84041405
0.365929149,12.84147549
0.36618831,12.84197426
0.36644255400000003,12.84040642
0.36668758900000004,12.83727837
0.366922252,12.84187222
0.367159538,12.84327126
0.367416285,12.84657669
0.36764960700000004,12.84559345
0.367902689,12.85031223
0.368179016,12.85159588
0.368434511,12.85258389
0.368694805,12.85228634
0.36892011,12.84814453
0.36917048,12.85071373
0.369451784,12.85418224
0.36967705900000003,12.85212326
0.369930439,12.85515785
0.370177113,12.85488033
0.37041866,12.85973835
0.37067364900000005,12.85776901
0.370911054,12.86063099
0.371184163,12.8609724
0.371435873,12.86283493
0.37168815000000005,12.86110973
0.37192931,12.8636322
0.37218415000000005,12.8639679
0.372433029,12.86413956
0.37268518700000003,12.86405945
0.37292166800000004,12.86358356
0.37317629900000004,12.86909103
0.37342637,12.86945152
0.37367089800000003,12.86880207
0.373930119,12.86887455
0.37418689600000005,12.86714458
0.374425553,12.87281895
0.37467118400000005,12.87262917
0.374930613,12.87714291
0.37518637600000004,12.87477303
0.375429563,12.87442875
0.37567209500000004,12.87627125
0.375917129,12.87403393
0.376171611,12.87650967
0.376441293,12.87762642
0.37668546300000005,12.87702656
0.376938127,12.87847614
0.377185576,12.87770462
0.37742557400000004,12.87932587
0.377682261,12.87897205
0.377923869,12.8811512
0.378164791,12.88642979
0.37843882300000004,12.8880558
0.378691457,12.88564873
0.378928356,12.88594532
0.379197471,12.88694382
0.379434072,12.88933659
0.379688136,12.88803768
0.379935138,12.89010906
0.38019176600000004,12.89093685
0.380446039,12.89293766
0.380702429,12.88955593
0.380937837,12.89150333
0.38118096500000004,12.89250469
0.38141959200000003,12.89496136
0.381684654,12.89613152
0.381931864,12.89623165
0.38220232000000004,12.89855576
0.382428967,12.89763546
0.38268017000000004,12.89749622
0.38293027100000004,12.89815712
0.383176379,12.89881229
0.383436822,12.90136147
0.38369428400000005,12.90266991
0.38393094400000005,12.90180969
0.38418939,12.90264702
0.38442599000000005,12.90237236
0.384688042,12.90195179
0.384933852,12.90378571
0.38518878100000004,12.90596771
0.385442726,12.90865803
0.38569449600000005,12.91146088
0.38593217,12.90786552
0.386204474,12.90684319
0.386436127,12.90435982
0.386685632,12.90841675
0.386923455,12.91294384
0.38718142400000005,12.91247082
0.387448155,12.91284847
0.38768883800000004,12.91341305
0.38792377,12.91210938
0.388178878,12.91545963
0.38842009800000005,12.91665268
0.388681255,12.91837597
0.388936453,12.91883755
0.38919054700000005,12.91890621
0.38944491000000003,12.91855145
0.389685683,12.91930771
0.389940165,12.9193325
0.390181922,12.92105961
0.390444033,12.92139912
0.390682452,12.92014503
0.39093738100000003,12.92262554
0.391195081,12.9216795
0.39144646400000005,12.9211998
0.39168223,12.91961861
0.391938023,12.92550945
0.392177396,12.92640018
0.39242064200000004,12.92694473
0.39268498900000004,12.93052959
0.392932855,12.9334774
0.39318373100000004,12.93017483
0.39343952400000004,12.93327808
0.39369645000000003,12.93191719
0.393946134,12.93130302
0.39418026100000003,12.92997074
0.394427799,12.9335928
0.39469154900000003,12.93378067
0.394928716,12.93426991
0.395179592,12.93422318
0.395439319,12.93515587
0.395679765,12.9359827
0.395932667,12.94214725
0.39619471900000003,12.93754387
0.39643567100000004,12.93841171
0.396678083,12.94180012
0.39693760100000003,12.94188213
0.39718353,12.94045544
0.397431962,12.94503307
0.397678904,12.94545364
0.39793633700000003,12.94433594
0.39819025300000005,12.94192219
0.398445659,12.9437027
0.398679488,12.94357967
0.39892342000000003,12.94571114
0.39919038900000003,12.94689178
0.39943154900000005,12.94926834
0.399690949,12.95023537
0.39994122800000004,12.9505806
0.40018775300000003,12.94872665
0.40042131400000003,12.94826508
0.40067967000000004,12.95092773
0.40093167900000004,12.95322227
0.401196592,12.9525528
0.40143414600000005,12.95541668
0.401701354,12.95495033
0.401937299,12.95315552
0.40218346600000004,12.95258617
0.402435325,12.95681095
0.40268629100000003,12.9590435
0.40294157700000005,12.95619392
0.40318655200000003,12.95532322
0.403425507,12.95739365
0.40368896000000004,12.95692253
0.40392427900000005,12.95979214
0.404186837,12.96182632
0.40443842900000004,12.9628191
0.40470170200000005,12.96331692
0.40495052200000003,12.96236515
0.40517594700000004,12.95898628
0.40542956500000005,12.9652319
0.40567093400000004,12.96185303
0.405932956,12.96999645
0.406193607,12.96834183
0.40644874400000003,12.97156429
0.406701796,12.96847916
0.406942122,12.96691513
0.40719267000000003,12.965312
0.40743243,12.96927643
0.407695674,12.9711628
0.407951139,12.97282028
0.40818616,12.96703243
0.40844097,12.9717617
0.408668421,12.96858978
0.408932738,12.97570515
0.409186773,12.97458267
0.409443312,12.97669601
0.40969397900000004,12.97696877
0.40995561300000005,12.976408
0.410199694,12.97849751
0.410432719,12.97697067
0.41068317800000004,12.97888756
0.410940819,12.98215771
0.411182635,12.97860909
0.411446564,12.98285389
0.411695175,12.9811697
0.41194316000000003,12.98276424
0.41219662900000004,12.97968674
0.412439041,12.98160458
0.41270317900000003,12.98374176
0.412946813,12.98953629
0.41318767500000003,12.98543072
0.413462512,12.98696232
0.41369920200000004,12.98457813
0.41394244900000005,12.98390102
0.41420158,12.98509121
0.41442649800000003,12.98672581
0.41469427200000003,12.98944473
0.414952211,12.99126625
0.415191762,12.98645878
0.41545441000000005,12.98795891
0.41570466,12.98649693
0.415932261,12.98774242
0.416192852,12.98964214
0.41645448700000004,12.99156189
0.416690432,12.99418163
0.416946195,12.9941988
0.417194657,12.99454594
0.417452358,12.99354649
0.417697154,12.9936161
0.41796033800000004,12.9978447
0.418175809,12.99406433
0.418454461,12.99907303
0.418707989,12.99682331
0.418954425,12.99642849
0.41919245600000005,12.9953661
0.419441693,12.99791908
0.41969462500000004,13.00052357
0.419931345,13.00375843
0.420188718,13.00141716
0.42043911700000003,13.00406075
0.420702063,13.00139523
0.42094775300000004,13.00568104
0.421183758,13.00527668
0.421448313,13.00834465
0.42171611600000003,13.00726604
0.42194708400000003,13.00514317
0.422193729,13.00443745
0.42244523,13.00663185
0.42269670200000004,13.00654697
0.42295282300000003,13.00475883
0.42318981200000005,13.00652885
0.423447363,13.01011848
0.42371293200000004,13.00895691
0.42395042600000005,13.00810528
0.424174659,13.00784492
0.42443379000000003,13.00889301
0.42470332200000005,13.00995922
0.424942486,13.01065159
0.42520605800000005,13.01182175
0.425445907,13.01383495
0.42570274300000005,13.0120554
0.42594977500000003,13.01265049
0.426193796,13.01237392
0.426433824,13.01265144
0.42668759100000003,13.01612949
0.426943593,13.01741791
0.427202813,13.01630211
0.427449487,13.01975536
0.42769896300000004,13.01640034
0.427942686,13.01725292
0.428188406,13.01620102
0.42844071300000003,13.0196085
0.42868872700000005,13.01792336
0.428950153,13.02201176
0.429203741,13.01874447
0.42944192200000003,13.01871586
0.429692499,13.02029896
0.429929547,13.02108574
0.430174314,13.02279854
0.430454783,13.02728367
0.43069862600000003,13.02558708
0.430949234,13.02464771
0.431218855,13.02578545
0.431447707,13.01955223
0.431682222,13.02414799
0.431933813,13.02587223
0.432201229,13.02801323
0.43244218100000004,13.0317955
0.432706289,13.03032875
0.432955913,13.02951813
0.433185034,13.02763653
0.433439128,13.02959728
0.43370451800000004,13.02909279
0.433959894,13.03104687
0.43420534600000005,13.03219891
0.43445950000000005,13.03137112
0.43471040600000005,13.03091526
0.43493440000000005,13.03189564
0.43518563400000004,13.03295898
0.435448371,13.03581524
0.43568798200000003,13.03501415
0.435945593,13.03688908
0.436190866,13.03733826
0.43645154700000005,13.03928185
0.43670519500000005,13.03781509
0.43694420900000003,13.03849125
0.437201791,13.03925133
0.43745973000000005,13.03895569
0.43771376500000003,13.04066849
0.43794437500000005,13.03853321
0.438202046,13.04040813
0.438457005,13.03997707
0.43870898300000005,13.03898907
0.43893715000000005,13.03925037
0.439203404,13.03981495
0.439460687,13.03921032
0.43971180200000004,13.04249287
0.43994375300000005,13.03894138
0.44019793700000004,13.04157162
0.440447711,13.04195404
0.440691732,13.04105282
0.44093912100000004,13.04540062
0.44119476500000004,13.04743958
0.44143410800000005,13.04624844
0.44169180900000005,13.04530716
0.44194947900000003,13.04675388
0.44219648100000003,13.04810238
0.44245889000000005,13.0484066
0.442708455,13.04862404
0.442947529,13.04984379
0.44319816700000003,13.04934311
0.443459831,13.04977703
0.443687938,13.04965687
0.44396805,13.04969597
0.44419770700000005,13.05099869
0.44445335100000005,13.05298328
0.444705866,13.05089092
0.44493892100000004,13.04874992
0.445203893,13.05181122
0.445445232,13.05293655
0.445687078,13.05058956
0.445982568,13.05660248
0.446199082,13.04966354
0.446447931,13.05488205
0.44669076100000005,13.05227089
0.44693412600000004,13.05534554
0.44720550600000003,13.05596256
0.44745328300000003,13.05995369
0.447712086,13.05692291
0.44796028000000004,13.05852413
0.44820483800000005,13.05777645
0.44845786000000004,13.06156445
0.44870954,13.05883121
0.448962234,13.05655861
0.449198119,13.05920029
0.44945084300000004,13.05834007
0.449701987,13.06138229
0.44996067100000003,13.06035614
0.450202011,13.06102657
0.45045354200000004,13.05976677
0.450706147,13.06066132
0.45095440000000003,13.06221962
0.45119639500000003,13.06230831
0.451452159,13.06808949
0.45171573000000004,13.06521797
0.451966696,13.06163216
0.45218860400000005,13.06175423
0.452464484,13.06451702
0.45269193500000005,13.06314278
0.452945225,13.0633812
0.453191869,13.06640625
0.453461848,13.06925011
0.453704052,13.06854439
0.453950308,13.06765938
0.45420046900000005,13.06593227
0.454445027,13.07083321
0.454707466,13.06971931
0.45496507700000005,13.06950855
0.455201827,13.06871796
0.455443107,13.06601048
0.455702029,13.06729794
0.45595537900000005,13.07005119
0.456187926,13.06985092
0.45643922000000003,13.07321358
0.456701689,13.07458782
0.45697286000000004,13.07404041
0.457200877,13.07180786
0.45745127700000005,13.07251263
0.457696311,13.07290745
0.45795538300000005,13.07661438
0.458209537,13.07650089
0.45845239600000004,13.07595253
0.45871000700000003,13.07308388
0.45896177800000004,13.07471371
0.45920639500000004,13.07104111
0.45943980700000003,13.07446861
0.45969259,13.0750494
0.459950112,13.07486153
0.46019261300000003,13.07875061
0.46044894300000005,13.07857704
0.46069582600000003,13.0787487
0.46095373500000003,13.07651711
0.461208426,13.07788277
0.461462788,13.07963753
0.461711042,13.07814217
0.46195250000000004,13.07816029
0.46219139600000003,13.0803833
0.462448619,13.07917881
0.462691151,13.07918358
0.462947421,13.08302021
0.463188015,13.08374405
0.46345587800000004,13.0838604
0.463709407,13.0845108
0.46396526000000005,13.0839529
0.46419154900000004,13.07991791
0.464449041,13.08351135
0.464699619,13.08496857
0.464947842,13.08757591
0.46521373800000004,13.08337975
0.465462767,13.08466053
0.465711765,13.08254242
0.465931527,13.08484077
0.46619197,13.08512974
0.466432922,13.08592606
0.466685556,13.0886898
0.466949783,13.08591175
0.467196606,13.0879221
0.46743684300000005,13.08694649
0.467686586,13.08702087
0.467951916,13.09147739
0.468193285,13.09248066
0.468459599,13.09008884
0.46871354400000004,13.08856678
0.46894716500000005,13.09030247
0.469203703,13.09063911
0.469458871,13.09012604
0.469687842,13.08929253
0.46995400600000004,13.09165764
0.47020082900000004,13.09570789
0.470453255,13.0939312
0.470696233,13.09413147
0.47095596100000003,13.09357834
0.47119947500000003,13.09272099
0.471441887,13.09431171
0.47169622000000005,13.09594727
0.471945219,13.0947504
0.47219546900000003,13.0966301
0.47245561300000005,13.09630108
0.47270958900000004,13.09554863
0.472947322,13.09600639
0.47320800300000004,13.09747887
0.47345035500000004,13.09625244
0.473704092,13.09786987
0.47394975300000003,13.09708118
0.47419490700000005,13.09492874
0.47443478600000005,13.09775925
0.47470253,13.10025311
0.474961303,13.10055923
0.475215547,13.10080338
0.475447677,13.09981346
0.47570370900000003,13.09849072
0.47595214100000005,13.09833336
0.476205431,13.096982
0.476448916,13.0978384
0.47669553000000003,13.10016918
0.476959638,13.10101223
0.47718965300000005,13.1020422
0.47746913900000004,13.10060883
0.477700137,13.10103035
0.47793480000000005,13.1020298
0.47820242500000004,13.10089588
0.47846012600000004,13.10421848
0.47871961500000004,13.10363293
0.47895493400000005,13.10093975
0.47919910400000004,13.10102558
0.47944098,13.10846424
0.47968473300000003,13.10261345
0.479943834,13.10653877
0.48020386000000004,13.10749817
0.48044829800000005,13.10843277
0.480704717,13.10624313
0.480956875,13.10473061
0.481210373,13.10395241
0.48146604800000004,13.10885429
0.48170416800000004,13.10702133
0.48195590800000004,13.10833645
0.482196681,13.10600471
0.482446425,13.10797977
0.48269447000000004,13.10792351
0.48295845800000003,13.11028385
0.48321109300000004,13.11142635
0.483453833,13.11107349
0.483709775,13.11197281
0.483966999,13.10920811
0.484214507,13.10770798
0.484459393,13.11158085
0.484708183,13.10793304
0.484964661,13.11233616
0.48521807100000003,13.11001396
0.48546602600000005,13.1084137
0.48570137500000005,13.10852051
0.485943787,13.11122894
0.48619636200000005,13.11163044
0.486462169,13.11375999
0.486714684,13.11521816
0.48697757,13.11612034
0.48722668700000005,13.11127949
0.48746009900000004,13.11240196
0.487719022,13.11094379
0.487957262,13.11450672
0.48820003100000003,13.11065865
0.488459639,13.1139555
0.488725923,13.1179409
0.48897083900000005,13.11639977
0.489222996,13.11608505
0.48946445400000005,13.11276245
0.48971232000000003,13.11355686
0.48997177900000005,13.11393738
0.49022214900000005,13.1180172
0.49048074300000005,13.11563778
0.49070488700000003,13.11513996
0.49095990500000003,13.11694813
0.49120201900000005,13.11619091
0.491454624,13.11829472
0.49170606600000005,13.1176672
0.49196078600000004,13.12127399
0.49221476200000003,13.11867142
0.492473625,13.11947346
0.492711924,13.1171217
0.492964618,13.11685181
0.493221365,13.11908913
0.49346070700000005,13.11860752
0.49371352100000004,13.12198257
0.493970744,13.12019634
0.494212441,13.1181469
0.494455658,13.1213274
0.494723819,13.11891937
0.494972699,13.11952496
0.49523039900000004,13.12003994
0.49547495700000005,13.11963272
0.495726518,13.12238312
0.49596556300000005,13.12143135
0.496221654,13.12012577
0.49646600300000004,13.11954021
0.496709161,13.12042713
0.496960186,13.12166691
0.49720244900000005,13.12372875
0.49746947700000005,13.12616253
0.49772387,13.12582684
0.497985177,13.12419415
0.49822076400000004,13.12070274
0.498470746,13.12189007
0.498726569,13.12229252
0.49895968300000004,13.11879349
0.49923198700000004,13.12367153
0.49946063,13.1257143
0.49972470900000004,13.12193966
0.499964707,13.12424183
0.500212334,13.12460232
0.500463329,13.12598228
0.500719629,13.12601662
0.5009894,13.12651062
0.501224361,13.12777138
0.501469873,13.12488651
0.501717948,13.1242075
0.5019695980000001,13.12647057
0.5022203550000001,13.12748814
0.502458654,13.12733841
0.502725922,13.1286993
0.502973996,13.12865162
0.5032269580000001,13.13029861
0.503478907,13.12794876
0.503735267,13.12652493
0.5039736850000001,13.12609482
0.504228138,13.12773323
0.5044635160000001,13.12738323
0.504725598,13.12917805
0.5049841030000001,13.1302948
0.505228184,13.12512302
0.505476557,13.12916565
0.5057168830000001,13.12499714
0.505961858,13.12967014
0.5062209,13.12990284
0.506477796,13.13373947
0.506730758,13.13050556
0.5069751960000001,13.12930298
0.507213317,13.1296587
0.50744959,13.13010788
0.5077105390000001,13.13318348
0.507979117,13.1339941
0.508242093,13.13172054
0.508476339,13.13101673
0.5087307320000001,13.13144207
0.508981429,13.13184071
0.509223007,13.12981701
0.5094641080000001,13.12878704
0.509721063,13.12932301
0.509967648,13.1335659
0.5102297290000001,13.13431072
0.510467373,13.13282681
0.510730825,13.13427734
0.510974608,13.13547897
0.5112174970000001,13.13252163
0.511478447,13.13631725
0.511734448,13.135602
0.511986874,13.13429546
0.512219988,13.13585663
0.512480579,13.1317606
0.512723111,13.13298607
0.512968265,13.13459492
0.5132199150000001,13.13271713
0.5134784800000001,13.13619518
0.51372131,13.13641834
0.513986491,13.13540363
0.514228068,13.13604069
0.5144739970000001,13.13542175
0.5147195680000001,13.1340065
0.514983498,13.13752079
0.515238665,13.13363552
0.515475415,13.13773727
0.515739225,13.13511848
0.5159862270000001,13.13554287
0.516232573,13.13603687
0.5164676530000001,13.13556671
0.516712211,13.13679695
0.5169624310000001,13.13986588
0.517217718,13.14252281
0.517475747,13.13998508
0.517754637,13.13925838
0.517985247,13.1357317
0.518232785,13.13364792
0.518473171,13.13698387
0.518717371,13.13554955
0.5189657440000001,13.13811493
0.519226693,13.13890076
0.519468986,13.137887
0.519705199,13.13997746
0.519987963,13.14102936
0.520224534,13.13501644
0.520466648,13.14092541
0.520728968,13.14051628
0.520983242,13.13870811
0.521226309,13.13833427
0.5214995370000001,13.13878632
0.521715485,13.13599586
0.521969639,13.13850594
0.5222144950000001,13.13627243
0.522463523,13.14112949
0.522725187,13.1405983
0.522966705,13.14118671
0.523236774,13.14348412
0.523487888,13.13875675
0.5237313730000001,13.13859844
0.523984574,13.13914204
0.524208807,13.1372261
0.524468206,13.14460087
0.5247109160000001,13.14061737
0.52498164,13.14119434
0.5252371060000001,13.14196491
0.525487803,13.14021111
0.525725447,13.14056206
0.525962316,13.14087391
0.526231073,13.14352131
0.526479624,13.14131546
0.5267374140000001,13.14026546
0.526972316,13.14137745
0.527229689,13.14034462
0.527476512,13.14338684
0.5277180300000001,13.13978863
0.5279690850000001,13.14190102
0.5282330740000001,13.14035034
0.528469466,13.14636421
0.528724752,13.14309406
0.528975628,13.14237785
0.5292386640000001,13.14378548
0.529479765,13.1411581
0.5297227130000001,13.14176559
0.52997651,13.14305496
0.530222677,13.14288139
0.530477665,13.14466667
0.5307299120000001,13.14262009
0.530975662,13.141922
0.531217717,13.14349079
0.531470083,13.14270878
0.531719111,13.14466953
0.531970106,13.14649105
0.5322360030000001,13.14227009
0.532479905,13.1448679
0.532724343,13.1431036
0.532973133,13.14197254
0.533218823,13.14629173
0.5334670770000001,13.14373875
0.533737145,13.14721584
0.5339909420000001,13.1442337
0.534249447,13.14604473
0.534474157,13.14201546
0.534698568,13.14405727
0.534957849,13.14345074
0.5352071150000001,13.14650726
0.535469316,13.14577866
0.535721742,13.15104294
0.5359966380000001,13.14790058
0.536229335,13.14378452
0.536483489,13.14370918
0.536732458,13.1443243
0.536985599,13.14583206
0.537210308,13.14424133
0.537485741,13.14379406
0.537718319,13.14635754
0.537987016,13.14585781
0.538233839,13.1449585
0.538474403,13.14418888
0.538712941,13.14547825
0.538975261,13.14534378
0.539228343,13.14842701
0.5394948350000001,13.14925289
0.539731227,13.14673233
0.53998252,13.14570713
0.540222369,13.14309311
0.540465854,13.1474781
0.540714644,13.1457119
0.54096105,13.14957047
0.5412134160000001,13.14789104
0.541487955,13.14958096
0.541746579,13.14809799
0.541980647,13.14496708
0.5422219260000001,13.14833641
0.5424756040000001,13.14484692
0.542730354,13.14551926
0.542980455,13.14746857
0.543223046,13.14907265
0.543488883,13.14983273
0.543724917,13.14663601
0.543974064,13.1452713
0.544226132,13.14937019
0.54447975,13.14809227
0.544726096,13.15061188
0.544993661,13.14788723
0.5452302920000001,13.14663029
0.545486711,13.14502239
0.545735799,13.14277458
0.545979105,13.14509487
0.546201669,13.14763069
0.546474837,13.14970779
0.546748005,13.14933681
0.546987079,13.14727688
0.547228538,13.14796543
0.547475241,13.14530373
0.547708653,13.14940929
0.547972463,13.14888382
0.5482353790000001,13.15039158
0.548488997,13.15146351
0.5487459530000001,13.15037632
0.5489759670000001,13.14627075
0.549222015,13.14764118
0.549474083,13.14672089
0.5497281780000001,13.14828587
0.5499974120000001,13.14909744
0.55024036,13.14937115
0.550511561,13.14823627
0.550731979,13.14803791
0.550974213,13.14650345
0.551224195,13.1458931
0.551474296,13.14604187
0.551716231,13.14813423
0.551976048,13.15153027
0.552236877,13.15157318
0.5524851900000001,13.15087414
0.5527320130000001,13.15114498
0.552988909,13.14620209
0.553233765,13.14751148
0.553486966,13.14697552
0.553707682,13.14982224
0.5539874060000001,13.1492672
0.5542420370000001,13.15096855
0.554489337,13.1462965
0.554730915,13.14881134
0.5549929370000001,13.14799881
0.555225574,13.14710522
0.555477701,13.14811516
0.555714868,13.1493063
0.5559807640000001,13.14988613
0.556248568,13.15169621
0.556487702,13.1486702
0.556729935,13.14836979
0.5569619760000001,13.14905071
0.557219826,13.14874554
0.557471119,13.15084648
0.557734631,13.1538353
0.5579818710000001,13.15350914
0.558240555,13.14745903
0.5584827290000001,13.1475153
0.558722817,13.14821815
0.558977567,13.14790058
0.559226118,13.14764118
0.559470378,13.14905834
0.5597368110000001,13.14955711
0.559984051,13.15048218
0.5602408870000001,13.14774895
0.5604712000000001,13.14786148
0.5607066980000001,13.14842129
0.560973369,13.14968681
0.561228179,13.15173149
0.5614786970000001,13.14930916
0.561714791,13.15217304
0.561981998,13.15043831
0.562234484,13.14816666
0.562481545,13.14686584
0.562729024,13.15081406
0.562977515,13.14850807
0.563219331,13.14898014
0.563489758,13.14960384
0.5637397390000001,13.14653301
0.563982509,13.14914989
0.564213298,13.14357662
0.5644802680000001,13.14630699
0.564711176,13.14779663
0.5649707540000001,13.14983749
0.565224908,13.15145493
0.565484665,13.1499691
0.565729641,13.151474
0.565972589,13.14557171
0.566236757,13.14768505
0.566464149,13.14669228
0.566735171,13.14898682
0.56697955,13.14671993
0.5672294720000001,13.14494133
0.56748005,13.14582729
0.567722641,13.14606667
0.567972146,13.14696121
0.5682129490000001,13.14814758
0.568477772,13.1514492
0.568722688,13.15116119
0.568982624,13.15059185
0.569224857,13.15003395
0.5694713220000001,13.14819622
0.5697242840000001,13.14900875
0.569989108,13.1522789
0.570234738,13.15086174
0.5704829920000001,13.14687252
0.57074102,13.14837933
0.5709868300000001,13.14829636
0.5712424740000001,13.14552784
0.571478449,13.14576912
0.571732365,13.14878654
0.571980797,13.14532185
0.5722243410000001,13.14805031
0.572477125,13.14667511
0.572730206,13.15023041
0.5729645720000001,13.14747429
0.573215507,13.14615822
0.5734696610000001,13.14948654
0.573734485,13.14882278
0.573971234,13.14829731
0.5742358790000001,13.14971352
0.574479006,13.14846706
0.574718915,13.14696026
0.574973963,13.15009594
0.575234078,13.14798069
0.5754740460000001,13.14931297
0.575725697,13.15095329
0.575971745,13.14978504
0.5762476550000001,13.15306187
0.57649865,13.14649391
0.576720022,13.14776325
0.576983653,13.14654732
0.5772315490000001,13.14877605
0.5774868360000001,13.14769745
0.5777551160000001,13.148736
0.577977561,13.14389133
0.5782254560000001,13.14661407
0.578468226,13.14815331
0.5787402620000001,13.14827061
0.5789760580000001,13.14200878
0.5792320000000001,13.14516068
0.579483412,13.1476202
0.579731129,13.14944744
0.579978667,13.14621067
0.580221973,13.14693165
0.580471121,13.14439106
0.580721758,13.14914036
0.580987178,13.1502552
0.5812325700000001,13.14607334
0.5815007320000001,13.14792633
0.581731223,13.14622688
0.581960939,13.14665127
0.582225286,13.14735889
0.5824852810000001,13.14814091
0.582745277,13.14793873
0.582986735,13.14621449
0.58324232,13.14427185
0.5834925400000001,13.14251518
0.583718799,13.14210892
0.583970927,13.14291286
0.584233545,13.14430046
0.584469937,13.14203739
0.5847198,13.15010452
0.584985755,13.14957237
0.5852298960000001,13.14848423
0.5854962690000001,13.14646244
0.5857407680000001,13.14470577
0.585969351,13.143466
0.586235069,13.14526176
0.5864817130000001,13.14651775
0.586751066,13.1460886
0.587003075,13.14587688
0.587230288,13.14267159
0.587485753,13.14252186
0.5877247680000001,13.14240932
0.587982617,13.1447773
0.588220857,13.14389133
0.588467918,13.14770031
0.588722251,13.14682674
0.588988029,13.14348221
0.589249872,13.14478588
0.5894899,13.1392622
0.589719556,13.14471722
0.589985691,13.14310932
0.590216301,13.13986874
0.5904917940000001,13.14492416
0.59073522,13.14359188
0.59096887,13.13989639
0.591231845,13.14331055
0.5914895760000001,13.14410496
0.5917273390000001,13.14446163
0.5919826850000001,13.14456749
0.592241131,13.14214706
0.592484735,13.14390659
0.592735492,13.14267921
0.592979334,13.13989639
0.593228184,13.13821983
0.593472146,13.13919544
0.593717657,13.14207458
0.593978129,13.14360905
0.594240509,13.1431818
0.594488166,13.13970661
0.594711088,13.14082718
0.59497454,13.13898754
0.595231496,13.14212513
0.595484816,13.1415081
0.595733307,13.13906479
0.595981084,13.14107037
0.596233271,13.14091396
0.596478187,13.13784122
0.5967284070000001,13.13917542
0.5969690910000001,13.13911819
0.5972328410000001,13.14377975
0.5974926580000001,13.14322758
0.597744487,13.14286804
0.597990178,13.14251995
0.598226629,13.13979149
0.598471187,13.14143085
0.598734938,13.14031029
0.5989926680000001,13.13726902
0.599248313,13.13977146
0.599485479,13.13835716
0.5997351630000001,13.13502502
0.599979006,13.13652897
0.600226604,13.13646221
0.600485884,13.13775063
0.600712441,13.1379118
0.600971781,13.13695049
0.601222716,13.14347363
0.601500891,13.13945389
0.601738595,13.14207172
0.601974569,13.13517094
0.6022263990000001,13.13936138
0.6024723280000001,13.13955593
0.60274329,13.14029408
0.603004716,13.13982773
0.603241645,13.13837719
0.603481375,13.13604736
0.60370972,13.13751316
0.60398414,13.13947868
0.604232989,13.13918972
0.604478143,13.13951302
0.604734145,13.1396389
0.604993008,13.13592148
0.60523548,13.13774872
0.6054806340000001,13.13670349
0.605739616,13.1358757
0.605986498,13.13415146
0.606238566,13.13404846
0.606475376,13.13474464
0.6067448480000001,13.1351614
0.606972955,13.13408852
0.607230209,13.13687992
0.6074814430000001,13.13659096
0.60772451,13.13583469
0.60797336,13.13493538
0.6082362760000001,13.13936996
0.608481132,13.13805676
0.608733557,13.13826561
0.608982645,13.13506222
0.609242462,13.13560486
0.609483741,13.13380718
0.60974332,13.13106823
0.609980606,13.12951469
0.610230707,13.13434982
0.6104723440000001,13.13339233
0.6107266170000001,13.13238335
0.6109786850000001,13.13195515
0.611235462,13.13505363
0.61148455,13.13247299
0.611732803,13.13325214
0.611983203,13.13442421
0.612241112,13.13550186
0.6124886500000001,13.13209915
0.612736605,13.13031101
0.612981163,13.1293478
0.613234662,13.13195038
0.613474928,13.1306839
0.613741063,13.13241196
0.6139724480000001,13.13140774
0.614227198,13.13286877
0.614474081,13.1316967
0.61473342,13.13302326
0.614983939,13.12981319
0.615226291,13.13226223
0.615483604,13.13034344
0.615742825,13.13199997
0.615988277,13.12820148
0.616227828,13.12733746
0.616479002,13.12820625
0.61671301,13.12762165
0.6169635880000001,13.12882805
0.617219769,13.13138008
0.617484652,13.1331234
0.617734514,13.13002396
0.6179839,13.12954617
0.618223332,13.12894917
0.6184703340000001,13.12651157
0.618728124,13.1303215
0.618976615,13.12934399
0.619235359,13.12881279
0.619487785,13.13022137
0.6197328200000001,13.12556934
0.619963907,13.12482738
0.620217942,13.12831783
0.620478116,13.12736797
0.620741628,13.12939644
0.6209762320000001,13.12878895
0.621230446,13.12851429
0.621481143,13.12833977
0.621721827,13.12404346
0.621961258,13.1247921
0.6222186310000001,13.12816906
0.6224690900000001,13.12803841
0.622723185,13.13068199
0.622973882,13.12993431
0.623224698,13.12857819
0.623466455,13.12575054
0.6237215030000001,13.12578678
0.623980843,13.12627888
0.62423452,13.12725353
0.624477588,13.12481308
0.6247394310000001,13.12780476
0.624984883,13.12289333
0.625228725,13.12390137
0.625477336,13.12035751
0.6257259470000001,13.12373638
0.625971101,13.12604904
0.626245998,13.12518978
0.626482152,13.1204834
0.626733862,13.1237011
0.6269693000000001,13.12145233
0.627222143,13.12043667
0.6274626480000001,13.12011909
0.627745412,13.12557888
0.627987109,13.12376595
0.62823578,13.12341785
0.628481709,13.122262
0.6287335980000001,13.11960316
0.6289947260000001,13.12108517
0.6292285550000001,13.11967373
0.629485928,13.11846924
0.629730784,13.11977673
0.629985772,13.12280846
0.630230151,13.12059784
0.6304829940000001,13.11732483
0.630727671,13.12219143
0.630970322,13.11867332
0.631244563,13.1181736
0.631476127,13.12323856
0.631741069,13.12207222
0.631988369,13.12207985
0.632237397,13.1196146
0.632486306,13.11895752
0.63273599,13.11898518
0.6329865680000001,13.11665726
0.633232318,13.11606121
0.633482538,13.11992073
0.633737467,13.11922836
0.633986436,13.11986828
0.6342426760000001,13.11437035
0.634491287,13.11719418
0.63472309,13.11607742
0.634994649,13.11718464
0.635243796,13.11803913
0.6354875790000001,13.11737919
0.635735177,13.11571789
0.635985099,13.11474895
0.636231147,13.11356354
0.636483394,13.11552334
0.636731289,13.11653042
0.636994325,13.11873341
0.637245976,13.11494827
0.63749703,13.11180115
0.637732826,13.11258888
0.6379915700000001,13.11170483
0.638226174,13.11163998
0.63848158,13.1130228
0.638742887,13.11132145
0.6389812460000001,13.11474419
0.6392417180000001,13.11548233
0.639483594,13.11032581
0.6397474630000001,13.11254597
0.639992558,13.11161995
0.6402402150000001,13.11136723
0.64048525,13.11100292
0.640739583,13.11466599
0.640985452,13.11462784
0.6412470570000001,13.11120892
0.641493343,13.11033058
0.641745232,13.10906029
0.6419853200000001,13.11231899
0.6422487130000001,13.11120796
0.642499171,13.10832787
0.6427521930000001,13.10723019
0.642984651,13.10547829
0.6432238450000001,13.10486412
0.643477701,13.10660934
0.643726789,13.10763454
0.6439786780000001,13.11042404
0.6442382560000001,13.10905457
0.644491099,13.10817814
0.644748293,13.10842037
0.6450015530000001,13.1082201
0.645243012,13.10589314
0.645493828,13.10461521
0.645740293,13.10566902
0.645997428,13.10753441
0.646237932,13.10783195
0.6464839210000001,13.1051445
0.6467330680000001,13.10448837
0.646991693,13.10746098
0.647235714,13.10404682
0.647493325,13.10420418
0.6477490890000001,13.10551453
0.647986375,13.10158539
0.6482376080000001,13.10111141
0.648496293,13.10207462
0.648750924,13.09922791
0.648973011,13.09830093
0.64923092,13.09982777
0.6494647490000001,13.10480404
0.649729811,13.10724831
0.65001031,13.10625935
0.65025457,13.10354805
0.650501214,13.0979538
0.6507297980000001,13.09853649
0.6509770380000001,13.09885693
0.6512329800000001,13.10003853
0.651492439,13.10195732
0.651754998,13.10269356
0.65198829,13.09763527
0.652230226,13.09879208
0.652496658,13.09864807
0.652749322,13.09767628
0.652995728,13.09970474
0.653242014,13.10016918
0.653507434,13.09805298
0.6537518130000001,13.09767056
0.65399345,13.09653568
0.6542423,13.09540844
0.654490613,13.09215164
0.654737137,13.09659004
0.654978477,13.09444809
0.655236386,13.09611511
0.655482374,13.09683228
0.6557568540000001,13.09770775
0.6560020670000001,13.09878731
0.656240068,13.09582329
0.656496965,13.09335899
0.656742238,13.09526634
0.656988107,13.09322453
0.657231353,13.09503841
0.6574939710000001,13.09711361
0.657757782,13.09654045
0.658003412,13.09250355
0.658227645,13.09030151
0.658479773,13.09205437
0.6587330330000001,13.09559727
0.6590075120000001,13.09383297
0.659241162,13.09171104
0.659488343,13.09222889
0.6597519150000001,13.09081173
0.659997009,13.0897007
0.660234176,13.08740902
0.660485529,13.08803082
0.6607461800000001,13.09182072
0.661002301,13.08918667
0.661255621,13.08769894
0.661492549,13.08645058
0.66173663,13.08529377
0.66197183,13.08669853
0.6622377260000001,13.08992577
0.662500225,13.08999157
0.662748121,13.08934879
0.6629984010000001,13.08994579
0.663235091,13.08690548
0.663504206,13.08536434
0.663744949,13.08509064
0.663983189,13.08445454
0.664237104,13.08687973
0.664485179,13.08839989
0.6647553070000001,13.0866251
0.664984547,13.08369827
0.6652402510000001,13.08498669
0.665483676,13.08815479
0.665735506,13.08486652
0.6659792290000001,13.08605957
0.666243158,13.08618736
0.6665027370000001,13.08694172
0.666749798,13.08554268
0.666979037,13.08405399
0.6672404630000001,13.08261013
0.667493247,13.08172226
0.667739533,13.08207798
0.668002628,13.08232212
0.66824653,13.08082581
0.668505751,13.08252525
0.6687342150000001,13.07832909
0.668975495,13.07921124
0.66922947,13.08019543
0.669485651,13.07896423
0.669713043,13.08169746
0.6699782240000001,13.08401394
0.6702364310000001,13.08243275
0.67050191,13.08043671
0.6707518920000001,13.07807827
0.67099043,13.07694244
0.671240054,13.07937336
0.671480022,13.07519627
0.671735488,13.07896233
0.6719838610000001,13.07625484
0.6722432,13.0780344
0.6724954470000001,13.0782671
0.672740184,13.07744026
0.672981106,13.07561302
0.673237167,13.07934093
0.6734903680000001,13.07797527
0.6737498270000001,13.07698822
0.673992418,13.07551765
0.674234413,13.07379341
0.674482308,13.07456017
0.674741171,13.07196236
0.674977265,13.07228279
0.6752241480000001,13.07212543
0.675495647,13.07303047
0.675727807,13.07531261
0.675991319,13.07529449
0.676243864,13.07349968
0.676474296,13.070261
0.6767419800000001,13.07282257
0.676983081,13.0706768
0.677242063,13.07007694
0.6774796470000001,13.06978226
0.677734755,13.06988335
0.6779730540000001,13.07236862
0.67821648,13.07048607
0.67849835,13.07107258
0.678742252,13.07247543
0.6789981350000001,13.07069874
0.679250024,13.06877995
0.679483496,13.0685482
0.6797503460000001,13.06839275
0.679983162,13.06455708
0.6802246200000001,13.0677824
0.68047329,13.06938457
0.6807312,13.07047844
0.680985533,13.07026005
0.681259178,13.07039547
0.68149706,13.06416798
0.681732856,13.0629797
0.6819759240000001,13.0649519
0.682235681,13.06524277
0.6824831,13.064744
0.6827424990000001,13.06733036
0.6829928980000001,13.06516838
0.68323829,13.06225014
0.683479272,13.06123352
0.683730744,13.063097
0.683979534,13.06178474
0.684234761,13.0659647
0.6844892730000001,13.0616169
0.684744083,13.06525326
0.6850083100000001,13.06437874
0.685252749,13.06024075
0.685489319,13.05793571
0.6857313740000001,13.05991554
0.685981415,13.06140804
0.686227284,13.06097889
0.68650683,13.0578022
0.68673446,13.05867004
0.6869815810000001,13.05764294
0.6872277480000001,13.05948544
0.687498234,13.0578928
0.687719666,13.06067467
0.6879864560000001,13.05935574
0.688239001,13.06193733
0.688497983,13.0576582
0.6887416470000001,13.05779076
0.6889907940000001,13.05448532
0.689227127,13.05511856
0.689484619,13.05823421
0.6897475940000001,13.05826569
0.689993344,13.05596733
0.690239154,13.05559254
0.690490626,13.05435085
0.690743469,13.05264473
0.690967642,13.05148983
0.691215538,13.0530901
0.69148346,13.05292606
0.691734932,13.05443668
0.6919964780000001,13.05427647
0.6922553410000001,13.05712509
0.692513369,13.0509243
0.6927471390000001,13.04755306
0.692986809,13.04512024
0.693223201,13.04898548
0.693497859,13.0508337
0.693756245,13.05054188
0.693984531,13.0492754
0.6942360630000001,13.05116081
0.694490038,13.04667091
0.694741212,13.0505476
0.6949984060000001,13.04848194
0.6952485070000001,13.04955196
0.695487104,13.04460335
0.69574251,13.04766178
0.6960039960000001,13.04542923
0.696251892,13.04634285
0.6964853630000001,13.04352951
0.696735941,13.04373169
0.696979784,13.03835869
0.697248422,13.04631042
0.6974909530000001,13.04570961
0.697762214,13.04381466
0.698000811,13.04366112
0.698255144,13.04099178
0.698489867,13.03918362
0.698744975,13.04264927
0.698981129,13.04148102
0.699242555,13.04721165
0.699499689,13.04232025
0.6997587310000001,13.04168415
0.7000030500000001,13.03823376
0.7002385480000001,13.04062939
0.700486921,13.03856945
0.700742446,13.03935146
0.70100417,13.04019737
0.701246821,13.03974915
0.701490484,13.03606796
0.7017472610000001,13.03652859
0.701989971,13.03546715
0.702245019,13.03666115
0.702490352,13.03382492
0.7027482620000001,13.03603458
0.702990733,13.03432178
0.703228615,13.03756905
0.703470253,13.03742313
0.703737818,13.03501034
0.703993045,13.03661251
0.704232536,13.03737831
0.704490505,13.03543758
0.7047607530000001,13.03711319
0.705000125,13.02784443
0.705258273,13.0305872
0.705488943,13.02655602
0.70573356,13.02782059
0.7059571370000001,13.02882862
0.706229173,13.03464127
0.706499122,13.03350067
0.7067473160000001,13.03313828
0.70700004,13.02958584
0.7072517500000001,13.03037167
0.707491361,13.02807808
0.70774927,13.02867126
0.707993411,13.02759743
0.7082521540000001,13.02685738
0.708493672,13.02533436
0.7087413300000001,13.0268116
0.708979987,13.02539349
0.709235571,13.02673531
0.7094727980000001,13.02435303
0.709734284,13.02804947
0.709985934,13.02647686
0.7102328170000001,13.02842903
0.7104881630000001,13.02700901
0.710755311,13.02518368
0.710996233,13.02433395
0.711235784,13.02286339
0.711491726,13.02120209
0.711722635,13.0229578
0.7119942530000001,13.02283955
0.712243401,13.02420235
0.712497972,13.01957512
0.712743186,13.02146721
0.713000439,13.01895523
0.713234566,13.01681423
0.7134812700000001,13.01836872
0.713744782,13.02003193
0.713977955,13.01943779
0.714250051,13.02079964
0.714494072,13.01860714
0.714742266,13.01637173
0.714974128,13.01631737
0.715230487,13.02061558
0.715492033,13.02066231
0.7157584650000001,13.01902866
0.7159803730000001,13.01917458
0.716257118,13.01642895
0.716500484,13.01418114
0.716733478,13.01404572
0.7169791680000001,13.01331425
0.717244648,13.01435471
0.717484616,13.01435375
0.717747353,13.0148983
0.7180025210000001,13.01232243
0.718241476,13.01375771
0.718488239,13.01263237
0.718737446,13.01378345
0.7189883810000001,13.0132122
0.7192426550000001,13.01271057
0.719486736,13.01211834
0.71972587,13.01098537
0.720005475,13.01064873
0.720243298,13.01023579
0.720509075,13.00914764
0.7207442150000001,13.0067749
0.7209995610000001,13.0062418
0.7212379800000001,13.00745296
0.721494638,13.00854874
0.7217572560000001,13.00476456
0.721987687,13.00193691
0.722225808,13.00365925
0.722477637,13.00072193
0.722745679,13.00702667
0.7229993570000001,13.00486851
0.723235808,13.00615025
0.723500095,13.00197697
0.7237460840000001,13.00388908
0.723996662,12.99980545
0.724241994,13.00374222
0.7244863140000001,13.00040436
0.724727832,13.00276756
0.725002013,13.00186253
0.725247584,12.99961948
0.725494824,13.00025272
0.725737892,13.00000286
0.725982927,13.00022793
0.7262464390000001,13.00005627
0.726498745,12.99980068
0.726745449,12.99825382
0.7269854170000001,12.99720764
0.7272416580000001,12.99662781
0.7274973020000001,12.99483013
0.7277448400000001,12.99448681
0.727994703,12.9954195
0.728228949,12.99457169
0.728493713,12.99528027
0.728742443,12.99720573
0.728987955,12.99516201
0.7292483670000001,12.99511337
0.7295029390000001,12.99394226
0.729739569,12.99384117
0.72999879,12.99230194
0.7302474600000001,12.99455452
0.730515681,12.9919529
0.730744563,12.99014473
0.7310014,12.98950863
0.731240533,12.98823547
0.7314908130000001,12.98873138
0.731734239,12.99222946
0.731999003,12.99107552
0.732250176,12.99000072
0.732486747,12.99205208
0.732750915,12.98800659
0.732998155,12.98630714
0.733224355,12.98752213
0.733498477,12.98978043
0.7337647900000001,12.98744106
0.733995818,12.98585606
0.734241746,12.98613071
0.734497689,12.98664665
0.7347576840000001,12.98419857
0.734993421,12.98131847
0.735240601,12.98178196
0.735488318,12.98106384
0.735745512,12.98327732
0.736000262,12.98217583
0.736231826,12.98309994
0.736496948,12.98115158
0.736741267,12.97964668
0.736982904,12.979249
0.737243854,12.98318386
0.737483643,12.97937584
0.737742745,12.97999477
0.73798772,12.97943878
0.7382419330000001,12.97924614
0.7384868490000001,12.9776907
0.738734268,12.97960663
0.738987111,12.97646523
0.739237569,12.98257732
0.739491545,12.97768116
0.739742957,12.97784424
0.7400004490000001,12.97847652
0.740244649,12.9751091
0.740489505,12.97340775
0.740749858,12.97411919
0.740990602,12.97364426
0.741242372,12.97656155
0.741497301,12.97659397
0.741757356,12.97243786
0.7419703830000001,12.96939182
0.742233895,12.97042179
0.742489658,12.97049427
0.7427515610000001,12.96895218
0.74299451,12.97253799
0.743243836,12.97100258
0.743477546,12.97068501
0.743738495,12.97028446
0.743998669,12.96912289
0.744238697,12.96803474
0.744490408,12.96691895
0.74472519,12.97077847
0.744990073,12.96896362
0.745245777,12.96763802
0.745493017,12.96825123
0.74573382,12.96567631
0.7459856500000001,12.96480465
0.74624636,12.96413708
0.7464786990000001,12.96483135
0.746726655,12.96508884
0.746982299,12.9654026
0.747240327,12.96339798
0.7474907860000001,12.96195984
0.7477275360000001,12.96238518
0.747989737,12.96397686
0.748242341,12.96186638
0.748506509,12.96335316
0.748742722,12.95939922
0.7489781600000001,12.96032715
0.749221109,12.9550972
0.749477945,12.9621172
0.749736749,12.9625597
0.749972187,12.96004105
0.750248574,12.96175385
0.7504826410000001,12.96390438
0.750739597,12.96058559
0.7509847510000001,12.95850277
0.7512225140000001,12.95692348
0.751492284,12.95921516
0.751736127,12.95686722
0.751978122,12.95847702
0.752223991,12.95501232
0.752470814,12.95578384
0.752717458,12.95626926
0.7529914600000001,12.95535088
0.7532285080000001,12.95435238
0.7534864170000001,12.95576096
0.7537348500000001,12.95493221
0.753975831,12.95030689
0.754223667,12.95325947
0.754477464,12.95062351
0.7547294720000001,12.95316029
0.754988812,12.95068455
0.75523039,12.95248604
0.755496763,12.9502306
0.7557382810000001,12.95007896
0.755980514,12.94890308
0.756235384,12.95034409
0.756489359,12.94787216
0.7567247380000001,12.94942474
0.756998919,12.95017624
0.757230602,12.94928646
0.757484995,12.94648552
0.7577416530000001,12.94391441
0.7579782230000001,12.94492245
0.758221947,12.94361973
0.758487843,12.94546986
0.758734189,12.94569492
0.75898435,12.94330883
0.759244762,12.94461918
0.759480141,12.94247437
0.759723805,12.93970871
0.759984218,12.94156456
0.760227822,12.94468689
0.760495924,12.94315434
0.760737263,12.94097519
0.760980927,12.94325066
0.7612408030000001,12.93776608
0.761490069,12.9384737
0.761743449,12.9382391
0.761990987,12.93632126
0.762241982,12.93710995
0.762489878,12.93619442
0.762738966,12.9356451
0.76299455,12.93383026
0.763241433,12.93296432
0.763466977,12.93207455
0.763723932,12.93599129
0.763984405,12.93616009
0.7642361750000001,12.93827343
0.764503084,12.93103313
0.7647364360000001,12.93235874
0.764983557,12.93033981
0.765230082,12.93101978
0.765486501,12.92882061
0.765730761,12.93158722
0.765989982,12.93114376
0.766259812,12.93304157
0.766498529,12.92652321
0.766746484,12.92629433
0.766978942,12.9266386
0.7672396530000001,12.93046284
0.767495416,12.92959309
0.767746829,12.92906857
0.768000923,12.92702484
0.768257223,12.92422199
0.768489324,12.92149544
0.768733882,12.92056847
0.768985354,12.92390919
0.769243322,12.92109299
0.7694906220000001,12.92673683
0.7697507960000001,12.92373753
0.7699907650000001,12.921525
0.770244323,12.92235565
0.770497285,12.92120457
0.770735882,12.92218208
0.77099552,12.92302513
0.771241389,12.91998386
0.771509014,12.91948318
0.771746241,12.91854
0.771994077,12.91883087
0.772239052,12.91712952
0.7725008950000001,12.91672802
0.772755049,12.91621399
0.772987984,12.91647148
0.773252212,12.91727257
0.773501359,12.91349125
0.7737358440000001,12.91240597
0.773994647,12.91259575
0.774244689,12.9131813
0.7744816170000001,12.91428757
0.774741314,12.9122057
0.77500733,12.9157095
0.775256954,12.90990734
0.775497638,12.91092587
0.775740646,12.9098959
0.7759903890000001,12.90991116
0.776232146,12.91047955
0.7764993530000001,12.91216373
0.776751183,12.91050911
0.7769949660000001,12.91115856
0.777264796,12.90912533
0.777497016,12.9017601
0.77773758,12.90579987
0.777974449,12.90560818
0.7782480940000001,12.90671062
0.778488897,12.90608597
0.7787511570000001,12.90667152
0.7790139540000001,12.90441132
0.779247962,12.89963913
0.779490255,12.90042686
0.779740058,12.90132141
0.780004881,12.90330791
0.780248664,12.90352917
0.780509494,12.90075207
0.780753993,12.90162563
0.780994557,12.89825344
0.7812460290000001,12.89751244
0.781484388,12.89773846
0.7817404490000001,12.90014744
0.782003246,12.89937878
0.78225901,12.89734077
0.7825238330000001,12.89536858
0.782752179,12.89484024
0.782997273,12.8944149
0.783247374,12.89212608
0.783486687,12.89400101
0.783731066,12.89443111
0.7839877230000001,12.89690113
0.784251593,12.89503956
0.784518324,12.89155579
0.784752868,12.89262009
0.7849939690000001,12.88781929
0.785249673,12.89066887
0.785501205,12.88918495
0.78574469,12.88903332
0.786001764,12.88890171
0.7862574680000001,12.8882103
0.786503814,12.88523102
0.78674259,12.88821793
0.786997222,12.88520718
0.787238322,12.88535595
0.787506126,12.88913727
0.78776028,12.88622761
0.788010262,12.88477898
0.7882631050000001,12.88207626
0.788522445,12.88136005
0.788750433,12.87753963
0.7889927250000001,12.88149071
0.789243601,12.88099098
0.789499961,12.8817234
0.789756321,12.88077736
0.7899927720000001,12.88160133
0.7902463900000001,12.88272572
0.790520035,12.87936115
0.790759944,12.87946606
0.790989839,12.87623692
0.7912432180000001,12.87590885
0.791496836,12.87795162
0.791753076,12.87725544
0.7920006740000001,12.87346363
0.792254172,12.87547302
0.7924960480000001,12.87593174
0.792750143,12.87158775
0.79299631,12.87053967
0.793244444,12.87275028
0.793504797,12.87256908
0.793743037,12.87375259
0.793994926,12.87300205
0.794258259,12.87281609
0.794494771,12.86923027
0.794738554,12.86932373
0.794997595,12.87184238
0.7952594390000001,12.86914921
0.795510076,12.87028599
0.795746826,12.86716747
0.796012603,12.86606121
0.796243154,12.86464119
0.7964976060000001,12.86247826
0.7967474090000001,12.86182213
0.797006153,12.86419773
0.797238074,12.86468697
0.797504328,12.86480331
0.7977643240000001,12.86464214
0.798006855,12.86176395
0.798238061,12.86224461
0.7984919180000001,12.86261749
0.798748992,12.86419201
0.798997425,12.86100483
0.799246691,12.86172962
0.799494229,12.86110878
0.7997628680000001,12.86177254
0.800018154,12.85834408
0.800251566,12.85676289
0.8004995810000001,12.85503197
0.800733946,12.85357761
0.800995372,12.85872459
0.8012485730000001,12.85938644
0.801506303,12.8583889
0.8017475230000001,12.85638618
0.802009545,12.85550022
0.80227419,12.84927368
0.802501224,12.84960747
0.802760743,12.84876537
0.802992247,12.84814262
0.8032497390000001,12.84998226
0.803496443,12.8479147
0.8037362920000001,12.85366631
0.804009639,12.85094452
0.80424764,12.84971905
0.804505669,12.84735107
0.804728888,12.84841156
0.805005215,12.84972858
0.8052563890000001,12.84908867
0.805520676,12.84809113
0.805743359,12.8452692
0.805994175,12.84282875
0.8062496410000001,12.84365654
0.806484364,12.84184265
0.806752227,12.84931183
0.8069925530000001,12.84429741
0.807265066,12.84569836
0.807500742,12.84024429
0.807754718,12.84109306
0.808003686,12.8405447
0.808246814,12.84174728
0.808492266,12.84018898
0.808761798,12.84174919
0.809003554,12.83941555
0.809253238,12.83874035
0.809507094,12.83796024
0.809742771,12.8365593
0.809997879,12.83638096
0.810243033,12.83523083
0.810505472,12.83758831
0.81075462,12.83687496
0.811015271,12.83362389
0.8112555370000001,12.83143234
0.8115030160000001,12.83148956
0.811753593,12.83216763
0.811994337,12.83117199
0.812241517,12.82916641
0.8124963270000001,12.83068752
0.812739693,12.83050537
0.813004695,12.83194065
0.813260399,12.82787704
0.813479684,12.82602024
0.813740157,12.82773399
0.813995205,12.82651711
0.8142476900000001,12.82718468
0.814508341,12.82708168
0.81476339,12.82674217
0.815007351,12.82388306
0.815244697,12.82177162
0.815504573,12.82141781
0.815739118,12.82286739
0.816009961,12.82233524
0.8162449230000001,12.82038021
0.8164995540000001,12.82279491
0.81675794,12.82356167
0.817003511,12.81973553
0.817266189,12.81865883
0.817505323,12.81772041
0.817744635,12.81484032
0.81800922,12.81696796
0.818262242,12.8170023
0.81850519,12.81448269
0.818744861,12.81453133
0.818982624,12.81454182
0.8192325460000001,12.81637859
0.819485746,12.81561184
0.819748901,12.81382942
0.820016943,12.81383324
0.820245527,12.8126936
0.82049837,12.8145752
0.82075157,12.81257248
0.8209965450000001,12.81130695
0.82125207,12.8076849
0.821490072,12.80941486
0.821756743,12.80900383
0.8219972480000001,12.8086729
0.8222587330000001,12.81018162
0.822492562,12.8081007
0.82275673,12.80521393
0.823003791,12.80443192
0.823244415,12.80430031
0.823493384,12.80392742
0.823746227,12.80468178
0.8240126,12.80603981
0.824251555,12.80401325
0.824497484,12.80109024
0.8247536050000001,12.80147839
0.8250053150000001,12.79766273
0.82524129,12.79692268
0.825498186,12.79614544
0.825748704,12.79885197
0.8260092960000001,12.79867458
0.8262453900000001,12.79690742
0.826492153,12.80013466
0.8267511350000001,12.79503155
0.82700374,12.79677296
0.827241264,12.7957468
0.8275027500000001,12.79441547
0.827759825,12.79839897
0.828004442,12.79368305
0.828247868,12.79205132
0.828496777,12.7904253
0.828759037,12.7913599
0.8290065750000001,12.78840446
0.829244159,12.78960133
0.82948824,12.79095078
0.829753183,12.78948975
0.830013,12.78944111
0.83026626,12.78528214
0.8304994330000001,12.78637791
0.830750667,12.78359032
0.830997132,12.78499317
0.831250452,12.78464603
0.831502281,12.78581524
0.8317548260000001,12.78641891
0.8320082050000001,12.78400421
0.832265698,12.78194046
0.8324949970000001,12.78110886
0.832741343,12.77933121
0.832985066,12.78177547
0.833247863,12.78113937
0.833505295,12.78383827
0.833757781,12.7821455
0.834022068,12.77853012
0.83424338,12.77815056
0.834512554,12.77849483
0.834756814,12.77117062
0.834989987,12.77328205
0.835234963,12.77736759
0.835491799,12.77744865
0.835751198,12.77523899
0.8360019550000001,12.77499008
0.836264633,12.77355385
0.836502694,12.77228928
0.8367386680000001,12.7752533
0.837007903,12.77366924
0.8372612220000001,12.77380466
0.8375090590000001,12.77242851
0.837764464,12.76878929
0.837996684,12.76503372
0.8382447590000001,12.76556206
0.838491164,12.76908302
0.838749014,12.76658821
0.839003526,12.7695446
0.839251898,12.7663517
0.839516185,12.76768112
0.839760684,12.76381207
0.840001129,12.76431084
0.8402527200000001,12.76245785
0.840513371,12.76066303
0.840768241,12.76043415
0.8410065990000001,12.76084328
0.8412388190000001,12.76117325
0.841492616,12.76059532
0.8417452200000001,12.76255798
0.842000328,12.76009178
0.8422383290000001,12.75903606
0.842506848,12.75791836
0.842747413,12.75686264
0.843001388,12.75677586
0.8432425490000001,12.75692081
0.843508922,12.75390244
0.8437474,12.75212574
0.843998157,12.75610924
0.8442316280000001,12.75089455
0.84450724,12.75614929
0.844747327,12.75450516
0.8450046410000001,12.75516033
0.845258795,12.75065231
0.8455174790000001,12.74716377
0.845739745,12.74742699
0.8459823360000001,12.74898148
0.846231662,12.75011635
0.846492969,12.75120735
0.846753918,12.75328159
0.8470186820000001,12.75007153
0.84726467,12.74525738
0.847505115,12.74259949
0.847756229,12.74169922
0.847995602,12.73960972
0.848251604,12.7426157
0.8484920490000001,12.74168301
0.848749124,12.74031258
0.848996721,12.74335384
0.849247418,12.74152756
0.8495006190000001,12.7425499
0.849736832,12.74145508
0.8499658330000001,12.73974705
0.8502343520000001,12.74345207
0.850509368,12.74203682
0.850765966,12.74095058
0.8510209550000001,12.73802376
0.85124924,12.73483944
0.8514919510000001,12.73225689
0.851723455,12.73286724
0.8519893510000001,12.73941231
0.8522526850000001,12.73779964
0.8525028450000001,12.73526955
0.8527574170000001,12.73522854
0.85299667,12.73306942
0.85324999,12.73014355
0.8535042030000001,12.72894096
0.8537279,12.7288332
0.853989683,12.73070145
0.854242109,12.73029995
0.854511224,12.7318697
0.8547507750000001,12.72716236
0.855002962,12.72673988
0.855235539,12.72584248
0.855507217,12.72719002
0.8557437880000001,12.72664642
0.855995022,12.72697067
0.856247567,12.72349262
0.8564982640000001,12.72416687
0.856752358,12.7240963
0.85698434,12.7212925
0.857243799,12.72250652
0.857495926,12.71979618
0.857756578,12.72390842
0.8579982740000001,12.72048855
0.858247899,12.71928692
0.858502589,12.71800232
0.858729147,12.71303844
0.858994506,12.71873474
0.859241508,12.7168293
0.8595029940000001,12.718256
0.859768592,12.71698952
0.859998845,12.71425056
0.860255145,12.71495342
0.8604874840000001,12.71315765
0.8607461080000001,12.71019745
0.861001812,12.71216488
0.8612570390000001,12.70821953
0.861482822,12.71103001
0.8617481220000001,12.7092495
0.86199411,12.71302319
0.862265252,12.70944405
0.862501286,12.70436668
0.862748705,12.70804501
0.8630129320000001,12.70519829
0.863247357,12.7022934
0.863491915,12.70382214
0.86374291,12.70518112
0.863981687,12.70579147
0.864242159,12.70393944
0.864491247,12.702631
0.864737891,12.70236683
0.865001582,12.70706177
0.865264498,12.70452595
0.865509175,12.70278263
0.865744375,12.69912243
0.8660047280000001,12.70141792
0.866253458,12.69493961
0.866498314,12.69766235
0.866757475,12.69625664
0.866993152,12.69703293
0.867260955,12.69579124
0.8674991360000001,12.69434166
0.867738329,12.69277859
0.868000411,12.69582653
0.8682390680000001,12.69497871
0.8684988840000001,12.69231701
0.868764304,12.69479847
0.8690030200000001,12.69305038
0.869253479,12.69217873
0.869513773,12.69150352
0.8697455150000001,12.68704605
0.869995199,12.68536854
0.870241068,12.68522644
0.870497905,12.68944359
0.870754145,12.68675709
0.8709972730000001,12.68897057
0.871259295,12.68673992
0.871493481,12.68655682
0.871750973,12.6816349
0.871993445,12.68445301
0.872242354,12.6824398
0.872510038,12.68377972
0.872758769,12.68304539
0.872997902,12.67908192
0.873266302,12.68043137
0.87349882,12.67804241
0.87375506,12.67772961
0.87399938,12.67771244
0.874252997,12.67762375
0.874497257,12.67554379
0.874740087,12.67753315
0.875009798,12.67840767
0.8752659190000001,12.67474842
0.875509761,12.67566681
0.8757606370000001,12.6705761
0.875999175,12.67008877
0.876233123,12.67031002
0.876501225,12.67330837
0.876750253,12.67093563
0.8770004140000001,12.67483521
0.877256833,12.67086315
0.877506875,12.66713524
0.8777517300000001,12.66551208
0.8779962290000001,12.66622639
0.878255807,12.6678381
0.878491245,12.66931629
0.8787433130000001,12.6675005
0.8790015800000001,12.66694355
0.879243933,12.66715717
0.879495047,12.66365528
0.87974789,12.66509342
0.879995369,12.66476154
0.880259954,12.66479492
0.880512975,12.65995502
0.880745553,12.66121006
0.8809918990000001,12.66104603
0.881238006,12.65970325
0.881505214,12.65895462
0.881746732,12.65799618
0.881998979,12.65985584
0.8822541460000001,12.65298176
0.882508241,12.65609741
0.882736884,12.653512
0.8829875220000001,12.65297508
0.883245252,12.65168953
0.883484326,12.64865398
0.883733057,12.652215
0.883995973,12.6556654
0.8842640150000001,12.65190506
0.884507857,12.65253162
0.884764455,12.64826775
0.8849987610000001,12.64711952
0.88525679,12.64408779
0.8854837640000001,12.64632988
0.8857527000000001,12.64597988
0.886007093,12.64765835
0.8862408030000001,12.64733505
0.88649448,12.64373684
0.886756085,12.64482594
0.887004458,12.64301109
0.887254678,12.64181423
0.8874929770000001,12.64459419
0.887744866,12.6440773
0.8880051,12.64232349
0.888260327,12.64131546
0.888514064,12.63629627
0.888761602,12.63745975
0.888988875,12.6370554
0.889238857,12.6349802
0.889491938,12.63604832
0.889744304,12.63959026
0.890003525,12.63899517
0.890247844,12.63628292
0.890493773,12.63759708
0.890757941,12.63219166
0.891001307,12.63302422
0.891259991,12.63287544
0.891513012,12.63068199
0.891753458,12.62947559
0.8920048700000001,12.63140678
0.892235719,12.62590313
0.892501615,12.62758732
0.892756485,12.62665558
0.8930014000000001,12.62524605
0.893262051,12.62471008
0.893490099,12.62389088
0.89374926,12.62619209
0.89400997,12.62391758
0.8942372430000001,12.62252617
0.894494973,12.62022495
0.894738697,12.62204552
0.894993983,12.62608337
0.895247482,12.62305069
0.8955198750000001,12.62404156
0.895750783,12.62217712
0.896002315,12.61900616
0.896243475,12.61782646
0.896502398,12.62062454
0.896757923,12.61408329
0.896986209,12.61750126
0.8972559800000001,12.61992073
0.897511803,12.61491013
0.897753023,12.61554146
0.8980095610000001,12.61416817
0.89823886,12.61034679
0.898486875,12.60951996
0.898760401,12.60886574
0.898982309,12.61016846
0.89924445,12.60908604
0.8994854910000001,12.61246681
0.899750315,12.60890293
0.9000003560000001,12.60719967
0.900262557,12.60893917
0.900485776,12.60610485
0.900744997,12.607234
0.901013576,12.60720348
0.901244067,12.6026659
0.901504539,12.60541248
0.9017396200000001,12.60299778
0.902000271,12.60132599
0.902225994,12.59970474
0.902508341,12.60166454
0.902750991,12.60003948
0.903004907,12.59914207
0.9032607300000001,12.59730434
0.903476142,12.59587955
0.903740071,12.59421158
0.903997444,12.59565353
0.9042293650000001,12.59941864
0.904485606,12.59589958
0.9047383290000001,12.59476376
0.905002438,12.59923649
0.905252181,12.59349537
0.905484937,12.58956432
0.905739986,12.59027195
0.9059975370000001,12.59172726
0.9062385780000001,12.58948708
0.9064825400000001,12.59266949
0.906754159,12.59134388
0.907010697,12.58870602
0.907246612,12.58703709
0.907488607,12.58521938
0.9077362640000001,12.58402824
0.907983922,12.58779526
0.908248805,12.58847809
0.908500455,12.58885479
0.908756875,12.5837183
0.908993028,12.5804863
0.909236454,12.5783186
0.9094704610000001,12.57927608
0.909722887,12.57846355
0.909978472,12.58276558
0.91025164,12.58177948
0.910481297,12.5825491
0.910745762,12.57740116
0.910999797,12.57650757
0.911229335,12.57368374
0.911472462,12.57565308
0.911741637,12.57831573
0.911985777,12.57889748
0.91224476,12.57446194
0.9124914630000001,12.57319641
0.91273775,12.57268238
0.912984751,12.57388306
0.913243376,12.57089233
0.913494192,12.57196331
0.913752996,12.57320595
0.913999401,12.56860924
0.914232455,12.56782627
0.9144752850000001,12.56640434
0.9147361740000001,12.56393814
0.914993905,12.57031345
0.915240012,12.56657219
0.915500902,12.5681057
0.91576948,12.5646534
0.916001462,12.56203365
0.916236721,12.56059551
0.9164839610000001,12.56343174
0.916724824,12.5605278
0.916986726,12.56346607
0.917254828,12.56269264
0.917511366,12.55997944
0.917764865,12.55754757
0.918009602,12.55541039
0.918235682,12.55593014
0.918464445,12.55307674
0.9187371360000001,12.5586853
0.91898986,12.55856133
0.919245266,12.55986118
0.919504665,12.56050301
0.9197592960000001,12.55349541
0.9200071320000001,12.55339146
0.920241796,12.55115223
0.92050489,12.55221176
0.920759581,12.54930019
0.921008609,12.54867077
0.921244107,12.55100918
0.921492301,12.55036163
0.9217376930000001,12.54760838
0.922005199,12.54700089
0.922252677,12.5486002
0.922506534,12.54532814
0.922745429,12.545084
0.9230119210000001,12.54814911
0.923263513,12.54573154
0.923516475,12.54291058
0.923761927,12.53748798
0.923989736,12.5361557
0.924252354,12.53920937
0.924487136,12.53679943
0.924753569,12.53947258
0.9250175580000001,12.53811073
0.925248288,12.5348444
0.925499462,12.53469849
0.925742291,12.53362465
0.925999962,12.53750324
0.926235877,12.53351593
0.926507376,12.53776741
0.926759087,12.53728104
0.9270128830000001,12.53237247
0.927253388,12.53066444
0.927498303,12.52902794
0.927738093,12.5276165
0.927990995,12.53121853
0.9282617790000001,12.53258419
0.9285059800000001,12.53018951
0.928768896,12.52688217
0.929004751,12.5286932
0.929261349,12.52662945
0.929509126,12.52442265
0.9297607170000001,12.52109432
0.9300027120000001,12.52050304
0.930255793,12.52161789
0.930502854,12.52209854
0.9307587970000001,12.52042389
0.930983149,12.5207386
0.931248866,12.5210762
0.931508623,12.51942062
0.931748711,12.51734638
0.932009004,12.51398754
0.932237826,12.51351643
0.932505153,12.51716518
0.932747923,12.5156641
0.932997488,12.51635361
0.9332399,12.51499653
0.9335086570000001,12.51478386
0.933750294,12.51357555
0.9340052830000001,12.51254749
0.934256457,12.51227951
0.93450328,12.50932026
0.9347562420000001,12.51061535
0.934992336,12.51132774
0.935254537,12.50947666
0.935505353,12.50596237
0.9357550960000001,12.5074234
0.93600037,12.50590801
0.936245762,12.50435257
0.936506771,12.50265026
0.936747275,12.50314236
0.937004767,12.50010681
0.937253259,12.50036621
0.937503301,12.49989033
0.937749826,12.50095272
0.938001655,12.50287437
0.938253604,12.49914551
0.938503049,12.49826813
0.938746058,12.49804401
0.9389910920000001,12.49620056
0.939241789,12.49531937
0.9395069110000001,12.49649906
0.939731084,12.49795437
0.940019868,12.49693298
0.940267108,12.49334621
0.940515719,12.49155617
0.9407463300000001,12.48917294
0.9409818870000001,12.48992825
0.9412407500000001,12.49321651
0.941500209,12.49015617
0.9417532310000001,12.489254
0.942002438,12.4906559
0.942264579,12.49130726
0.9425035940000001,12.4852314
0.94275745,12.4864502
0.9430015310000001,12.48272514
0.943233393,12.48440933
0.94350674,12.48524475
0.943759941,12.4825449
0.944017969,12.4807539
0.94424697,12.47942638
0.944500707,12.4815836
0.944756828,12.4790287
0.94500836,12.47896194
0.945256911,12.47442341
0.945489369,12.47690773
0.94574561,12.47811413
0.94600638,12.47844124
0.9462498060000001,12.47664261
0.946508311,12.47365284
0.9467637170000001,12.47178745
0.947006427,12.47235203
0.94724723,12.4718132
0.9475055560000001,12.47150803
0.947746895,12.47151184
0.9479918110000001,12.47225475
0.948253833,12.46882153
0.948517107,12.4694643
0.94875332,12.46699524
0.948992394,12.46772957
0.949260198,12.46632099
0.949491166,12.46622372
0.949760817,12.46764374
0.950007938,12.46482849
0.950262688,12.46252823
0.950499259,12.46077633
0.950755082,12.46203995
0.950994276,12.46405792
0.951243006,12.46230221
0.951502048,12.46027756
0.951762341,12.46516323
0.952000819,12.45995808
0.952255689,12.45939159
0.952497982,12.45870495
0.952746175,12.45644855
0.95298519,12.45804596
0.953250967,12.45972919
0.953525089,12.4569912
0.953765057,12.45263958
0.9540221320000001,12.44801044
0.954258166,12.44644356
0.954478763,12.44994926
0.954740428,12.44825649
0.9549940450000001,12.45112038
0.955257498,12.45024109
0.955500327,12.45027637
0.955761634,12.44751644
0.956007801,12.44706535
0.956247531,12.44309521
0.9564914330000001,12.44391441
0.956752442,12.44497585
0.9570036160000001,12.44293213
0.957239829,12.44288254
0.9574930300000001,12.44658184
0.957742773,12.44110203
0.958005153,12.44241619
0.958254956,12.43886662
0.958492063,12.44004059
0.958764218,12.43962955
0.959028147,12.43656254
0.9592600090000001,12.4357605
0.959497713,12.43451405
0.959752701,12.43292522
0.959986769,12.43122005
0.960234963,12.43427372
0.960495673,12.4337635
0.960740946,12.43316746
0.960991107,12.4361124
0.961242817,12.4333477
0.9614882100000001,12.43165779
0.961753152,12.43346405
0.96198412,12.43075848
0.9622521030000001,12.42984009
0.962496601,12.42803192
0.962729536,12.42827225
0.9630064,12.42882824
0.963253938,12.42794704
0.963493966,12.42388058
0.963726066,12.42146873
0.9640106780000001,12.42536068
0.9642426000000001,12.42251968
0.964508139,12.42244911
0.964738451,12.42041302
0.965008281,12.42177582
0.9652403820000001,12.41874981
0.9654901850000001,12.41954708
0.9657564390000001,12.41466522
0.966002427,12.41354465
0.966249727,12.41459274
0.9665061460000001,12.4140873
0.966748975,12.41226768
0.966993414,12.41093826
0.967231237,12.41061115
0.967491053,12.41005993
0.967738234,12.41210365
0.96798452,12.41242886
0.9682649,12.41209984
0.9685037360000001,12.40749836
0.968743645,12.40667343
0.968997263,12.40347576
0.969235741,12.40370274
0.9694831,12.40695381
0.969743215,12.40567493
0.9700075020000001,12.40538406
0.970246397,12.40397644
0.970495723,12.40227413
0.9707383740000001,12.40186882
0.970978283,12.4013176
0.97123339,12.39993668
0.971488439,12.401124
0.971762024,12.40115738
0.9720041380000001,12.40046501
0.972242139,12.39578247
0.972501122,12.39594173
0.972749017,12.39340973
0.972994767,12.39284992
0.97323861,12.39271164
0.973504566,12.39479923
0.973744653,12.39224434
0.9740004760000001,12.39254951
0.974254273,12.38705826
0.97448685,12.38777447
0.974742852,12.38554478
0.975000285,12.38868523
0.97523769,12.38630676
0.975514136,12.3877573
0.975753985,12.38415337
0.975990914,12.38220596
0.976236545,12.38138866
0.976474606,12.38587666
0.9767223230000001,12.38173199
0.976986669,12.3849659
0.977258764,12.38506413
0.9775115480000001,12.38424873
0.9777548540000001,12.38062
0.9780007230000001,12.37557507
0.978228293,12.37683868
0.978485905,12.379426
0.9787487020000001,12.3773756
0.9789937360000001,12.37960339
0.9792577250000001,12.37923813
0.979518376,12.37853813
0.979760967,12.37432098
0.980001412,12.37435818
0.980245315,12.37138271
0.980500601,12.37320042
0.980751477,12.37064362
0.981019102,12.36986637
0.981253408,12.36706924
0.98150333,12.36615849
0.98174014,12.36522293
0.981990062,12.36350155
0.982245408,12.36644173
0.982496165,12.36637115
0.982738458,12.36806393
0.9829949370000001,12.36608696
0.9832664950000001,12.36518288
0.983497821,12.36215305
0.983764969,12.35775471
0.983984552,12.35837746
0.9842418660000001,12.35784626
0.984478258,12.36054707
0.98474922,12.36026955
0.9850049240000001,12.3604126
0.9852851850000001,12.35804176
0.985510312,12.35300541
0.98576387,12.34936714
0.986007117,12.34728622
0.98624184,12.34810352
0.9864930740000001,12.35097885
0.986756705,12.35246849
0.9870020970000001,12.35165787
0.987249874,12.34697247
0.987491511,12.34908772
0.987753354,12.34973812
0.988017582,12.35012436
0.9882704840000001,12.34420872
0.988511287,12.34139729
0.9887470230000001,12.34165668
0.988996647,12.34399796
0.989241801,12.34249592
0.9894914260000001,12.34210968
0.989755951,12.34361935
0.98998823,12.34005356
0.990245842,12.34151077
0.990502499,12.3416748
0.990755819,12.34104156
0.991004251,12.3385582
0.9912483320000001,12.33675671
0.991494022,12.3335743
0.991740488,12.3366909
0.991988801,12.33559608
0.992256783,12.33733845
0.992497943,12.33454323
0.992763721,12.33412457
0.9930340280000001,12.33049011
0.9932436570000001,12.3263483
0.993497215,12.32798767
0.993728899,12.32563686
0.993989788,12.33195019
0.994248949,12.32998466
0.994503282,12.32779694
0.994758867,12.32700729
0.994993888,12.32704544
0.995248102,12.32295609
0.995499157,12.32120228
0.995729469,12.32056618
0.995999955,12.32307053
0.996254347,12.32263279
0.9965144020000001,12.32164669
0.996748053,12.31889343
0.996998869,12.31616688
0.99724903,12.31680775
0.997490369,12.31589127
0.997741364,12.31696415
0.998004817,12.31816578
0.998258494,12.31710052
0.998506628,12.31338692
0.998726986,12.31452751
0.998984061,12.31481075
0.9992398250000001,12.31540298
0.999494039,12.31296825
0.999753915,12.3149128
1.0000096779999998,12.30977154
1.000244282,12.30491257
1.0004319179999999,12.29048252
1.000559472,12.26870251
1.000664137,12.23968983
1.000669979,12.20596981
1.000625514,12.16223907
1.0005376559999999,12.12282848
1.000462316,12.09206009
1.0003940089999999,12.06505299
1.0003353579999998,12.03791809
1.000297807,12.02591133
1.000278019,12.01644897
1.000272058,12.00505924
1.000247382,11.99548626
1.0002583489999999,11.99801445
1.000307463,12.01655579
1.00047233,12.0664196
1.000719927,12.13299847
1.001024626,12.19782543
1.0013487559999998,12.2571516
1.001701497,12.29651833
1.00209,12.3249321
1.002467655,12.32851791
1.002817176,12.32957077
1.003128313,12.31614876
1.003400587,12.30346298
1.0036207659999998,12.29475403
1.003842615,12.28866386
1.004071497,12.28662872
1.0042784439999999,12.28538895
1.0045256839999999,12.28922749
1.0047471749999999,12.29060078
1.005005024,12.29505157
1.005288743,12.29701233
1.0055446849999998,12.29675674
1.005798839,12.29705048
1.0060539469999998,12.29501057
1.0062958229999999,12.29149246
1.006545566,12.28940964
1.006806277,12.28943062
1.007055067,12.28850746
1.0072989689999998,12.28962135
1.0075578909999998,12.28766632
1.007814072,12.28582668
1.0080521329999999,12.28227615
1.0082950819999998,12.28229237
1.008546017,12.2809763
1.008793734,12.27993488
1.009056948,12.2779398
1.0092770089999998,12.28165817
1.009545706,12.28229046
1.00979843,12.28177738
1.01006081,12.28198528
1.010301612,12.27690792
1.0105631579999999,12.27800751
1.0107971649999998,12.27648067
1.011049055,12.27707386
1.011296772,12.27665997
1.011556052,12.2736578
1.0118124709999998,12.27077389
1.0120450479999998,12.2696619
1.0122947919999998,12.2692976
1.0125386939999999,12.27109337
1.0127955899999999,12.27187443
1.0130535589999998,12.27216625
1.0133098589999998,12.2698431
1.0135554299999998,12.26446629
1.01381173,12.26837444
1.014054678,12.26302528
1.0142955999999999,12.26241875
1.014543913,12.2619381
1.0148014049999998,12.26496029
1.015056633,12.26088905
1.0153199659999999,12.25845051
1.015548132,12.25760269
1.015787386,12.25750923
1.01603546,12.25849056
1.0163030849999999,12.25713539
1.016543053,12.26165104
1.01679685,12.25608635
1.017074131,12.25805759
1.017295025,12.25490189
1.0175485839999998,12.25190449
1.0177924859999998,12.25070477
1.018047594,12.24966145
1.018300556,12.25289249
1.018558525,12.25298691
1.018787168,12.24858379
1.01904621,12.25226212
1.019305728,12.24704742
1.019543074,12.24582005
1.0198048579999999,12.24301815
1.0200453029999998,12.2461853
1.0203055369999998,12.2475729
1.020553731,12.24438858
1.0208114609999999,12.24248314
1.021067642,12.23959827
1.0212999809999999,12.23600388
1.021531008,12.23671436
1.021782182,12.23836517
1.0220457539999999,12.23903656
1.022299908,12.24031162
1.022548102,12.23849773
1.022812151,12.23622704
1.0230449659999998,12.23573399
1.0232873189999998,12.23503494
1.023541831,12.23448658
1.023808621,12.23641682
1.024059437,12.23576641
1.024318598,12.23268509
1.02456405,12.22718716
1.024815343,12.22569656
1.025030755,12.22495747
1.025279544,12.22631931
1.0255294069999998,12.23041534
1.0258132439999998,12.23044586
1.0260619149999999,12.22961712
1.026299618,12.22548008
1.026547693,12.22478962
1.026790761,12.22188377
1.027051948,12.22198868
1.027296327,12.21878338
1.027547024,12.22260284
1.027802132,12.22215176
1.028056882,12.21960831
1.028302692,12.21931362
1.0285519589999998,12.22092342
1.028789424,12.21593952
1.029037856,12.21558857
1.0292818769999998,12.21784687
1.029550336,12.21854782
1.0298187959999998,12.21226788
1.0300626979999998,12.21341705
1.0302903879999998,12.20933914
1.030544065,12.21131039
1.030796908,12.20820427
1.031015657,12.20692253
1.031279944,12.21169949
1.031554125,12.21374226
1.031799339,12.20920372
1.032066129,12.20790577
1.032296561,12.20542049
1.032543324,12.20521069
1.032791399,12.20171356
1.033047699,12.20374966
1.033283733,12.2052784
1.033554696,12.20570087
1.033807062,12.20079041
1.034049176,12.19683838
1.034290813,12.19691563
1.034545206,12.19699669
1.034792446,12.1979723
1.035051964,12.19978428
1.035297059,12.19482231
1.035544299,12.19547939
1.035792731,12.19244194
1.036035083,12.18981361
1.036283039,12.19192791
1.0365361199999998,12.19291878
1.0367940889999998,12.19231415
1.037044905,12.1901474
1.0372985829999999,12.18949509
1.037552856,12.18777084
1.0377872209999999,12.183918
1.038014792,12.18704605
1.0383026819999999,12.18801117
1.038538478,12.18801785
1.038794302,12.18140507
1.0390423759999998,12.18302917
1.039289616,12.17940426
1.0395490159999998,12.18382072
1.039776705,12.17983246
1.040036939,12.18177223
1.0402919279999998,12.18089485
1.040537857,12.18108368
1.040799044,12.17841244
1.0410417539999999,12.17785549
1.041308664,12.17429161
1.041530989,12.17356682
1.0417956339999999,12.17485428
1.0420619469999999,12.17332268
1.0423057299999998,12.17108059
1.042542838,12.17108917
1.0428143959999998,12.16888905
1.043038271,12.16975307
1.043285273,12.16545773
1.043526076,12.16734886
1.04379227,12.16853905
1.0440585839999998,12.16722393
1.044303201,12.16670132
1.0445571169999999,12.16355419
1.0447961319999999,12.16203022
1.0450487359999998,12.16051102
1.045298122,12.16528225
1.0455481039999999,12.16458035
1.0457891449999999,12.16073895
1.046045922,12.16316128
1.046293996,12.16314602
1.046556138,12.16006851
1.0467990859999998,12.1581192
1.047041439,12.15590572
1.047303699,12.15609741
1.0475590449999999,12.15894032
1.047818326,12.15425873
1.048047446,12.15049171
1.048302315,12.15062332
1.048540257,12.14937973
1.0487923849999998,12.14787006
1.049045466,12.15156078
1.0492835269999998,12.14737225
1.049542807,12.14676189
1.0497888549999999,12.14787197
1.050038122,12.14696026
1.050287627,12.14621067
1.050545476,12.14595795
1.0507999879999999,12.14615536
1.051052116,12.14409161
1.0512918459999998,12.1442585
1.051549815,12.14188099
1.051805757,12.14202881
1.0520503749999999,12.13898754
1.0522877199999998,12.13703251
1.052529119,12.14169216
1.052795433,12.13920498
1.053060196,12.13699245
1.053282879,12.13603783
1.053539775,12.1354084
1.0537762869999998,12.13136768
1.054044746,12.13482094
1.0542890059999999,12.13772678
1.054569267,12.13431931
1.05482652,12.13255024
1.055054091,12.13019466
1.055295251,12.12583256
1.0555327159999999,12.12520695
1.05578544,12.12647629
1.0560504419999999,12.12809563
1.0562967289999998,12.12359238
1.0565519559999998,12.12515545
1.056797646,12.12181759
1.057068132,12.12230301
1.057298921,12.12069893
1.0575291139999998,12.11912918
1.057783865,12.11876965
1.058044694,12.1205368
1.058292292,12.11826515
1.058565281,12.11912632
1.0587990509999998,12.11547947
1.0590598809999998,12.1144762
1.0593072399999999,12.11289883
1.059554003,12.11592674
1.0597965939999998,12.11285782
1.060063027,12.11361408
1.0603144389999999,12.11187077
1.0605520229999998,12.10840511
1.0607831699999999,12.1053381
1.0610356559999998,12.10912323
1.061288141,12.11096382
1.0615574349999999,12.11083317
1.061803363,12.10841846
1.0620700349999999,12.1078577
1.0623048769999999,12.10308266
1.0625642759999998,12.10601902
1.06279292,12.10272789
1.063047551,12.10131359
1.06330099,12.1022253
1.063549422,12.10238743
1.063802742,12.10473824
1.0640492659999998,12.10185528
1.0643120039999998,12.09875584
1.064551018,12.09640694
1.064811252,12.09422493
1.065052293,12.09330273
1.065312646,12.09180832
1.0655435549999999,12.09396267
1.0658015239999998,12.0955267
1.066054367,12.09219837
1.0663054209999998,12.0891571
1.066573046,12.09121799
1.066799544,12.08941364
1.0670514329999998,12.0913887
1.0673060639999998,12.08878899
1.067559503,12.09353161
1.0678085309999998,12.08827591
1.0680563669999998,12.08666897
1.068301104,12.08240795
1.068548106,12.08682919
1.068802498,12.08506775
1.0690549839999999,12.08437729
1.0693099719999999,12.08420181
1.06955757,12.0812788
1.069804572,12.07717705
1.0700665939999998,12.08055878
1.070309661,12.07548714
1.070565604,12.07415485
1.070788168,12.0734129
1.0710529309999999,12.07749176
1.07131698,12.07522392
1.071573757,12.07353973
1.0717977509999999,12.06840992
1.07203009,12.06998634
1.0722944959999998,12.07025623
1.0725599749999999,12.07367039
1.072827242,12.0699625
1.073056243,12.06848335
1.07329955,12.06828594
1.073561333,12.06611347
1.073813938,12.06610775
1.074064039,12.06779003
1.074327849,12.06339169
1.0745569689999999,12.06152248
1.074792408,12.06414032
1.0750318989999998,12.06272697
1.0753187169999998,12.06243229
1.075572513,12.05972481
1.075804018,12.05840206
1.076041721,12.05804443
1.076309107,12.05817795
1.0765578969999998,12.05789185
1.076810978,12.05826759
1.077052258,12.05588913
1.0773180949999999,12.05626678
1.077571653,12.05270576
1.077816151,12.05078316
1.0780476559999999,12.04953003
1.0782890539999999,12.04876328
1.0785441619999998,12.04872227
1.078802608,12.04936981
1.0790704709999999,12.05016613
1.079322361,12.04859829
1.079556488,12.046978
1.079806469,12.04325104
1.080045365,12.04085445
1.0803009499999998,12.04420853
1.0805635679999999,12.04243469
1.080806397,12.04156494
1.081057213,12.04055214
1.0812984929999998,12.03982162
1.081546687,12.03768826
1.0818097819999999,12.03945923
1.0820422399999998,12.04007149
1.0822946059999998,12.03993893
1.082573436,12.03959656
1.0828275909999998,12.03678417
1.083071612,12.03235054
1.083313249,12.03032303
1.083564781,12.03202915
1.0837896089999999,12.02936935
1.084043764,12.03057671
1.08431115,12.03435707
1.084562801,12.02979755
1.084806226,12.03071499
1.0850504859999999,12.0285778
1.085305713,12.02844334
1.0855647549999998,12.02747917
1.085818075,12.02550793
1.0860561359999998,12.02337837
1.08630421,12.02385426
1.086553715,12.02516079
1.086823486,12.02270222
1.0870530829999998,12.01846218
1.087300204,12.02028084
1.0875510199999998,12.01774216
1.0877889619999999,12.01885986
1.088040613,12.02054691
1.0883066879999999,12.01763439
1.088563107,12.01933098
1.0888074859999999,12.01773548
1.0890617599999999,12.01702785
1.089318775,12.0137291
1.08955612,12.01434612
1.089816593,12.01019669
1.09005227,12.00990677
1.090302251,12.01082897
1.090567492,12.01074409
1.0908180699999999,12.00919819
1.0910757999999998,12.00705338
1.091316961,12.00080204
1.091553711,12.00174809
1.0918042879999998,12.00508595
1.092035674,12.0032053
1.092307232,12.0044136
1.092547797,12.00362015
1.092813037,12.00505733
1.093068861,12.00075722
1.0933119279999999,11.99729538
1.093561314,11.99666977
1.093806885,11.99702072
1.0940618739999999,11.9995203
1.094310664,11.99569798
1.094562791,11.99416828
1.094806932,11.99377251
1.0950474959999998,11.9919548
1.095310114,11.98906898
1.095540069,11.99293041
1.0958075749999998,11.99297428
1.096057318,11.99304962
1.0963191019999998,11.99081802
1.0965850579999998,11.99036694
1.09682288,11.98565292
1.0970690479999998,11.98413277
1.097306632,11.98077679
1.097549342,11.98272324
1.0977919329999999,11.98395538
1.0980525239999999,11.98735046
1.0983031019999998,11.98507786
1.0985770449999999,11.98476505
1.098814748,11.97898579
1.0990545969999999,11.98106003
1.099295639,11.9787178
1.099563383,11.9770956
1.099819444,11.97966385
1.100063346,11.97592449
1.1003144009999999,11.97441006
1.100562595,11.97343063
1.10080614,11.97403336
1.101063393,11.97221851
1.101302169,11.96819115
1.1015676479999998,11.97119236
1.101797722,11.97287369
1.102054261,11.97315216
1.1023048389999999,11.9715662
1.10256388,11.96996307
1.1028180349999999,11.96591663
1.1030650359999998,11.96631145
1.103321456,11.96145344
1.1035648809999998,11.96121788
1.103803419,11.96182442
1.104032062,11.96204472
1.1043135149999999,11.96305752
1.1045768489999999,11.96099281
1.1048139559999999,11.95863342
1.105050825,11.95849609
1.10530486,11.9553709
1.1055608019999998,11.95572758
1.105807804,11.95438385
1.106068991,11.9567461
1.106312536,11.9542141
1.1065600139999998,11.94855404
1.106796168,11.95035458
1.1070400699999998,11.95106983
1.107298873,11.95250797
1.10756316,11.95240688
1.1078124269999998,11.94882202
1.108060978,11.94874477
1.1083095299999999,11.94683838
1.108576678,11.94641495
1.108818554,11.94081306
1.109050892,11.94124317
1.1092900259999998,11.94120598
1.109558962,11.94347763
1.1098050099999999,11.94265652
1.110063337,11.9432373
1.110319041,11.93762398
1.1105557899999998,11.93595791
1.110802911,11.93601799
1.1110474099999998,11.93406868
1.1113065709999999,11.93677807
1.111563347,11.93669987
1.1118098719999998,11.93526363
1.112069987,11.9352684
1.112300538,11.93140793
1.11255946,11.93117332
1.112817429,11.92846489
1.113061093,11.92943096
1.1133029689999998,11.92977428
1.1135519969999998,11.92794609
1.113812469,11.92652416
1.114055656,11.92795658
1.1143084989999998,11.92387962
1.114553832,11.92526245
1.114799999,11.92328453
1.115052126,11.92378426
1.1153151019999998,11.92158413
1.1155677069999999,11.92105484
1.1158249599999999,11.92037106
1.1160532459999999,11.92029667
1.1162988169999999,11.91662025
1.1165417659999999,11.91664886
1.116817378,11.91615868
1.1170518619999998,11.91587925
1.117312573,11.91302395
1.1175582629999998,11.91795731
1.1178151589999998,11.91345978
1.118054293,11.90997982
1.118300103,11.91255951
1.11855676,11.91141319
1.1188152059999998,11.91102982
1.119061254,11.90887547
1.119302772,11.90869331
1.119566225,11.91016197
1.119813107,11.90817547
1.1200636849999999,11.90342712
1.120317482,11.90419102
1.1205531579999999,11.90155888
1.12078514,11.90147591
1.1210474,11.90401554
1.1213113289999999,11.90091228
1.1215678679999999,11.90465736
1.1218126039999998,11.90179157
1.1220734339999998,11.8959713
1.1223048199999999,11.89352989
1.122544907,11.8934021
1.122804903,11.89536381
1.1230600099999999,11.89574242
1.1233208399999999,11.89387608
1.123555564,11.89358521
1.123816751,11.89062214
1.124070548,11.89124775
1.124313973,11.88718319
1.1245422589999998,11.88758183
1.124798797,11.88895702
1.125056528,11.88901806
1.125311397,11.88947964
1.125577472,11.88651371
1.125816129,11.88380146
1.126065157,11.87953758
1.1262977349999999,11.8809433
1.1265443789999998,11.88083553
1.1268154609999999,11.88162804
1.12706282,11.87549496
1.127316021,11.87951279
1.127567314,11.87631035
1.127811693,11.87558937
1.128054999,11.87363434
1.1282924639999998,11.87401581
1.1285565119999998,11.87399197
1.128800772,11.87481785
1.129040621,11.87445164
1.129318975,11.87600327
1.129549883,11.8721199
1.1298066599999999,11.87093639
1.130048059,11.86819935
1.1303110349999999,11.86957455
1.130551599,11.86740017
1.130818747,11.86652184
1.1310646759999998,11.86674023
1.131309055,11.86349678
1.1315660699999999,11.86390686
1.131813787,11.86183643
1.132047914,11.86009407
1.1322989689999998,11.86109829
1.132558011,11.8635006
1.1328232509999998,11.85779381
1.13308277,11.85846806
1.133316182,11.85665417
1.133546017,11.85719013
1.1338069659999999,11.85461903
1.1340396629999998,11.8516798
1.13430693,11.85345745
1.1345489249999998,11.85489273
1.1348148809999998,11.85348606
1.1350567569999999,11.85421658
1.1353150829999998,11.85197163
1.1355645879999998,11.84812832
1.135795854,11.85039425
1.136066936,11.84837246
1.1363148909999998,11.84600258
1.136563443,11.84327221
1.1368116369999999,11.84370995
1.1370419489999999,11.84588051
1.13730266,11.84243488
1.137539171,11.84421349
1.137818955,11.84085178
1.1380391349999999,11.83849907
1.138307952,11.83979511
1.138562463,11.84143066
1.138816737,11.83534336
1.139059804,11.83788109
1.139324091,11.83638
1.139547251,11.83482552
1.139797948,11.83606911
1.140060328,11.83172798
1.140294097,11.83284187
1.140546106,11.83394909
1.140807055,11.83372402
1.1410612089999999,11.83295059
1.1413171519999998,11.82834816
1.1415661799999999,11.82731533
1.141802214,11.8235693
1.1420337189999998,11.82507229
1.142304085,11.82546425
1.1425487029999999,11.82577419
1.14278879,11.82795048
1.143062018,11.8274622
1.143298052,11.82211494
1.1435668689999998,11.82002354
1.143807314,11.81760979
1.1440351229999999,11.81899452
1.144294046,11.82077026
1.1445547569999999,11.81840992
1.1448087919999999,11.81904125
1.1450656879999999,11.81796932
1.145301961,11.81236553
1.145543955,11.81391811
1.1458114609999999,11.81070042
1.146063469,11.81336212
1.1463166699999998,11.81182766
1.146549605,11.80951786
1.1468097199999998,11.804533
1.147064827,11.80791664
1.1473094449999999,11.80491447
1.147551797,11.8038063
1.1477942689999998,11.80457401
1.14804735,11.80772972
1.148301624,11.80711651
1.148572229,11.80639267
1.148808383,11.80295372
1.149043106,11.80389881
1.149297498,11.79930496
1.149552487,11.79988194
1.149803542,11.80054951
1.1500606759999998,11.8009634
1.1503017169999998,11.79419136
1.150543116,11.79645634
1.150804661,11.79542732
1.151061438,11.79270744
1.15129628,11.79192638
1.151544832,11.78904533
1.1518106689999998,11.79082966
1.1520633919999999,11.79231071
1.1523100359999998,11.78763676
1.152558349,11.78511238
1.152795695,11.7842598
1.1530500879999999,11.78703976
1.153299712,11.78394604
1.153557681,11.78177357
1.153799676,11.78362274
1.154058002,11.78442955
1.1543094139999999,11.78452682
1.154552125,11.78118038
1.154809974,11.78092575
1.1550570949999999,11.78026199
1.155316614,11.77608299
1.155564688,11.77562523
1.1557983379999999,11.77716637
1.156057738,11.77647209
1.1563122499999998,11.77403164
1.1565697419999998,11.772789
1.156791471,11.76994991
1.157048009,11.76861572
1.157291077,11.7690649
1.1575633509999999,11.76972961
1.157790087,11.77025318
1.1580686789999999,11.76805878
1.158301257,11.76607418
1.1585576759999998,11.76829147
1.158800028,11.76489162
1.1590376119999999,11.76559067
1.1593110789999999,11.76560783
1.159560703,11.76342583
1.159813188,11.76465416
1.160043381,11.75891113
1.160306119,11.75949669
1.160548352,11.76062584
1.160815977,11.75860023
1.161057614,11.75999737
1.161314033,11.75560856
1.161564611,11.7548418
1.161806129,11.75311852
1.162041806,11.75431061
1.162295841,11.74978256
1.162547372,11.75101566
1.162803672,11.75042248
1.1630571109999999,11.75254536
1.1633023249999999,11.75032711
1.163547538,11.74721241
1.163814806,11.74865532
1.164064072,11.74859715
1.164290689,11.74262047
1.164543294,11.74266052
1.164794825,11.74521732
1.165059589,11.74325371
1.1653076629999999,11.74486828
1.165574573,11.74076462
1.165827178,11.74014187
1.166055583,11.73848629
1.166319989,11.73470688
1.166541718,11.73363495
1.166787766,11.73478699
1.167045497,11.73596954
1.167300128,11.73902321
1.16757264,11.73744488
1.167830013,11.73380661
1.168065213,11.72844124
1.1683057769999998,11.72823048
1.1685544479999999,11.72861099
1.1688152779999998,11.72622681
1.16905763,11.72254562
1.1693012939999998,11.72614384
1.169566892,11.72814655
1.169815205,11.7219038
1.170050286,11.72014141
1.1703052749999998,11.71955109
1.1705404739999998,11.72158623
1.1708098869999999,11.72271252
1.1710641609999999,11.72395706
1.171309017,11.71928406
1.171570681,11.72009373
1.171807788,11.71498203
1.1720532399999999,11.71227455
1.17232611,11.71575451
1.172560834,11.71175289
1.1728114109999999,11.71358395
1.173050188,11.71053982
1.173299097,11.71114063
1.173557304,11.70977783
1.173806809,11.70725632
1.1740328299999998,11.70825672
1.174301528,11.71004772
1.174568318,11.70971489
1.174821161,11.70703983
1.175080918,11.70275593
1.175297402,11.70087147
1.1755498869999998,11.70066929
1.1758030879999999,11.70186138
1.176053308,11.69930744
1.176286124,11.69932938
1.176539324,11.70041084
1.176811122,11.70034695
1.177060627,11.70140457
1.177308463,11.69803619
1.177565955,11.69636059
1.17781236,11.69189358
1.1780538779999998,11.6918211
1.178295992,11.69212818
1.1785599219999998,11.69241428
1.178808116,11.69230461
1.179054402,11.69168854
1.179306172,11.69322395
1.1795582999999998,11.68623638
1.179795288,11.68602371
1.180040024,11.68792534
1.180285715,11.6884613
1.180544995,11.6897049
1.180814766,11.68478966
1.181052469,11.68384457
1.1813044769999999,11.68263721
1.181561135,11.68023682
1.1818144549999998,11.677948
1.1820622909999998,11.67780685
1.1822960599999999,11.67947388
1.182559393,11.67808914
1.1828080639999998,11.6790266
1.183052443,11.67682838
1.183291815,11.67632008
1.1835592019999999,11.67664909
1.1837928519999998,11.67438793
1.1840542779999998,11.67478561
1.184309147,11.67375374
1.184567832,11.67386913
1.1848101839999998,11.67023754
1.185048841,11.66937351
1.1853115779999999,11.67048836
1.1855701429999999,11.66374779
1.185799979,11.66705418
1.18605151,11.66563034
1.186311148,11.66364479
1.18655362,11.66446018
1.186805628,11.66201115
1.1870442849999998,11.66062927
1.1872997509999998,11.66171646
1.1875515209999998,11.6599474
1.187808536,11.66121387
1.188066863,11.66101456
1.188311838,11.65743637
1.1885618199999999,11.65780735
1.188799285,11.65288544
1.189045809,11.65434074
1.189293526,11.64979839
1.1895694959999998,11.65409279
1.189812325,11.65103912
1.1900708899999999,11.651124
1.1903119309999999,11.64786148
1.190551542,11.64563751
1.190798067,11.64590645
1.191047214,11.64674377
1.191298507,11.64472866
1.1915481319999999,11.64552402
1.1918206439999999,11.64438152
1.192068003,11.64454079
1.192316435,11.64140892
1.1925473439999998,11.6402216
1.192808412,11.63856506
1.193042778,11.63754177
1.1933077799999998,11.63820553
1.193558954,11.63677216
1.1938141809999998,11.63502789
1.1940531959999998,11.6356535
1.194295906,11.63358784
1.194547318,11.63318443
1.1947970609999998,11.63321495
1.1950525269999999,11.63135719
1.195310854,11.62787628
1.195554756,11.62792397
1.195817374,11.62620258
1.196054123,11.62681198
1.1962986219999998,11.62494087
1.1965576629999999,11.62440968
1.196796917,11.62456608
1.197044514,11.62264919
1.197307371,11.62585354
1.1975575909999998,11.62684917
1.197816633,11.62269688
1.198052548,11.62008572
1.1983143319999998,11.61838818
1.198552512,11.61730957
1.198791288,11.61494541
1.1990499719999999,11.61639595
1.1992945899999998,11.61494446
1.199554466,11.6167469
1.1997896659999998,11.61454678
1.200074218,11.61241341
1.20029857,11.60997009
1.200547002,11.60869217
1.2007886399999999,11.61060333
1.2010554299999998,11.60944653
1.201300405,11.60963821
1.201554678,11.60855484
1.201793693,11.60534668
1.202033304,11.60524464
1.2022917499999999,11.60407925
1.202541135,11.60536671
1.2027917129999999,11.60379696
1.2030552849999998,11.60470486
1.203289174,11.60575771
1.203551911,11.60230541
1.203797005,11.59965992
1.204051517,11.5997467
1.204300307,11.59651089
1.20455768,11.59981537
1.204821728,11.59825802
1.205056451,11.5902338
1.2052896249999998,11.59086132
1.205532096,11.58855534
1.205797337,11.58828449
1.206040882,11.58910751
1.2062984929999998,11.58901024
1.206551813,11.58899689
1.206812404,11.5867281
1.2070499879999999,11.58307076
1.2073232159999998,11.5857029
1.207540892,11.57962418
1.207785867,11.57987785
1.2080352529999998,11.58322906
1.2082875,11.58332825
1.2085383159999998,11.58405495
1.2088053449999998,11.58189487
1.209048055,11.5754261
1.209295415,11.57855892
1.209524892,11.5739212
1.2097839339999998,11.57576847
1.210049652,11.57824707
1.210324191,11.57496643
1.210559629,11.57307148
1.2107933979999999,11.57246399
1.2110567319999999,11.57336044
1.211300157,11.5701952
1.211547636,11.56923866
1.2117902269999998,11.57236958
1.2120610699999999,11.57147694
1.212308191,11.56704712
1.212571286,11.566082
1.2128153069999998,11.56221294
1.213056825,11.56284237
1.213283919,11.56208324
1.213542245,11.56021976
1.213788651,11.56315804
1.214062713,11.56383419
1.2143135299999999,11.55648422
1.214567684,11.55674171
1.214822315,11.55520725
1.215045355,11.55364895
1.215291165,11.55511665
1.2155481799999999,11.55080223
1.215797208,11.5537672
1.216058157,11.55200291
1.216315292,11.55042744
1.216555618,11.55140209
1.2167937979999999,11.54733467
1.217056416,11.54855824
1.217317842,11.54445457
1.217567705,11.54725266
1.217814706,11.54436779
1.218061589,11.54386044
1.2183033449999998,11.54241657
1.218561195,11.53976631
1.218810104,11.53917122
1.2190664039999999,11.53884792
1.2193011269999998,11.53889084
1.2195466979999998,11.53988075
1.2198161109999999,11.53856945
1.220073722,11.53805733
1.220316909,11.53384018
1.220561646,11.53247643
1.220782541,11.53239727
1.221049927,11.53492546
1.221311592,11.5323782
1.2215641959999999,11.53321838
1.2218244299999999,11.52851295
1.2220543849999999,11.52976131
1.222319268,11.52829838
1.222562693,11.52445602
1.2228086219999998,11.5239563
1.223056935,11.52406788
1.2232991679999998,11.5228281
1.2235663159999999,11.52407074
1.223809503,11.52132034
1.2240604389999998,11.52275658
1.22429838,11.51869583
1.2245555149999998,11.51912594
1.22480502,11.51668739
1.2250637039999999,11.515872
1.2253024799999999,11.51861191
1.225556873,11.51584625
1.2258165109999999,11.51482773
1.2260682809999999,11.51378345
1.2263075339999998,11.50817394
1.226544283,11.50936699
1.226809405,11.51146507
1.2270518769999998,11.51064396
1.227302097,11.50848484
1.227555059,11.51150322
1.227816962,11.51029491
1.2280687319999999,11.50800514
1.22830727,11.50435066
1.2285570129999999,11.50168991
1.228788518,11.5009203
1.2290436249999999,11.50256634
1.2293015939999998,11.50292873
1.2295626629999998,11.50182343
1.2298176509999998,11.49746799
1.230071806,11.49518108
1.230304621,11.49400711
1.230556153,11.49168587
1.230801366,11.4920454
1.2310402619999998,11.49219322
1.2313099129999998,11.49320889
1.2315551269999998,11.49444675
1.2318210829999998,11.49339771
1.232066058,11.49057102
1.2322952969999998,11.48455715
1.232536696,11.48603153
1.2327815519999998,11.49137688
1.2330650319999998,11.49018669
1.23331108,11.48778534
1.233577393,11.48864651
1.2338235599999998,11.48233509
1.234065913,11.48075485
1.2342968209999998,11.47693443
1.234543942,11.48024464
1.234801673,11.4795742
1.235063933,11.48103905
1.2353003249999999,11.47838116
1.2355419619999999,11.47840118
1.235810183,11.47520351
1.2360545619999999,11.47439766
1.236305021,11.47456646
1.236560725,11.47117615
1.236821555,11.46824932
1.2370692719999998,11.47252846
1.23731222,11.4675703
1.237549447,11.46640015
1.237786554,11.46522808
1.2380398739999998,11.46765232
1.238304995,11.46957207
1.238565706,11.46730137
1.2388233169999998,11.46472549
1.2390685309999998,11.46389389
1.2393107639999998,11.45904922
1.239565514,11.46144676
1.2398144229999999,11.45939159
1.240041755,11.45765781
1.2403027039999999,11.45795918
1.2405470829999998,11.45772648
1.240815424,11.45844173
1.241069459,11.45567417
1.241305374,11.4516573
1.2415422429999998,11.45415211
1.241794728,11.45276546
1.2420405369999998,11.45269203
1.242296957,11.45104218
1.242563747,11.45435715
1.242807649,11.45186234
1.243076943,11.44854164
1.2433127389999998,11.44278622
1.243547462,11.44331646
1.2437944639999998,11.44279861
1.24406185,11.44470501
1.2443037259999998,11.44058895
1.244551204,11.44152355
1.244810246,11.43927956
1.245058321,11.43857765
1.245298289,11.43783092
1.2455402839999998,11.4392271
1.2458006369999999,11.4389658
1.246063016,11.43594074
1.2463132369999999,11.43731976
1.2465689409999998,11.43209171
1.24681475,11.43350029
1.247052096,11.42930698
1.2473017199999998,11.4310503
1.2475481259999999,11.43001366
1.247783564,11.42971897
1.248051189,11.43056297
1.248306535,11.42730331
1.248559617,11.42717457
1.2488104329999998,11.42700195
1.2490549309999999,11.42599106
1.249287509,11.42230415
1.2495522719999999,11.42447662
1.2498032079999999,11.42358208
1.2500586729999998,11.42153645
1.250302337,11.41992188
1.250560306,11.42228031
1.250808142,11.41764069
1.251053713,11.41644382
1.251316927,11.41433907
1.251549982,11.41368961
1.251812838,11.41019058
1.252054118,11.41223907
1.2522952779999998,11.41175842
1.2525583729999998,11.41305542
1.2528115739999999,11.4079361
1.2530530919999998,11.40982533
1.253304027,11.40364742
1.2535454259999999,11.40688705
1.25379803,11.4068985
1.254047059,11.40655708
1.254310511,11.40662575
1.2545621619999998,11.40568542
1.2548004609999999,11.40124798
1.2550484169999998,11.40005302
1.255304955,11.39970779
1.255553387,11.40208817
1.25580015,11.39733219
1.256045364,11.40049648
1.256301306,11.39649868
1.256567262,11.39700699
1.2568174829999998,11.39256001
1.257048033,11.3905201
1.257283233,11.38827515
1.257549428,11.39266872
1.2577851039999999,11.39159012
1.2580583319999998,11.39177132
1.258317612,11.38526058
1.258552216,11.38692188
1.2588054169999998,11.38480282
1.259067915,11.38473988
1.259291314,11.38408852
1.259542845,11.38476276
1.259822391,11.38210106
1.260065816,11.3812418
1.260308765,11.37919044
1.2605509979999998,11.38209915
1.260801576,11.37556458
1.261047028,11.37910843
1.2613117919999999,11.38115501
1.2615450849999998,11.37961102
1.261813305,11.37740421
1.2620563729999998,11.37511158
1.262295626,11.3696413
1.262574218,11.3734808
1.2627984509999999,11.36915207
1.263054989,11.36897564
1.263309501,11.36971474
1.2635551919999999,11.37056637
1.263803147,11.36852074
1.2640463339999999,11.36429977
1.2643012029999998,11.36373329
1.2645576219999999,11.36515331
1.264799141,11.36242199
1.2650579439999998,11.36353683
1.265302323,11.35944176
1.265551709,11.3647213
1.2658094389999999,11.36043835
1.2660540569999998,11.35942078
1.266296886,11.35612202
1.266544484,11.35705376
1.266813897,11.35763359
1.267053388,11.35791779
1.2673045619999999,11.35667992
1.2675670609999998,11.35467529
1.2678132279999998,11.35199547
1.2680641639999999,11.35285282
1.268294238,11.34861183
1.2685574519999998,11.34993649
1.268804692,11.34851742
1.2690522899999999,11.34637547
1.269307874,11.34604645
1.269560836,11.34547138
1.269799255,11.34564495
1.270036005,11.34379578
1.2703013639999998,11.34201431
1.2705650549999998,11.34167194
1.270808719,11.33958817
1.271074914,11.33794212
1.2713078489999998,11.33526993
1.2715572339999999,11.33669567
1.2717927919999998,11.33368301
1.272037648,11.33394527
1.272297762,11.3353548
1.2725484599999999,11.33562469
1.2728033289999998,11.33405876
1.2730766759999999,11.33542728
1.2733224859999999,11.32695293
1.273565434,11.32481098
1.2737920509999998,11.32661819
1.274046324,11.32545185
1.274294756,11.32544994
1.274549268,11.32658863
1.274809264,11.32654953
1.275076293,11.32349014
1.2753198369999998,11.32377243
1.2755639779999999,11.31984806
1.275787853,11.31436253
1.276044987,11.3173151
1.276298307,11.31595707
1.276552342,11.31988525
1.2768010129999998,11.31660557
1.277060054,11.31604958
1.2773055059999998,11.3117075
1.277545475,11.31194496
1.277804993,11.31189728
1.278070592,11.31274605
1.278313421,11.30994606
1.2785579189999998,11.30728149
1.2788088549999999,11.30765724
1.279048346,11.30956364
1.2793025,11.30435848
1.279559516,11.30561543
1.2798100929999998,11.30337524
1.280065678,11.30407619
1.280301355,11.30387688
1.280570053,11.30276871
1.2808081139999998,11.29829216
1.2810582149999998,11.30066109
1.281311415,11.29606247
1.281555437,11.29481983
1.2818099479999998,11.29583454
1.282065652,11.29639149
1.282313727,11.29433155
1.282571577,11.29439163
1.282812975,11.28866196
1.283058904,11.29050732
1.283288859,11.28830624
1.283556484,11.28911018
1.28381481,11.29031658
1.2840703949999999,11.28766155
1.2843065489999999,11.28510952
1.284568451,11.28507233
1.284825586,11.28196335
1.285048269,11.27931118
1.285300873,11.28072071
1.285552286,11.27846146
1.285811566,11.28112698
1.286049985,11.28120041
1.2862977009999998,11.27945137
1.286570333,11.28022861
1.2868131619999998,11.27496433
1.287054084,11.27431583
1.2872938139999999,11.27269173
1.287558697,11.27289963
1.287802838,11.27510166
1.2880649789999998,11.27305126
1.288306378,11.27391338
1.288566254,11.27287388
1.288815044,11.26577854
1.289051078,11.26391697
1.289301895,11.2644043
1.2895584329999998,11.26666164
1.2898019779999998,11.26271248
1.2900673379999998,11.26506996
1.290326379,11.26221752
1.290568851,11.26021099
1.2908073889999998,11.25923061
1.291048311,11.25829029
1.291293405,11.25752544
1.2915424329999998,11.25655556
1.291806005,11.2586832
1.2920768489999999,11.25688362
1.292321466,11.25406361
1.292559289,11.25150967
1.292783998,11.25095081
1.293045066,11.25068951
1.2932969559999998,11.25057507
1.2935513479999998,11.25135899
1.2937938199999999,11.25081635
1.294074677,11.2499342
1.294308923,11.24606895
1.294546627,11.24455166
1.294798993,11.24257183
1.295050405,11.24271107
1.29531493,11.24385357
1.2955684889999999,11.24121284
1.2958251459999999,11.24198437
1.2960689289999998,11.24037361
1.296308778,11.23969555
1.296533488,11.23354053
1.2967980129999999,11.23761749
1.2970533599999998,11.23828411
1.2972885589999998,11.23604584
1.297568463,11.23653889
1.2978155839999999,11.23333073
1.298064612,11.22914219
1.298306964,11.22988415
1.29854133,11.22647572
1.29878857,11.22528267
1.299046897,11.2294302
1.299299024,11.2270155
1.2995624769999998,11.22511292
1.299788736,11.22475624
1.3000490889999998,11.22565746
1.300314568,11.22059441
1.300542377,11.22228432
1.300806068,11.21936607
1.301055454,11.22106075
1.3012896999999999,11.21931458
1.3015651929999998,11.22095776
1.30180838,11.2171793
1.302048706,11.21281242
1.3023019059999998,11.21681213
1.302553557,11.21495724
1.302799367,11.21301174
1.303052686,11.21281528
1.303314112,11.21240807
1.3035557489999998,11.20843124
1.303803943,11.20937061
1.3040522559999999,11.20916653
1.304296516,11.20557022
1.304543279,11.20587635
1.3047900419999998,11.20525932
1.3050678,11.20649624
1.305316232,11.20393658
1.305561923,11.20154572
1.305803798,11.19934273
1.3060463889999998,11.19885063
1.3062962519999999,11.19761276
1.3065381269999998,11.19880581
1.3068098049999999,11.1995554
1.307064675,11.19794846
1.307319902,11.1956892
1.3075486649999999,11.19201279
1.307791017,11.19126987
1.308045529,11.19193459
1.308280133,11.1905508
1.308543585,11.1921196
1.308802031,11.18893433
1.3090486749999999,11.1868763
1.309308551,11.1876955
1.309555911,11.18430138
1.309808992,11.18021297
1.3100670799999998,11.17968178
1.3103161079999999,11.17821026
1.3105862369999999,11.17688179
1.310797595,11.17381287
1.31105163,11.17388058
1.311283372,11.17145348
1.311532162,11.17486477
1.31180682,11.17316437
1.3120635969999999,11.17373657
1.312335037,11.16961384
1.312556766,11.16646194
1.312810205,11.16826916
1.313046239,11.16676235
1.313299678,11.16481209
1.313539408,11.16425419
1.3137971389999998,11.16578388
1.314046286,11.16494656
1.3143209439999999,11.16611958
1.3145570979999999,11.16218281
1.31480851,11.16154289
1.3150433529999999,11.1564188
1.3152942879999998,11.15759945
1.3155390249999999,11.15616512
1.3158051,11.15757656
1.316046141,11.15559864
1.316300772,11.15685177
1.316550993,11.15406132
1.316797875,11.15403461
1.3170510759999998,11.15172195
1.317309044,11.14976597
1.317551516,11.14975643
1.317810319,11.15298939
1.318063282,11.1460638
1.318313144,11.1458683
1.318549894,11.14396
1.3187989219999998,11.14490414
1.3190564139999998,11.1426506
1.3193059189999998,11.14283943
1.3195605499999998,11.14201736
1.319808267,11.14305019
1.320063733,11.13917637
1.320303939,11.13745689
1.320551895,11.13573837
1.3208061679999998,11.13706207
1.321048997,11.13401318
1.321305178,11.13472271
1.321545147,11.13379383
1.32181003,11.13582706
1.322057866,11.13056469
1.322311424,11.13226128
1.322554968,11.12819099
1.322801851,11.12928581
1.3230484949999999,11.12505913
1.3232877479999998,11.12650776
1.3235591869999999,11.12688732
1.323819302,11.12761784
1.324063681,11.12401867
1.3243006689999999,11.12361622
1.3245759229999998,11.1210022
1.324788831,11.11918926
1.3250420319999998,11.11727905
1.3253119219999998,11.11889458
1.325552605,11.11881924
1.325823926,11.11749077
1.3260634169999999,11.11266041
1.326295279,11.11285877
1.3265381079999998,11.11147976
1.326782726,11.1137867
1.3270626289999998,11.11274147
1.327309393,11.11182308
1.327566885,11.10847092
1.327796362,11.10768604
1.32805004,11.10893631
1.3282881009999998,11.10500813
1.3285330759999998,11.1034193
1.3287934289999999,11.10453224
1.329052471,11.10527039
1.329318427,11.10474873
1.3295651899999998,11.10234451
1.329816245,11.09580803
1.330045365,11.09224129
1.330281876,11.09340572
1.3305353149999999,11.09451389
1.330799841,11.09630013
1.331056617,11.09171677
1.331296466,11.09427834
1.331531428,11.09265709
1.331785582,11.09193325
1.332060479,11.09254169
1.332297109,11.08404636
1.3325311169999998,11.08783436
1.332798503,11.08950901
1.33305981,11.08560467
1.333305977,11.08273697
1.333543323,11.08277798
1.333778881,11.08118629
1.334038995,11.08246708
1.3342828979999999,11.08065796
1.334535383,11.08224487
1.3347851259999999,11.08186817
1.3350455989999999,11.07865715
1.3352897389999998,11.07904339
1.3355282769999999,11.07751751
1.335787796,11.07766724
1.3360474329999998,11.0773735
1.336293601,11.07640839
1.3365574109999998,11.07321262
1.336806081,11.06980228
1.337051176,11.06673336
1.337268613,11.06688213
1.337522052,11.06615448
1.3377855049999998,11.07032394
1.338038229,11.06847382
1.338307522,11.06874275
1.338555835,11.06625271
1.338802002,11.06064892
1.3390441169999998,11.06028557
1.3392914759999999,11.06117153
1.339542292,11.05898857
1.339785718,11.05818081
1.340054296,11.06080818
1.3402974829999998,11.05707645
1.3405549749999999,11.05525494
1.3408016189999998,11.05410767
1.3410387259999998,11.05440903
1.3413040859999998,11.05505562
1.341554903,11.05065727
1.341800951,11.05153275
1.3420344819999999,11.05089378
1.342287801,11.05073452
1.342543624,11.04812336
1.3428133949999999,11.04814434
1.34305992,11.0436964
1.343301557,11.04424095
1.3435489159999998,11.04362583
1.34380462,11.04405975
1.344054841,11.04156399
1.344296835,11.03966522
1.3445277439999999,11.03890038
1.3448025209999999,11.03741169
1.345041059,11.03846931
1.345312379,11.04005527
1.3455580699999998,11.03445053
1.345806264,11.03417015
1.346054576,11.03062344
1.346298359,11.03172874
1.3465545399999999,11.03114128
1.346790813,11.0315361
1.3470424639999998,11.02954388
1.3473071079999999,11.02809715
1.3475613819999999,11.02688885
1.347800277,11.02470493
1.348039053,11.02470493
1.3483026249999999,11.02523613
1.3485511769999998,11.02394962
1.348799132,11.02420521
1.3490571009999999,11.02105427
1.3492924199999998,11.02211189
1.349564217,11.01998234
1.34980645,11.01647282
1.3500377159999999,11.01561737
1.3502911549999999,11.01398659
1.350542449,11.01435947
1.350803517,11.01707268
1.351056598,11.01503563
1.3513087259999998,11.01019192
1.351570033,11.00946999
1.351813696,11.00754738
1.3520437699999999,11.00469112
1.352299594,11.00719261
1.352549337,11.0086298
1.352807425,11.00282383
1.353042148,11.00398254
1.3532961829999999,11.00308418
1.3535475959999999,11.00163364
1.353796266,11.00014687
1.354049944,11.00076962
1.3543011169999999,11.00156879
1.3545539599999998,10.99614716
1.354797028,10.99686146
1.3550284129999999,10.99615669
1.3552979459999999,10.99536896
1.3555497159999998,10.99580479
1.3558171019999998,10.99284935
1.3560552819999998,10.98930168
1.356312059,10.99105453
1.356558226,10.98915863
1.356797718,10.98809338
1.357069634,10.98653984
1.3572961319999999,10.98659897
1.3575411069999999,10.98637676
1.3578115929999999,10.98722267
1.358048342,10.98411942
1.358311914,10.98488617
1.358552598,10.98033524
1.358800195,10.9831543
1.359050058,10.97800541
1.359297179,10.97894478
1.359566115,10.9757309
1.3598001229999999,10.97558784
1.3600726349999999,10.97619057
1.3603227359999999,10.9750576
1.3605705719999999,10.97050667
1.360786699,10.96854115
1.36104586,10.9693222
1.361295484,10.97136784
1.3615577449999998,10.9702301
1.3618028389999999,10.97172642
1.362073444,10.97113895
1.362321518,10.96847534
1.362557434,10.96530724
1.362808608,10.96375179
1.3630436879999999,10.96323013
1.363303445,10.96239853
1.363556646,10.96220589
1.363823794,10.96162319
1.364068769,10.95800495
1.364310049,10.95646572
1.364547633,10.95549774
1.364803217,10.95351315
1.365047835,10.95125771
1.365307115,10.95551395
1.365554832,10.95577908
1.365818523,10.95125675
1.366074227,10.95294952
1.3662970289999998,10.94839191
1.366552137,10.94711971
1.366807245,10.94822693
1.367060207,10.94541359
1.3673073279999999,10.94438076
1.3675618399999998,10.94366455
1.3678029999999999,10.94229507
1.3680482139999999,10.94320393
1.368302129,10.94187164
1.3685595019999999,10.94098473
1.3688092459999999,10.94197369
1.3690554129999999,10.93861008
1.3693188649999999,10.93975163
1.369570516,10.93435478
1.3698081,10.9352293
1.3700466379999998,10.93319225
1.370313548,10.93209743
1.370550774,10.92963886
1.3708156569999999,10.92848969
1.371068381,10.92856026
1.371307276,10.92782688
1.3715608339999998,10.9288826
1.3718089089999999,10.92531967
1.372064017,10.92501068
1.372311257,10.92495251
1.3725549209999999,10.92456913
1.372799181,10.92262077
1.373067759,10.9250145
1.3733192909999998,10.92186832
1.373558425,10.91990185
1.373810671,10.91647625
1.3740613689999999,10.91780758
1.374320172,10.91566753
1.374552392,10.91169262
1.37479534,10.91340733
1.375053905,10.91465664
1.3753100859999998,10.91312981
1.375568055,10.9108572
1.375822686,10.9114542
1.376062296,10.91013813
1.376304768,10.90446949
1.3765534389999998,10.90463734
1.3767990099999998,10.90551853
1.377047561,10.90682125
1.377311848,10.90722179
1.377568267,10.90515614
1.377813958,10.90061569
1.378059529,10.89997196
1.378298067,10.89765072
1.37855234,10.89884281
1.3788045869999999,10.89917469
1.3790608869999998,10.89856339
1.3793171869999998,10.89748955
1.379575871,10.89295292
1.3798163159999999,10.8911829
1.380050086,10.89300156
1.3803054319999999,10.89189148
1.380543374,10.88944626
1.380807899,10.89271641
1.381076478,10.89116287
1.381319665,10.88881207
1.381566785,10.88635254
1.3818059189999998,10.88477325
1.382054828,10.88197136
1.382300519,10.88129807
1.38255515,10.88399887
1.38279929,10.88086128
1.383060478,10.88064575
1.383318924,10.87774849
1.383557819,10.8780899
1.383811854,10.87600231
1.3840505109999999,10.87475777
1.384301566,10.87544346
1.384537958,10.87314034
1.384812974,10.87614346
1.385067962,10.87210274
1.3853097189999999,10.87500858
1.385555647,10.86826134
1.38580861,10.86830139
1.386053346,10.86436939
1.386313342,10.86698246
1.386565589,10.86717892
1.3868170009999998,10.86600685
1.387068056,10.86322212
1.38731315,10.86024761
1.387558721,10.85896111
1.3878108489999998,10.857831
1.38805344,10.85681915
1.388313554,10.85723686
1.3885436279999999,10.8555994
1.388808273,10.86015034
1.389066361,10.85543442
1.3893091899999999,10.85329342
1.389560722,10.85106754
1.3898033129999998,10.84873009
1.390066885,10.84936905
1.390313052,10.85029697
1.3905521859999999,10.84733486
1.390817665,10.84789467
1.3910742029999998,10.8449688
1.391313337,10.84571266
1.3915639149999999,10.84279537
1.3918264139999998,10.84293365
1.3920527919999999,10.84033966
1.392299198,10.84302711
1.3925699219999998,10.84106445
1.3928103669999998,10.84252453
1.393070839,10.83855057
1.393321179,10.83889294
1.393570446,10.83747005
1.393810891,10.83436871
1.3940503819999999,10.83191109
1.394317888,10.83101273
1.394563459,10.83261967
1.3948081959999998,10.83127117
1.3950617539999999,10.83007336
1.3953123319999998,10.82988739
1.395573877,10.82680702
1.395817898,10.82571316
1.3960538139999998,10.82021713
1.3962958079999999,10.82423592
1.396567725,10.82344627
1.3968131769999999,10.82326126
1.3970678079999999,10.82065773
1.397306346,10.82130718
1.397564791,10.81890106
1.3978008259999999,10.81683254
1.398060583,10.81638432
1.398301982,10.81487179
1.3985632879999998,10.81253815
1.398830555,10.81265831
1.399070405,10.80888081
1.399320267,10.80951595
1.3995520099999998,10.80646515
1.399797104,10.80809402
1.400053404,10.80962467
1.4002988559999998,10.8078928
1.400570296,10.80924606
1.400822781,10.807477
1.4010769349999999,10.80357552
1.4013062939999998,10.7992487
1.4015722499999999,10.80095959
1.4018143639999998,10.80068016
1.4020617229999999,10.79801083
1.402301334,10.80159855
1.4025615679999999,10.79870701
1.402808689,10.79963493
1.403066896,10.79527283
1.4033189039999998,10.79525852
1.40355923,10.79064083
1.40380504,10.79214382
1.404061101,10.78934479
1.404312633,10.79296303
1.4045715559999998,10.79102421
1.404820822,10.78566742
1.405046247,10.78522205
1.405300759,10.7848711
1.4055402499999998,10.78435993
1.4057985769999999,10.78601933
1.406065844,10.78574276
1.4063083159999998,10.7817049
1.4065561519999998,10.78196907
1.406825565,10.7833004
1.407054566,10.77697372
1.4073004949999999,10.77440357
1.4075435619999999,10.77758121
1.4078145249999998,10.77963638
1.408059381,10.77680206
1.4083138929999999,10.77610111
1.408569716,10.77303982
1.40881481,10.77198601
1.4090553749999999,10.7663765
1.409302257,10.76937962
1.409562372,10.76695919
1.40981736,10.76886082
1.410060428,10.76762104
1.4103216159999998,10.7648344
1.410569094,10.76552391
1.410802148,10.76026821
1.4110368709999999,10.76081562
1.4112942439999998,10.76313305
1.411548279,10.75995636
1.4118210299999998,10.76120377
1.4120674359999998,10.75599289
1.4123101459999998,10.75817966
1.412557624,10.75380325
1.4128058179999998,10.75445271
1.413058661,10.74897385
1.413303517,10.75160789
1.413532756,10.75160313
1.413811945,10.75247002
1.4140662179999999,10.7494812
1.4143128619999998,10.74722862
1.414574407,10.74511528
1.414812945,10.74135303
1.41505196,10.74449062
1.415296339,10.74465656
1.4155471549999998,10.74354172
1.415805958,10.74674416
1.416083716,10.74320984
1.416306876,10.74024582
1.416574024,10.73769855
1.416813038,10.73638248
1.4170541989999998,10.73564339
1.417298459,10.73484039
1.41756215,10.73557758
1.417810939,10.73525715
1.418065809,10.73360729
1.4183111419999999,10.73248291
1.41854813,10.72860146
1.418811582,10.7306242
1.419068121,10.72618103
1.419316672,10.72540951
1.4195643889999998,10.72535992
1.4198043569999999,10.72340488
1.42006924,10.72276211
1.4202984799999998,10.7232933
1.4205512029999998,10.72003078
1.4208083379999998,10.71916103
1.421045683,10.72064304
1.4213085399999998,10.71734238
1.4215648399999998,10.71973991
1.4218093379999999,10.71575069
1.422063492,10.7167654
1.422306799,10.71289349
1.4225564229999998,10.71108437
1.4228166569999998,10.7096138
1.423047207,10.7086668
1.423301958,10.71168232
1.423564814,10.70988369
1.423829101,10.70533085
1.424082063,10.7058754
1.424314283,10.70406723
1.424559854,10.70236397
1.424808286,10.69945717
1.425048731,10.70005417
1.425293706,10.70180798
1.4255645499999998,10.70009708
1.4258070219999999,10.70105076
1.426061176,10.69793129
1.426332735,10.69880199
1.426563166,10.69330406
1.426787876,10.6918993
1.4270472749999998,10.69446659
1.427302025,10.69462776
1.427567147,10.69441319
1.4278230889999999,10.69188023
1.42806568,10.68799686
1.428303741,10.68786526
1.4285611139999999,10.68423653
1.4287908299999998,10.68455696
1.429047011,10.684659
1.4293141589999998,10.6869173
1.4295716509999998,10.68093204
1.42980697,10.68078423
1.430058621,10.68039131
1.430300616,10.68250942
1.4305529819999998,10.67885113
1.430810116,10.679039
1.431064151,10.67693233
1.4313248619999999,10.67673206
1.431550525,10.67411423
1.431809686,10.67148399
1.432059191,10.67117691
1.432302497,10.67113972
1.432552837,10.66816044
1.43279209,10.66946793
1.4330497009999998,10.66781807
1.433328293,10.66943932
1.4335708839999999,10.66595554
1.433818005,10.66484261
1.434053324,10.66224003
1.43429222,10.66439056
1.434543632,10.65871716
1.4348141179999998,10.66078949
1.4350631459999998,10.65829945
1.4353132469999998,10.6596241
1.43555858,10.65953445
1.435799144,10.65630627
1.436053656,10.65262985
1.436290525,10.65466976
1.436560772,10.65159321
1.4367972839999998,10.65103245
1.4370635969999999,10.65113449
1.437324189,10.65263271
1.437561892,10.64875698
1.4378135429999999,10.64682198
1.4380568489999999,10.64288521
1.4383014669999998,10.64465046
1.438547514,10.64508152
1.43880894,10.64101791
1.4390663129999999,10.6444521
1.4393255939999998,10.64095211
1.439563774,10.63773537
1.439801119,10.63820934
1.440058135,10.63597679
1.4403058519999998,10.63453865
1.440558098,10.63562679
1.440802239,10.63243198
1.441042803,10.63470078
1.441326521,10.63409901
1.441563986,10.63188744
1.441813491,10.6284256
1.4420562019999998,10.62656021
1.442298077,10.62596416
1.4425493699999998,10.62540913
1.4428065049999999,10.62480545
1.4430563669999998,10.62335014
1.44330933,10.62449551
1.4435630069999998,10.62307262
1.443809293,10.61861229
1.4440572489999999,10.61672783
1.4443044889999999,10.61465549
1.444548033,10.61520767
1.4448067169999999,10.61679459
1.445062183,10.61630058
1.4453125219999998,10.61263371
1.445548557,10.60975933
1.4458112939999999,10.60947227
1.446043156,10.60899353
1.446313046,10.60938168
1.4465414509999999,10.6074028
1.446820043,10.60851383
1.447071813,10.60397816
1.447312854,10.60149193
1.447540544,10.60083199
1.4477932679999999,10.60281277
1.448045753,10.60250187
1.4483039599999998,10.60313702
1.448559664,10.6044178
1.44880297,10.60095501
1.449070715,10.60063362
1.44932463,10.59686852
1.4495582809999998,10.59123611
1.449789308,10.58951187
1.450035595,10.59144306
1.450315498,10.59505844
1.450566791,10.59410286
1.450813554,10.59072495
1.451056384,10.58708382
1.451314233,10.5891304
1.4515615929999999,10.58955956
1.451786064,10.58450413
1.452047967,10.58549404
1.452317141,10.58628368
1.4525602089999998,10.58300304
1.452801488,10.58356762
1.453058384,10.5804348
1.4533277969999998,10.57901669
1.4535600169999998,10.57810688
1.4537899719999998,10.57450771
1.454050206,10.57449436
1.454312705,10.57525063
1.454555415,10.5749712
1.454818271,10.57167912
1.4550665839999999,10.57282257
1.455311678,10.57101345
1.455555819,10.56779766
1.4557734949999999,10.56612587
1.4560472,10.5650425
1.456294321,10.56851006
1.4565662369999999,10.56747341
1.456821583,10.56690025
1.457058571,10.56383228
1.45731356,10.55765247
1.4575498329999999,10.55965614
1.457806252,10.55618286
1.458048724,10.55759335
1.4582981099999999,10.55527782
1.458559059,10.55672836
1.4588055839999998,10.55620098
1.4590690359999998,10.5542326
1.459302686,10.5519228
1.459543251,10.550354
1.459812425,10.55126095
1.460054778,10.55004406
1.4603016599999998,10.55196953
1.460574053,10.5460701
1.460801385,10.54686165
1.4610554199999999,10.54512596
1.461293958,10.54358196
1.4615512119999998,10.54046822
1.461805485,10.54094315
1.462060951,10.54034328
1.4622998459999998,10.54153442
1.4625522119999999,10.54253292
1.462812327,10.53917503
1.463069819,10.53493023
1.463301204,10.53216743
1.463554166,10.53334713
1.46380093,10.53274918
1.464052342,10.53176403
1.4643118609999999,10.53196526
1.464564346,10.52981186
1.4648196919999998,10.52564716
1.465068959,10.52609444
1.465299271,10.52478027
1.46555128,10.52342415
1.465799473,10.52692699
1.466061853,10.52625656
1.466327094,10.52237129
1.466549538,10.52057076
1.466813229,10.51846981
1.4670589189999999,10.5201683
1.467300914,10.51725483
1.467559241,10.51912975
1.467815302,10.51762486
1.4680708869999999,10.51520061
1.4683070409999999,10.51366997
1.4685548769999999,10.51356983
1.468804263,10.5107317
1.469055914,10.50753117
1.469304226,10.50679111
1.4695575459999999,10.5107317
1.4698157539999999,10.50865936
1.4700588209999998,10.50540638
1.470302008,10.50200176
1.470546983,10.50348473
1.470820569,10.50193119
1.4710566029999999,10.49962139
1.4712914449999999,10.49886513
1.471561097,10.49899769
1.4718052369999999,10.49743271
1.4720615369999999,10.50006008
1.472307466,10.49483299
1.4725585209999998,10.49314499
1.472799204,10.49213982
1.473055147,10.49170494
1.473314546,10.49186802
1.473567151,10.48858166
1.4738080729999998,10.48763847
1.4740548359999999,10.48944283
1.4743117319999999,10.48694038
1.4745464549999998,10.48558807
1.4747858269999998,10.48357487
1.4750455839999999,10.48516941
1.475295805,10.48381996
1.475544356,10.48365498
1.4758163919999998,10.48257732
1.476067208,10.48069859
1.476301454,10.47629547
1.476560138,10.47709084
1.476796769,10.47422218
1.47705593,10.47739983
1.47730615,10.47233295
1.477564596,10.47058296
1.4777953849999999,10.46949959
1.478040002,10.47070503
1.478306197,10.46919155
1.4785475959999999,10.46634007
1.4787982929999999,10.46928215
1.4790514929999998,10.46799946
1.479309939,10.46605682
1.479560278,10.4634037
1.479824923,10.45996094
1.480052255,10.45785046
1.480305456,10.45640278
1.48054757,10.4565506
1.4807940949999998,10.45634079
1.481051706,10.45666885
1.4813045489999999,10.4583416
1.481567524,10.45544624
1.48179891,10.45086861
1.4820554479999999,10.45354557
1.4823006619999999,10.45029736
1.482553385,10.45137215
1.482798122,10.44933987
1.483050607,10.4477787
1.48331704,10.44677067
1.483569048,10.44756222
1.483815573,10.44244099
1.484046005,10.43980789
1.4842987289999998,10.4400301
1.4845438229999999,10.44125557
1.484803103,10.44051361
1.4850530849999999,10.44149399
1.4853136759999999,10.44016647
1.4855631809999998,10.43795872
1.485810541,10.4331274
1.4860522969999999,10.43438053
1.486299418,10.4316864
1.4865457039999999,10.43712425
1.4868122559999999,10.43292713
1.487069987,10.43268585
1.487322711,10.42875576
1.487556003,10.42796421
1.487805747,10.4274025
1.4880498869999998,10.42476273
1.488293551,10.4240036
1.4885620099999999,10.42805958
1.4888075809999999,10.42238903
1.489055418,10.42306423
1.489316844,10.42195034
1.489561342,10.42060471
1.4898245559999999,10.41591835
1.4900464039999999,10.41432285
1.4902963859999998,10.41368008
1.4905388579999999,10.41316605
1.490797185,10.41059494
1.491055869,10.4121151
1.491306208,10.41188622
1.491559766,10.41153812
1.4918006879999999,10.40638065
1.4920552,10.40708256
1.4923010099999998,10.4040041
1.492570303,10.40559769
1.4928029999999999,10.40303516
1.493060611,10.40217972
1.493303321,10.39734936
1.4935438859999999,10.39998531
1.4937995899999998,10.39779186
1.4940471869999998,10.39923
1.494306706,10.39819145
1.494554304,10.39993286
1.4948129879999998,10.39480305
1.4950608239999998,10.39188957
1.4953140249999999,10.39032269
1.4955502969999999,10.390481
1.4958085049999998,10.38742542
1.4960507379999999,10.38975239
1.4962996469999998,10.38801289
1.496547721,10.38978767
1.496800326,10.38723755
1.497067116,10.38306046
1.4972835999999998,10.38494682
1.4975508679999998,10.38241959
1.497782491,10.38289928
1.498040579,10.38188744
1.498291992,10.38245678
1.498556875,10.38106251
1.498815201,10.37843704
1.499062322,10.37607002
1.4992933499999999,10.37082672
1.4995552529999998,10.37532806
1.4998057109999998,10.37199116
1.5000385269999998,10.37287331
1.500300072,10.37161064
1.500554226,10.37137127
1.5008075459999999,10.36703014
1.5010527599999999,10.3663702
1.501310848,10.36369038
1.501553081,10.36190319
1.5017934069999999,10.36038017
1.502052806,10.36528683
1.502312325,10.36182022
1.502551459,10.35727882
1.5027832019999998,10.3572216
1.5030484419999999,10.35983849
1.503297471,10.3559742
1.5035532939999998,10.35604191
1.503803872,10.35404396
1.5040575489999999,10.35222435
1.504306935,10.35080624
1.5045378429999998,10.34932899
1.5047908049999998,10.3493948
1.505054616,10.34989929
1.5052957759999999,10.35026741
1.505553864,10.34910583
1.5058089719999999,10.34489632
1.5060596689999999,10.3462286
1.5062962999999998,10.34261417
1.506545447,10.3410511
1.5067954289999999,10.34067822
1.5070574509999999,10.33711433
1.507310532,10.33925533
1.507562779,10.33692169
1.5078127609999998,10.33520126
1.508058451,10.33398628
1.5083028299999999,10.33218384
1.5085545999999999,10.33142281
1.508803271,10.3285408
1.5090513449999998,10.33092976
1.5093037109999998,10.32722759
1.509546898,10.32734966
1.50981357,10.32965469
1.5100573529999999,10.32587242
1.51030805,10.32418442
1.510546588,10.32349777
1.510808371,10.32357597
1.5110621679999998,10.32019043
1.511310719,10.31941223
1.5115493759999998,10.32044601
1.5117984039999999,10.31918716
1.512058161,10.31510448
1.512300752,10.31270313
1.512546681,10.31568909
1.5127995239999998,10.31166363
1.513057374,10.31420231
1.513311409,10.31160355
1.5135730729999999,10.31106377
1.513802908,10.30656433
1.5140460949999999,10.30840492
1.5142966729999998,10.30668736
1.5145663249999999,10.31033421
1.514825009,10.30821133
1.5150690299999998,10.30486584
1.5153053029999999,10.30272865
1.515569709,10.29998684
1.5158111079999999,10.29908848
1.5160486919999998,10.29793453
1.516313456,10.30152893
1.5165857299999999,10.29952335
1.5168150889999998,10.29836273
1.517060898,10.29615879
1.517314933,10.29636097
1.5175472719999998,10.29672146
1.517813109,10.29542446
1.518050693,10.29368687
1.518299841,10.29185295
1.5185686569999999,10.29235649
1.5188184009999999,10.29177284
1.519076847,10.2884388
1.519309305,10.28759193
1.5195586909999999,10.28433704
1.519794487,10.28409863
1.520035766,10.28743649
1.520305418,10.28680134
1.520555042,10.2837162
1.520824932,10.28152752
1.5210778939999998,10.28128147
1.521311425,10.2766037
1.521565579,10.27797127
1.521798395,10.27264595
1.5220321639999999,10.27591419
1.5222913249999999,10.27527332
1.522554778,10.27665138
1.522821568,10.27366257
1.523081087,10.27169704
1.523335122,10.26812363
1.5235429029999998,10.26561832
1.523811601,10.2666769
1.52405598,10.26323414
1.524308466,10.26317883
1.524549626,10.26451397
1.524801634,10.26656151
1.525058292,10.26327705
1.525322221,10.26105309
1.5255627859999998,10.25869465
1.5258050189999999,10.25376701
1.5260578619999998,10.25707436
1.526312731,10.2544241
1.526564978,10.2532692
1.526810311,10.25094509
1.527053617,10.25195026
1.5272989499999998,10.24848175
1.527540468,10.24993992
1.527786635,10.24769497
1.5280345899999999,10.24997997
1.5283007849999999,10.24837017
1.5285675749999998,10.24924755
1.528833173,10.2470932
1.529070996,10.24172592
1.529312514,10.23813057
1.5295354349999999,10.23773384
1.52979698,10.23775959
1.530057214,10.23964024
1.530310653,10.23679733
1.530572914,10.23730659
1.5308149089999998,10.23528671
1.531057857,10.23500347
1.5313148719999998,10.23398399
1.531555794,10.23016834
1.531803154,10.22849178
1.5320534929999998,10.23044682
1.53231933,10.22989655
1.532566808,10.22826004
1.532815836,10.22375011
1.533057712,10.22589111
1.533299469,10.22230625
1.533556722,10.22304916
1.5338030089999999,10.21983242
1.534062766,10.21890926
1.534304522,10.21879959
1.534557127,10.21940804
1.5348246319999999,10.21572495
1.535056614,10.21244526
1.535303615,10.21201134
1.535543226,10.20967197
1.5357852209999998,10.20893383
1.536047123,10.21171379
1.5363152249999998,10.2104044
1.5365627039999998,10.20914078
1.5368230569999999,10.20616436
1.537061118,10.20721149
1.537290238,10.20226097
1.537541412,10.20460415
1.5378089179999999,10.20187473
1.538072012,10.20499992
1.5383181799999999,10.2023325
1.5385660159999999,10.19829655
1.538814567,10.19555569
1.539056681,10.19322205
1.539290093,10.19285488
1.5395471079999998,10.19473267
1.5398019779999998,10.19160652
1.5400628079999998,10.19420433
1.5403270949999999,10.18966484
1.5405582409999998,10.18919945
1.54080262,10.18571663
1.5410552249999998,10.18526077
1.541298889,10.18269825
1.5415656789999999,10.18562889
1.5418032629999998,10.1829586
1.5420513379999998,10.18078709
1.542296551,10.18137074
1.542545222,10.17992973
1.5427954419999999,10.18053341
1.54304602,10.17836285
1.543302201,10.17703819
1.543560527,10.18015766
1.5438140859999998,10.17635345
1.544044159,10.17363167
1.544308566,10.17346764
1.544556044,10.17172909
1.544801138,10.16800976
1.545065902,10.16709328
1.5452945459999998,10.16621017
1.545563482,10.16918278
1.545817517,10.16593456
1.5460587959999998,10.16704655
1.546306513,10.1593914
1.546555065,10.15921974
1.5468030199999998,10.15790081
1.547049664,10.15870857
1.5473046529999999,10.15926743
1.547545813,10.15931416
1.5478071199999999,10.1591959
1.548065208,10.1556797
1.548302434,10.15152454
1.548561715,10.15243816
1.5487940539999998,10.1492033
1.5490535719999998,10.14853668
1.549306296,10.14753437
1.5495585429999998,10.14504337
1.549795888,10.14295864
1.550047301,10.14420795
1.5503117069999999,10.14355087
1.550554775,10.14107418
1.5507920009999998,10.14227295
1.5510446059999998,10.13830471
1.551302932,10.13882446
1.551556252,10.14177895
1.551819347,10.13800621
1.552060507,10.13599682
1.5523115619999999,10.13302135
1.552543424,10.13244057
1.552814148,10.12976837
1.553039096,10.13210011
1.553308033,10.1310358
1.553550147,10.13034821
1.553809665,10.12783051
1.554060958,10.12432957
1.554307722,10.12182713
1.5545609219999998,10.12274361
1.554790996,10.1199894
1.555058383,10.1196785
1.5553007349999999,10.12168694
1.5555609689999998,10.11882782
1.5558071359999999,10.1160965
1.5560640319999999,10.11455727
1.556304954,10.11047554
1.556548976,10.11063957
1.556798004,10.11239433
1.557043575,10.11078262
1.5573203789999999,10.11210442
1.5575644,10.10685444
1.557812236,10.10459614
1.55805888,10.10540867
1.558298253,10.10185528
1.5585563409999998,10.10296631
1.55879762,10.10284424
1.55904796,10.10334301
1.5593134389999999,10.10135937
1.559572481,10.09774399
1.5598192439999998,10.09531689
1.5600497949999999,10.0948925
1.56029167,10.09223175
1.560549043,10.09655762
1.560814999,10.09463024
1.561049841,10.09376431
1.56130781,10.09436226
1.5615639909999999,10.09116554
1.561811946,10.08541679
1.562047862,10.08625889
1.5623059499999998,10.08669186
1.562553428,10.08346748
1.5628185499999998,10.08278847
1.563061737,10.07896137
1.563319706,10.07777691
1.5635470379999998,10.07721901
1.563792132,10.07698154
1.5640433059999999,10.07744789
1.564305686,10.07596397
1.564546131,10.07789326
1.564806841,10.07307243
1.565059207,10.07124996
1.565308116,10.07054806
1.5655588139999999,10.06792831
1.565781854,10.06652927
1.5660548429999999,10.06799889
1.566296719,10.06754875
1.566552065,10.06724644
1.5668121799999999,10.06511784
1.5670567979999999,10.06270123
1.56731882,10.06036663
1.567547225,10.05839348
1.567798399,10.05688286
1.5680384859999998,10.05818272
1.568300746,10.05859756
1.5685613379999999,10.05909061
1.5688114389999999,10.05548191
1.569057725,10.05416775
1.569313191,10.05220795
1.569549941,10.04792023
1.5698046909999999,10.04640579
1.5700346459999999,10.04946995
1.570306204,10.04700947
1.570552252,10.04743195
1.5708092679999999,10.04077053
1.571064614,10.04442406
1.571297787,10.04091549
1.571550273,10.0391283
1.5717948899999998,10.03922081
1.572048329,10.04025745
1.5723242979999998,10.04048252
1.5725695119999998,10.03752327
1.5728088839999999,10.03247166
1.573046588,10.03103733
1.573313139,10.03141117
1.5735417829999998,10.03125381
1.5737933149999999,10.0309515
1.574053548,10.03183556
1.574317955,10.02925396
1.5745812879999999,10.02766132
1.574833296,10.02554703
1.575055741,10.02017784
1.575298809,10.01833344
1.575548194,10.01755142
1.5757935269999999,10.01888657
1.576051973,10.019907
1.576312088,10.01905727
1.5765726789999999,10.01389885
1.5768127669999998,10.01366806
1.577057384,10.00988483
1.577300452,10.01136017
1.5775457849999999,10.01123905
1.57781627,10.01240349
1.5780419339999998,10.01053333
1.578310393,10.00995064
1.578580879,10.00968456
1.578810476,10.00302696
1.5790361389999998,10.00323105
1.579301857,10.00105667
1.579561018,10.00106525
1.57980182,10.00192547
1.5800705179999999,10.00070477
1.580323719,9.999565125
1.5805661899999999,9.994324684
1.580815815,9.990089417
1.5810473189999998,9.992582321
1.5812934859999999,9.994506836
1.581572913,9.992866516
1.581820153,9.9888134
1.58206334,9.986996651
1.5823233349999999,9.986447334
1.582570933,9.980434418
1.582804106,9.982524872
1.583054327,9.977960587
1.583305977,9.981140137
1.583553337,9.978006363
1.583813213,9.979538918
1.584052585,9.978116989
1.5843271239999999,9.97641468
1.5845694769999998,9.973662376
1.584802769,9.970223427
1.585039996,9.971419334
1.585310243,9.971077919
1.585553549,9.968142509
1.5858105649999998,9.969130516
1.586047791,9.967053413
1.58630874,9.965800285
1.586558245,9.962841034
1.586825274,9.963163376
1.587059163,9.961623192
1.5873085489999998,9.959745407
1.587545894,9.960100174
1.5878107769999998,9.958885193
1.588069104,9.956978798
1.58829882,9.954864502
1.588558696,9.955218315
1.5888130889999998,9.952598572
1.589029692,9.950653076
1.589301489,9.95165062
1.589567684,9.952168465
1.5898221959999999,9.950358391
1.5900620449999998,9.947703362
1.5903121459999998,9.945203781
1.590548299,9.945266724
1.590808652,9.943004608
1.5910601839999998,9.943184853
1.5913170799999998,9.939422607
1.59155824,9.938508987
1.591802381,9.93589592
1.592058681,9.938326836
1.592304491,9.935916901
1.592558406,9.930902481
1.592810415,9.930015564
1.593041562,9.928442955
1.5932854639999998,9.92930603
1.593555831,9.92993927
1.5938241709999998,9.926823616
1.594054364,9.927857399
1.594307087,9.921199799
1.5945489629999998,9.92162323
1.594795488,9.921923637
1.5950426089999998,9.917439461
1.5953023659999999,9.920542717
1.595561408,9.918087959
1.595800541,9.914681435
1.596056961,9.91375351
1.5963281619999998,9.911249161
1.596549772,9.907816887
1.59679737,9.90788269
1.5970551,9.905846596
1.597296141,9.904286385
1.5975533949999998,9.904565811
1.59779539,9.904298782
1.598063968,9.906622887
1.5983166919999998,9.899611473
1.598560475,9.898908615
1.59879043,9.896121979
1.599035762,9.898395538
1.599301957,9.896967888
1.5995626669999998,9.896495819
1.599808,9.891062737
1.60006132,9.888968468
1.6003185739999999,9.888066292
1.600550436,9.883481026
1.6007893309999999,9.883433342
1.601048254,9.889058113
1.6012968049999998,9.883289337
1.6015829069999998,9.880712509
1.601813577,9.880259514
1.602066659,9.876499176
1.602293037,9.876777649
1.602528595,9.87553215
1.602788232,9.876204491
1.6030630099999998,9.87815094
1.603315495,9.873405457
1.60356047,9.871067047
1.603811763,9.868878365
1.604050778,9.864417076
1.604303978,9.864829063
1.604556106,9.861153603
1.6048017959999998,9.860844612
1.605054043,9.860715866
1.605305933,9.8595438
1.6055579409999998,9.856093407
1.6057964789999999,9.855801582
1.606066845,9.857357979
1.606308125,9.852342606
1.6065664519999998,9.84677887
1.606809162,9.848153114
1.607037924,9.847073555
1.6073301059999998,9.847138405
1.6075802069999998,9.841733932
1.607814334,9.83986187
1.608042024,9.839413643
1.608301185,9.835205078
1.608547829,9.836481094
1.608821415,9.833950043
1.6090713959999998,9.832539558
1.609321855,9.82598114
1.6095613469999999,9.823569298
1.609805964,9.822809219
1.610053443,9.823867798
1.610295437,9.822238922
1.610572599,9.820138931
1.6108355749999999,9.819658279
1.611058734,9.81569767
1.611297988,9.81330204
1.61154785,9.81116581
1.6117937789999999,9.809085846
1.612041138,9.8111763
1.612312459,9.806307793
1.6125797259999999,9.805805206
1.6128273229999999,9.799106598
1.6130498869999998,9.797603607
1.6133008229999999,9.796958923
1.6135559309999998,9.794389725
1.6137964949999999,9.792340279
1.6140448079999998,9.7914114
1.614296936,9.79338932
1.614560627,9.791463852
1.614815973,9.790348053
1.6150471199999998,9.787568092
1.6153165329999999,9.785727501
1.6155697329999998,9.78145504
1.615809463,9.775625229
1.6160419209999999,9.776531219
1.616299532,9.775421143
1.616557144,9.772271156
1.616813563,9.768753052
1.617076896,9.770610809
1.6173285469999998,9.763999939
1.617540263,9.758911133
1.617794775,9.758799553
1.618045829,9.757510185
1.6183104739999998,9.756608963
1.618555568,9.75415802
1.618809484,9.752111435
1.619066022,9.753800392
1.619310401,9.747234344
1.6195513229999998,9.743497849
1.619794987,9.741928101
1.620049261,9.742480278
1.620309375,9.737689018
1.620592378,9.734300613
1.620827697,9.72966671
1.621051692,9.725852013
1.6213070379999999,9.725444794
1.621565126,9.723423958
1.621804617,9.721681595
1.6220443469999999,9.717352867
1.6223013629999998,9.718169212
1.6225773319999999,9.716533661
1.622824453,9.712251663
1.6230726469999999,9.707386017
1.6233185749999999,9.704181671
1.623559378,9.701368332
1.6238143669999998,9.699047089
1.6240738849999998,9.694480896
1.6242964489999998,9.695168495
1.624560259,9.692993164
1.6248300299999998,9.688312531
1.62507429,9.685598373
1.625314497,9.679330826
1.625561141,9.675860405
1.6257946719999998,9.673404694
1.6260570509999999,9.672336578
1.6263100129999999,9.67212677
1.626570605,9.669296265
1.626827501,9.66560173
1.6270729529999999,9.660450935
1.627304696,9.655024529
1.627565645,9.653120041
1.627813362,9.650714874
1.628065489,9.645335197
1.6283105839999998,9.645048141
1.628561996,9.639791489
1.628827475,9.639133453
1.629066371,9.634913445
1.629325532,9.633270264
1.6295650229999998,9.626338005
1.6298068989999999,9.625358582
1.6300596219999999,9.62124157
1.630319141,9.621907234
1.630576514,9.619070053
1.6308206539999999,9.614918709
1.6310689669999998,9.612359047
1.6313114389999999,9.60898304
1.631559394,9.603717804
1.631824993,9.601015091
1.6320556629999998,9.598323822
1.6323213799999998,9.595921516
1.6325779189999998,9.592757225
1.6328280199999998,9.588123322
1.6330685839999999,9.583428383
1.633337997,9.580936432
1.633555435,9.577623367
1.633799337,9.573613167
1.6340677959999999,9.571350098
1.634321712,9.569091797
1.634569787,9.568997383
1.6348282319999998,9.562565804
1.635074996,9.559843063
1.6353085269999998,9.552952766
1.6355748399999999,9.552653313
1.6358062249999998,9.548938751
1.6360633599999999,9.544649124
1.6363145339999998,9.543528557
1.636563085,9.541365623
1.636825226,9.534740448
1.6370685329999999,9.533421516
1.637333296,9.528079033
1.6375678999999999,9.524988174
1.6378091799999999,9.520326614
1.6380759699999998,9.517923355
1.638315462,9.513270378
1.638569258,9.508249283
1.6388298499999998,9.507187843
1.6390876989999998,9.501701355
1.639330529,9.496630669
1.639576934,9.493559837
1.639827751,9.486600876
1.640067719,9.485463142
1.640321158,9.476519585
1.640567444,9.472646713
1.6408432949999998,9.472307205
1.6410894619999998,9.466499329
1.641330741,9.462712288
1.641573571,9.454742432
1.6418326129999998,9.453011513
1.6420668589999998,9.442703247
1.6423299539999998,9.441080093
1.6425693259999998,9.435400963
1.642838262,9.432818413
1.643071316,9.424557686
1.643329643,9.423899651
1.643592738,9.417265892
1.643822216,9.412155151
1.644090794,9.407351494
1.644328855,9.396278381
1.644581817,9.394303322
1.644831322,9.389386177
1.6450716479999998,9.38586235
1.645329021,9.376968384
1.645586155,9.376369476
1.64585688,9.366060257
1.646103524,9.359355927
1.6463572009999998,9.353766441
1.6465984809999998,9.344786644
1.646846555,9.339907646
1.647094272,9.331633568
1.6473413929999998,9.325774193
1.647595309,9.319491386
1.6478446949999999,9.316175461
1.6480890739999998,9.308915138
1.648343824,9.299793243
1.6486113299999998,9.293816566
1.648873828,9.284036636
1.6490804179999998,9.278414726
1.6493340959999998,9.270140648
1.649574898,9.266717911
1.649834775,9.263716698
1.65009024,9.256949425
1.650331996,9.252765656
1.6505857929999999,9.24679184
1.650853656,9.242873192
1.6510977969999998,9.234360695
1.6513478979999998,9.227410316
1.6516078939999999,9.221889496
1.6518373709999998,9.212878227
1.652090453,9.208217621
1.65232458,9.202260017
1.6525706279999999,9.198096275
1.65284171,9.193902016
1.653085612,9.186745644
1.653359316,9.180311203
1.6536165699999998,9.170858383
1.6538598759999998,9.162298203
1.654087685,9.152462006
1.654340766,9.149798393
1.6545863379999999,9.138718605
1.6548395379999998,9.136003494
1.6550840359999999,9.128520012
1.655361436,9.122645378
1.655614518,9.111838341
1.6558509099999998,9.105704308
1.656101845,9.094574928
1.6563570719999998,9.092385292
1.656601571,9.082670212
1.656855725,9.076164246
1.657100938,9.06609726
1.657341145,9.059396744
1.657597207,9.051170349
1.6578388439999998,9.043984413
1.658093356,9.039714813
1.65835359,9.032326698
1.658623003,9.021073341
1.658853792,9.012068748
1.659122966,9.006731033
1.659354828,8.999515533
1.659604691,8.986302376
1.659848474,8.981577873
1.6600848659999998,8.974358559
1.6603341329999999,8.968870163
1.660579227,8.961969376
1.6608611569999998,8.957057953
1.6611056549999998,8.94623661
1.6613695849999999,8.939555168
1.6616139639999998,8.930038452
1.6618533359999998,8.921854019
1.662111543,8.913208961
1.662369512,8.906851768
1.662607692,8.894035339
1.6628408659999998,8.887036324
1.663106464,8.876523972
1.6633581149999999,8.871509552
1.663607143,8.863077164
1.6638616549999998,8.85452652
1.664122962,8.846676826
1.66437342,8.835371017
1.664616846,8.823359489
1.664880298,8.815997124
1.6651172859999999,8.808544159
1.665358208,8.796067238
1.665601514,8.786883354
1.665860675,8.777603149
1.666103028,8.770690918
1.666370414,8.762454987
1.6666321979999998,8.74657917
1.666867398,8.738240242
1.6671120149999998,8.731107712
1.667374157,8.72177887
1.667630457,8.71076107
1.667877458,8.70019722
1.6681267249999998,8.689396858
1.6683808789999999,8.681229591
1.6686196549999999,8.666984558
1.6688614119999998,8.658485413
1.669109486,8.650292397
1.669371389,8.64443779
1.669608139,8.631210327
1.669876479,8.619465828
1.6701246719999998,8.61062336
1.670377396,8.599039078
1.6706491929999998,8.589062691
1.670884155,8.576138496
1.6711355669999999,8.567764282
1.6713835229999998,8.552945137
1.671621107,8.541298866
1.6718824129999998,8.533494949
1.672118686,8.52045536
1.6723721249999999,8.514842033
1.672630213,8.503782272
1.672875546,8.491548538
1.673127554,8.484931946
1.6733523829999999,8.473142624
1.673617505,8.466434479
1.673859142,8.458903313
1.674111746,8.449239731
1.674353145,8.437705994
1.674622439,8.431222916
1.674881481,8.424438477
1.6751224029999998,8.413864136
1.6753691659999999,8.40188694
1.675612353,8.394093513
1.675847195,8.387347221
1.6760879979999999,8.3820858
1.6763588409999999,8.374034882
1.676614426,8.361753464
1.6768478379999998,8.35316658
1.6770863759999999,8.348365784
1.677341126,8.342351913
1.677610181,8.334327698
1.677858614,8.326823235
1.678116821,8.316941261
1.6783501129999998,8.309808731
1.678618811,8.301023483
1.678851031,8.291778564
1.67909088,8.283233643
1.679326557,8.28077507
1.6796047909999998,8.271467209
1.679839634,8.266989708
1.6800798399999999,8.261363983
1.680354379,8.254551888
1.6806088909999999,8.245622635
1.680872105,8.239400864
1.681098126,8.229457855
1.6813653929999999,8.22222805
1.6816046459999998,8.211868286
1.6818465219999998,8.205732346
1.6820988879999998,8.196628571
1.6823321809999998,8.195162773
1.6825883609999999,8.189181328
1.682858013,8.182618141
1.683094286,8.173550606
1.6833623869999998,8.165042877
1.6836192829999999,8.158694267
1.6838786829999999,8.147721291
1.684099458,8.140961647
1.6843445529999999,8.134384155
1.6845889319999998,8.127000809
1.684832715,8.121473312
1.6850929479999999,8.117138863
1.685333155,8.110207558
1.685583495,8.104722977
1.685860537,8.096769333
1.686113142,8.091492653
1.686355971,8.080202103
1.6866022569999999,8.071717262
1.686854385,8.066536903
1.6870844589999998,8.058543205
1.6873543489999998,8.055477142
1.6875982509999998,8.045660019
1.6878452529999999,8.038187027
1.68810036,8.031745911
1.688324832,8.02393055
1.6885912639999998,8.019247055
1.6888095369999998,8.012799263
1.689112924,8.007446289
1.689372562,8.001912117
1.689608,7.991048336
1.689861082,7.982327938
1.690091632,7.97553587
1.690340303,7.970541
1.69057145,7.963028431
1.690838479,7.961154938
1.6910847649999998,7.952436447
1.6913587079999999,7.94908762
1.691591047,7.939545155
1.6918469889999999,7.932115555
1.692094587,7.927478313
1.692347311,7.919456482
1.6925722589999999,7.914564133
1.69284346,7.907754898
1.693093918,7.901406288
1.6933347209999998,7.894363403
1.6935996039999999,7.885765076
1.6938510169999998,7.878417969
1.694099687,7.872284889
1.694342993,7.865272522
1.694594644,7.859654903
1.694855832,7.856478691
1.6951009259999998,7.845456123
1.695337318,7.838405609
1.695602678,7.832722187
1.69584658,7.825347424
1.696094297,7.817171574
1.696339034,7.807680607
1.696599625,7.803172112
1.69685676,7.794679165
1.6971234309999998,7.78758049
1.6973486169999998,7.779489994
1.697595738,7.771548271
1.6978589519999998,7.764230251
1.698097609,7.757850647
1.698344492,7.752458572
1.698609375,7.74071455
1.6988635289999998,7.735476494
1.699095987,7.723958969
1.6993388159999998,7.716738701
1.6995823609999998,7.712578297
1.699855231,7.70606041
1.700114153,7.696127892
1.70035889,7.692297935
1.7006064879999998,7.680863857
1.7008656489999998,7.670717716
1.7011072859999998,7.665275574
1.7013417709999998,7.658647537
1.701584123,7.65226078
1.701829098,7.644927502
1.702086233,7.639862061
1.702351354,7.632134914
1.702608608,7.625242233
1.702854537,7.618338108
1.7030776959999998,7.607808113
1.703339599,7.605639458
1.703591965,7.597453117
1.703847192,7.591135979
1.7041149359999999,7.583872795
1.704360388,7.569283485
1.704589032,7.563117504
1.7048560609999999,7.559148788
1.7050835119999999,7.549458504
1.705331229,7.547994614
1.7055785879999998,7.538898945
1.705843471,7.533770561
1.706109427,7.523539543
1.7063791979999998,7.515172005
1.7065993769999999,7.507092953
1.7068587769999999,7.498526096
1.707099103,7.490564346
1.70734074,7.484483719
1.707594536,7.478153229
1.7078478559999999,7.470046997
1.7080879439999999,7.465526581
1.7083386409999999,7.456636429
1.7085941059999998,7.450821877
1.7088211999999998,7.444664478
1.7091022949999999,7.436611176
1.709367417,7.427437305
1.709605359,7.420784473
1.7098450889999999,7.413491249
1.710105918,7.406390667
1.7103232369999999,7.399450302
1.710570358,7.391774178
1.7108313069999999,7.389710903
1.711093448,7.382047176
1.7113484369999998,7.373057842
1.711589597,7.365108967
1.7118441089999998,7.356321335
1.712090157,7.348879814
1.712363385,7.343024731
1.712616108,7.335121632
1.712846063,7.325823784
1.7130784019999998,7.318864822
1.713334464,7.310940742
1.7135893329999998,7.30617857
1.713827513,7.300098419
1.7140850049999998,7.29254961
1.714336656,7.283676147
1.7146157249999998,7.280561447
1.7148653489999999,7.2685256
1.715099596,7.261137009
1.7153421869999999,7.253395081
1.715591572,7.246346951
1.7158522829999998,7.23710537
1.716101669,7.22845602
1.71632757,7.221523762
1.716587924,7.22042942
1.716836356,7.209460258
1.7170880069999999,7.202511787
1.717337988,7.193686485
1.717596911,7.190110683
1.717852615,7.180636883
1.718107127,7.171622276
1.7183619959999998,7.162679672
1.718587063,7.154700279
1.718842767,7.150125027
1.7190878619999999,7.142590046
1.719353698,7.134561062
1.719589852,7.128805161
1.719826006,7.120460033
1.720080041,7.113393784
1.7203524339999998,7.108380318
1.720603489,7.098237514
1.720845722,7.088683128
1.72111287,7.082431793
1.7213384139999999,7.071464539
1.721597217,7.06759119
1.7218423109999998,7.061713219
1.722083472,7.053737164
1.7223370299999998,7.045933723
1.722584508,7.042870998
1.722837351,7.037056923
1.723082923,7.028232574
1.72334721,7.020615578
1.7236019599999999,7.01611042
1.723852776,7.007333279
1.724097513,6.999218941
1.7243426069999999,6.993194103
1.7245952119999999,6.988552094
1.7248325569999998,6.981425762
1.725082062,6.97411871
1.725336097,6.968108654
1.725601696,6.961853981
1.725849293,6.952072144
1.7260793669999999,6.949266434
1.7263432969999999,6.941180229
1.72658851,6.934451103
1.7268443329999998,6.928970814
1.7271001559999999,6.918054581
1.7273543109999998,6.91185379
1.727596425,6.90155077
1.727836751,6.898820877
1.728065513,6.887613297
1.728342794,6.882855892
1.728598736,6.878508091
1.728828214,6.866116047
1.729084514,6.862160683
1.7293369989999998,6.85749197
1.729603671,6.84951067
1.7298581819999999,6.839771748
1.7300931439999998,6.835007191
1.730340384,6.828394413
1.7305957299999999,6.822252274
1.7308355789999998,6.812681675
1.731091999,6.806743622
1.7313163509999998,6.799742699
1.731567882,6.796652794
1.7318372949999998,6.789631367
1.732103132,6.785223484
1.732367776,6.772232533
1.732596181,6.766196728
1.732843183,6.757995129
1.733079694,6.750984192
1.733328365,6.748742104
1.7335666639999998,6.742138863
1.73384323,6.734998703
1.734094404,6.729870796
1.734331869,6.720011234
1.734584116,6.713450432
1.734828971,6.707797527
1.735080384,6.704060078
1.735333823,6.696984768
1.735601924,6.689611912
1.735860966,6.679802895
1.736107133,6.673513412
1.736317299,6.663661957
1.7365688309999998,6.660132885
1.7368122559999999,6.654685974
1.7370358929999998,6.64782238
1.736420654,6.639219761
1.737680934,6.647099018
1.738436841,6.593742371
1.7387653809999999,6.546186924
1.73884251,6.501170158
1.7388241519999998,6.472455978
1.7388488279999998,6.464018345
1.738899611,6.458006859
1.7390085679999998,6.465329647
1.739153288,6.490660667
1.739479445,6.519720078
1.7398826109999999,6.542270184
1.7403556329999998,6.536419868
1.740746878,6.51404953
1.7410075889999999,6.492756367
1.741212748,6.475050926
1.741371177,6.459837914
1.741523169,6.450662136
1.741712712,6.453728199
1.7419792639999998,6.461837769
1.7422806249999998,6.463786125
1.742604278,6.458309174
1.742892049,6.443044662
1.743141316,6.431199074
1.743364833,6.418698311
1.743582271,6.411239624
1.743808888,6.40644455
1.744065784,6.403134823
1.7443230379999999,6.396428585
1.744596504,6.391991615
1.744843982,6.381142616
1.745098017,6.37079525
1.745355509,6.361391068
1.745603941,6.352816582
1.7458572609999998,6.345039845
1.746091984,6.337796211
1.746344589,6.328660965
1.74659159,6.324297428
1.7468428839999999,6.315302372
1.7470969189999999,6.306402206
1.7473455889999998,6.29706049
1.747587942,6.291613102
1.747860097,6.283895493
1.748076223,6.271854877
1.7483320459999998,6.266706467
1.7485891809999998,6.262610435
1.74884548,6.252307415
1.749126695,6.245987415
1.7493579609999999,6.232831955
1.74959936,6.224276543
1.7498498189999998,6.219272614
1.750091814,6.20943737
1.7503501399999999,6.198795795
1.75059595,6.191747665
1.750838183,6.184808731
1.751092337,6.176264286
1.751325987,6.166243076
1.751595758,6.160142899
1.75184872,6.153047085
1.752104186,6.144762039
1.752373837,6.133752823
1.752612971,6.12375021
1.752842687,6.11471653
1.753077053,6.108675957
1.753353857,6.099039555
1.753597997,6.091920376
1.753846549,6.081707478
1.7541067819999998,6.076170921
1.7543521149999999,6.062888145
1.7546067459999999,6.056058407
1.754853271,6.047447681
1.7550995569999999,6.039060116
1.755350255,6.030596256
1.7556087,6.02107811
1.755863689,6.014475822
1.756096624,6.004368305
1.7563389759999999,5.99707222
1.756585501,5.989092827
1.756835126,5.983237267
1.757099889,5.975081444
1.757348083,5.967368603
1.757589124,5.957001209
1.757850193,5.951323986
1.75809028,5.945046902
1.7583492029999999,5.937277317
1.758601092,5.92940855
1.758841656,5.920547962
1.759092949,5.914628983
1.759353422,5.90584898
1.7595997079999999,5.896699905
1.759843968,5.890024185
1.76009693,5.880653858
1.7603465539999998,5.872276306
1.760588788,5.863718033
1.760835193,5.854424
1.7611010299999998,5.848488808
1.761341713,5.841461658
1.761594318,5.833497047
1.761862896,5.825302601
1.7621044149999998,5.816501617
1.762334131,5.811481476
1.762594961,5.801429749
1.762830518,5.795448303
1.76310017,5.78972578
1.7633385879999999,5.777412415
1.763582729,5.771656513
1.7638511879999998,5.762491703
1.764091991,5.756533146
1.7643559199999999,5.747550488
1.764599823,5.739252567
1.764848612,5.730047226
1.76509919,5.721221447
1.765369319,5.714122772
1.765577816,5.703780174
1.765841268,5.697655678
1.766078971,5.69238472
1.766337656,5.686000824
1.7665795309999999,5.677550793
1.766838573,5.670633316
1.767100714,5.662592888
1.7673408019999999,5.653959274
1.7675974589999999,5.644764423
1.7678408849999998,5.638586998
1.7680746539999999,5.630051136
1.7683394179999998,5.625380993
1.768589638,5.616670609
1.768836878,5.610553265
1.7690909129999999,5.603904724
1.769339703,5.594731808
1.769568943,5.587958813
1.769849204,5.583376408
1.77008035,5.57638216
1.77033212,5.568750381
1.770599507,5.556700706
1.770836972,5.552619934
1.7710901719999999,5.544668198
1.771338962,5.53698349
1.7715889439999999,5.529025078
1.771832846,5.520895481
1.7720970139999999,5.512650013
1.772326611,5.505653381
1.7725781429999998,5.497841358
1.772834681,5.490936279
1.773085021,5.481068611
1.773333453,5.474800587
1.7735966669999998,5.468710899
1.773848556,5.459614754
1.774079107,5.452665329
1.774348401,5.443325043
1.7745806199999998,5.433113575
1.7748433579999998,5.428751945
1.77510073,5.420732975
1.775321268,5.409825802
1.775565289,5.405958176
1.775834583,5.400078773
1.7760873069999998,5.392546177
1.776352786,5.384342194
1.776597284,5.377921104
1.776841425,5.367267132
1.777086757,5.360953331
1.777339958,5.351458549
1.777593993,5.344325066
1.777854107,5.339168549
1.778095268,5.328385353
1.778334044,5.31854248
1.778577112,5.311259747
1.778826974,5.306078434
1.7790999639999998,5.297155857
1.77933576,5.290519238
1.779578827,5.281433105
1.779845022,5.276925564
1.780102871,5.267064571
1.7803566679999998,5.258119583
1.780601643,5.248886585
1.780824207,5.238607407
1.7810783609999998,5.23218298
1.781347416,5.221950531
1.7815901269999999,5.215462685
1.78183844,5.206321716
1.7820773349999999,5.199541569
1.782326721,5.191396236
1.782594942,5.182323456
1.7828519569999999,5.174286842
1.783098959,5.164866924
1.7833243829999998,5.156346321
1.7835790139999999,5.152266026
1.783841632,5.145989895
1.784086369,5.135934353
1.784340404,5.126417637
1.784575246,5.11926651
1.7848450169999999,5.111138344
1.785077952,5.105906963
1.78531339,5.100598812
1.7855714779999998,5.094127178
1.785849832,5.085819244
1.7861027939999998,5.076593399
1.786350511,5.069507122
1.786596082,5.061995029
1.786821507,5.054928303
1.787083529,5.046527386
1.787344359,5.038492203
1.78757944,5.030562401
1.7878387199999999,5.023889065
1.788093947,5.016922951
1.788335823,5.007360458
1.78857889,4.999929905
1.788845681,4.989271641
1.789113663,4.9799757
1.789352559,4.967950344
1.7895950299999999,4.964529991
1.7898524029999998,4.953909397
1.790101312,4.945268631
1.7903336509999999,4.935299873
1.7905644399999998,4.929759979
1.790851139,4.922160625
1.791091584,4.915496349
1.791351937,4.902033806
1.79158964,4.897574902
1.791850709,4.888068199
1.7921000939999998,4.879505157
1.792351864,4.867213249
1.792593859,4.860226154
1.792844199,4.850446224
1.793102764,4.842313766
1.793345593,4.833978653
1.793597959,4.824917793
1.7938275559999999,4.81542635
1.794085048,4.811148167
1.794330381,4.802759171
1.794569157,4.79620266
1.794851445,4.787658215
1.7951020229999999,4.777527809
1.795334362,4.768115044
1.795586489,4.764760971
1.795842551,4.754890919
1.7960808499999998,4.745828629
1.79634013,4.738431931
1.796600364,4.731779575
1.7968356829999999,4.72315979
1.79707589,4.713634968
1.797323726,4.707649708
1.797577523,4.700602531
1.797845148,4.695409298
1.7980846389999998,4.687535763
1.79835131,4.67946434
1.798602603,4.669330597
1.798831366,4.662483215
1.799066208,4.655980587
1.799324773,4.653065681
1.7995894179999998,4.644426823
1.799830578,4.636546612
1.800075911,4.62871027
1.800325416,4.620577812
1.8005661,4.616466999
1.800824545,4.610187531
1.8010908589999999,4.602435112
1.8013276089999999,4.596232891
1.801571034,4.589679718
1.8018325789999998,4.582466602
1.8020789849999999,4.575780869
1.802342199,4.569849014
1.802579068,4.560471058
1.802813195,4.55471611
1.803053998,4.548812389
1.803302787,4.545340061
1.8035724389999999,4.541455746
1.803823851,4.531228542
1.8040720449999998,4.527392387
1.804343246,4.520188332
1.804584049,4.513016224
1.8048404679999999,4.506525993
1.8050624359999998,4.498816013
1.805311822,4.493806839
1.8055587039999998,4.489562511
1.805823706,4.483590126
1.806072019,4.473632813
1.806326293,4.470715046
1.806563757,4.463569164
1.806827091,4.454578876
1.8070813639999999,4.450211048
1.807326101,4.441817284
1.8075826389999998,4.434187412
1.807836555,4.424922943
1.8080762849999998,4.420722961
1.808318041,4.413984776
1.808553957,4.404626369
1.808822535,4.40119648
1.809071444,4.39312315
1.809333108,4.384358883
1.8095895279999998,4.377004147
1.809847735,4.369357109
1.810081147,4.35750246
1.810326122,4.354021549
1.8105588179999998,4.348812103
1.8108102309999998,4.342146397
1.8110858429999999,4.334587097
1.811318539,4.324614525
1.811563872,4.320731163
1.8118196949999998,4.317952633
1.812076353,4.310732841
1.812344454,4.301291943
1.812582873,4.290449619
1.812822126,4.28624773
1.8130911809999999,4.27798748
1.813319467,4.272875309
1.813572548,4.266160965
1.813814305,4.262494087
1.814063929,4.25552702
1.814320825,4.248817444
1.8145688999999998,4.245476723
1.81481161,4.240640163
1.815066002,4.234920025
1.8153254019999998,4.22781086
1.815576814,4.221085072
1.815825008,4.211378574
1.8160932289999998,4.206479073
1.816315793,4.199189186
1.816547774,4.193993568
1.816795491,4.187729359
1.8170464259999999,4.182334423
1.817326926,4.177627563
1.8175714239999998,4.169156075
1.817823552,4.162852764
1.8180729379999998,4.156351566
1.8183326949999998,4.147911549
1.818568371,4.143945694
1.8188309889999998,4.133840561
1.81906917,4.129905224
1.8193285689999998,4.122644901
1.8195681799999999,4.115850925
1.8198098169999999,4.108612537
1.820053481,4.102197647
1.820326828,4.097965717
1.8206022009999998,4.088816166
1.8208565939999999,4.080234528
1.821079157,4.069574833
1.821302556,4.063291073
1.8215593319999999,4.06137228
1.821812295,4.05439806
1.8220761049999998,4.046620846
1.822332524,4.035235405
1.822590016,4.029495716
1.822831057,4.019447803
1.823083185,4.014614105
1.823339485,4.005400181
1.823577426,3.998202562
1.8238346799999998,3.989838839
1.824107193,3.981440544
1.8243317829999999,3.971171856
1.824580573,3.964646339
1.8248183949999999,3.958884478
1.82506945,3.949116707
1.825332306,3.943264484
1.825598501,3.935023546
1.825841807,3.925565958
1.826076053,3.920280695
1.826325201,3.910808325
1.826607846,3.900255442
1.826855682,3.890351057
1.827091597,3.883109331
1.827336691,3.87231493
1.8275735599999998,3.864545345
1.827824019,3.858725071
1.828094863,3.849523306
1.8283572419999998,3.839260101
1.8286115159999998,3.828357935
1.828845047,3.818849325
1.8290865649999999,3.812953949
1.829332493,3.804330826
1.829599403,3.795431376
1.829861783,3.785636663
1.830102824,3.779363155
1.8303418379999998,3.766164064
1.830595397,3.757655144
1.830880426,3.745150328
1.831113003,3.73588109
1.831357263,3.720537424
1.831618212,3.709307909
1.831863426,3.695731878
1.8321356999999998,3.685306311
1.8323875889999999,3.672510624
1.832615398,3.659038067
1.832828663,3.650049448
1.833113931,3.642711163
1.8333703499999998,3.628211737
1.833636783,3.614495277
1.83387401,3.603381157
1.83410611,3.590993404
1.834328435,3.583693981
1.834604763,3.575661182
1.8348773939999998,3.56397295
1.83516445,3.54843235
1.835403942,3.533306837
1.835641645,3.517012119
1.835871123,3.503648043
1.83612778,3.4909935
1.8363906369999998,3.480788708
1.836655043,3.465087414
1.8368885739999998,3.450349092
1.8370981439999998,3.440566301
1.837328337,3.430823326
1.837604903,3.425843239
1.8378412949999998,3.414916039
1.8381059389999999,3.407568216
1.838344477,3.396834135
1.838605546,3.385239363
1.838869713,3.376821995
1.839110039,3.367567778
1.839359902,3.355546474
1.8395978439999998,3.347637177
1.8398488979999998,3.339236975
1.840103649,3.327839136
1.8403629289999999,3.318000078
1.8406161289999998,3.304463863
1.840872072,3.293069363
1.84115126,3.281110764
1.8413989769999999,3.260687828
1.841636799,3.245902538
1.8419631939999999,3.221889973
1.8423452599999999,3.19985795
1.842602871,3.17894268
1.8427963479999998,3.160919905
1.842937492,3.146394491
1.8430787549999998,3.136222124
1.843200944,3.126722813
1.843369864,3.124847889
1.843681119,3.139237404
1.844162725,3.12605834
1.844565891,3.100898027
1.844826959,3.079602003
1.845019363,3.061370611
1.845177315,3.047143698
1.845315598,3.038020611
1.845441602,3.028324842
1.8456226809999998,3.031601667
1.8460263239999999,3.037244797
1.8465080489999999,3.010061979
1.846828841,2.987669468
1.847023629,2.971827984
1.8471665609999999,2.959003448
1.8472762329999999,2.948766232
1.847393058,2.944330692
1.84762194,2.957677364
1.848050974,2.957650661
1.84845712,2.936558485
1.848731183,2.916688681
1.848910712,2.901386261
1.849054359,2.894714117
1.8491987209999998,2.89601922
1.849493288,2.898937225
1.8498469819999999,2.890526056
1.8501577599999999,2.874954939
1.850371145,2.861656189
1.850559257,2.852820396
1.850756548,2.849422455
1.851014398,2.848620892
1.851310037,2.839979172
1.851611041,2.832211494
1.851854943,2.816356182
1.85209205,2.808784008
1.852304123,2.802820206
1.852547787,2.797587395
1.8528106439999998,2.79375124
1.853084587,2.784433842
1.853337906,2.775521517
1.8535700069999999,2.765541792
1.853824996,2.756318092
1.854061626,2.753013849
1.854324959,2.742760658
1.854578398,2.73276186
1.8548240889999998,2.72666502
1.855098747,2.716508389
1.8553158269999999,2.711475134
1.8555760609999998,2.701530457
1.855825447,2.696667194
1.856085204,2.688115597
1.8563399539999998,2.677992344
1.8565674049999998,2.669813871
1.85682299,2.661101103
1.857078098,2.652946949
1.857328795,2.64638114
1.8575598229999999,2.638290644
1.8578255399999999,2.628678799
1.858083986,2.618741512
1.858328246,2.611613035
1.858596347,2.60068059
1.8588367929999998,2.591355085
1.859066986,2.585153103
1.859335803,2.576277733
1.859582804,2.566173077
1.859838508,2.558028936
1.8600687009999999,2.549843788
1.860311292,2.542476177
1.860567235,2.533692122
1.860814475,2.524131775
1.8611052259999998,2.514050007
1.861354135,2.502346039
1.861582779,2.489235401
1.861817978,2.486789227
1.8620780929999998,2.476161003
1.8623497709999999,2.466171026
1.862594627,2.453314066
1.862831377,2.44510603
1.863078021,2.436844349
1.8633545859999998,2.426701307
1.863573574,2.413300991
1.863835,2.406572104
1.864085101,2.395105839
1.8643265,2.387322903
1.8645948399999999,2.37655735
1.864847325,2.36367774
1.865099095,2.351972342
1.86533346,2.34573555
1.8655911909999998,2.333865643
1.865862511,2.322459221
1.8661308509999999,2.309472561
1.866343163,2.299283743
1.8665749059999999,2.290283918
1.866820596,2.279644489
1.867116235,2.268558979
1.867378019,2.25772357
1.867602848,2.243835926
1.867833637,2.236484766
1.8680823069999999,2.225762367
1.868368052,2.21185565
1.8686384189999998,2.198764801
1.8688574059999998,2.180455685
1.869094633,2.168669939
1.869345807,2.158603191
1.869639777,2.142803192
1.8699177729999998,2.125003099
1.8701505889999999,2.10389328
1.870374702,2.088263512
1.87059965,2.076601028
1.870829009,2.064955235
1.871140383,2.048454523
1.871425651,2.032127857
1.87165501,2.010599852
1.871850394,1.996390224
1.8720808249999998,1.983054399
1.872377776,1.966300011
1.872711085,1.940048218
1.8730352149999998,1.911631227
1.873358272,1.880162001
1.873597406,1.85264039
1.873758815,1.834386468
1.8738769519999998,1.822023034
1.873994492,1.813227057
1.874124192,1.809072137
1.874401711,1.806259513
