Elongation [mm],Load [kN]
0.0,0.01015385
-1.4040000000000001e-05,0.000300127
-1.104e-05,-0.001453113
-2.034e-05,-0.005996174
-2.584e-05,-0.004642692
-2.964e-05,-0.004913346
-3.424e-05,-0.005291695
-8.54e-06,0.004032517
1.596e-05,0.018445406
6.666e-05,0.042517729
0.000129302,0.068283513
0.000200774,0.096185841
0.00025971299999999996,0.125988886
0.000327728,0.151543841
0.00038126800000000004,0.17741169
0.000460875,0.203774542
0.000515691,0.227166474
0.000552907,0.248742297
0.000621962,0.272704065
0.000679556,0.290102154
0.000723385,0.315261036
0.000772195,0.331738263
0.0008324830000000001,0.357028008
0.000880926,0.380418062
0.0009328930000000001,0.39837864
0.000975804,0.421480358
0.001036846,0.440003127
0.0010655139999999998,0.458476096
0.001122877,0.486002862
0.001177675,0.50654465
0.0012331339999999999,0.52905339
0.001288498,0.548369884
0.001339205,0.568287611
0.001389266,0.587590098
0.001431007,0.611656606
0.00149201,0.630775869
0.001540697,0.653327405
0.0015887039999999998,0.674367487
0.001629595,0.694325686
0.0016843939999999999,0.714773715
0.001725377,0.737461865
0.001787686,0.761468589
0.001845364,0.783075392
0.001895101,0.800120294
0.001931573,0.824007392
0.0019942420000000002,0.842140615
0.002033211,0.865228176
0.00207988,0.886588752
0.002144351,0.911520779
0.002197742,0.929979682
0.002232307,0.945342302
0.0022733180000000003,0.968621075
0.0023312660000000002,0.991461813
0.002392186,1.015041709
0.002436438,1.03593421
0.002474692,1.052595019
0.002528531,1.075855136
0.002577474,1.096184969
0.002631286,1.12008357
0.0026929790000000003,1.140479803
0.002728504,1.161138535
0.002780144,1.179487109
0.0028411810000000003,1.201861858
0.0028795220000000002,1.219817758
0.0029152270000000003,1.24115169
0.002977646,1.264634848
0.0030200830000000002,1.281351089
0.003083198,1.300955892
0.0031063130000000003,1.322381735
0.003163921,1.345544696
0.003222687,1.366000891
0.0032721670000000003,1.389808178
0.0033204180000000003,1.409997106
0.0033629040000000003,1.426633954
0.003416465,1.448438883
0.003469106,1.47087872
0.0035138870000000003,1.493999004
0.0035763450000000003,1.513389468
0.003639292,1.534069777
0.003659392,1.553252935
0.0037159660000000002,1.57623446
0.003760823,1.600775719
0.003811806,1.621201992
0.0038782580000000003,1.64227283
0.003911866,1.663201809
0.003961428,1.685743451
0.004010944,1.70933795
0.004064511,1.728508592
0.004112849,1.750131607
0.004165025,1.770112991
0.004219681,1.790971518
0.004267577,1.811913848
0.004310512,1.835798025
0.0043789,1.858353734
0.004411511,1.878139377
0.004483068,1.898683071
0.004515201,1.923276901
0.004586672,1.942680955
0.004614835,1.961628914
0.004661674,1.982302427
0.004718339,2.006790638
0.004774142,2.023185253
0.0048260970000000005,2.049580097
0.004878253,2.067197561
0.0049258900000000005,2.089857578
0.004971815,2.109459639
0.005024464,2.130162954
0.005065324,2.151519775
0.005132496,2.177167177
0.0051769780000000005,2.194819689
0.005223874,2.21674037
0.0052825500000000004,2.236009359
0.0053319050000000005,2.258420229
0.005386124,2.282262325
0.005430426,2.300407648
0.00548037,2.322736979
0.005530538,2.344098568
0.005582924,2.362923145
0.005618358,2.38491869
0.0056733420000000005,2.403809309
0.0057298110000000005,2.428961515
0.005780789,2.4438169
0.00582748,2.466214895
0.005880947,2.487966537
0.005923853,2.512034416
0.00598647,2.528346062
0.006025174,2.549793482
0.006068364,2.567972898
0.0061207530000000005,2.593126297
0.006173054,2.613542795
0.006223547,2.634132624
0.006266842,2.658877373
0.006322915,2.675888538
0.006392651,2.701419592
0.0064475470000000005,2.722163916
0.006491687,2.738511086
0.00652802,2.762568235
0.006579186,2.78083396
0.006616941,2.802000046
0.006680041,2.826392412
0.006730139,2.849139214
0.006791175,2.867257833
0.006843997,2.888536692
0.006877348,2.909130812
0.00694301,2.930788279
0.006980054,2.94923234
0.00703753,2.97228384
0.0070867890000000005,2.989688873
0.007139531,3.011562347
0.007186508,3.032512665
0.007235061,3.054366112
0.00728399,3.0733006
0.007336675,3.09643054
0.007388994,3.117649794
0.007444355,3.141342402
0.007499288,3.157972336
0.007531169,3.183514118
0.0075926710000000005,3.205939293
0.0076474080000000005,3.226047039
0.007676545,3.24551034
0.007749425,3.269559383
0.0077918,3.291000366
0.00783852,3.313776731
0.007897478999999999,3.331796646
0.007943414999999999,3.351765871
0.007988301,3.375522375
0.008042506,3.3937819
0.008096826,3.414665461
0.008138465999999999,3.437256575
0.00819871,3.454619884
0.008230124,3.476445913
0.008283572,3.49758625
0.008344204999999999,3.521649837
0.008387615,3.540609121
0.008427091,3.564231396
0.008467754999999999,3.58778739
0.008524327,3.608860016
0.008585085,3.635365248
0.008655902,3.657782316
0.008691832,3.674537659
0.008740379,3.695134878
0.008788810999999999,3.714503288
0.008838084999999999,3.740650177
0.008889902,3.760672569
0.008927587999999998,3.783557653
0.008998224999999999,3.803839684
0.009058124999999998,3.825225353
0.009098005,3.843443394
0.009130405,3.869012117
0.009196834,3.88851285
0.009242878,3.910786867
0.009298545,3.930198193
0.009343222,3.955698729
0.009389541,3.973786354
0.009442181999999999,3.996947765
0.009516212999999999,4.015814781
0.009540181,4.037429333
0.009596332999999999,4.056659698
0.009652493,4.080396175
0.009708825999999999,4.104079247
0.009745763999999999,4.125180244
0.009817155999999999,4.146258831
0.009857960999999998,4.166270733
0.009895648,4.18615675
0.009954633999999999,4.210428238
0.010012693,4.232813835
0.010065583999999999,4.255191803
0.010092922999999998,4.273628712
0.010147693999999999,4.29644537
0.010185166999999998,4.318463802
0.010263637999999999,4.342786312
0.010303712,4.362479687
0.010346648,4.387017727
0.010408937,4.406143665
0.010465831,4.431563377
0.010515821,4.453746796
0.010566784999999999,4.472094059
0.010608376,4.492906094
0.010669389999999999,4.516684055
0.010716011999999999,4.53658247
0.010773795,4.559087276
0.010802865,4.581039429
0.010866889,4.602900505
0.010914667999999999,4.624571323
0.010961209,4.644582748
0.011023917,4.666554928
0.011062481999999998,4.685658455
0.011117963,4.710168362
0.01117731,4.732573509
0.011223579,4.751013279
0.01125819,4.770599365
0.011327127999999999,4.793495178
0.011382158,4.813922882
0.011415518,4.834763527
0.011469248999999999,4.856410503
0.011513777,4.877197266
0.011582383,4.895834446
0.011610507999999999,4.916059494
0.01168055,4.937905312
0.01172553,4.958367348
0.011779189999999998,4.979212284
0.01181552,5.002246857
0.011872438999999999,5.025039196
0.011932478,5.042742252
0.011986677999999999,5.065507412
0.012033133,5.082597256
0.01207376,5.101878166
0.012110986999999998,5.12576437
0.012180096,5.146540165
0.012225192,5.16714859
0.012289864,5.188214302
0.012346715,5.206539631
0.012381432999999999,5.226963043
0.012426402999999999,5.243366241
0.012492192,5.264709949
0.012539110999999999,5.282467365
0.012570372,5.305199623
0.012655359,5.324038506
0.01267682,5.346486568
0.012732699,5.363749504
0.01278476,5.382720947
0.012828009,5.405026913
0.012896304999999999,5.427527428
0.01292991,5.446075439
0.012983656,5.462875366
0.013029088,5.48344183
0.013092418,5.502721786
0.013147278,5.521866798
0.013182239,5.541692257
0.01323451,5.559144974
0.013280835999999999,5.580713272
0.013342637,5.598966599
0.013370242999999999,5.619341373
0.013436812,5.638902187
0.013501809,5.662302971
0.013537578,5.68014431
0.013587792,5.69796133
0.013630247,5.718988895
0.01368782,5.739871979
0.013737899999999999,5.758814335
0.013799171999999998,5.778702736
0.013847753999999999,5.799405575
0.013896242999999999,5.816581726
0.013937831,5.831813812
0.013985112,5.852528095
0.014032501999999999,5.874882221
0.014087262,5.892465591
0.014143596999999999,5.911757469
0.014194581,5.929978848
0.014235444,5.949195862
0.014278227999999999,5.97048378
0.01434503,5.991244316
0.014394802,6.012568474
0.014451581,6.026022911
0.014484182,6.044182301
0.014541635999999998,6.064899921
0.014589597999999999,6.083070755
0.014637800999999999,6.107526302
0.01469065,6.125768661
0.014751704999999999,6.144584656
0.014811156999999998,6.160634995
0.014847164,6.176633835
0.014903399,6.197278976
0.014946550999999999,6.211345673
0.015010021,6.235351563
0.015059218999999999,6.251400948
0.015090979999999999,6.270658493
0.015152209,6.287518024
0.015186573,6.305406094
0.015241594999999998,6.325747967
0.015305747,6.342604637
0.015356173999999998,6.361301422
0.015403819,6.379390717
0.015453218999999999,6.396538258
0.01550129,6.415317059
0.015546593999999999,6.428861618
0.015603648,6.452596188
0.015655099999999998,6.471952915
0.015709723999999998,6.488825321
0.015759803,6.506646156
0.015799449,6.521567345
0.015851880999999998,6.54024601
0.015912376,6.560570717
0.015966499,6.576539516
0.01600759,6.595932961
0.016072783,6.614970684
0.016107929,6.629558563
0.01616968,6.64686203
0.016204666,6.663977623
0.016273142,6.683419704
0.016302940999999998,6.703724861
0.016350196,6.72119236
0.016400724,6.739086628
0.016460574999999998,6.758944988
0.016509278999999998,6.776625156
0.016554407,6.793923378
0.016608579,6.813001633
0.016660535,6.829738617
0.016710841,6.849575996
0.016764998,6.863976955
0.016813252,6.881105423
0.016847980999999998,6.900648117
0.016908321,6.918460846
0.016951186,6.939245224
0.017010281999999998,6.954255581
0.017061836,6.971033096
0.017110884,6.988882542
0.017154946,7.008627415
0.017197811,7.026384354
0.017269773,7.046056271
0.017310123,7.064773083
0.01735419,7.083068371
0.017428205999999998,7.099852562
0.017463494,7.118879318
0.017517309,7.130497932
0.017566026999999998,7.149948597
0.017601022,7.165487289
0.017669983,7.187617302
0.017731968,7.201282501
0.017770292,7.217587471
0.017828873999999998,7.235254765
0.017875477,7.25322485
0.017933458,7.269470692
0.017969739999999998,7.282171249
0.018016123999999998,7.299973011
0.018060546,7.317844391
0.018118593,7.335454941
0.018174509999999998,7.351870537
0.018226692,7.371503353
0.018269259,7.387249947
0.018334519,7.402689934
0.01837521,7.420541763
0.018424585,7.435423374
0.01847892,7.45316124
0.018536023,7.467818737
0.018570836,7.483673096
0.018614124,7.501603603
0.018668416,7.518820286
0.018717594,7.534807682
0.018772927,7.552669525
0.018827184,7.570248127
0.018872359,7.588376045
0.018932918,7.605978966
0.018987030999999998,7.619520664
0.019034432,7.636762142
0.019083990999999998,7.649749756
0.019123519999999998,7.667850971
0.019172269,7.68416214
0.01921948,7.701298237
0.019264258,7.721114635
0.019320181999999998,7.735938549
0.019376952,7.754407406
0.019419185,7.775454521
0.019470876999999998,7.787866116
0.01951833,7.803438187
0.019569078,7.822207928
0.019623598,7.840731144
0.019673716,7.856458187
0.019725672,7.873570919
0.019775159,7.889647484
0.019823103999999998,7.907168865
0.019878279,7.922430515
0.019930147999999998,7.942147255
0.019976413999999998,7.955010414
0.02003972,7.973029613
0.020078729,7.988821983
0.020115532999999998,8.003316879
0.020178210999999998,8.023234367
0.020226648,8.03668499
0.020283481,8.053852081
0.020331796,8.071403503
0.020372058999999998,8.085842133
0.020414235,8.102614403
0.020468093,8.121052742
0.020527411,8.138584137
0.020581379,8.153138161
0.020637812,8.171620369
0.020691187,8.18388176
0.020732277,8.196432114
0.020792018,8.212473869
0.02083287,8.22736454
0.020898247999999998,8.241635323
0.020931981,8.25987339
0.020998571,8.271324158
0.0210353,8.288186073
0.02108973,8.303878784
0.021139467999999998,8.315677643
0.021190766,8.331894875
0.021245458999999998,8.350349426
0.021305192,8.358841896
0.021362993,8.376056671
0.021402748,8.387383461
0.021455607999999998,8.402607918
0.021499577,8.415577888
0.021536648,8.431156158
0.021588494,8.446531296
0.021643927,8.464324951
0.021710735999999998,8.478233337
0.021761914,8.492583275
0.021812919,8.505478859
0.021879047999999998,8.519021988
0.021921163,8.526893616
0.021983487,8.537391663
0.022012345,8.550034523
0.022071801,8.563134193
0.022123102999999998,8.575810432
0.022170119999999998,8.586501122
0.022219518,8.601154327
0.022267082,8.614307404
0.022316895,8.624427795
0.022359537999999998,8.638355255
0.022405242,8.652296066
0.022465208,8.664740562
0.022504022,8.679586411
0.022565063,8.691729546
0.022626481,8.703551292
0.022660708999999998,8.71744442
0.022710156999999998,8.728736877
0.022757058,8.743229866
0.022830059,8.752560616
0.022890873,8.766569138
0.022930804,8.777178764
0.022988097,8.78865242
0.023032168999999998,8.801285744
0.023078445,8.809872627
0.023132871,8.819882393
0.023193519,8.829838753
0.0232296,8.841346741
0.02329839,8.848889351
0.023351717,8.85795784
0.023403812,8.868554115
0.023454192,8.877088547
0.023520469,8.889925003
0.023571164999999998,8.891757011
0.023609415999999998,8.902746201
0.023664053,8.908626556
0.023701421,8.915435791
0.023760506,8.9249506
0.023799156,8.933008194
0.023838654,8.942352295
0.023898693999999998,8.950052261
0.023940816,8.962921143
0.023994879,8.973332405
0.024051272999999998,8.980421066
0.02409519,8.986719131
0.024151746999999998,8.998604774
0.024201115,9.004863739
0.024252427,9.016310692
0.024297839999999998,9.027013779
0.02435472,9.033504486
0.024417948999999998,9.044788361
0.02447471,9.049607277
0.024511834,9.05964756
0.024580374,9.066093445
0.024636605,9.072508812
0.024677082,9.077050209
0.024722281,9.084519386
0.024766411,9.092416763
0.02481229,9.099413872
0.024880259999999998,9.107788086
0.024928551,9.111261368
0.024957757,9.116581917
0.025022786999999998,9.127007484
0.02506789,9.133404732
0.02511269,9.140061378
0.025165783,9.151098251
0.025206118,9.158535957
0.025287799,9.167606354
0.025316562,9.173857689
0.025378607,9.182959557
0.025415543,9.188959122
0.025483682,9.193694115
0.025523884,9.20083046
0.025564622,9.207502365
0.025636069,9.214708328
0.025660165999999998,9.221299171
0.025710172,9.229719162
0.025765463,9.240142822
0.025819672,9.247052193
0.025855382,9.255552292
0.025922914,9.264192581
0.025974452,9.269442558
0.026011079,9.27740097
0.02606004,9.287042618
0.026128927,9.291753769
0.026172156999999998,9.296546936
0.026241233,9.304545403
0.02628101,9.310936928
0.026329711,9.318027496
0.026393879,9.322379112
0.026442805,9.323334694
0.02649901,9.32856369
0.026524828,9.333789825
0.026568252,9.342293739
0.026630094,9.347770691
0.026688404,9.353642464
0.026720656,9.36171627
0.026771305,9.367746353
0.026813026,9.371593475
0.026874930999999998,9.378479004
0.026917062,9.388628006
0.02697484,9.391537666
0.027030936999999998,9.397751808
0.027067845,9.40418148
0.027134213,9.41222477
0.027186926,9.412778854
0.027245724,9.420659065
0.027297193,9.421988487
0.027347423,9.426098824
0.027388292999999998,9.425239563
0.027428409,9.431254387
0.027489034,9.435289383
0.027540949999999998,9.441018105
0.027577483,9.445905685
0.027650561,9.450769424
0.027697265,9.45539856
0.027749309,9.457037926
0.027797084,9.459386826
0.02785539,9.464717865
0.027903798,9.466448784
0.027938831,9.469591141
0.028008487,9.472045898
0.028060892,9.478754044
0.028107273999999998,9.478487968
0.028147427,9.481267929
0.02819748,9.485019684
0.028249556,9.493495941
0.028300551,9.493830681
0.028350240999999998,9.499204636
0.028401093,9.499079704
0.028430419999999998,9.504752159
0.028492331,9.506264687
0.028544094,9.512063026
0.028581978,9.515189171
0.028630046,9.521615028
0.02867614,9.527915955
0.0287123,9.536472321
0.028775131,9.540499687
0.028829063999999998,9.550206184
0.028887832,9.552285194
0.028940599,9.558525085
0.028990738999999998,9.561022758
0.029048029,9.566038132
0.029082067,9.568707466
0.02912704,9.573254585
0.029187558,9.577572823
0.029239025999999998,9.582791328
0.02929867,9.586781502
0.029349175999999998,9.592215538
0.029395811,9.594512939
0.029450844,9.59754467
0.029494743,9.60024929
0.029544996,9.604380608
0.029591981,9.607857704
0.029641402,9.615204811
0.029699852,9.615094185
0.029749054,9.619322777
0.029781345,9.622992516
0.029832323,9.631355286
0.029877644999999998,9.632044792
0.02993871,9.639368057
0.029970511,9.638595581
0.030034724,9.649559975
0.030102785,9.65221405
0.030150681,9.654139519
0.030200648,9.658488274
0.030241193,9.664905548
0.030324891,9.665431023
0.030351378999999998,9.665868759
0.030403391999999998,9.669216156
0.030464507,9.675421715
0.030507624,9.674559593
0.030575362,9.675198555
0.030605915,9.679567337
0.030663777,9.680029869
0.030705783,9.681521416
0.030768291,9.68563652
0.030808893,9.689891815
0.030867902,9.691204071
0.030907059,9.689528465
0.030951797,9.696657181
0.031003469,9.697798729
0.031045515,9.699812889
0.031097592,9.703050613
0.031161621,9.706187248
0.031210938,9.707143784
0.031263867,9.711427689
0.031301813000000005,9.714056015
0.031373059,9.71654129
0.031420329000000004,9.718267441
0.031477561,9.717528343
0.031548047,9.719208717
0.031610352,9.715208054
0.031671604000000006,9.710157394
0.031723963,9.708870888
0.031758135,9.704929352
0.031803658000000005,9.701895714
0.031837420000000005,9.700910568
0.031877675,9.699022293
0.031928842000000006,9.696122169
0.031959937,9.699783325
0.032002931000000005,9.701079369
0.032035829,9.703950882
0.032101022,9.709908485
0.032143803000000006,9.713850021
0.032194329,9.718034744
0.032241111,9.721664429
0.032280711000000004,9.726935387
0.032347245000000004,9.734628677
0.032380821000000004,9.737246513
0.032443428,9.743477821
0.032477209,9.746807098
0.032563229000000006,9.753145218
0.032603288,9.756685257
0.03266347,9.759664536
0.032693674000000006,9.761693001
0.032750071000000006,9.768673897
0.032797748,9.771740913
0.032841989,9.772784233
0.032895980000000005,9.776362419
0.032941276000000005,9.781111717
0.033004788,9.785593987
0.033058775000000006,9.789607048
0.033105803,9.789670944
0.033142777000000005,9.793901443
0.033210704,9.794698715
0.033266356000000004,9.798977852
0.033308615,9.800193787
0.03336439,9.803066254
0.033430127000000004,9.802002907
0.033481178,9.799176216
0.033528381,9.799881935
0.033585892000000006,9.800573349
0.033631017000000006,9.800238609
0.033676048,9.800373077
0.033738048,9.801099777
0.033769110000000005,9.800905228
0.033811232000000004,9.800861359
0.033863043,9.802031517
0.033906614,9.806816101
0.033939791000000004,9.812081337
0.033993115000000004,9.815624237
0.034045027000000005,9.820402145
0.034101178,9.826357841
0.034142976000000005,9.830655098
0.034200390000000004,9.830821991
0.034253993,9.834055901
0.034297073000000004,9.837105751
0.034356148,9.843569756
0.034395629000000004,9.845434189
0.034442530000000006,9.850475311
0.034507082,9.854848862
0.034561959,9.855967522
0.034605001,9.858063698
0.03466236,9.861341476
0.034702164,9.863780975
0.034765919,9.866444588
0.034803254000000006,9.871506691
0.034864155,9.873681068
0.034902865000000005,9.874210358
0.034960223000000006,9.878433228
0.035008503,9.878875732
0.035064713000000004,9.882238388
0.035102037,9.88594532
0.035146599,9.887278557
0.035198746,9.89095974
0.035238156,9.894690514
0.035301493,9.897789001
0.035354925,9.903285027
0.035412741000000005,9.903981209
0.035458339000000005,9.905052185
0.035512173,9.905921936
0.03555979,9.909463882
0.035596413,9.909906387
0.035657415000000005,9.913352966
0.035708358,9.915466309
0.035753065,9.91944313
0.035810017,9.923647881
0.035866869,9.923953056
0.03590581,9.926333427
0.035961428000000004,9.92956543
0.035997131,9.931625366
0.036057768000000004,9.934456825
0.036108618,9.93653965
0.036153966,9.94093132
0.036202723000000006,9.940838814
0.036255532,9.94639492
0.036301149000000005,9.946842194
0.03635103,9.948170662
0.03639776,9.952475548
0.036441327,9.957582474
0.036485927,9.960885048
0.036544432,9.963999748
0.036611420000000006,9.96788311
0.036645276000000004,9.971276283
0.036690654,9.976475716
0.036755265,9.979259491
0.036812087,9.980380058
0.036845995,9.984711647
0.036906557,9.990322113
0.036957247000000006,9.987434387
0.037014296,9.994013786
0.037074340000000004,9.991924286
0.037113977,9.992725372
0.037162588,9.994761467
0.037207914,9.996754646
0.037265626,9.999027252
0.037311943,10.00085735
0.037362603,10.00138855
0.037414325000000005,10.00610447
0.037454327,10.00312805
0.037498617000000005,10.00806522
0.037559093,10.01228905
0.037604769,10.01372337
0.037651637,10.01450443
0.037699552000000004,10.01963615
0.037740906000000005,10.02131462
0.037799721,10.02494812
0.037855571000000005,10.02681828
0.037902275000000006,10.03067875
0.037950763000000005,10.03295231
0.037995105,10.03596115
0.038066888,10.03816414
0.038092756000000005,10.04288101
0.038170332,10.04414082
0.038221148,10.04563141
0.038244621,10.04425621
0.03830373,10.04881859
0.038371289,10.04794216
0.038418592,10.04879189
0.038466969000000004,10.05004787
0.038502441000000005,10.05270386
0.038555527000000006,10.05365181
0.038600439,10.05792809
0.038665981,10.05920506
0.038714593000000005,10.05956078
0.038755113,10.0606184
0.038810932,10.06345177
0.038848703000000005,10.06552505
0.038890814,10.06953907
0.038948675,10.07219601
0.039013827,10.07631016
0.039063343,10.07741833
0.039115840000000006,10.07762146
0.039166694,10.08079624
0.03922761,10.07952499
0.039278136000000005,10.07660294
0.039314905000000004,10.08238983
0.039375135000000006,10.07891273
0.039418963,10.07995224
0.039459852000000004,10.08054638
0.039522169,10.0855341
0.039560569000000004,10.08359432
0.039604829,10.08368206
0.039653224,10.08705902
0.039709890000000005,10.09082794
0.03975808,10.09099483
0.039808569,10.09117603
0.039860779000000006,10.09319305
0.039909085000000004,10.09703636
0.039959022000000004,10.09770584
0.03999962,10.09975338
0.040052486000000005,10.10233212
0.040093952,10.1074934
0.040166286,10.10905647
0.040190180000000006,10.1078949
0.040251491,10.11314011
0.040292529,10.11761379
0.040344664,10.12003517
0.040399478,10.12377167
0.040451103,10.1256628
0.040514225,10.13143444
0.040562855,10.13135433
0.040610557000000005,10.13189125
0.040653774000000004,10.1343441
0.040712488000000005,10.13752174
0.040768081000000005,10.1380806
0.040808217,10.13674831
0.040839532000000005,10.14050293
0.040897866000000005,10.14751244
0.040938975,10.1482954
0.040985142,10.14948463
0.041037218,10.15571404
0.041102247,10.1623106
0.041153022000000004,10.16320038
0.041206145,10.16309071
0.041265355000000004,10.16520309
0.041302597,10.16889381
0.041355123,10.17120934
0.041401525,10.17182541
0.041451083,10.17471504
0.041503326,10.17818928
0.041546015000000006,10.17930794
0.041597379000000004,10.18323517
0.041644895,10.18568802
0.041701199,10.18908596
0.041748126,10.19223309
0.041805697,10.19285774
0.041853832,10.19252396
0.041900610000000005,10.19645882
0.041952343,10.19755745
0.041998689000000006,10.20089722
0.042078578000000005,10.20216751
0.042098833,10.20486927
0.042155807000000003,10.20592785
0.042197598,10.20802784
0.042246708,10.21362495
0.042304268000000006,10.21395683
0.042344985,10.2156744
0.042418492,10.21976471
0.042453633000000005,10.22199535
0.042509073,10.22761536
0.042565355000000006,10.22636986
0.042599638,10.22756958
0.042652049000000004,10.229249
0.042693553,10.22930813
0.042750908000000004,10.23436451
0.042784361,10.23886776
0.042846726,10.23905087
0.042906599000000004,10.24130821
0.042951928,10.24283791
0.043010258,10.24891281
0.043067051,10.24954796
0.043094744000000004,10.25176907
0.043153805,10.25352669
0.043192909,10.25679493
0.0432424,10.25755024
0.043311262,10.26211452
0.043348481,10.26103401
0.04339938,10.26877785
0.043462810000000004,10.26708412
0.043497642,10.27024937
0.043553328,10.2725687
0.043605243,10.2781868
0.043677745000000004,10.27661991
0.043712461,10.27821445
0.043762346,10.27765751
0.043801238,10.27803707
0.043852759000000005,10.28025913
0.043891372000000005,10.28636646
0.043936168000000005,10.28813171
0.044012101000000005,10.29025459
0.044050788,10.29120636
0.044085977000000005,10.29601479
0.044151363000000006,10.29797935
0.044202288,10.30056858
0.044246798000000004,10.30420399
0.044283052,10.30692482
0.044342959,10.30822372
0.044399263,10.30985928
0.044461401000000005,10.31440544
0.044511875,10.31628227
0.044546412,10.31975269
0.044599799,10.31977367
0.044649502,10.32349586
0.044722193,10.32225227
0.044747875,10.32718658
0.044802145,10.33031368
0.044843623000000006,10.33132553
0.04489055,10.33696747
0.044949313000000005,10.33740902
0.044999079000000004,10.34030533
0.045043414000000004,10.34185791
0.045087186,10.34433651
0.045165611,10.34450436
0.045196605,10.34913063
0.045234689,10.35007763
0.04530224,10.35354519
0.045356174000000006,10.35702038
0.045403661000000005,10.35921288
0.045462893000000004,10.36018944
0.045516518000000006,10.36193848
0.045542551,10.36409855
0.04560261,10.36628628
0.045651843000000004,10.36707973
0.045693775000000006,10.37014389
0.045750709,10.37315083
0.045810362,10.37983799
0.045854503000000005,10.37879562
0.045902846000000004,10.38098907
0.045945288,10.37981987
0.046000027000000006,10.38370228
0.046056257,10.38589478
0.046097082000000004,10.3875103
0.046145321,10.39176178
0.046201283,10.39360905
0.046259177000000005,10.39554501
0.046289829000000005,10.39900208
0.046333746,10.39987087
0.046403603,10.40588856
0.046446258000000004,10.40562725
0.046510597,10.4075222
0.04655086,10.41175652
0.046610334,10.41459179
0.046666359000000004,10.41567898
0.046707058,10.41679287
0.04674478,10.41887856
0.046797031,10.41908073
0.046857932000000005,10.42499828
0.046906048000000006,10.42643356
0.046942749000000006,10.4312458
0.0470007,10.43127632
0.047045806,10.43502331
0.047090938000000006,10.43641758
0.047143591000000006,10.43911552
0.047197559,10.44170094
0.047254351,10.44803143
0.047294838000000006,10.44626141
0.047349424,10.45016193
0.047410653000000004,10.45305824
0.047453699,10.45219135
0.047504195000000006,10.45529461
0.047549406,10.45766544
0.047604603,10.46087742
0.047652712,10.46264362
0.047702232000000004,10.46637726
0.047764098000000005,10.46763897
0.047817109000000003,10.47066402
0.047870697000000004,10.46897125
0.047915389,10.47069931
0.047956267000000004,10.47050381
0.048006353,10.47310734
0.048045733,10.47475719
0.048096990000000006,10.47529984
0.048155037000000005,10.47958565
0.048186151,10.48283482
0.048246568000000004,10.4862709
0.048280322,10.48497295
0.04833333,10.49303532
0.048402627000000004,10.49529839
0.048451868,10.49907494
0.04849792,10.50139904
0.048539826,10.50443554
0.048602139,10.50771904
0.048647923,10.50554848
0.048697655,10.50989437
0.048744859,10.51217175
0.048806404000000005,10.51516247
0.048851737000000006,10.51254654
0.048912329000000004,10.52033043
0.048955580000000005,10.52017498
0.048987755,10.52088928
0.049050992,10.52318573
0.049108205,10.52642918
0.049149932,10.53129578
0.049194747000000004,10.53150845
0.049247866,10.53485489
0.0492997,10.53582859
0.049339244000000004,10.53782558
0.049405893,10.54228497
0.049445552000000004,10.54346657
0.049508588000000006,10.54459476
0.049546400000000004,10.54619789
0.049611451,10.55032158
0.049645954000000006,10.55112076
0.049697549,10.55523491
0.049736278,10.55774975
0.049805914,10.5618124
0.049855673,10.56065845
0.049909708000000004,10.56491661
0.049954676,10.56400681
0.050001153,10.56788921
0.050052503000000005,10.56934071
0.050092445,10.57101822
0.050158372,10.57451534
0.05021602,10.57744598
0.050266364,10.5758152
0.050302522,10.57785606
0.050347471000000005,10.57824612
0.050401592,10.57977486
0.050461264000000006,10.58392525
0.050505110000000006,10.58187771
0.050545325,10.58732605
0.050582023000000004,10.58848095
0.050644392,10.59313774
0.050686629000000004,10.59577084
0.050740739,10.59673882
0.050806658000000005,10.60141945
0.050853984000000005,10.60404205
0.050902483000000005,10.60694408
0.050957007000000006,10.61039543
0.051017103,10.60953331
0.05105864,10.60866261
0.051107482,10.61107922
0.051167892,10.61479282
0.051216905,10.61353397
0.051251241,10.61087036
0.051306037000000006,10.61572838
0.051350163000000004,10.61860752
0.051409898,10.61943626
0.051448775,10.61971283
0.051503011,10.62243271
0.051548184000000004,10.62567139
0.051595216,10.62392139
0.051667885000000004,10.62796211
0.051699103,10.62797165
0.051740655,10.63248062
0.051798054,10.6327076
0.051854057,10.63376713
0.051898045000000004,10.63761902
0.051954070000000005,10.63883209
0.052003195,10.64026356
0.052055915,10.64337158
0.052088798000000006,10.64444065
0.052166068,10.65109348
0.052211405,10.649436
0.05224472,10.65041924
0.052300011,10.65393257
0.052359281,10.65794373
0.052414799000000005,10.65699863
0.052457427,10.65728951
0.0525052,10.66008377
0.052546938,10.66171741
0.052591251000000006,10.66529369
0.052648091,10.66738319
0.052697585000000005,10.66811275
0.052747005,10.67216301
0.052797017,10.67199898
0.052843989,10.67926693
0.052887411,10.68049812
0.052929146,10.68293095
0.052998250000000004,10.68918514
0.053048176,10.68828773
0.053104003000000004,10.69036007
0.053165493,10.69230652
0.053215393,10.6928215
0.053248835,10.69111919
0.053299063,10.69676018
0.053353173000000004,10.69502449
0.053391562000000004,10.69663334
0.053442316000000004,10.7017622
0.053507929,10.70559978
0.053550308000000005,10.70512486
0.053598320000000005,10.70982647
0.053660409000000006,10.70982742
0.053699532,10.71371555
0.053769184000000005,10.71301651
0.053794613000000005,10.71393681
0.053852917,10.71611214
0.053908711000000005,10.71869755
0.053959811,10.71742725
0.053999582000000004,10.72170162
0.054059727,10.72241497
0.054102746,10.72535515
0.054156353000000004,10.72493553
0.054199634000000003,10.7274065
0.054248766000000004,10.7275238
0.054304944,10.72942924
0.054352736000000006,10.73221016
0.054387887,10.73610497
0.054442131000000005,10.7389183
0.054504526000000005,10.74219894
0.054557515,10.74190903
0.054611405,10.74697018
0.05465809,10.74593735
0.054706713000000004,10.74508762
0.054748972,10.7491188
0.054790051,10.74952984
0.054864762000000004,10.75111198
0.054915206,10.75457573
0.054967259000000004,10.75398636
0.05500329,10.75497437
0.05504682,10.75619221
0.05508616,10.7591486
0.055138634000000006,10.76221848
0.055193873000000004,10.76629734
0.055239999000000005,10.76482677
0.055300073000000005,10.76782894
0.055352279000000004,10.77144051
0.055418787000000004,10.77481937
0.055451938000000006,10.77764225
0.055491311,10.77679443
0.05554909,10.77704144
0.055605271000000005,10.78032494
0.055655514,10.78200054
0.055702807,10.78580475
0.055747108000000004,10.7879467
0.055815646000000003,10.79031277
0.055862469000000005,10.79104996
0.055897289,10.78975391
0.055959729,10.79142666
0.05600191,10.79403973
0.056052764000000005,10.7964592
0.056109374000000004,10.7983036
0.056170469,10.79792118
0.056207792,10.79920864
0.056266965,10.80078316
0.056293724,10.79876137
0.056359441,10.80095577
0.056410772000000005,10.80375576
0.056457707,10.80516052
0.056508036000000005,10.80807877
0.056546622000000005,10.80648708
0.056601306000000004,10.80988503
0.056655319,10.81290913
0.056686622000000006,10.81687546
0.056753272,10.82056999
0.056812906,10.82187462
0.056853217000000004,10.82194424
0.056894982000000004,10.82604599
0.056946592000000004,10.82627773
0.057004539,10.82895851
0.057047551,10.83368397
0.057094732,10.83593941
0.057150537,10.83747578
0.057216146,10.83904934
0.05725144,10.83935261
0.057307032,10.84067631
0.057353628000000004,10.84235573
0.057402783000000006,10.84329033
0.057460786,10.84534168
0.057497614,10.84590816
0.057535944000000006,10.84967232
0.057600593000000005,10.85338402
0.057654326000000006,10.85313892
0.057705597000000004,10.85619736
0.057743163,10.85801697
0.057807711000000005,10.86131382
0.057842990000000004,10.86200809
0.057910928,10.86326599
0.057954123,10.86368752
0.058018391,10.86574745
0.058056397,10.86632156
0.058099163,10.8671608
0.058149008,10.87011528
0.058202726,10.87230492
0.058253819000000005,10.87438393
0.058307701,10.87427521
0.058357341,10.87558079
0.058392258,10.87862301
0.058454370000000005,10.88128185
0.058497918,10.88111496
0.058553339,10.8836422
0.058591009,10.88711071
0.058651203000000006,10.89111423
0.058706982000000005,10.88811588
0.058746384000000006,10.89003849
0.058790901,10.89404392
0.058854224000000004,10.89559841
0.058905033,10.89905262
0.058953175000000003,10.89838314
0.059005154000000004,10.89951706
0.059055903,10.90101624
0.059097437,10.9032259
0.059151923,10.90725136
0.059212529,10.90800095
0.059259926000000004,10.90851974
0.059297202,10.91112614
0.05935133,10.91278362
0.059389276000000005,10.91442394
0.059470707000000005,10.91610241
0.059520253,10.91675568
0.05955726,10.91879272
0.05961501,10.91736698
0.059660302000000005,10.91747475
0.059702286,10.92020321
0.059745179,10.92021465
0.059802768000000006,10.92284584
0.059855474000000006,10.92199993
0.059899924,10.92596245
0.059949992,10.92932129
0.060004020000000005,10.93109512
0.060045408,10.93231106
0.060092324,10.93430042
0.060163063,10.93773746
0.060206459000000004,10.93620872
0.060254381,10.93541622
0.060293199000000006,10.94122791
0.060347137,10.94401646
0.060402257,10.94443417
0.060447161000000006,10.94453907
0.060505675,10.94895363
0.060556204,10.9497261
0.060600535000000004,10.95191002
0.060650663,10.95366955
0.060705533000000006,10.95945358
0.060747833,10.95818424
0.060810578000000004,10.96071911
0.060870686,10.95992565
0.060908673,10.96270561
0.060962909,10.96247101
0.060999745,10.96199417
0.061044899,10.96372318
0.061101673,10.96906376
0.061148812000000004,10.96842194
0.061193598,10.97106552
0.061249660000000004,10.97217274
0.061305655,10.97417068
0.061343414000000006,10.97468758
0.061402341000000006,10.97889614
0.061440596,10.97778702
0.061502756000000006,10.98478603
0.061559600000000006,10.98319626
0.06160794,10.98422432
0.061653042000000005,10.98520756
0.061709834000000005,10.98884296
0.061751799,10.98766804
0.061804687000000004,10.98918056
0.061850352000000004,10.99104118
0.061906007000000006,10.99581718
0.061962177,10.99518585
0.061997959000000005,10.99834442
0.062058804,10.99798965
0.062096772,11.00067997
0.062154257000000004,11.00282001
0.062201065,11.00553513
0.062259962,11.00436306
0.062307974,11.00580883
0.062347756000000004,11.00652695
0.062383038,11.0129776
0.062440743,11.0133934
0.062502028,11.01521873
0.062555843,11.0170002
0.062600323,11.01927567
0.062649385,11.01869869
0.062693813,11.01940918
0.062742525,11.02426815
0.06279423199999999,11.02821159
0.062836402,11.02725315
0.062911869,11.03363323
0.062958428,11.03204441
0.063001038,11.03784466
0.06303808999999999,11.03663731
0.063103588,11.03842545
0.063155123,11.04070091
0.06320050499999999,11.04441547
0.06325694999999999,11.04204464
0.0633154,11.04422188
0.063357258,11.04125023
0.063401186,11.04709148
0.063456522,11.04710579
0.063512476,11.04724979
0.063548969,11.04589558
0.06360151,11.05223942
0.063647204,11.04847908
0.063693867,11.05249214
0.06374404,11.05334473
0.063792088,11.05843449
0.06384011499999999,11.05839348
0.06390430899999999,11.05818748
0.063952894,11.06118584
0.064006814,11.06670761
0.064050706,11.06443882
0.06409905199999999,11.06658649
0.064155729,11.06910801
0.06419462799999999,11.07201767
0.06425442699999999,11.06919384
0.06430237899999999,11.07494354
0.06435342999999999,11.07546234
0.06441235699999999,11.07458401
0.064453678,11.07671928
0.064508685,11.07884693
0.064549224,11.07635784
0.064598167,11.08146858
0.064662085,11.07894993
0.06469016699999999,11.08310032
0.064745122,11.0835247
0.064791487,11.08846569
0.06484604,11.08910179
0.06490262,11.09056664
0.064935469,11.09150219
0.064984718,11.09536934
0.065042899,11.09788227
0.065096357,11.09872723
0.065148869,11.10263157
0.06521322,11.10484028
0.065248819,11.10406113
0.065305883,11.10520172
0.06536075599999999,11.10578442
0.06541472799999999,11.10834408
0.065472559,11.10657692
0.06550735399999999,11.10914803
0.06556970799999999,11.10537815
0.065593654,11.10590076
0.065643312,11.10808659
0.065710121,11.1105547
0.065733918,11.11356926
0.06580306699999999,11.11671734
0.065851645,11.11524868
0.065912263,11.12064457
0.065963858,11.11857986
0.066007653,11.11871243
0.066055992,11.12173557
0.06608893099999999,11.12257195
0.06614695599999999,11.12460041
0.066204557,11.12619781
0.066247271,11.1251812
0.066308328,11.12963104
0.066348539,11.12703896
0.066391454,11.13125229
0.06644752799999999,11.13154888
0.066501336,11.13567448
0.066560232,11.13724518
0.066601501,11.13895893
0.06664306099999999,11.13989449
0.066705638,11.14286804
0.066750811,11.14468765
0.06678875699999999,11.14840031
0.066863046,11.14744091
0.06690751099999999,11.15035915
0.066963652,11.15106583
0.067007074,11.1510601
0.067048998,11.15131187
0.067101145,11.1543045
0.06714556499999999,11.15637207
0.067202204,11.15843582
0.067246088,11.15752125
0.067304449,11.16074371
0.06735059,11.16270161
0.067387582,11.16347408
0.06744077899999999,11.16374969
0.067488985,11.16755676
0.067546674,11.17041779
0.067599231,11.17405987
0.067658098,11.1742878
0.067707309,11.17639732
0.06775495499999999,11.17573833
0.06780341399999999,11.17584705
0.067852595,11.17677879
0.06789511599999999,11.1779089
0.067941771,11.17940235
0.068001205,11.18317318
0.068053195,11.18308353
0.068114126,11.18689728
0.068155551,11.18591976
0.068211728,11.1869812
0.068252431,11.1847496
0.068297343,11.18767548
0.06836197699999999,11.18648338
0.068406181,11.19132614
0.068460972,11.18975925
0.068503597,11.19299412
0.068543622,11.19026089
0.06859264699999999,11.19649124
0.068635092,11.19502258
0.06870904,11.19730663
0.068753758,11.19981098
0.06880502499999999,11.19974232
0.06884378299999999,11.20217896
0.068904014,11.20218849
0.06895452099999999,11.20204449
0.06901204,11.20440578
0.06905223599999999,11.20410252
0.069101968,11.20700455
0.069152587,11.20584488
0.06920446599999999,11.2089653
0.06927133499999999,11.20575523
0.069299215,11.20838642
0.06935770899999999,11.21068859
0.06941007199999999,11.21107483
0.069437311,11.21099663
0.0694974,11.21157837
0.069544197,11.21799469
0.069593543,11.22064209
0.06965904099999999,11.22092628
0.06970813299999999,11.22444153
0.069751733,11.22482586
0.069795081,11.22507858
0.069864885,11.22684288
0.06990598299999999,11.2275095
0.06996467099999999,11.2268362
0.069989489,11.22576523
0.07004005599999999,11.23143959
0.070084908,11.23331833
0.070151964,11.23375034
0.070204617,11.23598671
0.070250125,11.23717022
0.070310214,11.24200821
0.0703507,11.23934174
0.070416578,11.24110699
0.07044545699999999,11.24015808
0.070491338,11.24149418
0.07055977899999999,11.24326229
0.070609981,11.24406528
0.070655347,11.24502945
0.07070154799999999,11.24726963
0.070742459,11.24822426
0.07080196,11.2479887
0.070846931,11.25304413
0.070908868,11.25446701
0.07094001899999999,11.25560188
0.070985974,11.26009464
0.071045899,11.26255512
0.071100288,11.26608181
0.07114982,11.26852703
0.071204664,11.26881027
0.07125485799999999,11.26884556
0.07130648299999999,11.2689724
0.071357088,11.26940727
0.071396091,11.27186489
0.07144711299999999,11.27154732
0.071512648,11.27079201
0.071550669,11.27254677
0.07160809,11.27447128
0.071656228,11.27708149
0.071704955,11.27815056
0.071753287,11.27585602
0.071793967,11.27711773
0.07185045,11.2768774
0.071899959,11.28312206
0.071945311,11.28644753
0.071998806,11.28719997
0.072059052,11.2875452
0.07209386799999999,11.28870201
0.072159396,11.2912674
0.07220476299999999,11.29375839
0.072243871,11.29366589
0.072295242,11.29697323
0.072348767,11.29788589
0.072399066,11.29926109
0.07244891099999999,11.29810905
0.072493122,11.29931355
0.072575079,11.30348206
0.072609865,11.3055191
0.072661088,11.30304623
0.072697499,11.30630302
0.072744274,11.30678082
0.07279266499999999,11.30792427
0.072846094,11.3102932
0.07290247999999999,11.30899239
0.072948077,11.31048775
0.072993503,11.31344986
0.07305807,11.31353569
0.07309268499999999,11.31579113
0.073148565,11.3169775
0.07319545899999999,11.31970406
0.073250936,11.3194809
0.073296854,11.32087231
0.07335362699999999,11.31970119
0.073409357,11.32427883
0.07345687,11.32395077
0.073488468,11.3263092
0.07355716999999999,11.32979298
0.07360459999999999,11.33040619
0.07364726199999999,11.33342552
0.073705205,11.33323383
0.073757404,11.33392715
0.073811383,11.33397961
0.073848465,11.33861542
0.07389874099999999,11.33463478
0.073938334,11.33803558
0.074000308,11.34175777
0.074054779,11.34117031
0.074108468,11.34407234
0.074151756,11.34215355
0.074205623,11.3451395
0.07424911199999999,11.34865856
0.074301565,11.34661007
0.07435344299999999,11.34872627
0.074399249,11.34771442
0.074446292,11.35064507
0.074491159,11.35134888
0.07455682899999999,11.35429478
0.07459347799999999,11.35560703
0.074645781,11.35953045
0.074706898,11.35878372
0.074748547,11.36210155
0.074800515,11.36287689
0.07485428599999999,11.36528111
0.074898594,11.36793613
0.07495655999999999,11.36784649
0.075007336,11.36670589
0.075061449,11.3696146
0.075110049,11.36972809
0.07516260599999999,11.3699398
0.075196998,11.37056541
0.075259173,11.37146854
0.075290383,11.36965656
0.075350241,11.37159252
0.07541296,11.37692261
0.075447076,11.37506008
0.075503038,11.37499332
0.07554143099999999,11.37992573
0.075594263,11.37951183
0.075648279,11.3794899
0.075698399,11.38568211
0.075753027,11.3833456
0.075806008,11.38727093
0.075848998,11.38652515
0.075892107,11.39024353
0.075948016,11.38912868
0.07599972299999999,11.39186764
0.076039867,11.39426517
0.07609795899999999,11.39723587
0.076156163,11.39795399
0.07619889199999999,11.39945507
0.076254794,11.39814758
0.07630643399999999,11.40076637
0.076362812,11.40259647
0.076402218,11.4028368
0.07645656299999999,11.39983654
0.076501922,11.40187073
0.076536649,11.40417767
0.076613025,11.40531921
0.076641956,11.40506363
0.07668662899999999,11.40920448
0.07674008,11.41222191
0.076798284,11.41565895
0.07685125,11.41499329
0.07690681599999999,11.41581345
0.076957324,11.41723824
0.077006833,11.41760445
0.07704394399999999,11.41869831
0.07710059899999999,11.42275429
0.077160285,11.42045879
0.077195899,11.42223358
0.077241884,11.42223263
0.077291587,11.42510796
0.07734274199999999,11.42656422
0.07739418099999999,11.43156719
0.077448034,11.4318409
0.077493959,11.43497562
0.07756278,11.43785095
0.077592464,11.43270969
0.077658774,11.43593407
0.077710771,11.43837452
0.077748188,11.43631268
0.077814521,11.44351673
0.077857503,11.44082642
0.077891291,11.44304752
0.07794504699999999,11.44056034
0.077988007,11.44085121
0.078045742,11.4417572
0.0780864,11.4426136
0.078137377,11.44848919
0.078200483,11.45052814
0.078261429,11.45048904
0.07830643,11.44976711
0.078344123,11.4516325
0.078392373,11.454175
0.07844090599999999,11.4579134
0.07850495099999999,11.45724106
0.07853491,11.45980167
0.07858702699999999,11.46369839
0.078657435,11.46580124
0.078694829,11.46662903
0.078756706,11.46340942
0.07880177499999999,11.46556091
0.078841568,11.46833801
0.07889679999999999,11.46867371
0.078947799,11.47006035
0.07899316499999999,11.47315025
0.079061226,11.47334766
0.07909414299999999,11.47055531
0.079133214,11.47570801
0.079198347,11.47729301
0.07925890499999999,11.47875595
0.079304935,11.47716808
0.07934944499999999,11.48034668
0.079412283,11.48125648
0.07945303,11.4775486
0.079493204,11.48188686
0.079551162,11.48129749
0.079587163,11.48287106
0.079641589,11.48237705
0.079693408,11.48890018
0.07974688099999999,11.48692226
0.07979075,11.48752117
0.079846816,11.48898125
0.079897159,11.49474812
0.079943353,11.49439049
0.080011816,11.4950695
0.080044778,11.49704266
0.08009686499999999,11.4991293
0.080137671,11.49676037
0.080184536,11.49979019
0.080246219,11.50506592
0.08030225499999999,11.50465012
0.08035606299999999,11.50667095
0.08040950599999999,11.51054573
0.080468425,11.50829697
0.080503882,11.50752354
0.080551916,11.50699902
0.08060027,11.50805569
0.080646099,11.51032925
0.080702865,11.51120853
0.080745072,11.5093832
0.080794805,11.51536369
0.080825069,11.51331043
0.080900812,11.51681519
0.080941343,11.51622295
0.08099349,11.51940727
0.08104199299999999,11.52217293
0.081090712,11.51994324
0.08115355099999999,11.52424431
0.081203745,11.51977539
0.081232929,11.5228281
0.081293294,11.5254612
0.081341916,11.52895451
0.08139943499999999,11.52934265
0.08145248299999999,11.52896214
0.08149434,11.53059292
0.08155910799999999,11.5319252
0.081594051,11.53497982
0.081642011,11.5329628
0.081704134,11.53682899
0.081745626,11.53758144
0.08181145199999999,11.5377121
0.081854442,11.53708458
0.081903094,11.53791237
0.081943007,11.53486443
0.081991644,11.540061
0.082041511,11.53972244
0.08209235399999999,11.54248905
0.082148509,11.54462814
0.08218255,11.54560947
0.08225714499999999,11.54654312
0.082297312,11.54520226
0.08235044899999999,11.54602623
0.08239182199999999,11.54586983
0.082446249,11.54880047
0.0824921,11.5517168
0.08253991699999999,11.55330658
0.082600036,11.55313683
0.082636134,11.55562973
0.082684123,11.55503273
0.082735897,11.55918789
0.082799741,11.5636425
0.082841904,11.56274414
0.082911195,11.56594467
0.08294927499999999,11.56304646
0.083002233,11.56516647
0.083057435,11.56643391
0.083088474,11.56691551
0.083142185,11.56610107
0.08320997,11.56626511
0.083244765,11.56969452
0.083291033,11.56985474
0.083339938,11.57069969
0.08338475399999999,11.5729084
0.083442779,11.57521439
0.08349208699999999,11.57432842
0.08354189399999999,11.57692623
0.08358881,11.57892513
0.083629252,11.58012772
0.0836894,11.58412933
0.08374325299999999,11.58559513
0.083801085,11.58784199
0.083858461,11.58563042
0.08389856799999999,11.584095
0.083938972,11.58647251
0.08399799599999999,11.58966446
0.08404603,11.59005737
0.08408154699999999,11.59224987
0.084153981,11.59237862
0.084182651,11.59787655
0.084255682,11.59596825
0.084282966,11.59956455
0.08434719,11.5996418
0.08439520099999999,11.60075855
0.084448108,11.60207844
0.084503056,11.60617828
0.084548825,11.6041193
0.08460599299999999,11.60273266
0.084655949,11.60399628
0.084702471,11.60516644
0.08475590599999999,11.60503101
0.084799343,11.60562611
0.084845678,11.60617924
0.084901014,11.6075716
0.08493999499999999,11.60917854
0.084990369,11.6099968
0.085049951,11.6120491
0.08509156999999999,11.61521721
0.085155913,11.61393261
0.08519358299999999,11.61569118
0.08525292,11.615201
0.08529284,11.62093067
0.08535024699999999,11.61874199
0.08538968999999999,11.61966991
0.08544703699999999,11.62173843
0.085484126,11.62541294
0.08554569,11.62427807
0.085590006,11.62645245
0.08564926099999999,11.62994576
0.085704633,11.63120842
0.085752757,11.62805557
0.085790144,11.63349152
0.08584685,11.63463402
0.08589137499999999,11.63677788
0.085957566,11.63466549
0.085979232,11.63664722
0.086046414,11.64055538
0.08610271,11.64139843
0.086148457,11.64017391
0.08620225,11.64221001
0.086237924,11.6411953
0.086304644,11.6426363
0.086360456,11.64399529
0.086396584,11.64350128
0.086455361,11.64105511
0.086483145,11.64673138
0.08654041,11.64857864
0.08659143899999999,11.64921093
0.086626918,11.65110016
0.08669118699999999,11.65721226
0.086750389,11.65488434
0.08679922799999999,11.65855217
0.086857626,11.65858078
0.08689942299999999,11.65761662
0.086956972,11.66110516
0.08699079,11.66075802
0.087047086,11.66109562
0.087109917,11.66357517
0.087147982,11.66214752
0.087202111,11.66438866
0.087249988,11.66341114
0.08731030799999999,11.66792488
0.08734674099999999,11.66532516
0.08741202299999999,11.66207027
0.087439672,11.66552448
0.087498547,11.66715145
0.08754601499999999,11.66601944
0.08761458999999999,11.6673336
0.08762990799999999,11.66440964
0.087684923,11.66892624
0.087730647,11.66863537
0.087805727,11.67212486
0.087852643,11.67134571
0.087885359,11.6753397
0.087948853,11.67354679
0.08799473299999999,11.67873383
0.08804564299999999,11.67815399
0.088100837,11.68087482
0.08815627699999999,11.67944527
0.088194603,11.6807642
0.0882492,11.68244839
0.088296802,11.68065453
0.08835117599999999,11.68185711
0.088401304,11.68406105
0.088439637,11.68405628
0.08849370599999999,11.68831539
0.08855711799999999,11.68885231
0.08859898299999999,11.69045353
0.088659057,11.68958569
0.08869587799999999,11.69224834
0.088741565,11.69056892
0.08880046899999999,11.69349766
0.088853718,11.69203186
0.088906088,11.69445419
0.088949793,11.69227886
0.089001389,11.69390869
0.089047478,11.69193459
0.089098418,11.69634628
0.08914923799999999,11.69887543
0.089199276,11.695508
0.089248338,11.69689751
0.089296029,11.69625473
0.08933060699999999,11.69857025
0.089398207,11.70149422
0.08944983199999999,11.70190525
0.089488239,11.70645332
0.089554997,11.70759296
0.089596198,11.70643902
0.089651996,11.70665646
0.08969111099999999,11.70858097
0.089748227,11.71029472
0.08978349099999999,11.71351051
0.089840704,11.7097826
0.08989074999999999,11.71624851
0.089955748,11.71697617
0.08999513199999999,11.71967125
0.09005519099999999,11.71821117
0.090107465,11.71905518
0.090152839,11.72097969
0.090199926,11.72179413
0.090240636,11.71759892
0.090296411,11.72048759
0.090347507,11.72229004
0.090401159,11.72215271
0.090449141,11.72356796
0.090497726,11.72466469
0.09053182,11.72547245
0.090590933,11.72896767
0.09064731899999999,11.73148537
0.090701954,11.73229313
0.09074940699999999,11.73179245
0.090793611,11.73559856
0.090848633,11.7325983
0.090886937,11.73657894
0.09095310599999999,11.73993969
0.09100581099999999,11.74229813
0.091048331,11.74351311
0.091100612,11.74088669
0.091148206,11.74154091
0.091200092,11.74328327
0.09126193199999999,11.74218369
0.09129910999999999,11.74191284
0.091338993,11.74293709
0.091384964,11.74275494
0.09144772,11.74585724
0.091501736,11.74924755
0.091541649,11.74682713
0.091597074,11.74739361
0.091646725,11.74893188
0.09169865499999999,11.75082684
0.09174233799999999,11.75186729
0.09178652,11.75437737
0.0918367,11.75732136
0.091898458,11.75684643
0.091936493,11.75849724
0.09197986999999999,11.75831604
0.09203442299999999,11.76431561
0.092112952,11.77060509
0.092136347,11.76343918
0.092197323,11.7684803
0.09224336,11.76824474
0.09228448,11.77051926
0.092361325,11.77050018
0.092408405,11.77439785
0.09247082599999999,11.77323151
0.092503869,11.77135372
0.09254080199999999,11.76840878
0.092598715,11.7731657
0.092640453,11.77292919
0.09269177299999999,11.77416229
0.092744076,11.77479076
0.09280421,11.77647305
0.092837007,11.77577686
0.092891136,11.77567291
0.09293869299999999,11.7785511
0.092993328,11.78402901
0.09305477999999999,11.7809639
0.093094365,11.78467083
0.093137027,11.78371334
0.093189516,11.78335094
0.09324698299999999,11.78681564
0.09328107699999999,11.78826141
0.09333314899999999,11.78932285
0.093389743,11.79289722
0.093452231,11.7937212
0.093488225,11.79610252
0.093545796,11.79365253
0.09359614699999999,11.80159473
0.09366715099999999,11.79953861
0.093708874,11.79930305
0.093755865,11.79773617
0.093796463,11.79690933
0.093849899,11.79904079
0.09388318799999999,11.80089283
0.09393806099999999,11.80183601
0.094001034,11.80251598
0.09403769099999999,11.80412006
0.09411043799999999,11.80516148
0.094155901,11.80830574
0.09419646999999999,11.8068161
0.094243595,11.80819988
0.09429697799999999,11.80868053
0.094353752,11.81228924
0.09440209799999999,11.80822468
0.094438711,11.81009102
0.094483772,11.8072691
0.094539815,11.81320858
0.094596663,11.81583023
0.094633856,11.81570339
0.094697797,11.81681919
0.09474366299999999,11.81865883
0.094794483,11.82000351
0.09484804599999999,11.8221426
0.094892362,11.82563877
0.094944471,11.82711315
0.094999039,11.82473564
0.095047363,11.82775974
0.09508739499999999,11.82972908
0.09514985399999999,11.82894516
0.095195302,11.8331728
0.09525012399999999,11.83166218
0.09531039899999999,11.83207893
0.095347063,11.83165264
0.095392616,11.83381271
0.09545744299999999,11.83209991
0.095512771,11.83602238
0.09554878,11.83183575
0.095608847,11.83378124
0.095640303,11.83328724
0.095701591,11.83555031
0.095742555,11.83544636
0.095792198,11.83564377
0.095835002,11.83546162
0.095897899,11.83909416
0.095936672,11.84059048
0.095985876,11.84063244
0.09603975799999999,11.84219742
0.09608336699999999,11.84677792
0.09613684,11.84742641
0.096184099,11.85118008
0.09624306199999999,11.8515377
0.09629640099999999,11.85301208
0.096357481,11.8558836
0.09640844999999999,11.8543911
0.096456738,11.85500717
0.096506001,11.85626221
0.096541108,11.85728741
0.096588673,11.85724258
0.096638323,11.85919952
0.09670142999999999,11.85791874
0.096751281,11.86064816
0.09681023799999999,11.85871601
0.096853332,11.85948658
0.09690813899999999,11.85972214
0.096949065,11.86188889
0.096998328,11.86095333
0.097044298,11.86175156
0.097088025,11.86308956
0.09713927,11.86632729
0.09718956899999999,11.86376095
0.097248973,11.86568546
0.09728545799999999,11.86889458
0.097336815,11.86957836
0.09737243599999999,11.86946869
0.097431519,11.87336063
0.097483271,11.87590694
0.097557755,11.88061714
0.097593607,11.87669468
0.09764147699999999,11.87986946
0.097696231,11.8814888
0.097735399,11.88198471
0.097807483,11.88180065
0.097848037,11.87941551
0.097895624,11.88262749
0.09796031,11.88473988
0.098009558,11.88390541
0.098043994,11.88257027
0.098097572,11.88352299
0.09814901799999999,11.88373566
0.098204733,11.88446808
0.09824435499999999,11.88474178
0.098302634,11.88387489
0.098335141,11.8851366
0.098383905,11.88795662
0.098432155,11.88945007
0.098490545,11.89148712
0.098550194,11.89488888
0.09859475599999999,11.89494324
0.09863931799999999,11.89376736
0.098684573,11.89339924
0.098750377,11.89933395
0.098795467,11.89569283
0.098842354,11.89627361
0.098902301,11.89828205
0.098949128,11.8991909
0.098999256,11.89519882
0.099043646,11.89807129
0.099101701,11.89875221
0.099132629,11.89864349
0.099184015,11.9016161
0.09925305999999999,11.90559483
0.099288457,11.90577698
0.099338227,11.90637684
0.099391916,11.90735435
0.099448176,11.91138649
0.099504122,11.90885735
0.09955879399999999,11.90887928
0.099603654,11.90655708
0.09963263,11.91153622
0.09968229499999999,11.9104147
0.099753992,11.91558552
0.09979298099999999,11.91384602
0.09985043199999999,11.91361427
0.09990719099999999,11.9142952
0.09995702799999999,11.91348553
0.099978418,11.9145031
0.10003485699999999,11.91593838
0.10008547599999999,11.91400623
0.100128861,11.91562653
0.100159035,11.90809822
0.100196184,11.90501308
0.100223416,11.90297985
0.100248979,11.8962326
0.100250096,11.88904762
0.10025669799999999,11.87646961
0.10026014,11.86165428
0.100232975,11.84638596
0.100228534,11.83148861
0.100221382,11.81794548
0.100205624,11.80559826
0.100185999,11.79321575
0.100158574,11.7802906
0.10014961,11.77071095
0.100145021,11.76286221
0.100134009,11.75717258
0.100123019,11.74868774
0.100130164,11.74423981
0.10011461499999999,11.73809814
0.10010746999999999,11.73130131
0.10010519799999999,11.7270689
0.10011007,11.72674465
0.100116545,11.7245388
0.100116291,11.7244215
0.100138934,11.72517204
0.10015676999999999,11.73392582
0.100203381,11.74571037
0.10024153599999999,11.76285934
0.10030544699999999,11.78258419
0.100373135,11.79862881
0.10043221799999999,11.817029
0.100502969,11.8336792
0.100563475,11.85031509
0.100626701,11.86449337
0.100692035,11.87623596
0.10074931499999999,11.88836956
0.100812183,11.90203381
0.10087298,11.91269112
0.10092852399999999,11.92210388
0.101006159,11.93257904
0.101060399,11.93446636
0.101124549,11.93895626
0.101177247,11.94440269
0.10123895999999999,11.94542313
0.101300025,11.94780827
0.10134341,11.9464941
0.10141455499999999,11.94798756
0.101451219,11.94816494
0.101501734,11.94610882
0.101549612,11.94743538
0.101590486,11.94923592
0.101643504,11.95060349
0.10169408599999999,11.94826698
0.101749019,11.95110798
0.10179519,11.94858265
0.10184621199999999,11.95291519
0.101899752,11.95410252
0.10195333599999999,11.95362186
0.101993316,11.95579433
0.102040143,11.95751381
0.102096097,11.9587574
0.10214799799999999,11.96082306
0.102194229,11.96049881
0.102265389,11.96116924
0.102296324,11.9633894
0.102352427,11.96279621
0.1023881,11.96127224
0.102442095,11.96323967
0.102502049,11.96574879
0.102554129,11.96810341
0.102609785,11.9644165
0.10264635999999999,11.96491528
0.10270489099999999,11.9677906
0.10274610099999999,11.96826839
0.102790312,11.96852779
0.102830203,11.96988964
0.102899173,11.96991444
0.1029474,11.97253799
0.102988781,11.9729538
0.103038014,11.9769392
0.103091122,11.97689342
0.10313067,11.97618484
0.10319645799999999,11.98101807
0.103259371,11.9829483
0.10329931399999999,11.9816494
0.10335008899999999,11.98118401
0.10339088099999999,11.98157883
0.103458644,11.9841938
0.10348835699999999,11.98664093
0.103551598,11.98775959
0.10360051099999999,11.98343086
0.10365909499999999,11.98779869
0.103697651,11.98941517
0.10375098299999999,11.9872551
0.103804128,11.98662186
0.103856662,11.98973465
0.103904152,11.99183559
0.10394920499999999,11.9898653
0.103988522,11.98999596
0.104046272,11.9917469
0.10409961799999999,11.99197292
0.104150207,11.99223232
0.10420521499999999,11.99259281
0.104239324,11.99037266
0.104294957,11.99497414
0.104341881,11.99415207
0.104389415,11.996315
0.10443565399999999,11.99863815
0.104495095,11.99830055
0.10452787699999999,12.00176716
0.104594366,12.00376034
0.104637304,12.0054388
0.104701885,12.00573826
0.10475691499999999,12.00840569
0.104796962,12.00626373
0.10486285499999999,12.00774765
0.104885512,12.00691032
0.10494266599999999,12.01042652
0.104996384,12.01257038
0.105043889,12.01359653
0.105089688,12.01467133
0.105144279,12.01644135
0.10520774299999999,12.01525497
0.10525660299999999,12.01835537
0.105283977,12.01834679
0.10535425799999999,12.01853657
0.10539671199999999,12.02114582
0.105457739,12.01961422
0.105496833,12.02176952
0.105545194,12.02214336
0.105598518,12.02441788
0.105649756,12.02400494
0.105709494,12.02493572
0.10576627499999999,12.02604389
0.105792293,12.02156067
0.105847472,12.02308464
0.105891773,12.02493572
0.105939956,12.02546787
0.106006467,12.02808762
0.106023305,12.02589703
0.106098869,12.02849483
0.106141643,12.03196716
0.106194453,12.02993107
0.106253692,12.03411293
0.10627872599999999,12.03470516
0.106332505,12.03611374
0.106397481,12.03835106
0.106446744,12.04174042
0.106499517,12.04366779
0.10656006,12.04296589
0.106598528,12.03892517
0.106659145,12.04491901
0.106701979,12.04153156
0.106745393,12.04327011
0.106802174,12.04278564
0.106855044,12.04376411
0.106906825,12.04523468
0.10694340699999999,12.04641533
0.10699526399999999,12.04593945
0.10704633,12.04532528
0.107088597,12.04645157
0.107138389,12.0460453
0.107201294,12.05035782
0.107235075,12.04679966
0.10729245999999999,12.05302429
0.107356438,12.04879665
0.107381725,12.05025387
0.107446664,12.05248451
0.107493625,12.05770302
0.10755432499999999,12.05793095
0.10759463999999999,12.05884933
0.107639612,12.05891514
0.10769009,12.06078815
0.107759969,12.05895519
0.107799643,12.06076145
0.107857922,12.06227207
0.10789386299999999,12.06216621
0.107949161,12.06089497
0.10799385,12.06374741
0.108050199,12.06705284
0.108085932,12.06699371
0.108135523,12.06809998
0.10818610499999999,12.06947613
0.108240829,12.07003021
0.108299227,12.07349682
0.108351239,12.07331181
0.108402186,12.07228279
0.108446294,12.0705204
0.108505302,12.07514477
0.108551183,12.07243538
0.10858201399999999,12.07041836
0.108654947,12.07444
0.108682038,12.0775013
0.108763532,12.07763004
0.108804719,12.0766449
0.108846636,12.07797909
0.10889610799999999,12.07599258
0.108946243,12.07744694
0.108989851,12.0773468
0.109032491,12.08123684
0.10908636599999999,12.08594799
0.109146015,12.08802605
0.10920687899999999,12.08561611
0.10924854299999999,12.08665466
0.10929876699999999,12.08681583
0.10934432,12.08689213
0.109396049,12.08691692
0.10945403699999999,12.08953762
0.109511995,12.08928013
0.109551804,12.09088421
0.109597826,12.09016132
0.109640041,12.09269524
0.10969699299999999,12.09100342
0.10973975899999999,12.09156895
0.10979162299999999,12.09364891
0.109851488,12.09724998
0.10988319099999999,12.09638691
0.10993182,12.10037708
0.109993817,12.10020065
0.11004233499999999,12.09984398
0.110108816,12.10065365
0.110149191,12.10453606
0.110203282,12.10458374
0.110241757,12.09964275
0.11030417099999999,12.10387897
0.11034862799999999,12.10464096
0.11039803299999999,12.10582733
0.110446976,12.10434341
0.11049793,12.10551739
0.110557319,12.10556412
0.11060350499999999,12.10802364
0.110634872,12.10868168
0.110699297,12.11009121
0.110753389,12.11086178
0.11079529099999999,12.11070728
0.11084124599999999,12.11263752
0.11088269299999999,12.1121769
0.11094607499999999,12.11416435
0.110998736,12.11614609
0.111041376,12.11688519
0.11108599,12.11826611
0.111150735,12.11841679
0.111191997,12.11710072
0.11124237,12.12382126
0.111290449,12.12263489
0.11135052299999999,12.12359238
0.111391173,12.12412357
0.11145158999999999,12.12232018
0.111501449,12.13097668
0.111546622,12.12445164
0.11158283899999999,12.12656689
0.111642034,12.12515068
0.11169781699999999,12.12608433
0.11173688799999999,12.12765598
0.111789265,12.13185406
0.11183496,12.13279152
0.11189069,12.13237953
0.111954236,12.13623905
0.112006129,12.1355381
0.11204826999999999,12.13597202
0.112099626,12.1374464
0.11214210999999999,12.13566017
0.112197058,12.13672543
0.112247759,12.13895512
0.112296814,12.13701248
0.112344318,12.13911819
0.112399974,12.13641453
0.112449275,12.13938427
0.11249638499999999,12.14267159
0.112551743,12.14122868
0.11259970899999999,12.14196968
0.112634176,12.13827419
0.112678321,12.14314175
0.112751098,12.1456356
0.1127975,12.14509583
0.11284726199999999,12.14578438
0.112891385,12.14612865
0.112930344,12.14972019
0.112997354,12.14937019
0.113040434,12.15094376
0.1130825,12.15102768
0.113145181,12.15496922
0.113195249,12.15526485
0.113249646,12.1557951
0.11330162099999999,12.15555477
0.11334154099999999,12.159338
0.11339717499999999,12.15512848
0.11344918,12.15920448
0.113500142,12.1576519
0.113546738,12.16029644
0.113600434,12.1575613
0.113639304,12.16069412
0.113704325,12.16257668
0.113738352,12.16400337
0.11381448899999999,12.16299629
0.11384183299999999,12.16326046
0.113895768,12.16328621
0.113951737,12.16485691
0.11398903399999999,12.1665802
0.11402757599999999,12.16769123
0.114086808,12.16641903
0.114158945,12.16838646
0.114200884,12.17045498
0.114240119,12.16950321
0.114283041,12.17032814
0.11434462799999999,12.17246246
0.11439226699999999,12.17204094
0.114449785,12.1753149
0.114499533,12.17291832
0.114547388,12.1724844
0.114588873,12.17440033
0.11465539899999999,12.17401028
0.114679427,12.17485237
0.11473702,12.17637444
0.114785427,12.18121243
0.114847639,12.18063354
0.11488928799999999,12.1832304
0.114933961,12.18668652
0.114998528,12.18535233
0.11505979399999999,12.1861639
0.115114116,12.18671894
0.11515058,12.18454742
0.115195864,12.18478203
0.115241991,12.18426037
0.11529898,12.18889904
0.115349018,12.18718338
0.11539516699999999,12.18617821
0.11545312499999999,12.18860817
0.115502076,12.18862057
0.115539716,12.18807125
0.11558774999999999,12.19056702
0.115637408,12.19281101
0.115687036,12.19087601
0.11573805,12.19381523
0.11578411,12.19623661
0.115842433,12.1970787
0.11589833499999999,12.19976234
0.11594987,12.1994257
0.116002196,12.19947529
0.116040045,12.19844532
0.116096364,12.1986084
0.11616324,12.1999321
0.116196388,12.19848251
0.116241024,12.2003336
0.11628019199999999,12.19945812
0.116346852,12.20247841
0.11638908199999999,12.20392513
0.11644463399999999,12.20743465
0.116496192,12.2054224
0.11653775899999999,12.2061758
0.11660341299999999,12.21090221
0.116654233,12.21302032
0.116701686,12.2068758
0.116727741,12.21051025
0.116793388,12.21157074
0.116851808,12.21157742
0.116878317,12.21314526
0.11694204899999999,12.21301174
0.11701081099999999,12.21851254
0.117052698,12.21455956
0.117087939,12.21575737
0.117127316,12.21601772
0.117194989,12.21665382
0.11724364899999999,12.21880913
0.117281744,12.22093105
0.11734890299999999,12.22424603
0.11737373599999999,12.22260094
0.117443958,12.22485638
0.117494674,12.22574425
0.117537753,12.22704315
0.117597283,12.22908783
0.117632875,12.22847843
0.117685714,12.23145103
0.11774950599999999,12.23381901
0.117799842,12.23426342
0.117858799,12.23244762
0.117899546,12.23614883
0.1179505,12.23542309
0.117997931,12.23259926
0.11804456399999999,12.23445892
0.11810501799999999,12.23529243
0.118143612,12.23814106
0.118200899,12.23747826
0.118247615,12.23779011
0.118299828,12.23819542
0.118346685,12.23811913
0.118385085,12.23693275
0.11843783499999999,12.24085999
0.118489416,12.24330139
0.118549371,12.24346447
0.11859908799999999,12.24283504
0.11865527299999999,12.24328709
0.118679726,12.24492741
0.11874022499999999,12.24657726
0.11878834099999999,12.24608898
0.11883664299999999,12.24731922
0.11889583699999999,12.24960899
0.118930915,12.25094986
0.11899114499999999,12.25008774
0.119033554,12.2531023
0.119104215,12.25665379
0.11914201199999999,12.2578907
0.119190836,12.25476551
0.11925203499999999,12.25696659
0.119303034,12.25845718
0.11934392299999999,12.25940514
0.119393208,12.25623226
0.11944326899999999,12.2613287
0.11949758399999999,12.25675774
0.119545871,12.26129055
0.11960510299999999,12.26037312
0.11964660299999999,12.25998211
0.119681516,12.25976753
0.119750136,12.26350594
0.119786279,12.26328087
0.11983663,12.26449394
0.119884939,12.26818371
0.119945781,12.26797676
0.12000752399999999,12.2691555
0.12005152699999999,12.26852512
0.120092505,12.26749706
0.12014108999999999,12.2702589
0.120192827,12.26987839
0.120255844,12.26770306
0.120295511,12.27274132
0.120357016,12.27134228
0.120404558,12.27300549
0.12043552199999999,12.27054691
0.120484391,12.26970482
0.120537491,12.27425671
0.120583021,12.27615261
0.120652029,12.27500153
0.120686748,12.27585411
0.120735103,12.27879906
0.120788017,12.28142929
0.120856011,12.2828598
0.12089945499999999,12.28024006
0.12094522399999999,12.28249741
0.12100538,12.28210545
0.121061043,12.28188419
0.121094079,12.2841692
0.12114148,12.28127861
0.121193023,12.28243256
0.121236348,12.28400803
0.121288517,12.28664017
0.121334547,12.28949547
0.12138563499999999,12.29166317
0.12144849599999999,12.29127121
0.121503824,12.29105568
0.121536219,12.29057693
0.12159287299999999,12.29264069
0.121665412,12.29314232
0.121696555,12.29213142
0.121725881,12.2941637
0.12179520099999999,12.29426289
0.121844517,12.29768562
0.121889287,12.29757118
0.121952334,12.30098629
0.12200067299999999,12.29877663
0.122047686,12.30020714
0.122091488,12.29966545
0.12215291099999999,12.30450249
0.122206421,12.30193043
0.122239867,12.302351
0.122312137,12.30283356
0.12234041999999999,12.30233383
0.122389862,12.30326843
0.122449541,12.30605507
0.122490288,12.30463791
0.12254034899999999,12.30861187
0.122608805,12.30963326
0.12264839699999999,12.30916786
0.12269734,12.31005287
0.122757518,12.30669498
0.122801119,12.31013584
0.122847052,12.30703354
0.122886681,12.30907249
0.12293792599999999,12.31076908
0.123000273,12.31124401
0.123032847,12.31080627
0.12309871,12.30979443
0.123153852,12.31407261
0.123197445,12.31324959
0.12324453299999999,12.31426334
0.123291851,12.31255722
0.123338544,12.31655121
0.12340683599999999,12.31516743
0.12343649699999999,12.3200388
0.12349111,12.32066059
0.123543763,12.32108402
0.12360409,12.32164955
0.123640062,12.3231802
0.123704159,12.32282352
0.123755427,12.32157516
0.12378695699999999,12.32134533
0.123841227,12.32345295
0.123893478,12.32512188
0.123955214,12.32605362
0.123988429,12.32562542
0.124066526,12.32733917
0.12411592299999999,12.32891083
0.124140897,12.32719612
0.124200852,12.32261944
0.12424151,12.32590866
0.124292643,12.32812214
0.124339992,12.32780838
0.124387258,12.32869339
0.124445104,12.32881355
0.124492892,12.33069611
0.124538989,12.33337498
0.124595107,12.33205891
0.12464581599999999,12.33354473
0.124682674,12.33019066
0.12472143899999999,12.33272362
0.124780544,12.33870029
0.124837251,12.34071541
0.124897459,12.34022141
0.124938027,12.34089184
0.12501093900000002,12.34375858
0.12504171,12.34299374
0.12510837700000002,12.34429836
0.12515568900000001,12.34378052
0.125192196,12.34214211
0.125254319,12.34305668
0.125312643,12.34369469
0.125355439,12.34200954
0.125398101,12.34288979
0.12545097000000002,12.34318542
0.125496553,12.34564877
0.125546755,12.34552479
0.12559762700000002,12.3453474
0.125640796,12.3460598
0.12569660100000002,12.34578991
0.125752316,12.34523296
0.12580491700000002,12.34923363
0.125835137,12.3470993
0.12588675500000002,12.34856129
0.125932605,12.34996891
0.12599723200000001,12.35009098
0.126040803,12.35429001
0.12608760700000002,12.35199261
0.126141192,12.3520565
0.126192109,12.3546114
0.126246767,12.3565197
0.12629220000000002,12.3557806
0.126342656,12.35700607
0.126396866,12.35644054
0.126442002,12.35765648
0.126499252,12.36038208
0.12655037800000002,12.36144161
0.126595811,12.36030674
0.12665198900000002,12.3619976
0.126681866,12.35964584
0.126742454,12.36410713
0.126788811,12.36650753
0.126851128,12.36978054
0.126905592,12.36918449
0.12695582300000002,12.36621189
0.12697960600000002,12.36686802
0.127049865,12.3699398
0.12710489500000002,12.3701849
0.127142788,12.37063122
0.12719512100000002,12.37261677
0.12723551800000002,12.37212086
0.127300189,12.37311935
0.127349721,12.37455463
0.127386109,12.37636757
0.127447055,12.37691593
0.12749949200000002,12.37491512
0.127534972,12.37474251
0.127581478,12.37817764
0.12764029300000002,12.3806982
0.12770709500000002,12.38132191
0.12775977100000002,12.3821249
0.127794446,12.38104248
0.12784652500000002,12.37973595
0.12789662300000001,12.38174629
0.127934189,12.38147831
0.12800282400000002,12.38454533
0.128050403,12.3841629
0.12809679000000002,12.38378906
0.12813744100000002,12.38599586
0.128199281,12.38447857
0.128256739,12.3882885
0.128284709,12.38811874
0.12834361300000002,12.38952541
0.128386767,12.39008713
0.12844492600000001,12.39093685
0.128500955,12.39217567
0.128541486,12.39284611
0.12860278900000002,12.39256668
0.128636943,12.3943491
0.12871374300000002,12.39599895
0.12874548300000002,12.39491463
0.128798888,12.39500713
0.12883888300000002,12.395257
0.12889972500000002,12.3940239
0.12894649900000002,12.3975153
0.128994973,12.39767933
0.129045294,12.3982029
0.129082696,12.39946461
0.12913544600000001,12.39867878
0.12917715400000002,12.40177822
0.12924058900000002,12.40361691
0.12928551600000002,12.40509701
0.129354836,12.40612698
0.129386993,12.40662479
0.129450233,12.4055233
0.129487769,12.40790558
0.129543231,12.40787125
0.129571856,12.41081047
0.129632832,12.4142971
0.129699693,12.41533375
0.129744606,12.41632652
0.129795463,12.41808224
0.129851447,12.41464043
0.129897,12.41517925
0.12995335600000002,12.41626453
0.12998235400000002,12.41841984
0.13004318,12.42098904
0.130092905,12.4191494
0.13014361400000002,12.41919422
0.13019250500000001,12.422719
0.130246313,12.42096138
0.130293341,12.42186832
0.130345227,12.42143726
0.13038622,12.42198849
0.130441786,12.42322159
0.13048915700000002,12.42553616
0.130556629,12.4241848
0.13060206300000002,12.4266119
0.130639331,12.4235878
0.130698742,12.42588139
0.130736874,12.42683601
0.130786599,12.42916965
0.130841167,12.4283886
0.130901874,12.43047714
0.130954908,12.42683601
0.130997033,12.43219566
0.13104115600000002,12.43035412
0.131082044,12.43216038
0.131141634,12.43565369
0.131185891,12.43650818
0.13123822300000001,12.43778801
0.131289021,12.43725014
0.131344916,12.43764973
0.13139625000000002,12.44227219
0.13145567600000002,12.44154835
0.13149959,12.4394722
0.131543712,12.43968487
0.13158486900000002,12.44161129
0.13164372900000001,12.44517994
0.13168865600000002,12.44510555
0.131738083,12.44607067
0.131788538,12.44355392
0.13184942400000002,12.44424343
0.131885306,12.44718075
0.131934301,12.44896412
0.131988616,12.4517498
0.132043095,12.45078754
0.13209200000000001,12.45155811
0.132152544,12.45051765
0.13218727800000002,12.45152187
0.13223964100000002,12.45529175
0.132297309,12.4540453
0.13235917800000002,12.45205498
0.132391916,12.45441151
0.132428171,12.45573235
0.13248515300000002,12.4555521
0.132539512,12.45678806
0.132591174,12.4571209
0.13263893300000001,12.45953369
0.132711993,12.46286106
0.132743792,12.4606905
0.132800983,12.46351242
0.13283856300000002,12.46089935
0.13289351900000002,12.46312904
0.13295068000000002,12.46282101
0.13297656300000002,12.46447849
0.13303388800000002,12.4653883
0.13308835200000002,12.46865177
0.133149357,12.46975613
0.133185418,12.46651268
0.13324581200000002,12.47164631
0.133297728,12.47081375
0.13333851200000002,12.47169876
0.13339799800000002,12.47148418
0.133441509,12.47023869
0.13350266300000002,12.47115135
0.133541973,12.46897602
0.13357722900000002,12.47109032
0.133646609,12.47085285
0.13369371100000002,12.4745121
0.133743898,12.47658062
0.133782433,12.47599697
0.133850933,12.47799683
0.13389410200000001,12.4759264
0.13394841700000001,12.47702503
0.133994059,12.47801781
0.13404061,12.47717381
0.13408054500000002,12.4796133
0.134136261,12.48145866
0.13418965200000002,12.48330498
0.13424080700000002,12.48431873
0.13428837200000002,12.48530769
0.134336473,12.48750496
0.134396331,12.48783016
0.134448872,12.48589993
0.134493844,12.487957
0.134542496,12.48954201
0.134599419,12.4892168
0.134640904,12.48766804
0.13469614200000002,12.48965359
0.134734826,12.4907341
0.134792314,12.48939896
0.13482639300000002,12.49337673
0.13488444800000002,12.49693108
0.13495415600000002,12.49499893
0.135000633,12.49653816
0.135044993,12.4953022
0.135099129,12.49690533
0.13515110400000002,12.49784946
0.135197656,12.49667835
0.135248752,12.49688721
0.13530183,12.5005064
0.135358797,12.49733353
0.135393055,12.49752522
0.13544856100000002,12.49392128
0.135491372,12.49751282
0.135532649,12.49915028
0.13559146400000002,12.50091839
0.13564910100000002,12.50141144
0.13570125500000002,12.5025301
0.13574281500000002,12.50266743
0.135776372,12.50579548
0.13584500700000002,12.50599194
0.13589430000000002,12.50767708
0.13594451700000001,12.51031113
0.135998414,12.51075459
0.136041926,12.51058102
0.136095227,12.51239204
0.136144505,12.50955582
0.13618979,12.51141262
0.13622515000000002,12.51043701
0.13628578300000002,12.51331425
0.136331321,12.51754379
0.136395933,12.51941586
0.136440413,12.51924801
0.136500285,12.51909542
0.13655798300000002,12.51997852
0.13659648700000002,12.52197647
0.136627318,12.51821995
0.136683257,12.52180672
0.13673585800000002,12.52209568
0.13679127500000002,12.52478981
0.13684176,12.52677155
0.136891903,12.52929878
0.136941464,12.52886105
0.137007342,12.52991962
0.137046055,12.53100681
0.137095244,12.52940083
0.137164639,12.52821636
0.137211682,12.52661419
0.137244583,12.52830791
0.137288676,12.52776814
0.137337805,12.52998543
0.13739356500000002,12.52995872
0.13743391800000002,12.52875996
0.137494565,12.53177452
0.137535767,12.5325079
0.137580426,12.53381062
0.137636007,12.53458786
0.137682141,12.53870296
0.13774809400000002,12.53712845
0.13780039700000002,12.53734112
0.137846367,12.53735638
0.137903409,12.53961849
0.13794762000000002,12.53761196
0.137991638,12.53885555
0.138026731,12.53706264
0.138075994,12.54150486
0.138132991,12.54565907
0.138195233,12.54529953
0.138248072,12.54736614
0.138285176,12.54707336
0.138349847,12.54744053
0.138395832,12.5493927
0.13844946200000002,12.54858017
0.13848801100000002,12.54961014
0.138551415,12.550313
0.138608114,12.54955196
0.138647438,12.55106544
0.13868992200000002,12.54836559
0.13874149500000002,12.54928017
0.138787092,12.55420113
0.13883140800000002,12.55451775
0.13888856900000002,12.55740738
0.13895473,12.55649281
0.13899134200000002,12.55569649
0.139040024,12.55475616
0.139088513,12.55802727
0.139140607,12.5593462
0.139192016,12.55640507
0.139238061,12.55737019
0.13930429600000002,12.55946064
0.13934464900000001,12.55959034
0.139392333,12.56395149
0.139447914,12.56332874
0.13948443700000002,12.56547928
0.139539392,12.56539154
0.139579178,12.56744194
0.139631228,12.56952477
0.139699922,12.57373142
0.139760555,12.57076836
0.13980584000000001,12.57299709
0.139849366,12.56957245
0.1398948,12.57067204
0.139944003,12.56996632
0.139998437,12.57240295
0.140050696,12.57335281
0.14009928800000002,12.57130241
0.140142695,12.57315636
0.140192659,12.57325363
0.14023707900000001,12.5748291
0.14028690900000002,12.57410431
0.14034885300000002,12.57760334
0.140399621,12.57707691
0.140432627,12.5789423
0.14048332100000002,12.57885456
0.140541898,12.57919025
0.140592308,12.5830822
0.14064231600000002,12.57988834
0.140688391,12.58161163
0.140762718,12.58110714
0.140800209,12.58063984
0.140845211,12.58082008
0.140899406,12.5818119
0.14094257500000001,12.58167553
0.14098850000000002,12.58265781
0.14103885100000002,12.58636761
0.141099678,12.58949089
0.14113873400000002,12.58966446
0.14119683300000002,12.59087944
0.141246261,12.59157276
0.141292484,12.59095001
0.14133721700000001,12.58819771
0.141395868,12.59516525
0.14144082500000002,12.59557819
0.14149879,12.59186745
0.141548411,12.59010887
0.14159284700000002,12.59329224
0.141635524,12.59535885
0.141690628,12.59569454
0.14173323000000002,12.59784317
0.141792999,12.59877777
0.14183733,12.59847355
0.14188529700000002,12.59943008
0.141953261,12.60247421
0.14200642800000002,12.60112095
0.142049165,12.60199165
0.142098145,12.60122871
0.14214635,12.6026001
0.14218107000000002,12.60172081
0.14224724600000002,12.60445404
0.142280461,12.60631943
0.14233574400000001,12.60749817
0.14238715300000002,12.6078186
0.14244631100000002,12.60952568
0.14250721200000002,12.60671043
0.142561929,12.60673237
0.142586963,12.61034489
0.142642812,12.61060905
0.14270132900000002,12.61067867
0.142739536,12.61135769
0.14279355200000002,12.61173916
0.142855005,12.6138792
0.14289196,12.61114883
0.14293803400000002,12.61111355
0.14299334700000002,12.61394787
0.14304143300000002,12.61677361
0.14308934,12.61525536
0.14313188300000002,12.61542988
0.14317828500000002,12.61789417
0.143234359,12.62097263
0.14328234,12.62166691
0.14332999400000002,12.62396812
0.143391461,12.6252079
0.143431471,12.62803459
0.143495114,12.62672997
0.14355363100000001,12.62865353
0.143611328,12.6262579
0.14365698500000001,12.62631512
0.14368978300000002,12.62793064
0.143744276,12.62729931
0.143797116,12.62728214
0.143848167,12.62639236
0.143880696,12.62986469
0.143940227,12.62936878
0.14399314100000002,12.63268375
0.14403769500000002,12.63095379
0.144094871,12.63456535
0.14415961600000002,12.63328648
0.144207643,12.63212585
0.144244166,12.63467598
0.14429660300000002,12.63506603
0.14432655400000002,12.63338375
0.14439484600000002,12.63557053
0.144432263,12.63627815
0.1445006,12.63730335
0.14453178800000002,12.6391592
0.144586132,12.64089012
0.144639449,12.64161396
0.144686581,12.64174652
0.144738914,12.64340401
0.144798906,12.64622879
0.144834669,12.64743614
0.144901247,12.64595604
0.144933523,12.64309978
0.14500527200000002,12.64494801
0.145042912,12.6463728
0.145074846,12.64593506
0.14513509100000002,12.64963341
0.14520122200000002,12.65199566
0.14526444800000002,12.6507597
0.145306231,12.64764977
0.1453508,12.64922237
0.145382957,12.65072536
0.145434753,12.65109348
0.145500646,12.65122128
0.145538898,12.6509428
0.145593034,12.65297985
0.145633431,12.65135956
0.14570190100000002,12.65533543
0.145735429,12.65566635
0.14578198,12.65625286
0.145832227,12.65844822
0.14587333900000002,12.66236496
0.14594362800000002,12.6637373
0.14600680900000002,12.66293716
0.146051796,12.66180229
0.146082641,12.66274834
0.14615608900000002,12.66541004
0.146189691,12.66326427
0.146249445,12.66042423
0.14629207700000002,12.66320419
0.146334977,12.66324043
0.146382795,12.66515064
0.14645201100000002,12.66704655
0.14649689300000002,12.66553783
0.146533625,12.66751099
0.14660139500000002,12.66730499
0.146633716,12.67010117
0.14668846300000002,12.66932011
0.14673781500000002,12.67054653
0.146787526,12.67130947
0.14685088500000001,12.67111874
0.146891238,12.6744566
0.146943541,12.67275906
0.14698782700000002,12.67214298
0.147033782,12.67543697
0.14707789000000002,12.67579937
0.147142784,12.67862988
0.14720016800000002,12.67873001
0.147237526,12.68013859
0.147291587,12.68008709
0.147364573,12.68091393
0.147388609,12.679389
0.147439109,12.68189049
0.147479163,12.6794529
0.14754001900000002,12.68169594
0.14759873,12.68360043
0.147648097,12.68312836
0.147680105,12.68276691
0.14773012800000002,12.6849432
0.14779393500000002,12.68848991
0.14784096300000002,12.68724442
0.14789641,12.68930626
0.14794010100000002,12.69056892
0.14799194200000002,12.68806744
0.148037718,12.6879406
0.148087354,12.69050217
0.148155854,12.69194412
0.14819520800000002,12.6929512
0.148228825,12.69256878
0.148292051,12.69552898
0.14835229600000002,12.69495773
0.148399995,12.6959486
0.148441301,12.6962862
0.148487525,12.69590855
0.14854178,12.70040894
0.148582236,12.69990349
0.148632692,12.70072746
0.14869056800000002,12.70040417
0.14874535900000002,12.70270348
0.14880812300000001,12.70279503
0.148851843,12.7013731
0.14888215200000002,12.70123386
0.148943128,12.70461655
0.14900531,12.70200634
0.14904171400000002,12.70077229
0.149083035,12.70239449
0.14914091100000001,12.7054081
0.14919574700000002,12.705966
0.1492368,12.70571804
0.149295078,12.70630264
0.14932874000000002,12.70758438
0.149376155,12.71222115
0.149430008,12.71162987
0.149497123,12.71342754
0.14954298900000002,12.71291924
0.149585621,12.71465874
0.149634974,12.71505451
0.14968899000000002,12.71645451
0.14975322900000002,12.71668148
0.149790542,12.71481419
0.149855272,12.71475601
0.14990045300000002,12.71815014
0.149947898,12.71503258
0.149996386,12.7159214
0.150030838,12.71403408
0.150095524,12.71546555
0.15014332700000002,12.71686745
0.150190235,12.71734715
0.150229992,12.71638012
0.15026956900000002,12.71836567
0.15032872700000002,12.71921825
0.15039332300000002,12.72101498
0.15044088800000002,12.7221365
0.150492401,12.72301197
0.15053248500000002,12.724123
0.15059039100000002,12.72431183
0.150642247,12.72739124
0.150667579,12.72790432
0.15073634800000002,12.72850323
0.150792049,12.72755241
0.150840418,12.72964478
0.15088676,12.73060608
0.15093514500000002,12.73046494
0.150978209,12.73187828
0.151039155,12.7352581
0.15107904500000002,12.73587513
0.15115086900000002,12.73793602
0.15119876100000001,12.73765278
0.151257218,12.73722553
0.151296066,12.73800278
0.151330308,12.73636246
0.15139043500000002,12.73704052
0.15144354200000001,12.73846912
0.15149173300000002,12.74009609
0.151550145,12.73993206
0.15159180900000002,12.73829651
0.151633666,12.74193573
0.151705222,12.74151325
0.151735695,12.74096203
0.151779727,12.74266815
0.151829095,12.74158859
0.151881175,12.745821
0.151947783,12.74720764
0.15199162200000002,12.74861908
0.152031348,12.74868202
0.152085559,12.7484026
0.152142407,12.75100327
0.152187513,12.75036526
0.152241798,12.74984741
0.152288274,12.75095367
0.15234941400000002,12.75200272
0.152377279,12.75261593
0.152449192,12.75658035
0.15249209200000002,12.7541275
0.152559893,12.7559309
0.15259841200000002,12.75666428
0.15265602,12.75508976
0.15268731200000002,12.75625324
0.152741612,12.75817299
0.152798296,12.75784016
0.15284830500000002,12.75584793
0.152895854,12.75887108
0.152941705,12.75810242
0.152986364,12.75650978
0.153040068,12.75945759
0.153085159,12.75873661
0.15313141200000002,12.75811481
0.153182538,12.7613039
0.153236376,12.76278114
0.15328733800000002,12.76563358
0.15333801600000002,12.76256752
0.153387995,12.76700592
0.153448672,12.7650013
0.15349848700000002,12.76943588
0.15355427700000002,12.76767349
0.15359075500000002,12.76540089
0.153647424,12.76599503
0.153686599,12.76821423
0.15373008100000002,12.76904583
0.15378894,12.7716732
0.153846906,12.77164268
0.153894932,12.77497959
0.15395160200000002,12.77155972
0.15399067200000002,12.77563667
0.154037969,12.77412987
0.154089899,12.77810097
0.15413581,12.77755928
0.15420276100000002,12.77721596
0.154237898,12.77718353
0.154290365,12.78167152
0.154346974,12.7807188
0.154385821,12.77960873
0.154443131,12.78069115
0.154493303,12.77935314
0.154529573,12.78296089
0.154588194,12.784729
0.15464303000000001,12.78365612
0.15469280000000002,12.78529167
0.15474659300000002,12.78989983
0.15478265400000002,12.78874874
0.15484941100000002,12.78846645
0.154899375,12.78880119
0.154934914,12.78606224
0.154997946,12.78814316
0.155047761,12.7907629
0.155091525,12.7891922
0.155141906,12.78896427
0.155196579,12.78785706
0.15524880700000002,12.791049
0.155294911,12.79210758
0.155341478,12.79372406
0.155399816,12.79450607
0.15543921400000002,12.79356194
0.155486585,12.79590607
0.155537651,12.79637814
0.155608,12.79748058
0.15564449300000002,12.79423141
0.155694412,12.7965517
0.15574532900000002,12.7974968
0.155808152,12.79753017
0.15584525600000002,12.79546356
0.155893685,12.7957468
0.15593420100000002,12.79733467
0.155975954,12.79853821
0.15602638000000002,12.80051899
0.156077148,12.80333424
0.15613353400000002,12.80411053
0.156188087,12.80612373
0.156251894,12.80706215
0.156306507,12.80731297
0.156344758,12.80841255
0.156395064,12.80681992
0.156432123,12.80603504
0.15649311400000002,12.80826759
0.15653978400000002,12.80910301
0.156591894,12.81112385
0.15662762700000002,12.80996037
0.156685816,12.81272602
0.156744124,12.816679
0.15677850100000001,12.818223
0.15685028,12.81602097
0.15689613100000002,12.81977177
0.156968088,12.81735611
0.15700471500000002,12.81749535
0.15704289200000002,12.81172657
0.157093422,12.81417084
0.157144742,12.81230927
0.15718774600000002,12.81470108
0.157249318,12.81743526
0.15730074200000002,12.81747532
0.157344268,12.81580353
0.15738400900000002,12.81439209
0.157436342,12.81585407
0.157480077,12.81819153
0.157518343,12.82101917
0.15758997300000002,12.82261181
0.15763354400000001,12.82466888
0.157695563,12.82811356
0.15773303900000002,12.82811356
0.157804818,12.82722092
0.157849462,12.82911968
0.157879667,12.82837582
0.15794897200000002,12.82973289
0.157992558,12.83164215
0.158049093,12.83099556
0.15809393100000002,12.83100033
0.15813706900000002,12.83046436
0.15819966900000001,12.83502579
0.15824210800000002,12.83258343
0.15830370900000001,12.83612919
0.15834757800000002,12.83039951
0.158388616,12.82957935
0.15845582,12.8338356
0.15848483300000002,12.83393574
0.158528538,12.83380604
0.15858328500000002,12.83569527
0.158641146,12.83770657
0.15870055700000002,12.83780289
0.158732118,12.83908367
0.15879383800000002,12.83942509
0.158847929,12.83961582
0.158897118,12.83876801
0.15894892900000002,12.83868122
0.158986451,12.83924294
0.159038158,12.84224129
0.15909019200000002,12.8379612
0.159148903,12.84026337
0.159193189,12.84170914
0.15923641800000002,12.84309864
0.15928267100000001,12.84427738
0.15935680400000002,12.84389591
0.15939165800000002,12.84847832
0.159441532,12.84654617
0.159492285,12.84885788
0.159541608,12.84922218
0.159591006,12.84982872
0.159658344,12.85008621
0.159690411,12.84840107
0.15974785500000002,12.84702492
0.15978603200000002,12.85155201
0.159843223,12.85260773
0.159880759,12.85157204
0.15993637000000002,12.85023403
0.15999485700000002,12.85433483
0.16004996100000002,12.85704994
0.160097168,12.85529232
0.160142125,12.85262775
0.160195277,12.85581017
0.160241814,12.85658741
0.160301985,12.85781956
0.160342769,12.85571194
0.160381602,12.85824776
0.16043089500000002,12.85860157
0.160475389,12.8603754
0.160545827,12.8616581
0.160601513,12.86016178
0.16065173000000002,12.86260319
0.160700442,12.8651886
0.160743879,12.8637743
0.16078478200000001,12.86448956
0.16084261400000002,12.86491299
0.16089308400000002,12.86454201
0.160920651,12.86495304
0.160995991,12.86781311
0.161042245,12.86875439
0.161085428,12.87034798
0.161139788,12.87108231
0.16120672400000002,12.87428188
0.16124880400000002,12.87278461
0.16129659200000002,12.87298965
0.16135764300000002,12.87166119
0.1613995,12.87075424
0.161447258,12.86714745
0.16148051800000002,12.8706398
0.161531062,12.87252426
0.16157964,12.8759985
0.161639751,12.87919331
0.16170731300000002,12.8787775
0.161748992,12.87722111
0.16180940100000002,12.8772068
0.16183860700000002,12.87610817
0.161888094,12.87457275
0.161941798,12.8755703
0.16198367,12.87592793
0.16204410900000002,12.87947655
0.162089051,12.87870407
0.162142442,12.8797884
0.16219872400000002,12.8817091
0.162244992,12.88119125
0.162294195,12.88240147
0.162350939,12.88477707
0.162395911,12.88128948
0.162432121,12.88380337
0.162483112,12.88559341
0.162538872,12.88755798
0.16259978800000002,12.88741112
0.162642793,12.89131165
0.162695841,12.8894577
0.16274652,12.88777256
0.16278784100000002,12.88709831
0.162846701,12.88985157
0.162882314,12.89161015
0.16293548200000002,12.89422607
0.162989469,12.89593887
0.163057492,12.89668369
0.163099782,12.89273453
0.163150461,12.89413643
0.16318902500000002,12.89310074
0.16324216300000002,12.89462662
0.163284348,12.89574146
0.16333988400000002,12.89618111
0.16340010000000002,12.89643478
0.16343021500000002,12.8946619
0.16349204,12.89754581
0.16354131800000002,12.89936733
0.163592966,12.89894485
0.163639785,12.90012169
0.163681494,12.90387154
0.163740293,12.90340137
0.163789974,12.90324783
0.16384263500000001,12.90474224
0.16388254000000002,12.90531158
0.16394254700000002,12.90804291
0.163997935,12.90889645
0.164045678,12.90669155
0.16409246800000002,12.90909672
0.164136575,12.91252041
0.164194332,12.9107914
0.16424961500000002,12.91135216
0.16429194900000002,12.91268826
0.164342122,12.91240311
0.16438991,12.91370106
0.164439635,12.90996265
0.164491983,12.91481304
0.16452707500000002,12.91521549
0.164591537,12.91771603
0.164642261,12.91811943
0.16470875000000001,12.91965961
0.164747985,12.92010498
0.164797307,12.91668034
0.16484146000000002,12.91732121
0.164889575,12.91728592
0.16494892700000002,12.91940594
0.164990605,12.9180851
0.165034698,12.91837692
0.165092112,12.91788197
0.165124194,12.92246151
0.165201799,12.92522907
0.165244953,12.92354965
0.16529780800000002,12.92516136
0.165363701,12.92467117
0.165402652,12.92389297
0.165434973,12.92274189
0.16548468300000002,12.92524624
0.165529521,12.92687702
0.16558012500000002,12.92585468
0.165622936,12.9312849
0.165692331,12.93590736
0.165740312,12.93450451
0.16579590900000002,12.93523026
0.165841804,12.93703079
0.165894227,12.93522072
0.16593741,12.93675804
0.165986837,12.93772793
0.166048513,12.93602085
0.166074933,12.93754101
0.16614605600000001,12.9382143
0.166178362,12.93936539
0.166247742,12.93987465
0.166296618,12.94228458
0.166346939,12.93877697
0.16639399700000002,12.93788815
0.166445748,12.93777943
0.16649602500000002,12.94074154
0.166544036,12.93966293
0.166599558,12.94277668
0.16663856900000001,12.94146252
0.166667284,12.94221687
0.166735561,12.94539547
0.166806803,12.94673347
0.166836174,12.94490623
0.16689472,12.94685936
0.166950659,12.94838238
0.166987763,12.94809914
0.167048634,12.94505882
0.167092146,12.94756603
0.16714593900000002,12.95168209
0.167201908,12.9502039
0.16724893600000001,12.94871998
0.167286591,12.94811916
0.167343126,12.94764614
0.16739036300000001,12.95196724
0.16744511,12.95101452
0.16748626700000002,12.94833469
0.16753362300000002,12.95261478
0.16759962,12.95299816
0.16763875,12.95305538
0.167690308,12.95531178
0.167730392,12.95614052
0.16777830000000002,12.9572506
0.16783622,12.95643806
0.16789584000000002,12.9592514
0.167960451,12.95980644
0.168004022,12.95949173
0.16804233300000002,12.95700169
0.168089495,12.95915222
0.168146343,12.96067429
0.16819335700000002,12.95977974
0.16823859600000002,12.96297359
0.168282614,12.96362686
0.168337689,12.96317005
0.168396146,12.96487713
0.16844293600000002,12.96650314
0.168494732,12.96681595
0.168552832,12.96792793
0.16858636000000002,12.9652729
0.168659107,12.96532917
0.168696599,12.96481895
0.16874624900000001,12.96290588
0.168783651,12.96404839
0.168833525,12.96700764
0.16889392,12.96977043
0.16893606,12.96945953
0.168979825,12.97327328
0.16903743300000001,12.97265053
0.169091122,12.97476578
0.169142277,12.97341537
0.169192628,12.97434139
0.169234337,12.97563648
0.16929114,12.97814846
0.169339777,12.97471237
0.169381784,12.97940159
0.169442685,12.97939873
0.16949598600000002,12.98094273
0.169554339,12.97658157
0.16957940300000002,12.98000145
0.16963730900000001,12.97814178
0.16968396400000002,12.9832449
0.169749798,12.98411369
0.169786306,12.9844265
0.169852318,12.98414326
0.169905351,12.98419857
0.169946791,12.98594379
0.16999776800000002,12.98385429
0.170057387,12.98588848
0.170100422,12.98507118
0.170141654,12.9851017
0.170194553,12.98392868
0.17023711,12.98568344
0.17027715000000002,12.98583889
0.17034197,12.98678398
0.170385168,12.99004173
0.170432882,12.99024868
0.170503245,12.99371433
0.170545892,12.9917345
0.170609133,12.99363518
0.170652048,12.99369907
0.17068986700000002,12.99099255
0.17075514900000002,12.9917078
0.170798959,12.99035358
0.170849414,12.99138069
0.170902417,12.99174023
0.17093217500000002,12.99201679
0.17098117000000002,12.9914484
0.171037333,12.99497032
0.17108500100000001,12.99684429
0.171150775,12.99930668
0.171189309,12.99704838
0.17123332800000002,13.00000668
0.171296359,12.99976921
0.17134289600000002,13.00147057
0.171393008,13.00055981
0.171453239,13.00056267
0.17149987900000002,13.00156116
0.17154102200000002,13.00066853
0.171597691,13.00012398
0.171629058,13.00451469
0.17170295300000002,13.00411701
0.171746598,13.00446033
0.171796383,13.00442982
0.17184844700000002,13.00588131
0.171897249,13.00588703
0.171932192,13.00726223
0.17198211100000002,13.00637531
0.17204217700000002,13.00883102
0.17208425800000002,13.00716019
0.17213946700000002,13.00981331
0.17218339600000002,13.01083183
0.17223459600000002,13.01480389
0.17228515600000002,13.01215935
0.17234401500000002,13.01410866
0.172386648,13.01517105
0.172452332,13.01438808
0.172493429,13.01460075
0.172550694,13.01716709
0.172581227,13.01789093
0.172643201,13.01438713
0.17269225500000002,13.01850796
0.17274277000000002,13.01980114
0.172795893,13.01997375
0.172833489,13.02095604
0.172895388,13.02115059
0.17295348800000002,13.02254391
0.173012452,13.02310562
0.173050971,13.01964474
0.17310013000000002,13.02167606
0.173150317,13.01942253
0.17319631700000002,13.02320385
0.173235164,13.02140141
0.173286395,13.02505398
0.17334422600000002,13.02534866
0.173395605,13.02692032
0.17344515200000002,13.02625751
0.17349514500000002,13.02839661
0.173548178,13.02910042
0.173596145,13.02539635
0.17364558700000002,13.02647209
0.173685358,13.02767086
0.173737795,13.02911282
0.17378732700000002,13.02861595
0.173854203,13.0308857
0.17388698600000002,13.03303814
0.173950361,13.03053379
0.173979463,13.03368187
0.174044998,13.03393555
0.174095766,13.03501225
0.17414848600000002,13.03480816
0.174201996,13.03543854
0.174250828,13.03501701
0.174294011,13.0373106
0.17433700100000002,13.03969765
0.174394356,13.03967667
0.174451814,13.04074287
0.17449613,13.04358768
0.174538584,13.03960133
0.17459339000000001,13.0439539
0.17464859900000002,13.04431057
0.174710841,13.04569817
0.174737216,13.04233456
0.17479129300000001,13.0430088
0.17483973600000002,13.04391575
0.174903692,13.04507637
0.174936177,13.04596043
0.174984263,13.04584408
0.175047593,13.04788208
0.175103815,13.0477066
0.175150053,13.04905224
0.17519039,13.04979229
0.17524825200000002,13.04741096
0.175295473,13.04955673
0.175332637,13.0486908
0.175387816,13.0546751
0.17543836100000001,13.05396843
0.17550780000000002,13.05263996
0.175540106,13.05104637
0.175602601,13.05425739
0.17566012,13.05395508
0.175691606,13.05134201
0.175744758,13.05012703
0.17578901500000002,13.05708122
0.17585952700000002,13.05516243
0.175900952,13.05373764
0.175943242,13.05688667
0.175982149,13.05741978
0.17604083,13.05797958
0.176078082,13.06155396
0.17614890800000002,13.06253719
0.176193537,13.06325626
0.17623786800000002,13.061306
0.17630610000000002,13.06487274
0.17635150400000002,13.06398678
0.176405863,13.06460381
0.17644868900000002,13.05945683
0.176502661,13.06487656
0.17653981000000002,13.06223297
0.176597775,13.06088161
0.176655637,13.06300831
0.176694514,13.06463051
0.176745163,13.06421852
0.176794962,13.06675053
0.17684449400000002,13.06595707
0.176889302,13.06476879
0.17694884700000002,13.06432629
0.17697467,13.06821442
0.177032129,13.06905651
0.177081929,13.06848431
0.177148299,13.0724802
0.17719578900000002,13.07312679
0.177248494,13.07278347
0.177312048,13.07488728
0.177342774,13.07270622
0.17739659700000002,13.07416153
0.177436651,13.07039833
0.17747986400000001,13.07588577
0.177552165,13.07613754
0.177591266,13.07753849
0.177635239,13.08048248
0.17769465,13.08041286
0.177738891,13.08029079
0.177784042,13.08076859
0.177842931,13.08256912
0.17789200100000002,13.08537579
0.17794990700000002,13.08504486
0.178003312,13.0843811
0.178049238,13.08246994
0.178102539,13.08521652
0.17814853900000002,13.08522987
0.17819647600000002,13.08374405
0.178241657,13.08283043
0.178296791,13.08513546
0.178355382,13.08387661
0.17839423000000001,13.08376503
0.1784461,13.08291721
0.17848302600000002,13.08666039
0.17853734000000002,13.0862627
0.17858480000000002,13.08855438
0.178627164,13.09153366
0.17868529400000002,13.09196377
0.178735094,13.0935955
0.17879291,13.09325504
0.178847582,13.09292603
0.17889853,13.09284115
0.178956614,13.09475422
0.17899510400000002,13.0963316
0.17904024000000002,13.09463406
0.179115133,13.0966177
0.17914374300000002,13.09182262
0.17919165,13.09456158
0.179248275,13.09279442
0.17929071300000002,13.09509087
0.17934587700000001,13.09718132
0.17939306900000002,13.09780693
0.179442601,13.10000134
0.17948861600000002,13.10276699
0.17955063400000001,13.10088539
0.179596738,13.1013422
0.179643826,13.10153294
0.17969659100000002,13.10170174
0.179746271,13.10252094
0.17979926000000002,13.10008621
0.179842041,13.10055065
0.17989085700000002,13.10342884
0.17994319,13.1031971
0.179980413,13.10570145
0.180043758,13.10718441
0.180099325,13.10850811
0.18014496700000002,13.10898113
0.18019373800000002,13.10900021
0.180249886,13.10905743
0.18030026700000001,13.10876179
0.180342243,13.10758495
0.180387141,13.10792065
0.180428,13.11133575
0.180489631,13.10997391
0.180542947,13.11340714
0.180591152,13.11565304
0.180644037,13.1154108
0.180700512,13.11666489
0.18075776200000002,13.11707211
0.18079255700000002,13.11783028
0.180857779,13.1149683
0.180912913,13.11914349
0.18094864600000002,13.11967278
0.181005047,13.1181469
0.181053044,13.11734581
0.18110320100000002,13.11775017
0.18114417900000002,13.11511326
0.18118962800000002,13.11450481
0.181231426,13.11649513
0.181290673,13.11912727
0.18135146900000002,13.11853123
0.18138414800000002,13.12405109
0.181447418,13.12113094
0.18149599600000002,13.12475204
0.181542532,13.12120914
0.18159017100000002,13.12528229
0.18164453,13.12329674
0.181687848,13.12534618
0.18173523400000002,13.12555695
0.181782768,13.12725735
0.18183638300000002,13.12932682
0.181893946,13.13067055
0.18195066000000001,13.1299181
0.18200861000000002,13.13048172
0.18203924700000002,13.12635612
0.182085351,13.13034916
0.182142661,13.13105202
0.18217037700000002,13.13224316
0.18224272300000002,13.1353054
0.18229188200000002,13.13681316
0.182363616,13.13862896
0.18242027000000002,13.13774872
0.182448821,13.13906097
0.18249720500000002,13.13473511
0.182544263,13.13335705
0.18258764000000002,13.13565731
0.182648064,13.13689137
0.18269331900000002,13.13682556
0.18273355200000002,13.13634205
0.18278964,13.14095592
0.18283941,13.13741112
0.182884233,13.14195061
0.18294480600000002,13.14235497
0.18298651400000002,13.14164352
0.183047534,13.14357471
0.18308589,13.14711094
0.18314454100000002,13.1437273
0.18318967700000002,13.14468193
0.18324627100000002,13.14693832
0.18328634000000002,13.14151669
0.183344634,13.14643955
0.183386819,13.14710045
0.18343118,13.14974117
0.183502452,13.14941406
0.18353907900000002,13.15024757
0.18358569,13.15065479
0.18363136200000002,13.15058422
0.183680953,13.15244675
0.18375137600000002,13.15583229
0.183791862,13.15526009
0.183847742,13.15589428
0.183898778,13.15533638
0.18394638700000002,13.15492153
0.183999599,13.15504837
0.18403333600000002,13.15491199
0.184093387,13.15488815
0.18415814800000002,13.15671825
0.184184582,13.15600109
0.18423065700000002,13.15710926
0.184293331,13.1587553
0.184339435,13.15691757
0.184400694,13.16040802
0.184434028,13.15973377
0.184496255,13.16272163
0.18455887,13.16410923
0.18460126400000001,13.16165638
0.184642346,13.16049099
0.184696199,13.16061974
0.184745253,13.15925407
0.184786589,13.16296673
0.18483090500000002,13.1622963
0.184880183,13.1617651
0.18492950600000002,13.16491795
0.184971572,13.16792965
0.185043172,13.16778564
0.185090051,13.17141724
0.185132818,13.1690712
0.18518573200000002,13.17353916
0.185246648,13.17051411
0.185299308,13.17562008
0.185344861,13.1724453
0.185393558,13.17090034
0.18544401400000002,13.17152023
0.185492293,13.1736908
0.185545744,13.17385006
0.18560062500000002,13.17504215
0.18564197600000001,13.17529678
0.185685487,13.17621517
0.185745613,13.17678547
0.18577262900000002,13.17587566
0.18585331900000002,13.17980671
0.185906769,13.18090439
0.18596226100000002,13.17842388
0.185989024,13.17721462
0.186050133,13.17704868
0.186101289,13.1764946
0.186135249,13.17485523
0.186185302,13.17812634
0.186225743,13.17687988
0.18629525700000002,13.18016911
0.186340006,13.17960167
0.18638801700000002,13.18239117
0.18644152700000002,13.18233204
0.18649681,13.18459702
0.18654363000000002,13.18473053
0.18658845300000002,13.1865015
0.186631442,13.18640041
0.186694921,13.18619061
0.186733277,13.18658257
0.186802836,13.18903255
0.186835737,13.18853188
0.18689143800000002,13.1910181
0.18695613900000002,13.18940544
0.186996446,13.19108295
0.18704827300000001,13.19239521
0.18709661200000002,13.19108582
0.18714285,13.18986511
0.187197955,13.19157887
0.187245668,13.18951511
0.18728850900000002,13.19239426
0.187336461,13.19328022
0.187397049,13.19319057
0.18744871200000002,13.19376278
0.187482895,13.19487381
0.187538312,13.19749451
0.187574358,13.19460678
0.187642367,13.19969559
0.187692718,13.19927311
0.18774511100000002,13.20100307
0.18778419600000001,13.20017052
0.18783270000000002,13.20234966
0.187894539,13.20275211
0.187932806,13.2034874
0.18799919,13.2056303
0.188042761,13.20519924
0.18809578000000002,13.20549583
0.188151435,13.206357
0.188199223,13.20484161
0.188231335,13.20330906
0.18827849800000002,13.20542336
0.188325123,13.20998669
0.18840702,13.20656109
0.18844053300000002,13.21060753
0.188488649,13.21050072
0.18853676400000002,13.2092905
0.188602434,13.21188831
0.18864551300000001,13.21070766
0.18870325500000001,13.21045971
0.18874062700000002,13.20987034
0.18880206500000002,13.21264267
0.188847901,13.21225166
0.188893647,13.21227837
0.188945056,13.211833
0.189006375,13.21341038
0.189056517,13.21105194
0.18910253200000002,13.2122221
0.189135031,13.20992947
0.189196364,13.21197605
0.189253689,13.21205044
0.18930085100000002,13.21466255
0.189340265,13.21068382
0.18940125500000002,13.21343613
0.18942867400000002,13.21152496
0.18947664,13.21275902
0.189548673,13.21771908
0.18958582100000002,13.21827221
0.18963791600000002,13.21567249
0.189682515,13.22228622
0.189737396,13.22095871
0.189783798,13.22079468
0.189846279,13.22258949
0.18988922400000002,13.22209072
0.189944537,13.22250843
0.18998150700000002,13.2213974
0.190049933,13.2223196
0.19009287800000002,13.22492218
0.190155433,13.22452354
0.19018204600000002,13.22568703
0.190245153,13.22590733
0.190283836,13.22680378
0.190341697,13.22703648
0.19040900600000002,13.22957897
0.190447838,13.22869301
0.19050550600000002,13.22789669
0.190547333,13.22878838
0.190588863,13.22870541
0.190649526,13.22535706
0.190684976,13.22844791
0.19074081,13.22948933
0.190785946,13.23144054
0.19084637000000002,13.23345947
0.19088284800000002,13.23217678
0.19094787700000002,13.23141575
0.190983297,13.2326746
0.19103536100000001,13.23457623
0.191093506,13.23429108
0.191142262,13.23533154
0.191210912,13.23483181
0.191240714,13.23713589
0.191287578,13.23779106
0.191339747,13.23684311
0.1913891,13.23658943
0.191443296,13.23723698
0.191480474,13.23955059
0.19152866400000002,13.24068546
0.191596182,13.24250984
0.191648172,13.24165821
0.19169429100000002,13.24364948
0.191745148,13.2424345
0.191783802,13.24104404
0.191837416,13.24486351
0.19188361,13.24220943
0.191937925,13.24675465
0.191990243,13.2467823
0.19204484100000002,13.24885082
0.192088367,13.24767113
0.19214239800000002,13.24919796
0.192199321,13.25083733
0.19224365200000001,13.24933815
0.19229348100000002,13.24947643
0.192352401,13.24689102
0.192377598,13.24947262
0.192440258,13.2523756
0.192501323,13.25050449
0.19254388,13.25250721
0.192597703,13.25322247
0.19262722300000001,13.25356674
0.19267887,13.25370026
0.19273992,13.25513649
0.19279273000000002,13.25698853
0.192850725,13.25651073
0.19288397000000002,13.25666618
0.192939506,13.25689697
0.19299121300000002,13.25853539
0.19304143,13.26012516
0.193090962,13.25807381
0.193150402,13.26054668
0.193184094,13.26230526
0.19324353500000002,13.26271439
0.193292828,13.26049232
0.19334331300000002,13.26284885
0.193396078,13.26059151
0.19343333100000001,13.26260662
0.193504171,13.26670742
0.193544672,13.26516247
0.19359183400000002,13.26270008
0.193637998,13.26746368
0.19369408600000002,13.26538277
0.193742053,13.26702404
0.193803908,13.26638412
0.193836959,13.26636124
0.193887935,13.26910019
0.193952755,13.26848507
0.194001333,13.26813316
0.194040121,13.26856327
0.19409056100000002,13.27090168
0.19414304300000002,13.26926613
0.19418485600000002,13.27074814
0.194240601,13.26818752
0.19428999900000002,13.2735157
0.194344552,13.2728405
0.194404022,13.2737484
0.19445321100000001,13.27130699
0.194490494,13.27222252
0.19453785,13.27272892
0.19458840900000002,13.27465153
0.194635959,13.27327061
0.19469238900000002,13.27525425
0.19473315900000002,13.27453709
0.19479865000000002,13.27741241
0.19483325,13.27729416
0.19489039600000002,13.27973938
0.19494138800000002,13.27796364
0.194991039,13.28328514
0.19504127000000002,13.28196907
0.19508746400000002,13.2807312
0.195143954,13.28149605
0.19519987800000002,13.28232574
0.195245267,13.28258705
0.19529685500000002,13.28340435
0.19533419700000001,13.28164101
0.19539272900000001,13.28575611
0.195444779,13.286026
0.195490719,13.28567314
0.195544304,13.28324986
0.19559619,13.28927612
0.195651622,13.28500652
0.195687891,13.28721714
0.19573758700000002,13.28469563
0.195784063,13.28602982
0.19583001900000002,13.28689194
0.195881741,13.28943634
0.19593744100000002,13.29005623
0.195988209,13.29134178
0.196039544,13.29288483
0.19609584000000002,13.29294872
0.196134539,13.29234791
0.196199001,13.29473019
0.196244137,13.29509926
0.19630164,13.294837
0.196339325,13.29474545
0.19640802000000002,13.29569817
0.196440787,13.29447746
0.196504341,13.2941246
0.196541296,13.29303074
0.196594359,13.29345989
0.196641342,13.29409695
0.196692647,13.29593849
0.196741135,13.29723072
0.19678083200000002,13.29903793
0.196838172,13.29720211
0.19687058200000002,13.30058098
0.19694993000000002,13.30223942
0.19698386,13.30400562
0.19703974000000002,13.30233955
0.197088705,13.30515766
0.197139235,13.30441093
0.19718548800000002,13.30647945
0.197242351,13.30593967
0.197293998,13.30827141
0.19737211000000002,13.30912113
0.19739352300000002,13.30905056
0.19743564900000002,13.30930519
0.197497906,13.30896091
0.197547422,13.30918217
0.197592513,13.30828571
0.19764256600000002,13.30998039
0.19768691200000002,13.31105614
0.197733389,13.30914688
0.197787599,13.31275845
0.197836922,13.3115778
0.19788038900000002,13.31495857
0.197937326,13.31680202
0.197982819,13.31763554
0.198031874,13.31907845
0.198094235,13.32479763
0.198131533,13.32262516
0.19818301600000002,13.32276249
0.198237882,13.32337761
0.198291929,13.32483864
0.19835418600000002,13.32478046
0.19840106500000002,13.32284546
0.19845228,13.32427979
0.19849960600000002,13.32261467
0.19854638100000002,13.32308769
0.198594229,13.32207108
0.198645384,13.32307625
0.198683874,13.32394123
0.19873464200000002,13.32058048
0.198791863,13.32699299
0.19884211000000002,13.32541847
0.19888892900000002,13.32703876
0.198936747,13.32458687
0.198988677,13.32718277
0.19903604800000002,13.32996845
0.199097456,13.33208275
0.19913792700000002,13.32930565
0.19919450700000002,13.33091545
0.19924250400000001,13.33103943
0.19928805700000002,13.33172321
0.199334474,13.33209038
0.199376525,13.33686447
0.199440481,13.3390522
0.199495838,13.33817101
0.199534701,13.33810711
0.199607523,13.34126759
0.19963972400000002,13.33584213
0.19970189200000002,13.33894157
0.199750976,13.33945274
0.199803592,13.33714581
0.19983698600000002,13.33660507
0.19989921300000002,13.33795452
0.19994594300000001,13.33748341
0.19998251,13.33591366
0.20004633200000002,13.33766174
0.20008515000000002,13.33857632
0.200140597,13.33870316
0.200183348,13.34129906
0.200231986,13.34329891
0.20027925200000002,13.34483051
0.200338067,13.34652615
0.200390534,13.34917164
0.200447739,13.34619427
0.200484948,13.34865856
0.200545059,13.34442711
0.20058320600000001,13.34557724
0.200644271,13.34777737
0.20068670900000002,13.34862041
0.20072278500000001,13.35035324
0.20080287900000002,13.35046387
0.200840936,13.34963608
0.200891854,13.35000324
0.20093026900000002,13.3518858
0.200988413,13.35002804
0.201034905,13.35593128
0.201091276,13.3567791
0.201144175,13.35533237
0.201195897,13.3540659
0.20124440000000002,13.35502243
0.201288448,13.35674572
0.20134400000000002,13.357831
0.201393039,13.3577919
0.20145495400000002,13.35296154
0.20149117800000002,13.35484409
0.201540561,13.35687828
0.201579125,13.35604
0.20164442200000002,13.35590458
0.20168882700000001,13.35953808
0.20173311400000002,13.35707283
0.201795684,13.35702229
0.20185175700000002,13.35879421
0.201883228,13.35528374
0.201927827,13.3584528
0.201989473,13.36312866
0.202039303,13.36014748
0.20209136700000002,13.3621769
0.202144699,13.36380959
0.202194588,13.36588383
0.202238636,13.36358166
0.20229532,13.36390781
0.20234391200000001,13.36642742
0.202381418,13.36416245
0.202432589,13.36787891
0.202485414,13.36806774
0.202532352,13.36939907
0.202607603,13.3711853
0.2026397,13.36959553
0.202712776,13.36884689
0.202744902,13.37060928
0.2027988,13.36816692
0.202846528,13.36534405
0.202887998,13.36635494
0.202935473,13.36891365
0.202976869,13.37100983
0.20302336,13.37209988
0.203085975,13.37448025
0.20314362800000002,13.37805843
0.203179361,13.37617207
0.203252391,13.37686253
0.20331153400000002,13.37805462
0.203336613,13.37542439
0.203382523,13.37502289
0.20344335000000002,13.37280369
0.203493745,13.37810802
0.203533561,13.37927914
0.20357355600000002,13.37684155
0.20363678200000002,13.38176823
0.203703733,13.38116837
0.20373870600000002,13.38136482
0.20377446800000001,13.38051891
0.203832747,13.3831377
0.203897463,13.38389111
0.203945564,13.38440037
0.203994112,13.38367558
0.20405385,13.38551235
0.204112546,13.3847971
0.204144926,13.38654613
0.204189183,13.38310337
0.204234244,13.38164806
0.204290257,13.38610554
0.20434385700000002,13.38584518
0.20440186700000001,13.38695335
0.204440923,13.3870697
0.20448270600000001,13.38843632
0.204533444,13.38741016
0.20458421200000002,13.39067268
0.204638795,13.39474392
0.20468491400000002,13.39229298
0.204735638,13.39311409
0.204786198,13.3955574
0.20484559400000002,13.39562035
0.20488599100000002,13.39582634
0.204950915,13.39278984
0.204990224,13.39447784
0.205024318,13.39693546
0.20509037500000002,13.39880657
0.20512952,13.39585304
0.205181615,13.3986454
0.205239789,13.39907742
0.20530699300000002,13.40012646
0.20534374,13.40209484
0.205405564,13.39845276
0.20545475300000002,13.3965416
0.20549214000000002,13.39637947
0.20554197000000002,13.39676476
0.20558436300000002,13.39760017
0.205636428,13.40038681
0.205692874,13.40059376
0.20574039400000002,13.39860535
0.205801697,13.40045071
0.20584955900000002,13.39641953
0.205877589,13.40024471
0.205931471,13.40010738
0.205992909,13.40436268
0.20603801400000002,13.40412045
0.20609586100000002,13.4051466
0.206123726,13.40693188
0.206186117,13.40649128
0.206243889,13.40882015
0.206291513,13.40744591
0.206335412,13.40899277
0.206392781,13.41065407
0.2064434,13.41125679
0.206484096,13.40922737
0.206529663,13.41160202
0.20659204,13.41308975
0.206645416,13.41396046
0.206696288,13.41206551
0.20674187100000002,13.41170216
0.206792594,13.41442871
0.206833602,13.41334915
0.206896515,13.41299343
0.20693688200000002,13.41443443
0.20698908100000002,13.41384315
0.20703739100000002,13.41620827
0.207093717,13.41606617
0.20714052200000002,13.41840076
0.20719202,13.41631603
0.207235472,13.41719532
0.20727941500000002,13.418396
0.207333864,13.4201355
0.20739627000000002,13.42062283
0.207441003,13.42238426
0.207485796,13.42068386
0.207545118,13.42425919
0.207583503,13.42384911
0.207649664,13.4276371
0.207708852,13.42469597
0.207737522,13.42651939
0.207789676,13.42402935
0.207839997,13.42631817
0.207892568,13.4252243
0.20794083300000002,13.42804813
0.20800537000000002,13.42571449
0.208049656,13.4254961
0.20808942700000002,13.42443848
0.208140494,13.42572594
0.20818968200000001,13.42674446
0.20824489100000002,13.42848778
0.208287777,13.4249754
0.208323435,13.42646599
0.20838642300000002,13.43036175
0.208426685,13.42854023
0.208485426,13.43239975
0.20854018800000002,13.43417454
0.208599703,13.4336338
0.208637671,13.43362331
0.208695666,13.43579006
0.208735572,13.43543434
0.208805041,13.43558216
0.20884096800000002,13.43493652
0.208896206,13.43384457
0.20894868800000002,13.43510818
0.208985539,13.4361124
0.209035934,13.43392467
0.209089042,13.43731213
0.209135638,13.43793201
0.20920998000000002,13.43810368
0.20924641300000002,13.43865013
0.209290521,13.43645287
0.20933506000000002,13.4406414
0.209390239,13.44131374
0.20944144,13.44347
0.20949620100000002,13.44322586
0.20954156100000002,13.44248772
0.209584074,13.44162655
0.20963621300000002,13.44198036
0.20969015500000002,13.44281769
0.20973971600000002,13.44752407
0.20979207900000002,13.4438343
0.209840403,13.44748116
0.209900887,13.44663906
0.209946574,13.445158
0.20999176900000002,13.44667339
0.21004566700000002,13.44608116
0.21007742100000001,13.44533062
0.21013477600000002,13.45081425
0.210179002,13.44809437
0.210245983,13.44717884
0.21028922600000002,13.4519453
0.210339667,13.45638752
0.21038568200000002,13.45284271
0.210434051,13.45513821
0.210502834,13.45222569
0.21054566000000002,13.45569897
0.21061037600000002,13.45284843
0.210651488,13.45598316
0.21069668400000002,13.45403481
0.210741596,13.45611191
0.210781099,13.45407104
0.210859881,13.45531464
0.210897745,13.45345592
0.21094611400000002,13.45385647
0.210985409,13.45079041
0.211038904,13.45426083
0.211103023,13.45472431
0.211134852,13.45558643
0.211180122,13.45783615
0.211243452,13.45736217
0.21129018200000002,13.45667171
0.21134559900000002,13.46002579
0.211393358,13.45735836
0.21143989400000002,13.46131802
0.211479084,13.45965195
0.21154098300000002,13.46095657
0.21158977,13.4615345
0.21165281700000002,13.46309471
0.211684482,13.46351433
0.21172943800000002,13.46500778
0.21178686700000002,13.4663229
0.211849706,13.46782589
0.211893947,13.46915817
0.211946042,13.46726894
0.21199909,13.46934032
0.21205035,13.46731377
0.21209286300000002,13.467906
0.21213478000000002,13.46915054
0.21218840900000002,13.47150898
0.212242918,13.4687891
0.21228797900000002,13.47216415
0.21233716700000002,13.46749592
0.21238462800000002,13.47198868
0.21244025400000002,13.47425079
0.21248702800000002,13.47472668
0.212558211,13.47465897
0.212597222,13.47141075
0.212657378,13.4732542
0.21269481,13.4701004
0.212740914,13.47199535
0.212791593,13.47275448
0.21283996200000002,13.47279835
0.212873624,13.47194481
0.21293004000000001,13.47828865
0.21300275800000001,13.4763031
0.213056029,13.47855473
0.213091852,13.47705269
0.213140787,13.47679043
0.21320085400000002,13.47962761
0.21324114600000002,13.47796535
0.213285194,13.47838497
0.213348763,13.47620487
0.21340567000000002,13.47789288
0.213447349,13.47968388
0.21348819300000002,13.47885799
0.21353486300000002,13.48056126
0.21358452900000002,13.48068142
0.213645996,13.47854805
0.21368721300000001,13.47919464
0.21374015600000001,13.48045349
0.21380083400000002,13.48224068
0.213828297,13.48480225
0.21388532400000002,13.48542976
0.213945316,13.48554325
0.214000346,13.48765755
0.21403806,13.48518372
0.21408517800000001,13.49037647
0.214137943,13.48958302
0.21418251200000002,13.49038315
0.214243235,13.49297905
0.214306252,13.49236488
0.21434086700000002,13.49158478
0.21439549500000002,13.49014282
0.214445294,13.49031067
0.214486168,13.49270725
0.214536117,13.49291611
0.214585261,13.492383
0.214654372,13.49078178
0.214705275,13.49280357
0.21474404800000002,13.49100494
0.21479723,13.49168968
0.214833365,13.49172211
0.21488911000000002,13.49137974
0.21493794200000002,13.49489784
0.214981513,13.49532413
0.21504,13.49595833
0.21509783100000002,13.4988966
0.215138407,13.50008011
0.215184079,13.49896812
0.21523207600000002,13.50152588
0.215298565,13.50397205
0.215346815,13.50376797
0.21541178400000002,13.50441742
0.21544765100000002,13.50336075
0.21549220500000002,13.50142479
0.21554847200000002,13.50196552
0.21558869,13.50117207
0.215651424,13.50035954
0.21569143400000002,13.50064373
0.21575121700000002,13.50269032
0.215788634,13.50222588
0.215837271,13.50052071
0.215876685,13.50450802
0.21592951000000002,13.50523281
0.215985791,13.5076046
0.21603508400000002,13.50733662
0.216101588,13.50586605
0.21614176200000002,13.50747871
0.216180341,13.50616741
0.21624490700000001,13.51024723
0.21629879000000002,13.51100445
0.216342704,13.50745583
0.216392563,13.50858879
0.21644291400000001,13.50981426
0.216483952,13.50906944
0.216537179,13.50837612
0.21658122700000002,13.51146412
0.21663552700000002,13.5100565
0.216687517,13.51291656
0.21672854,13.51318359
0.216786416,13.5161171
0.216838048,13.51826572
0.21690634,13.51856136
0.216956959,13.517766
0.216997088,13.51660824
0.217054607,13.51518726
0.217106522,13.51543617
0.21714234500000001,13.51433468
0.21718721200000002,13.5144558
0.21723286900000002,13.51948357
0.217295976,13.51810074
0.21734351100000002,13.51874161
0.21739103,13.51806164
0.217449055,13.51570892
0.217489452,13.51681423
0.217551024,13.51939774
0.21759039300000002,13.51937962
0.217632831,13.51887894
0.21768489600000002,13.52034283
0.217735381,13.52175808
0.217782305,13.52436733
0.21783918300000002,13.52280426
0.217896388,13.52489471
0.21794876600000002,13.52577114
0.217987032,13.52317524
0.218050615,13.52583885
0.21808375500000002,13.52680492
0.21814017100000002,13.52660561
0.218175785,13.52983284
0.21823287100000002,13.52992344
0.218285949,13.5307579
0.218345584,13.52992725
0.21839265700000002,13.53125191
0.21844570500000002,13.5329237
0.21848350900000002,13.53209305
0.21853493300000001,13.53326225
0.21859425400000002,13.53389454
0.21863870500000002,13.53320026
0.218716667,13.53589058
0.218739019,13.53564644
0.218797223,13.53464508
0.21886597700000002,13.53323174
0.21889445300000002,13.53372669
0.21894216700000002,13.53319073
0.21898287700000002,13.53560638
0.219044404,13.5340786
0.219095127,13.53465366
0.21914296,13.53808594
0.219186412,13.53752899
0.21923268,13.53485012
0.219282405,13.53648186
0.219333352,13.53818417
0.21938786000000002,13.53709412
0.219425486,13.54038143
0.21947549400000002,13.54023838
0.219547973,13.54420185
0.21958533100000002,13.54259205
0.21963519,13.54080296
0.21969349800000001,13.54573536
0.219749422,13.54664803
0.21979110100000002,13.54416561
0.219833033,13.54393387
0.219889642,13.54445171
0.21993458400000002,13.54617405
0.21998557600000002,13.54631138
0.220035122,13.54751396
0.22010000200000002,13.54981709
0.22015938300000001,13.54864788
0.220189617,13.54772091
0.220241235,13.54735184
0.220284001,13.54951954
0.220347287,13.54925442
0.220393316,13.55154514
0.220436097,13.54875374
0.220489354,13.55097103
0.220541702,13.55013371
0.220583828,13.55433559
0.220647813,13.55395985
0.22068958100000002,13.55118942
0.220743196,13.55388641
0.220789866,13.55462074
0.220831425,13.55495262
0.220884503,13.55696869
0.220935197,13.55581093
0.220993282,13.56066322
0.221045823,13.55686855
0.221081199,13.55626488
0.221146257,13.55464458
0.22117872700000002,13.55768585
0.221235798,13.55980492
0.221296401,13.5617857
0.22134456200000002,13.56136417
0.221392439,13.56129169
0.221427949,13.56009102
0.22149147200000002,13.56301689
0.221539812,13.56350994
0.221587317,13.56334114
0.221640573,13.56385899
0.221674131,13.56558037
0.221739726,13.56782818
0.221794413,13.56954765
0.221853079,13.5682888
0.221901329,13.56921005
0.221943424,13.56584263
0.22198568400000002,13.57135773
0.222032414,13.56882858
0.22208048500000002,13.56952667
0.222154499,13.57105064
0.22219887500000002,13.56978321
0.22225265300000002,13.57000923
0.222289638,13.5657959
0.22233107800000002,13.56925869
0.222385348,13.57291794
0.222447829,13.57024479
0.22248465,13.56993961
0.222536163,13.57042313
0.222595902,13.57240868
0.22264814500000002,13.57050419
0.22268474200000002,13.57177925
0.22272914800000002,13.57063866
0.222783656,13.57418823
0.22283402200000002,13.57439327
0.222898961,13.5768404
0.222945751,13.57499123
0.222984494,13.57806587
0.22304858400000002,13.57874489
0.22310063400000002,13.57433224
0.22314657400000001,13.57775402
0.223173158,13.57400513
0.223227845,13.57705688
0.223293648,13.57982063
0.223334835,13.5808773
0.223385216,13.57906151
0.22345309100000002,13.58191776
0.223509283,13.58099651
0.223538758,13.58032227
0.22359435400000002,13.58161926
0.223635258,13.580966
0.223675267,13.58208275
0.22373183200000002,13.5828228
0.223790185,13.58457851
0.223858045,13.58328533
0.223901065,13.58586788
0.223949657,13.58458996
0.223979653,13.58238316
0.22403809600000002,13.58473587
0.22409019000000002,13.5828104
0.224133523,13.58446121
0.22418648100000002,13.58611393
0.224247084,13.58376503
0.22429759900000001,13.58627701
0.224328147,13.58413506
0.224394263,13.5856905
0.224436046,13.58841133
0.22446771100000001,13.58758831
0.22452987900000002,13.58928299
0.224591137,13.592659
0.22463381400000001,13.59274387
0.224691795,13.59370613
0.22474655600000001,13.59283257
0.224784212,13.59172249
0.22483956900000002,13.59456444
0.224881412,13.59786224
0.224950062,13.59651184
0.22500170900000002,13.59499645
0.22504531,13.59557247
0.225091012,13.59419537
0.22514872400000002,13.59593296
0.22518699,13.595891
0.22523288600000002,13.59532928
0.225301848,13.59601974
0.225341128,13.5968504
0.225388722,13.59514046
0.22542868700000002,13.59746075
0.22547920200000002,13.60006523
0.225520076,13.59780025
0.22556995000000002,13.60145378
0.225636364,13.60446262
0.22570046900000001,13.60596752
0.225741626,13.604249
0.225781889,13.60353947
0.22584040600000002,13.60478783
0.225888894,13.60562801
0.225947277,13.6049118
0.225999461,13.60499096
0.22604127400000001,13.60629559
0.22608404000000001,13.60316467
0.22614741500000002,13.6066103
0.22617989900000002,13.60651875
0.22623805800000002,13.60667229
0.226297246,13.60845852
0.22633958,13.6072998
0.226389812,13.60949802
0.226447658,13.60967064
0.22648725,13.6084156
0.226550208,13.61090469
0.22658270700000002,13.60786343
0.226627888,13.61293697
0.226696373,13.61140442
0.226744772,13.61267757
0.226792873,13.61133003
0.22685490700000002,13.61107349
0.226886795,13.61095905
0.22694333,13.6140871
0.22699797300000002,13.61116791
0.2270398,13.61239624
0.227088557,13.61362362
0.22712288900000002,13.61410236
0.227184193,13.61495495
0.227231504,13.61934662
0.227298216,13.61810493
0.22735116,13.61837864
0.22738284,13.61782932
0.227461444,13.61595726
0.227497892,13.61460209
0.227539719,13.61420536
0.227577255,13.61921978
0.22763872300000002,13.61804008
0.227690743,13.61580849
0.22773453700000001,13.6209383
0.227779211,13.62065887
0.227835791,13.6221838
0.227893756,13.62220097
0.227932291,13.62248898
0.22799317700000002,13.62327766
0.228034438,13.62635231
0.228083418,13.62704849
0.22813432,13.62689304
0.228189738,13.62761402
0.228250594,13.62689686
0.22829804,13.62783527
0.228341879,13.62702274
0.22839494200000002,13.62894535
0.228444205,13.62897396
0.228490294,13.62754059
0.22853844,13.62904072
0.228582071,13.6296339
0.22864119800000002,13.63131618
0.22868633400000002,13.6293087
0.22874376300000002,13.62973785
0.228795187,13.63296318
0.22884616400000002,13.63000774
0.228892596,13.62914181
0.22893849100000002,13.63027954
0.228984506,13.63010025
0.22904005800000002,13.63058281
0.229084582,13.63263226
0.22914304000000002,13.63375568
0.22917853400000002,13.63345051
0.229226158,13.63319206
0.22929597000000002,13.63687325
0.22934067400000002,13.63693142
0.22939737300000002,13.63670635
0.229423226,13.63651848
0.229487942,13.63944149
0.22952898000000002,13.6396513
0.229594306,13.64189816
0.22963756500000002,13.64373207
0.229697452,13.64399338
0.22974592600000002,13.6423502
0.229786293,13.64306164
0.229841189,13.64415359
0.22988070700000002,13.64469433
0.229953663,13.64663506
0.22999876900000002,13.64542198
0.230039255,13.64642906
0.23010137800000002,13.64550495
0.230143653,13.6450119
0.230190591,13.64479733
0.230235921,13.64799786
0.230285854,13.64847565
0.23034303,13.64778614
0.230392591,13.64808369
0.230435045,13.64922619
0.230473207,13.64999485
0.230540575,13.6496067
0.23061071500000002,13.65288353
0.23064330400000002,13.65015888
0.23067999,13.65150261
0.230734245,13.65182686
0.23077704100000002,13.65101337
0.23083615400000002,13.6529665
0.230892391,13.6564045
0.230944963,13.65428448
0.2309891,13.65303421
0.231045948,13.65557289
0.231104688,13.65763664
0.231135116,13.65321827
0.23119150200000002,13.65550423
0.23124838,13.65474701
0.23126991200000002,13.65740776
0.23133477700000002,13.65786362
0.231405632,13.6574173
0.23144218500000002,13.65801811
0.231495724,13.65938377
0.23154591200000002,13.65932083
0.231586741,13.65764427
0.231650562,13.66029739
0.231688754,13.6586237
0.23174070000000002,13.65924454
0.231778861,13.66208172
0.231824802,13.6601572
0.231904791,13.66259956
0.23193791600000002,13.66246223
0.23200045700000002,13.66239834
0.2320354,13.6616745
0.232092769,13.66365337
0.23215110700000002,13.66218472
0.232193903,13.66363621
0.23224286900000002,13.65932846
0.23227423600000002,13.66241932
0.232338191,13.66312122
0.232379736,13.66599751
0.232425095,13.67169952
0.232493059,13.67125988
0.232544736,13.67120171
0.232599409,13.67076683
0.23264531900000002,13.67421055
0.232697026,13.66765213
0.232755975,13.6669836
0.23279559700000002,13.66902447
0.232855366,13.67119312
0.23288567500000001,13.66771317
0.23294620300000002,13.66936111
0.23299127900000002,13.67007256
0.23304160100000001,13.67115307
0.233079524,13.67146587
0.233132677,13.67080593
0.233184056,13.67080879
0.23323959200000002,13.67548275
0.233290361,13.67574501
0.233350427,13.67486668
0.23340307300000002,13.67775154
0.233452456,13.674716
0.233488978,13.67701054
0.23354259300000002,13.67626762
0.2335874,13.67294788
0.23364426300000002,13.67488098
0.233681248,13.67540646
0.233737574,13.67380905
0.233781592,13.6728487
0.23382665300000002,13.67682552
0.233890088,13.67915058
0.233932526,13.67835999
0.23398132800000002,13.68248558
0.234048472,13.68534565
0.234086604,13.68207073
0.234143512,13.68214607
0.234191538,13.68393803
0.234219418,13.68459988
0.23430715600000002,13.68635464
0.23434506500000002,13.68763351
0.23439711500000002,13.68806744
0.23445815,13.68696976
0.23449866600000002,13.68612671
0.23454497900000001,13.68593693
0.23458762600000002,13.68518543
0.234640704,13.68283653
0.23468867100000002,13.68578625
0.23473759100000002,13.68265247
0.234798284,13.68718719
0.23483921700000002,13.68553829
0.234887393,13.68689346
0.23493592600000002,13.68759346
0.234993578,13.68816471
0.235032232,13.68823433
0.235075863,13.69132519
0.235140742,13.68900585
0.235178934,13.69354248
0.23523132600000002,13.69076538
0.235274748,13.69213104
0.235342444,13.69289017
0.23538866800000002,13.69361877
0.235431672,13.6960516
0.235483558,13.69575024
0.235549272,13.69824886
0.23559886300000002,13.69875431
0.235641272,13.70015144
0.23569426100000002,13.69853687
0.235743896,13.69758129
0.235783399,13.69968224
0.23584585000000002,13.69921589
0.23590059700000002,13.69962025
0.23595743000000002,13.69527245
0.23598315,13.69862938
0.236038343,13.69773197
0.236093105,13.69818687
0.236132325,13.69502449
0.236187385,13.6987772
0.236231462,13.69604683
0.236280502,13.70204353
0.23633536800000002,13.70189571
0.236384706,13.70105839
0.23643772400000002,13.70302105
0.23649698600000002,13.70622921
0.236542718,13.70466042
0.236583964,13.70433521
0.236649351,13.70439339
0.236696349,13.70626163
0.236738013,13.70491219
0.236787529,13.70443249
0.23684258900000002,13.70514679
0.236892329,13.70658493
0.236954407,13.70710754
0.236998336,13.70395565
0.23704213000000002,13.70484257
0.237083913,13.70450878
0.237138347,13.70583916
0.237202824,13.70518494
0.237248556,13.70565796
0.237289505,13.7066412
0.237332435,13.70916843
0.237394677,13.70948315
0.237437682,13.70888424
0.237494649,13.71001911
0.237540157,13.7084856
0.237593995,13.71304226
0.23763852000000002,13.71141911
0.237687574,13.71380615
0.237721459,13.71315479
0.237787293,13.71427441
0.23784174200000002,13.71806717
0.23788564,13.71570969
0.237944798,13.71714687
0.238003762,13.71716309
0.23804797400000002,13.71591282
0.238091813,13.71637249
0.238134371,13.71736526
0.238198401,13.7156229
0.238234953,13.71666813
0.23827308500000002,13.71724796
0.23834257,13.72025585
0.23838910600000002,13.71688747
0.23843488200000001,13.72001266
0.238480301,13.72046947
0.23855652000000002,13.72271538
0.238593639,13.72212029
0.238647477,13.72147083
0.238695459,13.72237301
0.23874287400000002,13.72106934
0.238793807,13.72028923
0.238842191,13.72164249
0.23888039700000002,13.72159958
0.23894314600000002,13.72465897
0.239000486,13.72584152
0.239042328,13.72543621
0.23908853700000002,13.72494984
0.239135878,13.72504616
0.239168437,13.72715855
0.239244343,13.72872257
0.239286558,13.72925854
0.23933643200000002,13.72929668
0.23938188100000002,13.72796154
0.239434631,13.73010921
0.239482613,13.73206997
0.23953859600000002,13.73039246
0.239592881,13.73295212
0.239641817,13.73179436
0.239703463,13.7339077
0.239744396,13.73063469
0.23980187,13.73206997
0.23983802,13.73212051
0.23989506200000002,13.7328968
0.239943357,13.73093891
0.239983575,13.73078918
0.240026177,13.73166847
0.240093948,13.73499775
0.24015224100000002,13.73413754
0.240192221,13.73577595
0.240234466,13.73583889
0.240292938,13.73807621
0.24033411000000002,13.73535538
0.240382017,13.73611736
0.240444334,13.74038696
0.240482421,13.73881721
0.24055870000000001,13.74053669
0.240595312,13.73761749
0.240641998,13.73918438
0.240690665,13.73802185
0.24074283400000002,13.73690319
0.240783976,13.73928738
0.240825967,13.74047852
0.240891547,13.74438286
0.240942405,13.74214363
0.24099816500000001,13.74379539
0.24102294600000002,13.7404356
0.241088556,13.74342251
0.24114991900000002,13.74248981
0.241203369,13.74614239
0.24123902700000002,13.74193382
0.24127078200000002,13.7433157
0.241338984,13.74485588
0.241394521,13.74683666
0.241448076,13.74460316
0.24149815900000002,13.74473953
0.24154265400000002,13.7435503
0.241589875,13.74538898
0.241641567,13.74569321
0.24168355900000002,13.74454117
0.24173972100000002,13.74771786
0.241794528,13.74793148
0.24183353900000001,13.75045681
0.24188831600000002,13.74853897
0.241947563,13.74709129
0.242000715,13.75016499
0.24204060600000002,13.74990463
0.242079021,13.74970341
0.242137717,13.75143147
0.24218905100000002,13.75328445
0.242221759,13.75134373
0.24229525200000002,13.75415325
0.24234788300000001,13.75443745
0.242390455,13.75507259
0.24243921200000002,13.75518703
0.24249182800000002,13.75492477
0.242541255,13.75547886
0.24258119,13.75614262
0.242638708,13.75801277
0.242687376,13.75646305
0.24273644500000002,13.75758934
0.242796542,13.75823021
0.242842527,13.75889969
0.242880539,13.7584343
0.242942975,13.76071548
0.242982523,13.76057625
0.24303578,13.76234722
0.243100376,13.76301479
0.24315440800000002,13.76288605
0.243187846,13.76243305
0.243243055,13.75859356
0.243292109,13.76477909
0.24335220600000002,13.76168442
0.24338282800000002,13.76015568
0.243446366,13.76089382
0.24348709100000002,13.76356316
0.243538411,13.76275158
0.243600534,13.76544857
0.243648903,13.7639513
0.243695186,13.76447201
0.243738682,13.76316452
0.24377927300000002,13.7637825
0.243839995,13.76312351
0.243894355,13.76793671
0.24394053400000001,13.76609802
0.243999408,13.76708698
0.244040699,13.76379204
0.244088085,13.76642609
0.24413711000000002,13.76521587
0.24417412400000002,13.76336479
0.24422623300000001,13.76813412
0.244292752,13.76995754
0.24433343200000002,13.77077579
0.24436395,13.77123165
0.24443726400000002,13.77352715
0.24448856800000002,13.77673721
0.244546132,13.77255344
0.24458670700000001,13.77683067
0.244637044,13.77655506
0.244688691,13.77703094
0.244739236,13.77510166
0.244787068,13.77759743
0.24484692600000002,13.77807617
0.244894729,13.77503681
0.244938762,13.77719307
0.244977878,13.77840042
0.245031671,13.78063679
0.24508083,13.78265667
0.245156587,13.78199196
0.245190711,13.78295422
0.245251925,13.77954865
0.245292218,13.7830286
0.245341258,13.78192234
0.24540645,13.7805891
0.24544231700000002,13.77979088
0.245483146,13.78000641
0.24554518,13.780303
0.245586084,13.78047848
0.245651485,13.7801857
0.245688142,13.78404331
0.24574178600000002,13.7799654
0.24579324,13.78358269
0.24584788200000002,13.78261852
0.24588479200000002,13.78246689
0.245945872,13.78090572
0.24597823800000002,13.7853508
0.246035369,13.78333473
0.24608169600000002,13.7850647
0.246138559,13.78264332
0.246173249,13.7879982
0.246235104,13.78999329
0.246303306,13.79456139
0.24635397,13.79244995
0.24639211700000002,13.79075527
0.246445091,13.7901144
0.24649673800000002,13.78954601
0.246551306,13.78998661
0.24658695,13.78899288
0.24663621300000002,13.78822517
0.246688621,13.7907095
0.24673766,13.79257584
0.24678503100000002,13.79315472
0.246835367,13.78960991
0.24690197500000002,13.79461002
0.246955649,13.79375362
0.246992336,13.79422855
0.247028769,13.7948246
0.24708526,13.79358196
0.24713474600000002,13.79590607
0.24718873300000002,13.79785728
0.247237073,13.79872704
0.24729652800000002,13.79892921
0.24733813200000002,13.79818916
0.247401388,13.79813957
0.247438715,13.79735279
0.24749964600000002,13.79799747
0.247543217,13.79772186
0.24758000800000002,13.79748535
0.24762082200000002,13.79623795
0.24768971,13.80162621
0.24774195400000001,13.80201149
0.247784988,13.80045891
0.247850717,13.80179405
0.247880982,13.8005085
0.247936131,13.80204487
0.24798414200000002,13.8043642
0.248027609,13.8046236
0.248093517,13.80587006
0.248140515,13.80788708
0.24817674,13.80866909
0.248239533,13.80881596
0.248297171,13.81195545
0.24834785,13.81103039
0.24840291,13.80961037
0.24845050400000002,13.80756569
0.24849786000000001,13.81068897
0.248532162,13.8068018
0.248586149,13.80953121
0.248643057,13.80996609
0.248692946,13.80938911
0.24873577200000002,13.80958748
0.248785408,13.81044388
0.248839409,13.81023502
0.248890684,13.81184959
0.24894707000000002,13.80998993
0.24899386,13.81179333
0.24903913,13.81162739
0.24909314600000002,13.81342602
0.249136419,13.81162834
0.249178485,13.81243896
0.249238239,13.81518936
0.249282898,13.81279945
0.24933988,13.81532574
0.24938637100000002,13.81547165
0.24944560400000002,13.81696606
0.249498264,13.81788254
0.249542297,13.81679249
0.249600009,13.81561756
0.24963447600000002,13.81748009
0.249695779,13.81868362
0.24972750400000002,13.8188715
0.24978724300000002,13.82005024
0.24985014,13.82032013
0.249889405,13.81996346
0.249936552,13.82314205
0.249982075,13.82102203
0.250045912,13.82439327
0.250074462,13.81806374
0.25012905999999996,13.81779671
0.25016017399999996,13.81560516
0.25018225699999996,13.81284046
0.250232266,13.80629539
0.250238494,13.79806328
0.25026335,13.7883873
0.250282334,13.77785492
0.25026626999999996,13.76459312
0.250251846,13.74895
0.250249342,13.73063564
0.25021757299999997,13.71446514
0.250196086,13.69788551
0.250167863,13.68693352
0.25015710399999996,13.67915535
0.250145154,13.66981888
0.25015156099999997,13.65953732
0.250123934,13.6523962
0.250116603,13.64462948
0.250117169,13.63657856
0.25010569499999996,13.63484955
0.25010179099999996,13.62773609
0.25010498,13.62156105
0.25009070499999997,13.61635399
0.25009109199999996,13.61126328
0.250090734,13.61084557
0.250082449,13.60485172
0.25008426699999997,13.60411453
0.250075714,13.60028458
0.250086413,13.59977627
0.250087546,13.5982542
0.250089095,13.59278584
0.250088231,13.59021664
0.250075237,13.58530331
0.25009866199999997,13.58240414
0.25007747199999997,13.58084106
0.25008623399999996,13.57686996
0.250091211,13.57344341
0.250080244,13.5710783
0.25006733999999997,13.57172871
0.250081347,13.5651207
0.250077562,13.5647974
0.250110136,13.57099533
0.25016094899999997,13.60033989
0.25030307599999996,13.66125584
0.25050141,13.74008083
0.250764714,13.82683182
0.25105636,13.90642071
0.251396195,13.97174072
0.251768993,14.02611446
0.25219507599999996,14.05495071
0.25261561699999996,14.06978893
0.253008829,14.065485
0.253339098,14.05379486
0.253623919,14.037673
0.25384845,14.02305317
0.25406272799999996,14.01083183
0.254257189,14.00625324
0.254463063,14.00955963
0.254684405,14.01282215
0.254921244,14.02275276
0.255170868,14.02835178
0.25542997,14.03621483
0.25568784899999997,14.04108429
0.25595875199999996,14.04788971
0.256226437,14.04928398
0.256473855,14.0491333
0.256747262,14.04888725
0.25701894,14.04370499
0.257237927,14.04479885
0.25747893899999996,14.04174995
0.257726954,14.04626083
0.25797109399999996,14.04797935
0.258206503,14.04944611
0.258458869,14.05270958
0.258710937,14.05635738
0.25896580599999997,14.06021786
0.259208636,14.06199837
0.259473191,14.06322861
0.25973271,14.0640192
0.259974108,14.06491661
0.260228829,14.064394
0.260489867,14.0648737
0.2607231,14.06857014
0.260966019,14.06765556
0.261214481,14.07452679
0.26146127399999997,14.07438564
0.261717604,14.07447052
0.261952446,14.07657051
0.262223796,14.08065987
0.262458013,14.08179283
0.26272268699999995,14.08625793
0.262979762,14.08563805
0.26323078699999997,14.09012127
0.26348005399999996,14.08654308
0.263724075,14.0892334
0.26395468499999997,14.09135246
0.26421459199999997,14.10013103
0.26446663,14.09781361
0.264730708,14.09715843
0.264984505,14.10198212
0.26523368199999997,14.10141563
0.26546724299999996,14.10002041
0.26571686699999997,14.10364532
0.265969501,14.10805607
0.26621966199999997,14.10949516
0.26646788499999996,14.10934067
0.266717689,14.11014557
0.26696725299999996,14.11332989
0.26720438999999996,14.11563492
0.267461733,14.12065887
0.26771588799999996,14.12254715
0.267976777,14.12177372
0.268215106,14.12484264
0.268471615,14.12514305
0.268726812,14.1286459
0.268977211,14.12942791
0.269226508,14.13146019
0.26947115499999996,14.13052559
0.269731389,14.13111973
0.26995642599999997,14.13072109
0.27022217299999995,14.13818836
0.270463334,14.13731861
0.27071334599999997,14.14216805
0.27095423799999996,14.1434803
0.27121924,14.14784336
0.27146677799999996,14.14483356
0.271711455,14.14945889
0.27197040699999997,14.15231228
0.272210376,14.15492725
0.272469537,14.155797
0.272731589,14.15685368
0.272974984,14.1551981
0.273213701,14.16038322
0.273475425,14.15974331
0.273724662,14.16385174
0.27397357099999997,14.16512108
0.274221526,14.16770649
0.274464594,14.16881752
0.27471541,14.17142582
0.274952309,14.17573357
0.275238441,14.18170643
0.275494413,14.17737484
0.275711076,14.17996407
0.275974618,14.18249702
0.276224033,14.1845808
0.276478426,14.18462563
0.276744978,14.18777275
0.276981757,14.18687725
0.277232574,14.18866539
0.27746610499999996,14.18801594
0.277732895,14.1909523
0.277969704,14.19297314
0.278219597,14.19955444
0.278457807,14.20044231
0.27871965,14.20436382
0.27898805,14.2050209
0.27924005799999996,14.20601654
0.27947969899999997,14.20907593
0.279738174,14.21263313
0.279967712,14.21348095
0.280246304,14.21580219
0.280492203,14.21475506
0.280742304,14.21490479
0.280976252,14.2182951
0.281232582,14.22230434
0.281489746,14.2231884
0.281737105,14.22650623
0.281998323,14.2255497
0.28224094299999997,14.22576523
0.282497214,14.22737694
0.28273119199999996,14.23049545
0.282977985,14.23408413
0.283224062,14.2345438
0.283490287,14.23866653
0.283730076,14.24020863
0.28397803099999996,14.24058819
0.284228699,14.24196339
0.284485595,14.24226475
0.284729437,14.24724388
0.28499348599999996,14.24868393
0.285229073,14.24990845
0.285476552,14.25339699
0.285733209,14.25595474
0.28599544,14.25733471
0.286245869,14.25899792
0.286506669,14.26177979
0.286747472,14.26091766
0.2869875,14.2628746
0.287245677,14.26528168
0.287501173,14.2669096
0.28773968099999997,14.26938343
0.287984715,14.27326679
0.288243042,14.27269936
0.28849358999999997,14.27187157
0.28873784999999996,14.27418137
0.28898651999999997,14.27695465
0.28922514699999996,14.28499222
0.289490507,14.28543186
0.289737837,14.28649902
0.28998969599999996,14.28701878
0.29024966199999996,14.28834057
0.290493713,14.2895298
0.290738807,14.29000854
0.290989683,14.29386234
0.291237669,14.29468441
0.291488306,14.29811192
0.29172884099999996,14.29843712
0.29199882,14.3042984
0.292246686,14.30504131
0.292498694,14.30512524
0.292757587,14.3054266
0.292996959,14.30740356
0.29323874499999997,14.30812359
0.293500767,14.31056976
0.29372914299999997,14.30966377
0.293988423,14.31230927
0.294234769,14.31446648
0.29449172399999995,14.31797981
0.294743763,14.32067013
0.295002059,14.32420349
0.295240746,14.32287979
0.295494453,14.32503891
0.295757638,14.32924557
0.29600979499999996,14.3278923
0.296237992,14.33119488
0.29649065599999996,14.33186531
0.296739296,14.33443832
0.29698895,14.33612251
0.29722719,14.3396759
0.29750769,14.34255409
0.29777018899999996,14.34245586
0.298009203,14.34113121
0.298239396,14.34240818
0.29849507,14.34431267
0.298732088,14.34540367
0.298985348,14.35172558
0.29924403299999996,14.35474873
0.299486206,14.35376358
0.29974647,14.35700607
0.2999831,14.3571682
0.30024396,14.36039257
0.30050106499999996,14.36051846
0.300737844,14.36521721
0.301012532,14.36494923
0.301236944,14.36804295
0.301490502,14.36815834
0.301741288,14.36884308
0.302000867,14.37116432
0.30224092399999997,14.3751688
0.302498863,14.37302399
0.302756296,14.37680244
0.30300159899999995,14.37861538
0.303252505,14.38080406
0.303511844,14.38321686
0.303758667,14.38332939
0.303993301,14.38383389
0.304251985,14.38693333
0.304496483,14.38753605
0.304742859,14.39052486
0.304998772,14.39129066
0.30524621999999996,14.3925848
0.305509941,14.39630318
0.305754231,14.39915371
0.30599708999999997,14.40119362
0.306247757,14.402812
0.30650083899999997,14.40441799
0.30674384699999996,14.40558338
0.30702077,14.40638256
0.30725343699999996,14.40947247
0.30750440199999995,14.40977573
0.307746486,14.41183662
0.30800076,14.41295815
0.30824573499999997,14.41648293
0.30848942799999995,14.41283226
0.308763431,14.42074871
0.30899588899999997,14.42087173
0.30926351399999996,14.42119217
0.30950050199999996,14.42523289
0.309751646,14.42678261
0.30999188299999997,14.42623711
0.31025190799999997,14.42675018
0.310498701,14.42819691
0.310744808,14.43509102
0.310993896,14.43297386
0.311232792,14.43801308
0.311505572,14.43890667
0.31175808699999996,14.44027424
0.31201593699999997,14.44164658
0.312262343,14.44347286
0.31251372499999996,14.44461155
0.312750207,14.44426727
0.312981532,14.44562054
0.31322960699999997,14.44997406
0.31349297,14.4543066
0.313755499,14.45563507
0.31399352999999997,14.4553175
0.314271973,14.45765114
0.31450818599999997,14.45738697
0.314756171,14.45699883
0.315012054,14.45869064
0.31525476399999997,14.46136856
0.31549511999999996,14.46319199
0.315747903,14.46735859
0.315990911,14.46862984
0.316247599,14.47234154
0.31650822,14.47143364
0.316754536,14.47461796
0.316999362,14.4750309
0.317266242,14.47800446
0.31750436299999996,14.47794724
0.31774892,14.47821903
0.31799046799999997,14.47904491
0.318238036,14.48124409
0.318509029,14.48495197
0.31875048699999997,14.48790169
0.319010334,14.48656178
0.319246934,14.4855442
0.319488452,14.49298096
0.31974507999999996,14.49186516
0.320004837,14.49522877
0.32025612999999997,14.49825096
0.320507483,14.500741
0.320759462,14.49913788
0.32100688099999997,14.49765491
0.32125579,14.50181675
0.321506099,14.50254536
0.321747945,14.50666142
0.322000401,14.50822735
0.322256015,14.50869083
0.322495268,14.5103159
0.32275067399999996,14.5107069
0.32298843699999996,14.51523781
0.323257015,14.51740265
0.32350958999999996,14.51912785
0.323754059,14.51832581
0.323991553,14.51996803
0.32423834599999996,14.52058411
0.324491457,14.52372742
0.32474292899999996,14.52748013
0.32499329899999996,14.528368
0.32525651299999997,14.52856445
0.32550342499999996,14.53056812
0.32577438799999997,14.52840137
0.326023595,14.5296545
0.32626406999999996,14.5309515
0.326501386,14.53204441
0.32675390099999996,14.53440189
0.327001975,14.53623486
0.32723771199999996,14.53675365
0.327487545,14.54250717
0.327760385,14.54244614
0.32801042599999997,14.54755116
0.328256891,14.54645824
0.32851089699999997,14.54724884
0.32874254999999997,14.54893494
0.328985588,14.54944229
0.32925035199999997,14.55176163
0.32951001999999996,14.55720806
0.329761998,14.55868626
0.329999284,14.55605125
0.330264167,14.56093597
0.330509768,14.55959511
0.330754952,14.56396389
0.331019984,14.56255436
0.331250624,14.56525993
0.331504391,14.56208611
0.331742959,14.56768036
0.332011418,14.57019806
0.332253979,14.57219219
0.332507954,14.5710144
0.332752542,14.57299042
0.333019273,14.57633495
0.333253042,14.57701874
0.333498405,14.57598591
0.333746539,14.57670403
0.333997981,14.58490276
0.334271,14.5851202
0.334498332,14.58544159
0.334759192,14.58552265
0.33501081299999996,14.59070969
0.335260348,14.58947277
0.335513578,14.59039211
0.33576755399999997,14.59789753
0.336014376,14.59450817
0.33627949799999995,14.59663582
0.33650411799999996,14.59350777
0.33676119299999996,14.59587955
0.337013261,14.59879208
0.337252097,14.60321045
0.337507085,14.60476971
0.337772982,14.60480404
0.33800758599999997,14.60687828
0.33825855099999996,14.60713196
0.3385119,14.6055603
0.338745372,14.61107349
0.339012728,14.6140871
0.339263455,14.61582851
0.339535431,14.61688614
0.339757429,14.61502361
0.340008096,14.61696339
0.340258138,14.61845684
0.34050802999999996,14.62154293
0.34076766799999997,14.62275219
0.341003673,14.62292194
0.341278361,14.62703896
0.341507481,14.62696266
0.341756837,14.62963581
0.342010008,14.63364887
0.342266606,14.63396931
0.342512803,14.63297844
0.342753158,14.63649654
0.343012051,14.63573933
0.34326915599999996,14.6387558
0.343520836,14.63990402
0.343770729,14.64321899
0.34400861099999996,14.64336872
0.34426047,14.63918304
0.344504253,14.64324284
0.344760494,14.64363384
0.344998674,14.646101
0.34526141099999996,14.65092087
0.34551002199999997,14.64991093
0.345761196,14.65149784
0.34600638,14.65474033
0.346263276,14.6576643
0.34652181099999996,14.65477562
0.346761243,14.65976429
0.34700755899999997,14.65822411
0.347265439,14.6608181
0.347508596,14.65916634
0.347741292,14.66168594
0.348004268,14.66695213
0.34825803499999997,14.66619587
0.34850446999999996,14.67018223
0.34876512099999996,14.67127228
0.349011229,14.67067146
0.349260525,14.67520905
0.349521206,14.67731285
0.349763648,14.67513847
0.350004451,14.67696953
0.35026289699999996,14.67579746
0.350494908,14.67813683
0.350740658,14.68243027
0.35101325899999997,14.68396568
0.351263092,14.68631935
0.35151873699999997,14.68727875
0.35175968799999996,14.68470192
0.352018462,14.68781471
0.352269815,14.69073486
0.352514343,14.69148159
0.352753864,14.69726753
0.353014783,14.69922256
0.35326753699999996,14.69719791
0.353504436,14.698102
0.353759365,14.70102024
0.354010032,14.70050907
0.35427545099999996,14.70322227
0.354516642,14.70386982
0.35478146499999996,14.70268822
0.35503368199999996,14.70458794
0.35526432199999997,14.70165634
0.355513172,14.70583725
0.355744676,14.71011639
0.356007562,14.70978355
0.356254236,14.71443272
0.356516795,14.71608353
0.35677482299999996,14.71657658
0.357020603,14.71600914
0.357259022,14.71840572
0.35752524599999996,14.72116184
0.357769058,14.72092628
0.358043419,14.72326851
0.35827507199999997,14.71997356
0.35851286499999996,14.72293282
0.35876132699999996,14.72619534
0.359013365,14.73176575
0.35927145299999996,14.73082542
0.35951115299999997,14.73122025
0.359762327,14.73095798
0.36003332,14.73347855
0.360276924,14.73270893
0.360524134,14.73387718
0.36076976499999996,14.73676109
0.361018644,14.73717976
0.36126218899999996,14.7375164
0.361505048,14.74237061
0.36174993299999997,14.7435379
0.362023459,14.74403381
0.362274663,14.74450302
0.362514154,14.7488718
0.36277093099999996,14.74772739
0.363015638,14.75004768
0.363258676,14.75091171
0.363520221,14.75418568
0.36377199099999996,14.75548363
0.36402402899999997,14.75504589
0.36427189499999996,14.75407887
0.36451624499999996,14.75626469
0.364770518,14.76182652
0.365033613,14.76179695
0.36527528,14.76374722
0.365519123,14.7608881
0.36576075999999996,14.76448727
0.366015331,14.76180935
0.36627574399999996,14.76835155
0.366506563,14.77012253
0.36677853899999996,14.77330685
0.36702261999999997,14.77434444
0.367272393,14.77262974
0.36753307399999996,14.77252579
0.36776133,14.77463722
0.36803095199999997,14.78022385
0.368291275,14.78054714
0.36852474599999996,14.77966785
0.368782954,14.78199387
0.369022743,14.77786922
0.36927531799999996,14.78194618
0.36951624,14.78210735
0.36977435799999997,14.78749466
0.370041118,14.78794575
0.37028111599999997,14.78519154
0.370509879,14.78823853
0.37077142399999996,14.79063034
0.37101124399999996,14.79485035
0.371270345,14.79466343
0.371531503,14.79647636
0.37177340799999997,14.79642963
0.372019903,14.79821587
0.372285531,14.79818153
0.37252386,14.79907894
0.372779237,14.80214214
0.373016552,14.80119991
0.37327455099999995,14.79879761
0.373517768,14.80310535
0.37375770599999997,14.8046751
0.374033467,14.8080101
0.374277757,14.80969334
0.374529348,14.81060696
0.374774979,14.81113243
0.375022547,14.80888844
0.37527938299999997,14.80931187
0.37551389799999996,14.81486702
0.375772463,14.8156662
0.376020925,14.815938
0.37626324699999997,14.81833553
0.37652422599999996,14.82168102
0.37677808199999996,14.82184696
0.37701545799999997,14.82289886
0.377279477,14.82385731
0.377527283,14.82486343
0.377766387,14.82765865
0.37802855799999996,14.82538986
0.378276931,14.82548904
0.37851332299999996,14.82784271
0.37875889399999996,14.82855415
0.379027591,14.8315115
0.379286067,14.82918549
0.37952052199999997,14.82974815
0.37974859899999996,14.83364105
0.380005406,14.83814812
0.38027004999999997,14.8408308
0.38052149199999996,14.84270191
0.38077663,14.84191132
0.381035523,14.83956242
0.381275998,14.84070873
0.38153608299999997,14.84271526
0.381773041,14.84518433
0.382017569,14.84377003
0.382278548,14.84456635
0.382516788,14.84629154
0.38275177899999996,14.84692764
0.383010195,14.85022736
0.38326670399999996,14.85388088
0.383519725,14.85292339
0.38376753199999997,14.85282326
0.384024785,14.85426807
0.384272085,14.85252285
0.384506868,14.85770988
0.384777801,14.86099243
0.385026948,14.86057854
0.385278122,14.85996246
0.38551850699999995,14.86125278
0.385775523,14.86232281
0.386025326,14.86586952
0.386273579,14.86542034
0.386521862,14.86715603
0.386776791,14.86592007
0.387008743,14.86766243
0.387264328,14.86872101
0.38751577,14.87418652
0.38777245699999996,14.87625694
0.38802968099999996,14.87668896
0.388266669,14.87456036
0.38852582999999996,14.87627506
0.388792918,14.87802315
0.389011846,14.87853909
0.389292763,14.88091087
0.38952996,14.87932587
0.389786111,14.87988663
0.39002077399999996,14.87845039
0.390273587,14.88133144
0.39052061899999996,14.88641071
0.390766369,14.88886833
0.39102892699999997,14.88853073
0.391267942,14.88541412
0.391511576,14.88664818
0.39176426999999997,14.89256096
0.39202304299999996,14.89356899
0.39228333699999995,14.89581966
0.39252956299999997,14.89548779
0.39277492599999997,14.89197826
0.39302615999999996,14.89566898
0.393272923,14.89660072
0.39351792799999996,14.89887714
0.39377714799999997,14.90229702
0.394020752,14.90108395
0.39428235699999997,14.90396976
0.39453606399999996,14.90287876
0.39476196599999996,14.90231323
0.39502661099999997,14.90839291
0.395266191,14.90666866
0.395518975,14.9096365
0.39576541,14.90595627
0.396014319,14.91514301
0.396270768,14.914464
0.39654691599999997,14.9162674
0.396793411,14.91334534
0.397032128,14.91323566
0.397274391,14.91473103
0.397525655,14.91821575
0.39777638099999996,14.91894817
0.39803444,14.92264843
0.398279385,14.92024612
0.398537205,14.91971874
0.398775296,14.91866207
0.39901654599999997,14.92479038
0.39927299499999996,14.92576313
0.399536328,14.92807484
0.399791793,14.92922688
0.40004278899999995,14.92696667
0.400280611,14.92592812
0.40053405,14.92864132
0.400795238,14.92957306
0.40102066199999997,14.9279089
0.40127732,14.93154335
0.40152980499999996,14.93437099
0.401784496,14.9353323
0.402038263,14.93591118
0.402280406,14.93702793
0.402543174,14.937747
0.40278788,14.93767834
0.403041379,14.93807507
0.40330417599999996,14.93879223
0.40353606799999997,14.94103909
0.403796331,14.94287872
0.40404667099999997,14.94274616
0.404276924,14.94434547
0.404533164,14.94343185
0.404769705,14.94293594
0.405025796,14.94742584
0.405274407,14.95240116
0.40553967799999996,14.95292759
0.40579383199999997,14.95276165
0.406050013,14.95323849
0.406281368,14.95141125
0.406538175,14.95351982
0.406780021,14.95614433
0.407037245,14.96062279
0.40730260399999996,14.95926666
0.407562987,14.95922089
0.407799826,14.95768738
0.40804411599999996,14.95985508
0.408286767,14.95998669
0.40853960899999997,14.96274948
0.40879152799999996,14.96509266
0.40903656299999996,14.96714306
0.409315274,14.96532822
0.40954373899999996,14.96519566
0.409787284,14.96636772
0.410026894,14.96986485
0.410292135,14.96953678
0.410547958,14.97247028
0.41080115899999997,14.96894932
0.411031292,14.96901035
0.41128955899999997,14.97184467
0.411550955,14.97639847
0.411798642,14.9766674
0.412056105,14.97485733
0.412297205,14.97570801
0.412546025,14.97724915
0.412800269,14.97896004
0.413043098,14.98313904
0.413297431,14.98358917
0.413535969,14.98357487
0.41379331199999997,14.98632336
0.414050357,14.98452663
0.414301412,14.98561954
0.41454620799999997,14.98804665
0.414801256,14.98775578
0.41505761599999996,14.98973465
0.41530852199999996,14.99028301
0.41554842999999997,14.98845482
0.4157957,14.99077225
0.41604037699999996,14.99153519
0.416305528,14.99451351
0.416559444,14.99591732
0.41681046899999996,14.99445629
0.41705517599999997,14.99489594
0.417305963,14.99445057
0.41754795699999997,14.99699688
0.417794601,14.99767494
0.41804798099999996,15.00119209
0.418304698,15.00084019
0.41856248799999995,15.00276566
0.4188125,15.00296021
0.41904591199999996,15.00165272
0.419311242,15.00419426
0.419562475,15.00576973
0.41981248699999996,15.0045433
0.420062797,15.00443077
0.420285718,15.00592518
0.42053391199999995,15.00876713
0.420791761,15.01185894
0.42103527599999996,15.01249123
0.421304749,15.01856995
0.42155473099999996,15.01356506
0.42181606699999996,15.01657104
0.422057287,15.01312065
0.42229597399999996,15.01158524
0.422547297,15.01625156
0.422797547,15.01871395
0.42305709599999997,15.02405357
0.42330901499999996,15.02019501
0.42354793999999996,15.02046967
0.423794226,15.02001095
0.424038993,15.02368927
0.42430229599999997,15.02529049
0.424559818,15.02730465
0.424828188,15.02700996
0.425060944,15.02808475
0.425300227,15.02562332
0.425547974,15.02879429
0.42581163499999997,15.02922249
0.426032798,15.03453255
0.42631380399999996,15.03330803
0.426568375,15.03519249
0.426829026,15.03343964
0.427061455,15.03250122
0.42729280999999997,15.03347874
0.427545564,15.03338909
0.42779185,15.03645992
0.428069459,15.04128838
0.428312258,15.03891945
0.42855630899999997,15.03921413
0.428785042,15.03996277
0.429046677,15.04131985
0.429314928,15.04295731
0.429563896,15.04458141
0.429807351,15.04494381
0.43005789899999997,15.04329491
0.43030484199999997,15.04266262
0.430533247,15.04525757
0.430792109,15.04644299
0.43106539699999996,15.0514946
0.431294279,15.04914951
0.43156628399999997,15.052948
0.431809471,15.05018806
0.43205626399999997,15.05114365
0.432319687,15.05124569
0.432558106,15.05237103
0.432809309,15.05362225
0.433051543,15.05710125
0.433318899,15.05691433
0.433555113,15.05577469
0.43379695799999995,15.05511379
0.43405528499999996,15.06043053
0.43430312099999996,15.05845451
0.434545772,15.06233311
0.43480523099999996,15.06035614
0.43504904299999997,15.06319809
0.43530316799999996,15.06485844
0.435559021,15.06296158
0.435808973,15.06393051
0.436063127,15.06502628
0.43630458499999997,15.06495476
0.436569975,15.06583691
0.43680153899999996,15.06187534
0.43705602099999996,15.06713963
0.437288002,15.0700016
0.437545405,15.06923676
0.43781931799999996,15.07279968
0.43805028599999996,15.07378674
0.43831108599999996,15.0689764
0.438546137,15.07356262
0.43881188499999996,15.07258797
0.43903728,15.0763855
0.43930833199999997,15.07846928
0.439569877,15.07846642
0.439812319,15.07730198
0.440070884,15.07762623
0.44031320599999996,15.07452106
0.440563486,15.07614613
0.440810726,15.0773983
0.441060947,15.0786581
0.441314326,15.08050537
0.441552208,15.07758331
0.44179667699999997,15.08090878
0.44205509299999995,15.08172417
0.44230814399999996,15.08423615
0.442557351,15.08643436
0.442811535,15.08699036
0.443059908,15.08788013
0.44330935299999996,15.08720112
0.443552063,15.08633709
0.443804936,15.08859825
0.44405512599999997,15.08911896
0.444304691,15.09243584
0.444555209,15.09376335
0.44481836399999997,15.09209156
0.445073293,15.09458256
0.44532136699999997,15.09605503
0.44556789199999997,15.09619999
0.445816324,15.09382343
0.44606514399999997,15.09665203
0.446313129,15.09644508
0.446561025,15.0959692
0.446822063,15.09656811
0.447059141,15.09945488
0.447308944,15.09771538
0.44755931299999996,15.1041708
0.447827296,15.10338402
0.448072301,15.10204697
0.448313074,15.10041618
0.44857685399999997,15.10200405
0.44880814999999996,15.10187626
0.449042515,15.10340595
0.44929327199999997,15.10607433
0.449565993,15.10816479
0.449813323,15.10591698
0.450060741,15.10928631
0.450311796,15.10800552
0.45055006599999997,15.11220264
0.45083431999999996,15.11235905
0.45107434799999996,15.11308289
0.45131685,15.11235809
0.451560364,15.1162796
0.451803432,15.11591625
0.452078418,15.11550236
0.452328966,15.11705494
0.452590184,15.11633873
0.452826099,15.11400318
0.453069673,15.11416435
0.453311013,15.11551476
0.453567789,15.11787128
0.45381246599999997,15.11744881
0.454064266,15.12136364
0.45430792999999997,15.12092018
0.454564319,15.12319565
0.45480548,15.12238884
0.45507545899999996,15.12490845
0.45531986799999996,15.12502575
0.455581651,15.1235714
0.455814467,15.12698174
0.45606468699999997,15.13080883
0.456317262,15.12900734
0.456576542,15.12659073
0.456819431,15.12811852
0.45707850299999997,15.12894917
0.457340763,15.13057232
0.45758424799999997,15.12680054
0.457818048,15.12726498
0.45808447999999996,15.12857628
0.458302991,15.12865543
0.45855061799999997,15.13041019
0.458809213,15.13508987
0.459055976,15.13722229
0.459328906,15.13788128
0.45958279199999996,15.1385746
0.45984812199999997,15.13264179
0.46007995399999996,15.13726902
0.46030975999999996,15.13693428
0.460553245,15.13880444
0.46080707099999996,15.13953781
0.461064027,15.14097691
0.46132289,15.14361191
0.461567984,15.13751411
0.461820827,15.14027309
0.46207823,15.1404705
0.462324248,15.14492416
0.462567733,15.14294338
0.462823318,15.14121151
0.46305759399999996,15.14348793
0.463314043,15.14525795
0.46355293799999997,15.14600849
0.463817017,15.1529417
0.464069532,15.15058613
0.464314894,15.15062809
0.46457730399999997,15.15306473
0.464814679,15.15054035
0.465061919,15.15107918
0.465320067,15.1522789
0.465582149,15.15391731
0.465834276,15.15439606
0.46607347,15.15577602
0.466320233,15.15317059
0.466558353,15.15446091
0.46680866299999996,15.15282536
0.46706979099999996,15.15699768
0.467310028,15.15812302
0.467566059,15.1606226
0.467828052,15.16040134
0.46806655999999996,15.15881062
0.46832089299999996,15.15793896
0.468563364,15.16209984
0.46882163099999996,15.16045761
0.469073729,15.16089439
0.46931626,15.16289234
0.46956412599999997,15.16346359
0.469818012,15.16463375
0.47006024599999996,15.16568756
0.470308946,15.16875076
0.47056044799999996,15.16925907
0.47082774499999996,15.16855907
0.471082406,15.16851139
0.471326904,15.16580772
0.47156642499999996,15.16756439
0.47180985,15.16781902
0.472074793,15.16967964
0.47232289699999996,15.17215347
0.472570078,15.17100906
0.472795503,15.17050934
0.473077313,15.17319107
0.47332017299999996,15.17270279
0.473551856,15.1700573
0.473817663,15.17638016
0.474064188,15.17419338
0.474320845,15.17876339
0.474564181,15.17978001
0.474818007,15.17548943
0.475059525,15.17967987
0.475331114,15.17792892
0.47557030699999997,15.17910767
0.475834237,15.17913723
0.476071672,15.18008327
0.47632189199999997,15.17993259
0.47657843099999997,15.17999363
0.476809637,15.17934513
0.477077113,15.1818409
0.477315204,15.18196869
0.47758357399999996,15.1845665
0.477825866,15.18170261
0.478082435,15.1801796
0.47831566799999997,15.17940807
0.478564279,15.18000507
0.478790389,15.18172646
0.47907285499999996,15.18907452
0.479315863,15.1884594
0.479574369,15.18843269
0.47980784,15.18759727
0.480062412,15.18869972
0.480301218,15.19001961
0.480568008,15.19195271
0.480830268,15.1922636
0.48108936999999996,15.19366646
0.481322096,15.19208336
0.48157481999999996,15.1903162
0.481827752,15.19347477
0.482079761,15.19314671
0.48233012999999997,15.19261742
0.482576625,15.19259453
0.482801901,15.19432735
0.48306129999999997,15.19515324
0.483299808,15.19590092
0.48356084699999996,15.19729137
0.48381148399999996,15.19828224
0.484074609,15.20020866
0.48433108799999997,15.20130539
0.48456563199999997,15.19885063
0.48482097799999996,15.20242977
0.485076503,15.20030117
0.48533003199999997,15.20159626
0.48557208599999996,15.20296669
0.48582623999999996,15.2032814
0.48607550699999996,15.20328426
0.48632882699999996,15.20208359
0.486568318,15.20295334
0.48681770399999996,15.20260525
0.487073229,15.20505047
0.48731585,15.20602703
0.48757647099999996,15.20563507
0.487824039,15.20399189
0.488071041,15.20628262
0.48832689399999996,15.20708847
0.488561825,15.2091608
0.488833026,15.20827103
0.489082859,15.20819473
0.489335136,15.20931721
0.489579962,15.21273041
0.489823,15.20927715
0.49006186599999996,15.20986176
0.490326182,15.21389198
0.49057166399999996,15.21189117
0.490825401,15.21371555
0.491081373,15.21137047
0.491328971,15.21398449
0.49157671799999997,15.2110796
0.491831021,15.21280861
0.49208142,15.21156502
0.49232493499999996,15.21575069
0.49258072799999997,15.21645355
0.492824064,15.21424007
0.493083821,15.2142849
0.493310945,15.21545696
0.49356092599999996,15.21889877
0.49382589899999996,15.22061825
0.494086461,15.22029495
0.494314329,15.22171497
0.494584308,15.21908951
0.49483423099999996,15.21980572
0.495073752,15.21873665
0.495312737,15.22067261
0.495583997,15.22319317
0.495836393,15.22245121
0.496068106,15.21822166
0.496327714,15.22385406
0.496573017,15.22245693
0.49682434,15.22260189
0.497064368,15.22629738
0.497311012,15.22684574
0.497580992,15.22538662
0.497828977,15.22649288
0.498083697,15.22393703
0.498336689,15.22488117
0.498585658,15.22445869
0.49881901,15.22487831
0.49906476,15.22635651
0.499306904,15.22830677
0.499576197,15.23018742
0.499835865,15.22736263
0.5000789330000001,15.22828579
0.500299887,15.23077488
0.500579791,15.23302078
0.5008399050000001,15.23408699
0.50109245,15.2319355
0.501336412,15.23232937
0.501568274,15.23126698
0.501818733,15.23640156
0.50208743,15.23456764
0.502333478,15.23667812
0.502581791,15.23407173
0.502823369,15.23504448
0.503069834,15.23184204
0.503312306,15.23231697
0.503567831,15.23759842
0.503821151,15.23800468
0.504086928,15.23693371
0.5043413800000001,15.23753548
0.504584567,15.23721409
0.504836277,15.23578358
0.50507559,15.23620892
0.505335347,15.23670101
0.5055733490000001,15.23999882
0.5058257740000001,15.24002075
0.506072657,15.24319744
0.506324129,15.24081898
0.50656809,15.2424221
0.5068157480000001,15.24354839
0.507082359,15.24492645
0.5073380630000001,15.24631023
0.507587389,15.24334908
0.5078420210000001,15.241436
0.50808783,15.24069118
0.508330183,15.23997879
0.5085651440000001,15.24113846
0.508821325,15.24157524
0.509079175,15.24098969
0.5093313620000001,15.24519444
0.5095609590000001,15.24384212
0.5098160070000001,15.2452774
0.510070161,15.24523067
0.51033266,15.24823856
0.510578649,15.24969864
0.51081659,15.25148201
0.51107891,15.25152302
0.511337177,15.24983883
0.5115884110000001,15.25076962
0.511842327,15.24920654
0.512094872,15.24687576
0.512331204,15.24945831
0.5125625890000001,15.2482357
0.512832658,15.2484293
0.513065772,15.25058365
0.513317899,15.25194263
0.513568596,15.25197411
0.5138312740000001,15.25243473
0.514075295,15.25551319
0.514327363,15.25370502
0.5145698350000001,15.25548935
0.514827327,15.2536068
0.515082793,15.25456429
0.515323536,15.25541973
0.515578465,15.25640678
0.5158304730000001,15.25649452
0.5160818260000001,15.25753593
0.516319768,15.25882721
0.516559081,15.25811481
0.516841011,15.25798607
0.51707627,15.25841999
0.5173278020000001,15.260252
0.517573075,15.25892544
0.5178218050000001,15.25803757
0.518066244,15.25736618
0.51832612,15.26222992
0.5185793200000001,15.26386833
0.5188358590000001,15.26310062
0.5190761850000001,15.25874805
0.519335942,15.26145554
0.5195644660000001,15.25984478
0.519821243,15.2612257
0.5200688410000001,15.26119328
0.5203095240000001,15.26202011
0.5205713670000001,15.2660408
0.520829038,15.26651859
0.52106841,15.26391125
0.5213368700000001,15.26637363
0.5215875670000001,15.26460648
0.521824555,15.26425838
0.5220842520000001,15.26559448
0.522324101,15.26329517
0.522566692,15.26295376
0.5228147670000001,15.26398277
0.5230684440000001,15.26398182
0.523305432,15.26868057
0.5235728780000001,15.26995087
0.523817496,15.27157021
0.5240885780000001,15.2683897
0.524325029,15.26942539
0.5245667860000001,15.26713371
0.524826185,15.2712183
0.525073843,15.2688036
0.525333123,15.27119637
0.525589184,15.26998043
0.525845723,15.26844215
0.526089684,15.26489449
0.526330904,15.26995564
0.5265675350000001,15.26740646
0.526820974,15.27060413
0.5270768570000001,15.27041817
0.527330653,15.27074051
0.527571933,15.26908779
0.527827279,15.26926422
0.528069989,15.27309132
0.528345005,15.27161217
0.528568761,15.2726965
0.52882518,15.27463627
0.529072062,15.27159119
0.529323296,15.27245903
0.5295633240000001,15.27386379
0.529833214,15.27920914
0.5300667450000001,15.2768631
0.5303320450000001,15.27915001
0.530585484,15.27960396
0.5308318900000001,15.27612305
0.531077282,15.27545547
0.531329171,15.27723312
0.531582372,15.27895641
0.531837062,15.28053474
0.5320898460000001,15.27850628
0.5323373840000001,15.27661228
0.532586054,15.27622128
0.5328395530000001,15.27823544
0.5330796400000001,15.27791977
0.5333452980000001,15.27932835
0.5335902140000001,15.27936268
0.533843414,15.28014278
0.534084455,15.27494144
0.53433861,15.27837467
0.534580187,15.27487659
0.5348199770000001,15.27811337
0.535087423,15.27994537
0.535327808,15.28245163
0.5355822010000001,15.27875423
0.535835342,15.28223133
0.536075072,15.28146839
0.536333398,15.2802496
0.536566691,15.28176498
0.5368294880000001,15.28408718
0.53710808,15.28371143
0.5373491810000001,15.28237247
0.537581877,15.28194809
0.537832634,15.28285122
0.538078563,15.27943897
0.5383300940000001,15.28356457
0.5385857390000001,15.28514099
0.538833456,15.28606987
0.539080338,15.28841209
0.539333598,15.28408337
0.539585607,15.28588676
0.539847211,15.2883625
0.5400996370000001,15.28587341
0.54033746,15.28685379
0.540597336,15.28562927
0.540832655,15.28748989
0.5410918760000001,15.28665733
0.5413355990000001,15.28848648
0.541584568,15.28629971
0.541843311,15.28630733
0.542095797,15.28451538
0.542349474,15.2866106
0.542594568,15.28287506
0.5428445500000001,15.28538799
0.543070273,15.28591633
0.543326394,15.28897858
0.5435686270000001,15.29186821
0.543831841,15.29314804
0.5440992880000001,15.29206848
0.544350223,15.29111385
0.544585781,15.29266834
0.544838624,15.29077339
0.545097606,15.29013348
0.54534264,15.29206467
0.5455983440000001,15.29135704
0.5458318750000001,15.28986168
0.546075956,15.29108906
0.546334164,15.29201984
0.5465889140000001,15.2939539
0.546842532,15.29544926
0.547087686,15.2950058
0.5473357010000001,15.29502392
0.547597663,15.29267025
0.5478336380000001,15.29147816
0.548090713,15.2894268
0.5483280580000001,15.29373837
0.548575,15.29503727
0.5488259950000001,15.29323006
0.54908921,15.29717636
0.549345748,15.29583359
0.5495907830000001,15.2960453
0.54984148,15.29541111
0.5500738780000001,15.29411507
0.550330953,15.29514503
0.5505851070000001,15.29974174
0.550849514,15.2997942
0.551104323,15.29935074
0.5513541860000001,15.29809761
0.55159481,15.29480743
0.551841812,15.29541206
0.552082018,15.29750538
0.5523600740000001,15.29851437
0.552606122,15.29907894
0.5528463290000001,15.29761982
0.5531004230000001,15.295331
0.5533254310000001,15.29336643
0.5535755920000001,15.29847622
0.553833978,15.30091763
0.5540822310000001,15.30085373
0.554357783,15.30154324
0.5545990630000001,15.29866505
0.554853396,15.30068684
0.555088,15.2967577
0.555324153,15.29766273
0.555586593,15.30156422
0.555840568,15.30222893
0.5560934710000001,15.30105495
0.5563416050000001,15.29998493
0.556577579,15.29883003
0.556831555,15.30235863
0.5570889870000001,15.30182171
0.5573471950000001,15.30407715
0.5576037930000001,15.30185795
0.5578542510000001,15.30384254
0.558097915,15.30060196
0.558353202,15.30000591
0.558597283,15.29924679
0.558837966,15.30395222
0.5590970080000001,15.30193043
0.559347467,15.30086422
0.559607641,15.30114651
0.559835867,15.29960537
0.560085611,15.29943466
0.5603296320000001,15.29888916
0.5605891510000001,15.30377579
0.560846226,15.30360126
0.561105983,15.30261898
0.561346428,15.30072403
0.561592953,15.30137444
0.561824159,15.30301952
0.5620871350000001,15.3023386
0.562344508,15.30192471
0.562591331,15.30228806
0.5628517430000001,15.3022356
0.563087778,15.30252361
0.563340978,15.30050373
0.563572423,15.30001068
0.563833372,15.30155087
0.5641028450000001,15.30275059
0.5643364350000001,15.3052578
0.564581589,15.30272865
0.564838724,15.30641556
0.565085308,15.30626106
0.565346734,15.30579376
0.565594987,15.30362129
0.565847592,15.30385303
0.566101925,15.30391598
0.5663479730000001,15.30535412
0.5665921730000001,15.3018074
0.5668394130000001,15.30368423
0.567076699,15.30199623
0.567324059,15.30443954
0.5675773780000001,15.30636692
0.567851977,15.30861378
0.568094031,15.30748177
0.5683458610000001,15.30771065
0.568598763,15.30481243
0.5688356920000001,15.3058815
0.56909378,15.3031435
0.569331483,15.30715847
0.56958683,15.30901432
0.5698447990000001,15.30855083
0.570094065,15.30645943
0.570351319,15.30551815
0.5705875920000001,15.30578041
0.570831553,15.30734634
0.5710781380000001,15.30452824
0.571329371,15.30830574
0.571600334,15.30832195
0.571846203,15.30736828
0.5720840260000001,15.30705166
0.572342829,15.30682087
0.572586374,15.30677223
0.572836892,15.30799389
0.573081986,15.3107748
0.573344068,15.31155014
0.573594944,15.30955505
0.573839442,15.30738354
0.574089841,15.30732059
0.574346737,15.30755424
0.574582414,15.30889893
0.57484086,15.3075304
0.575076954,15.30836391
0.575335221,15.3064785
0.5755926530000001,15.30734348
0.5758430520000001,15.30742168
0.576082007,15.30984879
0.576351242,15.30777073
0.5765829840000001,15.30901623
0.5768398210000001,15.31109047
0.577093439,15.30981255
0.5773400230000001,15.30783272
0.577569024,15.30831337
0.577837722,15.31254959
0.578098254,15.31273746
0.5783537790000001,15.31216621
0.5786054890000001,15.30923653
0.578848557,15.3074646
0.579093174,15.30649853
0.5793327850000001,15.30640411
0.579569058,15.30910015
0.57983704,15.3124218
0.580101685,15.3132515
0.580341534,15.31176758
0.580591099,15.30922508
0.580834822,15.31054306
0.581077115,15.30841541
0.581337885,15.31110764
0.581592576,15.31075191
0.5818490550000001,15.31229115
0.582101779,15.30972576
0.582354443,15.31118679
0.582586543,15.31387711
0.582856791,15.30951881
0.583098428,15.31049061
0.583333985,15.31200409
0.583592133,15.31242752
0.58385195,15.31280899
0.584087865,15.30740356
0.584334747,15.30792522
0.584581511,15.3086729
0.584848659,15.31111908
0.585093932,15.31182861
0.585351126,15.31403446
0.58559026,15.30925083
0.5858363670000001,15.31056976
0.5860817,15.30849075
0.586354153,15.31207943
0.5866086650000001,15.30973721
0.5868472020000001,15.31236362
0.58709486,15.31006145
0.587347583,15.30817032
0.587601618,15.30990314
0.5878284140000001,15.30859089
0.588081853,15.31014252
0.588337914,15.30998611
0.588593797,15.31122589
0.58884515,15.31583881
0.5890867280000001,15.31069088
0.589345471,15.31256294
0.589601056,15.31177807
0.5898486540000001,15.3106451
0.5901004240000001,15.31246853
0.5903485580000001,15.31243038
0.590604679,15.31126595
0.5908438730000001,15.30872154
0.591094808,15.30763531
0.591343359,15.30951691
0.591595726,15.31139278
0.591839211,15.31018734
0.592102723,15.31114101
0.592359321,15.3110323
0.5925878450000001,15.31030941
0.5928437870000001,15.3101244
0.593100862,15.31111622
0.59334989,15.31204319
0.593589918,15.308321
0.593858258,15.31321621
0.594106035,15.31068707
0.5943457050000001,15.30754662
0.594579296,15.30596924
0.594830827,15.3133564
0.5951043530000001,15.31393337
0.5953567790000001,15.31264973
0.595613377,15.30975246
0.595844523,15.30972481
0.596101002,15.30875206
0.596349613,15.31119156
0.5965994760000001,15.30839825
0.596844868,15.311656
0.5971068900000001,15.3098793
0.597358064,15.31083775
0.597601013,15.30736065
0.5978385970000001,15.30891514
0.598092393,15.30986214
0.598350958,15.31002522
0.598593609,15.31141281
0.598853068,15.30958462
0.599089341,15.30942345
0.599355535,15.30893135
0.5996143380000001,15.30794334
0.599851565,15.30811501
0.600090878,15.30698395
0.600354688,15.30740929
0.6005920330000001,15.30812454
0.600855009,15.30972385
0.6011058850000001,15.30626106
0.601343588,15.30728245
0.601594464,15.30811596
0.6018262670000001,15.30810738
0.6020793480000001,15.30880547
0.602343873,15.31157112
0.602612154,15.31168652
0.6028552220000001,15.31376266
0.603104846,15.30764484
0.603346424,15.31072426
0.603591756,15.30685329
0.603855149,15.31395435
0.6040956540000001,15.31318855
0.60436763,15.30868053
0.6045978230000001,15.30536747
0.604836659,15.30731678
0.605095641,15.30500507
0.6053322120000001,15.30503464
0.605569796,15.30909634
0.605841712,15.31107235
0.606102066,15.31003952
0.606353895,15.30989647
0.6065960690000001,15.30701637
0.606841044,15.30929089
0.607089118,15.30877972
0.607355253,15.30911732
0.607602136,15.30993748
0.607854263,15.31205654
0.608103649,15.30672073
0.608353333,15.30541229
0.608598964,15.30698395
0.60884978,15.3074379
0.609098272,15.30699825
0.6093361540000001,15.30476761
0.609595494,15.31030083
0.609822528,15.30744076
0.610116081,15.30774593
0.61033638,15.30664825
0.610597507,15.30780411
0.6108468340000001,15.30526161
0.611107783,15.30840302
0.6113544860000001,15.30702972
0.611588554,15.30562973
0.6118475360000001,15.3077774
0.612079875,15.30494595
0.612350838,15.30796242
0.612605707,15.30742645
0.6128589080000001,15.30665016
0.613111214,15.30753231
0.613356785,15.3073225
0.613606112,15.30562687
0.613854246,15.30358791
0.61409481,15.30292797
0.6143573680000001,15.30451012
0.614593284,15.30564022
0.6148477950000001,15.3051815
0.615102367,15.30391502
0.6153571170000001,15.30894566
0.615602152,15.30410957
0.615851657,15.3043108
0.616103248,15.30580521
0.616361098,15.30405045
0.6166082190000001,15.30220318
0.616843538,15.30314541
0.6170915530000001,15.30276108
0.617354111,15.3048172
0.6176098750000001,15.30241299
0.6178347630000001,15.30238914
0.618092851,15.30212021
0.618351714,15.30066299
0.6185989540000001,15.30138397
0.618844347,15.3033638
0.619100706,15.3008213
0.619355993,15.30123425
0.619585471,15.30118656
0.619855539,15.30142879
0.620098726,15.3024435
0.6203516880000001,15.30232143
0.620607392,15.30092621
0.6208524870000001,15.30147552
0.621102111,15.29848385
0.6213552520000001,15.29913425
0.6216148300000001,15.30197334
0.621853785,15.29916477
0.622085707,15.30039215
0.6223606030000001,15.30038261
0.6226018830000001,15.29717255
0.622839825,15.30099201
0.6230936810000001,15.30173874
0.623348848,15.3033514
0.623594002,15.3026762
0.6238517330000001,15.30094337
0.6240943240000001,15.30052948
0.624363737,15.30246639
0.624606685,15.30030155
0.6248576210000001,15.29844379
0.625108914,15.29838371
0.625356452,15.297925
0.62562211,15.29659843
0.625864641,15.29577827
0.626092689,15.29209709
0.626328842,15.29380703
0.626589374,15.29667759
0.6268360780000001,15.30183411
0.6270969670000001,15.30424213
0.6273590490000001,15.30197716
0.6276113550000001,15.2972641
0.6278601450000001,15.297575
0.628109054,15.29459095
0.628362076,15.2960434
0.6286188530000001,15.29344559
0.628853635,15.29491138
0.6290896100000001,15.2957449
0.629353182,15.29615116
0.629607694,15.29373455
0.629848198,15.29472733
0.6300952000000001,15.29421616
0.630332129,15.29808331
0.630608336,15.29670143
0.630863504,15.29596138
0.6311163470000001,15.29504776
0.6313518450000001,15.29076958
0.631615774,15.28994179
0.631859319,15.29123306
0.632100181,15.29057121
0.632348911,15.29340458
0.6325984760000001,15.29386997
0.6328329610000001,15.2928896
0.633093314,15.29336166
0.633335309,15.29430866
0.633589582,15.29555988
0.633868114,15.29853725
0.6341055790000001,15.295434
0.634353237,15.2938118
0.6346168680000001,15.29334259
0.6348685190000001,15.28942966
0.635106461,15.29169846
0.6353596610000001,15.28973675
0.635584609,15.29049873
0.6358436510000001,15.29336929
0.636105256,15.29092216
0.636345343,15.29335785
0.636602239,15.29025555
0.636864619,15.29060555
0.637103395,15.28779221
0.637342767,15.28918266
0.637601571,15.29155159
0.637866573,15.28959084
0.6381062430000001,15.28602982
0.638351218,15.28574467
0.638597922,15.28570652
0.6388438510000001,15.28891563
0.6390901370000001,15.28805256
0.639353768,15.29011726
0.6396104260000001,15.29001904
0.639846818,15.28892899
0.640100495,15.28598213
0.6403522060000001,15.28529835
0.6406147050000001,15.28477955
0.6408534210000001,15.28296375
0.641075747,15.28327179
0.641345636,15.28568363
0.641607778,15.28459167
0.641848878,15.28409576
0.642107324,15.28334522
0.642342584,15.28016949
0.6425915520000001,15.28218937
0.642844812,15.28256226
0.643078463,15.28425312
0.643347518,15.28567982
0.6435986920000001,15.28291988
0.6438390770000001,15.28093815
0.644068496,15.28168106
0.644343333,15.28526592
0.6446124480000001,15.28539467
0.644844667,15.28303146
0.645099418,15.280303
0.645347552,15.27966785
0.6455910370000001,15.27860069
0.645832912,15.28017616
0.646086053,15.28164673
0.646346764,15.28173828
0.646595494,15.28308105
0.6468578140000001,15.27927113
0.647084491,15.27400017
0.6473246380000001,15.27769375
0.647570388,15.27997494
0.647835629,15.2827549
0.648096101,15.2832737
0.648350732,15.28181362
0.648596959,15.27995396
0.648848431,15.27688026
0.6491013330000001,15.27866936
0.6493380830000001,15.27998257
0.649608747,15.278512
0.6498480600000001,15.27884007
0.6501101420000001,15.27505589
0.6503530310000001,15.27623558
0.6505930590000001,15.2747488
0.650842802,15.27409744
0.6510977910000001,15.27481842
0.651354627,15.27714539
0.651594059,15.27681923
0.65183057,15.27135277
0.652093009,15.2732439
0.652342693,15.27639294
0.652594702,15.27571106
0.652852432,15.27671146
0.653094546,15.27235603
0.65334578,15.27520943
0.653606431,15.26999855
0.653842227,15.27038765
0.654087023,15.27076721
0.654342191,15.27560616
0.654599444,15.27347088
0.6548422140000001,15.27283096
0.655114429,15.27444077
0.6553541580000001,15.27008724
0.655611948,15.26777458
0.6558630630000001,15.27115631
0.6560801430000001,15.26982594
0.656353728,15.27064514
0.656588928,15.26981163
0.65685697,15.26942825
0.6570998,15.26892567
0.657349245,15.2650938
0.657581763,15.26813221
0.657842235,15.27009964
0.658109085,15.27158356
0.658348755,15.27053452
0.65859677,15.2676115
0.658848958,15.2677269
0.659097092,15.26750469
0.659349756,15.26438427
0.659607546,15.2658453
0.6598364870000001,15.26384735
0.660104947,15.26698017
0.6603568360000001,15.26657486
0.660586731,15.26470947
0.660845177,15.26450729
0.661100702,15.26513672
0.661350803,15.26459503
0.6616112160000001,15.26194286
0.661862747,15.26291275
0.66209306,15.26352978
0.6623472730000001,15.26170349
0.6625985670000001,15.25969601
0.6628639860000001,15.25950623
0.6631131330000001,15.26224995
0.663364725,15.26106739
0.663615303,15.2578373
0.663841443,15.25911903
0.6640888610000001,15.26124668
0.664335505,15.26063251
0.6645848910000001,15.26191711
0.66484745,15.26054955
0.665105717,15.26217937
0.665353612,15.26024723
0.665608482,15.25673103
0.66585149,15.25834942
0.666106658,15.25954723
0.666372971,15.2576561
0.66659774,15.25691605
0.666856663,15.2564764
0.6671104,15.25421524
0.667361454,15.25492668
0.667615609,15.25203609
0.6678491990000001,15.25411224
0.6681005520000001,15.2537632
0.6683467790000001,15.25509548
0.6685916350000001,15.25732327
0.668856756,15.25750065
0.669114666,15.25387192
0.669349508,15.25423431
0.6696063440000001,15.2501688
0.669856982,15.2539959
0.6701178710000001,15.25444984
0.6703640980000001,15.25496006
0.670608716,15.25117207
0.67086287,15.25429153
0.671101884,15.24867535
0.6713414950000001,15.24930477
0.6716013120000001,15.25073719
0.6718468830000001,15.25072575
0.672111706,15.2526741
0.672370152,15.25359631
0.672618703,15.24733639
0.672869997,15.24917507
0.67310925,15.24754524
0.673355,15.24788189
0.673611419,15.24675179
0.6738457250000001,15.24709606
0.674110608,15.24792957
0.6743686360000001,15.25009727
0.6746028820000001,15.24658585
0.674870388,15.24610996
0.675113694,15.24495792
0.6753557490000001,15.24381256
0.675624506,15.24492168
0.6758560100000001,15.24607944
0.676118509,15.24325466
0.676362113,15.24199772
0.6766227650000001,15.24020863
0.67684652,15.24208069
0.67711188,15.24251556
0.6773650210000001,15.24350548
0.6776030230000001,15.24035454
0.677862839,15.24264526
0.6780991120000001,15.24427319
0.678358988,15.24187565
0.678594188,15.24051857
0.678850846,15.24169445
0.6791192460000001,15.24212837
0.679368274,15.24366188
0.679622249,15.24233627
0.679867522,15.24075127
0.6801135110000001,15.23767376
0.680367426,15.23942471
0.680616395,15.23426342
0.68084784,15.23769379
0.6811034840000001,15.23870754
0.681362109,15.23717594
0.681630032,15.24032307
0.6818636220000001,15.23440266
0.68210669,15.23693562
0.6823488040000001,15.23617554
0.682618813,15.23632336
0.682859914,15.23568058
0.683128731,15.23428726
0.683370487,15.2354002
0.683617072,15.23335838
0.683865742,15.23167515
0.6841134,15.23193264
0.68437113,15.23124123
0.6845851110000001,15.22910023
0.684857683,15.22999859
0.685107009,15.23203373
0.685370998,15.23257828
0.685606734,15.23319054
0.685876922,15.23088551
0.68610342,15.22819805
0.6863669920000001,15.22931957
0.686620788,15.22709751
0.686859564,15.2246027
0.687107102,15.2277298
0.687351481,15.22524643
0.687607245,15.22655296
0.687855677,15.22720146
0.688099401,15.22569084
0.6883476540000001,15.22582626
0.688616113,15.2279129
0.688873724,15.22763062
0.689105587,15.22420311
0.6893629,15.22416496
0.689608232,15.22272491
0.689871149,15.21973896
0.690113084,15.21944141
0.690361576,15.21996212
0.6906058350000001,15.22224617
0.6908604660000001,15.22244358
0.691111581,15.22259045
0.691368834,15.22034645
0.691610233,15.21712303
0.691866116,15.21665192
0.6921127,15.21612358
0.692360894,15.21575069
0.692618803,15.21868706
0.692858057,15.22028255
0.6931203770000001,15.21920681
0.693365054,15.21667004
0.693602697,15.21526909
0.693845467,15.21713829
0.694114522,15.21401691
0.694362955,15.21469975
0.6946011940000001,15.21459866
0.694856362,15.2149477
0.695126192,15.21487141
0.6953800480000001,15.21108913
0.695630567,15.20851135
0.6958578390000001,15.2075243
0.6960911320000001,15.20735073
0.6963632270000001,15.21341133
0.696621971,15.2096386
0.696866469,15.21119118
0.6970989870000001,15.20849705
0.697356121,15.20946026
0.6976212430000001,15.20791817
0.697878973,15.20696068
0.6981117290000001,15.20265865
0.698361055,15.20600224
0.698625342,15.20495701
0.698869364,15.202281
0.699097411,15.20161819
0.699352281,15.2030983
0.699603812,15.20476055
0.699863986,15.20560074
0.700129168,15.20419312
0.700367825,15.20100689
0.700609343,15.20129299
0.700860338,15.20162296
0.701108591,15.20084858
0.70135446,15.20220184
0.7016183300000001,15.19904804
0.7018593120000001,15.20136356
0.70210828,15.20272732
0.7023761430000001,15.20083523
0.702609734,15.19916344
0.702864484,15.19604111
0.7031176250000001,15.19752789
0.703357415,15.19557953
0.7036155030000001,15.19285583
0.7038468280000001,15.19547462
0.7041143940000001,15.19773865
0.704357223,15.19999123
0.7046094700000001,15.19713688
0.7048676770000001,15.19466496
0.7051220100000001,15.19359875
0.705358343,15.19279575
0.7056014700000001,15.19272232
0.7058495450000001,15.19635391
0.7061200900000001,15.19365788
0.706362323,15.19116211
0.706628518,15.18996716
0.7068678300000001,15.18896675
0.707108156,15.18501949
0.70735778,15.18750095
0.7075967950000001,15.19135857
0.707854406,15.1900835
0.708124535,15.1881094
0.7083704040000001,15.18689728
0.70860161,15.18516922
0.708851413,15.18388557
0.709119336,15.18819141
0.7093597220000001,15.18518162
0.709614233,15.18546391
0.709866898,15.18326855
0.710107224,15.18282795
0.7103560130000001,15.18289566
0.710605876,15.18461418
0.710882322,15.18028355
0.711126821,15.18230438
0.711369233,15.18067551
0.711613016,15.178298
0.7118585270000001,15.17993641
0.712121562,15.17314148
0.712331371,15.17691422
0.71259536,15.17805767
0.7128411100000001,15.17967796
0.713119225,15.17974567
0.7133756440000001,15.17880821
0.71360995,15.17569256
0.713861124,15.17266369
0.714107232,15.17383957
0.714367167,15.17527008
0.7146099370000001,15.17236042
0.71484919,15.17238235
0.715116398,15.17616558
0.715367453,15.17958832
0.715617613,15.17505932
0.715871231,15.17171097
0.7161121530000001,15.17062283
0.716346817,15.17198467
0.7166253490000001,15.1731596
0.716864542,15.17079735
0.717123823,15.17044067
0.7173688570000001,15.1690712
0.717604475,15.16831779
0.7178787750000001,15.16805172
0.7181182070000001,15.16241741
0.718346791,15.1631403
0.7186018390000001,15.16244602
0.71886255,15.16672325
0.719100313,15.16586494
0.719360666,15.16825962
0.719591634,15.16197491
0.719872908,15.16495514
0.720109479,15.16489029
0.7203801440000001,15.16715336
0.720623867,15.16237068
0.7208670540000001,15.16315174
0.721114592,15.16024017
0.72138329,15.15786648
0.72161092,15.15349674
0.721836822,15.15551376
0.722105698,15.15684032
0.722348051,15.16170788
0.7226157350000001,15.15964603
0.722884552,15.15925503
0.723118023,15.15469074
0.7233745020000001,15.1546545
0.7236191200000001,15.14975834
0.723862128,15.15101624
0.724106864,15.15260601
0.724371509,15.15286827
0.724628644,15.15047169
0.724860625,15.15054035
0.7251271770000001,15.1483345
0.7253639860000001,15.14952469
0.7256004380000001,15.14763546
0.725854532,15.14676666
0.7261185210000001,15.15010452
0.726372377,15.14941025
0.7266057300000001,15.14710236
0.7268682280000001,15.14586353
0.727124648,15.14345169
0.727355437,15.14373016
0.7276081600000001,15.14320374
0.727858142,15.14359379
0.72810872,15.14300919
0.728367524,15.14511395
0.728629009,15.14389706
0.728881733,15.14094448
0.7291076350000001,15.13959312
0.729359643,15.14032173
0.729610042,15.1392374
0.729873137,15.13790703
0.7301204960000001,15.13825607
0.7303750680000001,15.13862801
0.7306356,15.13473225
0.730868535,15.13308048
0.7310968200000001,15.13338757
0.73134865,15.13644791
0.731613295,15.13520241
0.731868939,15.13638401
0.732102708,15.13428974
0.7323684260000001,15.1349659
0.7326204940000001,15.13415241
0.7328673760000001,15.12968731
0.733118491,15.12729073
0.733353452,15.12984467
0.733627753,15.12891293
0.7338709990000001,15.12840939
0.734128372,15.12779999
0.734361426,15.12428474
0.7346080110000001,15.12643719
0.734860854,15.12384701
0.7350965300000001,15.12227917
0.735347108,15.12446976
0.735605673,15.12561035
0.7358678150000001,15.12907791
0.736123757,15.12513638
0.736374037,15.12281036
0.736630754,15.12147808
0.736852841,15.11811733
0.7371254730000001,15.1179657
0.737361149,15.11736584
0.737597363,15.11749077
0.7378677290000001,15.11811924
0.738113777,15.11819363
0.738357977,15.11752033
0.7386158270000001,15.11878109
0.7388697430000001,15.11486626
0.7391095320000001,15.11379337
0.7393634480000001,15.1141901
0.7396181980000001,15.1129055
0.739867048,15.11120701
0.740113036,15.1106329
0.740351753,15.11033916
0.7406256960000001,15.10865784
0.7408631010000001,15.10565186
0.7411053940000001,15.10507679
0.7413467930000001,15.10793972
0.741607682,15.10986042
0.741853611,15.10937214
0.74211152,15.10799408
0.7423630520000001,15.10969353
0.7426002780000001,15.10689449
0.7428577110000001,15.10515499
0.7430997060000001,15.10811234
0.743367271,15.1043148
0.743614153,15.10569954
0.743864135,15.10522938
0.7441190050000001,15.10067368
0.74436243,15.10187531
0.744608716,15.10103607
0.7448644200000001,15.10020924
0.745115535,15.10014915
0.745369868,15.10027981
0.745611267,15.09816456
0.745864348,15.09953022
0.746110873,15.09592915
0.746360974,15.09297085
0.746630625,15.09590816
0.7468444870000001,15.09517384
0.747087614,15.09491539
0.747356729,15.09784794
0.7476064130000001,15.09571171
0.747862236,15.09368038
0.748119788,15.09133053
0.748370544,15.09130287
0.7486233870000001,15.09039402
0.748861269,15.08936882
0.749112801,15.09069729
0.749365465,15.08572769
0.749595122,15.08481503
0.749834077,15.08614349
0.7501058140000001,15.08820343
0.7503556180000001,15.08624077
0.7506203220000001,15.0867281
0.750854628,15.08412647
0.751116888,15.08560562
0.751351671,15.0858736
0.751613037,15.08255959
0.751866118,15.07965851
0.752121942,15.07976627
0.75235428,15.07814693
0.7526133220000001,15.08001614
0.752867238,15.07705784
0.7531157890000001,15.07884216
0.753359513,15.07734585
0.7536208200000001,15.07453442
0.753852384,15.07344055
0.7541100540000001,15.0767107
0.754349308,15.07420921
0.754617886,15.07833958
0.7548840800000001,15.07234669
0.755123989,15.07093048
0.755348341,15.066432
0.7555961170000001,15.07102203
0.7558551,15.07273388
0.756119029,15.06949615
0.756378309,15.07137203
0.756611185,15.06718159
0.7568650410000001,15.06569767
0.75710179,15.06952286
0.7573500440000001,15.0661459
0.757608668,15.06534958
0.7578488750000001,15.06385612
0.758116321,15.0632906
0.7583655880000001,15.06377888
0.7586134240000001,15.06238365
0.758859472,15.06340218
0.759119348,15.06109619
0.75936474,15.05869102
0.759595887,15.0613184
0.759863631,15.06260014
0.760118739,15.06218147
0.760364727,15.05736732
0.760629014,15.05778217
0.7608738700000001,15.05539036
0.761121468,15.05249405
0.7613594690000001,15.04981995
0.7616046830000001,15.04789543
0.761858181,15.05425453
0.762102322,15.05235767
0.7623756690000001,15.05343151
0.76261224,15.05146885
0.7628739640000001,15.04953003
0.763114826,15.04638863
0.763374404,15.04319859
0.763613359,15.04376698
0.7638513610000001,15.04409122
0.764118568,15.04660797
0.764359073,15.04461956
0.76460083,15.04215813
0.764857487,15.04301071
0.7651077070000001,15.04199409
0.765362756,15.04367828
0.765616374,15.04288578
0.765869157,15.04319572
0.7661213440000001,15.04365063
0.766372399,15.03979301
0.7666381760000001,15.03958988
0.766869621,15.03388596
0.767109708,15.03407001
0.76736881,15.03520298
0.767604904,15.03566265
0.767862932,15.03427505
0.768116252,15.03807545
0.768373804,15.03413963
0.7686233680000001,15.03258705
0.7688669720000001,15.02971649
0.769116239,15.02985859
0.769357221,15.03180504
0.7696188850000001,15.03477001
0.7698666620000001,15.02974319
0.7701097290000001,15.02859974
0.770367519,15.02952671
0.770612733,15.02743721
0.770865576,15.0235405
0.771109001,15.02436161
0.771357493,15.02453423
0.7716177270000001,15.02754593
0.771878736,15.02324677
0.772118704,15.02134991
0.772377865,15.02013779
0.772619681,15.02155876
0.7728675770000001,15.01490498
0.773103551,15.01663494
0.773366408,15.01679134
0.773613231,15.01709366
0.773852901,15.01849365
0.774111585,15.01690292
0.774345712,15.01522255
0.7746057080000001,15.01822376
0.774872558,15.01521873
0.775119678,15.01487637
0.775379853,15.01011181
0.775623397,15.01348972
0.775856332,15.00776672
0.776097612,15.00884151
0.7763492630000001,15.00828743
0.7766013900000001,15.00914001
0.7768387360000001,15.00682735
0.777116971,15.01188183
0.777373628,15.01207638
0.777626888,15.00956631
0.777869598,15.00386047
0.778106288,15.00324917
0.7783591910000001,15.00292206
0.778595523,15.00606918
0.778868274,15.00667763
0.779136734,15.00511551
0.779370026,15.0017004
0.779634253,15.00101662
0.779870646,14.99540234
0.7801134150000001,14.99469662
0.780346171,14.99498367
0.7805987160000001,14.99834347
0.780849413,14.99704266
0.7811053560000001,14.99940872
0.781374113,15.00016499
0.7816338110000001,14.99413586
0.781871693,14.99192429
0.782129066,14.99056721
0.782372193,14.98841381
0.7826147840000001,14.98694706
0.7828593420000001,14.9863596
0.78311582,14.98782539
0.783359782,14.98607731
0.783605949,14.9862957
0.783852117,14.98625851
0.784108774,14.98551178
0.7843579810000001,14.98332691
0.784595267,14.98376846
0.784878509,14.98719788
0.7851281330000001,14.98229027
0.7853733460000001,14.98286438
0.785622673,14.97812176
0.785862462,14.97766304
0.786112802,14.97446251
0.786358671,14.978055
0.7866079970000001,14.97726631
0.786859827,14.97598362
0.7871214910000001,14.97744274
0.787357823,14.97418308
0.787608819,14.97393131
0.787868039,14.97172546
0.788122253,14.97393036
0.7883709830000001,14.96927261
0.788614468,14.97019768
0.7888657020000001,14.97053719
0.7891223,14.9704237
0.789354043,14.96731186
0.789614276,14.96779442
0.78985943,14.96620941
0.790116684,14.96848202
0.790360705,14.96540737
0.790613966,14.96915054
0.790884928,14.96466446
0.791111903,14.96391392
0.791368262,14.96250725
0.791614787,14.95731735
0.791867094,14.9597559
0.792108373,14.95876884
0.7923453020000001,14.95946503
0.7926045220000001,14.96031475
0.7928647560000001,14.95864868
0.7931002540000001,14.95820713
0.793361263,14.9562645
0.793615179,14.95402622
0.793874816,14.95320415
0.794105725,14.95626259
0.7943639920000001,14.95238781
0.794594841,14.9562254
0.794857876,14.9529047
0.795108871,14.95162582
0.795360999,14.94813156
0.795613126,14.94814968
0.79585983,14.94733047
0.7961088580000001,14.94843674
0.796362833,14.94648647
0.796611802,14.94261837
0.796865539,14.9455471
0.797106521,14.94024277
0.797362046,14.94130421
0.7976029680000001,14.93937016
0.7978634400000001,14.93937302
0.7981099650000001,14.93794823
0.798372881,14.93580246
0.798604981,14.93841457
0.798848168,14.93342876
0.799092726,14.93318558
0.799355225,14.93605137
0.799609439,14.93510246
0.799858944,14.93491936
0.8001075550000001,14.93523598
0.8003651660000001,14.93483925
0.8006003660000001,14.93032265
0.800855176,14.92984676
0.801101999,14.9294529
0.8013613390000001,14.92920685
0.8016146580000001,14.9312191
0.801866309,14.92743301
0.8021038340000001,14.92437553
0.802335696,14.9238472
0.802597777,14.92516327
0.802836792,14.92298603
0.8030938670000001,14.92308807
0.8033474850000001,14.92351151
0.8036025330000001,14.92148209
0.803860204,14.92007542
0.804103868,14.91766167
0.804357843,14.91930199
0.804605798,14.91713333
0.804862277,14.91755104
0.805101947,14.91500092
0.805349783,14.91562462
0.8056039380000001,14.91445732
0.8058530850000001,14.91194725
0.8061051530000001,14.91130352
0.806368904,14.90778828
0.806600885,14.90669537
0.806848721,14.91068459
0.8070945310000001,14.90894794
0.807356791,14.90936184
0.8075925270000001,14.90566444
0.807844059,14.90788651
0.8080959480000001,14.90564346
0.808352427,14.90487576
0.808622615,14.90404606
0.808862226,14.90222549
0.8091179890000001,14.89903831
0.80936666,14.89891911
0.809600667,14.89492702
0.809864239,14.89505768
0.810100512,14.89603615
0.810351865,14.89500237
0.8106101910000001,14.89428997
0.810847775,14.89668274
0.811105983,14.89416027
0.811379508,14.89299774
0.8116035620000001,14.8908329
0.811855392,14.88963318
0.812113242,14.89061832
0.81236823,14.88782692
0.8126093910000001,14.8896265
0.812867419,14.8869257
0.8131196660000001,14.88653946
0.813352124,14.88403416
0.81361063,14.88546371
0.813869135,14.8822813
0.814127283,14.88107395
0.8143695160000001,14.88101864
0.81462373,14.88056946
0.8148638770000001,14.87830734
0.8151101040000001,14.88088894
0.815356211,14.87806702
0.815613346,14.87809753
0.8158695260000001,14.87819004
0.8161273760000001,14.8757
0.8163671060000001,14.87359047
0.816624717,14.87205315
0.8168578310000001,14.8718071
0.8171112100000001,14.8710289
0.81737061,14.87143517
0.8176042600000001,14.87016678
0.817865626,14.86808491
0.8181051770000001,14.86627674
0.8183659480000001,14.86802864
0.818632798,14.86719608
0.818878965,14.86308289
0.819112794,14.86149693
0.819376544,14.86237621
0.8196047710000001,14.85872364
0.819871561,14.86151409
0.82010843,14.86071587
0.820357875,14.85917091
0.820618705,14.85882473
0.8208650510000001,14.85700989
0.821121411,14.85621262
0.821356968,14.85270309
0.8216172620000001,14.85437298
0.821868555,14.85619354
0.822129325,14.85183334
0.822354333,14.85059929
0.8226086060000001,14.84914112
0.8228603170000001,14.84885693
0.8231224580000001,14.84660053
0.8233543200000001,14.84738445
0.8236277270000001,14.84606647
0.823868947,14.84602833
0.8241173190000001,14.84611893
0.824370043,14.84288311
0.824613826,14.84177303
0.824853198,14.84078598
0.825102167,14.83893013
0.825369613,14.84089279
0.825612621,14.8424139
0.8258459730000001,14.84057999
0.826113061,14.83961582
0.826358931,14.83729076
0.8266198800000001,14.83654881
0.8268677160000001,14.83459282
0.827111499,14.83255291
0.827365832,14.83512402
0.827633576,14.83286476
0.8278700280000001,14.83263969
0.828122692,14.8299799
0.82838382,14.82620144
0.8286204500000001,14.82590008
0.828863279,14.82615948
0.829104917,14.82415009
0.82934858,14.82505035
0.8296100660000001,14.82518196
0.829872803,14.82430458
0.8301232620000001,14.82116318
0.830374138,14.81761074
0.830599622,14.81802559
0.830854671,14.82006454
0.8311139510000001,14.81910419
0.831363515,14.81577206
0.831620113,14.8156004
0.831872956,14.81630421
0.832126812,14.8149786
0.832354979,14.80916691
0.832614796,14.81072521
0.832854347,14.8121233
0.833105223,14.81133175
0.833357052,14.81140614
0.8336152,14.80931187
0.833875017,14.81074333
0.834129707,14.80818081
0.8343740860000001,14.80565834
0.834609465,14.80491829
0.834869639,14.80507088
0.8351182500000001,14.80162621
0.835375981,14.80320835
0.835617856,14.80154228
0.8358668250000001,14.79951477
0.836108284,14.79681492
0.836362974,14.79713917
0.8366260090000001,14.79677868
0.836868779,14.79552555
0.8371290130000001,14.7935133
0.8373645110000001,14.79264259
0.8376256390000001,14.79073334
0.8378719250000001,14.7902689
0.838111834,14.78623104
0.838345603,14.78848171
0.838607089,14.79060841
0.8388681570000001,14.78957081
0.839111821,14.78823185
0.839380519,14.78740692
0.839625732,14.78615665
0.839853482,14.78189564
0.840120749,14.78073311
0.840365188,14.77778244
0.8406012820000001,14.77851582
0.8408656280000001,14.78163242
0.841122107,14.77878857
0.841364161,14.77745914
0.841628687,14.77558517
0.841869967,14.77297497
0.842126982,14.77329063
0.842355327,14.76848602
0.8426115670000001,14.77148819
0.842852013,14.77042961
0.843107299,14.77156448
0.843370752,14.77141285
0.843621449,14.7670126
0.843867557,14.76577759
0.844113247,14.76626587
0.844374673,14.76280117
0.844630973,14.76278591
0.844862656,14.76120186
0.845117943,14.76079178
0.8453667330000001,14.7589407
0.8456129,14.75924397
0.845867769,14.75678921
0.8461162010000001,14.75896549
0.846355156,14.7562418
0.846620934,14.75659752
0.8468668030000001,14.75573349
0.847111599,14.75486279
0.847369151,14.75509167
0.847617344,14.75302315
0.8478596970000001,14.7491684
0.8481107520000001,14.75267696
0.848369138,14.74665928
0.848624365,14.7462759
0.848861651,14.74650955
0.84911652,14.74497318
0.849353687,14.74577904
0.849602417,14.74013042
0.8498543660000001,14.74200249
0.850112335,14.74370861
0.850371198,14.74324512
0.85062565,14.74167347
0.850876348,14.74090958
0.85112019,14.73678684
0.851374702,14.73542595
0.851612346,14.7327013
0.851847844,14.73052406
0.8520978260000001,14.73374557
0.852369861,14.73073196
0.852605001,14.72997379
0.852860288,14.73182106
0.853115336,14.72810555
0.853381173,14.72533035
0.853615479,14.72462177
0.8538766670000001,14.72159386
0.854120092,14.72039604
0.854361312,14.71814251
0.854601161,14.72105789
0.854858593,14.71888256
0.855101184,14.72101116
0.85535057,14.71953011
0.855603532,14.71685314
0.855842309,14.71644592
0.8561117810000001,14.71712399
0.856364266,14.71482372
0.856621103,14.7154789
0.856863455,14.71366024
0.8571267890000001,14.70894241
0.857375638,14.70829105
0.857607917,14.70838261
0.857836084,14.70613956
0.85812606,14.70807934
0.8583590550000001,14.70355606
0.858606355,14.70531654
0.8588726680000001,14.70264435
0.859106915,14.70198154
0.859351592,14.69973755
0.8596206470000001,14.70189476
0.859869258,14.69653511
0.8601039810000001,14.69624043
0.860366003,14.69849968
0.8606044220000001,14.69703197
0.860874907,14.69319534
0.861124949,14.69040775
0.861349837,14.68913555
0.8615945740000001,14.68928051
0.861843543,14.6911211
0.8621025840000001,14.69347191
0.8623707460000001,14.69273567
0.862613158,14.6888895
0.862871425,14.68702221
0.863110857,14.68282413
0.8633698980000001,14.6830492
0.8636028330000001,14.68020344
0.8638525770000001,14.6818924
0.8641179370000001,14.68369675
0.864362673,14.67999077
0.8645983500000001,14.67919922
0.864852087,14.67712975
0.8651014730000001,14.67784595
0.8653690380000001,14.67849636
0.865618603,14.67925167
0.865883307,14.67265511
0.866133229,14.66908455
0.8663577,14.66695309
0.8666114970000001,14.66739464
0.8668511080000001,14.66542339
0.867096321,14.66672611
0.86734678,14.66560078
0.8676018280000001,14.66592789
0.86785789,14.66757584
0.8681088250000001,14.6661272
0.868379609,14.66389942
0.8686087290000001,14.65993118
0.8688597250000001,14.65860844
0.8691092890000001,14.65640736
0.869356172,14.65858555
0.869619684,14.65518761
0.8698595920000001,14.65291405
0.8701142230000001,14.65081215
0.870356934,14.65200615
0.8706082270000001,14.64929581
0.870841281,14.64918995
0.871099429,14.64919376
0.8713547150000001,14.65078354
0.871618764,14.649786
0.871866958,14.64590168
0.8721231380000001,14.64429379
0.8723673390000001,14.64371014
0.872610049,14.64122581
0.872866766,14.64081573
0.8731140660000001,14.63902664
0.873355226,14.64142513
0.8736205260000001,14.64326668
0.873860375,14.63739872
0.8741311,14.6358366
0.874373273,14.63496304
0.874615805,14.62947559
0.874863224,14.62902451
0.875108795,14.62944603
0.875361936,14.63184071
0.87561907,14.63152218
0.875868039,14.6257515
0.8761260670000001,14.62456608
0.876352148,14.62158585
0.87660499,14.6239748
0.8768530050000001,14.62302494
0.877107458,14.62531853
0.877379016,14.62431622
0.8776127260000001,14.62310886
0.877861576,14.61686611
0.878106312,14.61732388
0.8783630290000001,14.61695766
0.8786170640000001,14.61607456
0.8788689540000001,14.61361313
0.879126803,14.61154842
0.879364507,14.61399364
0.879605548,14.61241913
0.8798740070000001,14.61057663
0.880127387,14.60929966
0.880374686,14.60828114
0.8806142370000001,14.60669136
0.8808642790000001,14.60705566
0.8811173600000001,14.60607147
0.8813687130000001,14.60480595
0.88161941,14.60101604
0.8818715970000001,14.60084152
0.882124321,14.59637642
0.882357316,14.59792995
0.8826033040000001,14.59845734
0.882866339,14.59552097
0.883119003,14.59920692
0.8833818,14.59815025
0.8836196230000001,14.59264088
0.8838586970000001,14.59028721
0.8841046260000001,14.59167957
0.88437231,14.58823776
0.884611802,14.58741856
0.8848672670000001,14.5880003
0.8851166530000001,14.59027958
0.885384159,14.58541298
0.885619716,14.58164883
0.885860996,14.58129692
0.8861135410000001,14.58055019
0.8863578000000001,14.57775307
0.886611657,14.58264637
0.886878566,14.57881069
0.8871169250000001,14.57782173
0.887368695,14.57727337
0.88761522,14.57125664
0.887867229,14.57309055
0.8881182830000001,14.57197666
0.888357775,14.5712595
0.888622896,14.56906319
0.8888700770000001,14.57146645
0.889113502,14.57047367
0.889364378,14.56460285
0.8896253270000001,14.56273079
0.889856474,14.56172085
0.89012386,14.56206322
0.8903668680000001,14.55951595
0.890609161,14.55973816
0.890861647,14.56088924
0.891107337,14.56010914
0.891364173,14.55589485
0.8916228580000001,14.55528259
0.8918551960000001,14.55566216
0.892114179,14.55607796
0.8923676770000001,14.55348015
0.8926294610000001,14.55092525
0.892865793,14.54622841
0.893103973,14.54896641
0.893359797,14.54723835
0.8936110300000001,14.54509735
0.893869118,14.54374886
0.8941148090000001,14.54253197
0.894363896,14.54182434
0.8946176330000001,14.54138851
0.894868569,14.53835297
0.895121889,14.54122734
0.8953634070000001,14.53611851
0.8956105280000001,14.53499699
0.8958639660000001,14.53548527
0.896117107,14.53330898
0.896359341,14.5331459
0.896601693,14.53151131
0.896860914,14.5322361
0.897115187,14.52777386
0.8973525920000001,14.52781868
0.897612111,14.52820683
0.897857801,14.52450943
0.898125069,14.5259819
0.8983584210000001,14.52325058
0.8986140650000001,14.52262592
0.898864703,14.52112007
0.89912744,14.51868439
0.8993678850000001,14.51678944
0.8995959920000001,14.51428223
0.899855928,14.51382446
0.900101141,14.51648617
0.9003570240000001,14.51711178
0.9006174370000001,14.51513958
0.900872604,14.51148319
0.901115195,14.50875759
0.9013639250000001,14.5087328
0.901604311,14.50723076
0.901862995,14.50841522
0.902127819,14.50680065
0.902358787,14.50310326
0.902615861,14.50172329
0.902859525,14.49812031
0.903112368,14.49703121
0.903347866,14.49714279
0.903612213,14.49921513
0.903865354,14.49599934
0.904106156,14.49693871
0.9043618010000001,14.49579906
0.904622154,14.49334145
0.9048737450000001,14.49009323
0.905116932,14.48638821
0.9053593440000001,14.48746586
0.9055952,14.48874092
0.905854539,14.48932171
0.9061187070000001,14.48752594
0.906364099,14.48298168
0.906605677,14.48394489
0.9068588780000001,14.48104477
0.907106595,14.48162651
0.907376902,14.48127842
0.907626049,14.4780159
0.9078755540000001,14.47739887
0.9081227940000001,14.47478867
0.908360319,14.47434807
0.90861346,14.47402
0.908862488,14.47071648
0.909103827,14.47311401
0.9093586370000001,14.4735136
0.9096194670000001,14.47006893
0.9098812500000001,14.46904278
0.910125689,14.46283054
0.910366313,14.46601486
0.910621898,14.45953465
0.910845177,14.45867729
0.9111045170000001,14.46169567
0.9113546180000001,14.45954895
0.911629157,14.46051884
0.911863701,14.45736504
0.912121729,14.45752907
0.912351207,14.4543438
0.912608878,14.45440006
0.9128668470000001,14.45319843
0.913117187,14.44953537
0.9133460090000001,14.45073032
0.913604156,14.45170784
0.9138689200000001,14.44807816
0.9141138360000001,14.45017529
0.914362566,14.44532681
0.914617733,14.44096279
0.91487755,14.44235802
0.9151145980000001,14.441432
0.9153500360000001,14.44010448
0.9156215950000001,14.44049168
0.915864961,14.43793583
0.9161204860000001,14.43392181
0.9163780370000001,14.43514061
0.9166080520000001,14.43113041
0.916857676,14.43103218
0.917094545,14.42979813
0.9173641960000001,14.43558121
0.917608575,14.43373966
0.9178660080000001,14.43270016
0.918127076,14.42438793
0.9183668660000001,14.42412758
0.918611006,14.42329884
0.918868796,14.42358494
0.9191177650000001,14.42280483
0.919364826,14.42220306
0.919621543,14.41713619
0.919862167,14.41650867
0.920105414,14.41393089
0.9203611770000001,14.41480827
0.920622425,14.41491699
0.920862512,14.41389465
0.9211202430000001,14.41238117
0.921373443,14.41094398
0.9216084640000001,14.40981388
0.921853916,14.40709496
0.922114508,14.40380192
0.922360913,14.40134144
0.9226130410000001,14.40261936
0.922858195,14.40262127
0.9231245680000001,14.39976597
0.923376219,14.39832783
0.9236281080000001,14.39674377
0.923870341,14.39585686
0.924103157,14.39419079
0.924353914,14.39177513
0.924604551,14.3937788
0.9248532810000001,14.39475727
0.9251066010000001,14.3907299
0.925364213,14.39074135
0.92562999,14.3884058
0.92586513,14.38304615
0.92610778,14.38032532
0.926349716,14.38426495
0.926606075,14.38516998
0.9268548050000001,14.383111
0.9271145630000001,14.38117886
0.927364425,14.38084888
0.927622394,14.37666321
0.927859561,14.37567902
0.928116755,14.37411976
0.9283592860000001,14.37123871
0.9286158250000001,14.3716917
0.9288571640000001,14.37072945
0.929091112,14.36792278
0.9293523,14.36926937
0.929595248,14.36865807
0.929860012,14.36636734
0.930103735,14.36729813
0.930359559,14.36381912
0.930594997,14.3652668
0.9308595820000001,14.36556244
0.931104259,14.36389542
0.931366341,14.35921001
0.931618468,14.35619545
0.931851105,14.35095978
0.932125942,14.35228634
0.932359473,14.35103035
0.932621138,14.35161495
0.932866411,14.34748459
0.933108465,14.34553242
0.9333415190000001,14.3428278
0.933590428,14.34159374
0.933839576,14.34541035
0.93411036,14.3458786
0.9343477050000001,14.3445816
0.934598402,14.34072971
0.934850888,14.34191036
0.935117559,14.33720875
0.935356395,14.33722782
0.9356079260000001,14.33595467
0.9358574310000001,14.33284187
0.936110274,14.33416653
0.9363543550000001,14.33258915
0.936607317,14.3298769
0.936854438,14.32742786
0.937118546,14.32467461
0.937349753,14.32741928
0.937615351,14.32718658
0.9378510280000001,14.3270607
0.938124256,14.32749748
0.938343601,14.32121086
0.938612656,14.31932068
0.938846783,14.31639671
0.9391086860000001,14.31889057
0.9393724370000001,14.31800556
0.939601318,14.31720448
0.939868943,14.31680107
0.940108315,14.30937481
0.940356867,14.31223774
0.940610067,14.31078053
0.940851228,14.30789757
0.9411062760000001,14.30857849
0.941379563,14.30957413
0.941611843,14.30535412
0.941872315,14.30860424
0.942101018,14.30408764
0.942365961,14.30205345
0.942616777,14.29919815
0.942866461,14.29689598
0.943110065,14.295084
0.943352894,14.2969017
0.943614678,14.2948904
0.94385703,14.29367924
0.9441233440000001,14.29149532
0.9443440000000001,14.29056358
0.944624083,14.28761101
0.9448458120000001,14.28556633
0.9451082510000001,14.28566265
0.945351676,14.28630924
0.945607082,14.28496361
0.945866124,14.279109
0.9461083570000001,14.2788763
0.946360247,14.28247833
0.9466010490000001,14.27932262
0.946846382,14.27638054
0.9471097150000001,14.27468777
0.947358922,14.2790966
0.947619216,14.27495289
0.94786437,14.27276134
0.9481192390000001,14.2707119
0.948352949,14.26727295
0.948594944,14.26887035
0.94884433,14.26770592
0.9491088550000001,14.26838398
0.949361758,14.26598454
0.9496356410000001,14.262393
0.9498627350000001,14.2588377
0.9501025240000001,14.2577219
0.9503596590000001,14.25703716
0.9505968850000001,14.25612831
0.9508511590000001,14.25810623
0.951107161,14.25423908
0.951356129,14.25638485
0.951614038,14.25127506
0.9518654510000001,14.2519455
0.952113585,14.24837112
0.9523706000000001,14.24911976
0.9526139060000001,14.24517632
0.952865676,14.244771
0.9531101750000001,14.2401495
0.9533634350000001,14.24053288
0.953603761,14.23835182
0.953848617,14.23704338
0.954099314,14.23685074
0.9543544220000001,14.23984241
0.954613583,14.2388649
0.954863863,14.23397541
0.955112116,14.23007679
0.955363886,14.23090172
0.9556030200000001,14.22711372
0.955881314,14.23054314
0.956117944,14.22918129
0.956373052,14.22530174
0.956619756,14.21958256
0.9568630020000001,14.22065449
0.95710154,14.21962547
0.9573498530000001,14.22130489
0.957611815,14.21933937
0.9578494000000001,14.21931553
0.958104269,14.22077084
0.958376185,14.21746445
0.958616809,14.21311855
0.9588663740000001,14.21437454
0.959129946,14.20983982
0.959370033,14.20620251
0.959602909,14.20522976
0.959864811,14.20539665
0.9601273100000001,14.20616913
0.960364894,14.20342255
0.960625665,14.20270538
0.960870223,14.19859982
0.961103754,14.19402122
0.9613540930000001,14.19454861
0.9615990090000001,14.19547176
0.9618618050000001,14.19948387
0.962112264,14.19479847
0.96237065,14.19687939
0.962623612,14.192523
0.962877886,14.1894455
0.963110106,14.18344498
0.963363842,14.18617725
0.963605539,14.18583298
0.963865535,14.18724251
0.9641311330000001,14.1844244
0.964370148,14.18107986
0.964611368,14.17937088
0.9648645090000001,14.17886257
0.9651165770000001,14.17746067
0.965365366,14.1753521
0.965621607,14.17600918
0.965857343,14.1754837
0.96612622,14.17275047
0.9663794800000001,14.16996288
0.96662219,14.16598415
0.9668738410000001,14.16374588
0.96711214,14.16008854
0.967359559,14.16142654
0.967608766,14.16396046
0.967867331,14.16432095
0.968113141,14.16015339
0.9683618110000001,14.15903473
0.968601362,14.15752983
0.9688687490000001,14.15794849
0.96911736,14.15774822
0.969380216,14.15343571
0.969617681,14.15091419
0.9698747560000001,14.1536026
0.9701231880000001,14.14560127
0.970377938,14.14920807
0.9706256550000001,14.14675426
0.9708661000000001,14.14101791
0.971128599,14.14279938
0.971348063,14.14123058
0.971615152,14.14164829
0.971884684,14.1406498
0.9721172020000001,14.13924313
0.972375946,14.13621521
0.9726259270000001,14.13422108
0.972878174,14.12806129
0.973119037,14.12805939
0.97336878,14.12739944
0.973609821,14.12605572
0.973872737,14.1270647
0.97411658,14.12509537
0.974372761,14.12855434
0.9746179150000001,14.12147522
0.974852936,14.12205696
0.9751161500000001,14.12025452
0.9753568330000001,14.12133503
0.9756293460000001,14.11972427
0.9758736060000001,14.11601353
0.976138846,14.11562443
0.9763819140000001,14.11364365
0.976617174,14.10831451
0.9768503470000001,14.11001587
0.977116363,14.10957432
0.9773556750000001,14.1072073
0.9776031540000001,14.10646248
0.977872924,14.1079464
0.978121655,14.10371304
0.97837867,14.10187149
0.9786278770000001,14.09916878
0.978879766,14.09737778
0.9791109130000001,14.09248638
0.9793756170000001,14.09704781
0.9796185660000001,14.09384823
0.9798771900000001,14.09273911
0.9801204960000001,14.09052944
0.980355517,14.08966637
0.980600075,14.08848381
0.9808606670000001,14.08943558
0.981101946,14.08708668
0.981373326,14.08855438
0.981631653,14.08682251
0.981880383,14.08245564
0.98213561,14.07932663
0.982375161,14.07849884
0.9826110760000001,14.07214928
0.9828588530000001,14.0737772
0.983107583,14.07289886
0.983372824,14.07290554
0.983608679,14.07259369
0.983887093,14.07357025
0.9841275380000001,14.07038116
0.984358088,14.06459141
0.9846083680000001,14.06380367
0.9848619270000001,14.06269455
0.9850923580000001,14.06186581
0.985361711,14.0656004
0.985622065,14.06268024
0.985880808,14.06097794
0.986141638,14.05864906
0.986391859,14.05401421
0.986608343,14.05001736
0.9868595760000001,14.05033875
0.987099366,14.05240536
0.987385587,14.05369473
0.9876241250000001,14.04939556
0.987871067,14.04967403
0.98814203,14.04712105
0.988363699,14.04396343
0.988626616,14.041255
0.988863365,14.04058647
0.989128427,14.03804779
0.9893557000000001,14.03666973
0.9896109860000001,14.03911304
0.9898701470000001,14.03957653
0.990122633,14.03562832
0.9903723160000001,14.03251266
0.990632729,14.02933884
0.990862624,14.03001881
0.991117196,14.02666283
0.9913668790000001,14.02505779
0.9915997550000001,14.02410603
0.991867797,14.02635002
0.9921223680000001,14.02494526
0.9923572110000001,14.02120781
0.992611067,14.01883888
0.9928567570000001,14.01807022
0.9931230710000001,14.01914024
0.993387537,14.01948833
0.9936233320000001,14.0131216
0.993870394,14.01300049
0.994119422,14.01029587
0.9943762580000001,14.00958633
0.994613366,14.00726891
0.994872646,14.00843239
0.995115594,14.00677395
0.995364742,14.00603199
0.9956192540000001,14.00423908
0.995872097,14.00171661
0.996120529,14.00120068
0.99638863,13.99888611
0.996618585,13.99492645
0.996863381,13.99325657
0.997108893,13.99107075
0.997377531,13.99337959
0.997610526,13.99139118
0.997871952,13.98910809
0.998115496,13.98627567
0.998370604,13.98765945
0.998611347,13.98517132
0.998860435,13.98204708
0.99912353,13.98164272
0.9993691610000001,13.97985458
0.9996244470000001,13.98124504
0.999860422,13.97869873
1.0001176159999998,13.97817802
1.0003600879999999,13.96374989
1.0005373519999998,13.94736481
1.000654773,13.92385578
1.000713067,13.89071083
1.0006868409999998,13.84250069
1.000600295,13.79737282
1.00053318,13.75754166
1.00045474,13.72604561
1.00040205,13.69857788
1.000346736,13.67883873
1.000305609,13.65911198
1.0002849859999998,13.64793682
1.000269489,13.63583279
1.0002641239999999,13.62904549
1.000242667,13.61772346
1.000246481,13.60966969
1.0002196589999999,13.60342979
1.0002219239999999,13.59806538
1.0002190629999999,13.58988857
1.000214653,13.58744335
1.000226335,13.58264446
1.0002032079999998,13.57702255
1.000199036,13.5725708
1.0001986779999998,13.57046509
1.000192956,13.56509876
1.00021203,13.56725788
1.0002083339999999,13.5631218
1.0002085729999999,13.55548668
1.000197129,13.55311489
1.000203089,13.55375385
1.0001933139999999,13.54830551
1.000191288,13.54462147
1.0001921219999999,13.54347706
1.000179843,13.54271221
1.000195341,13.54177856
1.0001810359999999,13.53762627
1.000177817,13.5337429
1.000199871,13.53394699
1.000208692,13.53084946
1.000203924,13.53000355
1.0002022549999998,13.52887726
1.000185565,13.52155304
1.0001807969999998,13.52066994
1.0001847309999998,13.51736259
1.000192956,13.514534
1.000184016,13.51310635
1.000184969,13.50989628
1.000186042,13.50774288
1.000184016,13.51009846
1.0002427859999998,13.53138828
1.0003695049999999,13.58047771
1.000582532,13.65026093
1.000861005,13.72196579
1.001143412,13.79295349
1.001461343,13.86094379
1.0018186139999998,13.91357517
1.0021769569999999,13.95441055
1.0025847719999998,13.97392464
1.0029373929999998,13.97939396
1.003274517,13.97466087
1.003558354,13.96782589
1.003821449,13.95384598
1.004055457,13.94376469
1.004248099,13.93974018
1.004490213,13.93908501
1.0047169489999999,13.93987083
1.004953818,13.93875599
1.00522037,13.94352531
1.005447225,13.94411659
1.0057067439999998,13.94447899
1.005989389,13.94943714
1.006255226,13.94061852
1.0064881609999998,13.94327068
1.0067388579999998,13.93804073
1.0070013569999998,13.93440533
1.007224636,13.9356041
1.007490592,13.93423843
1.007738428,13.93288708
1.008002476,13.93398285
1.0082456629999998,13.92914963
1.008476929,13.92565823
1.0087399049999999,13.92787361
1.0089842839999998,13.92365837
1.0092343849999998,13.92029381
1.009493784,13.91727543
1.009755449,13.92105103
1.010002689,13.91950035
1.0102366969999999,13.91578579
1.010474281,13.91633892
1.0107334419999998,13.91183758
1.011000113,13.91268635
1.011236982,13.91074562
1.0114874409999999,13.90907669
1.011754708,13.90716362
1.011994795,13.90588093
1.0122369089999999,13.90171337
1.012491898,13.90110683
1.0127418799999999,13.89903831
1.0129862589999998,13.89836216
1.013231115,13.89777279
1.013481454,13.89777851
1.0137322709999999,13.8966465
1.013995604,13.89747429
1.014243321,13.89243793
1.014491276,13.89009953
1.0147287409999999,13.8886261
1.014985995,13.88782692
1.015229778,13.88594723
1.015490727,13.88461781
1.0157355829999999,13.883708
1.015998201,13.88476086
1.016226606,13.88281822
1.016475753,13.88224506
1.016746239,13.87828922
1.017004804,13.87268925
1.0172431039999998,13.87115383
1.017489151,13.87033272
1.0177413979999999,13.87260437
1.0179909029999998,13.8714571
1.018233256,13.86960411
1.018479542,13.86548519
1.018742995,13.86693859
1.0189917849999999,13.86583519
1.0192435549999999,13.86197948
1.019489364,13.85813522
1.019733386,13.85910892
1.019989566,13.85829163
1.0202447929999998,13.85945511
1.020505981,13.8541832
1.020737128,13.85188198
1.020982699,13.85045528
1.0212360189999998,13.84962845
1.021478133,13.84972477
1.021745758,13.84801197
1.021996097,13.84534168
1.022248821,13.84641552
1.022481517,13.84121704
1.022750334,13.84111595
1.0229869649999999,13.83704948
1.0232438609999999,13.83474922
1.023489074,13.83302498
1.0237454929999998,13.83572292
1.023990826,13.83351135
1.024240927,13.83122826
1.0244853059999999,13.8288765
1.024755315,13.82705784
1.0249877729999999,13.82452679
1.0252344169999998,13.82358265
1.025485234,13.82593346
1.0257422489999999,13.82317829
1.025994138,13.82063389
1.0262577099999999,13.81628609
1.026514248,13.81700516
1.0267291829999998,13.81153488
1.026981668,13.81152534
1.027240233,13.81107044
1.0274778169999998,13.81134796
1.027734236,13.81098366
1.027997689,13.8090744
1.0282485049999999,13.80776882
1.028493838,13.80417252
1.0287341639999998,13.80339432
1.028982834,13.79993153
1.029227452,13.79820156
1.029488878,13.79905891
1.0297296809999998,13.80072117
1.029996471,13.79911041
1.030247287,13.79878902
1.030509905,13.79459763
1.030754523,13.78728867
1.030987935,13.78526497
1.031238632,13.7882185
1.031490163,13.78487587
1.031730966,13.78573036
1.03198214,13.78197384
1.0322501229999999,13.78313065
1.032507138,13.78102303
1.032737212,13.77738571
1.032979087,13.77330399
1.0332357449999998,13.77481842
1.033474998,13.77327919
1.033728199,13.77179432
1.033987598,13.77022552
1.0342375799999999,13.77146721
1.034488992,13.7664938
1.034743027,13.76721668
1.034991936,13.7610693
1.035244541,13.76264095
1.0354899929999999,13.7583065
1.035745935,13.76028347
1.0359904329999998,13.75546074
1.036241488,13.75619602
1.0364867009999998,13.75197983
1.036725478,13.75106621
1.036980705,13.75320053
1.037239866,13.75039387
1.0374812649999998,13.7516222
1.037729935,13.75031662
1.037983851,13.7464962
1.03824933,13.7460022
1.038491563,13.74180508
1.038753705,13.73997593
1.03898652,13.73747063
1.039226965,13.73648739
1.0394709869999998,13.73571014
1.039723711,13.7358036
1.0399926469999998,13.73719692
1.040259318,13.73406601
1.040486769,13.73140621
1.040741519,13.72673321
1.04097958,13.72498035
1.0412402909999998,13.72650719
1.041477756,13.72643661
1.041740613,13.7247467
1.041989283,13.72415829
1.042245941,13.72127438
1.042492942,13.71727562
1.042745428,13.7150383
1.0429725209999998,13.71368122
1.0432331129999999,13.71377182
1.043478326,13.71219444
1.0437360569999998,13.71180534
1.043997125,13.71473217
1.0442615309999999,13.70595837
1.044507222,13.70397854
1.044740514,13.6983366
1.0449732109999998,13.69869709
1.045229988,13.69872379
1.0454853339999999,13.69900417
1.045736389,13.7001009
1.045997457,13.69766235
1.046232061,13.69654465
1.046494798,13.69116497
1.0467404889999998,13.69321728
1.046982841,13.68870544
1.047228651,13.68998623
1.047490673,13.68760681
1.047738509,13.68882942
1.047995047,13.68648911
1.048248963,13.68180847
1.048493938,13.68065643
1.048755841,13.67637539
1.048977689,13.67542934
1.0492369689999999,13.67270279
1.049471573,13.66968441
1.0497244159999999,13.67373371
1.049984531,13.67292881
1.050252394,13.66954803
1.050484375,13.66481686
1.050739007,13.66607285
1.050981001,13.66274261
1.051231222,13.66230774
1.051474766,13.66190529
1.051739649,13.6599369
1.052005009,13.65893269
1.052231149,13.6544838
1.052492218,13.65484047
1.052730994,13.65370655
1.0529828829999999,13.65161514
1.0532301229999999,13.65044022
1.053466753,13.65228748
1.053743557,13.65058422
1.054001169,13.64880753
1.054254369,13.64442444
1.054504232,13.64038754
1.054733352,13.63890934
1.0549886979999998,13.63434887
1.055230097,13.63757229
1.055494861,13.63676453
1.055755453,13.63643169
1.055990176,13.63147736
1.0562314549999998,13.62893963
1.056474642,13.6261692
1.05673285,13.62665653
1.056975679,13.62753773
1.0572238729999999,13.62657356
1.057485179,13.62556267
1.0577467249999999,13.62335014
1.0580024289999999,13.62304115
1.058245973,13.6182518
1.058487849,13.61510754
1.058736996,13.61425686
1.0589701699999998,13.61433411
1.059235529,13.61391068
1.0594871799999999,13.61415386
1.059746818,13.61089706
1.059986071,13.60728741
1.0602377219999999,13.60650826
1.060483531,13.60451603
1.060748891,13.60265255
1.0609789649999999,13.59841537
1.0612437289999999,13.59871483
1.061491088,13.59827423
1.0617433349999998,13.59409142
1.061985569,13.59427834
1.062243657,13.59153938
1.062467651,13.59135151
1.062738614,13.59083748
1.06299539,13.58553028
1.063228445,13.5848465
1.0634817639999998,13.58285141
1.0637287659999999,13.58765984
1.0639884039999998,13.58211136
1.064228491,13.58089828
1.064489321,13.57778931
1.0647444289999999,13.57463169
1.064979629,13.57546425
1.065227942,13.57373238
1.065493063,13.57386971
1.065747098,13.57369995
1.0659993449999998,13.57061291
1.066246109,13.56535244
1.066480712,13.56202126
1.066722826,13.56041241
1.0669898549999999,13.56536007
1.067241983,13.56133556
1.067488985,13.55886555
1.0677357479999998,13.55875683
1.068001823,13.5574789
1.068253116,13.55432892
1.0684934419999998,13.54743576
1.068746881,13.54951763
1.0689789809999999,13.54665852
1.069245533,13.54829597
1.069491701,13.54753017
1.069746689,13.5467205
1.069997863,13.5423193
1.070249753,13.53994656
1.070479826,13.53675747
1.070723729,13.5381012
1.0710067319999999,13.53752041
1.071242051,13.53490067
1.07149692,13.53317261
1.071751432,13.53535461
1.0720046319999998,13.52941513
1.072244362,13.52801418
1.0724843309999998,13.52325153
1.0727409879999998,13.52389622
1.0729958579999999,13.52436829
1.073233203,13.52070808
1.073486523,13.52116776
1.073742823,13.52022076
1.073986725,13.51466274
1.07424839,13.51510429
1.074483351,13.51200104
1.074734406,13.51117516
1.0749815269999998,13.50981045
1.075236516,13.50973892
1.075489954,13.5075407
1.075755195,13.50872993
1.076008873,13.50279236
1.0762530129999999,13.49805737
1.0764908359999998,13.49771309
1.076724128,13.49502945
1.076975898,13.49569225
1.07722433,13.49738979
1.077491121,13.49771595
1.077732162,13.49487972
1.07798572,13.49320412
1.078227238,13.49064541
1.078488903,13.4890089
1.0787385269999998,13.48812962
1.0789997139999998,13.48158741
1.0792399209999999,13.48400688
1.0794882339999998,13.47835732
1.0797395269999999,13.47667503
1.079982118,13.47515392
1.080226974,13.47573948
1.08047779,13.47402382
1.080733137,13.47342491
1.0809831189999999,13.47331238
1.0812443059999999,13.47091961
1.081489639,13.46886253
1.081741409,13.47035217
1.081993775,13.46414948
1.082237081,13.4643507
1.082495408,13.45877838
1.082750396,13.4588232
1.0829928679999998,13.45620918
1.08323975,13.45580006
1.083480196,13.45432949
1.0837493699999998,13.45263004
1.084001021,13.44937038
1.084232406,13.447855
1.08448668,13.4478035
1.0847471519999998,13.44507885
1.08498557,13.44436359
1.085237579,13.44283009
1.085497932,13.44025612
1.085733251,13.43876266
1.0859837099999998,13.43831444
1.086239771,13.4362421
1.0864756869999999,13.43114948
1.0867453379999998,13.43205738
1.0870014,13.43041229
1.0872344539999999,13.42993069
1.08749576,13.42967319
1.087752418,13.42572212
1.087986784,13.42339897
1.088238434,13.4213562
1.088484005,13.42284393
1.088728623,13.41925812
1.088971095,13.41896248
1.089238481,13.41818047
1.089500741,13.4186182
1.089755015,13.4129324
1.089990334,13.40834713
1.090234951,13.40977192
1.0904932779999998,13.40680981
1.09075387,13.40405273
1.090991692,13.40116692
1.091238336,13.39986038
1.0914897479999999,13.39540482
1.091732816,13.3985939
1.091989474,13.39747429
1.0922277729999998,13.39439678
1.092489914,13.39474869
1.092733697,13.39351273
1.092990951,13.39364147
1.093248682,13.39448071
1.0934929409999998,13.39027786
1.093738632,13.38598442
1.093988018,13.38610077
1.094245629,13.38012218
1.0944734379999999,13.37984657
1.094738678,13.38074303
1.0949937859999999,13.38063431
1.095230298,13.37960339
1.09549375,13.37745857
1.0957397979999999,13.37549591
1.09599574,13.37320614
1.096245245,13.36792278
1.0964769879999998,13.36512852
1.0967429439999998,13.36846542
1.096987323,13.36261845
1.0972337289999998,13.36632729
1.0974776309999998,13.3610239
1.097734646,13.36048603
1.0979800979999998,13.35969257
1.098229365,13.35987663
1.0984833999999999,13.35431004
1.0987430379999998,13.35295773
1.09899898,13.35033226
1.099244194,13.35096931
1.099492387,13.34794807
1.099728302,13.34465504
1.099991397,13.3460207
1.100228862,13.34412479
1.1004705,13.33920193
1.1007366939999998,13.3393383
1.100989418,13.34111118
1.10123475,13.34191704
1.101477699,13.33590031
1.1017257729999999,13.33543777
1.101985888,13.33249378
1.102238254,13.33287621
1.1024890699999998,13.32809639
1.102750377,13.32706738
1.102978305,13.3230505
1.103242592,13.32603264
1.103483753,13.32059669
1.1037190719999999,13.31837749
1.103975253,13.31544113
1.104212598,13.31662178
1.10448225,13.31644154
1.104724721,13.3159914
1.1049904389999998,13.31236649
1.105232195,13.31122112
1.105479078,13.31048489
1.105737166,13.30970001
1.1059875049999999,13.30574989
1.106235818,13.30568314
1.106479721,13.30352783
1.106731967,13.30373764
1.106993513,13.30186367
1.107250766,13.29869556
1.10749145,13.29337978
1.107724146,13.29259109
1.1079793729999998,13.29176807
1.1082274479999998,13.29170036
1.108487086,13.28849506
1.1087276499999998,13.28475285
1.108989791,13.2867384
1.109238939,13.28261185
1.109471755,13.27710342
1.109725551,13.27906609
1.109968023,13.27591515
1.1102363629999998,13.27886009
1.110483961,13.27515316
1.110729651,13.27371311
1.110981659,13.26937389
1.1112384359999998,13.26845646
1.1114768549999998,13.26680183
1.111723737,13.26651669
1.1119720499999999,13.26751041
1.112225966,13.26570988
1.112492756,13.26402092
1.112743334,13.26139927
1.1129958199999999,13.26129818
1.113244371,13.25366116
1.1134951869999998,13.25232601
1.1137461229999999,13.25090027
1.1139791769999998,13.24930191
1.114234523,13.25016499
1.1144808099999999,13.24832153
1.114736156,13.2468853
1.114992218,13.24627972
1.115244703,13.24515152
1.1154998109999998,13.23998833
1.11572154,13.23774719
1.115983204,13.23819256
1.116240696,13.23674583
1.1164940159999999,13.23591518
1.1167466209999999,13.23303413
1.1170029209999999,13.22906494
1.117227034,13.22879887
1.117479639,13.22547722
1.117747383,13.2259407
1.117975668,13.22480774
1.11824675,13.22550011
1.118479447,13.22245502
1.118741588,13.22512531
1.118996458,13.21905994
1.1192554989999999,13.2151413
1.119487838,13.21238613
1.1197485489999999,13.20890141
1.119982318,13.21059322
1.1202506589999999,13.21192932
1.1204988519999999,13.20850086
1.12075551,13.20762634
1.120993452,13.20370197
1.121248679,13.20067883
1.121487813,13.19742203
1.121730642,13.19848824
1.1219781199999999,13.19599628
1.12223597,13.1972723
1.1224880979999998,13.19776058
1.122764544,13.19429684
1.12301393,13.18926811
1.123253064,13.18595314
1.1234761039999999,13.18323708
1.123736457,13.18286514
1.123983459,13.18174171
1.124241786,13.18352127
1.1244852109999999,13.18132877
1.124738769,13.18262577
1.1250012679999999,13.18040466
1.125250892,13.1729126
1.1255002779999999,13.17267036
1.125745015,13.16817284
1.1259862939999998,13.16557026
1.126244502,13.16744232
1.126494007,13.16348362
1.126745777,13.16596127
1.126991586,13.16141129
1.1272372769999999,13.15962219
1.1274890469999999,13.1580677
1.127749042,13.15809536
1.12798913,13.15660286
1.128232793,13.15539837
1.12847908,13.15388012
1.1287531419999999,13.15409756
1.129008369,13.14978695
1.129248337,13.14449024
1.1294762649999999,13.145298
1.1297400759999998,13.14461803
1.129999475,13.14443684
1.130246715,13.14032364
1.1305012269999999,13.13678646
1.130746083,13.13864613
1.130992488,13.13530254
1.131233768,13.1325531
1.131479578,13.12916756
1.1317205,13.12895584
1.131983118,13.12959194
1.132242279,13.13145065
1.132498459,13.12696552
1.132747964,13.12452698
1.1329881709999998,13.11941624
1.133237676,13.11870003
1.1334954069999998,13.11672974
1.133724765,13.11866856
1.1339931049999998,13.1157465
1.134261207,13.11284637
1.134501295,13.11158276
1.134760217,13.11005306
1.134979324,13.10493565
1.1352418229999999,13.10572338
1.135489301,13.1030817
1.13572927,13.09963894
1.135986046,13.10311317
1.136252002,13.09921646
1.136491851,13.09774971
1.136759476,13.09450245
1.137007551,13.09071827
1.137241916,13.09038448
1.137473778,13.08892822
1.1377396149999999,13.08543777
1.137979702,13.08622074
1.138236598,13.08638477
1.1384949249999998,13.0872488
1.138753132,13.08687019
1.1389996569999998,13.07855988
1.1392528579999999,13.07441425
1.139493184,13.07290363
1.139743881,13.07492638
1.139985756,13.07058525
1.140237288,13.07082558
1.1404956149999999,13.07058334
1.140744762,13.06725979
1.140980916,13.06294632
1.141233162,13.06641483
1.1414875549999999,13.06360054
1.141729431,13.06174088
1.142005996,13.06273365
1.1422570509999999,13.05841637
1.142495589,13.05374527
1.142754273,13.05235767
1.1430011549999999,13.04967308
1.143230037,13.0470705
1.1434794229999998,13.04652596
1.143738942,13.04592896
1.143998699,13.04434109
1.144252853,13.04620266
1.1444962779999999,13.04086208
1.1447424449999999,13.03838158
1.144986586,13.0371542
1.145226793,13.03354454
1.145499305,13.03268242
1.145734267,13.0326128
1.145983295,13.029706
1.1462405489999998,13.02580833
1.1464929149999998,13.02635288
1.146743731,13.02566051
1.146994667,13.02231026
1.1472341579999998,13.01932621
1.1474822329999999,13.0175972
1.1477232739999998,13.01654339
1.147982316,13.01770115
1.148240046,13.01745796
1.1484897889999999,13.01534462
1.148748474,13.01244736
1.148993449,13.00922966
1.149249153,13.00627804
1.149501876,13.0015049
1.1497416059999999,12.999897
1.149966316,12.99971771
1.1502350129999999,13.00365257
1.150485234,13.00170803
1.150746541,12.99792099
1.15100439,12.9949789
1.151232318,12.99408627
1.151495056,12.9915781
1.1517385999999998,12.98686981
1.1519770189999998,12.98558426
1.1522336759999998,12.98727894
1.15248342,12.98713589
1.1527604619999998,12.9868803
1.152991132,12.9814415
1.153241829,12.97857475
1.153485493,12.97574329
1.153733806,12.97334576
1.153993563,12.97461987
1.154249863,12.97352982
1.154495673,12.97036743
1.15474637,12.96877956
1.1549880069999998,12.964118
1.155241446,12.96657562
1.1554721159999999,12.96218491
1.155739979,12.95968819
1.155986266,12.95840359
1.156248049,12.95874786
1.156493024,12.95665169
1.1567369269999999,12.95574093
1.1569811859999999,12.95121956
1.157238678,12.94979
1.15747972,12.94828701
1.157738046,12.94790554
1.1579817099999998,12.94726944
1.1582459969999999,12.94591999
1.158496933,12.94613934
1.1587467949999999,12.94188213
1.159001545,12.9393034
1.1592335269999998,12.93774796
1.1594864889999998,12.93445396
1.159712986,12.93317509
1.1599895519999999,12.93313026
1.160244064,12.93025684
1.160492615,12.93178272
1.160736756,12.92615223
1.160998897,12.9244175
1.161237077,12.92260456
1.1614970729999998,12.91996288
1.161726193,12.91796112
1.1619721219999999,12.91858196
1.1622516669999998,12.9176302
1.162488179,12.91744804
1.162756996,12.91106987
1.1629956529999999,12.90918732
1.163231687,12.90477943
1.163494544,12.90723896
1.163739519,12.90397072
1.163989143,12.90282345
1.1642435359999999,12.90289593
1.164492087,12.90178299
1.1647278829999999,12.89670372
1.1649909779999998,12.89634228
1.1652388139999998,12.8957777
1.165485339,12.89577866
1.165742712,12.89242458
1.16599627,12.89153862
1.166250185,12.88701916
1.1664912269999999,12.8851223
1.166745977,12.88178349
1.166972475,12.88226795
1.167239623,12.88268375
1.1674967569999999,12.87833881
1.167742209,12.87595367
1.167987422,12.87542534
1.168246583,12.87349796
1.16848679,12.87156677
1.168735818,12.87091351
1.168989138,12.86808205
1.169228272,12.8646822
1.1694908899999998,12.86609459
1.169731216,12.8619976
1.169989781,12.8622427
1.170246796,12.86000347
1.1705122749999999,12.85728931
1.1707438989999999,12.85034847
1.170984821,12.84720039
1.171226696,12.84973812
1.171465711,12.84878826
1.171736435,12.85154438
1.171991066,12.84850693
1.172239141,12.8448267
1.172497825,12.8451252
1.172741966,12.83924675
1.172987418,12.83865261
1.173242645,12.83862114
1.173480587,12.83754158
1.17375739,12.83421326
1.1739927099999998,12.83293724
1.1742556849999999,12.82877445
1.174473242,12.82759285
1.174738245,12.82631397
1.174971179,12.82317638
1.175229983,12.82235718
1.175494866,12.82051563
1.175744133,12.81892776
1.176001744,12.81757355
1.176241951,12.81629372
1.176481919,12.81186295
1.176724867,12.81187344
1.176983194,12.81016731
1.1772309109999999,12.8105545
1.1774892369999999,12.80924988
1.1777412459999999,12.80972958
1.178001122,12.80706978
1.1782517,12.80376816
1.178493933,12.79965401
1.178745465,12.79790115
1.1789787569999999,12.79398918
1.179232316,12.79516125
1.1794944569999999,12.79362297
1.1797465839999999,12.79014587
1.180007176,12.78921413
1.180257277,12.7839098
1.180479602,12.78383636
1.1807360219999998,12.78190517
1.180986838,12.77966785
1.181240634,12.77990627
1.181499795,12.78096676
1.181754069,12.77615452
1.1819876,12.77330875
1.182240681,12.77196884
1.182487444,12.77294636
1.182742314,12.76872063
1.1829797789999998,12.7663908
1.183249311,12.7642889
1.183489875,12.76682281
1.183744864,12.75982189
1.184002356,12.75898075
1.18423851,12.75719452
1.1845069689999999,12.75690079
1.1847446719999999,12.75017834
1.184993701,12.75242519
1.185242967,12.75028324
1.185486512,12.74910927
1.185746626,12.7490263
1.186016993,12.74637413
1.186244206,12.74212933
1.186493949,12.74233341
1.186738567,12.73635674
1.186993913,12.73778057
1.187231378,12.73614216
1.187494235,12.73354816
1.1877309839999999,12.73497009
1.18800457,12.73386955
1.188238577,12.72894192
1.1885106129999998,12.72762012
1.188747243,12.72386265
1.18899055,12.72154903
1.189238624,12.7218132
1.189497189,12.72091961
1.1897559919999998,12.71860123
1.190007166,12.7157259
1.190241889,12.71718597
1.1904902019999999,12.71318436
1.190730171,12.709095
1.190997557,12.70937634
1.1912490889999998,12.70883274
1.1915065809999998,12.70381451
1.19173737,12.70359516
1.191997365,12.70282745
1.192254142,12.70122528
1.1924985209999999,12.69783592
1.192744212,12.69315624
1.1929790539999998,12.68835354
1.193235354,12.69308567
1.1935090579999998,12.68904972
1.1937220849999999,12.69223785
1.1939967439999999,12.68603992
1.194267945,12.68627644
1.194495396,12.6831913
1.1947429939999998,12.67900658
1.195000128,12.6773138
1.195241169,12.67341328
1.195498304,12.67545986
1.1957362459999998,12.67353725
1.1959965989999999,12.67304039
1.196238832,12.66746712
1.1965078869999999,12.66981983
1.196754651,12.66494846
1.196987109,12.6646595
1.1972280309999999,12.66178703
1.1974843309999998,12.66329002
1.197763519,12.65999413
1.19800611,12.65576172
1.198239283,12.65365601
1.198506431,12.65383339
1.198741512,12.64674664
1.1989794539999998,12.64743996
1.199238734,12.64806938
1.199483828,12.64601898
1.199735717,12.64506054
1.199986534,12.64565659
1.2002404489999998,12.64345169
1.200509028,12.64276505
1.2007425589999998,12.63653755
1.2009893219999999,12.63126087
1.201237278,12.63376808
1.2014902399999998,12.63262272
1.2017424859999999,12.63094139
1.201987462,12.63047695
1.202239232,12.62857819
1.2024968429999998,12.62776375
1.202751951,12.62126541
1.2029904889999998,12.62015247
1.2032395169999999,12.6158371
1.203484969,12.61744785
1.203742938,12.61529732
1.203996138,12.61298656
1.204250173,12.61131001
1.204497532,12.60813713
1.204726295,12.60399055
1.2049808069999999,12.60347271
1.205241756,12.60388374
1.205484585,12.60306931
1.2057379049999999,12.60219955
1.205994443,12.60161304
1.206248478,12.59924126
1.206491665,12.59491158
1.206749753,12.59024239
1.206970052,12.59087658
1.207238154,12.58879852
1.207483725,12.58987045
1.2077252429999998,12.586133
1.20799561,12.58580685
1.2082668109999999,12.58308506
1.208486752,12.57944107
1.20873733,12.57660389
1.2089980409999999,12.57648468
1.209251599,12.57663441
1.209486799,12.5706501
1.209725813,12.57304287
1.2099901,12.57201958
1.210249381,12.56828403
1.210479812,12.56494045
1.210746603,12.56463242
1.210991339,12.56221199
1.211246686,12.55665779
1.211474614,12.55748081
1.2117538019999998,12.55520248
1.2119948429999998,12.55411625
1.212238268,12.54926586
1.212490992,12.54594421
1.2127307219999999,12.54612541
1.2129858299999998,12.54622841
1.21322544,12.542099
1.213485913,12.54504299
1.213756876,12.54416561
1.213990645,12.53961754
1.214253621,12.53853989
1.2144887009999998,12.52962208
1.2147390409999999,12.53254509
1.214987592,12.527421
1.215227441,12.52862835
1.2154831449999999,12.52792358
1.215745763,12.52885723
1.216004567,12.52279091
1.216261582,12.52270603
1.2164961859999999,12.51601601
1.2167409219999998,12.51814938
1.2169788639999999,12.5138092
1.217227058,12.51682949
1.217494444,12.5153656
1.217747287,12.51428127
1.218008236,12.50934124
1.218248682,12.50701141
1.21850522,12.50174809
1.218725638,12.50106049
1.218978004,12.50094509
1.219232635,12.50119019
1.21949573,12.49891663
1.219741897,12.49881744
1.2200011769999999,12.49468899
1.220256762,12.48942184
1.22048767,12.48980999
1.220743613,12.48535252
1.220981793,12.48237896
1.221236305,12.4812746
1.2214834259999998,12.48083782
1.221745328,12.48454189
1.222004847,12.47784233
1.222232179,12.47322941
1.222483949,12.4725914
1.222715573,12.47102928
1.222986655,12.47272396
1.2232471269999998,12.46737671
1.223494725,12.46786118
1.223741846,12.46413708
1.223989086,12.46387768
1.224234895,12.45869827
1.2244871419999999,12.46147537
1.2247440379999999,12.45667171
1.224996285,12.45550537
1.225244002,12.45109653
1.2255011359999999,12.45064068
1.2257542179999998,12.44946861
1.225980954,12.44542122
1.2262408299999998,12.44322872
1.226485209,12.44344521
1.226746993,12.44172955
1.2269841,12.43705368
1.227255182,12.43670082
1.227502183,12.43365192
1.227741317,12.43300343
1.227996187,12.43181324
1.228244023,12.43031883
1.228500084,12.42652988
1.22873743,12.42338085
1.228986578,12.42054558
1.22924252,12.42236423
1.229501204,12.42392159
1.229748206,12.41796684
1.229984598,12.41393757
1.230243878,12.41421032
1.230493621,12.40954113
1.2307413379999999,12.4085722
1.2309832139999999,12.40500069
1.23124917,12.40489006
1.2314933099999998,12.40382862
1.231749372,12.40289307
1.232008533,12.40126991
1.232232408,12.39868355
1.2324769059999998,12.3961525
1.232733683,12.39611053
1.233007984,12.39401817
1.233256416,12.39029312
1.2334917349999999,12.38649464
1.233726696,12.38446712
1.233994917,12.38394642
1.234257774,12.37983799
1.234478073,12.37785244
1.2347384259999998,12.37626362
1.234970645,12.3780508
1.235241251,12.37611485
1.2354949279999998,12.37420368
1.235742645,12.36892891
1.236009435,12.36725044
1.236231522,12.36295795
1.236478405,12.36132717
1.236730055,12.35851479
1.236978368,12.36171913
1.237239437,12.35914803
1.237485008,12.35571289
1.2377380889999998,12.35529232
1.2379906939999998,12.35414124
1.238243298,12.3491745
1.238469557,12.34455681
1.23872538,12.34853649
1.238991217,12.34863091
1.239244895,12.34363174
1.239508347,12.3432703
1.2397445009999999,12.33600044
1.239984231,12.33625126
1.240230994,12.33191967
1.240478234,12.32995605
1.240732626,12.3277359
1.240975217,12.32831192
1.241238431,12.32567406
1.241483883,12.32460499
1.241725759,12.31999874
1.241984682,12.31878948
1.242215232,12.31654644
1.2424782079999999,12.31315231
1.242731885,12.31156063
1.242982225,12.31375885
1.243228034,12.30970287
1.2434821889999998,12.30819607
1.243735032,12.30571556
1.243982749,12.30232811
1.2442273659999998,12.29829597
1.244492368,12.2953434
1.244715766,12.29469395
1.244988517,12.29420757
1.245240526,12.29204655
1.245484428,12.28987217
1.2457270189999998,12.28403091
1.2459575699999998,12.28480339
1.246221141,12.28266239
1.246482925,12.28440094
1.246733026,12.27980804
1.246998386,12.27826786
1.247232036,12.27345848
1.2474876209999999,12.27248955
1.247750954,12.26832104
1.247985796,12.26628017
1.24823399,12.26452255
1.248489217,12.26374531
1.248737888,12.26299
1.248984055,12.25891113
1.249255375,12.25777245
1.2494790119999999,12.25455761
1.2497380539999998,12.25199032
1.249994711,12.2485218
1.250241594,12.24641037
1.2504850189999999,12.24540138
1.2507454919999998,12.24550152
1.2509927319999998,12.24106216
1.251249151,12.23589516
1.251492099,12.23619461
1.25173314,12.22982407
1.251987056,12.22958946
1.25222917,12.22731113
1.252498941,12.22599316
1.2527462999999999,12.22205448
1.2529861489999998,12.22141743
1.25325735,12.21599007
1.25348802,12.2119236
1.2537389559999998,12.2095499
1.253993229,12.20710278
1.2542453569999998,12.20627117
1.2544889019999999,12.20505619
1.254745321,12.20252419
1.254994349,12.20083809
1.2552448079999998,12.19806004
1.25547667,12.19498825
1.255751447,12.19387722
1.255987601,12.19016552
1.2562435429999999,12.18443298
1.25649281,12.18277931
1.256772952,12.18001461
1.257000999,12.17449951
1.2572423979999998,12.1708765
1.257496433,12.16976261
1.257748203,12.1619482
1.25800343,12.15995121
1.2582473319999998,12.15487003
1.258503274,12.15177345
1.2587600509999999,12.14866257
1.2590120599999999,12.14159203
1.2592782539999998,12.13415051
1.259516315,12.12761116
1.2597677269999998,12.12282848
1.2600353519999998,12.11224556
1.260275321,12.10541821
1.260527687,12.10220528
1.260781245,12.09176826
1.2610359949999999,12.08474636
1.2612821619999999,12.07780743
1.261540489,12.07192898
1.261791543,12.06069851
1.26204236,12.05109406
1.262289958,12.04466915
1.2625582979999999,12.03487492
1.262790994,12.0198431
1.2630208299999999,12.01864719
1.263292984,12.00682831
1.263550834,11.99725246
1.263809757,11.98888016
1.264069871,11.97887135
1.264310197,11.96526814
1.2645681659999999,11.9570694
1.264816241,11.94078827
1.265057997,11.93064976
1.2653228799999998,11.91914558
1.265556769,11.90992069
1.265825705,11.89546204
1.266058044,11.88277817
1.266303019,11.87359142
1.2665532389999998,11.86136532
1.266815619,11.85222912
1.267056422,11.83869267
1.2673323909999998,11.82568645
1.2675802269999998,11.81254482
1.26783462,11.80084229
1.268090443,11.78679752
1.268352704,11.76935577
1.268585162,11.75571251
1.2688287059999999,11.74154377
1.269065694,11.72714138
1.269314603,11.71456242
1.2695914069999998,11.70055103
1.2698332829999999,11.68292141
1.270087199,11.67024422
1.2703300279999998,11.65328121
1.270599322,11.63776112
1.270845608,11.62086201
1.27109857,11.60627079
1.271338777,11.58708763
1.271600084,11.5734148
1.271852808,11.55711365
1.2720860999999999,11.5404644
1.2723423999999999,11.52369118
1.2725859449999999,11.50972366
1.2728342579999998,11.49484348
1.273091869,11.48263359
1.273336963,11.46563721
1.2736026809999998,11.44854736
1.273834304,11.43253994
1.274075465,11.42265892
1.2743190089999998,11.40645313
1.274581151,11.39537048
1.274833159,11.38023281
1.275076227,11.36966419
1.2753320499999998,11.35482216
1.27557929,11.3403101
1.275816516,11.32668877
1.2760862869999998,11.31709003
1.276324944,11.30192757
1.2765663429999998,11.29051113
1.276824073,11.27728271
1.277067856,11.26517105
1.277300553,11.25357246
1.2775488659999998,11.24374962
1.2778154179999999,11.2334137
1.278068022,11.22253704
1.278310852,11.20733929
1.278566675,11.19833755
1.278811531,11.18533039
1.2790621089999998,11.17708874
1.279311733,11.16445065
1.279558019,11.1533308
1.279799656,11.14126396
1.280050473,11.13181496
1.280303316,11.11702919
1.280557351,11.10743618
1.280821042,11.09777641
1.281061368,11.08702183
1.281298952,11.07654095
1.281560735,11.06634903
1.281797246,11.05805492
1.282060341,11.04463673
1.282315688,11.03362274
1.282551126,11.02158928
1.2828070679999999,11.01291466
1.283050375,11.00318813
1.2832983299999998,10.9922781
1.2835620209999998,10.98312378
1.283812837,10.97070026
1.284048752,10.96073055
1.284291701,10.951087
1.284557776,10.93939781
1.284801917,10.92681885
1.2850616739999998,10.91894817
1.2853228609999998,10.90632534
1.285572009,10.89618969
1.285807328,10.88414097
1.2860564749999999,10.87362576
1.2863039539999999,10.86354828
1.286561088,10.85140038
1.2868092819999999,10.84347439
1.2870627209999999,10.83328533
1.287302212,10.8224535
1.2875510019999998,10.81288528
1.287798719,10.8031683
1.288043813,10.7940197
1.288295226,10.78252316
1.288553195,10.77272892
1.288819746,10.7589407
1.2890625759999998,10.75038433
1.2893122,10.7388916
1.2895537179999998,10.72643852
1.289819316,10.71749878
1.290057377,10.70424175
1.2903238099999998,10.69536209
1.2905683079999999,10.68255997
1.2908191249999998,10.66791534
1.291051583,10.65866947
1.291308956,10.64720917
1.291552381,10.63538265
1.291812376,10.62255859
1.292067246,10.61045742
1.2923310559999999,10.59722614
1.2925595799999998,10.58644199
1.2928105159999999,10.575387
1.293059783,10.56247044
1.293319063,10.55364513
1.293554739,10.53648281
1.293820457,10.52784252
1.294080572,10.51541996
1.294339852,10.4995718
1.294578509,10.48560047
1.294817285,10.47422314
1.295062618,10.4610405
1.2953099769999998,10.45294666
1.295574145,10.43866539
1.29581614,10.42608738
1.2960679099999999,10.41662407
1.296295599,10.40373516
1.2965502309999999,10.39503098
1.296801285,10.38451195
1.297049121,10.37372875
1.2973116199999999,10.36280727
1.2975459859999998,10.35434723
1.2978244589999999,10.34261036
1.298063354,10.33061695
1.298304634,10.31901932
1.298556523,10.30964756
1.298817591,10.29843807
1.2990530299999998,10.2912035
1.299304919,10.27940464
1.299560146,10.26598358
1.2998237179999999,10.25488186
1.300071792,10.2421999
1.300295786,10.23010159
1.30053647,10.2241087
1.300795154,10.21021748
1.3010690969999998,10.20359421
1.301319079,10.1893692
1.301553921,10.17633438
1.3018077179999998,10.16517544
1.3020522159999999,10.15433884
1.302318053,10.142066
1.3025672,10.12710476
1.302825408,10.11761475
1.3030964889999999,10.1018734
1.303339319,10.08540154
1.303584294,10.0708313
1.3038279579999998,10.05464458
1.304080204,10.04076862
1.304344134,10.02394199
1.304590301,10.00851154
1.3048250239999999,9.992193222
1.3050713109999998,9.976664543
1.30533214,9.96376133
1.305578784,9.949112892
1.305842952,9.930624962
1.306080656,9.917966843
1.3063283719999998,9.902618408
1.3065832419999999,9.886317253
1.3068154619999999,9.872213364
1.307061271,9.85906601
1.307319121,9.848268509
1.307578997,9.832555771
1.30784233,9.817982674
1.3080820599999998,9.804290771
1.308334903,9.788537979
1.308569984,9.774463654
1.308797912,9.762698174
1.3090591,9.753619194
1.309295372,9.743071556
1.309574322,9.734144211
1.309820489,9.718836784
1.3100674909999999,9.707836151
1.310324149,9.694658279
1.310567812,9.679663658
1.310795264,9.666247368
1.3110516829999999,9.657834053
1.311299161,9.649538994
1.311560468,9.63444519
1.31179388,9.626734734
1.3120652,9.616418839
1.312312679,9.603327751
1.312572913,9.591300964
1.3128286169999999,9.578086853
1.3130690619999998,9.565380096
1.3133168979999998,9.553161621
1.3135562699999999,9.541520119
1.3138137619999999,9.529247284
1.314073758,9.520447731
1.314324455,9.502428055
1.3145662109999998,9.492330551
1.3148188159999998,9.480834961
1.31508203,9.469268799
1.3153326079999998,9.450922966
1.315580682,9.439297676
1.3158220809999999,9.423915863
1.316086726,9.412430763
1.3163126269999998,9.397733688
1.316566543,9.38522625
1.3168360749999999,9.370306969
1.317091302,9.357363701
1.317324357,9.343441963
1.3175948419999999,9.330018997
1.317840652,9.314264297
1.318081574,9.298476219
1.3183254759999998,9.282887459
1.3185782,9.271002769
1.31884654,9.254724503
1.319072799,9.242293358
1.319318013,9.227891922
1.319573121,9.217738152
1.319836335,9.203092575
1.3200820249999998,9.190480232
1.320332484,9.17276001
1.320571618,9.160360336
1.32082458,9.146966934
1.3210807599999999,9.133468628
1.3213226359999999,9.118890762
1.3215615319999998,9.107680321
1.321807222,9.09648037
1.322068648,9.084246635
1.32232161,9.070465088
1.3225705189999999,9.05832386
1.322810845,9.043697357
1.3230593959999999,9.031169891
1.323304133,9.020693779
1.3235594789999998,9.008867264
1.3238200709999999,8.999423027
1.324065284,8.985409737
1.324311451,8.975187302
1.324564414,8.961947441
1.324814515,8.950714111
1.3250619929999998,8.93764019
1.3253081599999998,8.926407814
1.32556601,8.91352272
1.325801448,8.901520729
1.3260615629999999,8.8929739
1.326286034,8.876893997
1.3265509169999998,8.869370461
1.326802568,8.857500076
1.327069597,8.843844414
1.327293829,8.834356308
1.327544527,8.821688652
1.327797846,8.809719086
1.328053908,8.803772926
1.328310565,8.789373398
1.328545646,8.776470184
1.3287994429999999,8.764940262
1.329042987,8.75564003
1.329283671,8.743041039
1.3295551099999998,8.734448433
1.3298165359999998,8.722840309
1.330061512,8.711447716
1.3302915849999999,8.700929642
1.330534415,8.691023827
1.330777006,8.682229996
1.331031994,8.673790932
1.331290678,8.663546562
1.331532435,8.651777267
1.331798868,8.643074989
1.332048969,8.632060051
1.3322902479999998,8.621982574
1.332547264,8.611310959
1.332792477,8.600815773
1.3330285119999998,8.593571663
1.333280758,8.584842682
1.3335377739999998,8.57335186
1.333779888,8.563894272
1.334048347,8.554914474
1.3343082229999998,8.544079781
1.334534721,8.528569221
1.334790663,8.518352509
1.335028009,8.509649277
1.3352777519999999,8.502871513
1.3355370329999998,8.490094185
1.3357708019999999,8.481593132
1.3360188769999999,8.477020264
1.336275773,8.46944046
1.336535291,8.459451675
1.336795167,8.446359634
1.3370348969999999,8.438256264
1.337296323,8.429280281
1.337547616,8.419911385
1.337787466,8.408776283
1.338019208,8.403090477
1.338274316,8.393220901
1.3385232249999999,8.382117271
1.3387701079999998,8.372541428
1.339022355,8.36661911
1.339294867,8.356456757
1.339545445,8.344371796
1.339806871,8.330338478
1.340047078,8.321375847
1.340290741,8.312170982
1.340532021,8.30212307
1.3407824799999999,8.292806625
1.3410334149999998,8.281861305
1.3412931719999999,8.273650169
1.341551499,8.258814812
1.341801719,8.246921539
1.3420337,8.235066414
1.342298941,8.225863457
1.34255083,8.212865829
1.342780666,8.202530861
1.343036489,8.191362381
1.3433054249999998,8.180951118
1.3435557649999998,8.169400215
1.343807654,8.154331207
1.3440565629999999,8.142000198
1.344300227,8.130965233
1.3445318499999999,8.12134552
1.3447894619999998,8.111084938
1.345037179,8.102471352
1.3453104059999998,8.091180801
1.3455633679999999,8.079351425
1.345794634,8.063838005
1.3460578479999998,8.055494308
1.346282558,8.041111946
1.346550183,8.03260994
1.3467847869999998,8.020674706
1.3470409669999999,8.010437012
1.3472890419999999,7.99799633
1.3475457,7.988480091
1.3478039069999999,7.977474689
1.3480517429999999,7.965988636
1.3482995789999999,7.952854633
1.3485394279999998,7.94257021
1.3488062189999999,7.934119225
1.349047737,7.920665741
1.349285678,7.909717083
1.349541382,7.900975704
1.3497819469999999,7.889871597
1.35004671,7.879151821
1.350293712,7.866657257
1.350546555,7.856636524
1.3507930799999999,7.845425129
1.351030306,7.834843636
1.351275997,7.826416016
1.351529316,7.81579113
1.351790504,7.806755543
1.3520339289999999,7.794983864
1.3522789039999998,7.787700176
1.352553801,7.779912949
1.352790312,7.769793034
1.353036718,7.75774622
1.353293256,7.74887991
1.353545861,7.737364292
1.353776173,7.726480007
1.3540204329999999,7.71964407
1.354277806,7.710676193
1.354539113,7.699269772
1.3547919549999998,7.688303471
1.355043845,7.679349899
1.355287747,7.66829586
1.355530338,7.659057617
1.3557942669999998,7.648672104
1.356041865,7.639071465
1.356276111,7.629099369
1.356537895,7.623631954
1.3567874,7.609539032
1.3570359509999999,7.601495266
1.3572957079999999,7.592510223
1.3575522469999999,7.583790779
1.357794599,7.568600178
1.358031945,7.559235573
1.358274893,7.550994396
1.3585296439999999,7.540485382
1.358787016,7.532232285
1.3590578599999998,7.51581955
1.359307127,7.504534721
1.359544949,7.49483633
1.359787659,7.483645439
1.360023574,7.475259781
1.3602729599999999,7.46765852
1.360526518,7.459963799
1.360779123,7.449408054
1.361065821,7.440230846
1.361296849,7.425674915
1.361527996,7.41450882
1.3617845339999999,7.405389786
1.3620317739999999,7.396388054
1.36227806,7.385372162
1.362534003,7.379283905
1.362796502,7.368006229
1.363027768,7.355705738
1.363264756,7.346043587
1.363536434,7.33907795
1.3637926139999998,7.329651833
1.364034609,7.317856789
1.364277081,7.31091547
1.364533381,7.298987389
1.3647912309999999,7.290259838
1.365044789,7.280175209
1.365294055,7.267417908
1.3655211489999999,7.26011467
1.36577423,7.252747536
1.3660150329999998,7.244468212
1.366254525,7.236056328
1.366504387,7.226883888
1.366781907,7.220112801
1.3670428559999999,7.205626011
1.367293195,7.196662903
1.367528514,7.188488483
1.367786245,7.177400112
1.368015961,7.170018673
1.368286447,7.162022591
1.368535952,7.151901245
1.368781166,7.139385223
1.369021968,7.130753994
1.3692630099999998,7.124170303
1.369510965,7.116232395
1.3697822849999999,7.109343052
1.370007829,7.097130299
1.370275931,7.0911026
1.370525555,7.081537247
1.3707996169999999,7.071398735
1.3710400619999998,7.058534622
1.3712819379999999,7.048560143
1.37152894,7.039865017
1.371761875,7.034362316
1.3720302149999999,7.026795864
1.3722739979999998,7.015284061
1.372514204,7.006211758
1.372767643,6.997190475
1.373036699,6.9867239
1.373268919,6.977285862
1.373531775,6.966890335
1.3737810419999998,6.95840168
1.374018864,6.948489666
1.374275522,6.940696239
1.37453969,6.92948103
1.374785618,6.921694279
1.375031189,6.910895348
1.375287728,6.901365757
1.375526981,6.891700745
1.3757756509999999,6.882610798
1.376015501,6.871168137
1.37628241,6.862505436
1.376525239,6.854877472
1.376774268,6.845259666
1.377025918,6.834554195
1.3772868679999999,6.826040745
1.3775120539999999,6.816466331
1.377754645,6.809672832
1.378017621,6.800574303
1.3783010999999998,6.791669846
1.378553943,6.782686234
1.378776268,6.769353867
1.37903841,6.758523941
1.379275517,6.746227741
1.379503803,6.739078999
1.3797574799999999,6.735178947
1.380024271,6.726300716
1.380286173,6.713590622
1.380523757,6.699825764
1.3807801769999999,6.690030098
1.381023364,6.680914879
1.3812865779999999,6.670245647
1.3815258309999998,6.661233902
1.3817833229999998,6.650032997
1.382022337,6.642894268
1.382283406,6.631034374
1.3825219439999998,6.622340202
1.3827737139999998,6.614243031
1.3830380009999999,6.601897717
1.383276896,6.592832088
1.3835402289999998,6.580762863
1.383770065,6.569684505
1.384031133,6.563872814
1.384263353,6.552399635
1.384519176,6.540739536
1.3847854899999998,6.532868385
1.3850355909999998,6.519587994
1.385288076,6.508834362
1.385526971,6.497834206
1.3857852979999998,6.488588333
1.386043744,6.478840828
1.386291937,6.464505196
1.386536555,6.457110882
1.386787133,6.444065094
1.3870393799999998,6.434044838
1.38728662,6.418265343
1.387534933,6.412238598
1.387791113,6.399567127
1.388032631,6.386767864
1.3882898849999998,6.375333786
1.388526277,6.365344524
1.3887844839999999,6.354272842
1.389046149,6.341280937
1.389309601,6.328722
1.389552431,6.316753864
1.389790849,6.301684856
1.3900515599999999,6.293910027
1.390306668,6.281576633
1.390541868,6.268743038
1.3907992409999999,6.258409023
1.391059594,6.245436668
1.391308145,6.233349323
1.391536669,6.221711159
1.391809897,6.207402229
1.3920644089999998,6.193493843
1.392298893,6.178185463
1.392554597,6.167454243
1.392790751,6.156899452
1.393042283,6.139616013
1.3933239739999999,6.129887104
1.393573598,6.110641956
1.393833117,6.096580982
1.3940450709999999,6.082034588
1.394300537,6.070840359
1.394552187,6.05989027
1.394805984,6.046190262
1.3950720589999999,6.030230045
1.395344333,6.012662888
1.3955869239999998,5.997025013
1.395831303,5.980173588
1.396068291,5.963551044
1.396306114,5.949926376
1.396550493,5.93567276
1.396813468,5.921948433
1.397081093,5.908762932
1.397353844,5.890823841
1.3975822489999998,5.875516415
1.397806839,5.859680653
1.398043231,5.847128868
1.398306565,5.835822582
1.398562626,5.821418762
1.3988169,5.805896282
1.3990909619999998,5.788901806
1.399329857,5.77301836
1.3995614809999999,5.759977341
1.3997908399999999,5.746039867
1.4000409409999999,5.731956482
1.400322036,5.719362736
1.4005714219999998,5.706737041
1.400825576,5.688872337
1.401069836,5.670362949
1.401313142,5.657665253
1.401549057,5.642440796
1.4017912909999999,5.628375053
1.402044849,5.619302273
1.402304606,5.607338428
1.4025523229999999,5.589441776
1.402817206,5.57722044
1.4030749359999999,5.562683582
1.403323369,5.547592163
1.403551058,5.53146553
1.4037831589999998,5.522051811
1.404024558,5.509401798
1.404299097,5.498662472
1.4045691059999998,5.484208584
1.40483673,5.468164921
1.4050738379999999,5.451353073
1.405318694,5.434789658
1.4055470989999999,5.42057991
1.4057862319999999,5.408411503
1.406040029,5.397276402
1.4062943019999998,5.383934498
1.406552987,5.369977474
1.4068200149999999,5.353602886
1.4070773879999998,5.339234352
1.407318429,5.324847698
1.4075427809999999,5.308145046
1.4077925249999999,5.296933651
1.408047871,5.286162376
1.408309893,5.270087242
1.408549742,5.254519463
1.4088042539999999,5.24073267
1.409071164,5.223862648
1.4093203109999999,5.209784508
1.409558968,5.188733578
1.4098263549999999,5.171827316
1.4100648919999998,5.155928612
1.41030796,5.137672901
1.410553531,5.1227355
1.4107973139999999,5.11016655
1.4110509919999998,5.094655991
1.411333279,5.0763731
1.411582427,5.059520245
1.411830859,5.042881489
1.4120689199999998,5.024680614
1.412291722,5.011101246
1.412535028,4.999022961
1.412777738,4.98527956
1.413037972,4.97487545
1.4132947489999999,4.960067749
1.413570003,4.946559906
1.4138150969999999,4.931206226
1.414057927,4.912415981
1.414300994,4.899711609
1.4145420359999998,4.886622429
1.414776401,4.876407146
1.415038423,4.863739014
1.4152764839999998,4.850230217
1.4155407709999999,4.836707115
1.415811376,4.824183464
1.4160726829999999,4.807146549
1.4163168229999998,4.791372776
1.416544036,4.776664734
1.416761355,4.767615795
1.4170089529999998,4.755851746
1.417276816,4.747487068
1.4175507589999998,4.735963821
1.417825417,4.718300819
1.418059186,4.703349113
1.4182903329999998,4.689593315
1.418521003,4.678471565
1.418752746,4.67044878
1.419018106,4.659907818
1.419274048,4.647363663
1.4195438189999998,4.635424614
1.419815378,4.619190693
1.420058684,4.604218483
1.420279579,4.592963696
1.420506315,4.584055901
1.4207623759999999,4.57047224
1.421046452,4.560638428
1.421307401,4.545027256
1.421561198,4.528283119
1.4217927019999999,4.514458656
1.4220282599999998,4.501647472
1.4222855129999998,4.488141537
1.422530369,4.477385044
1.422785835,4.465752602
1.4230556049999998,4.450146198
1.423311667,4.434971333
1.4235432909999999,4.421015263
1.423783617,4.40896368
1.4240281149999998,4.395985603
1.4242831029999998,4.384087086
1.424513177,4.371626377
1.424765186,4.360296726
1.425057487,4.346365452
1.4253352449999999,4.328380108
1.4255616229999999,4.313100815
1.4258008759999998,4.297310829
1.426007585,4.287457943
1.426239686,4.277436256
1.4265216159999998,4.266644955
1.426820473,4.252156734
1.42708321,4.232245922
1.427314834,4.21796751
1.427539186,4.202396393
1.4277551929999999,4.191136837
1.428028659,4.18113327
1.4282875819999998,4.167499065
1.428565578,4.149333954
1.428813653,4.13163662
1.429061012,4.115398884
1.429305391,4.097545147
1.429531769,4.085314751
1.429786639,4.073668003
1.430031852,4.055670738
1.4302964969999998,4.040730953
1.430578188,4.024625778
1.430836038,4.005654335
1.431093649,3.989057302
1.431310849,3.968331575
1.431555943,3.952141047
1.4317973419999999,3.936631918
1.432067351,3.91928339
1.432319717,3.901002169
1.432589011,3.880336285
1.4328373239999999,3.860812187
1.433098392,3.842326641
1.433335142,3.823578119
1.4335768979999999,3.801537991
1.4338031569999998,3.786098003
1.434038476,3.771103621
1.434313612,3.756643772
1.4345907729999998,3.736102104
1.434861021,3.716037989
1.435111241,3.697609901
1.4353565739999998,3.680105209
1.435579137,3.660656929
1.435816364,3.641726255
1.436027722,3.62873888
1.436283187,3.616644382
1.4365846679999998,3.597671986
1.4369024799999999,3.575859308
1.437189297,3.551846504
1.437475638,3.52778697
1.43773909,3.504238605
1.4379833499999999,3.484129906
1.438195304,3.463684559
1.438397245,3.444284201
1.438564615,3.427952051
1.438759164,3.414429426
1.43895574,3.400759697
1.4391541049999999,3.387305498
1.439436988,3.373732328
1.439779953,3.359513998
1.440241293,3.327165127
1.440714077,3.276894808
1.4411780399999998,3.227822542
1.4414213459999998,3.189926863
1.441471891,3.148593903
1.441426353,3.130903721
1.4414406579999999,3.132356167
1.441473679,3.12780714
1.4415649929999999,3.13744545
1.441811518,3.160284519
1.4423723979999998,3.150580883
1.4432822029999999,3.081423521
1.444032268,3.003806114
1.444278316,2.927340508
1.44406672,2.871885538
1.4439063829999998,2.84974432
1.4438755079999999,2.848162651
1.443871932,2.855329037
1.4439559739999999,2.882704496
1.444244461,2.925738811
1.444895343,2.906833172
1.4544055029999998,1.609244943
1.4578827189999999,0.804340482
1.4512863919999999,0.133907363
